graph,lambda,scope,stratum,aggregation,metric,estimate,ci_low,ci_high,num_images,num_images_total,num_rows,num_rows_total,num_classes,bootstrap_repeats,bootstrap_valid_repeats,bootstrap_valid_fraction,bootstrap_seed,bootstrap_base_seed
B1_spatial,0.25,all_class_maps,all,micro,energy_raw,0.008560702559979904,0.008338373786745063,0.008799121273902,1449,1449,28980,28980,,5000,5000,1.0,3021694564,20260901
B1_spatial,0.25,all_class_maps,all,micro,energy_smoothed,0.006665592021423728,0.006480901514744024,0.006860787934462413,1449,1449,28980,28980,,5000,5000,1.0,3021694564,20260901
B1_spatial,0.25,all_class_maps,all,micro,energy_retention,0.7345173676993783,0.7336656981188833,0.7353894120215176,1449,1449,28980,28980,,5000,5000,1.0,3021694564,20260901
B1_spatial,0.25,all_class_maps,all,micro,linear_solve_relative_residual,4.831173343535012e-06,4.8057047372311275e-06,4.856628018758594e-06,1449,1449,28980,28980,,5000,5000,1.0,3021694564,20260901
B1_spatial,0.25,all_class_maps,all,micro,cg_iterations,5.0,5.0,5.0,1449,1449,28980,28980,,5000,5000,1.0,3021694564,20260901
B1_spatial,0.25,all_class_maps,all,micro,solve_runtime_ms_per_map,0.0036804966954417976,0.0036418173100164803,0.003719675662860887,1449,1449,28980,28980,,5000,5000,1.0,3021694564,20260901
B1_spatial,0.25,all_class_maps,all,macro_class,energy_raw,0.008560702559979908,0.008338373786745063,0.008799121273902,1449,1449,28980,28980,20,5000,5000,1.0,3021694564,20260901
B1_spatial,0.25,all_class_maps,all,macro_class,energy_smoothed,0.006665592021423727,0.006480901514744026,0.006860787934462413,1449,1449,28980,28980,20,5000,5000,1.0,3021694564,20260901
B1_spatial,0.25,all_class_maps,all,macro_class,energy_retention,0.7345173676993783,0.7336656981188832,0.7353894120215178,1449,1449,28980,28980,20,5000,5000,1.0,3021694564,20260901
B1_spatial,0.25,all_class_maps,all,macro_class,linear_solve_relative_residual,4.831173343535013e-06,4.805704737231128e-06,4.856628018758594e-06,1449,1449,28980,28980,20,5000,5000,1.0,3021694564,20260901
B1_spatial,0.25,all_class_maps,all,macro_class,cg_iterations,5.0,5.0,5.0,1449,1449,28980,28980,20,5000,5000,1.0,3021694564,20260901
B1_spatial,0.25,all_class_maps,all,macro_class,solve_runtime_ms_per_map,0.0036804966954417976,0.003641817310016481,0.003719675662860887,1449,1449,28980,28980,20,5000,5000,1.0,3021694564,20260901
B1_spatial,0.25,all_class_maps,single_label,micro,energy_raw,0.006739255981066464,0.006525470391181321,0.006959116221324721,927,927,18540,18540,,5000,5000,1.0,3021694564,20260901
B1_spatial,0.25,all_class_maps,single_label,micro,energy_smoothed,0.0051335909887480205,0.004961080563711399,0.005311665177371993,927,927,18540,18540,,5000,5000,1.0,3021694564,20260901
B1_spatial,0.25,all_class_maps,single_label,micro,energy_retention,0.7292177533576146,0.7281701827863435,0.7302490389539168,927,927,18540,18540,,5000,5000,1.0,3021694564,20260901
B1_spatial,0.25,all_class_maps,single_label,micro,linear_solve_relative_residual,4.813315362044713e-06,4.780368539402752e-06,4.846675476548853e-06,927,927,18540,18540,,5000,5000,1.0,3021694564,20260901
B1_spatial,0.25,all_class_maps,single_label,micro,cg_iterations,5.0,5.0,5.0,927,927,18540,18540,,5000,5000,1.0,3021694564,20260901
B1_spatial,0.25,all_class_maps,single_label,micro,solve_runtime_ms_per_map,0.003651621669120589,0.00360876200979918,0.003697324264116048,927,927,18540,18540,,5000,5000,1.0,3021694564,20260901
B1_spatial,0.25,all_class_maps,single_label,macro_class,energy_raw,0.006739255981066462,0.006525470391181321,0.00695911622132472,927,927,18540,18540,20,5000,5000,1.0,3021694564,20260901
B1_spatial,0.25,all_class_maps,single_label,macro_class,energy_smoothed,0.00513359098874802,0.004961080563711399,0.005311665177371993,927,927,18540,18540,20,5000,5000,1.0,3021694564,20260901
B1_spatial,0.25,all_class_maps,single_label,macro_class,energy_retention,0.7292177533576145,0.7281701827863435,0.7302490389539168,927,927,18540,18540,20,5000,5000,1.0,3021694564,20260901
B1_spatial,0.25,all_class_maps,single_label,macro_class,linear_solve_relative_residual,4.813315362044713e-06,4.780368539402753e-06,4.846675476548851e-06,927,927,18540,18540,20,5000,5000,1.0,3021694564,20260901
B1_spatial,0.25,all_class_maps,single_label,macro_class,cg_iterations,5.0,5.0,5.0,927,927,18540,18540,20,5000,5000,1.0,3021694564,20260901
B1_spatial,0.25,all_class_maps,single_label,macro_class,solve_runtime_ms_per_map,0.0036516216691205874,0.0036087620097991807,0.0036973242641160477,927,927,18540,18540,20,5000,5000,1.0,3021694564,20260901
B1_spatial,0.25,all_class_maps,exactly_2_labels,micro,energy_raw,0.010749907921534031,0.010364591250340454,0.011158526960033147,375,375,7500,7500,,5000,5000,1.0,3021694564,20260901
B1_spatial,0.25,all_class_maps,exactly_2_labels,micro,energy_smoothed,0.008494182104198262,0.008172848879512942,0.008829742335167636,375,375,7500,7500,,5000,5000,1.0,3021694564,20260901
B1_spatial,0.25,all_class_maps,exactly_2_labels,micro,energy_retention,0.7418032214641571,0.7404276308560371,0.7431730450816949,375,375,7500,7500,,5000,5000,1.0,3021694564,20260901
B1_spatial,0.25,all_class_maps,exactly_2_labels,micro,linear_solve_relative_residual,4.908710656491166e-06,4.863954918208719e-06,4.953921729848313e-06,375,375,7500,7500,,5000,5000,1.0,3021694564,20260901
B1_spatial,0.25,all_class_maps,exactly_2_labels,micro,cg_iterations,5.0,5.0,5.0,375,375,7500,7500,,5000,5000,1.0,3021694564,20260901
B1_spatial,0.25,all_class_maps,exactly_2_labels,micro,solve_runtime_ms_per_map,0.003751699870917946,0.003662811251415405,0.003849644064272676,375,375,7500,7500,,5000,5000,1.0,3021694564,20260901
B1_spatial,0.25,all_class_maps,exactly_2_labels,macro_class,energy_raw,0.010749907921534033,0.010364591250340456,0.011158526960033147,375,375,7500,7500,20,5000,5000,1.0,3021694564,20260901
B1_spatial,0.25,all_class_maps,exactly_2_labels,macro_class,energy_smoothed,0.008494182104198262,0.008172848879512942,0.008829742335167638,375,375,7500,7500,20,5000,5000,1.0,3021694564,20260901
B1_spatial,0.25,all_class_maps,exactly_2_labels,macro_class,energy_retention,0.7418032214641571,0.7404276308560374,0.7431730450816947,375,375,7500,7500,20,5000,5000,1.0,3021694564,20260901
B1_spatial,0.25,all_class_maps,exactly_2_labels,macro_class,linear_solve_relative_residual,4.908710656491166e-06,4.863954918208718e-06,4.953921729848314e-06,375,375,7500,7500,20,5000,5000,1.0,3021694564,20260901
B1_spatial,0.25,all_class_maps,exactly_2_labels,macro_class,cg_iterations,5.0,5.0,5.0,375,375,7500,7500,20,5000,5000,1.0,3021694564,20260901
B1_spatial,0.25,all_class_maps,exactly_2_labels,macro_class,solve_runtime_ms_per_map,0.003751699870917946,0.003662811251415405,0.003849644064272677,375,375,7500,7500,20,5000,5000,1.0,3021694564,20260901
B1_spatial,0.25,all_class_maps,3plus_labels,micro,energy_raw,0.014462260165898015,0.013762959155064397,0.015164014389013812,147,147,2940,2940,,5000,5000,1.0,3021694564,20260901
B1_spatial,0.25,all_class_maps,3plus_labels,micro,energy_smoothed,0.011661807506117134,0.011071041930419571,0.012250863707572503,147,147,2940,2940,,5000,5000,1.0,3021694564,20260901
B1_spatial,0.25,all_class_maps,3plus_labels,micro,energy_retention,0.7493510230260642,0.7474452967384235,0.7512134280202746,147,147,2940,2940,,5000,5000,1.0,3021694564,20260901
B1_spatial,0.25,all_class_maps,3plus_labels,micro,linear_solve_relative_residual,4.745988693759166e-06,4.67299818501797e-06,4.819540179256325e-06,147,147,2940,2940,,5000,5000,1.0,3021694564,20260901
B1_spatial,0.25,all_class_maps,3plus_labels,micro,cg_iterations,5.0,5.0,5.0,147,147,2940,2940,,5000,5000,1.0,3021694564,20260901
B1_spatial,0.25,all_class_maps,3plus_labels,micro,solve_runtime_ms_per_map,0.003680945393375159,0.003581086018259937,0.0038141967293611953,147,147,2940,2940,,5000,5000,1.0,3021694564,20260901
B1_spatial,0.25,all_class_maps,3plus_labels,macro_class,energy_raw,0.014462260165898019,0.013762959155064399,0.015164014389013812,147,147,2940,2940,20,5000,5000,1.0,3021694564,20260901
B1_spatial,0.25,all_class_maps,3plus_labels,macro_class,energy_smoothed,0.011661807506117132,0.01107104193041957,0.012250863707572501,147,147,2940,2940,20,5000,5000,1.0,3021694564,20260901
B1_spatial,0.25,all_class_maps,3plus_labels,macro_class,energy_retention,0.7493510230260642,0.7474452967384233,0.7512134280202746,147,147,2940,2940,20,5000,5000,1.0,3021694564,20260901
B1_spatial,0.25,all_class_maps,3plus_labels,macro_class,linear_solve_relative_residual,4.7459886937591655e-06,4.672998185017969e-06,4.819540179256326e-06,147,147,2940,2940,20,5000,5000,1.0,3021694564,20260901
B1_spatial,0.25,all_class_maps,3plus_labels,macro_class,cg_iterations,5.0,5.0,5.0,147,147,2940,2940,20,5000,5000,1.0,3021694564,20260901
B1_spatial,0.25,all_class_maps,3plus_labels,macro_class,solve_runtime_ms_per_map,0.003680945393375158,0.003581086018259937,0.0038141967293611936,147,147,2940,2940,20,5000,5000,1.0,3021694564,20260901
B1_spatial,0.25,per_class,all,micro,energy_raw,0.00530993061514894,0.004943089206292702,0.005718123036914529,1449,1449,1449,1449,,5000,5000,1.0,3021694564,20260901
B1_spatial,0.25,per_class,all,micro,energy_smoothed,0.004032281522987458,0.0037147617738077245,0.0043875845471189594,1449,1449,1449,1449,,5000,5000,1.0,3021694564,20260901
B1_spatial,0.25,per_class,all,micro,energy_retention,0.7309296070254203,0.7292739760544564,0.7325807898516816,1449,1449,1449,1449,,5000,5000,1.0,3021694564,20260901
B1_spatial,0.25,per_class,all,micro,linear_solve_relative_residual,4.969166302547319e-06,4.9106560060223804e-06,5.025940577737383e-06,1449,1449,1449,1449,,5000,5000,1.0,3021694564,20260901
B1_spatial,0.25,per_class,all,micro,cg_iterations,5.0,5.0,5.0,1449,1449,1449,1449,,5000,5000,1.0,3021694564,20260901
B1_spatial,0.25,per_class,all,micro,solve_runtime_ms_per_map,0.0036804966954417976,0.0036418173100164803,0.003719675662860887,1449,1449,1449,1449,,5000,5000,1.0,3021694564,20260901
B1_spatial,0.25,per_class,all,micro,energy_raw,0.0070947752169637415,0.006508934517418583,0.0077445165854128336,1449,1449,1449,1449,,5000,5000,1.0,3021694564,20260901
B1_spatial,0.25,per_class,all,micro,energy_smoothed,0.005456035183771565,0.004960092173557387,0.006001847764682247,1449,1449,1449,1449,,5000,5000,1.0,3021694564,20260901
B1_spatial,0.25,per_class,all,micro,energy_retention,0.7313872668725034,0.7297678453797632,0.7330469019675024,1449,1449,1449,1449,,5000,5000,1.0,3021694564,20260901
B1_spatial,0.25,per_class,all,micro,linear_solve_relative_residual,4.842500242351371e-06,4.769142222437275e-06,4.914930687564973e-06,1449,1449,1449,1449,,5000,5000,1.0,3021694564,20260901
B1_spatial,0.25,per_class,all,micro,cg_iterations,5.0,5.0,5.0,1449,1449,1449,1449,,5000,5000,1.0,3021694564,20260901
B1_spatial,0.25,per_class,all,micro,solve_runtime_ms_per_map,0.0036804966954417976,0.0036418173100164803,0.003719675662860887,1449,1449,1449,1449,,5000,5000,1.0,3021694564,20260901
B1_spatial,0.25,per_class,all,micro,energy_raw,0.005048328512406081,0.004822067210172465,0.005314184360163064,1449,1449,1449,1449,,5000,5000,1.0,3021694564,20260901
B1_spatial,0.25,per_class,all,micro,energy_smoothed,0.003705100380681234,0.003518818484072855,0.003924558883891367,1449,1449,1449,1449,,5000,5000,1.0,3021694564,20260901
B1_spatial,0.25,per_class,all,micro,energy_retention,0.7200839023001034,0.7187779434976536,0.721415548347415,1449,1449,1449,1449,,5000,5000,1.0,3021694564,20260901
B1_spatial,0.25,per_class,all,micro,linear_solve_relative_residual,5.020501854407668e-06,4.961109468532803e-06,5.076938967438793e-06,1449,1449,1449,1449,,5000,5000,1.0,3021694564,20260901
B1_spatial,0.25,per_class,all,micro,cg_iterations,5.0,5.0,5.0,1449,1449,1449,1449,,5000,5000,1.0,3021694564,20260901
B1_spatial,0.25,per_class,all,micro,solve_runtime_ms_per_map,0.0036804966954417976,0.0036418173100164803,0.003719675662860887,1449,1449,1449,1449,,5000,5000,1.0,3021694564,20260901
B1_spatial,0.25,per_class,all,micro,energy_raw,0.006435917776362075,0.005913880181168942,0.007024060059068056,1449,1449,1449,1449,,5000,5000,1.0,3021694564,20260901
B1_spatial,0.25,per_class,all,micro,energy_smoothed,0.004936813976113692,0.004490190900767333,0.00544042447130366,1449,1449,1449,1449,,5000,5000,1.0,3021694564,20260901
B1_spatial,0.25,per_class,all,micro,energy_retention,0.7348897700230774,0.7333709213160251,0.7364652671243833,1449,1449,1449,1449,,5000,5000,1.0,3021694564,20260901
B1_spatial,0.25,per_class,all,micro,linear_solve_relative_residual,4.916051268440269e-06,4.849134930485096e-06,4.983453926741724e-06,1449,1449,1449,1449,,5000,5000,1.0,3021694564,20260901
B1_spatial,0.25,per_class,all,micro,cg_iterations,5.0,5.0,5.0,1449,1449,1449,1449,,5000,5000,1.0,3021694564,20260901
B1_spatial,0.25,per_class,all,micro,solve_runtime_ms_per_map,0.0036804966954417976,0.0036418173100164803,0.003719675662860887,1449,1449,1449,1449,,5000,5000,1.0,3021694564,20260901
B1_spatial,0.25,per_class,all,micro,energy_raw,0.009957076567099824,0.009141937668187503,0.010809139461366472,1449,1449,1449,1449,,5000,5000,1.0,3021694564,20260901
B1_spatial,0.25,per_class,all,micro,energy_smoothed,0.007784001280639123,0.00708442763231786,0.008511966793744321,1449,1449,1449,1449,,5000,5000,1.0,3021694564,20260901
B1_spatial,0.25,per_class,all,micro,energy_retention,0.7341985700869248,0.7320691363370525,0.7363190401733704,1449,1449,1449,1449,,5000,5000,1.0,3021694564,20260901
B1_spatial,0.25,per_class,all,micro,linear_solve_relative_residual,4.710935432637433e-06,4.60400457281909e-06,4.813210402828899e-06,1449,1449,1449,1449,,5000,5000,1.0,3021694564,20260901
B1_spatial,0.25,per_class,all,micro,cg_iterations,5.0,5.0,5.0,1449,1449,1449,1449,,5000,5000,1.0,3021694564,20260901
B1_spatial,0.25,per_class,all,micro,solve_runtime_ms_per_map,0.0036804966954417976,0.0036418173100164803,0.003719675662860887,1449,1449,1449,1449,,5000,5000,1.0,3021694564,20260901
B1_spatial,0.25,per_class,all,micro,energy_raw,0.006393511016680258,0.00595584542510547,0.006869880416577719,1449,1449,1449,1449,,5000,5000,1.0,3021694564,20260901
B1_spatial,0.25,per_class,all,micro,energy_smoothed,0.004901239748004878,0.004524535146655818,0.00530867116599523,1449,1449,1449,1449,,5000,5000,1.0,3021694564,20260901
B1_spatial,0.25,per_class,all,micro,energy_retention,0.7306501967401814,0.7288247027845116,0.7325359497432712,1449,1449,1449,1449,,5000,5000,1.0,3021694564,20260901
B1_spatial,0.25,per_class,all,micro,linear_solve_relative_residual,4.892983570764781e-06,4.821553186016321e-06,4.963953833437626e-06,1449,1449,1449,1449,,5000,5000,1.0,3021694564,20260901
B1_spatial,0.25,per_class,all,micro,cg_iterations,5.0,5.0,5.0,1449,1449,1449,1449,,5000,5000,1.0,3021694564,20260901
B1_spatial,0.25,per_class,all,micro,solve_runtime_ms_per_map,0.0036804966954417976,0.0036418173100164803,0.003719675662860887,1449,1449,1449,1449,,5000,5000,1.0,3021694564,20260901
B1_spatial,0.25,per_class,all,micro,energy_raw,0.01111014053550741,0.010239166576292216,0.01202550827914973,1449,1449,1449,1449,,5000,5000,1.0,3021694564,20260901
B1_spatial,0.25,per_class,all,micro,energy_smoothed,0.0086093454140806,0.007897245145959698,0.009358895960382571,1449,1449,1449,1449,,5000,5000,1.0,3021694564,20260901
B1_spatial,0.25,per_class,all,micro,energy_retention,0.7375656889997079,0.7354988852550525,0.7395904681666544,1449,1449,1449,1449,,5000,5000,1.0,3021694564,20260901
B1_spatial,0.25,per_class,all,micro,linear_solve_relative_residual,4.848744092440122e-06,4.746310158815763e-06,4.951440467532655e-06,1449,1449,1449,1449,,5000,5000,1.0,3021694564,20260901
B1_spatial,0.25,per_class,all,micro,cg_iterations,5.0,5.0,5.0,1449,1449,1449,1449,,5000,5000,1.0,3021694564,20260901
B1_spatial,0.25,per_class,all,micro,solve_runtime_ms_per_map,0.0036804966954417976,0.0036418173100164803,0.003719675662860887,1449,1449,1449,1449,,5000,5000,1.0,3021694564,20260901
B1_spatial,0.25,per_class,all,micro,energy_raw,0.006466636490436712,0.006023816958561011,0.006965373881337804,1449,1449,1449,1449,,5000,5000,1.0,3021694564,20260901
B1_spatial,0.25,per_class,all,micro,energy_smoothed,0.005015141417508915,0.004633154665969802,0.005446029525047975,1449,1449,1449,1449,,5000,5000,1.0,3021694564,20260901
B1_spatial,0.25,per_class,all,micro,energy_retention,0.7355686387907151,0.733454275425341,0.7377441117307333,1449,1449,1449,1449,,5000,5000,1.0,3021694564,20260901
B1_spatial,0.25,per_class,all,micro,linear_solve_relative_residual,4.893976801471571e-06,4.819301297824324e-06,4.965134703218727e-06,1449,1449,1449,1449,,5000,5000,1.0,3021694564,20260901
B1_spatial,0.25,per_class,all,micro,cg_iterations,5.0,5.0,5.0,1449,1449,1449,1449,,5000,5000,1.0,3021694564,20260901
B1_spatial,0.25,per_class,all,micro,solve_runtime_ms_per_map,0.0036804966954417976,0.0036418173100164803,0.003719675662860887,1449,1449,1449,1449,,5000,5000,1.0,3021694564,20260901
B1_spatial,0.25,per_class,all,micro,energy_raw,0.014805474197810158,0.013621389356630518,0.016123353357279716,1449,1449,1449,1449,,5000,5000,1.0,3021694564,20260901
B1_spatial,0.25,per_class,all,micro,energy_smoothed,0.011796219283640975,0.010789044976020004,0.01289862287654392,1449,1449,1449,1449,,5000,5000,1.0,3021694564,20260901
B1_spatial,0.25,per_class,all,micro,energy_retention,0.7380000101113171,0.735591106114715,0.7405218326228911,1449,1449,1449,1449,,5000,5000,1.0,3021694564,20260901
B1_spatial,0.25,per_class,all,micro,linear_solve_relative_residual,4.677737139415084e-06,4.566335575673979e-06,4.789227821985828e-06,1449,1449,1449,1449,,5000,5000,1.0,3021694564,20260901
B1_spatial,0.25,per_class,all,micro,cg_iterations,5.0,5.0,5.0,1449,1449,1449,1449,,5000,5000,1.0,3021694564,20260901
B1_spatial,0.25,per_class,all,micro,solve_runtime_ms_per_map,0.0036804966954417976,0.0036418173100164803,0.003719675662860887,1449,1449,1449,1449,,5000,5000,1.0,3021694564,20260901
B1_spatial,0.25,per_class,all,micro,energy_raw,0.006280327728773378,0.005689001639367655,0.0069325529003274496,1449,1449,1449,1449,,5000,5000,1.0,3021694564,20260901
B1_spatial,0.25,per_class,all,micro,energy_smoothed,0.004910065530104533,0.004402229356463549,0.005465968727539733,1449,1449,1449,1449,,5000,5000,1.0,3021694564,20260901
B1_spatial,0.25,per_class,all,micro,energy_retention,0.7320527366476276,0.7302027774173857,0.733970420826625,1449,1449,1449,1449,,5000,5000,1.0,3021694564,20260901
B1_spatial,0.25,per_class,all,micro,linear_solve_relative_residual,4.589131032550557e-06,4.528133647573585e-06,4.6470424071849614e-06,1449,1449,1449,1449,,5000,5000,1.0,3021694564,20260901
B1_spatial,0.25,per_class,all,micro,cg_iterations,5.0,5.0,5.0,1449,1449,1449,1449,,5000,5000,1.0,3021694564,20260901
B1_spatial,0.25,per_class,all,micro,solve_runtime_ms_per_map,0.0036804966954417976,0.0036418173100164803,0.003719675662860887,1449,1449,1449,1449,,5000,5000,1.0,3021694564,20260901
B1_spatial,0.25,per_class,all,micro,energy_raw,0.007938180970101315,0.007242717637284867,0.008696668813621472,1449,1449,1449,1449,,5000,5000,1.0,3021694564,20260901
B1_spatial,0.25,per_class,all,micro,energy_smoothed,0.0061545645108053125,0.0055628495852023,0.006791778376638575,1449,1449,1449,1449,,5000,5000,1.0,3021694564,20260901
B1_spatial,0.25,per_class,all,micro,energy_retention,0.7350358303206965,0.7333402296688905,0.736771246273613,1449,1449,1449,1449,,5000,5000,1.0,3021694564,20260901
B1_spatial,0.25,per_class,all,micro,linear_solve_relative_residual,4.865386963958436e-06,4.784708240060706e-06,4.944609885614736e-06,1449,1449,1449,1449,,5000,5000,1.0,3021694564,20260901
B1_spatial,0.25,per_class,all,micro,cg_iterations,5.0,5.0,5.0,1449,1449,1449,1449,,5000,5000,1.0,3021694564,20260901
B1_spatial,0.25,per_class,all,micro,solve_runtime_ms_per_map,0.0036804966954417976,0.0036418173100164803,0.003719675662860887,1449,1449,1449,1449,,5000,5000,1.0,3021694564,20260901
B1_spatial,0.25,per_class,all,micro,energy_raw,0.007945276000630174,0.007416845416562443,0.008518270449556204,1449,1449,1449,1449,,5000,5000,1.0,3021694564,20260901
B1_spatial,0.25,per_class,all,micro,energy_smoothed,0.006176429417940709,0.005717131551532277,0.006681004301436776,1449,1449,1449,1449,,5000,5000,1.0,3021694564,20260901
B1_spatial,0.25,per_class,all,micro,energy_retention,0.7346369758649396,0.7322624062210465,0.7372152413064813,1449,1449,1449,1449,,5000,5000,1.0,3021694564,20260901
B1_spatial,0.25,per_class,all,micro,linear_solve_relative_residual,5.22418200441466e-06,5.137072388075406e-06,5.3071451180835166e-06,1449,1449,1449,1449,,5000,5000,1.0,3021694564,20260901
B1_spatial,0.25,per_class,all,micro,cg_iterations,5.0,5.0,5.0,1449,1449,1449,1449,,5000,5000,1.0,3021694564,20260901
B1_spatial,0.25,per_class,all,micro,solve_runtime_ms_per_map,0.0036804966954417976,0.0036418173100164803,0.003719675662860887,1449,1449,1449,1449,,5000,5000,1.0,3021694564,20260901
B1_spatial,0.25,per_class,all,micro,energy_raw,0.006688896010021163,0.006193109137774011,0.007227860219292812,1449,1449,1449,1449,,5000,5000,1.0,3021694564,20260901
B1_spatial,0.25,per_class,all,micro,energy_smoothed,0.005107067608540612,0.004691794576806504,0.005551643402733773,1449,1449,1449,1449,,5000,5000,1.0,3021694564,20260901
B1_spatial,0.25,per_class,all,micro,energy_retention,0.7303484727219107,0.7286139938885215,0.732177366109615,1449,1449,1449,1449,,5000,5000,1.0,3021694564,20260901
B1_spatial,0.25,per_class,all,micro,linear_solve_relative_residual,4.938953395437663e-06,4.868946599107091e-06,5.008193372843461e-06,1449,1449,1449,1449,,5000,5000,1.0,3021694564,20260901
B1_spatial,0.25,per_class,all,micro,cg_iterations,5.0,5.0,5.0,1449,1449,1449,1449,,5000,5000,1.0,3021694564,20260901
B1_spatial,0.25,per_class,all,micro,solve_runtime_ms_per_map,0.0036804966954417976,0.0036418173100164803,0.003719675662860887,1449,1449,1449,1449,,5000,5000,1.0,3021694564,20260901
B1_spatial,0.25,per_class,all,micro,energy_raw,0.006977521766040132,0.006507174892552207,0.007463587284641851,1449,1449,1449,1449,,5000,5000,1.0,3021694564,20260901
B1_spatial,0.25,per_class,all,micro,energy_smoothed,0.005369287207957262,0.004959807766338645,0.005791424268072428,1449,1449,1449,1449,,5000,5000,1.0,3021694564,20260901
B1_spatial,0.25,per_class,all,micro,energy_retention,0.7310701150002358,0.7290997689863663,0.7330642357766834,1449,1449,1449,1449,,5000,5000,1.0,3021694564,20260901
B1_spatial,0.25,per_class,all,micro,linear_solve_relative_residual,4.900099774638171e-06,4.819173006646167e-06,4.977874022531603e-06,1449,1449,1449,1449,,5000,5000,1.0,3021694564,20260901
B1_spatial,0.25,per_class,all,micro,cg_iterations,5.0,5.0,5.0,1449,1449,1449,1449,,5000,5000,1.0,3021694564,20260901
B1_spatial,0.25,per_class,all,micro,solve_runtime_ms_per_map,0.0036804966954417976,0.0036418173100164803,0.003719675662860887,1449,1449,1449,1449,,5000,5000,1.0,3021694564,20260901
B1_spatial,0.25,per_class,all,micro,energy_raw,0.0222429568860667,0.020734521377083072,0.023750811653348934,1449,1449,1449,1449,,5000,5000,1.0,3021694564,20260901
B1_spatial,0.25,per_class,all,micro,energy_smoothed,0.017964527866959935,0.01670751706875004,0.01921976908644998,1449,1449,1449,1449,,5000,5000,1.0,3021694564,20260901
B1_spatial,0.25,per_class,all,micro,energy_retention,0.7651430647730252,0.7619888975393616,0.7683669574317067,1449,1449,1449,1449,,5000,5000,1.0,3021694564,20260901
B1_spatial,0.25,per_class,all,micro,linear_solve_relative_residual,3.943605878919156e-06,3.8046695676308985e-06,4.085636657361952e-06,1449,1449,1449,1449,,5000,5000,1.0,3021694564,20260901
B1_spatial,0.25,per_class,all,micro,cg_iterations,5.0,5.0,5.0,1449,1449,1449,1449,,5000,5000,1.0,3021694564,20260901
B1_spatial,0.25,per_class,all,micro,solve_runtime_ms_per_map,0.0036804966954417976,0.0036418173100164803,0.003719675662860887,1449,1449,1449,1449,,5000,5000,1.0,3021694564,20260901
B1_spatial,0.25,per_class,all,micro,energy_raw,0.010750137634570224,0.009957915669991785,0.011624457153372448,1449,1449,1449,1449,,5000,5000,1.0,3021694564,20260901
B1_spatial,0.25,per_class,all,micro,energy_smoothed,0.008218990385534307,0.007555562405852798,0.008954646179364242,1449,1449,1449,1449,,5000,5000,1.0,3021694564,20260901
B1_spatial,0.25,per_class,all,micro,energy_retention,0.7232734047601436,0.7212193063584338,0.7253563913252536,1449,1449,1449,1449,,5000,5000,1.0,3021694564,20260901
B1_spatial,0.25,per_class,all,micro,linear_solve_relative_residual,5.1250670669925964e-06,5.018339446951351e-06,5.2313556638897406e-06,1449,1449,1449,1449,,5000,5000,1.0,3021694564,20260901
B1_spatial,0.25,per_class,all,micro,cg_iterations,5.0,5.0,5.0,1449,1449,1449,1449,,5000,5000,1.0,3021694564,20260901
B1_spatial,0.25,per_class,all,micro,solve_runtime_ms_per_map,0.0036804966954417976,0.0036418173100164803,0.003719675662860887,1449,1449,1449,1449,,5000,5000,1.0,3021694564,20260901
B1_spatial,0.25,per_class,all,micro,energy_raw,0.005394981875970672,0.005067931797665212,0.005758246023698309,1449,1449,1449,1449,,5000,5000,1.0,3021694564,20260901
B1_spatial,0.25,per_class,all,micro,energy_smoothed,0.004082610198615403,0.00380736111178901,0.004390001816376918,1449,1449,1449,1449,,5000,5000,1.0,3021694564,20260901
B1_spatial,0.25,per_class,all,micro,energy_retention,0.736295915990965,0.734736838145985,0.7377632904651249,1449,1449,1449,1449,,5000,5000,1.0,3021694564,20260901
B1_spatial,0.25,per_class,all,micro,linear_solve_relative_residual,4.899283323119555e-06,4.839406305112643e-06,4.959867173105014e-06,1449,1449,1449,1449,,5000,5000,1.0,3021694564,20260901
B1_spatial,0.25,per_class,all,micro,cg_iterations,5.0,5.0,5.0,1449,1449,1449,1449,,5000,5000,1.0,3021694564,20260901
B1_spatial,0.25,per_class,all,micro,solve_runtime_ms_per_map,0.0036804966954417976,0.0036418173100164803,0.003719675662860887,1449,1449,1449,1449,,5000,5000,1.0,3021694564,20260901
B1_spatial,0.25,per_class,all,micro,energy_raw,0.011132027114531973,0.010098342718553711,0.012299771747030277,1449,1449,1449,1449,,5000,5000,1.0,3021694564,20260901
B1_spatial,0.25,per_class,all,micro,energy_smoothed,0.008952009756670168,0.008061402289231717,0.009954147252839959,1449,1449,1449,1449,,5000,5000,1.0,3021694564,20260901
B1_spatial,0.25,per_class,all,micro,energy_retention,0.7409477737379371,0.7386720706916332,0.7433149561049446,1449,1449,1449,1449,,5000,5000,1.0,3021694564,20260901
B1_spatial,0.25,per_class,all,micro,linear_solve_relative_residual,4.5999526595748375e-06,4.508516598177073e-06,4.690937094418582e-06,1449,1449,1449,1449,,5000,5000,1.0,3021694564,20260901
B1_spatial,0.25,per_class,all,micro,cg_iterations,5.0,5.0,5.0,1449,1449,1449,1449,,5000,5000,1.0,3021694564,20260901
B1_spatial,0.25,per_class,all,micro,solve_runtime_ms_per_map,0.0036804966954417976,0.0036418173100164803,0.003719675662860887,1449,1449,1449,1449,,5000,5000,1.0,3021694564,20260901
B1_spatial,0.25,per_class,all,micro,energy_raw,0.0053733743537118395,0.0049774016077802,0.0058076667180879385,1449,1449,1449,1449,,5000,5000,1.0,3021694564,20260901
B1_spatial,0.25,per_class,all,micro,energy_smoothed,0.004107855844778684,0.003768290717735934,0.0044780653998210095,1449,1449,1449,1449,,5000,5000,1.0,3021694564,20260901
B1_spatial,0.25,per_class,all,micro,energy_retention,0.7360434809004216,0.7345546945384488,0.7374936737125294,1449,1449,1449,1449,,5000,5000,1.0,3021694564,20260901
B1_spatial,0.25,per_class,all,micro,linear_solve_relative_residual,4.75676410399936e-06,4.695720661644218e-06,4.818237183256525e-06,1449,1449,1449,1449,,5000,5000,1.0,3021694564,20260901
B1_spatial,0.25,per_class,all,micro,cg_iterations,5.0,5.0,5.0,1449,1449,1449,1449,,5000,5000,1.0,3021694564,20260901
B1_spatial,0.25,per_class,all,micro,solve_runtime_ms_per_map,0.0036804966954417976,0.0036418173100164803,0.003719675662860887,1449,1449,1449,1449,,5000,5000,1.0,3021694564,20260901
B1_spatial,0.25,per_class,all,micro,energy_raw,0.00786857993076533,0.00728543670919918,0.008496688443451047,1449,1449,1449,1449,,5000,5000,1.0,3021694564,20260901
B1_spatial,0.25,per_class,all,micro,energy_smoothed,0.006032253893139194,0.00554076035980759,0.00655772696319727,1449,1449,1449,1449,,5000,5000,1.0,3021694564,20260901
B1_spatial,0.25,per_class,all,micro,energy_retention,0.7322259323197122,0.7303866422386149,0.7340539180621597,1449,1449,1449,1449,,5000,5000,1.0,3021694564,20260901
B1_spatial,0.25,per_class,all,micro,linear_solve_relative_residual,5.008443962619643e-06,4.920013758882837e-06,5.095262894443807e-06,1449,1449,1449,1449,,5000,5000,1.0,3021694564,20260901
B1_spatial,0.25,per_class,all,micro,cg_iterations,5.0,5.0,5.0,1449,1449,1449,1449,,5000,5000,1.0,3021694564,20260901
B1_spatial,0.25,per_class,all,micro,solve_runtime_ms_per_map,0.0036804966954417976,0.0036418173100164803,0.003719675662860887,1449,1449,1449,1449,,5000,5000,1.0,3021694564,20260901
B1_spatial,0.5,all_class_maps,all,micro,energy_raw,0.008560702559979904,0.008338373786745063,0.008799121273902,1449,1449,28980,28980,,5000,5000,1.0,3021694564,20260901
B1_spatial,0.5,all_class_maps,all,micro,energy_smoothed,0.00554932257300299,0.005387325928855463,0.005719293748253223,1449,1449,28980,28980,,5000,5000,1.0,3021694564,20260901
B1_spatial,0.5,all_class_maps,all,micro,energy_retention,0.5827643358723882,0.581529920460403,0.5840364427606687,1449,1449,28980,28980,,5000,5000,1.0,3021694564,20260901
B1_spatial,0.5,all_class_maps,all,micro,linear_solve_relative_residual,5.701611890557731e-06,5.663283117010629e-06,5.73788299460366e-06,1449,1449,28980,28980,,5000,5000,1.0,3021694564,20260901
B1_spatial,0.5,all_class_maps,all,micro,cg_iterations,6.0,6.0,6.0,1449,1449,28980,28980,,5000,5000,1.0,3021694564,20260901
B1_spatial,0.5,all_class_maps,all,micro,solve_runtime_ms_per_map,0.0038877766424490526,0.003867268139345577,0.003910635684847531,1449,1449,28980,28980,,5000,5000,1.0,3021694564,20260901
B1_spatial,0.5,all_class_maps,all,macro_class,energy_raw,0.008560702559979908,0.008338373786745063,0.008799121273902,1449,1449,28980,28980,20,5000,5000,1.0,3021694564,20260901
B1_spatial,0.5,all_class_maps,all,macro_class,energy_smoothed,0.005549322573002991,0.005387325928855464,0.005719293748253221,1449,1449,28980,28980,20,5000,5000,1.0,3021694564,20260901
B1_spatial,0.5,all_class_maps,all,macro_class,energy_retention,0.5827643358723883,0.5815299204604031,0.5840364427606687,1449,1449,28980,28980,20,5000,5000,1.0,3021694564,20260901
B1_spatial,0.5,all_class_maps,all,macro_class,linear_solve_relative_residual,5.70161189055773e-06,5.6632831170106295e-06,5.73788299460366e-06,1449,1449,28980,28980,20,5000,5000,1.0,3021694564,20260901
B1_spatial,0.5,all_class_maps,all,macro_class,cg_iterations,6.0,6.0,6.0,1449,1449,28980,28980,20,5000,5000,1.0,3021694564,20260901
B1_spatial,0.5,all_class_maps,all,macro_class,solve_runtime_ms_per_map,0.003887776642449049,0.003867268139345575,0.00391063568484753,1449,1449,28980,28980,20,5000,5000,1.0,3021694564,20260901
B1_spatial,0.5,all_class_maps,single_label,micro,energy_raw,0.006739255981066464,0.006525470391181321,0.006959116221324721,927,927,18540,18540,,5000,5000,1.0,3021694564,20260901
B1_spatial,0.5,all_class_maps,single_label,micro,energy_smoothed,0.0041995495869261955,0.004050129213515556,0.00435294914818246,927,927,18540,18540,,5000,5000,1.0,3021694564,20260901
B1_spatial,0.5,all_class_maps,single_label,micro,energy_retention,0.5749015420980695,0.5734171916563325,0.5763810811245246,927,927,18540,18540,,5000,5000,1.0,3021694564,20260901
B1_spatial,0.5,all_class_maps,single_label,micro,linear_solve_relative_residual,5.819207660837229e-06,5.774853797968305e-06,5.862879941946042e-06,927,927,18540,18540,,5000,5000,1.0,3021694564,20260901
B1_spatial,0.5,all_class_maps,single_label,micro,cg_iterations,6.0,6.0,6.0,927,927,18540,18540,,5000,5000,1.0,3021694564,20260901
B1_spatial,0.5,all_class_maps,single_label,micro,solve_runtime_ms_per_map,0.0038871870960381213,0.00386229180790989,0.003916627391829372,927,927,18540,18540,,5000,5000,1.0,3021694564,20260901
B1_spatial,0.5,all_class_maps,single_label,macro_class,energy_raw,0.006739255981066462,0.006525470391181321,0.00695911622132472,927,927,18540,18540,20,5000,5000,1.0,3021694564,20260901
B1_spatial,0.5,all_class_maps,single_label,macro_class,energy_smoothed,0.004199549586926196,0.004050129213515556,0.004352949148182459,927,927,18540,18540,20,5000,5000,1.0,3021694564,20260901
B1_spatial,0.5,all_class_maps,single_label,macro_class,energy_retention,0.5749015420980697,0.5734171916563325,0.5763810811245245,927,927,18540,18540,20,5000,5000,1.0,3021694564,20260901
B1_spatial,0.5,all_class_maps,single_label,macro_class,linear_solve_relative_residual,5.819207660837229e-06,5.774853797968304e-06,5.862879941946043e-06,927,927,18540,18540,20,5000,5000,1.0,3021694564,20260901
B1_spatial,0.5,all_class_maps,single_label,macro_class,cg_iterations,6.0,6.0,6.0,927,927,18540,18540,20,5000,5000,1.0,3021694564,20260901
B1_spatial,0.5,all_class_maps,single_label,macro_class,solve_runtime_ms_per_map,0.003887187096038121,0.0038622918079098912,0.003916627391829372,927,927,18540,18540,20,5000,5000,1.0,3021694564,20260901
B1_spatial,0.5,all_class_maps,exactly_2_labels,micro,energy_raw,0.010749907921534031,0.010364591250340454,0.011158526960033147,375,375,7500,7500,,5000,5000,1.0,3021694564,20260901
B1_spatial,0.5,all_class_maps,exactly_2_labels,micro,energy_smoothed,0.007152228942032283,0.006869835928482935,0.0074432689866897024,375,375,7500,7500,,5000,5000,1.0,3021694564,20260901
B1_spatial,0.5,all_class_maps,exactly_2_labels,micro,energy_retention,0.5936022446711858,0.5916485764002799,0.5955604136422277,375,375,7500,7500,,5000,5000,1.0,3021694564,20260901
B1_spatial,0.5,all_class_maps,exactly_2_labels,micro,linear_solve_relative_residual,5.53587167094823e-06,5.454810758928186e-06,5.610415224834924e-06,375,375,7500,7500,,5000,5000,1.0,3021694564,20260901
B1_spatial,0.5,all_class_maps,exactly_2_labels,micro,cg_iterations,6.0,6.0,6.0,375,375,7500,7500,,5000,5000,1.0,3021694564,20260901
B1_spatial,0.5,all_class_maps,exactly_2_labels,micro,solve_runtime_ms_per_map,0.0038832121573957722,0.003849700110198076,0.003929648958421442,375,375,7500,7500,,5000,5000,1.0,3021694564,20260901
B1_spatial,0.5,all_class_maps,exactly_2_labels,macro_class,energy_raw,0.010749907921534033,0.010364591250340456,0.011158526960033147,375,375,7500,7500,20,5000,5000,1.0,3021694564,20260901
B1_spatial,0.5,all_class_maps,exactly_2_labels,macro_class,energy_smoothed,0.007152228942032285,0.006869835928482936,0.007443268986689701,375,375,7500,7500,20,5000,5000,1.0,3021694564,20260901
B1_spatial,0.5,all_class_maps,exactly_2_labels,macro_class,energy_retention,0.5936022446711859,0.5916485764002799,0.5955604136422277,375,375,7500,7500,20,5000,5000,1.0,3021694564,20260901
B1_spatial,0.5,all_class_maps,exactly_2_labels,macro_class,linear_solve_relative_residual,5.53587167094823e-06,5.454810758928184e-06,5.610415224834924e-06,375,375,7500,7500,20,5000,5000,1.0,3021694564,20260901
B1_spatial,0.5,all_class_maps,exactly_2_labels,macro_class,cg_iterations,6.0,6.0,6.0,375,375,7500,7500,20,5000,5000,1.0,3021694564,20260901
B1_spatial,0.5,all_class_maps,exactly_2_labels,macro_class,solve_runtime_ms_per_map,0.0038832121573957727,0.003849700110198076,0.003929648958421441,375,375,7500,7500,20,5000,5000,1.0,3021694564,20260901
B1_spatial,0.5,all_class_maps,3plus_labels,micro,energy_raw,0.014462260165898015,0.013762959155064397,0.015164014389013812,147,147,2940,2940,,5000,5000,1.0,3021694564,20260901
B1_spatial,0.5,all_class_maps,3plus_labels,micro,energy_smoothed,0.009972109441759483,0.009451991658075514,0.01049746321324579,147,147,2940,2940,,5000,5000,1.0,3021694564,20260901
B1_spatial,0.5,all_class_maps,3plus_labels,micro,energy_retention,0.6047003496767712,0.6019634015541396,0.6073572568737325,147,147,2940,2940,,5000,5000,1.0,3021694564,20260901
B1_spatial,0.5,all_class_maps,3plus_labels,micro,linear_solve_relative_residual,5.382845246370436e-06,5.2543553558036886e-06,5.4999175005088525e-06,147,147,2940,2940,,5000,5000,1.0,3021694564,20260901
B1_spatial,0.5,all_class_maps,3plus_labels,micro,cg_iterations,6.0,6.0,6.0,147,147,2940,2940,,5000,5000,1.0,3021694564,20260901
B1_spatial,0.5,all_class_maps,3plus_labels,micro,solve_runtime_ms_per_map,0.00390313848882941,0.0038484001202452583,0.0039885866311509775,147,147,2940,2940,,5000,5000,1.0,3021694564,20260901
B1_spatial,0.5,all_class_maps,3plus_labels,macro_class,energy_raw,0.014462260165898019,0.013762959155064399,0.015164014389013812,147,147,2940,2940,20,5000,5000,1.0,3021694564,20260901
B1_spatial,0.5,all_class_maps,3plus_labels,macro_class,energy_smoothed,0.009972109441759483,0.009451991658075514,0.01049746321324579,147,147,2940,2940,20,5000,5000,1.0,3021694564,20260901
B1_spatial,0.5,all_class_maps,3plus_labels,macro_class,energy_retention,0.6047003496767712,0.6019634015541395,0.6073572568737327,147,147,2940,2940,20,5000,5000,1.0,3021694564,20260901
B1_spatial,0.5,all_class_maps,3plus_labels,macro_class,linear_solve_relative_residual,5.382845246370436e-06,5.254355355803688e-06,5.499917500508851e-06,147,147,2940,2940,20,5000,5000,1.0,3021694564,20260901
B1_spatial,0.5,all_class_maps,3plus_labels,macro_class,cg_iterations,6.0,6.0,6.0,147,147,2940,2940,20,5000,5000,1.0,3021694564,20260901
B1_spatial,0.5,all_class_maps,3plus_labels,macro_class,solve_runtime_ms_per_map,0.0039031384888294092,0.003848400120245258,0.003988586631150976,147,147,2940,2940,20,5000,5000,1.0,3021694564,20260901
B1_spatial,0.5,per_class,all,micro,energy_raw,0.00530993061514894,0.004943089206292702,0.005718123036914529,1449,1449,1449,1449,,5000,5000,1.0,3021694564,20260901
B1_spatial,0.5,per_class,all,micro,energy_smoothed,0.003285370111768182,0.0030002254122822223,0.0036042739225504404,1449,1449,1449,1449,,5000,5000,1.0,3021694564,20260901
B1_spatial,0.5,per_class,all,micro,energy_retention,0.5768601134409157,0.5744543705251276,0.5792404612059672,1449,1449,1449,1449,,5000,5000,1.0,3021694564,20260901
B1_spatial,0.5,per_class,all,micro,linear_solve_relative_residual,6.141780425591564e-06,6.038006352874615e-06,6.2480296303936936e-06,1449,1449,1449,1449,,5000,5000,1.0,3021694564,20260901
B1_spatial,0.5,per_class,all,micro,cg_iterations,6.0,6.0,6.0,1449,1449,1449,1449,,5000,5000,1.0,3021694564,20260901
B1_spatial,0.5,per_class,all,micro,solve_runtime_ms_per_map,0.003887776642449049,0.003867268139345577,0.003910635684847532,1449,1449,1449,1449,,5000,5000,1.0,3021694564,20260901
B1_spatial,0.5,per_class,all,micro,energy_raw,0.0070947752169637415,0.006508934517418583,0.0077445165854128336,1449,1449,1449,1449,,5000,5000,1.0,3021694564,20260901
B1_spatial,0.5,per_class,all,micro,energy_smoothed,0.004494861807740692,0.004058645270534488,0.0049772838884993105,1449,1449,1449,1449,,5000,5000,1.0,3021694564,20260901
B1_spatial,0.5,per_class,all,micro,energy_retention,0.5773839547849672,0.5749900898824815,0.5798375337873761,1449,1449,1449,1449,,5000,5000,1.0,3021694564,20260901
B1_spatial,0.5,per_class,all,micro,linear_solve_relative_residual,5.810985356058733e-06,5.696562696901466e-06,5.921457095093443e-06,1449,1449,1449,1449,,5000,5000,1.0,3021694564,20260901
B1_spatial,0.5,per_class,all,micro,cg_iterations,6.0,6.0,6.0,1449,1449,1449,1449,,5000,5000,1.0,3021694564,20260901
B1_spatial,0.5,per_class,all,micro,solve_runtime_ms_per_map,0.003887776642449049,0.003867268139345577,0.003910635684847532,1449,1449,1449,1449,,5000,5000,1.0,3021694564,20260901
B1_spatial,0.5,per_class,all,micro,energy_raw,0.005048328512406081,0.004822067210172465,0.005314184360163064,1449,1449,1449,1449,,5000,5000,1.0,3021694564,20260901
B1_spatial,0.5,per_class,all,micro,energy_smoothed,0.002942324378122778,0.002778873806232021,0.003134633976510765,1449,1449,1449,1449,,5000,5000,1.0,3021694564,20260901
B1_spatial,0.5,per_class,all,micro,energy_retention,0.5623415380078731,0.5604718610983704,0.5643066467870261,1449,1449,1449,1449,,5000,5000,1.0,3021694564,20260901
B1_spatial,0.5,per_class,all,micro,linear_solve_relative_residual,6.357994963131521e-06,6.255191661600056e-06,6.460373320383298e-06,1449,1449,1449,1449,,5000,5000,1.0,3021694564,20260901
B1_spatial,0.5,per_class,all,micro,cg_iterations,6.0,6.0,6.0,1449,1449,1449,1449,,5000,5000,1.0,3021694564,20260901
B1_spatial,0.5,per_class,all,micro,solve_runtime_ms_per_map,0.003887776642449049,0.003867268139345577,0.003910635684847532,1449,1449,1449,1449,,5000,5000,1.0,3021694564,20260901
B1_spatial,0.5,per_class,all,micro,energy_raw,0.006435917776362075,0.005913880181168942,0.007024060059068056,1449,1449,1449,1449,,5000,5000,1.0,3021694564,20260901
B1_spatial,0.5,per_class,all,micro,energy_smoothed,0.004058755727840255,0.003658617723098004,0.004509425186102193,1449,1449,1449,1449,,5000,5000,1.0,3021694564,20260901
B1_spatial,0.5,per_class,all,micro,energy_retention,0.5821343619219593,0.5798873701954892,0.5844612253460907,1449,1449,1449,1449,,5000,5000,1.0,3021694564,20260901
B1_spatial,0.5,per_class,all,micro,linear_solve_relative_residual,6.012647511854148e-06,5.897695891574757e-06,6.12247105967767e-06,1449,1449,1449,1449,,5000,5000,1.0,3021694564,20260901
B1_spatial,0.5,per_class,all,micro,cg_iterations,6.0,6.0,6.0,1449,1449,1449,1449,,5000,5000,1.0,3021694564,20260901
B1_spatial,0.5,per_class,all,micro,solve_runtime_ms_per_map,0.003887776642449049,0.003867268139345577,0.003910635684847532,1449,1449,1449,1449,,5000,5000,1.0,3021694564,20260901
B1_spatial,0.5,per_class,all,micro,energy_raw,0.009957076567099824,0.009141937668187503,0.010809139461366472,1449,1449,1449,1449,,5000,5000,1.0,3021694564,20260901
B1_spatial,0.5,per_class,all,micro,energy_smoothed,0.006503060866861358,0.0058796170367013305,0.007149895960564697,1449,1449,1449,1449,,5000,5000,1.0,3021694564,20260901
B1_spatial,0.5,per_class,all,micro,energy_retention,0.5829797081901256,0.5798961754124727,0.5860981212274587,1449,1449,1449,1449,,5000,5000,1.0,3021694564,20260901
B1_spatial,0.5,per_class,all,micro,linear_solve_relative_residual,5.13320499660198e-06,5.002740077414984e-06,5.264652354572624e-06,1449,1449,1449,1449,,5000,5000,1.0,3021694564,20260901
B1_spatial,0.5,per_class,all,micro,cg_iterations,6.0,6.0,6.0,1449,1449,1449,1449,,5000,5000,1.0,3021694564,20260901
B1_spatial,0.5,per_class,all,micro,solve_runtime_ms_per_map,0.003887776642449049,0.003867268139345577,0.003910635684847532,1449,1449,1449,1449,,5000,5000,1.0,3021694564,20260901
B1_spatial,0.5,per_class,all,micro,energy_raw,0.006393511016680258,0.00595584542510547,0.006869880416577719,1449,1449,1449,1449,,5000,5000,1.0,3021694564,20260901
B1_spatial,0.5,per_class,all,micro,energy_smoothed,0.004027638885817954,0.0036931900985982765,0.004390113941575204,1449,1449,1449,1449,,5000,5000,1.0,3021694564,20260901
B1_spatial,0.5,per_class,all,micro,energy_retention,0.5774479839948229,0.5747761720466236,0.580209717201294,1449,1449,1449,1449,,5000,5000,1.0,3021694564,20260901
B1_spatial,0.5,per_class,all,micro,linear_solve_relative_residual,6.115562651472537e-06,6.001882381558794e-06,6.22589240621926e-06,1449,1449,1449,1449,,5000,5000,1.0,3021694564,20260901
B1_spatial,0.5,per_class,all,micro,cg_iterations,6.0,6.0,6.0,1449,1449,1449,1449,,5000,5000,1.0,3021694564,20260901
B1_spatial,0.5,per_class,all,micro,solve_runtime_ms_per_map,0.003887776642449049,0.003867268139345577,0.003910635684847532,1449,1449,1449,1449,,5000,5000,1.0,3021694564,20260901
B1_spatial,0.5,per_class,all,micro,energy_raw,0.01111014053550741,0.010239166576292216,0.01202550827914973,1449,1449,1449,1449,,5000,5000,1.0,3021694564,20260901
B1_spatial,0.5,per_class,all,micro,energy_smoothed,0.007145362398799269,0.006528653064712556,0.007797308396113785,1449,1449,1449,1449,,5000,5000,1.0,3021694564,20260901
B1_spatial,0.5,per_class,all,micro,energy_retention,0.5878070974407564,0.584792922319442,0.59077682214165,1449,1449,1449,1449,,5000,5000,1.0,3021694564,20260901
B1_spatial,0.5,per_class,all,micro,linear_solve_relative_residual,5.2531485815917225e-06,5.11168414061762e-06,5.385819944430505e-06,1449,1449,1449,1449,,5000,5000,1.0,3021694564,20260901
B1_spatial,0.5,per_class,all,micro,cg_iterations,6.0,6.0,6.0,1449,1449,1449,1449,,5000,5000,1.0,3021694564,20260901
B1_spatial,0.5,per_class,all,micro,solve_runtime_ms_per_map,0.003887776642449049,0.003867268139345577,0.003910635684847532,1449,1449,1449,1449,,5000,5000,1.0,3021694564,20260901
B1_spatial,0.5,per_class,all,micro,energy_raw,0.006466636490436712,0.006023816958561011,0.006965373881337804,1449,1449,1449,1449,,5000,5000,1.0,3021694564,20260901
B1_spatial,0.5,per_class,all,micro,energy_smoothed,0.004159383670127391,0.003813322417712719,0.004548379320186435,1449,1449,1449,1449,,5000,5000,1.0,3021694564,20260901
B1_spatial,0.5,per_class,all,micro,energy_retention,0.583883800039298,0.5807822218212364,0.5870814505190665,1449,1449,1449,1449,,5000,5000,1.0,3021694564,20260901
B1_spatial,0.5,per_class,all,micro,linear_solve_relative_residual,5.969856972903922e-06,5.855132882495803e-06,6.081101796875486e-06,1449,1449,1449,1449,,5000,5000,1.0,3021694564,20260901
B1_spatial,0.5,per_class,all,micro,cg_iterations,6.0,6.0,6.0,1449,1449,1449,1449,,5000,5000,1.0,3021694564,20260901
B1_spatial,0.5,per_class,all,micro,solve_runtime_ms_per_map,0.003887776642449049,0.003867268139345577,0.003910635684847532,1449,1449,1449,1449,,5000,5000,1.0,3021694564,20260901
B1_spatial,0.5,per_class,all,micro,energy_raw,0.014805474197810158,0.013621389356630518,0.016123353357279716,1449,1449,1449,1449,,5000,5000,1.0,3021694564,20260901
B1_spatial,0.5,per_class,all,micro,energy_smoothed,0.009992503992153628,0.00909354088442146,0.010963521756439387,1449,1449,1449,1449,,5000,5000,1.0,3021694564,20260901
B1_spatial,0.5,per_class,all,micro,energy_retention,0.5888154752465098,0.5852814242320895,0.5924652478961676,1449,1449,1449,1449,,5000,5000,1.0,3021694564,20260901
B1_spatial,0.5,per_class,all,micro,linear_solve_relative_residual,5.152330857817588e-06,5.01493405063736e-06,5.283284118925859e-06,1449,1449,1449,1449,,5000,5000,1.0,3021694564,20260901
B1_spatial,0.5,per_class,all,micro,cg_iterations,6.0,6.0,6.0,1449,1449,1449,1449,,5000,5000,1.0,3021694564,20260901
B1_spatial,0.5,per_class,all,micro,solve_runtime_ms_per_map,0.003887776642449049,0.003867268139345577,0.003910635684847532,1449,1449,1449,1449,,5000,5000,1.0,3021694564,20260901
B1_spatial,0.5,per_class,all,micro,energy_raw,0.006280327728773378,0.005689001639367655,0.0069325529003274496,1449,1449,1449,1449,,5000,5000,1.0,3021694564,20260901
B1_spatial,0.5,per_class,all,micro,energy_smoothed,0.00410600589227389,0.0036526107925574924,0.004610058927670005,1449,1449,1449,1449,,5000,5000,1.0,3021694564,20260901
B1_spatial,0.5,per_class,all,micro,energy_retention,0.5791102330219013,0.5763818780293211,0.5819391983394749,1449,1449,1449,1449,,5000,5000,1.0,3021694564,20260901
B1_spatial,0.5,per_class,all,micro,linear_solve_relative_residual,6.156043679817768e-06,6.065704408548395e-06,6.243300951228229e-06,1449,1449,1449,1449,,5000,5000,1.0,3021694564,20260901
B1_spatial,0.5,per_class,all,micro,cg_iterations,6.0,6.0,6.0,1449,1449,1449,1449,,5000,5000,1.0,3021694564,20260901
B1_spatial,0.5,per_class,all,micro,solve_runtime_ms_per_map,0.003887776642449049,0.003867268139345577,0.003910635684847532,1449,1449,1449,1449,,5000,5000,1.0,3021694564,20260901
B1_spatial,0.5,per_class,all,micro,energy_raw,0.007938180970101315,0.007242717637284867,0.008696668813621472,1449,1449,1449,1449,,5000,5000,1.0,3021694564,20260901
B1_spatial,0.5,per_class,all,micro,energy_smoothed,0.005098666317357307,0.004576386472179276,0.00566284732968711,1449,1449,1449,1449,,5000,5000,1.0,3021694564,20260901
B1_spatial,0.5,per_class,all,micro,energy_retention,0.5826697356129943,0.5802139276940712,0.5851908740604886,1449,1449,1449,1449,,5000,5000,1.0,3021694564,20260901
B1_spatial,0.5,per_class,all,micro,linear_solve_relative_residual,5.825459278507317e-06,5.708734534682596e-06,5.942915537176502e-06,1449,1449,1449,1449,,5000,5000,1.0,3021694564,20260901
B1_spatial,0.5,per_class,all,micro,cg_iterations,6.0,6.0,6.0,1449,1449,1449,1449,,5000,5000,1.0,3021694564,20260901
B1_spatial,0.5,per_class,all,micro,solve_runtime_ms_per_map,0.003887776642449049,0.003867268139345577,0.003910635684847532,1449,1449,1449,1449,,5000,5000,1.0,3021694564,20260901
B1_spatial,0.5,per_class,all,micro,energy_raw,0.007945276000630174,0.007416845416562443,0.008518270449556204,1449,1449,1449,1449,,5000,5000,1.0,3021694564,20260901
B1_spatial,0.5,per_class,all,micro,energy_smoothed,0.005146984080671544,0.004732180713270833,0.0056057927269609715,1449,1449,1449,1449,,5000,5000,1.0,3021694564,20260901
B1_spatial,0.5,per_class,all,micro,energy_retention,0.5838067395840125,0.5803197907668258,0.5876247369040902,1449,1449,1449,1449,,5000,5000,1.0,3021694564,20260901
B1_spatial,0.5,per_class,all,micro,linear_solve_relative_residual,5.62201314375455e-06,5.47961876691457e-06,5.757920556114835e-06,1449,1449,1449,1449,,5000,5000,1.0,3021694564,20260901
B1_spatial,0.5,per_class,all,micro,cg_iterations,6.0,6.0,6.0,1449,1449,1449,1449,,5000,5000,1.0,3021694564,20260901
B1_spatial,0.5,per_class,all,micro,solve_runtime_ms_per_map,0.003887776642449049,0.003867268139345577,0.003910635684847532,1449,1449,1449,1449,,5000,5000,1.0,3021694564,20260901
B1_spatial,0.5,per_class,all,micro,energy_raw,0.006688896010021163,0.006193109137774011,0.007227860219292812,1449,1449,1449,1449,,5000,5000,1.0,3021694564,20260901
B1_spatial,0.5,per_class,all,micro,energy_smoothed,0.004187108106763996,0.0038222488494084736,0.00458155843025389,1449,1449,1449,1449,,5000,5000,1.0,3021694564,20260901
B1_spatial,0.5,per_class,all,micro,energy_retention,0.5764894999455714,0.5739483527875177,0.5791975936539384,1449,1449,1449,1449,,5000,5000,1.0,3021694564,20260901
B1_spatial,0.5,per_class,all,micro,linear_solve_relative_residual,6.17295097236651e-06,6.0661690291480375e-06,6.282650978521764e-06,1449,1449,1449,1449,,5000,5000,1.0,3021694564,20260901
B1_spatial,0.5,per_class,all,micro,cg_iterations,6.0,6.0,6.0,1449,1449,1449,1449,,5000,5000,1.0,3021694564,20260901
B1_spatial,0.5,per_class,all,micro,solve_runtime_ms_per_map,0.003887776642449049,0.003867268139345577,0.003910635684847532,1449,1449,1449,1449,,5000,5000,1.0,3021694564,20260901
B1_spatial,0.5,per_class,all,micro,energy_raw,0.006977521766040132,0.006507174892552207,0.007463587284641851,1449,1449,1449,1449,,5000,5000,1.0,3021694564,20260901
B1_spatial,0.5,per_class,all,micro,energy_smoothed,0.004429349682201922,0.0040600228059254045,0.004808443806940313,1449,1449,1449,1449,,5000,5000,1.0,3021694564,20260901
B1_spatial,0.5,per_class,all,micro,energy_retention,0.5773543078089847,0.5744470167686562,0.5803115935012791,1449,1449,1449,1449,,5000,5000,1.0,3021694564,20260901
B1_spatial,0.5,per_class,all,micro,linear_solve_relative_residual,5.8546844896310895e-06,5.735711579224402e-06,5.974922640345914e-06,1449,1449,1449,1449,,5000,5000,1.0,3021694564,20260901
B1_spatial,0.5,per_class,all,micro,cg_iterations,6.0,6.0,6.0,1449,1449,1449,1449,,5000,5000,1.0,3021694564,20260901
B1_spatial,0.5,per_class,all,micro,solve_runtime_ms_per_map,0.003887776642449049,0.003867268139345577,0.003910635684847532,1449,1449,1449,1449,,5000,5000,1.0,3021694564,20260901
B1_spatial,0.5,per_class,all,micro,energy_raw,0.0222429568860667,0.020734521377083072,0.023750811653348934,1449,1449,1449,1449,,5000,5000,1.0,3021694564,20260901
B1_spatial,0.5,per_class,all,micro,energy_smoothed,0.015374251311288837,0.014283014391723674,0.016476832511719105,1449,1449,1449,1449,,5000,5000,1.0,3021694564,20260901
B1_spatial,0.5,per_class,all,micro,energy_retention,0.6284857314154557,0.6238420628335165,0.6332247415108875,1449,1449,1449,1449,,5000,5000,1.0,3021694564,20260901
B1_spatial,0.5,per_class,all,micro,linear_solve_relative_residual,3.882297533628694e-06,3.7533232537931812e-06,4.00997354067451e-06,1449,1449,1449,1449,,5000,5000,1.0,3021694564,20260901
B1_spatial,0.5,per_class,all,micro,cg_iterations,6.0,6.0,6.0,1449,1449,1449,1449,,5000,5000,1.0,3021694564,20260901
B1_spatial,0.5,per_class,all,micro,solve_runtime_ms_per_map,0.003887776642449049,0.003867268139345577,0.003910635684847532,1449,1449,1449,1449,,5000,5000,1.0,3021694564,20260901
B1_spatial,0.5,per_class,all,micro,energy_raw,0.010750137634570224,0.009957915669991785,0.011624457153372448,1449,1449,1449,1449,,5000,5000,1.0,3021694564,20260901
B1_spatial,0.5,per_class,all,micro,energy_smoothed,0.006756015482109253,0.0061773138487068975,0.007398800768545142,1449,1449,1449,1449,,5000,5000,1.0,3021694564,20260901
B1_spatial,0.5,per_class,all,micro,energy_retention,0.5684901656900463,0.5655187347820292,0.5715198974292841,1449,1449,1449,1449,,5000,5000,1.0,3021694564,20260901
B1_spatial,0.5,per_class,all,micro,linear_solve_relative_residual,5.028457961495592e-06,4.882793001372354e-06,5.172623467230034e-06,1449,1449,1449,1449,,5000,5000,1.0,3021694564,20260901
B1_spatial,0.5,per_class,all,micro,cg_iterations,6.0,6.0,6.0,1449,1449,1449,1449,,5000,5000,1.0,3021694564,20260901
B1_spatial,0.5,per_class,all,micro,solve_runtime_ms_per_map,0.003887776642449049,0.003867268139345577,0.003910635684847532,1449,1449,1449,1449,,5000,5000,1.0,3021694564,20260901
B1_spatial,0.5,per_class,all,micro,energy_raw,0.005394981875970672,0.005067931797665212,0.005758246023698309,1449,1449,1449,1449,,5000,5000,1.0,3021694564,20260901
B1_spatial,0.5,per_class,all,micro,energy_smoothed,0.0033129308125443803,0.003071391774642585,0.0035835635925812984,1449,1449,1449,1449,,5000,5000,1.0,3021694564,20260901
B1_spatial,0.5,per_class,all,micro,energy_retention,0.5835652842325865,0.5812825253393997,0.5857165991205894,1449,1449,1449,1449,,5000,5000,1.0,3021694564,20260901
B1_spatial,0.5,per_class,all,micro,linear_solve_relative_residual,6.258588465300638e-06,6.154628274600429e-06,6.363218398084033e-06,1449,1449,1449,1449,,5000,5000,1.0,3021694564,20260901
B1_spatial,0.5,per_class,all,micro,cg_iterations,6.0,6.0,6.0,1449,1449,1449,1449,,5000,5000,1.0,3021694564,20260901
B1_spatial,0.5,per_class,all,micro,solve_runtime_ms_per_map,0.003887776642449049,0.003867268139345577,0.003910635684847532,1449,1449,1449,1449,,5000,5000,1.0,3021694564,20260901
B1_spatial,0.5,per_class,all,micro,energy_raw,0.011132027114531973,0.010098342718553711,0.012299771747030277,1449,1449,1449,1449,,5000,5000,1.0,3021694564,20260901
B1_spatial,0.5,per_class,all,micro,energy_smoothed,0.007634774671936262,0.006830749398360034,0.00852782937947608,1449,1449,1449,1449,,5000,5000,1.0,3021694564,20260901
B1_spatial,0.5,per_class,all,micro,energy_retention,0.5917038786732138,0.5883474376024338,0.5952261126590564,1449,1449,1449,1449,,5000,5000,1.0,3021694564,20260901
B1_spatial,0.5,per_class,all,micro,linear_solve_relative_residual,5.674946768543545e-06,5.552419876583056e-06,5.79162808678939e-06,1449,1449,1449,1449,,5000,5000,1.0,3021694564,20260901
B1_spatial,0.5,per_class,all,micro,cg_iterations,6.0,6.0,6.0,1449,1449,1449,1449,,5000,5000,1.0,3021694564,20260901
B1_spatial,0.5,per_class,all,micro,solve_runtime_ms_per_map,0.003887776642449049,0.003867268139345577,0.003910635684847532,1449,1449,1449,1449,,5000,5000,1.0,3021694564,20260901
B1_spatial,0.5,per_class,all,micro,energy_raw,0.0053733743537118395,0.0049774016077802,0.0058076667180879385,1449,1449,1449,1449,,5000,5000,1.0,3021694564,20260901
B1_spatial,0.5,per_class,all,micro,energy_smoothed,0.003365117632612018,0.0030626337097077105,0.0036971482319180567,1449,1449,1449,1449,,5000,5000,1.0,3021694564,20260901
B1_spatial,0.5,per_class,all,micro,energy_retention,0.5837080919635633,0.5815179662654283,0.5858253884636344,1449,1449,1449,1449,,5000,5000,1.0,3021694564,20260901
B1_spatial,0.5,per_class,all,micro,linear_solve_relative_residual,6.1228271536274886e-06,6.026052103784388e-06,6.217992311655546e-06,1449,1449,1449,1449,,5000,5000,1.0,3021694564,20260901
B1_spatial,0.5,per_class,all,micro,cg_iterations,6.0,6.0,6.0,1449,1449,1449,1449,,5000,5000,1.0,3021694564,20260901
B1_spatial,0.5,per_class,all,micro,solve_runtime_ms_per_map,0.003887776642449049,0.003867268139345577,0.003910635684847532,1449,1449,1449,1449,,5000,5000,1.0,3021694564,20260901
B1_spatial,0.5,per_class,all,micro,energy_raw,0.00786857993076533,0.00728543670919918,0.008496688443451047,1449,1449,1449,1449,,5000,5000,1.0,3021694564,20260901
B1_spatial,0.5,per_class,all,micro,energy_smoothed,0.004965985631068887,0.00453057589749232,0.005429886751546311,1449,1449,1449,1449,,5000,5000,1.0,3021694564,20260901
B1_spatial,0.5,per_class,all,micro,energy_retention,0.580249016432206,0.5775880312867169,0.58293972890477,1449,1449,1449,1449,,5000,5000,1.0,3021694564,20260901
B1_spatial,0.5,per_class,all,micro,linear_solve_relative_residual,5.486456047457703e-06,5.353498094870898e-06,5.620559215915052e-06,1449,1449,1449,1449,,5000,5000,1.0,3021694564,20260901
B1_spatial,0.5,per_class,all,micro,cg_iterations,6.0,6.0,6.0,1449,1449,1449,1449,,5000,5000,1.0,3021694564,20260901
B1_spatial,0.5,per_class,all,micro,solve_runtime_ms_per_map,0.003887776642449049,0.003867268139345577,0.003910635684847532,1449,1449,1449,1449,,5000,5000,1.0,3021694564,20260901
B1_spatial,1.0,all_class_maps,all,micro,energy_raw,0.008560702559979904,0.008338373786745063,0.008799121273902,1449,1449,28980,28980,,5000,5000,1.0,3021694564,20260901
B1_spatial,1.0,all_class_maps,all,micro,energy_smoothed,0.00426784981498649,0.004134959666549872,0.004406412499644056,1449,1449,28980,28980,,5000,5000,1.0,3021694564,20260901
B1_spatial,1.0,all_class_maps,all,micro,energy_retention,0.41548440852829144,0.4139849517458961,0.4170188140673235,1449,1449,28980,28980,,5000,5000,1.0,3021694564,20260901
B1_spatial,1.0,all_class_maps,all,micro,linear_solve_relative_residual,4.656466723339762e-06,4.62903129890948e-06,4.683726330108894e-06,1449,1449,28980,28980,,5000,5000,1.0,3021694564,20260901
B1_spatial,1.0,all_class_maps,all,micro,cg_iterations,8.0,8.0,8.0,1449,1449,28980,28980,,5000,5000,1.0,3021694564,20260901
B1_spatial,1.0,all_class_maps,all,micro,solve_runtime_ms_per_map,0.004731320835176912,0.004707605682741778,0.004757822199026157,1449,1449,28980,28980,,5000,5000,1.0,3021694564,20260901
B1_spatial,1.0,all_class_maps,all,macro_class,energy_raw,0.008560702559979908,0.008338373786745063,0.008799121273902,1449,1449,28980,28980,20,5000,5000,1.0,3021694564,20260901
B1_spatial,1.0,all_class_maps,all,macro_class,energy_smoothed,0.00426784981498649,0.004134959666549872,0.004406412499644056,1449,1449,28980,28980,20,5000,5000,1.0,3021694564,20260901
B1_spatial,1.0,all_class_maps,all,macro_class,energy_retention,0.4154844085282915,0.41398495174589617,0.41701881406732355,1449,1449,28980,28980,20,5000,5000,1.0,3021694564,20260901
B1_spatial,1.0,all_class_maps,all,macro_class,linear_solve_relative_residual,4.656466723339761e-06,4.629031298909481e-06,4.683726330108895e-06,1449,1449,28980,28980,20,5000,5000,1.0,3021694564,20260901
B1_spatial,1.0,all_class_maps,all,macro_class,cg_iterations,8.0,8.0,8.0,1449,1449,28980,28980,20,5000,5000,1.0,3021694564,20260901
B1_spatial,1.0,all_class_maps,all,macro_class,solve_runtime_ms_per_map,0.004731320835176913,0.00470760568274178,0.004757822199026158,1449,1449,28980,28980,20,5000,5000,1.0,3021694564,20260901
B1_spatial,1.0,all_class_maps,single_label,micro,energy_raw,0.006739255981066464,0.006525470391181321,0.006959116221324721,927,927,18540,18540,,5000,5000,1.0,3021694564,20260901
B1_spatial,1.0,all_class_maps,single_label,micro,energy_smoothed,0.0031448243985212777,0.0030230390976109084,0.0032693892408386773,927,927,18540,18540,,5000,5000,1.0,3021694564,20260901
B1_spatial,1.0,all_class_maps,single_label,micro,energy_retention,0.40558745478156316,0.4038066379953389,0.40738937303588646,927,927,18540,18540,,5000,5000,1.0,3021694564,20260901
B1_spatial,1.0,all_class_maps,single_label,micro,linear_solve_relative_residual,4.542447872906815e-06,4.5056679383224615e-06,4.5784887622766596e-06,927,927,18540,18540,,5000,5000,1.0,3021694564,20260901
B1_spatial,1.0,all_class_maps,single_label,micro,cg_iterations,8.0,8.0,8.0,927,927,18540,18540,,5000,5000,1.0,3021694564,20260901
B1_spatial,1.0,all_class_maps,single_label,micro,solve_runtime_ms_per_map,0.004730370473958671,0.004701623399960854,0.004764647619032547,927,927,18540,18540,,5000,5000,1.0,3021694564,20260901
B1_spatial,1.0,all_class_maps,single_label,macro_class,energy_raw,0.006739255981066462,0.006525470391181321,0.00695911622132472,927,927,18540,18540,20,5000,5000,1.0,3021694564,20260901
B1_spatial,1.0,all_class_maps,single_label,macro_class,energy_smoothed,0.0031448243985212772,0.0030230390976109093,0.0032693892408386773,927,927,18540,18540,20,5000,5000,1.0,3021694564,20260901
B1_spatial,1.0,all_class_maps,single_label,macro_class,energy_retention,0.40558745478156305,0.4038066379953389,0.4073893730358865,927,927,18540,18540,20,5000,5000,1.0,3021694564,20260901
B1_spatial,1.0,all_class_maps,single_label,macro_class,linear_solve_relative_residual,4.542447872906815e-06,4.505667938322461e-06,4.5784887622766596e-06,927,927,18540,18540,20,5000,5000,1.0,3021694564,20260901
B1_spatial,1.0,all_class_maps,single_label,macro_class,cg_iterations,8.0,8.0,8.0,927,927,18540,18540,20,5000,5000,1.0,3021694564,20260901
B1_spatial,1.0,all_class_maps,single_label,macro_class,solve_runtime_ms_per_map,0.004730370473958671,0.0047016233999608555,0.004764647619032545,927,927,18540,18540,20,5000,5000,1.0,3021694564,20260901
B1_spatial,1.0,all_class_maps,exactly_2_labels,micro,energy_raw,0.010749907921534031,0.010364591250340454,0.011158526960033147,375,375,7500,7500,,5000,5000,1.0,3021694564,20260901
B1_spatial,1.0,all_class_maps,exactly_2_labels,micro,energy_smoothed,0.005591772132941211,0.005360669584398468,0.00583416565157085,375,375,7500,7500,,5000,5000,1.0,3021694564,20260901
B1_spatial,1.0,all_class_maps,exactly_2_labels,micro,energy_retention,0.4291614147504171,0.4267941524016857,0.43151106988529364,375,375,7500,7500,,5000,5000,1.0,3021694564,20260901
B1_spatial,1.0,all_class_maps,exactly_2_labels,micro,linear_solve_relative_residual,4.848481954301557e-06,4.8060316019226925e-06,4.892819302957227e-06,375,375,7500,7500,,5000,5000,1.0,3021694564,20260901
B1_spatial,1.0,all_class_maps,exactly_2_labels,micro,cg_iterations,8.0,8.0,8.0,375,375,7500,7500,,5000,5000,1.0,3021694564,20260901
B1_spatial,1.0,all_class_maps,exactly_2_labels,micro,solve_runtime_ms_per_map,0.004723674672681631,0.004684518242938794,0.004778520711762313,375,375,7500,7500,,5000,5000,1.0,3021694564,20260901
B1_spatial,1.0,all_class_maps,exactly_2_labels,macro_class,energy_raw,0.010749907921534033,0.010364591250340456,0.011158526960033147,375,375,7500,7500,20,5000,5000,1.0,3021694564,20260901
B1_spatial,1.0,all_class_maps,exactly_2_labels,macro_class,energy_smoothed,0.005591772132941211,0.005360669584398468,0.00583416565157085,375,375,7500,7500,20,5000,5000,1.0,3021694564,20260901
B1_spatial,1.0,all_class_maps,exactly_2_labels,macro_class,energy_retention,0.42916141475041697,0.42679415240168567,0.43151106988529364,375,375,7500,7500,20,5000,5000,1.0,3021694564,20260901
B1_spatial,1.0,all_class_maps,exactly_2_labels,macro_class,linear_solve_relative_residual,4.848481954301557e-06,4.806031601922692e-06,4.892819302957226e-06,375,375,7500,7500,20,5000,5000,1.0,3021694564,20260901
B1_spatial,1.0,all_class_maps,exactly_2_labels,macro_class,cg_iterations,8.0,8.0,8.0,375,375,7500,7500,20,5000,5000,1.0,3021694564,20260901
B1_spatial,1.0,all_class_maps,exactly_2_labels,macro_class,solve_runtime_ms_per_map,0.004723674672681631,0.0046845182429387944,0.0047785207117623145,375,375,7500,7500,20,5000,5000,1.0,3021694564,20260901
B1_spatial,1.0,all_class_maps,3plus_labels,micro,energy_raw,0.014462260165898015,0.013762959155064397,0.015164014389013812,147,147,2940,2940,,5000,5000,1.0,3021694564,20260901
B1_spatial,1.0,all_class_maps,3plus_labels,micro,energy_smoothed,0.007972432752607112,0.007534841251083203,0.008414010351891415,147,147,2940,2940,,5000,5000,1.0,3021694564,20260901
B1_spatial,1.0,all_class_maps,3plus_labels,micro,energy_retention,0.44300548873182866,0.4397059207906326,0.4462374581984517,147,147,2940,2940,,5000,5000,1.0,3021694564,20260901
B1_spatial,1.0,all_class_maps,3plus_labels,micro,linear_solve_relative_residual,4.885648782800097e-06,4.826336342986309e-06,4.945335332792729e-06,147,147,2940,2940,,5000,5000,1.0,3021694564,20260901
B1_spatial,1.0,all_class_maps,3plus_labels,micro,cg_iterations,8.0,8.0,8.0,147,147,2940,2940,,5000,5000,1.0,3021694564,20260901
B1_spatial,1.0,all_class_maps,3plus_labels,micro,solve_runtime_ms_per_map,0.004756819445959529,0.0046885609489294025,0.0048609946354970035,147,147,2940,2940,,5000,5000,1.0,3021694564,20260901
B1_spatial,1.0,all_class_maps,3plus_labels,macro_class,energy_raw,0.014462260165898019,0.013762959155064399,0.015164014389013812,147,147,2940,2940,20,5000,5000,1.0,3021694564,20260901
B1_spatial,1.0,all_class_maps,3plus_labels,macro_class,energy_smoothed,0.007972432752607114,0.007534841251083203,0.008414010351891415,147,147,2940,2940,20,5000,5000,1.0,3021694564,20260901
B1_spatial,1.0,all_class_maps,3plus_labels,macro_class,energy_retention,0.44300548873182866,0.4397059207906326,0.4462374581984517,147,147,2940,2940,20,5000,5000,1.0,3021694564,20260901
B1_spatial,1.0,all_class_maps,3plus_labels,macro_class,linear_solve_relative_residual,4.885648782800097e-06,4.826336342986308e-06,4.945335332792729e-06,147,147,2940,2940,20,5000,5000,1.0,3021694564,20260901
B1_spatial,1.0,all_class_maps,3plus_labels,macro_class,cg_iterations,8.0,8.0,8.0,147,147,2940,2940,20,5000,5000,1.0,3021694564,20260901
B1_spatial,1.0,all_class_maps,3plus_labels,macro_class,solve_runtime_ms_per_map,0.004756819445959529,0.004688560948929402,0.0048609946354970035,147,147,2940,2940,20,5000,5000,1.0,3021694564,20260901
B1_spatial,1.0,per_class,all,micro,energy_raw,0.00530993061514894,0.004943089206292702,0.005718123036914529,1449,1449,1449,1449,,5000,5000,1.0,3021694564,20260901
B1_spatial,1.0,per_class,all,micro,energy_smoothed,0.002439264746449034,0.0021979791173354136,0.0027073980704983686,1449,1449,1449,1449,,5000,5000,1.0,3021694564,20260901
B1_spatial,1.0,per_class,all,micro,energy_retention,0.4070308752887573,0.4040982438170392,0.4099589997916653,1449,1449,1449,1449,,5000,5000,1.0,3021694564,20260901
B1_spatial,1.0,per_class,all,micro,linear_solve_relative_residual,4.5655930506760915e-06,4.512236468224093e-06,4.620199934285506e-06,1449,1449,1449,1449,,5000,5000,1.0,3021694564,20260901
B1_spatial,1.0,per_class,all,micro,cg_iterations,8.0,8.0,8.0,1449,1449,1449,1449,,5000,5000,1.0,3021694564,20260901
B1_spatial,1.0,per_class,all,micro,solve_runtime_ms_per_map,0.004731320835176913,0.004707605682741779,0.004757822199026156,1449,1449,1449,1449,,5000,5000,1.0,3021694564,20260901
B1_spatial,1.0,per_class,all,micro,energy_raw,0.0070947752169637415,0.006508934517418583,0.0077445165854128336,1449,1449,1449,1449,,5000,5000,1.0,3021694564,20260901
B1_spatial,1.0,per_class,all,micro,energy_smoothed,0.0033999054802834263,0.0030345023907685695,0.003796923594540501,1449,1449,1449,1449,,5000,5000,1.0,3021694564,20260901
B1_spatial,1.0,per_class,all,micro,energy_retention,0.40753348810332163,0.40452285827368273,0.4106327647485965,1449,1449,1449,1449,,5000,5000,1.0,3021694564,20260901
B1_spatial,1.0,per_class,all,micro,linear_solve_relative_residual,4.562034673760829e-06,4.506299341783095e-06,4.618909669266348e-06,1449,1449,1449,1449,,5000,5000,1.0,3021694564,20260901
B1_spatial,1.0,per_class,all,micro,cg_iterations,8.0,8.0,8.0,1449,1449,1449,1449,,5000,5000,1.0,3021694564,20260901
B1_spatial,1.0,per_class,all,micro,solve_runtime_ms_per_map,0.004731320835176913,0.004707605682741779,0.004757822199026156,1449,1449,1449,1449,,5000,5000,1.0,3021694564,20260901
B1_spatial,1.0,per_class,all,micro,energy_raw,0.005048328512406081,0.004822067210172465,0.005314184360163064,1449,1449,1449,1449,,5000,5000,1.0,3021694564,20260901
B1_spatial,1.0,per_class,all,micro,energy_smoothed,0.0021056924188018536,0.0019721222595548145,0.002261702486313799,1449,1449,1449,1449,,5000,5000,1.0,3021694564,20260901
B1_spatial,1.0,per_class,all,micro,energy_retention,0.39133813576175064,0.389020508139544,0.3937583666508201,1449,1449,1449,1449,,5000,5000,1.0,3021694564,20260901
B1_spatial,1.0,per_class,all,micro,linear_solve_relative_residual,4.588944530823222e-06,4.537156754902726e-06,4.640439254856168e-06,1449,1449,1449,1449,,5000,5000,1.0,3021694564,20260901
B1_spatial,1.0,per_class,all,micro,cg_iterations,8.0,8.0,8.0,1449,1449,1449,1449,,5000,5000,1.0,3021694564,20260901
B1_spatial,1.0,per_class,all,micro,solve_runtime_ms_per_map,0.004731320835176913,0.004707605682741779,0.004757822199026156,1449,1449,1449,1449,,5000,5000,1.0,3021694564,20260901
B1_spatial,1.0,per_class,all,micro,energy_raw,0.006435917776362075,0.005913880181168942,0.007024060059068056,1449,1449,1449,1449,,5000,5000,1.0,3021694564,20260901
B1_spatial,1.0,per_class,all,micro,energy_smoothed,0.003060212270295655,0.002720968731804115,0.0034411397849476253,1449,1449,1449,1449,,5000,5000,1.0,3021694564,20260901
B1_spatial,1.0,per_class,all,micro,energy_retention,0.4127891290755499,0.40994051709730017,0.41572891037738924,1449,1449,1449,1449,,5000,5000,1.0,3021694564,20260901
B1_spatial,1.0,per_class,all,micro,linear_solve_relative_residual,4.628009265961975e-06,4.572316998727056e-06,4.685336156608631e-06,1449,1449,1449,1449,,5000,5000,1.0,3021694564,20260901
B1_spatial,1.0,per_class,all,micro,cg_iterations,8.0,8.0,8.0,1449,1449,1449,1449,,5000,5000,1.0,3021694564,20260901
B1_spatial,1.0,per_class,all,micro,solve_runtime_ms_per_map,0.004731320835176913,0.004707605682741779,0.004757822199026156,1449,1449,1449,1449,,5000,5000,1.0,3021694564,20260901
B1_spatial,1.0,per_class,all,micro,energy_raw,0.009957076567099824,0.009141937668187503,0.010809139461366472,1449,1449,1449,1449,,5000,5000,1.0,3021694564,20260901
B1_spatial,1.0,per_class,all,micro,energy_smoothed,0.005027720508479955,0.0045020795417993345,0.005572372342769695,1449,1449,1449,1449,,5000,5000,1.0,3021694564,20260901
B1_spatial,1.0,per_class,all,micro,energy_retention,0.4168612950007779,0.4130241395081628,0.42072577540260747,1449,1449,1449,1449,,5000,5000,1.0,3021694564,20260901
B1_spatial,1.0,per_class,all,micro,linear_solve_relative_residual,4.7794284188061415e-06,4.699753633350063e-06,4.860391464995767e-06,1449,1449,1449,1449,,5000,5000,1.0,3021694564,20260901
B1_spatial,1.0,per_class,all,micro,cg_iterations,8.0,8.0,8.0,1449,1449,1449,1449,,5000,5000,1.0,3021694564,20260901
B1_spatial,1.0,per_class,all,micro,solve_runtime_ms_per_map,0.004731320835176913,0.004707605682741779,0.004757822199026156,1449,1449,1449,1449,,5000,5000,1.0,3021694564,20260901
B1_spatial,1.0,per_class,all,micro,energy_raw,0.006393511016680258,0.00595584542510547,0.006869880416577719,1449,1449,1449,1449,,5000,5000,1.0,3021694564,20260901
B1_spatial,1.0,per_class,all,micro,energy_smoothed,0.003033559510289589,0.0027517575494873303,0.003334650119761852,1449,1449,1449,1449,,5000,5000,1.0,3021694564,20260901
B1_spatial,1.0,per_class,all,micro,energy_retention,0.4094329936246036,0.40613407693427955,0.41283219961245116,1449,1449,1449,1449,,5000,5000,1.0,3021694564,20260901
B1_spatial,1.0,per_class,all,micro,linear_solve_relative_residual,4.60259601248108e-06,4.547070125976319e-06,4.65747648321048e-06,1449,1449,1449,1449,,5000,5000,1.0,3021694564,20260901
B1_spatial,1.0,per_class,all,micro,cg_iterations,8.0,8.0,8.0,1449,1449,1449,1449,,5000,5000,1.0,3021694564,20260901
B1_spatial,1.0,per_class,all,micro,solve_runtime_ms_per_map,0.004731320835176913,0.004707605682741779,0.004757822199026156,1449,1449,1449,1449,,5000,5000,1.0,3021694564,20260901
B1_spatial,1.0,per_class,all,micro,energy_raw,0.01111014053550741,0.010239166576292216,0.01202550827914973,1449,1449,1449,1449,,5000,5000,1.0,3021694564,20260901
B1_spatial,1.0,per_class,all,micro,energy_smoothed,0.00547569733779245,0.004965952682381401,0.006009270300951667,1449,1449,1449,1449,,5000,5000,1.0,3021694564,20260901
B1_spatial,1.0,per_class,all,micro,energy_retention,0.42280740333557787,0.4190550532102009,0.4265395494958218,1449,1449,1449,1449,,5000,5000,1.0,3021694564,20260901
B1_spatial,1.0,per_class,all,micro,linear_solve_relative_residual,4.810333721321435e-06,4.7374186818929735e-06,4.8838844460342935e-06,1449,1449,1449,1449,,5000,5000,1.0,3021694564,20260901
B1_spatial,1.0,per_class,all,micro,cg_iterations,8.0,8.0,8.0,1449,1449,1449,1449,,5000,5000,1.0,3021694564,20260901
B1_spatial,1.0,per_class,all,micro,solve_runtime_ms_per_map,0.004731320835176913,0.004707605682741779,0.004757822199026156,1449,1449,1449,1449,,5000,5000,1.0,3021694564,20260901
B1_spatial,1.0,per_class,all,micro,energy_raw,0.006466636490436712,0.006023816958561011,0.006965373881337804,1449,1449,1449,1449,,5000,5000,1.0,3021694564,20260901
B1_spatial,1.0,per_class,all,micro,energy_smoothed,0.003178237276699708,0.0028791016354130774,0.003509319948332053,1449,1449,1449,1449,,5000,5000,1.0,3021694564,20260901
B1_spatial,1.0,per_class,all,micro,energy_retention,0.4162105791851765,0.4123629088712158,0.42018630335646057,1449,1449,1449,1449,,5000,5000,1.0,3021694564,20260901
B1_spatial,1.0,per_class,all,micro,linear_solve_relative_residual,4.54373361125902e-06,4.485169293151598e-06,4.601374381786799e-06,1449,1449,1449,1449,,5000,5000,1.0,3021694564,20260901
B1_spatial,1.0,per_class,all,micro,cg_iterations,8.0,8.0,8.0,1449,1449,1449,1449,,5000,5000,1.0,3021694564,20260901
B1_spatial,1.0,per_class,all,micro,solve_runtime_ms_per_map,0.004731320835176913,0.004707605682741779,0.004757822199026156,1449,1449,1449,1449,,5000,5000,1.0,3021694564,20260901
B1_spatial,1.0,per_class,all,micro,energy_raw,0.014805474197810158,0.013621389356630518,0.016123353357279716,1449,1449,1449,1449,,5000,5000,1.0,3021694564,20260901
B1_spatial,1.0,per_class,all,micro,energy_smoothed,0.007877296259203505,0.007121640634627803,0.008695212932844008,1449,1449,1449,1449,,5000,5000,1.0,3021694564,20260901
B1_spatial,1.0,per_class,all,micro,energy_retention,0.42456827692692656,0.42021485229014444,0.42913280373671864,1449,1449,1449,1449,,5000,5000,1.0,3021694564,20260901
B1_spatial,1.0,per_class,all,micro,linear_solve_relative_residual,4.813738418503545e-06,4.735466782513786e-06,4.891140223132436e-06,1449,1449,1449,1449,,5000,5000,1.0,3021694564,20260901
B1_spatial,1.0,per_class,all,micro,cg_iterations,8.0,8.0,8.0,1449,1449,1449,1449,,5000,5000,1.0,3021694564,20260901
B1_spatial,1.0,per_class,all,micro,solve_runtime_ms_per_map,0.004731320835176913,0.004707605682741779,0.004757822199026156,1449,1449,1449,1449,,5000,5000,1.0,3021694564,20260901
B1_spatial,1.0,per_class,all,micro,energy_raw,0.006280327728773378,0.005689001639367655,0.0069325529003274496,1449,1449,1449,1449,,5000,5000,1.0,3021694564,20260901
B1_spatial,1.0,per_class,all,micro,energy_smoothed,0.003185801048701394,0.002795638799593605,0.0036138612425890833,1449,1449,1449,1449,,5000,5000,1.0,3021694564,20260901
B1_spatial,1.0,per_class,all,micro,energy_retention,0.4107365137630697,0.40724756241544025,0.41433539362180805,1449,1449,1449,1449,,5000,5000,1.0,3021694564,20260901
B1_spatial,1.0,per_class,all,micro,linear_solve_relative_residual,4.246922042083798e-06,4.20285301632187e-06,4.292984349857591e-06,1449,1449,1449,1449,,5000,5000,1.0,3021694564,20260901
B1_spatial,1.0,per_class,all,micro,cg_iterations,8.0,8.0,8.0,1449,1449,1449,1449,,5000,5000,1.0,3021694564,20260901
B1_spatial,1.0,per_class,all,micro,solve_runtime_ms_per_map,0.004731320835176913,0.004707605682741779,0.004757822199026156,1449,1449,1449,1449,,5000,5000,1.0,3021694564,20260901
B1_spatial,1.0,per_class,all,micro,energy_raw,0.007938180970101315,0.007242717637284867,0.008696668813621472,1449,1449,1449,1449,,5000,5000,1.0,3021694564,20260901
B1_spatial,1.0,per_class,all,micro,energy_smoothed,0.0038830273793293633,0.003449781704871789,0.004355714806736195,1449,1449,1449,1449,,5000,5000,1.0,3021694564,20260901
B1_spatial,1.0,per_class,all,micro,energy_retention,0.4138944086492103,0.4108605341367511,0.41697394733000326,1449,1449,1449,1449,,5000,5000,1.0,3021694564,20260901
B1_spatial,1.0,per_class,all,micro,linear_solve_relative_residual,4.681240535288619e-06,4.61878854277452e-06,4.7436870542051605e-06,1449,1449,1449,1449,,5000,5000,1.0,3021694564,20260901
B1_spatial,1.0,per_class,all,micro,cg_iterations,8.0,8.0,8.0,1449,1449,1449,1449,,5000,5000,1.0,3021694564,20260901
B1_spatial,1.0,per_class,all,micro,solve_runtime_ms_per_map,0.004731320835176913,0.004707605682741779,0.004757822199026156,1449,1449,1449,1449,,5000,5000,1.0,3021694564,20260901
B1_spatial,1.0,per_class,all,micro,energy_raw,0.007945276000630174,0.007416845416562443,0.008518270449556204,1449,1449,1449,1449,,5000,5000,1.0,3021694564,20260901
B1_spatial,1.0,per_class,all,micro,energy_smoothed,0.003978614248227703,0.003615551251361148,0.004380715058410398,1449,1449,1449,1449,,5000,5000,1.0,3021694564,20260901
B1_spatial,1.0,per_class,all,micro,energy_retention,0.418268423746009,0.41384356079932905,0.42309815766555925,1449,1449,1449,1449,,5000,5000,1.0,3021694564,20260901
B1_spatial,1.0,per_class,all,micro,linear_solve_relative_residual,4.923250201652719e-06,4.8585175312103804e-06,4.985899349441427e-06,1449,1449,1449,1449,,5000,5000,1.0,3021694564,20260901
B1_spatial,1.0,per_class,all,micro,cg_iterations,8.0,8.0,8.0,1449,1449,1449,1449,,5000,5000,1.0,3021694564,20260901
B1_spatial,1.0,per_class,all,micro,solve_runtime_ms_per_map,0.004731320835176913,0.004707605682741779,0.004757822199026156,1449,1449,1449,1449,,5000,5000,1.0,3021694564,20260901
B1_spatial,1.0,per_class,all,micro,energy_raw,0.006688896010021163,0.006193109137774011,0.007227860219292812,1449,1449,1449,1449,,5000,5000,1.0,3021694564,20260901
B1_spatial,1.0,per_class,all,micro,energy_smoothed,0.003146365133395034,0.0028425075593112832,0.0034674698727989854,1449,1449,1449,1449,,5000,5000,1.0,3021694564,20260901
B1_spatial,1.0,per_class,all,micro,energy_retention,0.40722947341972915,0.4039935559147469,0.41063602932769316,1449,1449,1449,1449,,5000,5000,1.0,3021694564,20260901
B1_spatial,1.0,per_class,all,micro,linear_solve_relative_residual,4.611465633755621e-06,4.558734845154469e-06,4.6662321305272295e-06,1449,1449,1449,1449,,5000,5000,1.0,3021694564,20260901
B1_spatial,1.0,per_class,all,micro,cg_iterations,8.0,8.0,8.0,1449,1449,1449,1449,,5000,5000,1.0,3021694564,20260901
B1_spatial,1.0,per_class,all,micro,solve_runtime_ms_per_map,0.004731320835176913,0.004707605682741779,0.004757822199026156,1449,1449,1449,1449,,5000,5000,1.0,3021694564,20260901
B1_spatial,1.0,per_class,all,micro,energy_raw,0.006977521766040132,0.006507174892552207,0.007463587284641851,1449,1449,1449,1449,,5000,5000,1.0,3021694564,20260901
B1_spatial,1.0,per_class,all,micro,energy_smoothed,0.0033620549098741497,0.0030431441473989526,0.0036845925984556045,1449,1449,1449,1449,,5000,5000,1.0,3021694564,20260901
B1_spatial,1.0,per_class,all,micro,energy_retention,0.40828765209910783,0.40459512233312495,0.4119723128955721,1449,1449,1449,1449,,5000,5000,1.0,3021694564,20260901
B1_spatial,1.0,per_class,all,micro,linear_solve_relative_residual,4.623785506896905e-06,4.563483704620213e-06,4.6839103313570986e-06,1449,1449,1449,1449,,5000,5000,1.0,3021694564,20260901
B1_spatial,1.0,per_class,all,micro,cg_iterations,8.0,8.0,8.0,1449,1449,1449,1449,,5000,5000,1.0,3021694564,20260901
B1_spatial,1.0,per_class,all,micro,solve_runtime_ms_per_map,0.004731320835176913,0.004707605682741779,0.004757822199026156,1449,1449,1449,1449,,5000,5000,1.0,3021694564,20260901
B1_spatial,1.0,per_class,all,micro,energy_raw,0.0222429568860667,0.020734521377083072,0.023750811653348934,1449,1449,1449,1449,,5000,5000,1.0,3021694564,20260901
B1_spatial,1.0,per_class,all,micro,energy_smoothed,0.012298780778571423,0.011392244443325426,0.013212065241105584,1449,1449,1449,1449,,5000,5000,1.0,3021694564,20260901
B1_spatial,1.0,per_class,all,micro,energy_retention,0.4739709532491251,0.46808907275182615,0.4799704218749921,1449,1449,1449,1449,,5000,5000,1.0,3021694564,20260901
B1_spatial,1.0,per_class,all,micro,linear_solve_relative_residual,4.7206552596333045e-06,4.628270642289811e-06,4.817447357939683e-06,1449,1449,1449,1449,,5000,5000,1.0,3021694564,20260901
B1_spatial,1.0,per_class,all,micro,cg_iterations,8.0,8.0,8.0,1449,1449,1449,1449,,5000,5000,1.0,3021694564,20260901
B1_spatial,1.0,per_class,all,micro,solve_runtime_ms_per_map,0.004731320835176913,0.004707605682741779,0.004757822199026156,1449,1449,1449,1449,,5000,5000,1.0,3021694564,20260901
B1_spatial,1.0,per_class,all,micro,energy_raw,0.010750137634570224,0.009957915669991785,0.011624457153372448,1449,1449,1449,1449,,5000,5000,1.0,3021694564,20260901
B1_spatial,1.0,per_class,all,micro,energy_smoothed,0.005108760581571953,0.004636381856296422,0.005641601371109957,1449,1449,1449,1449,,5000,5000,1.0,3021694564,20260901
B1_spatial,1.0,per_class,all,micro,energy_retention,0.40142652439692666,0.39777044236063547,0.4051103442984461,1449,1449,1449,1449,,5000,5000,1.0,3021694564,20260901
B1_spatial,1.0,per_class,all,micro,linear_solve_relative_residual,5.0456843260009825e-06,4.971186222077662e-06,5.117921909415789e-06,1449,1449,1449,1449,,5000,5000,1.0,3021694564,20260901
B1_spatial,1.0,per_class,all,micro,cg_iterations,8.0,8.0,8.0,1449,1449,1449,1449,,5000,5000,1.0,3021694564,20260901
B1_spatial,1.0,per_class,all,micro,solve_runtime_ms_per_map,0.004731320835176913,0.004707605682741779,0.004757822199026156,1449,1449,1449,1449,,5000,5000,1.0,3021694564,20260901
B1_spatial,1.0,per_class,all,micro,energy_raw,0.005394981875970672,0.005067931797665212,0.005758246023698309,1449,1449,1449,1449,,5000,5000,1.0,3021694564,20260901
B1_spatial,1.0,per_class,all,micro,energy_smoothed,0.002439954929547725,0.0022382166706367617,0.0026668038003324927,1449,1449,1449,1449,,5000,5000,1.0,3021694564,20260901
B1_spatial,1.0,per_class,all,micro,energy_retention,0.4134314736676595,0.41057025162854055,0.41614426312835734,1449,1449,1449,1449,,5000,5000,1.0,3021694564,20260901
B1_spatial,1.0,per_class,all,micro,linear_solve_relative_residual,4.538574860335456e-06,4.4854425011467715e-06,4.592220666402163e-06,1449,1449,1449,1449,,5000,5000,1.0,3021694564,20260901
B1_spatial,1.0,per_class,all,micro,cg_iterations,8.0,8.0,8.0,1449,1449,1449,1449,,5000,5000,1.0,3021694564,20260901
B1_spatial,1.0,per_class,all,micro,solve_runtime_ms_per_map,0.004731320835176913,0.004707605682741779,0.004757822199026156,1449,1449,1449,1449,,5000,5000,1.0,3021694564,20260901
B1_spatial,1.0,per_class,all,micro,energy_raw,0.011132027114531973,0.010098342718553711,0.012299771747030277,1449,1449,1449,1449,,5000,5000,1.0,3021694564,20260901
B1_spatial,1.0,per_class,all,micro,energy_smoothed,0.006077055253284187,0.005389224866086092,0.006846274625888145,1449,1449,1449,1449,,5000,5000,1.0,3021694564,20260901
B1_spatial,1.0,per_class,all,micro,energy_retention,0.4258403259363563,0.42164518029742026,0.4303106660191728,1449,1449,1449,1449,,5000,5000,1.0,3021694564,20260901
B1_spatial,1.0,per_class,all,micro,linear_solve_relative_residual,4.548009799963281e-06,4.485975874910913e-06,4.610554775774878e-06,1449,1449,1449,1449,,5000,5000,1.0,3021694564,20260901
B1_spatial,1.0,per_class,all,micro,cg_iterations,8.0,8.0,8.0,1449,1449,1449,1449,,5000,5000,1.0,3021694564,20260901
B1_spatial,1.0,per_class,all,micro,solve_runtime_ms_per_map,0.004731320835176913,0.004707605682741779,0.004757822199026156,1449,1449,1449,1449,,5000,5000,1.0,3021694564,20260901
B1_spatial,1.0,per_class,all,micro,energy_raw,0.0053733743537118395,0.0049774016077802,0.0058076667180879385,1449,1449,1449,1449,,5000,5000,1.0,3021694564,20260901
B1_spatial,1.0,per_class,all,micro,energy_smoothed,0.002519796432063094,0.002261121635238042,0.002801735559091757,1449,1449,1449,1449,,5000,5000,1.0,3021694564,20260901
B1_spatial,1.0,per_class,all,micro,energy_retention,0.41443941194571815,0.4116911640551437,0.4170770414297008,1449,1449,1449,1449,,5000,5000,1.0,3021694564,20260901
B1_spatial,1.0,per_class,all,micro,linear_solve_relative_residual,4.449265630743187e-06,4.394401805069245e-06,4.502872668178125e-06,1449,1449,1449,1449,,5000,5000,1.0,3021694564,20260901
B1_spatial,1.0,per_class,all,micro,cg_iterations,8.0,8.0,8.0,1449,1449,1449,1449,,5000,5000,1.0,3021694564,20260901
B1_spatial,1.0,per_class,all,micro,solve_runtime_ms_per_map,0.004731320835176913,0.004707605682741779,0.004757822199026156,1449,1449,1449,1449,,5000,5000,1.0,3021694564,20260901
B1_spatial,1.0,per_class,all,micro,energy_raw,0.00786857993076533,0.00728543670919918,0.008496688443451047,1449,1449,1449,1449,,5000,5000,1.0,3021694564,20260901
B1_spatial,1.0,per_class,all,micro,energy_smoothed,0.0037591997968685975,0.0033934439448692374,0.004148527425438867,1449,1449,1449,1449,,5000,5000,1.0,3021694564,20260901
B1_spatial,1.0,per_class,all,micro,energy_retention,0.4135908333904748,0.4103072517365731,0.41693084139384595,1449,1449,1449,1449,,5000,5000,1.0,3021694564,20260901
B1_spatial,1.0,per_class,all,micro,linear_solve_relative_residual,4.846068966848024e-06,4.779757818423486e-06,4.913419289572614e-06,1449,1449,1449,1449,,5000,5000,1.0,3021694564,20260901
B1_spatial,1.0,per_class,all,micro,cg_iterations,8.0,8.0,8.0,1449,1449,1449,1449,,5000,5000,1.0,3021694564,20260901
B1_spatial,1.0,per_class,all,micro,solve_runtime_ms_per_map,0.004731320835176913,0.004707605682741779,0.004757822199026156,1449,1449,1449,1449,,5000,5000,1.0,3021694564,20260901
B1_spatial,2.0,all_class_maps,all,micro,energy_raw,0.008560702559979904,0.008338373786745063,0.008799121273902,1449,1449,28980,28980,,5000,5000,1.0,3021694564,20260901
B1_spatial,2.0,all_class_maps,all,micro,energy_smoothed,0.0030542794538424346,0.002951604532359893,0.0031616983684918127,1449,1449,28980,28980,,5000,5000,1.0,3021694564,20260901
B1_spatial,2.0,all_class_maps,all,micro,energy_retention,0.2678093646115028,0.2663077996902584,0.26936092588799865,1449,1449,28980,28980,,5000,5000,1.0,3021694564,20260901
B1_spatial,2.0,all_class_maps,all,micro,linear_solve_relative_residual,5.857392150081607e-06,5.818185964893364e-06,5.89764084882889e-06,1449,1449,28980,28980,,5000,5000,1.0,3021694564,20260901
B1_spatial,2.0,all_class_maps,all,micro,cg_iterations,11.0,11.0,11.0,1449,1449,28980,28980,,5000,5000,1.0,3021694564,20260901
B1_spatial,2.0,all_class_maps,all,micro,solve_runtime_ms_per_map,0.006191003426531521,0.006162879912743316,0.0062239090681838185,1449,1449,28980,28980,,5000,5000,1.0,3021694564,20260901
B1_spatial,2.0,all_class_maps,all,macro_class,energy_raw,0.008560702559979908,0.008338373786745063,0.008799121273902,1449,1449,28980,28980,20,5000,5000,1.0,3021694564,20260901
B1_spatial,2.0,all_class_maps,all,macro_class,energy_smoothed,0.003054279453842435,0.002951604532359893,0.003161698368491813,1449,1449,28980,28980,20,5000,5000,1.0,3021694564,20260901
B1_spatial,2.0,all_class_maps,all,macro_class,energy_retention,0.26780936461150284,0.2663077996902584,0.26936092588799865,1449,1449,28980,28980,20,5000,5000,1.0,3021694564,20260901
B1_spatial,2.0,all_class_maps,all,macro_class,linear_solve_relative_residual,5.857392150081606e-06,5.818185964893363e-06,5.89764084882889e-06,1449,1449,28980,28980,20,5000,5000,1.0,3021694564,20260901
B1_spatial,2.0,all_class_maps,all,macro_class,cg_iterations,11.0,11.0,11.0,1449,1449,28980,28980,20,5000,5000,1.0,3021694564,20260901
B1_spatial,2.0,all_class_maps,all,macro_class,solve_runtime_ms_per_map,0.006191003426531519,0.006162879912743319,0.006223909068183817,1449,1449,28980,28980,20,5000,5000,1.0,3021694564,20260901
B1_spatial,2.0,all_class_maps,single_label,micro,energy_raw,0.006739255981066464,0.006525470391181321,0.006959116221324721,927,927,18540,18540,,5000,5000,1.0,3021694564,20260901
B1_spatial,2.0,all_class_maps,single_label,micro,energy_smoothed,0.0021732008121325007,0.0020810367183377505,0.0022679949613645203,927,927,18540,18540,,5000,5000,1.0,3021694564,20260901
B1_spatial,2.0,all_class_maps,single_label,micro,energy_retention,0.2574333576395095,0.25567812474002455,0.2592391779263099,927,927,18540,18540,,5000,5000,1.0,3021694564,20260901
B1_spatial,2.0,all_class_maps,single_label,micro,linear_solve_relative_residual,6.030950750273219e-06,5.983873488405143e-06,6.078945231924091e-06,927,927,18540,18540,,5000,5000,1.0,3021694564,20260901
B1_spatial,2.0,all_class_maps,single_label,micro,cg_iterations,11.0,11.0,11.0,927,927,18540,18540,,5000,5000,1.0,3021694564,20260901
B1_spatial,2.0,all_class_maps,single_label,micro,solve_runtime_ms_per_map,0.006198135301165509,0.006162920824215277,0.006241268700132487,927,927,18540,18540,,5000,5000,1.0,3021694564,20260901
B1_spatial,2.0,all_class_maps,single_label,macro_class,energy_raw,0.006739255981066462,0.006525470391181321,0.00695911622132472,927,927,18540,18540,20,5000,5000,1.0,3021694564,20260901
B1_spatial,2.0,all_class_maps,single_label,macro_class,energy_smoothed,0.002173200812132501,0.0020810367183377496,0.0022679949613645203,927,927,18540,18540,20,5000,5000,1.0,3021694564,20260901
B1_spatial,2.0,all_class_maps,single_label,macro_class,energy_retention,0.2574333576395095,0.2556781247400246,0.25923917792630996,927,927,18540,18540,20,5000,5000,1.0,3021694564,20260901
B1_spatial,2.0,all_class_maps,single_label,macro_class,linear_solve_relative_residual,6.030950750273218e-06,5.9838734884051434e-06,6.07894523192409e-06,927,927,18540,18540,20,5000,5000,1.0,3021694564,20260901
B1_spatial,2.0,all_class_maps,single_label,macro_class,cg_iterations,11.0,11.0,11.0,927,927,18540,18540,20,5000,5000,1.0,3021694564,20260901
B1_spatial,2.0,all_class_maps,single_label,macro_class,solve_runtime_ms_per_map,0.006198135301165505,0.0061629208242152764,0.006241268700132487,927,927,18540,18540,20,5000,5000,1.0,3021694564,20260901
B1_spatial,2.0,all_class_maps,exactly_2_labels,micro,energy_raw,0.010749907921534031,0.010364591250340454,0.011158526960033147,375,375,7500,7500,,5000,5000,1.0,3021694564,20260901
B1_spatial,2.0,all_class_maps,exactly_2_labels,micro,energy_smoothed,0.004083396171157559,0.003904664869029366,0.004271949653409441,375,375,7500,7500,,5000,5000,1.0,3021694564,20260901
B1_spatial,2.0,all_class_maps,exactly_2_labels,micro,energy_retention,0.28216686533292135,0.2797874131426215,0.2845510320532322,375,375,7500,7500,,5000,5000,1.0,3021694564,20260901
B1_spatial,2.0,all_class_maps,exactly_2_labels,micro,linear_solve_relative_residual,5.576521281909663e-06,5.502780864658234e-06,5.65169874818821e-06,375,375,7500,7500,,5000,5000,1.0,3021694564,20260901
B1_spatial,2.0,all_class_maps,exactly_2_labels,micro,cg_iterations,11.0,11.0,11.0,375,375,7500,7500,,5000,5000,1.0,3021694564,20260901
B1_spatial,2.0,all_class_maps,exactly_2_labels,micro,solve_runtime_ms_per_map,0.006176722620040419,0.0061317384756451555,0.006242691916604935,375,375,7500,7500,,5000,5000,1.0,3021694564,20260901
B1_spatial,2.0,all_class_maps,exactly_2_labels,macro_class,energy_raw,0.010749907921534033,0.010364591250340456,0.011158526960033147,375,375,7500,7500,20,5000,5000,1.0,3021694564,20260901
B1_spatial,2.0,all_class_maps,exactly_2_labels,macro_class,energy_smoothed,0.004083396171157558,0.0039046648690293667,0.004271949653409441,375,375,7500,7500,20,5000,5000,1.0,3021694564,20260901
B1_spatial,2.0,all_class_maps,exactly_2_labels,macro_class,energy_retention,0.28216686533292135,0.2797874131426216,0.2845510320532322,375,375,7500,7500,20,5000,5000,1.0,3021694564,20260901
B1_spatial,2.0,all_class_maps,exactly_2_labels,macro_class,linear_solve_relative_residual,5.576521281909664e-06,5.502780864658234e-06,5.65169874818821e-06,375,375,7500,7500,20,5000,5000,1.0,3021694564,20260901
B1_spatial,2.0,all_class_maps,exactly_2_labels,macro_class,cg_iterations,11.0,11.0,11.0,375,375,7500,7500,20,5000,5000,1.0,3021694564,20260901
B1_spatial,2.0,all_class_maps,exactly_2_labels,macro_class,solve_runtime_ms_per_map,0.006176722620040418,0.006131738475645156,0.006242691916604937,375,375,7500,7500,20,5000,5000,1.0,3021694564,20260901
B1_spatial,2.0,all_class_maps,3plus_labels,micro,energy_raw,0.014462260165898015,0.013762959155064397,0.015164014389013812,147,147,2940,2940,,5000,5000,1.0,3021694564,20260901
B1_spatial,2.0,all_class_maps,3plus_labels,micro,energy_smoothed,0.005985171507393029,0.0056369596886064275,0.006337062329892643,147,147,2940,2940,,5000,5000,1.0,3021694564,20260901
B1_spatial,2.0,all_class_maps,3plus_labels,micro,energy_retention,0.2966154577578006,0.293158137604949,0.2999825171149355,147,147,2940,2940,,5000,5000,1.0,3021694564,20260901
B1_spatial,2.0,all_class_maps,3plus_labels,micro,linear_solve_relative_residual,5.4794176819649735e-06,5.374748086286237e-06,5.5804169322789915e-06,147,147,2940,2940,,5000,5000,1.0,3021694564,20260901
B1_spatial,2.0,all_class_maps,3plus_labels,micro,cg_iterations,11.0,11.0,11.0,147,147,2940,2940,,5000,5000,1.0,3021694564,20260901
B1_spatial,2.0,all_class_maps,3plus_labels,micro,solve_runtime_ms_per_map,0.0061824595806026445,0.006115737948991353,0.006298273756844441,147,147,2940,2940,,5000,5000,1.0,3021694564,20260901
B1_spatial,2.0,all_class_maps,3plus_labels,macro_class,energy_raw,0.014462260165898019,0.013762959155064399,0.015164014389013812,147,147,2940,2940,20,5000,5000,1.0,3021694564,20260901
B1_spatial,2.0,all_class_maps,3plus_labels,macro_class,energy_smoothed,0.005985171507393029,0.005636959688606426,0.006337062329892644,147,147,2940,2940,20,5000,5000,1.0,3021694564,20260901
B1_spatial,2.0,all_class_maps,3plus_labels,macro_class,energy_retention,0.29661545775780057,0.2931581376049491,0.2999825171149355,147,147,2940,2940,20,5000,5000,1.0,3021694564,20260901
B1_spatial,2.0,all_class_maps,3plus_labels,macro_class,linear_solve_relative_residual,5.479417681964974e-06,5.374748086286237e-06,5.5804169322789915e-06,147,147,2940,2940,20,5000,5000,1.0,3021694564,20260901
B1_spatial,2.0,all_class_maps,3plus_labels,macro_class,cg_iterations,11.0,11.0,11.0,147,147,2940,2940,20,5000,5000,1.0,3021694564,20260901
B1_spatial,2.0,all_class_maps,3plus_labels,macro_class,solve_runtime_ms_per_map,0.006182459580602647,0.006115737948991353,0.006298273756844444,147,147,2940,2940,20,5000,5000,1.0,3021694564,20260901
B1_spatial,2.0,per_class,all,micro,energy_raw,0.00530993061514894,0.004943089206292702,0.005718123036914529,1449,1449,1449,1449,,5000,5000,1.0,3021694564,20260901
B1_spatial,2.0,per_class,all,micro,energy_smoothed,0.0016602421646360551,0.001468464431372778,0.001875898122055943,1449,1449,1449,1449,,5000,5000,1.0,3021694564,20260901
B1_spatial,2.0,per_class,all,micro,energy_retention,0.25768145739908793,0.2546938023144949,0.2607283790543768,1449,1449,1449,1449,,5000,5000,1.0,3021694564,20260901
B1_spatial,2.0,per_class,all,micro,linear_solve_relative_residual,6.1822264256804465e-06,6.076613706895832e-06,6.290418125781089e-06,1449,1449,1449,1449,,5000,5000,1.0,3021694564,20260901
B1_spatial,2.0,per_class,all,micro,cg_iterations,11.0,11.0,11.0,1449,1449,1449,1449,,5000,5000,1.0,3021694564,20260901
B1_spatial,2.0,per_class,all,micro,solve_runtime_ms_per_map,0.006191003426531516,0.006162879912743316,0.0062239090681838185,1449,1449,1449,1449,,5000,5000,1.0,3021694564,20260901
B1_spatial,2.0,per_class,all,micro,energy_raw,0.0070947752169637415,0.006508934517418583,0.0077445165854128336,1449,1449,1449,1449,,5000,5000,1.0,3021694564,20260901
B1_spatial,2.0,per_class,all,micro,energy_smoothed,0.0023801309505731105,0.002090757427842726,0.002691410496796032,1449,1449,1449,1449,,5000,5000,1.0,3021694564,20260901
B1_spatial,2.0,per_class,all,micro,energy_retention,0.2581931868654189,0.2550120591561987,0.2614725917269231,1449,1449,1449,1449,,5000,5000,1.0,3021694564,20260901
B1_spatial,2.0,per_class,all,micro,linear_solve_relative_residual,5.907808347335311e-06,5.804574542765428e-06,6.010553969906541e-06,1449,1449,1449,1449,,5000,5000,1.0,3021694564,20260901
B1_spatial,2.0,per_class,all,micro,cg_iterations,11.0,11.0,11.0,1449,1449,1449,1449,,5000,5000,1.0,3021694564,20260901
B1_spatial,2.0,per_class,all,micro,solve_runtime_ms_per_map,0.006191003426531516,0.006162879912743316,0.0062239090681838185,1449,1449,1449,1449,,5000,5000,1.0,3021694564,20260901
B1_spatial,2.0,per_class,all,micro,energy_raw,0.005048328512406081,0.004822067210172465,0.005314184360163064,1449,1449,1449,1449,,5000,5000,1.0,3021694564,20260901
B1_spatial,2.0,per_class,all,micro,energy_smoothed,0.0013691528477423854,0.0012656261843209677,0.0014926123312673902,1449,1449,1449,1449,,5000,5000,1.0,3021694564,20260901
B1_spatial,2.0,per_class,all,micro,energy_retention,0.24414421208691317,0.24175716904220168,0.2466357447199261,1449,1449,1449,1449,,5000,5000,1.0,3021694564,20260901
B1_spatial,2.0,per_class,all,micro,linear_solve_relative_residual,6.020598177861773e-06,5.912169366168598e-06,6.1295043095647675e-06,1449,1449,1449,1449,,5000,5000,1.0,3021694564,20260901
B1_spatial,2.0,per_class,all,micro,cg_iterations,11.0,11.0,11.0,1449,1449,1449,1449,,5000,5000,1.0,3021694564,20260901
B1_spatial,2.0,per_class,all,micro,solve_runtime_ms_per_map,0.006191003426531516,0.006162879912743316,0.0062239090681838185,1449,1449,1449,1449,,5000,5000,1.0,3021694564,20260901
B1_spatial,2.0,per_class,all,micro,energy_raw,0.006435917776362075,0.005913880181168942,0.007024060059068056,1449,1449,1449,1449,,5000,5000,1.0,3021694564,20260901
B1_spatial,2.0,per_class,all,micro,energy_smoothed,0.002131779247875119,0.0018563383139270275,0.0024443686835416917,1449,1449,1449,1449,,5000,5000,1.0,3021694564,20260901
B1_spatial,2.0,per_class,all,micro,energy_retention,0.2628443310020544,0.25981303894978464,0.2660134558349313,1449,1449,1449,1449,,5000,5000,1.0,3021694564,20260901
B1_spatial,2.0,per_class,all,micro,linear_solve_relative_residual,6.0374407123007444e-06,5.9287079380945605e-06,6.14470506167534e-06,1449,1449,1449,1449,,5000,5000,1.0,3021694564,20260901
B1_spatial,2.0,per_class,all,micro,cg_iterations,11.0,11.0,11.0,1449,1449,1449,1449,,5000,5000,1.0,3021694564,20260901
B1_spatial,2.0,per_class,all,micro,solve_runtime_ms_per_map,0.006191003426531516,0.006162879912743316,0.0062239090681838185,1449,1449,1449,1449,,5000,5000,1.0,3021694564,20260901
B1_spatial,2.0,per_class,all,micro,energy_raw,0.009957076567099824,0.009141937668187503,0.010809139461366472,1449,1449,1449,1449,,5000,5000,1.0,3021694564,20260901
B1_spatial,2.0,per_class,all,micro,energy_smoothed,0.0036187963620680813,0.003203976857453039,0.0040565552950286255,1449,1449,1449,1449,,5000,5000,1.0,3021694564,20260901
B1_spatial,2.0,per_class,all,micro,energy_retention,0.27043946628285903,0.26643224175816327,0.27445735478834127,1449,1449,1449,1449,,5000,5000,1.0,3021694564,20260901
B1_spatial,2.0,per_class,all,micro,linear_solve_relative_residual,5.715680447173182e-06,5.622351415252626e-06,5.809138392651428e-06,1449,1449,1449,1449,,5000,5000,1.0,3021694564,20260901
B1_spatial,2.0,per_class,all,micro,cg_iterations,11.0,11.0,11.0,1449,1449,1449,1449,,5000,5000,1.0,3021694564,20260901
B1_spatial,2.0,per_class,all,micro,solve_runtime_ms_per_map,0.006191003426531516,0.006162879912743316,0.0062239090681838185,1449,1449,1449,1449,,5000,5000,1.0,3021694564,20260901
B1_spatial,2.0,per_class,all,micro,energy_raw,0.006393511016680258,0.00595584542510547,0.006869880416577719,1449,1449,1449,1449,,5000,5000,1.0,3021694564,20260901
B1_spatial,2.0,per_class,all,micro,energy_smoothed,0.002107531238057097,0.0018842929145663104,0.002348859977001654,1449,1449,1449,1449,,5000,5000,1.0,3021694564,20260901
B1_spatial,2.0,per_class,all,micro,energy_retention,0.2620598845250694,0.25862812110685,0.2655748072733975,1449,1449,1449,1449,,5000,5000,1.0,3021694564,20260901
B1_spatial,2.0,per_class,all,micro,linear_solve_relative_residual,5.968309999462772e-06,5.859200012776243e-06,6.0760770316510155e-06,1449,1449,1449,1449,,5000,5000,1.0,3021694564,20260901
B1_spatial,2.0,per_class,all,micro,cg_iterations,11.0,11.0,11.0,1449,1449,1449,1449,,5000,5000,1.0,3021694564,20260901
B1_spatial,2.0,per_class,all,micro,solve_runtime_ms_per_map,0.006191003426531516,0.006162879912743316,0.0062239090681838185,1449,1449,1449,1449,,5000,5000,1.0,3021694564,20260901
B1_spatial,2.0,per_class,all,micro,energy_raw,0.01111014053550741,0.010239166576292216,0.01202550827914973,1449,1449,1449,1449,,5000,5000,1.0,3021694564,20260901
B1_spatial,2.0,per_class,all,micro,energy_smoothed,0.003906076277287714,0.003513069481740666,0.00431872751486599,1449,1449,1449,1449,,5000,5000,1.0,3021694564,20260901
B1_spatial,2.0,per_class,all,micro,energy_retention,0.27675387767202037,0.27281486013758954,0.28074704714201704,1449,1449,1449,1449,,5000,5000,1.0,3021694564,20260901
B1_spatial,2.0,per_class,all,micro,linear_solve_relative_residual,5.3349304272430755e-06,5.232398968415344e-06,5.438042780415288e-06,1449,1449,1449,1449,,5000,5000,1.0,3021694564,20260901
B1_spatial,2.0,per_class,all,micro,cg_iterations,11.0,11.0,11.0,1449,1449,1449,1449,,5000,5000,1.0,3021694564,20260901
B1_spatial,2.0,per_class,all,micro,solve_runtime_ms_per_map,0.006191003426531516,0.006162879912743316,0.0062239090681838185,1449,1449,1449,1449,,5000,5000,1.0,3021694564,20260901
B1_spatial,2.0,per_class,all,micro,energy_raw,0.006466636490436712,0.006023816958561011,0.006965373881337804,1449,1449,1449,1449,,5000,5000,1.0,3021694564,20260901
B1_spatial,2.0,per_class,all,micro,energy_smoothed,0.002254710915754565,0.002010621783807284,0.0025241781468949074,1449,1449,1449,1449,,5000,5000,1.0,3021694564,20260901
B1_spatial,2.0,per_class,all,micro,energy_retention,0.2678862554994923,0.2638351966878251,0.27213586946143375,1449,1449,1449,1449,,5000,5000,1.0,3021694564,20260901
B1_spatial,2.0,per_class,all,micro,linear_solve_relative_residual,6.09531318628562e-06,5.993425651271997e-06,6.2001461968708104e-06,1449,1449,1449,1449,,5000,5000,1.0,3021694564,20260901
B1_spatial,2.0,per_class,all,micro,cg_iterations,11.0,11.0,11.0,1449,1449,1449,1449,,5000,5000,1.0,3021694564,20260901
B1_spatial,2.0,per_class,all,micro,solve_runtime_ms_per_map,0.006191003426531516,0.006162879912743316,0.0062239090681838185,1449,1449,1449,1449,,5000,5000,1.0,3021694564,20260901
B1_spatial,2.0,per_class,all,micro,energy_raw,0.014805474197810158,0.013621389356630518,0.016123353357279716,1449,1449,1449,1449,,5000,5000,1.0,3021694564,20260901
B1_spatial,2.0,per_class,all,micro,energy_smoothed,0.005807343282178623,0.005207412086127215,0.006454566764438639,1449,1449,1449,1449,,5000,5000,1.0,3021694564,20260901
B1_spatial,2.0,per_class,all,micro,energy_retention,0.2790481757097527,0.27446222143842897,0.28380383652441454,1449,1449,1449,1449,,5000,5000,1.0,3021694564,20260901
B1_spatial,2.0,per_class,all,micro,linear_solve_relative_residual,5.516053910697526e-06,5.415180268286936e-06,5.618492171684065e-06,1449,1449,1449,1449,,5000,5000,1.0,3021694564,20260901
B1_spatial,2.0,per_class,all,micro,cg_iterations,11.0,11.0,11.0,1449,1449,1449,1449,,5000,5000,1.0,3021694564,20260901
B1_spatial,2.0,per_class,all,micro,solve_runtime_ms_per_map,0.006191003426531516,0.006162879912743316,0.0062239090681838185,1449,1449,1449,1449,,5000,5000,1.0,3021694564,20260901
B1_spatial,2.0,per_class,all,micro,energy_raw,0.006280327728773378,0.005689001639367655,0.0069325529003274496,1449,1449,1449,1449,,5000,5000,1.0,3021694564,20260901
B1_spatial,2.0,per_class,all,micro,energy_smoothed,0.0023168095720856687,0.001995418886461359,0.002672439356263967,1449,1449,1449,1449,,5000,5000,1.0,3021694564,20260901
B1_spatial,2.0,per_class,all,micro,energy_retention,0.26244607553389915,0.25868815782514004,0.2663026717904726,1449,1449,1449,1449,,5000,5000,1.0,3021694564,20260901
B1_spatial,2.0,per_class,all,micro,linear_solve_relative_residual,6.47559020714525e-06,6.385239401569447e-06,6.569165116144981e-06,1449,1449,1449,1449,,5000,5000,1.0,3021694564,20260901
B1_spatial,2.0,per_class,all,micro,cg_iterations,11.0,11.0,11.0,1449,1449,1449,1449,,5000,5000,1.0,3021694564,20260901
B1_spatial,2.0,per_class,all,micro,solve_runtime_ms_per_map,0.006191003426531516,0.006162879912743316,0.0062239090681838185,1449,1449,1449,1449,,5000,5000,1.0,3021694564,20260901
B1_spatial,2.0,per_class,all,micro,energy_raw,0.007938180970101315,0.007242717637284867,0.008696668813621472,1449,1449,1449,1449,,5000,5000,1.0,3021694564,20260901
B1_spatial,2.0,per_class,all,micro,energy_smoothed,0.0027333328301463664,0.0023955877134329787,0.0031069912560938683,1449,1449,1449,1449,,5000,5000,1.0,3021694564,20260901
B1_spatial,2.0,per_class,all,micro,energy_retention,0.2643926745245916,0.26120430905862957,0.2676180782342899,1449,1449,1449,1449,,5000,5000,1.0,3021694564,20260901
B1_spatial,2.0,per_class,all,micro,linear_solve_relative_residual,5.758149922097187e-06,5.654244698131739e-06,5.867751525886268e-06,1449,1449,1449,1449,,5000,5000,1.0,3021694564,20260901
B1_spatial,2.0,per_class,all,micro,cg_iterations,11.0,11.0,11.0,1449,1449,1449,1449,,5000,5000,1.0,3021694564,20260901
B1_spatial,2.0,per_class,all,micro,solve_runtime_ms_per_map,0.006191003426531516,0.006162879912743316,0.0062239090681838185,1449,1449,1449,1449,,5000,5000,1.0,3021694564,20260901
B1_spatial,2.0,per_class,all,micro,energy_raw,0.007945276000630174,0.007416845416562443,0.008518270449556204,1449,1449,1449,1449,,5000,5000,1.0,3021694564,20260901
B1_spatial,2.0,per_class,all,micro,energy_smoothed,0.0028858449086874693,0.002580220653649727,0.0032201682452092633,1449,1449,1449,1449,,5000,5000,1.0,3021694564,20260901
B1_spatial,2.0,per_class,all,micro,energy_retention,0.2725534614836289,0.26779455203097635,0.2777563408066006,1449,1449,1449,1449,,5000,5000,1.0,3021694564,20260901
B1_spatial,2.0,per_class,all,micro,linear_solve_relative_residual,5.4589063389826e-06,5.349635344081045e-06,5.568815314485408e-06,1449,1449,1449,1449,,5000,5000,1.0,3021694564,20260901
B1_spatial,2.0,per_class,all,micro,cg_iterations,11.0,11.0,11.0,1449,1449,1449,1449,,5000,5000,1.0,3021694564,20260901
B1_spatial,2.0,per_class,all,micro,solve_runtime_ms_per_map,0.006191003426531516,0.006162879912743316,0.0062239090681838185,1449,1449,1449,1449,,5000,5000,1.0,3021694564,20260901
B1_spatial,2.0,per_class,all,micro,energy_raw,0.006688896010021163,0.006193109137774011,0.007227860219292812,1449,1449,1449,1449,,5000,5000,1.0,3021694564,20260901
B1_spatial,2.0,per_class,all,micro,energy_smoothed,0.0021830265004879725,0.0019412451497538771,0.0024387403828878425,1449,1449,1449,1449,,5000,5000,1.0,3021694564,20260901
B1_spatial,2.0,per_class,all,micro,energy_retention,0.25842734840181136,0.2549578573030283,0.26200905240907635,1449,1449,1449,1449,,5000,5000,1.0,3021694564,20260901
B1_spatial,2.0,per_class,all,micro,linear_solve_relative_residual,6.035697843178659e-06,5.923356324955388e-06,6.142862816436564e-06,1449,1449,1449,1449,,5000,5000,1.0,3021694564,20260901
B1_spatial,2.0,per_class,all,micro,cg_iterations,11.0,11.0,11.0,1449,1449,1449,1449,,5000,5000,1.0,3021694564,20260901
B1_spatial,2.0,per_class,all,micro,solve_runtime_ms_per_map,0.006191003426531516,0.006162879912743316,0.0062239090681838185,1449,1449,1449,1449,,5000,5000,1.0,3021694564,20260901
B1_spatial,2.0,per_class,all,micro,energy_raw,0.006977521766040132,0.006507174892552207,0.007463587284641851,1449,1449,1449,1449,,5000,5000,1.0,3021694564,20260901
B1_spatial,2.0,per_class,all,micro,energy_smoothed,0.002370595321770413,0.0021108615931889835,0.002632082668254898,1449,1449,1449,1449,,5000,5000,1.0,3021694564,20260901
B1_spatial,2.0,per_class,all,micro,energy_retention,0.26000789379645745,0.25603745681914364,0.263951964840149,1449,1449,1449,1449,,5000,5000,1.0,3021694564,20260901
B1_spatial,2.0,per_class,all,micro,linear_solve_relative_residual,6.053217685195034e-06,5.949524768260677e-06,6.15926347306298e-06,1449,1449,1449,1449,,5000,5000,1.0,3021694564,20260901
B1_spatial,2.0,per_class,all,micro,cg_iterations,11.0,11.0,11.0,1449,1449,1449,1449,,5000,5000,1.0,3021694564,20260901
B1_spatial,2.0,per_class,all,micro,solve_runtime_ms_per_map,0.006191003426531516,0.006162879912743316,0.0062239090681838185,1449,1449,1449,1449,,5000,5000,1.0,3021694564,20260901
B1_spatial,2.0,per_class,all,micro,energy_raw,0.0222429568860667,0.020734521377083072,0.023750811653348934,1449,1449,1449,1449,,5000,5000,1.0,3021694564,20260901
B1_spatial,2.0,per_class,all,micro,energy_smoothed,0.009227340606902034,0.00851452076534697,0.009943732690073771,1449,1449,1449,1449,,5000,5000,1.0,3021694564,20260901
B1_spatial,2.0,per_class,all,micro,energy_retention,0.33098220130013467,0.32469283370693197,0.3373588303033342,1449,1449,1449,1449,,5000,5000,1.0,3021694564,20260901
B1_spatial,2.0,per_class,all,micro,linear_solve_relative_residual,5.41123681523396e-06,5.3150647864303886e-06,5.509241766524091e-06,1449,1449,1449,1449,,5000,5000,1.0,3021694564,20260901
B1_spatial,2.0,per_class,all,micro,cg_iterations,11.0,11.0,11.0,1449,1449,1449,1449,,5000,5000,1.0,3021694564,20260901
B1_spatial,2.0,per_class,all,micro,solve_runtime_ms_per_map,0.006191003426531516,0.006162879912743316,0.0062239090681838185,1449,1449,1449,1449,,5000,5000,1.0,3021694564,20260901
B1_spatial,2.0,per_class,all,micro,energy_raw,0.010750137634570224,0.009957915669991785,0.011624457153372448,1449,1449,1449,1449,,5000,5000,1.0,3021694564,20260901
B1_spatial,2.0,per_class,all,micro,energy_smoothed,0.0035868486344887893,0.003222096733365642,0.004004008279871872,1449,1449,1449,1449,,5000,5000,1.0,3021694564,20260901
B1_spatial,2.0,per_class,all,micro,energy_retention,0.25747904661731774,0.25372463733605716,0.2612701191325859,1449,1449,1449,1449,,5000,5000,1.0,3021694564,20260901
B1_spatial,2.0,per_class,all,micro,linear_solve_relative_residual,5.31240916841299e-06,5.208844257291254e-06,5.414319138378538e-06,1449,1449,1449,1449,,5000,5000,1.0,3021694564,20260901
B1_spatial,2.0,per_class,all,micro,cg_iterations,11.0,11.0,11.0,1449,1449,1449,1449,,5000,5000,1.0,3021694564,20260901
B1_spatial,2.0,per_class,all,micro,solve_runtime_ms_per_map,0.006191003426531516,0.006162879912743316,0.0062239090681838185,1449,1449,1449,1449,,5000,5000,1.0,3021694564,20260901
B1_spatial,2.0,per_class,all,micro,energy_raw,0.005394981875970672,0.005067931797665212,0.005758246023698309,1449,1449,1449,1449,,5000,5000,1.0,3021694564,20260901
B1_spatial,2.0,per_class,all,micro,energy_smoothed,0.001637414650136079,0.0014790259043729998,0.0018170733044221116,1449,1449,1449,1449,,5000,5000,1.0,3021694564,20260901
B1_spatial,2.0,per_class,all,micro,energy_retention,0.2620519278911659,0.2590267305601108,0.2649465937375652,1449,1449,1449,1449,,5000,5000,1.0,3021694564,20260901
B1_spatial,2.0,per_class,all,micro,linear_solve_relative_residual,6.112250680382242e-06,6.009365260472549e-06,6.219809829722705e-06,1449,1449,1449,1449,,5000,5000,1.0,3021694564,20260901
B1_spatial,2.0,per_class,all,micro,cg_iterations,11.0,11.0,11.0,1449,1449,1449,1449,,5000,5000,1.0,3021694564,20260901
B1_spatial,2.0,per_class,all,micro,solve_runtime_ms_per_map,0.006191003426531516,0.006162879912743316,0.0062239090681838185,1449,1449,1449,1449,,5000,5000,1.0,3021694564,20260901
B1_spatial,2.0,per_class,all,micro,energy_raw,0.011132027114531973,0.010098342718553711,0.012299771747030277,1449,1449,1449,1449,,5000,5000,1.0,3021694564,20260901
B1_spatial,2.0,per_class,all,micro,energy_smoothed,0.004536055327109347,0.003979082483196465,0.005165954031716098,1449,1449,1449,1449,,5000,5000,1.0,3021694564,20260901
B1_spatial,2.0,per_class,all,micro,energy_retention,0.27782366615562626,0.2734188148652874,0.28267202120302587,1449,1449,1449,1449,,5000,5000,1.0,3021694564,20260901
B1_spatial,2.0,per_class,all,micro,linear_solve_relative_residual,5.89343457098656e-06,5.79394043604449e-06,5.998472716352103e-06,1449,1449,1449,1449,,5000,5000,1.0,3021694564,20260901
B1_spatial,2.0,per_class,all,micro,cg_iterations,11.0,11.0,11.0,1449,1449,1449,1449,,5000,5000,1.0,3021694564,20260901
B1_spatial,2.0,per_class,all,micro,solve_runtime_ms_per_map,0.006191003426531516,0.006162879912743316,0.0062239090681838185,1449,1449,1449,1449,,5000,5000,1.0,3021694564,20260901
B1_spatial,2.0,per_class,all,micro,energy_raw,0.0053733743537118395,0.0049774016077802,0.0058076667180879385,1449,1449,1449,1449,,5000,5000,1.0,3021694564,20260901
B1_spatial,2.0,per_class,all,micro,energy_smoothed,0.0017357155522342844,0.0015269226924568644,0.0019643260731921665,1449,1449,1449,1449,,5000,5000,1.0,3021694564,20260901
B1_spatial,2.0,per_class,all,micro,energy_retention,0.2640193207272996,0.26113506631579914,0.26685486947378473,1449,1449,1449,1449,,5000,5000,1.0,3021694564,20260901
B1_spatial,2.0,per_class,all,micro,linear_solve_relative_residual,6.244668936676974e-06,6.143878494146555e-06,6.346483086550472e-06,1449,1449,1449,1449,,5000,5000,1.0,3021694564,20260901
B1_spatial,2.0,per_class,all,micro,cg_iterations,11.0,11.0,11.0,1449,1449,1449,1449,,5000,5000,1.0,3021694564,20260901
B1_spatial,2.0,per_class,all,micro,solve_runtime_ms_per_map,0.006191003426531516,0.006162879912743316,0.0062239090681838185,1449,1449,1449,1449,,5000,5000,1.0,3021694564,20260901
B1_spatial,2.0,per_class,all,micro,energy_raw,0.00786857993076533,0.00728543670919918,0.008496688443451047,1449,1449,1449,1449,,5000,5000,1.0,3021694564,20260901
B1_spatial,2.0,per_class,all,micro,energy_smoothed,0.002636841886627518,0.0023484083475683276,0.0029489083030551978,1449,1449,1449,1449,,5000,5000,1.0,3021694564,20260901
B1_spatial,2.0,per_class,all,micro,energy_retention,0.2669528287554544,0.2635570855372893,0.27040043165168115,1449,1449,1449,1449,,5000,5000,1.0,3021694564,20260901
B1_spatial,2.0,per_class,all,micro,linear_solve_relative_residual,5.6139191993002304e-06,5.5072217308452654e-06,5.718523170034828e-06,1449,1449,1449,1449,,5000,5000,1.0,3021694564,20260901
B1_spatial,2.0,per_class,all,micro,cg_iterations,11.0,11.0,11.0,1449,1449,1449,1449,,5000,5000,1.0,3021694564,20260901
B1_spatial,2.0,per_class,all,micro,solve_runtime_ms_per_map,0.006191003426531516,0.006162879912743316,0.0062239090681838185,1449,1449,1449,1449,,5000,5000,1.0,3021694564,20260901
B1_spatial,4.0,all_class_maps,all,micro,energy_raw,0.008560702559979904,0.008338373786745063,0.008799121273902,1449,1449,28980,28980,,5000,5000,1.0,3021694564,20260901
B1_spatial,4.0,all_class_maps,all,micro,energy_smoothed,0.0020699401625315058,0.001993576527626839,0.0021491049290715135,1449,1449,28980,28980,,5000,5000,1.0,3021694564,20260901
B1_spatial,4.0,all_class_maps,all,micro,energy_retention,0.15997515000978818,0.15867931025685053,0.16130393427540213,1449,1449,28980,28980,,5000,5000,1.0,3021694564,20260901
B1_spatial,4.0,all_class_maps,all,micro,linear_solve_relative_residual,6.122849320065854e-06,6.098155044619475e-06,6.146349161079384e-06,1449,1449,28980,28980,,5000,5000,1.0,3021694564,20260901
B1_spatial,4.0,all_class_maps,all,micro,cg_iterations,15.0,15.0,15.0,1449,1449,28980,28980,,5000,5000,1.0,3021694564,20260901
B1_spatial,4.0,all_class_maps,all,micro,solve_runtime_ms_per_map,0.007876409510159547,0.00784266708916641,0.007915387771633161,1449,1449,28980,28980,,5000,5000,1.0,3021694564,20260901
B1_spatial,4.0,all_class_maps,all,macro_class,energy_raw,0.008560702559979908,0.008338373786745063,0.008799121273902,1449,1449,28980,28980,20,5000,5000,1.0,3021694564,20260901
B1_spatial,4.0,all_class_maps,all,macro_class,energy_smoothed,0.0020699401625315058,0.001993576527626839,0.0021491049290715135,1449,1449,28980,28980,20,5000,5000,1.0,3021694564,20260901
B1_spatial,4.0,all_class_maps,all,macro_class,energy_retention,0.15997515000978818,0.15867931025685053,0.16130393427540213,1449,1449,28980,28980,20,5000,5000,1.0,3021694564,20260901
B1_spatial,4.0,all_class_maps,all,macro_class,linear_solve_relative_residual,6.122849320065854e-06,6.098155044619475e-06,6.146349161079385e-06,1449,1449,28980,28980,20,5000,5000,1.0,3021694564,20260901
B1_spatial,4.0,all_class_maps,all,macro_class,cg_iterations,15.0,15.0,15.0,1449,1449,28980,28980,20,5000,5000,1.0,3021694564,20260901
B1_spatial,4.0,all_class_maps,all,macro_class,solve_runtime_ms_per_map,0.007876409510159553,0.007842667089166411,0.007915387771633158,1449,1449,28980,28980,20,5000,5000,1.0,3021694564,20260901
B1_spatial,4.0,all_class_maps,single_label,micro,energy_raw,0.006739255981066464,0.006525470391181321,0.006959116221324721,927,927,18540,18540,,5000,5000,1.0,3021694564,20260901
B1_spatial,4.0,all_class_maps,single_label,micro,energy_smoothed,0.001415567113458746,0.0013500936605519746,0.0014838161438534643,927,927,18540,18540,,5000,5000,1.0,3021694564,20260901
B1_spatial,4.0,all_class_maps,single_label,micro,energy_retention,0.15077945052002112,0.14927609304362002,0.15229680925285186,927,927,18540,18540,,5000,5000,1.0,3021694564,20260901
B1_spatial,4.0,all_class_maps,single_label,micro,linear_solve_relative_residual,6.052633084046827e-06,6.020445559413048e-06,6.084142929338933e-06,927,927,18540,18540,,5000,5000,1.0,3021694564,20260901
B1_spatial,4.0,all_class_maps,single_label,micro,cg_iterations,15.0,15.0,15.0,927,927,18540,18540,,5000,5000,1.0,3021694564,20260901
B1_spatial,4.0,all_class_maps,single_label,micro,solve_runtime_ms_per_map,0.00787790933915283,0.007837273529958793,0.007928440457542719,927,927,18540,18540,,5000,5000,1.0,3021694564,20260901
B1_spatial,4.0,all_class_maps,single_label,macro_class,energy_raw,0.006739255981066462,0.006525470391181321,0.00695911622132472,927,927,18540,18540,20,5000,5000,1.0,3021694564,20260901
B1_spatial,4.0,all_class_maps,single_label,macro_class,energy_smoothed,0.0014155671134587463,0.0013500936605519746,0.0014838161438534647,927,927,18540,18540,20,5000,5000,1.0,3021694564,20260901
B1_spatial,4.0,all_class_maps,single_label,macro_class,energy_retention,0.1507794505200211,0.14927609304362,0.15229680925285183,927,927,18540,18540,20,5000,5000,1.0,3021694564,20260901
B1_spatial,4.0,all_class_maps,single_label,macro_class,linear_solve_relative_residual,6.052633084046826e-06,6.020445559413048e-06,6.084142929338933e-06,927,927,18540,18540,20,5000,5000,1.0,3021694564,20260901
B1_spatial,4.0,all_class_maps,single_label,macro_class,cg_iterations,15.0,15.0,15.0,927,927,18540,18540,20,5000,5000,1.0,3021694564,20260901
B1_spatial,4.0,all_class_maps,single_label,macro_class,solve_runtime_ms_per_map,0.007877909339152831,0.007837273529958791,0.007928440457542723,927,927,18540,18540,20,5000,5000,1.0,3021694564,20260901
B1_spatial,4.0,all_class_maps,exactly_2_labels,micro,energy_raw,0.010749907921534031,0.010364591250340454,0.011158526960033147,375,375,7500,7500,,5000,5000,1.0,3021694564,20260901
B1_spatial,4.0,all_class_maps,exactly_2_labels,micro,energy_smoothed,0.0028263637471497836,0.002692492903653474,0.00296393639532369,375,375,7500,7500,,5000,5000,1.0,3021694564,20260901
B1_spatial,4.0,all_class_maps,exactly_2_labels,micro,energy_retention,0.1726794269889593,0.17058737630799414,0.17481516995064914,375,375,7500,7500,,5000,5000,1.0,3021694564,20260901
B1_spatial,4.0,all_class_maps,exactly_2_labels,micro,linear_solve_relative_residual,6.230478893606535e-06,6.192078739797277e-06,6.268102614661378e-06,375,375,7500,7500,,5000,5000,1.0,3021694564,20260901
B1_spatial,4.0,all_class_maps,exactly_2_labels,micro,cg_iterations,15.0,15.0,15.0,375,375,7500,7500,,5000,5000,1.0,3021694564,20260901
B1_spatial,4.0,all_class_maps,exactly_2_labels,micro,solve_runtime_ms_per_map,0.00786952650437511,0.007817676074870786,0.007945550385195895,375,375,7500,7500,,5000,5000,1.0,3021694564,20260901
B1_spatial,4.0,all_class_maps,exactly_2_labels,macro_class,energy_raw,0.010749907921534033,0.010364591250340456,0.011158526960033147,375,375,7500,7500,20,5000,5000,1.0,3021694564,20260901
B1_spatial,4.0,all_class_maps,exactly_2_labels,macro_class,energy_smoothed,0.0028263637471497827,0.002692492903653474,0.00296393639532369,375,375,7500,7500,20,5000,5000,1.0,3021694564,20260901
B1_spatial,4.0,all_class_maps,exactly_2_labels,macro_class,energy_retention,0.17267942698895933,0.17058737630799414,0.17481516995064914,375,375,7500,7500,20,5000,5000,1.0,3021694564,20260901
B1_spatial,4.0,all_class_maps,exactly_2_labels,macro_class,linear_solve_relative_residual,6.230478893606535e-06,6.192078739797278e-06,6.268102614661377e-06,375,375,7500,7500,20,5000,5000,1.0,3021694564,20260901
B1_spatial,4.0,all_class_maps,exactly_2_labels,macro_class,cg_iterations,15.0,15.0,15.0,375,375,7500,7500,20,5000,5000,1.0,3021694564,20260901
B1_spatial,4.0,all_class_maps,exactly_2_labels,macro_class,solve_runtime_ms_per_map,0.007869526504375111,0.007817676074870787,0.007945550385195895,375,375,7500,7500,20,5000,5000,1.0,3021694564,20260901
B1_spatial,4.0,all_class_maps,3plus_labels,micro,energy_raw,0.014462260165898015,0.013762959155064397,0.015164014389013812,147,147,2940,2940,,5000,5000,1.0,3021694564,20260901
B1_spatial,4.0,all_class_maps,3plus_labels,micro,energy_smoothed,0.00426684473571922,0.004002716301116367,0.004538402415192668,147,147,2940,2940,,5000,5000,1.0,3021694564,20260901
B1_spatial,4.0,all_class_maps,3plus_labels,micro,energy_retention,0.1855554871514541,0.1824334599952638,0.18858933125774624,147,147,2940,2940,,5000,5000,1.0,3021694564,20260901
B1_spatial,4.0,all_class_maps,3plus_labels,micro,linear_solve_relative_residual,6.2910762636840975e-06,6.233956741968485e-06,6.3487559162903145e-06,147,147,2940,2940,,5000,5000,1.0,3021694564,20260901
B1_spatial,4.0,all_class_maps,3plus_labels,micro,cg_iterations,15.0,15.0,15.0,147,147,2940,2940,,5000,5000,1.0,3021694564,20260901
B1_spatial,4.0,all_class_maps,3plus_labels,micro,solve_runtime_ms_per_map,0.007884510093101002,0.007812779634701148,0.008017180698990652,147,147,2940,2940,,5000,5000,1.0,3021694564,20260901
B1_spatial,4.0,all_class_maps,3plus_labels,macro_class,energy_raw,0.014462260165898019,0.013762959155064399,0.015164014389013812,147,147,2940,2940,20,5000,5000,1.0,3021694564,20260901
B1_spatial,4.0,all_class_maps,3plus_labels,macro_class,energy_smoothed,0.004266844735719219,0.004002716301116366,0.004538402415192668,147,147,2940,2940,20,5000,5000,1.0,3021694564,20260901
B1_spatial,4.0,all_class_maps,3plus_labels,macro_class,energy_retention,0.18555548715145412,0.1824334599952638,0.18858933125774624,147,147,2940,2940,20,5000,5000,1.0,3021694564,20260901
B1_spatial,4.0,all_class_maps,3plus_labels,macro_class,linear_solve_relative_residual,6.2910762636840975e-06,6.233956741968485e-06,6.348755916290314e-06,147,147,2940,2940,20,5000,5000,1.0,3021694564,20260901
B1_spatial,4.0,all_class_maps,3plus_labels,macro_class,cg_iterations,15.0,15.0,15.0,147,147,2940,2940,20,5000,5000,1.0,3021694564,20260901
B1_spatial,4.0,all_class_maps,3plus_labels,macro_class,solve_runtime_ms_per_map,0.007884510093101002,0.007812779634701148,0.008017180698990652,147,147,2940,2940,20,5000,5000,1.0,3021694564,20260901
B1_spatial,4.0,per_class,all,micro,energy_raw,0.00530993061514894,0.004943089206292702,0.005718123036914529,1449,1449,1449,1449,,5000,5000,1.0,3021694564,20260901
B1_spatial,4.0,per_class,all,micro,energy_smoothed,0.0010587236807809203,0.0009129869644549099,0.0012202240406680622,1449,1449,1449,1449,,5000,5000,1.0,3021694564,20260901
B1_spatial,4.0,per_class,all,micro,energy_retention,0.14988920684926998,0.1472516992256004,0.1526022197015383,1449,1449,1449,1449,,5000,5000,1.0,3021694564,20260901
B1_spatial,4.0,per_class,all,micro,linear_solve_relative_residual,6.022306974199084e-06,5.9603901772042035e-06,6.084395384919848e-06,1449,1449,1449,1449,,5000,5000,1.0,3021694564,20260901
B1_spatial,4.0,per_class,all,micro,cg_iterations,15.0,15.0,15.0,1449,1449,1449,1449,,5000,5000,1.0,3021694564,20260901
B1_spatial,4.0,per_class,all,micro,solve_runtime_ms_per_map,0.007876409510159553,0.00784266708916641,0.00791538777163316,1449,1449,1449,1449,,5000,5000,1.0,3021694564,20260901
B1_spatial,4.0,per_class,all,micro,energy_raw,0.0070947752169637415,0.006508934517418583,0.0077445165854128336,1449,1449,1449,1449,,5000,5000,1.0,3021694564,20260901
B1_spatial,4.0,per_class,all,micro,energy_smoothed,0.0015774364840589416,0.00135694131391741,0.0018137095135434087,1449,1449,1449,1449,,5000,5000,1.0,3021694564,20260901
B1_spatial,4.0,per_class,all,micro,energy_retention,0.15054030827997963,0.14762100980811854,0.153568469073554,1449,1449,1449,1449,,5000,5000,1.0,3021694564,20260901
B1_spatial,4.0,per_class,all,micro,linear_solve_relative_residual,6.10463019704242e-06,6.037608688655877e-06,6.1738317304133595e-06,1449,1449,1449,1449,,5000,5000,1.0,3021694564,20260901
B1_spatial,4.0,per_class,all,micro,cg_iterations,15.0,15.0,15.0,1449,1449,1449,1449,,5000,5000,1.0,3021694564,20260901
B1_spatial,4.0,per_class,all,micro,solve_runtime_ms_per_map,0.007876409510159553,0.00784266708916641,0.00791538777163316,1449,1449,1449,1449,,5000,5000,1.0,3021694564,20260901
B1_spatial,4.0,per_class,all,micro,energy_raw,0.005048328512406081,0.004822067210172465,0.005314184360163064,1449,1449,1449,1449,,5000,5000,1.0,3021694564,20260901
B1_spatial,4.0,per_class,all,micro,energy_smoothed,0.0008289928570352951,0.0007531286674033199,0.0009195206929197981,1449,1449,1449,1449,,5000,5000,1.0,3021694564,20260901
B1_spatial,4.0,per_class,all,micro,energy_retention,0.14020090179454878,0.138119934120693,0.14240818266301133,1449,1449,1449,1449,,5000,5000,1.0,3021694564,20260901
B1_spatial,4.0,per_class,all,micro,linear_solve_relative_residual,6.114932768645864e-06,6.052165158007137e-06,6.177011884506525e-06,1449,1449,1449,1449,,5000,5000,1.0,3021694564,20260901
B1_spatial,4.0,per_class,all,micro,cg_iterations,15.0,15.0,15.0,1449,1449,1449,1449,,5000,5000,1.0,3021694564,20260901
B1_spatial,4.0,per_class,all,micro,solve_runtime_ms_per_map,0.007876409510159553,0.00784266708916641,0.00791538777163316,1449,1449,1449,1449,,5000,5000,1.0,3021694564,20260901
B1_spatial,4.0,per_class,all,micro,energy_raw,0.006435917776362075,0.005913880181168942,0.007024060059068056,1449,1449,1449,1449,,5000,5000,1.0,3021694564,20260901
B1_spatial,4.0,per_class,all,micro,energy_smoothed,0.0013996485357999184,0.0011863594459796654,0.0016434366291189339,1449,1449,1449,1449,,5000,5000,1.0,3021694564,20260901
B1_spatial,4.0,per_class,all,micro,energy_retention,0.15381819952287043,0.1511218465088235,0.15670710649223082,1449,1449,1449,1449,,5000,5000,1.0,3021694564,20260901
B1_spatial,4.0,per_class,all,micro,linear_solve_relative_residual,6.0687595513551505e-06,6.004547558983764e-06,6.132495800409578e-06,1449,1449,1449,1449,,5000,5000,1.0,3021694564,20260901
B1_spatial,4.0,per_class,all,micro,cg_iterations,15.0,15.0,15.0,1449,1449,1449,1449,,5000,5000,1.0,3021694564,20260901
B1_spatial,4.0,per_class,all,micro,solve_runtime_ms_per_map,0.007876409510159553,0.00784266708916641,0.00791538777163316,1449,1449,1449,1449,,5000,5000,1.0,3021694564,20260901
B1_spatial,4.0,per_class,all,micro,energy_raw,0.009957076567099824,0.009141937668187503,0.010809139461366472,1449,1449,1449,1449,,5000,5000,1.0,3021694564,20260901
B1_spatial,4.0,per_class,all,micro,energy_smoothed,0.0024586294796390927,0.002142192043603949,0.002792647694166287,1449,1449,1449,1449,,5000,5000,1.0,3021694564,20260901
B1_spatial,4.0,per_class,all,micro,energy_retention,0.16310270837128285,0.15948430401799474,0.1666872826842572,1449,1449,1449,1449,,5000,5000,1.0,3021694564,20260901
B1_spatial,4.0,per_class,all,micro,linear_solve_relative_residual,5.989736542704071e-06,5.920426433428818e-06,6.057192462478911e-06,1449,1449,1449,1449,,5000,5000,1.0,3021694564,20260901
B1_spatial,4.0,per_class,all,micro,cg_iterations,15.0,15.0,15.0,1449,1449,1449,1449,,5000,5000,1.0,3021694564,20260901
B1_spatial,4.0,per_class,all,micro,solve_runtime_ms_per_map,0.007876409510159553,0.00784266708916641,0.00791538777163316,1449,1449,1449,1449,,5000,5000,1.0,3021694564,20260901
B1_spatial,4.0,per_class,all,micro,energy_raw,0.006393511016680258,0.00595584542510547,0.006869880416577719,1449,1449,1449,1449,,5000,5000,1.0,3021694564,20260901
B1_spatial,4.0,per_class,all,micro,energy_smoothed,0.001376482092993854,0.0012104100979154033,0.001557439858732284,1449,1449,1449,1449,,5000,5000,1.0,3021694564,20260901
B1_spatial,4.0,per_class,all,micro,energy_retention,0.15512644440408738,0.15207748291930448,0.15828291959482135,1449,1449,1449,1449,,5000,5000,1.0,3021694564,20260901
B1_spatial,4.0,per_class,all,micro,linear_solve_relative_residual,6.0620379059687096e-06,6.00074855330806e-06,6.124850302332814e-06,1449,1449,1449,1449,,5000,5000,1.0,3021694564,20260901
B1_spatial,4.0,per_class,all,micro,cg_iterations,15.0,15.0,15.0,1449,1449,1449,1449,,5000,5000,1.0,3021694564,20260901
B1_spatial,4.0,per_class,all,micro,solve_runtime_ms_per_map,0.007876409510159553,0.00784266708916641,0.00791538777163316,1449,1449,1449,1449,,5000,5000,1.0,3021694564,20260901
B1_spatial,4.0,per_class,all,micro,energy_raw,0.01111014053550741,0.010239166576292216,0.01202550827914973,1449,1449,1449,1449,,5000,5000,1.0,3021694564,20260901
B1_spatial,4.0,per_class,all,micro,energy_smoothed,0.0026394073457470463,0.002350782506140713,0.002941537778831447,1449,1449,1449,1449,,5000,5000,1.0,3021694564,20260901
B1_spatial,4.0,per_class,all,micro,energy_retention,0.16901714057552972,0.16540833459145102,0.17270540209760885,1449,1449,1449,1449,,5000,5000,1.0,3021694564,20260901
B1_spatial,4.0,per_class,all,micro,linear_solve_relative_residual,6.3260002612405185e-06,6.253416547573945e-06,6.394108939206881e-06,1449,1449,1449,1449,,5000,5000,1.0,3021694564,20260901
B1_spatial,4.0,per_class,all,micro,cg_iterations,15.0,15.0,15.0,1449,1449,1449,1449,,5000,5000,1.0,3021694564,20260901
B1_spatial,4.0,per_class,all,micro,solve_runtime_ms_per_map,0.007876409510159553,0.00784266708916641,0.00791538777163316,1449,1449,1449,1449,,5000,5000,1.0,3021694564,20260901
B1_spatial,4.0,per_class,all,micro,energy_raw,0.006466636490436712,0.006023816958561011,0.006965373881337804,1449,1449,1449,1449,,5000,5000,1.0,3021694564,20260901
B1_spatial,4.0,per_class,all,micro,energy_smoothed,0.001515558365126413,0.0013272128296525879,0.001724159794548886,1449,1449,1449,1449,,5000,5000,1.0,3021694564,20260901
B1_spatial,4.0,per_class,all,micro,energy_retention,0.15963789794447505,0.15589893775355143,0.1635735754039347,1449,1449,1449,1449,,5000,5000,1.0,3021694564,20260901
B1_spatial,4.0,per_class,all,micro,linear_solve_relative_residual,6.081894781867503e-06,6.016750678269082e-06,6.145490746973988e-06,1449,1449,1449,1449,,5000,5000,1.0,3021694564,20260901
B1_spatial,4.0,per_class,all,micro,cg_iterations,15.0,15.0,15.0,1449,1449,1449,1449,,5000,5000,1.0,3021694564,20260901
B1_spatial,4.0,per_class,all,micro,solve_runtime_ms_per_map,0.007876409510159553,0.00784266708916641,0.00791538777163316,1449,1449,1449,1449,,5000,5000,1.0,3021694564,20260901
B1_spatial,4.0,per_class,all,micro,energy_raw,0.014805474197810158,0.013621389356630518,0.016123353357279716,1449,1449,1449,1449,,5000,5000,1.0,3021694564,20260901
B1_spatial,4.0,per_class,all,micro,energy_smoothed,0.004056148246264332,0.003601537770370636,0.004543081955532402,1449,1449,1449,1449,,5000,5000,1.0,3021694564,20260901
B1_spatial,4.0,per_class,all,micro,energy_retention,0.1713861027479254,0.16726281378942678,0.17575025377297623,1449,1449,1449,1449,,5000,5000,1.0,3021694564,20260901
B1_spatial,4.0,per_class,all,micro,linear_solve_relative_residual,6.262148131529775e-06,6.191832231148941e-06,6.329023798588561e-06,1449,1449,1449,1449,,5000,5000,1.0,3021694564,20260901
B1_spatial,4.0,per_class,all,micro,cg_iterations,15.0,15.0,15.0,1449,1449,1449,1449,,5000,5000,1.0,3021694564,20260901
B1_spatial,4.0,per_class,all,micro,solve_runtime_ms_per_map,0.007876409510159553,0.00784266708916641,0.00791538777163316,1449,1449,1449,1449,,5000,5000,1.0,3021694564,20260901
B1_spatial,4.0,per_class,all,micro,energy_raw,0.006280327728773378,0.005689001639367655,0.0069325529003274496,1449,1449,1449,1449,,5000,5000,1.0,3021694564,20260901
B1_spatial,4.0,per_class,all,micro,energy_smoothed,0.0016119848263270484,0.0013558652353425566,0.001890014690968098,1449,1449,1449,1449,,5000,5000,1.0,3021694564,20260901
B1_spatial,4.0,per_class,all,micro,energy_retention,0.15474307977737764,0.15121617304782073,0.15841573888128732,1449,1449,1449,1449,,5000,5000,1.0,3021694564,20260901
B1_spatial,4.0,per_class,all,micro,linear_solve_relative_residual,5.848325349986964e-06,5.788441946780191e-06,5.908667926085273e-06,1449,1449,1449,1449,,5000,5000,1.0,3021694564,20260901
B1_spatial,4.0,per_class,all,micro,cg_iterations,15.0,15.0,15.0,1449,1449,1449,1449,,5000,5000,1.0,3021694564,20260901
B1_spatial,4.0,per_class,all,micro,solve_runtime_ms_per_map,0.007876409510159553,0.00784266708916641,0.00791538777163316,1449,1449,1449,1449,,5000,5000,1.0,3021694564,20260901
B1_spatial,4.0,per_class,all,micro,energy_raw,0.007938180970101315,0.007242717637284867,0.008696668813621472,1449,1449,1449,1449,,5000,5000,1.0,3021694564,20260901
B1_spatial,4.0,per_class,all,micro,energy_smoothed,0.0018110055820852533,0.0015635065013376204,0.002088626552087465,1449,1449,1449,1449,,5000,5000,1.0,3021694564,20260901
B1_spatial,4.0,per_class,all,micro,energy_retention,0.1554913011767109,0.1526245630096215,0.15840013035328185,1449,1449,1449,1449,,5000,5000,1.0,3021694564,20260901
B1_spatial,4.0,per_class,all,micro,linear_solve_relative_residual,6.1378686197570144e-06,6.070612592944107e-06,6.20432898559256e-06,1449,1449,1449,1449,,5000,5000,1.0,3021694564,20260901
B1_spatial,4.0,per_class,all,micro,cg_iterations,15.0,15.0,15.0,1449,1449,1449,1449,,5000,5000,1.0,3021694564,20260901
B1_spatial,4.0,per_class,all,micro,solve_runtime_ms_per_map,0.007876409510159553,0.00784266708916641,0.00791538777163316,1449,1449,1449,1449,,5000,5000,1.0,3021694564,20260901
B1_spatial,4.0,per_class,all,micro,energy_raw,0.007945276000630174,0.007416845416562443,0.008518270449556204,1449,1449,1449,1449,,5000,5000,1.0,3021694564,20260901
B1_spatial,4.0,per_class,all,micro,energy_smoothed,0.0020057033753500425,0.0017620410107375259,0.002272809301607145,1449,1449,1449,1449,,5000,5000,1.0,3021694564,20260901
B1_spatial,4.0,per_class,all,micro,energy_retention,0.1659129034853788,0.16151413228851277,0.1707805784443603,1449,1449,1449,1449,,5000,5000,1.0,3021694564,20260901
B1_spatial,4.0,per_class,all,micro,linear_solve_relative_residual,6.382662257719877e-06,6.312955140277006e-06,6.4493989457696695e-06,1449,1449,1449,1449,,5000,5000,1.0,3021694564,20260901
B1_spatial,4.0,per_class,all,micro,cg_iterations,15.0,15.0,15.0,1449,1449,1449,1449,,5000,5000,1.0,3021694564,20260901
B1_spatial,4.0,per_class,all,micro,solve_runtime_ms_per_map,0.007876409510159553,0.00784266708916641,0.00791538777163316,1449,1449,1449,1449,,5000,5000,1.0,3021694564,20260901
B1_spatial,4.0,per_class,all,micro,energy_raw,0.006688896010021163,0.006193109137774011,0.007227860219292812,1449,1449,1449,1449,,5000,5000,1.0,3021694564,20260901
B1_spatial,4.0,per_class,all,micro,energy_smoothed,0.0014263851123069316,0.0012441783848071112,0.001616879268337029,1449,1449,1449,1449,,5000,5000,1.0,3021694564,20260901
B1_spatial,4.0,per_class,all,micro,energy_retention,0.150769769651796,0.1476234899570277,0.1540526559976173,1449,1449,1449,1449,,5000,5000,1.0,3021694564,20260901
B1_spatial,4.0,per_class,all,micro,linear_solve_relative_residual,6.150118620528465e-06,6.089067081117623e-06,6.212945222733765e-06,1449,1449,1449,1449,,5000,5000,1.0,3021694564,20260901
B1_spatial,4.0,per_class,all,micro,cg_iterations,15.0,15.0,15.0,1449,1449,1449,1449,,5000,5000,1.0,3021694564,20260901
B1_spatial,4.0,per_class,all,micro,solve_runtime_ms_per_map,0.007876409510159553,0.00784266708916641,0.00791538777163316,1449,1449,1449,1449,,5000,5000,1.0,3021694564,20260901
B1_spatial,4.0,per_class,all,micro,energy_raw,0.006977521766040132,0.006507174892552207,0.007463587284641851,1449,1449,1449,1449,,5000,5000,1.0,3021694564,20260901
B1_spatial,4.0,per_class,all,micro,energy_smoothed,0.0015886182731650242,0.001389477341449307,0.0017884400458301228,1449,1449,1449,1449,,5000,5000,1.0,3021694564,20260901
B1_spatial,4.0,per_class,all,micro,energy_retention,0.1531176589496223,0.14947360084064978,0.15677482465846404,1449,1449,1449,1449,,5000,5000,1.0,3021694564,20260901
B1_spatial,4.0,per_class,all,micro,linear_solve_relative_residual,6.036361658191893e-06,5.97177823945099e-06,6.099164662685477e-06,1449,1449,1449,1449,,5000,5000,1.0,3021694564,20260901
B1_spatial,4.0,per_class,all,micro,cg_iterations,15.0,15.0,15.0,1449,1449,1449,1449,,5000,5000,1.0,3021694564,20260901
B1_spatial,4.0,per_class,all,micro,solve_runtime_ms_per_map,0.007876409510159553,0.00784266708916641,0.00791538777163316,1449,1449,1449,1449,,5000,5000,1.0,3021694564,20260901
B1_spatial,4.0,per_class,all,micro,energy_raw,0.0222429568860667,0.020734521377083072,0.023750811653348934,1449,1449,1449,1449,,5000,5000,1.0,3021694564,20260901
B1_spatial,4.0,per_class,all,micro,energy_smoothed,0.006553104714809591,0.0060216413256681325,0.007091616968723676,1449,1449,1449,1449,,5000,5000,1.0,3021694564,20260901
B1_spatial,4.0,per_class,all,micro,energy_retention,0.21823821616859745,0.21244547040393902,0.22414224209640563,1449,1449,1449,1449,,5000,5000,1.0,3021694564,20260901
B1_spatial,4.0,per_class,all,micro,linear_solve_relative_residual,6.194024149141746e-06,6.119706300354203e-06,6.26987574964221e-06,1449,1449,1449,1449,,5000,5000,1.0,3021694564,20260901
B1_spatial,4.0,per_class,all,micro,cg_iterations,15.0,15.0,15.0,1449,1449,1449,1449,,5000,5000,1.0,3021694564,20260901
B1_spatial,4.0,per_class,all,micro,solve_runtime_ms_per_map,0.007876409510159553,0.00784266708916641,0.00791538777163316,1449,1449,1449,1449,,5000,5000,1.0,3021694564,20260901
B1_spatial,4.0,per_class,all,micro,energy_raw,0.010750137634570224,0.009957915669991785,0.011624457153372448,1449,1449,1449,1449,,5000,5000,1.0,3021694564,20260901
B1_spatial,4.0,per_class,all,micro,energy_smoothed,0.0023850912078168195,0.0021174550505257063,0.002689694143098299,1449,1449,1449,1449,,5000,5000,1.0,3021694564,20260901
B1_spatial,4.0,per_class,all,micro,energy_retention,0.15439896077287862,0.15104729042518975,0.15776689722491305,1449,1449,1449,1449,,5000,5000,1.0,3021694564,20260901
B1_spatial,4.0,per_class,all,micro,linear_solve_relative_residual,6.272964550849533e-06,6.203833458070776e-06,6.343194158801448e-06,1449,1449,1449,1449,,5000,5000,1.0,3021694564,20260901
B1_spatial,4.0,per_class,all,micro,cg_iterations,15.0,15.0,15.0,1449,1449,1449,1449,,5000,5000,1.0,3021694564,20260901
B1_spatial,4.0,per_class,all,micro,solve_runtime_ms_per_map,0.007876409510159553,0.00784266708916641,0.00791538777163316,1449,1449,1449,1449,,5000,5000,1.0,3021694564,20260901
B1_spatial,4.0,per_class,all,micro,energy_raw,0.005394981875970672,0.005067931797665212,0.005758246023698309,1449,1449,1449,1449,,5000,5000,1.0,3021694564,20260901
B1_spatial,4.0,per_class,all,micro,energy_smoothed,0.0010218285525900879,0.0009049210628368725,0.0011550958018513927,1449,1449,1449,1449,,5000,5000,1.0,3021694564,20260901
B1_spatial,4.0,per_class,all,micro,energy_retention,0.15177718556651254,0.14909566811345687,0.15439654813052311,1449,1449,1449,1449,,5000,5000,1.0,3021694564,20260901
B1_spatial,4.0,per_class,all,micro,linear_solve_relative_residual,6.129956727473134e-06,6.067711825506061e-06,6.194591971590816e-06,1449,1449,1449,1449,,5000,5000,1.0,3021694564,20260901
B1_spatial,4.0,per_class,all,micro,cg_iterations,15.0,15.0,15.0,1449,1449,1449,1449,,5000,5000,1.0,3021694564,20260901
B1_spatial,4.0,per_class,all,micro,solve_runtime_ms_per_map,0.007876409510159553,0.00784266708916641,0.00791538777163316,1449,1449,1449,1449,,5000,5000,1.0,3021694564,20260901
B1_spatial,4.0,per_class,all,micro,energy_raw,0.011132027114531973,0.010098342718553711,0.012299771747030277,1449,1449,1449,1449,,5000,5000,1.0,3021694564,20260901
B1_spatial,4.0,per_class,all,micro,energy_smoothed,0.0032155766911517694,0.0027847615854237574,0.0037079310448891235,1449,1449,1449,1449,,5000,5000,1.0,3021694564,20260901
B1_spatial,4.0,per_class,all,micro,energy_retention,0.16839493591058163,0.1642231170564962,0.17287627251637525,1449,1449,1449,1449,,5000,5000,1.0,3021694564,20260901
B1_spatial,4.0,per_class,all,micro,linear_solve_relative_residual,6.097751548642367e-06,6.032026920189533e-06,6.162547161465038e-06,1449,1449,1449,1449,,5000,5000,1.0,3021694564,20260901
B1_spatial,4.0,per_class,all,micro,cg_iterations,15.0,15.0,15.0,1449,1449,1449,1449,,5000,5000,1.0,3021694564,20260901
B1_spatial,4.0,per_class,all,micro,solve_runtime_ms_per_map,0.007876409510159553,0.00784266708916641,0.00791538777163316,1449,1449,1449,1449,,5000,5000,1.0,3021694564,20260901
B1_spatial,4.0,per_class,all,micro,energy_raw,0.0053733743537118395,0.0049774016077802,0.0058076667180879385,1449,1449,1449,1449,,5000,5000,1.0,3021694564,20260901
B1_spatial,4.0,per_class,all,micro,energy_smoothed,0.0011238579617132251,0.0009630038923203064,0.001300739064071798,1449,1449,1449,1449,,5000,5000,1.0,3021694564,20260901
B1_spatial,4.0,per_class,all,micro,energy_retention,0.1542304490684558,0.15156405403544218,0.15686147935236008,1449,1449,1449,1449,,5000,5000,1.0,3021694564,20260901
B1_spatial,4.0,per_class,all,micro,linear_solve_relative_residual,5.928286254493036e-06,5.868301608241826e-06,5.989592569300486e-06,1449,1449,1449,1449,,5000,5000,1.0,3021694564,20260901
B1_spatial,4.0,per_class,all,micro,cg_iterations,15.0,15.0,15.0,1449,1449,1449,1449,,5000,5000,1.0,3021694564,20260901
B1_spatial,4.0,per_class,all,micro,solve_runtime_ms_per_map,0.007876409510159553,0.00784266708916641,0.00791538777163316,1449,1449,1449,1449,,5000,5000,1.0,3021694564,20260901
B1_spatial,4.0,per_class,all,micro,energy_raw,0.00786857993076533,0.00728543670919918,0.008496688443451047,1449,1449,1449,1449,,5000,5000,1.0,3021694564,20260901
B1_spatial,4.0,per_class,all,micro,energy_smoothed,0.0017446198658685067,0.001525820088361702,0.001979835585795449,1449,1449,1449,1449,,5000,5000,1.0,3021694564,20260901
B1_spatial,4.0,per_class,all,micro,energy_retention,0.15970962917788264,0.15670898943545594,0.16277439519467335,1449,1449,1449,1449,,5000,5000,1.0,3021694564,20260901
B1_spatial,4.0,per_class,all,micro,linear_solve_relative_residual,6.246219549979943e-06,6.174005877233412e-06,6.315379557091478e-06,1449,1449,1449,1449,,5000,5000,1.0,3021694564,20260901
B1_spatial,4.0,per_class,all,micro,cg_iterations,15.0,15.0,15.0,1449,1449,1449,1449,,5000,5000,1.0,3021694564,20260901
B1_spatial,4.0,per_class,all,micro,solve_runtime_ms_per_map,0.007876409510159553,0.00784266708916641,0.00791538777163316,1449,1449,1449,1449,,5000,5000,1.0,3021694564,20260901
B2_feature,0.25,all_class_maps,all,micro,energy_raw,0.008956597696880028,0.008721826173557897,0.009209081520289037,1449,1449,28980,28980,,5000,5000,1.0,3021694564,20260901
B2_feature,0.25,all_class_maps,all,micro,energy_smoothed,0.00678351507155807,0.006591937092678569,0.006988427935059806,1449,1449,28980,28980,,5000,5000,1.0,3021694564,20260901
B2_feature,0.25,all_class_maps,all,micro,energy_retention,0.7032421944098608,0.7021092812389937,0.7043683024471159,1449,1449,28980,28980,,5000,5000,1.0,3021694564,20260901
B2_feature,0.25,all_class_maps,all,micro,linear_solve_relative_residual,5.239949007952056e-06,5.2115386907320384e-06,5.268398643267471e-06,1449,1449,28980,28980,,5000,5000,1.0,3021694564,20260901
B2_feature,0.25,all_class_maps,all,micro,cg_iterations,5.0,5.0,5.0,1449,1449,28980,28980,,5000,5000,1.0,3021694564,20260901
B2_feature,0.25,all_class_maps,all,micro,solve_runtime_ms_per_map,0.003304701802057899,0.003290499138503329,0.0033208765213995693,1449,1449,28980,28980,,5000,5000,1.0,3021694564,20260901
B2_feature,0.25,all_class_maps,all,macro_class,energy_raw,0.008956597696880026,0.008721826173557897,0.009209081520289037,1449,1449,28980,28980,20,5000,5000,1.0,3021694564,20260901
B2_feature,0.25,all_class_maps,all,macro_class,energy_smoothed,0.006783515071558069,0.00659193709267857,0.006988427935059807,1449,1449,28980,28980,20,5000,5000,1.0,3021694564,20260901
B2_feature,0.25,all_class_maps,all,macro_class,energy_retention,0.7032421944098607,0.7021092812389937,0.7043683024471159,1449,1449,28980,28980,20,5000,5000,1.0,3021694564,20260901
B2_feature,0.25,all_class_maps,all,macro_class,linear_solve_relative_residual,5.2399490079520566e-06,5.211538690732038e-06,5.26839864326747e-06,1449,1449,28980,28980,20,5000,5000,1.0,3021694564,20260901
B2_feature,0.25,all_class_maps,all,macro_class,cg_iterations,5.0,5.0,5.0,1449,1449,28980,28980,20,5000,5000,1.0,3021694564,20260901
B2_feature,0.25,all_class_maps,all,macro_class,solve_runtime_ms_per_map,0.0033047018020579003,0.0032904991385033283,0.0033208765213995693,1449,1449,28980,28980,20,5000,5000,1.0,3021694564,20260901
B2_feature,0.25,all_class_maps,single_label,micro,energy_raw,0.007069171715664407,0.006839880156581145,0.00729974142602533,927,927,18540,18540,,5000,5000,1.0,3021694564,20260901
B2_feature,0.25,all_class_maps,single_label,micro,energy_smoothed,0.005208996312330832,0.005026461370303139,0.005393067256753404,927,927,18540,18540,,5000,5000,1.0,3021694564,20260901
B2_feature,0.25,all_class_maps,single_label,micro,energy_retention,0.6960090076749764,0.6946869242475836,0.6973472366744838,927,927,18540,18540,,5000,5000,1.0,3021694564,20260901
B2_feature,0.25,all_class_maps,single_label,micro,linear_solve_relative_residual,5.261671683433682e-06,5.22699478219351e-06,5.295546478812703e-06,927,927,18540,18540,,5000,5000,1.0,3021694564,20260901
B2_feature,0.25,all_class_maps,single_label,micro,cg_iterations,5.0,5.0,5.0,927,927,18540,18540,,5000,5000,1.0,3021694564,20260901
B2_feature,0.25,all_class_maps,single_label,micro,solve_runtime_ms_per_map,0.0033057179982301423,0.003288586798270051,0.0033271122911715527,927,927,18540,18540,,5000,5000,1.0,3021694564,20260901
B2_feature,0.25,all_class_maps,single_label,macro_class,energy_raw,0.007069171715664407,0.006839880156581145,0.007299741426025329,927,927,18540,18540,20,5000,5000,1.0,3021694564,20260901
B2_feature,0.25,all_class_maps,single_label,macro_class,energy_smoothed,0.005208996312330833,0.005026461370303139,0.005393067256753404,927,927,18540,18540,20,5000,5000,1.0,3021694564,20260901
B2_feature,0.25,all_class_maps,single_label,macro_class,energy_retention,0.6960090076749763,0.6946869242475836,0.6973472366744838,927,927,18540,18540,20,5000,5000,1.0,3021694564,20260901
B2_feature,0.25,all_class_maps,single_label,macro_class,linear_solve_relative_residual,5.261671683433682e-06,5.226994782193511e-06,5.295546478812703e-06,927,927,18540,18540,20,5000,5000,1.0,3021694564,20260901
B2_feature,0.25,all_class_maps,single_label,macro_class,cg_iterations,5.0,5.0,5.0,927,927,18540,18540,20,5000,5000,1.0,3021694564,20260901
B2_feature,0.25,all_class_maps,single_label,macro_class,solve_runtime_ms_per_map,0.003305717998230143,0.0032885867982700516,0.0033271122911715523,927,927,18540,18540,20,5000,5000,1.0,3021694564,20260901
B2_feature,0.25,all_class_maps,exactly_2_labels,micro,energy_raw,0.011238184535394734,0.010844686388792083,0.011660325369330045,375,375,7500,7500,,5000,5000,1.0,3021694564,20260901
B2_feature,0.25,all_class_maps,exactly_2_labels,micro,energy_smoothed,0.008670550017540033,0.008343632965746025,0.009020751475558307,375,375,7500,7500,,5000,5000,1.0,3021694564,20260901
B2_feature,0.25,all_class_maps,exactly_2_labels,micro,energy_retention,0.7132582359075547,0.7114378623960416,0.7150717363782724,375,375,7500,7500,,5000,5000,1.0,3021694564,20260901
B2_feature,0.25,all_class_maps,exactly_2_labels,micro,linear_solve_relative_residual,5.25782863905988e-06,5.200680779124506e-06,5.311672878737757e-06,375,375,7500,7500,,5000,5000,1.0,3021694564,20260901
B2_feature,0.25,all_class_maps,exactly_2_labels,micro,cg_iterations,5.0,5.0,5.0,375,375,7500,7500,,5000,5000,1.0,3021694564,20260901
B2_feature,0.25,all_class_maps,exactly_2_labels,micro,solve_runtime_ms_per_map,0.003300745390933352,0.0032790401899789384,0.003332623112960223,375,375,7500,7500,,5000,5000,1.0,3021694564,20260901
B2_feature,0.25,all_class_maps,exactly_2_labels,macro_class,energy_raw,0.01123818453539473,0.010844686388792086,0.011660325369330043,375,375,7500,7500,20,5000,5000,1.0,3021694564,20260901
B2_feature,0.25,all_class_maps,exactly_2_labels,macro_class,energy_smoothed,0.008670550017540034,0.008343632965746027,0.009020751475558307,375,375,7500,7500,20,5000,5000,1.0,3021694564,20260901
B2_feature,0.25,all_class_maps,exactly_2_labels,macro_class,energy_retention,0.7132582359075547,0.7114378623960416,0.7150717363782725,375,375,7500,7500,20,5000,5000,1.0,3021694564,20260901
B2_feature,0.25,all_class_maps,exactly_2_labels,macro_class,linear_solve_relative_residual,5.25782863905988e-06,5.200680779124506e-06,5.311672878737757e-06,375,375,7500,7500,20,5000,5000,1.0,3021694564,20260901
B2_feature,0.25,all_class_maps,exactly_2_labels,macro_class,cg_iterations,5.0,5.0,5.0,375,375,7500,7500,20,5000,5000,1.0,3021694564,20260901
B2_feature,0.25,all_class_maps,exactly_2_labels,macro_class,solve_runtime_ms_per_map,0.0033007453909333503,0.0032790401899789393,0.0033326231129602235,375,375,7500,7500,20,5000,5000,1.0,3021694564,20260901
B2_feature,0.25,all_class_maps,3plus_labels,micro,energy_raw,0.015038562459763469,0.014316180872184076,0.01575168666814899,147,147,2940,2940,,5000,5000,1.0,3021694564,20260901
B2_feature,0.25,all_class_maps,3plus_labels,micro,energy_smoothed,0.0118987585073432,0.011297854357674246,0.012500268075651596,147,147,2940,2940,,5000,5000,1.0,3021694564,20260901
B2_feature,0.25,all_class_maps,3plus_labels,micro,energy_retention,0.7233044293867488,0.720912712095242,0.7256342385638328,147,147,2940,2940,,5000,5000,1.0,3021694564,20260901
B2_feature,0.25,all_class_maps,3plus_labels,micro,linear_solve_relative_residual,5.057351852598981e-06,4.967203379476011e-06,5.148466084832427e-06,147,147,2940,2940,,5000,5000,1.0,3021694564,20260901
B2_feature,0.25,all_class_maps,3plus_labels,micro,cg_iterations,5.0,5.0,5.0,147,147,2940,2940,,5000,5000,1.0,3021694564,20260901
B2_feature,0.25,all_class_maps,3plus_labels,micro,solve_runtime_ms_per_map,0.0033083864300853544,0.0032774513672439772,0.003364601197622062,147,147,2940,2940,,5000,5000,1.0,3021694564,20260901
B2_feature,0.25,all_class_maps,3plus_labels,macro_class,energy_raw,0.015038562459763469,0.014316180872184076,0.015751686668148985,147,147,2940,2940,20,5000,5000,1.0,3021694564,20260901
B2_feature,0.25,all_class_maps,3plus_labels,macro_class,energy_smoothed,0.011898758507343196,0.011297854357674246,0.0125002680756516,147,147,2940,2940,20,5000,5000,1.0,3021694564,20260901
B2_feature,0.25,all_class_maps,3plus_labels,macro_class,energy_retention,0.7233044293867488,0.7209127120952419,0.7256342385638329,147,147,2940,2940,20,5000,5000,1.0,3021694564,20260901
B2_feature,0.25,all_class_maps,3plus_labels,macro_class,linear_solve_relative_residual,5.057351852598981e-06,4.967203379476011e-06,5.148466084832428e-06,147,147,2940,2940,20,5000,5000,1.0,3021694564,20260901
B2_feature,0.25,all_class_maps,3plus_labels,macro_class,cg_iterations,5.0,5.0,5.0,147,147,2940,2940,20,5000,5000,1.0,3021694564,20260901
B2_feature,0.25,all_class_maps,3plus_labels,macro_class,solve_runtime_ms_per_map,0.0033083864300853536,0.003277451367243978,0.003364601197622062,147,147,2940,2940,20,5000,5000,1.0,3021694564,20260901
B2_feature,0.25,per_class,all,micro,energy_raw,0.005577722238874856,0.005200935301698794,0.005999642234260899,1449,1449,1449,1449,,5000,5000,1.0,3021694564,20260901
B2_feature,0.25,per_class,all,micro,energy_smoothed,0.004059578216952201,0.0037347195546744193,0.004420986751261089,1449,1449,1449,1449,,5000,5000,1.0,3021694564,20260901
B2_feature,0.25,per_class,all,micro,energy_retention,0.6954572501060796,0.693508174449843,0.6974242101904851,1449,1449,1449,1449,,5000,5000,1.0,3021694564,20260901
B2_feature,0.25,per_class,all,micro,linear_solve_relative_residual,5.629299950537395e-06,5.546973971438471e-06,5.710189644138483e-06,1449,1449,1449,1449,,5000,5000,1.0,3021694564,20260901
B2_feature,0.25,per_class,all,micro,cg_iterations,5.0,5.0,5.0,1449,1449,1449,1449,,5000,5000,1.0,3021694564,20260901
B2_feature,0.25,per_class,all,micro,solve_runtime_ms_per_map,0.003304701802057901,0.003290499138503329,0.0033208765213995684,1449,1449,1449,1449,,5000,5000,1.0,3021694564,20260901
B2_feature,0.25,per_class,all,micro,energy_raw,0.007209772725584432,0.006601334033033241,0.007877625366264334,1449,1449,1449,1449,,5000,5000,1.0,3021694564,20260901
B2_feature,0.25,per_class,all,micro,energy_smoothed,0.00537562437217009,0.004869215412127974,0.00593823197024911,1449,1449,1449,1449,,5000,5000,1.0,3021694564,20260901
B2_feature,0.25,per_class,all,micro,energy_retention,0.6965308792842841,0.6944597365940086,0.6986700110800765,1449,1449,1449,1449,,5000,5000,1.0,3021694564,20260901
B2_feature,0.25,per_class,all,micro,linear_solve_relative_residual,5.321530879775926e-06,5.225901368326024e-06,5.4166453650108844e-06,1449,1449,1449,1449,,5000,5000,1.0,3021694564,20260901
B2_feature,0.25,per_class,all,micro,cg_iterations,5.0,5.0,5.0,1449,1449,1449,1449,,5000,5000,1.0,3021694564,20260901
B2_feature,0.25,per_class,all,micro,solve_runtime_ms_per_map,0.003304701802057901,0.003290499138503329,0.0033208765213995684,1449,1449,1449,1449,,5000,5000,1.0,3021694564,20260901
B2_feature,0.25,per_class,all,micro,energy_raw,0.005383211009177393,0.005148118020731408,0.0056604553572576445,1449,1449,1449,1449,,5000,5000,1.0,3021694564,20260901
B2_feature,0.25,per_class,all,micro,energy_smoothed,0.003800124010479938,0.0036084741417277927,0.004024605238869232,1449,1449,1449,1449,,5000,5000,1.0,3021694564,20260901
B2_feature,0.25,per_class,all,micro,energy_retention,0.6894864224005437,0.6878871859415718,0.6911402274846126,1449,1449,1449,1449,,5000,5000,1.0,3021694564,20260901
B2_feature,0.25,per_class,all,micro,linear_solve_relative_residual,5.661783638426015e-06,5.582652432799287e-06,5.740570642085486e-06,1449,1449,1449,1449,,5000,5000,1.0,3021694564,20260901
B2_feature,0.25,per_class,all,micro,cg_iterations,5.0,5.0,5.0,1449,1449,1449,1449,,5000,5000,1.0,3021694564,20260901
B2_feature,0.25,per_class,all,micro,solve_runtime_ms_per_map,0.003304701802057901,0.003290499138503329,0.0033208765213995684,1449,1449,1449,1449,,5000,5000,1.0,3021694564,20260901
B2_feature,0.25,per_class,all,micro,energy_raw,0.006574670967917177,0.006032473684603983,0.007189257692589358,1449,1449,1449,1449,,5000,5000,1.0,3021694564,20260901
B2_feature,0.25,per_class,all,micro,energy_smoothed,0.004892299064946682,0.004431545325708601,0.005413453924459848,1449,1449,1449,1449,,5000,5000,1.0,3021694564,20260901
B2_feature,0.25,per_class,all,micro,energy_retention,0.7037922713656192,0.7018772707047588,0.7057714871717701,1449,1449,1449,1449,,5000,5000,1.0,3021694564,20260901
B2_feature,0.25,per_class,all,micro,linear_solve_relative_residual,5.502491846601284e-06,5.414444141151183e-06,5.5911990179183456e-06,1449,1449,1449,1449,,5000,5000,1.0,3021694564,20260901
B2_feature,0.25,per_class,all,micro,cg_iterations,5.0,5.0,5.0,1449,1449,1449,1449,,5000,5000,1.0,3021694564,20260901
B2_feature,0.25,per_class,all,micro,solve_runtime_ms_per_map,0.003304701802057901,0.003290499138503329,0.0033208765213995684,1449,1449,1449,1449,,5000,5000,1.0,3021694564,20260901
B2_feature,0.25,per_class,all,micro,energy_raw,0.010478428331813713,0.009637760239132835,0.011359181032932875,1449,1449,1449,1449,,5000,5000,1.0,3021694564,20260901
B2_feature,0.25,per_class,all,micro,energy_smoothed,0.007974958879531865,0.007257619039192901,0.00872145291194728,1449,1449,1449,1449,,5000,5000,1.0,3021694564,20260901
B2_feature,0.25,per_class,all,micro,energy_retention,0.703615719528343,0.7009959542130173,0.7062255348694003,1449,1449,1449,1449,,5000,5000,1.0,3021694564,20260901
B2_feature,0.25,per_class,all,micro,linear_solve_relative_residual,4.8555701768402465e-06,4.730842722659405e-06,4.9821782176205605e-06,1449,1449,1449,1449,,5000,5000,1.0,3021694564,20260901
B2_feature,0.25,per_class,all,micro,cg_iterations,5.0,5.0,5.0,1449,1449,1449,1449,,5000,5000,1.0,3021694564,20260901
B2_feature,0.25,per_class,all,micro,solve_runtime_ms_per_map,0.003304701802057901,0.003290499138503329,0.0033208765213995684,1449,1449,1449,1449,,5000,5000,1.0,3021694564,20260901
B2_feature,0.25,per_class,all,micro,energy_raw,0.006906399086536808,0.006454728713769754,0.007393478762766242,1449,1449,1449,1449,,5000,5000,1.0,3021694564,20260901
B2_feature,0.25,per_class,all,micro,energy_smoothed,0.005114988307307909,0.004729467186029712,0.0055303687996454695,1449,1449,1449,1449,,5000,5000,1.0,3021694564,20260901
B2_feature,0.25,per_class,all,micro,energy_retention,0.7004020442791524,0.6981980235885965,0.7026280030813852,1449,1449,1449,1449,,5000,5000,1.0,3021694564,20260901
B2_feature,0.25,per_class,all,micro,linear_solve_relative_residual,5.594712335192781e-06,5.49781659435631e-06,5.693971402476115e-06,1449,1449,1449,1449,,5000,5000,1.0,3021694564,20260901
B2_feature,0.25,per_class,all,micro,cg_iterations,5.0,5.0,5.0,1449,1449,1449,1449,,5000,5000,1.0,3021694564,20260901
B2_feature,0.25,per_class,all,micro,solve_runtime_ms_per_map,0.003304701802057901,0.003290499138503329,0.0033208765213995684,1449,1449,1449,1449,,5000,5000,1.0,3021694564,20260901
B2_feature,0.25,per_class,all,micro,energy_raw,0.011820598098264945,0.010897819219469468,0.012781903412942006,1449,1449,1449,1449,,5000,5000,1.0,3021694564,20260901
B2_feature,0.25,per_class,all,micro,energy_smoothed,0.008962822174431668,0.00821880764225146,0.009744359636809445,1449,1449,1449,1449,,5000,5000,1.0,3021694564,20260901
B2_feature,0.25,per_class,all,micro,energy_retention,0.7126829080371053,0.7103029404470557,0.7150964058786528,1449,1449,1449,1449,,5000,5000,1.0,3021694564,20260901
B2_feature,0.25,per_class,all,micro,linear_solve_relative_residual,5.1010276186751886e-06,4.974345398995643e-06,5.234532328130437e-06,1449,1449,1449,1449,,5000,5000,1.0,3021694564,20260901
B2_feature,0.25,per_class,all,micro,cg_iterations,5.0,5.0,5.0,1449,1449,1449,1449,,5000,5000,1.0,3021694564,20260901
B2_feature,0.25,per_class,all,micro,solve_runtime_ms_per_map,0.003304701802057901,0.003290499138503329,0.0033208765213995684,1449,1449,1449,1449,,5000,5000,1.0,3021694564,20260901
B2_feature,0.25,per_class,all,micro,energy_raw,0.006650235861111779,0.006195138155739321,0.007165926370754956,1449,1449,1449,1449,,5000,5000,1.0,3021694564,20260901
B2_feature,0.25,per_class,all,micro,energy_smoothed,0.004980925078442085,0.004590287264425236,0.005423721135674292,1449,1449,1449,1449,,5000,5000,1.0,3021694564,20260901
B2_feature,0.25,per_class,all,micro,energy_retention,0.7015094505333752,0.699011723465801,0.704096169967212,1449,1449,1449,1449,,5000,5000,1.0,3021694564,20260901
B2_feature,0.25,per_class,all,micro,linear_solve_relative_residual,5.4058273870300675e-06,5.311018407693243e-06,5.501748374269965e-06,1449,1449,1449,1449,,5000,5000,1.0,3021694564,20260901
B2_feature,0.25,per_class,all,micro,cg_iterations,5.0,5.0,5.0,1449,1449,1449,1449,,5000,5000,1.0,3021694564,20260901
B2_feature,0.25,per_class,all,micro,solve_runtime_ms_per_map,0.003304701802057901,0.003290499138503329,0.0033208765213995684,1449,1449,1449,1449,,5000,5000,1.0,3021694564,20260901
B2_feature,0.25,per_class,all,micro,energy_raw,0.01570258402062183,0.014479523251258805,0.017069417916641946,1449,1449,1449,1449,,5000,5000,1.0,3021694564,20260901
B2_feature,0.25,per_class,all,micro,energy_smoothed,0.012239337536690176,0.011203071264633805,0.01337739138089405,1449,1449,1449,1449,,5000,5000,1.0,3021694564,20260901
B2_feature,0.25,per_class,all,micro,energy_retention,0.7085124048551582,0.7055373830660365,0.7115621621636294,1449,1449,1449,1449,,5000,5000,1.0,3021694564,20260901
B2_feature,0.25,per_class,all,micro,linear_solve_relative_residual,4.7383829069879876e-06,4.6087068581013235e-06,4.872718293776704e-06,1449,1449,1449,1449,,5000,5000,1.0,3021694564,20260901
B2_feature,0.25,per_class,all,micro,cg_iterations,5.0,5.0,5.0,1449,1449,1449,1449,,5000,5000,1.0,3021694564,20260901
B2_feature,0.25,per_class,all,micro,solve_runtime_ms_per_map,0.003304701802057901,0.003290499138503329,0.0033208765213995684,1449,1449,1449,1449,,5000,5000,1.0,3021694564,20260901
B2_feature,0.25,per_class,all,micro,energy_raw,0.00679435096917323,0.006186409915521117,0.007465021501636642,1449,1449,1449,1449,,5000,5000,1.0,3021694564,20260901
B2_feature,0.25,per_class,all,micro,energy_smoothed,0.00512078853424965,0.004595478877274633,0.005695939516541233,1449,1449,1449,1449,,5000,5000,1.0,3021694564,20260901
B2_feature,0.25,per_class,all,micro,energy_retention,0.695035589695635,0.6927716800093322,0.6973997368503637,1449,1449,1449,1449,,5000,5000,1.0,3021694564,20260901
B2_feature,0.25,per_class,all,micro,linear_solve_relative_residual,5.288968064161388e-06,5.209898657306019e-06,5.363734112714706e-06,1449,1449,1449,1449,,5000,5000,1.0,3021694564,20260901
B2_feature,0.25,per_class,all,micro,cg_iterations,5.0,5.0,5.0,1449,1449,1449,1449,,5000,5000,1.0,3021694564,20260901
B2_feature,0.25,per_class,all,micro,solve_runtime_ms_per_map,0.003304701802057901,0.003290499138503329,0.0033208765213995684,1449,1449,1449,1449,,5000,5000,1.0,3021694564,20260901
B2_feature,0.25,per_class,all,micro,energy_raw,0.008282832249473931,0.0075700517012735275,0.009059911169352914,1449,1449,1449,1449,,5000,5000,1.0,3021694564,20260901
B2_feature,0.25,per_class,all,micro,energy_smoothed,0.006220217085082863,0.0056200531649733,0.006878548958749745,1449,1449,1449,1449,,5000,5000,1.0,3021694564,20260901
B2_feature,0.25,per_class,all,micro,energy_retention,0.7001266268880882,0.6979225904932098,0.7023058276595208,1449,1449,1449,1449,,5000,5000,1.0,3021694564,20260901
B2_feature,0.25,per_class,all,micro,linear_solve_relative_residual,5.296654791385754e-06,5.189147266449789e-06,5.400357278177416e-06,1449,1449,1449,1449,,5000,5000,1.0,3021694564,20260901
B2_feature,0.25,per_class,all,micro,cg_iterations,5.0,5.0,5.0,1449,1449,1449,1449,,5000,5000,1.0,3021694564,20260901
B2_feature,0.25,per_class,all,micro,solve_runtime_ms_per_map,0.003304701802057901,0.003290499138503329,0.0033208765213995684,1449,1449,1449,1449,,5000,5000,1.0,3021694564,20260901
B2_feature,0.25,per_class,all,micro,energy_raw,0.008446614035123059,0.007901572864802343,0.009037839440877785,1449,1449,1449,1449,,5000,5000,1.0,3021694564,20260901
B2_feature,0.25,per_class,all,micro,energy_smoothed,0.006353866266024995,0.005881998644027541,0.006865799667095887,1449,1449,1449,1449,,5000,5000,1.0,3021694564,20260901
B2_feature,0.25,per_class,all,micro,energy_retention,0.7034121826651015,0.7006279113109232,0.7064331027702927,1449,1449,1449,1449,,5000,5000,1.0,3021694564,20260901
B2_feature,0.25,per_class,all,micro,linear_solve_relative_residual,5.60550194548503e-06,5.486610402084843e-06,5.717488997108283e-06,1449,1449,1449,1449,,5000,5000,1.0,3021694564,20260901
B2_feature,0.25,per_class,all,micro,cg_iterations,5.0,5.0,5.0,1449,1449,1449,1449,,5000,5000,1.0,3021694564,20260901
B2_feature,0.25,per_class,all,micro,solve_runtime_ms_per_map,0.003304701802057901,0.003290499138503329,0.0033208765213995684,1449,1449,1449,1449,,5000,5000,1.0,3021694564,20260901
B2_feature,0.25,per_class,all,micro,energy_raw,0.006817095325051391,0.006302442568622008,0.007376192711010733,1449,1449,1449,1449,,5000,5000,1.0,3021694564,20260901
B2_feature,0.25,per_class,all,micro,energy_smoothed,0.0050251170018465454,0.0045995601690357445,0.005485627826142479,1449,1449,1449,1449,,5000,5000,1.0,3021694564,20260901
B2_feature,0.25,per_class,all,micro,energy_retention,0.6948341081436953,0.6926446840948611,0.6971185687947389,1449,1449,1449,1449,,5000,5000,1.0,3021694564,20260901
B2_feature,0.25,per_class,all,micro,linear_solve_relative_residual,5.486358220522284e-06,5.396253223568371e-06,5.574808878787675e-06,1449,1449,1449,1449,,5000,5000,1.0,3021694564,20260901
B2_feature,0.25,per_class,all,micro,cg_iterations,5.0,5.0,5.0,1449,1449,1449,1449,,5000,5000,1.0,3021694564,20260901
B2_feature,0.25,per_class,all,micro,solve_runtime_ms_per_map,0.003304701802057901,0.003290499138503329,0.0033208765213995684,1449,1449,1449,1449,,5000,5000,1.0,3021694564,20260901
B2_feature,0.25,per_class,all,micro,energy_raw,0.007134925980111899,0.006654879319443149,0.007629530862397324,1449,1449,1449,1449,,5000,5000,1.0,3021694564,20260901
B2_feature,0.25,per_class,all,micro,energy_smoothed,0.005321964480222593,0.004908784331638238,0.005747315364567549,1449,1449,1449,1449,,5000,5000,1.0,3021694564,20260901
B2_feature,0.25,per_class,all,micro,energy_retention,0.6988840969452946,0.6965166395310289,0.701315454790064,1449,1449,1449,1449,,5000,5000,1.0,3021694564,20260901
B2_feature,0.25,per_class,all,micro,linear_solve_relative_residual,5.306358001469347e-06,5.204015803977672e-06,5.404947118252451e-06,1449,1449,1449,1449,,5000,5000,1.0,3021694564,20260901
B2_feature,0.25,per_class,all,micro,cg_iterations,5.0,5.0,5.0,1449,1449,1449,1449,,5000,5000,1.0,3021694564,20260901
B2_feature,0.25,per_class,all,micro,solve_runtime_ms_per_map,0.003304701802057901,0.003290499138503329,0.0033208765213995684,1449,1449,1449,1449,,5000,5000,1.0,3021694564,20260901
B2_feature,0.25,per_class,all,micro,energy_raw,0.023121428540814604,0.02153782951630288,0.024726441739222005,1449,1449,1449,1449,,5000,5000,1.0,3021694564,20260901
B2_feature,0.25,per_class,all,micro,energy_smoothed,0.018404854420496036,0.01709192748626977,0.01971880357926096,1449,1449,1449,1449,,5000,5000,1.0,3021694564,20260901
B2_feature,0.25,per_class,all,micro,energy_retention,0.7465551659269445,0.7430690387905343,0.750122109263251,1449,1449,1449,1449,,5000,5000,1.0,3021694564,20260901
B2_feature,0.25,per_class,all,micro,linear_solve_relative_residual,3.633472930922025e-06,3.4861029006888084e-06,3.7810282002957006e-06,1449,1449,1449,1449,,5000,5000,1.0,3021694564,20260901
B2_feature,0.25,per_class,all,micro,cg_iterations,5.0,5.0,5.0,1449,1449,1449,1449,,5000,5000,1.0,3021694564,20260901
B2_feature,0.25,per_class,all,micro,solve_runtime_ms_per_map,0.003304701802057901,0.003290499138503329,0.0033208765213995684,1449,1449,1449,1449,,5000,5000,1.0,3021694564,20260901
B2_feature,0.25,per_class,all,micro,energy_raw,0.011691366307073632,0.010869653674906757,0.012603399661753495,1449,1449,1449,1449,,5000,5000,1.0,3021694564,20260901
B2_feature,0.25,per_class,all,micro,energy_smoothed,0.008695491534973359,0.008010895014441253,0.009451520701870242,1449,1449,1449,1449,,5000,5000,1.0,3021694564,20260901
B2_feature,0.25,per_class,all,micro,energy_retention,0.6969455463298853,0.6945660397585217,0.6993498123498354,1449,1449,1449,1449,,5000,5000,1.0,3021694564,20260901
B2_feature,0.25,per_class,all,micro,linear_solve_relative_residual,5.0758082405997095e-06,4.93705628846165e-06,5.2118082128377685e-06,1449,1449,1449,1449,,5000,5000,1.0,3021694564,20260901
B2_feature,0.25,per_class,all,micro,cg_iterations,5.0,5.0,5.0,1449,1449,1449,1449,,5000,5000,1.0,3021694564,20260901
B2_feature,0.25,per_class,all,micro,solve_runtime_ms_per_map,0.003304701802057901,0.003290499138503329,0.0033208765213995684,1449,1449,1449,1449,,5000,5000,1.0,3021694564,20260901
B2_feature,0.25,per_class,all,micro,energy_raw,0.0055052777602041,0.005166313751205642,0.005885994024776012,1449,1449,1449,1449,,5000,5000,1.0,3021694564,20260901
B2_feature,0.25,per_class,all,micro,energy_smoothed,0.004010488378948399,0.003726429292386873,0.0043298474975020105,1449,1449,1449,1449,,5000,5000,1.0,3021694564,20260901
B2_feature,0.25,per_class,all,micro,energy_retention,0.7015296560143338,0.699490852214864,0.7034278389470096,1449,1449,1449,1449,,5000,5000,1.0,3021694564,20260901
B2_feature,0.25,per_class,all,micro,linear_solve_relative_residual,5.462438082814271e-06,5.379246560436246e-06,5.541768956974405e-06,1449,1449,1449,1449,,5000,5000,1.0,3021694564,20260901
B2_feature,0.25,per_class,all,micro,cg_iterations,5.0,5.0,5.0,1449,1449,1449,1449,,5000,5000,1.0,3021694564,20260901
B2_feature,0.25,per_class,all,micro,solve_runtime_ms_per_map,0.003304701802057901,0.003290499138503329,0.0033208765213995684,1449,1449,1449,1449,,5000,5000,1.0,3021694564,20260901
B2_feature,0.25,per_class,all,micro,energy_raw,0.011357959520166227,0.01029763885255634,0.012552135889790405,1449,1449,1449,1449,,5000,5000,1.0,3021694564,20260901
B2_feature,0.25,per_class,all,micro,energy_smoothed,0.008962866653279472,0.00805041434632899,0.009987685921986946,1449,1449,1449,1449,,5000,5000,1.0,3021694564,20260901
B2_feature,0.25,per_class,all,micro,energy_retention,0.7096615624148077,0.7068183988055087,0.7126429835790762,1449,1449,1449,1449,,5000,5000,1.0,3021694564,20260901
B2_feature,0.25,per_class,all,micro,linear_solve_relative_residual,5.023141775367978e-06,4.914856294579067e-06,5.128671248053306e-06,1449,1449,1449,1449,,5000,5000,1.0,3021694564,20260901
B2_feature,0.25,per_class,all,micro,cg_iterations,5.0,5.0,5.0,1449,1449,1449,1449,,5000,5000,1.0,3021694564,20260901
B2_feature,0.25,per_class,all,micro,solve_runtime_ms_per_map,0.003304701802057901,0.003290499138503329,0.0033208765213995684,1449,1449,1449,1449,,5000,5000,1.0,3021694564,20260901
B2_feature,0.25,per_class,all,micro,energy_raw,0.005415498798927118,0.00500072500412738,0.005870199664954637,1449,1449,1449,1449,,5000,5000,1.0,3021694564,20260901
B2_feature,0.25,per_class,all,micro,energy_smoothed,0.0040047520675533825,0.0036537742921647896,0.004386717219842393,1449,1449,1449,1449,,5000,5000,1.0,3021694564,20260901
B2_feature,0.25,per_class,all,micro,energy_retention,0.7046023214414582,0.7027723233491244,0.7063475290913678,1449,1449,1449,1449,,5000,5000,1.0,3021694564,20260901
B2_feature,0.25,per_class,all,micro,linear_solve_relative_residual,5.39790841670096e-06,5.315742316678841e-06,5.475973099655533e-06,1449,1449,1449,1449,,5000,5000,1.0,3021694564,20260901
B2_feature,0.25,per_class,all,micro,cg_iterations,5.0,5.0,5.0,1449,1449,1449,1449,,5000,5000,1.0,3021694564,20260901
B2_feature,0.25,per_class,all,micro,solve_runtime_ms_per_map,0.003304701802057901,0.003290499138503329,0.0033208765213995684,1449,1449,1449,1449,,5000,5000,1.0,3021694564,20260901
B2_feature,0.25,per_class,all,micro,energy_raw,0.008260982111578432,0.007654230379528578,0.008914693494538184,1449,1449,1449,1449,,5000,5000,1.0,3021694564,20260901
B2_feature,0.25,per_class,all,micro,energy_smoothed,0.0061492373675314915,0.005643408240219292,0.00669335257791645,1449,1449,1449,1449,,5000,5000,1.0,3021694564,20260901
B2_feature,0.25,per_class,all,micro,energy_retention,0.7012676813423099,0.6990230991983923,0.7035533811519111,1449,1449,1449,1449,,5000,5000,1.0,3021694564,20260901
B2_feature,0.25,per_class,all,micro,linear_solve_relative_residual,5.411742949545479e-06,5.292897142562138e-06,5.524822809523513e-06,1449,1449,1449,1449,,5000,5000,1.0,3021694564,20260901
B2_feature,0.25,per_class,all,micro,cg_iterations,5.0,5.0,5.0,1449,1449,1449,1449,,5000,5000,1.0,3021694564,20260901
B2_feature,0.25,per_class,all,micro,solve_runtime_ms_per_map,0.003304701802057901,0.003290499138503329,0.0033208765213995684,1449,1449,1449,1449,,5000,5000,1.0,3021694564,20260901
B2_feature,0.5,all_class_maps,all,micro,energy_raw,0.008956597696880028,0.008721826173557897,0.009209081520289037,1449,1449,28980,28980,,5000,5000,1.0,3021694564,20260901
B2_feature,0.5,all_class_maps,all,micro,energy_smoothed,0.005558620207075973,0.005391612551750506,0.005734487157644768,1449,1449,28980,28980,,5000,5000,1.0,3021694564,20260901
B2_feature,0.5,all_class_maps,all,micro,energy_retention,0.5426785375236478,0.541074855262073,0.54424518448426,1449,1449,28980,28980,,5000,5000,1.0,3021694564,20260901
B2_feature,0.5,all_class_maps,all,micro,linear_solve_relative_residual,5.173692022771332e-06,5.114510546076492e-06,5.233702898284543e-06,1449,1449,28980,28980,,5000,5000,1.0,3021694564,20260901
B2_feature,0.5,all_class_maps,all,micro,cg_iterations,6.0,6.0,6.0,1449,1449,28980,28980,,5000,5000,1.0,3021694564,20260901
B2_feature,0.5,all_class_maps,all,micro,solve_runtime_ms_per_map,0.003639835531047555,0.003623906268391432,0.0036584160037539007,1449,1449,28980,28980,,5000,5000,1.0,3021694564,20260901
B2_feature,0.5,all_class_maps,all,macro_class,energy_raw,0.008956597696880026,0.008721826173557897,0.009209081520289037,1449,1449,28980,28980,20,5000,5000,1.0,3021694564,20260901
B2_feature,0.5,all_class_maps,all,macro_class,energy_smoothed,0.005558620207075973,0.005391612551750507,0.005734487157644769,1449,1449,28980,28980,20,5000,5000,1.0,3021694564,20260901
B2_feature,0.5,all_class_maps,all,macro_class,energy_retention,0.5426785375236477,0.5410748552620729,0.54424518448426,1449,1449,28980,28980,20,5000,5000,1.0,3021694564,20260901
B2_feature,0.5,all_class_maps,all,macro_class,linear_solve_relative_residual,5.173692022771332e-06,5.114510546076492e-06,5.2337028982845435e-06,1449,1449,28980,28980,20,5000,5000,1.0,3021694564,20260901
B2_feature,0.5,all_class_maps,all,macro_class,cg_iterations,6.0,6.0,6.0,1449,1449,28980,28980,20,5000,5000,1.0,3021694564,20260901
B2_feature,0.5,all_class_maps,all,macro_class,solve_runtime_ms_per_map,0.0036398355310475563,0.003623906268391431,0.0036584160037539015,1449,1449,28980,28980,20,5000,5000,1.0,3021694564,20260901
B2_feature,0.5,all_class_maps,single_label,micro,energy_raw,0.007069171715664407,0.006839880156581145,0.00729974142602533,927,927,18540,18540,,5000,5000,1.0,3021694564,20260901
B2_feature,0.5,all_class_maps,single_label,micro,energy_smoothed,0.004177448746457293,0.0040220090090983,0.00433571590819151,927,927,18540,18540,,5000,5000,1.0,3021694564,20260901
B2_feature,0.5,all_class_maps,single_label,micro,energy_retention,0.5324301343069622,0.5305889283923156,0.5343078021199604,927,927,18540,18540,,5000,5000,1.0,3021694564,20260901
B2_feature,0.5,all_class_maps,single_label,micro,linear_solve_relative_residual,5.449759312106017e-06,5.377624375279537e-06,5.521075813186261e-06,927,927,18540,18540,,5000,5000,1.0,3021694564,20260901
B2_feature,0.5,all_class_maps,single_label,micro,cg_iterations,6.0,6.0,6.0,927,927,18540,18540,,5000,5000,1.0,3021694564,20260901
B2_feature,0.5,all_class_maps,single_label,micro,solve_runtime_ms_per_map,0.0036402177228554646,0.0036206565741642095,0.003664623080551392,927,927,18540,18540,,5000,5000,1.0,3021694564,20260901
B2_feature,0.5,all_class_maps,single_label,macro_class,energy_raw,0.007069171715664407,0.006839880156581145,0.007299741426025329,927,927,18540,18540,20,5000,5000,1.0,3021694564,20260901
B2_feature,0.5,all_class_maps,single_label,macro_class,energy_smoothed,0.004177448746457294,0.0040220090090983,0.004335715908191511,927,927,18540,18540,20,5000,5000,1.0,3021694564,20260901
B2_feature,0.5,all_class_maps,single_label,macro_class,energy_retention,0.5324301343069622,0.5305889283923156,0.5343078021199603,927,927,18540,18540,20,5000,5000,1.0,3021694564,20260901
B2_feature,0.5,all_class_maps,single_label,macro_class,linear_solve_relative_residual,5.449759312106016e-06,5.377624375279537e-06,5.521075813186261e-06,927,927,18540,18540,20,5000,5000,1.0,3021694564,20260901
B2_feature,0.5,all_class_maps,single_label,macro_class,cg_iterations,6.0,6.0,6.0,927,927,18540,18540,20,5000,5000,1.0,3021694564,20260901
B2_feature,0.5,all_class_maps,single_label,macro_class,solve_runtime_ms_per_map,0.0036402177228554663,0.003620656574164209,0.0036646230805513916,927,927,18540,18540,20,5000,5000,1.0,3021694564,20260901
B2_feature,0.5,all_class_maps,exactly_2_labels,micro,energy_raw,0.011238184535394734,0.010844686388792083,0.011660325369330045,375,375,7500,7500,,5000,5000,1.0,3021694564,20260901
B2_feature,0.5,all_class_maps,exactly_2_labels,micro,energy_smoothed,0.00720367614835656,0.006917184761398821,0.00750586315368244,375,375,7500,7500,,5000,5000,1.0,3021694564,20260901
B2_feature,0.5,all_class_maps,exactly_2_labels,micro,energy_retention,0.556856815135479,0.5542870208189884,0.5594064872334401,375,375,7500,7500,,5000,5000,1.0,3021694564,20260901
B2_feature,0.5,all_class_maps,exactly_2_labels,micro,linear_solve_relative_residual,4.728689674432947e-06,4.614255745287134e-06,4.840709597596439e-06,375,375,7500,7500,,5000,5000,1.0,3021694564,20260901
B2_feature,0.5,all_class_maps,exactly_2_labels,micro,cg_iterations,6.0,6.0,6.0,375,375,7500,7500,,5000,5000,1.0,3021694564,20260901
B2_feature,0.5,all_class_maps,exactly_2_labels,micro,solve_runtime_ms_per_map,0.003637913743861847,0.0036132342028577114,0.0036742377278601956,375,375,7500,7500,,5000,5000,1.0,3021694564,20260901
B2_feature,0.5,all_class_maps,exactly_2_labels,macro_class,energy_raw,0.01123818453539473,0.010844686388792086,0.011660325369330043,375,375,7500,7500,20,5000,5000,1.0,3021694564,20260901
B2_feature,0.5,all_class_maps,exactly_2_labels,macro_class,energy_smoothed,0.0072036761483565605,0.006917184761398822,0.00750586315368244,375,375,7500,7500,20,5000,5000,1.0,3021694564,20260901
B2_feature,0.5,all_class_maps,exactly_2_labels,macro_class,energy_retention,0.5568568151354789,0.5542870208189884,0.5594064872334401,375,375,7500,7500,20,5000,5000,1.0,3021694564,20260901
B2_feature,0.5,all_class_maps,exactly_2_labels,macro_class,linear_solve_relative_residual,4.728689674432947e-06,4.614255745287133e-06,4.840709597596439e-06,375,375,7500,7500,20,5000,5000,1.0,3021694564,20260901
B2_feature,0.5,all_class_maps,exactly_2_labels,macro_class,cg_iterations,6.0,6.0,6.0,375,375,7500,7500,20,5000,5000,1.0,3021694564,20260901
B2_feature,0.5,all_class_maps,exactly_2_labels,macro_class,solve_runtime_ms_per_map,0.003637913743861848,0.0036132342028577114,0.0036742377278601956,375,375,7500,7500,20,5000,5000,1.0,3021694564,20260901
B2_feature,0.5,all_class_maps,3plus_labels,micro,energy_raw,0.015038562459763469,0.014316180872184076,0.01575168666814899,147,147,2940,2940,,5000,5000,1.0,3021694564,20260901
B2_feature,0.5,all_class_maps,3plus_labels,micro,energy_smoothed,0.010071885281996358,0.009540217221494,0.010603293821696337,147,147,2940,2940,,5000,5000,1.0,3021694564,20260901
B2_feature,0.5,all_class_maps,3plus_labels,micro,energy_retention,0.5711371475741976,0.5677920903067808,0.5743973581685501,147,147,2940,2940,,5000,5000,1.0,3021694564,20260901
B2_feature,0.5,all_class_maps,3plus_labels,micro,linear_solve_relative_residual,4.567987964360729e-06,4.397480472988491e-06,4.732446560956034e-06,147,147,2940,2940,,5000,5000,1.0,3021694564,20260901
B2_feature,0.5,all_class_maps,3plus_labels,micro,cg_iterations,6.0,6.0,6.0,147,147,2940,2940,,5000,5000,1.0,3021694564,20260901
B2_feature,0.5,all_class_maps,3plus_labels,micro,solve_runtime_ms_per_map,0.00364232790103877,0.0036095423816039415,0.00370489991293071,147,147,2940,2940,,5000,5000,1.0,3021694564,20260901
B2_feature,0.5,all_class_maps,3plus_labels,macro_class,energy_raw,0.015038562459763469,0.014316180872184076,0.015751686668148985,147,147,2940,2940,20,5000,5000,1.0,3021694564,20260901
B2_feature,0.5,all_class_maps,3plus_labels,macro_class,energy_smoothed,0.010071885281996356,0.009540217221494,0.010603293821696337,147,147,2940,2940,20,5000,5000,1.0,3021694564,20260901
B2_feature,0.5,all_class_maps,3plus_labels,macro_class,energy_retention,0.5711371475741975,0.5677920903067807,0.5743973581685501,147,147,2940,2940,20,5000,5000,1.0,3021694564,20260901
B2_feature,0.5,all_class_maps,3plus_labels,macro_class,linear_solve_relative_residual,4.567987964360729e-06,4.397480472988491e-06,4.7324465609560335e-06,147,147,2940,2940,20,5000,5000,1.0,3021694564,20260901
B2_feature,0.5,all_class_maps,3plus_labels,macro_class,cg_iterations,6.0,6.0,6.0,147,147,2940,2940,20,5000,5000,1.0,3021694564,20260901
B2_feature,0.5,all_class_maps,3plus_labels,macro_class,solve_runtime_ms_per_map,0.0036423279010387713,0.003609542381603941,0.00370489991293071,147,147,2940,2940,20,5000,5000,1.0,3021694564,20260901
B2_feature,0.5,per_class,all,micro,energy_raw,0.005577722238874856,0.005200935301698794,0.005999642234260899,1449,1449,1449,1449,,5000,5000,1.0,3021694564,20260901
B2_feature,0.5,per_class,all,micro,energy_smoothed,0.003224743641066134,0.0029355400130386903,0.0035486488227597984,1449,1449,1449,1449,,5000,5000,1.0,3021694564,20260901
B2_feature,0.5,per_class,all,micro,energy_retention,0.5316703544558123,0.5289249214357225,0.534462945921677,1449,1449,1449,1449,,5000,5000,1.0,3021694564,20260901
B2_feature,0.5,per_class,all,micro,linear_solve_relative_residual,5.816235357498987e-06,5.671569755710903e-06,5.955547050566245e-06,1449,1449,1449,1449,,5000,5000,1.0,3021694564,20260901
B2_feature,0.5,per_class,all,micro,cg_iterations,6.0,6.0,6.0,1449,1449,1449,1449,,5000,5000,1.0,3021694564,20260901
B2_feature,0.5,per_class,all,micro,solve_runtime_ms_per_map,0.003639835531047558,0.003623906268391432,0.0036584160037539007,1449,1449,1449,1449,,5000,5000,1.0,3021694564,20260901
B2_feature,0.5,per_class,all,micro,energy_raw,0.007209772725584432,0.006601334033033241,0.007877625366264334,1449,1449,1449,1449,,5000,5000,1.0,3021694564,20260901
B2_feature,0.5,per_class,all,micro,energy_smoothed,0.004352447866613857,0.0039045799693183574,0.004849513211569799,1449,1449,1449,1449,,5000,5000,1.0,3021694564,20260901
B2_feature,0.5,per_class,all,micro,energy_retention,0.5329491431092788,0.5299881671906916,0.535999610852463,1449,1449,1449,1449,,5000,5000,1.0,3021694564,20260901
B2_feature,0.5,per_class,all,micro,linear_solve_relative_residual,5.616228714220462e-06,5.481941531941587e-06,5.752379532781639e-06,1449,1449,1449,1449,,5000,5000,1.0,3021694564,20260901
B2_feature,0.5,per_class,all,micro,cg_iterations,6.0,6.0,6.0,1449,1449,1449,1449,,5000,5000,1.0,3021694564,20260901
B2_feature,0.5,per_class,all,micro,solve_runtime_ms_per_map,0.003639835531047558,0.003623906268391432,0.0036584160037539007,1449,1449,1449,1449,,5000,5000,1.0,3021694564,20260901
B2_feature,0.5,per_class,all,micro,energy_raw,0.005383211009177393,0.005148118020731408,0.0056604553572576445,1449,1449,1449,1449,,5000,5000,1.0,3021694564,20260901
B2_feature,0.5,per_class,all,micro,energy_smoothed,0.002942352247018858,0.002774377991720935,0.0031389343563237968,1449,1449,1449,1449,,5000,5000,1.0,3021694564,20260901
B2_feature,0.5,per_class,all,micro,energy_retention,0.5229794387573864,0.5207069165336213,0.5253295488079677,1449,1449,1449,1449,,5000,5000,1.0,3021694564,20260901
B2_feature,0.5,per_class,all,micro,linear_solve_relative_residual,5.770891082568008e-06,5.6231636466456045e-06,5.913657439330016e-06,1449,1449,1449,1449,,5000,5000,1.0,3021694564,20260901
B2_feature,0.5,per_class,all,micro,cg_iterations,6.0,6.0,6.0,1449,1449,1449,1449,,5000,5000,1.0,3021694564,20260901
B2_feature,0.5,per_class,all,micro,solve_runtime_ms_per_map,0.003639835531047558,0.003623906268391432,0.0036584160037539007,1449,1449,1449,1449,,5000,5000,1.0,3021694564,20260901
B2_feature,0.5,per_class,all,micro,energy_raw,0.006574670967917177,0.006032473684603983,0.007189257692589358,1449,1449,1449,1449,,5000,5000,1.0,3021694564,20260901
B2_feature,0.5,per_class,all,micro,energy_smoothed,0.003954182249838403,0.0035449904470212083,0.004420663164565209,1449,1449,1449,1449,,5000,5000,1.0,3021694564,20260901
B2_feature,0.5,per_class,all,micro,energy_retention,0.542627582618333,0.5398771274040451,0.5454617813538073,1449,1449,1449,1449,,5000,5000,1.0,3021694564,20260901
B2_feature,0.5,per_class,all,micro,linear_solve_relative_residual,5.651166481651529e-06,5.508063499328141e-06,5.791233431649015e-06,1449,1449,1449,1449,,5000,5000,1.0,3021694564,20260901
B2_feature,0.5,per_class,all,micro,cg_iterations,6.0,6.0,6.0,1449,1449,1449,1449,,5000,5000,1.0,3021694564,20260901
B2_feature,0.5,per_class,all,micro,solve_runtime_ms_per_map,0.003639835531047558,0.003623906268391432,0.0036584160037539007,1449,1449,1449,1449,,5000,5000,1.0,3021694564,20260901
B2_feature,0.5,per_class,all,micro,energy_raw,0.010478428331813713,0.009637760239132835,0.011359181032932875,1449,1449,1449,1449,,5000,5000,1.0,3021694564,20260901
B2_feature,0.5,per_class,all,micro,energy_smoothed,0.006559398740236284,0.005916453378050963,0.007220950189003659,1449,1449,1449,1449,,5000,5000,1.0,3021694564,20260901
B2_feature,0.5,per_class,all,micro,energy_retention,0.5433974850992238,0.539657025921028,0.547140197916081,1449,1449,1449,1449,,5000,5000,1.0,3021694564,20260901
B2_feature,0.5,per_class,all,micro,linear_solve_relative_residual,4.747977868411182e-06,4.609176469434474e-06,4.887016543995024e-06,1449,1449,1449,1449,,5000,5000,1.0,3021694564,20260901
B2_feature,0.5,per_class,all,micro,cg_iterations,6.0,6.0,6.0,1449,1449,1449,1449,,5000,5000,1.0,3021694564,20260901
B2_feature,0.5,per_class,all,micro,solve_runtime_ms_per_map,0.003639835531047558,0.003623906268391432,0.0036584160037539007,1449,1449,1449,1449,,5000,5000,1.0,3021694564,20260901
B2_feature,0.5,per_class,all,micro,energy_raw,0.006906399086536808,0.006454728713769754,0.007393478762766242,1449,1449,1449,1449,,5000,5000,1.0,3021694564,20260901
B2_feature,0.5,per_class,all,micro,energy_smoothed,0.0041159792598195535,0.0037751010667108156,0.004483446235558563,1449,1449,1449,1449,,5000,5000,1.0,3021694564,20260901
B2_feature,0.5,per_class,all,micro,energy_retention,0.5386324697852217,0.5355271864864972,0.5417924454580965,1449,1449,1449,1449,,5000,5000,1.0,3021694564,20260901
B2_feature,0.5,per_class,all,micro,linear_solve_relative_residual,5.280105259978021e-06,5.128157593682095e-06,5.4306298843394295e-06,1449,1449,1449,1449,,5000,5000,1.0,3021694564,20260901
B2_feature,0.5,per_class,all,micro,cg_iterations,6.0,6.0,6.0,1449,1449,1449,1449,,5000,5000,1.0,3021694564,20260901
B2_feature,0.5,per_class,all,micro,solve_runtime_ms_per_map,0.003639835531047558,0.003623906268391432,0.0036584160037539007,1449,1449,1449,1449,,5000,5000,1.0,3021694564,20260901
B2_feature,0.5,per_class,all,micro,energy_raw,0.011820598098264945,0.010897819219469468,0.012781903412942006,1449,1449,1449,1449,,5000,5000,1.0,3021694564,20260901
B2_feature,0.5,per_class,all,micro,energy_smoothed,0.007341101586631016,0.006698332089593578,0.008014399899384957,1449,1449,1449,1449,,5000,5000,1.0,3021694564,20260901
B2_feature,0.5,per_class,all,micro,energy_retention,0.5557028697925737,0.5522680826623988,0.5591773872157678,1449,1449,1449,1449,,5000,5000,1.0,3021694564,20260901
B2_feature,0.5,per_class,all,micro,linear_solve_relative_residual,4.334143671423139e-06,4.1918396120518074e-06,4.4795193596893e-06,1449,1449,1449,1449,,5000,5000,1.0,3021694564,20260901
B2_feature,0.5,per_class,all,micro,cg_iterations,6.0,6.0,6.0,1449,1449,1449,1449,,5000,5000,1.0,3021694564,20260901
B2_feature,0.5,per_class,all,micro,solve_runtime_ms_per_map,0.003639835531047558,0.003623906268391432,0.0036584160037539007,1449,1449,1449,1449,,5000,5000,1.0,3021694564,20260901
B2_feature,0.5,per_class,all,micro,energy_raw,0.006650235861111779,0.006195138155739321,0.007165926370754956,1449,1449,1449,1449,,5000,5000,1.0,3021694564,20260901
B2_feature,0.5,per_class,all,micro,energy_smoothed,0.00404910972769153,0.00370001421425037,0.00444459849166741,1449,1449,1449,1449,,5000,5000,1.0,3021694564,20260901
B2_feature,0.5,per_class,all,micro,energy_retention,0.5402346284040671,0.5366882930641507,0.5439578524837624,1449,1449,1449,1449,,5000,5000,1.0,3021694564,20260901
B2_feature,0.5,per_class,all,micro,linear_solve_relative_residual,5.630826107165353e-06,5.485933452808298e-06,5.769299543260762e-06,1449,1449,1449,1449,,5000,5000,1.0,3021694564,20260901
B2_feature,0.5,per_class,all,micro,cg_iterations,6.0,6.0,6.0,1449,1449,1449,1449,,5000,5000,1.0,3021694564,20260901
B2_feature,0.5,per_class,all,micro,solve_runtime_ms_per_map,0.003639835531047558,0.003623906268391432,0.0036584160037539007,1449,1449,1449,1449,,5000,5000,1.0,3021694564,20260901
B2_feature,0.5,per_class,all,micro,energy_raw,0.01570258402062183,0.014479523251258805,0.017069417916641946,1449,1449,1449,1449,,5000,5000,1.0,3021694564,20260901
B2_feature,0.5,per_class,all,micro,energy_smoothed,0.010235570502710728,0.00931255061481806,0.011234048830941288,1449,1449,1449,1449,,5000,5000,1.0,3021694564,20260901
B2_feature,0.5,per_class,all,micro,energy_retention,0.5503639683302227,0.5461056019007913,0.5547330000642828,1449,1449,1449,1449,,5000,5000,1.0,3021694564,20260901
B2_feature,0.5,per_class,all,micro,linear_solve_relative_residual,4.380571059216456e-06,4.240607555667709e-06,4.528681468183839e-06,1449,1449,1449,1449,,5000,5000,1.0,3021694564,20260901
B2_feature,0.5,per_class,all,micro,cg_iterations,6.0,6.0,6.0,1449,1449,1449,1449,,5000,5000,1.0,3021694564,20260901
B2_feature,0.5,per_class,all,micro,solve_runtime_ms_per_map,0.003639835531047558,0.003623906268391432,0.0036584160037539007,1449,1449,1449,1449,,5000,5000,1.0,3021694564,20260901
B2_feature,0.5,per_class,all,micro,energy_raw,0.00679435096917323,0.006186409915521117,0.007465021501636642,1449,1449,1449,1449,,5000,5000,1.0,3021694564,20260901
B2_feature,0.5,per_class,all,micro,energy_smoothed,0.00418883189828128,0.003719030561775338,0.00470654386112233,1449,1449,1449,1449,,5000,5000,1.0,3021694564,20260901
B2_feature,0.5,per_class,all,micro,energy_retention,0.5309036235055733,0.5276243767382937,0.534316849420612,1449,1449,1449,1449,,5000,5000,1.0,3021694564,20260901
B2_feature,0.5,per_class,all,micro,linear_solve_relative_residual,6.202651744319861e-06,6.075746074010089e-06,6.325429739696057e-06,1449,1449,1449,1449,,5000,5000,1.0,3021694564,20260901
B2_feature,0.5,per_class,all,micro,cg_iterations,6.0,6.0,6.0,1449,1449,1449,1449,,5000,5000,1.0,3021694564,20260901
B2_feature,0.5,per_class,all,micro,solve_runtime_ms_per_map,0.003639835531047558,0.003623906268391432,0.0036584160037539007,1449,1449,1449,1449,,5000,5000,1.0,3021694564,20260901
B2_feature,0.5,per_class,all,micro,energy_raw,0.008282832249473931,0.0075700517012735275,0.009059911169352914,1449,1449,1449,1449,,5000,5000,1.0,3021694564,20260901
B2_feature,0.5,per_class,all,micro,energy_smoothed,0.005059326949077507,0.0045280130654182975,0.005640260952007761,1449,1449,1449,1449,,5000,5000,1.0,3021694564,20260901
B2_feature,0.5,per_class,all,micro,energy_retention,0.5379919687001931,0.5348580293326521,0.5410773886919146,1449,1449,1449,1449,,5000,5000,1.0,3021694564,20260901
B2_feature,0.5,per_class,all,micro,linear_solve_relative_residual,5.2311444727314444e-06,5.08913247791396e-06,5.3751141953851335e-06,1449,1449,1449,1449,,5000,5000,1.0,3021694564,20260901
B2_feature,0.5,per_class,all,micro,cg_iterations,6.0,6.0,6.0,1449,1449,1449,1449,,5000,5000,1.0,3021694564,20260901
B2_feature,0.5,per_class,all,micro,solve_runtime_ms_per_map,0.003639835531047558,0.003623906268391432,0.0036584160037539007,1449,1449,1449,1449,,5000,5000,1.0,3021694564,20260901
B2_feature,0.5,per_class,all,micro,energy_raw,0.008446614035123059,0.007901572864802343,0.009037839440877785,1449,1449,1449,1449,,5000,5000,1.0,3021694564,20260901
B2_feature,0.5,per_class,all,micro,energy_smoothed,0.005192118115032836,0.0047639420157941335,0.005656200057851922,1449,1449,1449,1449,,5000,5000,1.0,3021694564,20260901
B2_feature,0.5,per_class,all,micro,energy_retention,0.5433200365761546,0.5392694359523128,0.5477364375066396,1449,1449,1449,1449,,5000,5000,1.0,3021694564,20260901
B2_feature,0.5,per_class,all,micro,linear_solve_relative_residual,4.424425409844186e-06,4.2651778734534014e-06,4.580943953349669e-06,1449,1449,1449,1449,,5000,5000,1.0,3021694564,20260901
B2_feature,0.5,per_class,all,micro,cg_iterations,6.0,6.0,6.0,1449,1449,1449,1449,,5000,5000,1.0,3021694564,20260901
B2_feature,0.5,per_class,all,micro,solve_runtime_ms_per_map,0.003639835531047558,0.003623906268391432,0.0036584160037539007,1449,1449,1449,1449,,5000,5000,1.0,3021694564,20260901
B2_feature,0.5,per_class,all,micro,energy_raw,0.006817095325051391,0.006302442568622008,0.007376192711010733,1449,1449,1449,1449,,5000,5000,1.0,3021694564,20260901
B2_feature,0.5,per_class,all,micro,energy_smoothed,0.00403843698851196,0.0036669629419939444,0.0044415512405860695,1449,1449,1449,1449,,5000,5000,1.0,3021694564,20260901
B2_feature,0.5,per_class,all,micro,energy_retention,0.5313647222609418,0.5282344133026893,0.5345944956289521,1449,1449,1449,1449,,5000,5000,1.0,3021694564,20260901
B2_feature,0.5,per_class,all,micro,linear_solve_relative_residual,5.671449976627786e-06,5.525913935734811e-06,5.814063552055304e-06,1449,1449,1449,1449,,5000,5000,1.0,3021694564,20260901
B2_feature,0.5,per_class,all,micro,cg_iterations,6.0,6.0,6.0,1449,1449,1449,1449,,5000,5000,1.0,3021694564,20260901
B2_feature,0.5,per_class,all,micro,solve_runtime_ms_per_map,0.003639835531047558,0.003623906268391432,0.0036584160037539007,1449,1449,1449,1449,,5000,5000,1.0,3021694564,20260901
B2_feature,0.5,per_class,all,micro,energy_raw,0.007134925980111899,0.006654879319443149,0.007629530862397324,1449,1449,1449,1449,,5000,5000,1.0,3021694564,20260901
B2_feature,0.5,per_class,all,micro,energy_smoothed,0.00431451961038836,0.003942884291445318,0.004695617038968068,1449,1449,1449,1449,,5000,5000,1.0,3021694564,20260901
B2_feature,0.5,per_class,all,micro,energy_retention,0.5365445947466101,0.5331536282427233,0.5400159014415914,1449,1449,1449,1449,,5000,5000,1.0,3021694564,20260901
B2_feature,0.5,per_class,all,micro,linear_solve_relative_residual,5.378349264857835e-06,5.233479072340545e-06,5.522391305089874e-06,1449,1449,1449,1449,,5000,5000,1.0,3021694564,20260901
B2_feature,0.5,per_class,all,micro,cg_iterations,6.0,6.0,6.0,1449,1449,1449,1449,,5000,5000,1.0,3021694564,20260901
B2_feature,0.5,per_class,all,micro,solve_runtime_ms_per_map,0.003639835531047558,0.003623906268391432,0.0036584160037539007,1449,1449,1449,1449,,5000,5000,1.0,3021694564,20260901
B2_feature,0.5,per_class,all,micro,energy_raw,0.023121428540814604,0.02153782951630288,0.024726441739222005,1449,1449,1449,1449,,5000,5000,1.0,3021694564,20260901
B2_feature,0.5,per_class,all,micro,energy_smoothed,0.015630527911257845,0.014492992234784754,0.01677806713842532,1449,1449,1449,1449,,5000,5000,1.0,3021694564,20260901
B2_feature,0.5,per_class,all,micro,energy_retention,0.6047525972930047,0.5996462434283448,0.6099183770018746,1449,1449,1449,1449,,5000,5000,1.0,3021694564,20260901
B2_feature,0.5,per_class,all,micro,linear_solve_relative_residual,3.654577852491003e-06,3.5397629839314746e-06,3.7728701365570944e-06,1449,1449,1449,1449,,5000,5000,1.0,3021694564,20260901
B2_feature,0.5,per_class,all,micro,cg_iterations,6.0,6.0,6.0,1449,1449,1449,1449,,5000,5000,1.0,3021694564,20260901
B2_feature,0.5,per_class,all,micro,solve_runtime_ms_per_map,0.003639835531047558,0.003623906268391432,0.0036584160037539007,1449,1449,1449,1449,,5000,5000,1.0,3021694564,20260901
B2_feature,0.5,per_class,all,micro,energy_raw,0.011691366307073632,0.010869653674906757,0.012603399661753495,1449,1449,1449,1449,,5000,5000,1.0,3021694564,20260901
B2_feature,0.5,per_class,all,micro,energy_smoothed,0.007021826134192493,0.006430045052003623,0.007677096986345847,1449,1449,1449,1449,,5000,5000,1.0,3021694564,20260901
B2_feature,0.5,per_class,all,micro,energy_retention,0.5340292111933849,0.5306634590729011,0.5374674868951839,1449,1449,1449,1449,,5000,5000,1.0,3021694564,20260901
B2_feature,0.5,per_class,all,micro,linear_solve_relative_residual,3.941083709120631e-06,3.7934636705941046e-06,4.0864057557117476e-06,1449,1449,1449,1449,,5000,5000,1.0,3021694564,20260901
B2_feature,0.5,per_class,all,micro,cg_iterations,6.0,6.0,6.0,1449,1449,1449,1449,,5000,5000,1.0,3021694564,20260901
B2_feature,0.5,per_class,all,micro,solve_runtime_ms_per_map,0.003639835531047558,0.003623906268391432,0.0036584160037539007,1449,1449,1449,1449,,5000,5000,1.0,3021694564,20260901
B2_feature,0.5,per_class,all,micro,energy_raw,0.0055052777602041,0.005166313751205642,0.005885994024776012,1449,1449,1449,1449,,5000,5000,1.0,3021694564,20260901
B2_feature,0.5,per_class,all,micro,energy_smoothed,0.0031804894834285727,0.0029307218669931624,0.0034602290279118035,1449,1449,1449,1449,,5000,5000,1.0,3021694564,20260901
B2_feature,0.5,per_class,all,micro,energy_retention,0.5389180758478231,0.5359956900463835,0.5416283785294178,1449,1449,1449,1449,,5000,5000,1.0,3021694564,20260901
B2_feature,0.5,per_class,all,micro,linear_solve_relative_residual,5.938101284212e-06,5.8017161375459545e-06,6.070373180054195e-06,1449,1449,1449,1449,,5000,5000,1.0,3021694564,20260901
B2_feature,0.5,per_class,all,micro,cg_iterations,6.0,6.0,6.0,1449,1449,1449,1449,,5000,5000,1.0,3021694564,20260901
B2_feature,0.5,per_class,all,micro,solve_runtime_ms_per_map,0.003639835531047558,0.003623906268391432,0.0036584160037539007,1449,1449,1449,1449,,5000,5000,1.0,3021694564,20260901
B2_feature,0.5,per_class,all,micro,energy_raw,0.011357959520166227,0.01029763885255634,0.012552135889790405,1449,1449,1449,1449,,5000,5000,1.0,3021694564,20260901
B2_feature,0.5,per_class,all,micro,energy_smoothed,0.00757374745659309,0.006754277183032465,0.008490734143250162,1449,1449,1449,1449,,5000,5000,1.0,3021694564,20260901
B2_feature,0.5,per_class,all,micro,energy_retention,0.5522390963539244,0.5481704827266944,0.5565517075313544,1449,1449,1449,1449,,5000,5000,1.0,3021694564,20260901
B2_feature,0.5,per_class,all,micro,linear_solve_relative_residual,5.271083985247947e-06,5.133973243173345e-06,5.412626677207864e-06,1449,1449,1449,1449,,5000,5000,1.0,3021694564,20260901
B2_feature,0.5,per_class,all,micro,cg_iterations,6.0,6.0,6.0,1449,1449,1449,1449,,5000,5000,1.0,3021694564,20260901
B2_feature,0.5,per_class,all,micro,solve_runtime_ms_per_map,0.003639835531047558,0.003623906268391432,0.0036584160037539007,1449,1449,1449,1449,,5000,5000,1.0,3021694564,20260901
B2_feature,0.5,per_class,all,micro,energy_raw,0.005415498798927118,0.00500072500412738,0.005870199664954637,1449,1449,1449,1449,,5000,5000,1.0,3021694564,20260901
B2_feature,0.5,per_class,all,micro,energy_smoothed,0.0032202591993036153,0.0029094543498028084,0.0035617522549183348,1449,1449,1449,1449,,5000,5000,1.0,3021694564,20260901
B2_feature,0.5,per_class,all,micro,energy_retention,0.5440769579140707,0.5414342536869298,0.5465717486271041,1449,1449,1449,1449,,5000,5000,1.0,3021694564,20260901
B2_feature,0.5,per_class,all,micro,linear_solve_relative_residual,5.945660733490189e-06,5.820819436241472e-06,6.071748292683006e-06,1449,1449,1449,1449,,5000,5000,1.0,3021694564,20260901
B2_feature,0.5,per_class,all,micro,cg_iterations,6.0,6.0,6.0,1449,1449,1449,1449,,5000,5000,1.0,3021694564,20260901
B2_feature,0.5,per_class,all,micro,solve_runtime_ms_per_map,0.003639835531047558,0.003623906268391432,0.0036584160037539007,1449,1449,1449,1449,,5000,5000,1.0,3021694564,20260901
B2_feature,0.5,per_class,all,micro,energy_raw,0.008260982111578432,0.007654230379528578,0.008914693494538184,1449,1449,1449,1449,,5000,5000,1.0,3021694564,20260901
B2_feature,0.5,per_class,all,micro,energy_smoothed,0.0049774345738255385,0.004530961202201899,0.005452128305039889,1449,1449,1449,1449,,5000,5000,1.0,3021694564,20260901
B2_feature,0.5,per_class,all,micro,energy_retention,0.5408719257291553,0.5376847999498218,0.5441130124618672,1449,1449,1449,1449,,5000,5000,1.0,3021694564,20260901
B2_feature,0.5,per_class,all,micro,linear_solve_relative_residual,4.58716642035062e-06,4.438294817866001e-06,4.737471603814217e-06,1449,1449,1449,1449,,5000,5000,1.0,3021694564,20260901
B2_feature,0.5,per_class,all,micro,cg_iterations,6.0,6.0,6.0,1449,1449,1449,1449,,5000,5000,1.0,3021694564,20260901
B2_feature,0.5,per_class,all,micro,solve_runtime_ms_per_map,0.003639835531047558,0.003623906268391432,0.0036584160037539007,1449,1449,1449,1449,,5000,5000,1.0,3021694564,20260901
B2_feature,1.0,all_class_maps,all,micro,energy_raw,0.008956597696880028,0.008721826173557897,0.009209081520289037,1449,1449,28980,28980,,5000,5000,1.0,3021694564,20260901
B2_feature,1.0,all_class_maps,all,micro,energy_smoothed,0.004208316491698487,0.004072654959648692,0.004351283749370929,1449,1449,28980,28980,,5000,5000,1.0,3021694564,20260901
B2_feature,1.0,all_class_maps,all,micro,energy_retention,0.3748987303397588,0.37303166069373167,0.376734000555374,1449,1449,28980,28980,,5000,5000,1.0,3021694564,20260901
B2_feature,1.0,all_class_maps,all,micro,linear_solve_relative_residual,5.004977147886984e-06,4.975626493692782e-06,5.035013889859498e-06,1449,1449,28980,28980,,5000,5000,1.0,3021694564,20260901
B2_feature,1.0,all_class_maps,all,micro,cg_iterations,8.0,8.0,8.0,1449,1449,28980,28980,,5000,5000,1.0,3021694564,20260901
B2_feature,1.0,all_class_maps,all,micro,solve_runtime_ms_per_map,0.0045529923583666875,0.004533520945236315,0.004575564911130871,1449,1449,28980,28980,,5000,5000,1.0,3021694564,20260901
B2_feature,1.0,all_class_maps,all,macro_class,energy_raw,0.008956597696880026,0.008721826173557897,0.009209081520289037,1449,1449,28980,28980,20,5000,5000,1.0,3021694564,20260901
B2_feature,1.0,all_class_maps,all,macro_class,energy_smoothed,0.004208316491698487,0.004072654959648693,0.004351283749370929,1449,1449,28980,28980,20,5000,5000,1.0,3021694564,20260901
B2_feature,1.0,all_class_maps,all,macro_class,energy_retention,0.3748987303397588,0.3730316606937317,0.376734000555374,1449,1449,28980,28980,20,5000,5000,1.0,3021694564,20260901
B2_feature,1.0,all_class_maps,all,macro_class,linear_solve_relative_residual,5.004977147886985e-06,4.975626493692782e-06,5.035013889859499e-06,1449,1449,28980,28980,20,5000,5000,1.0,3021694564,20260901
B2_feature,1.0,all_class_maps,all,macro_class,cg_iterations,8.0,8.0,8.0,1449,1449,28980,28980,20,5000,5000,1.0,3021694564,20260901
B2_feature,1.0,all_class_maps,all,macro_class,solve_runtime_ms_per_map,0.004552992358366689,0.004533520945236315,0.004575564911130872,1449,1449,28980,28980,20,5000,5000,1.0,3021694564,20260901
B2_feature,1.0,all_class_maps,single_label,micro,energy_raw,0.007069171715664407,0.006839880156581145,0.00729974142602533,927,927,18540,18540,,5000,5000,1.0,3021694564,20260901
B2_feature,1.0,all_class_maps,single_label,micro,energy_smoothed,0.003063942677833184,0.0029389569196708655,0.003190836000052937,927,927,18540,18540,,5000,5000,1.0,3021694564,20260901
B2_feature,1.0,all_class_maps,single_label,micro,energy_retention,0.3627437786778843,0.36059898142965097,0.3649425903853218,927,927,18540,18540,,5000,5000,1.0,3021694564,20260901
B2_feature,1.0,all_class_maps,single_label,micro,linear_solve_relative_residual,4.8644305483178904e-06,4.82593283328488e-06,4.902833685524981e-06,927,927,18540,18540,,5000,5000,1.0,3021694564,20260901
B2_feature,1.0,all_class_maps,single_label,micro,cg_iterations,8.0,8.0,8.0,927,927,18540,18540,,5000,5000,1.0,3021694564,20260901
B2_feature,1.0,all_class_maps,single_label,micro,solve_runtime_ms_per_map,0.00455335415810171,0.004529518548980482,0.00458292148328722,927,927,18540,18540,,5000,5000,1.0,3021694564,20260901
B2_feature,1.0,all_class_maps,single_label,macro_class,energy_raw,0.007069171715664407,0.006839880156581145,0.007299741426025329,927,927,18540,18540,20,5000,5000,1.0,3021694564,20260901
B2_feature,1.0,all_class_maps,single_label,macro_class,energy_smoothed,0.003063942677833184,0.0029389569196708655,0.0031908360000529367,927,927,18540,18540,20,5000,5000,1.0,3021694564,20260901
B2_feature,1.0,all_class_maps,single_label,macro_class,energy_retention,0.3627437786778842,0.3605989814296509,0.3649425903853218,927,927,18540,18540,20,5000,5000,1.0,3021694564,20260901
B2_feature,1.0,all_class_maps,single_label,macro_class,linear_solve_relative_residual,4.86443054831789e-06,4.825932833284881e-06,4.90283368552498e-06,927,927,18540,18540,20,5000,5000,1.0,3021694564,20260901
B2_feature,1.0,all_class_maps,single_label,macro_class,cg_iterations,8.0,8.0,8.0,927,927,18540,18540,20,5000,5000,1.0,3021694564,20260901
B2_feature,1.0,all_class_maps,single_label,macro_class,solve_runtime_ms_per_map,0.00455335415810171,0.004529518548980483,0.00458292148328722,927,927,18540,18540,20,5000,5000,1.0,3021694564,20260901
B2_feature,1.0,all_class_maps,exactly_2_labels,micro,energy_raw,0.011238184535394734,0.010844686388792083,0.011660325369330045,375,375,7500,7500,,5000,5000,1.0,3021694564,20260901
B2_feature,1.0,all_class_maps,exactly_2_labels,micro,energy_smoothed,0.005559512631036341,0.005323343237458806,0.0058069670513854355,375,375,7500,7500,,5000,5000,1.0,3021694564,20260901
B2_feature,1.0,all_class_maps,exactly_2_labels,micro,energy_retention,0.39168878117402395,0.3886958840833108,0.39468524935414395,375,375,7500,7500,,5000,5000,1.0,3021694564,20260901
B2_feature,1.0,all_class_maps,exactly_2_labels,micro,linear_solve_relative_residual,5.245108052895376e-06,5.20039018796903e-06,5.2903589912110275e-06,375,375,7500,7500,,5000,5000,1.0,3021694564,20260901
B2_feature,1.0,all_class_maps,exactly_2_labels,micro,cg_iterations,8.0,8.0,8.0,375,375,7500,7500,,5000,5000,1.0,3021694564,20260901
B2_feature,1.0,all_class_maps,exactly_2_labels,micro,solve_runtime_ms_per_map,0.004550407610669801,0.0045201775113673645,0.004594987010037855,375,375,7500,7500,,5000,5000,1.0,3021694564,20260901
B2_feature,1.0,all_class_maps,exactly_2_labels,macro_class,energy_raw,0.01123818453539473,0.010844686388792086,0.011660325369330043,375,375,7500,7500,20,5000,5000,1.0,3021694564,20260901
B2_feature,1.0,all_class_maps,exactly_2_labels,macro_class,energy_smoothed,0.005559512631036342,0.0053233432374588064,0.0058069670513854355,375,375,7500,7500,20,5000,5000,1.0,3021694564,20260901
B2_feature,1.0,all_class_maps,exactly_2_labels,macro_class,energy_retention,0.39168878117402395,0.38869588408331074,0.39468524935414395,375,375,7500,7500,20,5000,5000,1.0,3021694564,20260901
B2_feature,1.0,all_class_maps,exactly_2_labels,macro_class,linear_solve_relative_residual,5.2451080528953765e-06,5.2003901879690306e-06,5.2903589912110275e-06,375,375,7500,7500,20,5000,5000,1.0,3021694564,20260901
B2_feature,1.0,all_class_maps,exactly_2_labels,macro_class,cg_iterations,8.0,8.0,8.0,375,375,7500,7500,20,5000,5000,1.0,3021694564,20260901
B2_feature,1.0,all_class_maps,exactly_2_labels,macro_class,solve_runtime_ms_per_map,0.0045504076106698,0.004520177511367364,0.004594987010037854,375,375,7500,7500,20,5000,5000,1.0,3021694564,20260901
B2_feature,1.0,all_class_maps,3plus_labels,micro,energy_raw,0.015038562459763469,0.014316180872184076,0.01575168666814899,147,147,2940,2940,,5000,5000,1.0,3021694564,20260901
B2_feature,1.0,all_class_maps,3plus_labels,micro,energy_smoothed,0.007977948962456585,0.007530217838361162,0.008431300687281233,147,147,2940,2940,,5000,5000,1.0,3021694564,20260901
B2_feature,1.0,all_class_maps,3plus_labels,micro,energy_retention,0.40871758154865834,0.40476544953325166,0.41253541994333065,147,147,2940,2940,,5000,5000,1.0,3021694564,20260901
B2_feature,1.0,all_class_maps,3plus_labels,micro,linear_solve_relative_residual,5.278702375250271e-06,5.214202102697728e-06,5.346252502767791e-06,147,147,2940,2940,,5000,5000,1.0,3021694564,20260901
B2_feature,1.0,all_class_maps,3plus_labels,micro,cg_iterations,8.0,8.0,8.0,147,147,2940,2940,,5000,5000,1.0,3021694564,20260901
B2_feature,1.0,all_class_maps,3plus_labels,micro,solve_runtime_ms_per_map,0.00455730454906035,0.0045163528849196544,0.004634550421917719,147,147,2940,2940,,5000,5000,1.0,3021694564,20260901
B2_feature,1.0,all_class_maps,3plus_labels,macro_class,energy_raw,0.015038562459763469,0.014316180872184076,0.015751686668148985,147,147,2940,2940,20,5000,5000,1.0,3021694564,20260901
B2_feature,1.0,all_class_maps,3plus_labels,macro_class,energy_smoothed,0.007977948962456584,0.007530217838361164,0.008431300687281235,147,147,2940,2940,20,5000,5000,1.0,3021694564,20260901
B2_feature,1.0,all_class_maps,3plus_labels,macro_class,energy_retention,0.40871758154865834,0.4047654495332516,0.4125354199433306,147,147,2940,2940,20,5000,5000,1.0,3021694564,20260901
B2_feature,1.0,all_class_maps,3plus_labels,macro_class,linear_solve_relative_residual,5.278702375250271e-06,5.214202102697729e-06,5.346252502767791e-06,147,147,2940,2940,20,5000,5000,1.0,3021694564,20260901
B2_feature,1.0,all_class_maps,3plus_labels,macro_class,cg_iterations,8.0,8.0,8.0,147,147,2940,2940,20,5000,5000,1.0,3021694564,20260901
B2_feature,1.0,all_class_maps,3plus_labels,macro_class,solve_runtime_ms_per_map,0.00455730454906035,0.004516352884919654,0.004634550421917719,147,147,2940,2940,20,5000,5000,1.0,3021694564,20260901
B2_feature,1.0,per_class,all,micro,energy_raw,0.005577722238874856,0.005200935301698794,0.005999642234260899,1449,1449,1449,1449,,5000,5000,1.0,3021694564,20260901
B2_feature,1.0,per_class,all,micro,energy_smoothed,0.0023316389024148395,0.0020856768356711207,0.0026045613949665695,1449,1449,1449,1449,,5000,5000,1.0,3021694564,20260901
B2_feature,1.0,per_class,all,micro,energy_retention,0.361704935527325,0.3584375263324806,0.3650551295582799,1449,1449,1449,1449,,5000,5000,1.0,3021694564,20260901
B2_feature,1.0,per_class,all,micro,linear_solve_relative_residual,5.03596403288123e-06,4.973732962549909e-06,5.0997867746032666e-06,1449,1449,1449,1449,,5000,5000,1.0,3021694564,20260901
B2_feature,1.0,per_class,all,micro,cg_iterations,8.0,8.0,8.0,1449,1449,1449,1449,,5000,5000,1.0,3021694564,20260901
B2_feature,1.0,per_class,all,micro,solve_runtime_ms_per_map,0.004552992358366692,0.004533520945236315,0.00457556491113087,1449,1449,1449,1449,,5000,5000,1.0,3021694564,20260901
B2_feature,1.0,per_class,all,micro,energy_raw,0.007209772725584432,0.006601334033033241,0.007877625366264334,1449,1449,1449,1449,,5000,5000,1.0,3021694564,20260901
B2_feature,1.0,per_class,all,micro,energy_smoothed,0.003238672849573092,0.00286414372950383,0.003648550027816378,1449,1449,1449,1449,,5000,5000,1.0,3021694564,20260901
B2_feature,1.0,per_class,all,micro,energy_retention,0.3629580973715022,0.35942549124987394,0.3666239018514084,1449,1449,1449,1449,,5000,5000,1.0,3021694564,20260901
B2_feature,1.0,per_class,all,micro,linear_solve_relative_residual,4.900476162767331e-06,4.835791596109393e-06,4.965818881692406e-06,1449,1449,1449,1449,,5000,5000,1.0,3021694564,20260901
B2_feature,1.0,per_class,all,micro,cg_iterations,8.0,8.0,8.0,1449,1449,1449,1449,,5000,5000,1.0,3021694564,20260901
B2_feature,1.0,per_class,all,micro,solve_runtime_ms_per_map,0.004552992358366692,0.004533520945236315,0.00457556491113087,1449,1449,1449,1449,,5000,5000,1.0,3021694564,20260901
B2_feature,1.0,per_class,all,micro,energy_raw,0.005383211009177393,0.005148118020731408,0.0056604553572576445,1449,1449,1449,1449,,5000,5000,1.0,3021694564,20260901
B2_feature,1.0,per_class,all,micro,energy_smoothed,0.0020443361671609334,0.0019085948451253356,0.0022058527246026404,1449,1449,1449,1449,,5000,5000,1.0,3021694564,20260901
B2_feature,1.0,per_class,all,micro,energy_retention,0.3512740896602101,0.34855454955031495,0.35408268851286545,1449,1449,1449,1449,,5000,5000,1.0,3021694564,20260901
B2_feature,1.0,per_class,all,micro,linear_solve_relative_residual,5.046974906750222e-06,4.987879243910182e-06,5.104937079249919e-06,1449,1449,1449,1449,,5000,5000,1.0,3021694564,20260901
B2_feature,1.0,per_class,all,micro,cg_iterations,8.0,8.0,8.0,1449,1449,1449,1449,,5000,5000,1.0,3021694564,20260901
B2_feature,1.0,per_class,all,micro,solve_runtime_ms_per_map,0.004552992358366692,0.004533520945236315,0.00457556491113087,1449,1449,1449,1449,,5000,5000,1.0,3021694564,20260901
B2_feature,1.0,per_class,all,micro,energy_raw,0.006574670967917177,0.006032473684603983,0.007189257692589358,1449,1449,1449,1449,,5000,5000,1.0,3021694564,20260901
B2_feature,1.0,per_class,all,micro,energy_smoothed,0.002934113057020774,0.0025861483592077017,0.0033289138392713275,1449,1449,1449,1449,,5000,5000,1.0,3021694564,20260901
B2_feature,1.0,per_class,all,micro,energy_retention,0.3734410257689948,0.3701092029215345,0.37686979524570136,1449,1449,1449,1449,,5000,5000,1.0,3021694564,20260901
B2_feature,1.0,per_class,all,micro,linear_solve_relative_residual,4.984557544239397e-06,4.923367627433988e-06,5.047950200121935e-06,1449,1449,1449,1449,,5000,5000,1.0,3021694564,20260901
B2_feature,1.0,per_class,all,micro,cg_iterations,8.0,8.0,8.0,1449,1449,1449,1449,,5000,5000,1.0,3021694564,20260901
B2_feature,1.0,per_class,all,micro,solve_runtime_ms_per_map,0.004552992358366692,0.004533520945236315,0.00457556491113087,1449,1449,1449,1449,,5000,5000,1.0,3021694564,20260901
B2_feature,1.0,per_class,all,micro,energy_raw,0.010478428331813713,0.009637760239132835,0.011359181032932875,1449,1449,1449,1449,,5000,5000,1.0,3021694564,20260901
B2_feature,1.0,per_class,all,micro,energy_smoothed,0.004991932282577159,0.004454624381119341,0.00554839080379806,1449,1449,1449,1449,,5000,5000,1.0,3021694564,20260901
B2_feature,1.0,per_class,all,micro,energy_retention,0.3762608063146935,0.37178254819599166,0.3807542896028055,1449,1449,1449,1449,,5000,5000,1.0,3021694564,20260901
B2_feature,1.0,per_class,all,micro,linear_solve_relative_residual,4.9139005239363746e-06,4.82886095131586e-06,4.9993595302339135e-06,1449,1449,1449,1449,,5000,5000,1.0,3021694564,20260901
B2_feature,1.0,per_class,all,micro,cg_iterations,8.0,8.0,8.0,1449,1449,1449,1449,,5000,5000,1.0,3021694564,20260901
B2_feature,1.0,per_class,all,micro,solve_runtime_ms_per_map,0.004552992358366692,0.004533520945236315,0.00457556491113087,1449,1449,1449,1449,,5000,5000,1.0,3021694564,20260901
B2_feature,1.0,per_class,all,micro,energy_raw,0.006906399086536808,0.006454728713769754,0.007393478762766242,1449,1449,1449,1449,,5000,5000,1.0,3021694564,20260901
B2_feature,1.0,per_class,all,micro,energy_smoothed,0.0030298670566238444,0.0027429585601671134,0.0033350457819833887,1449,1449,1449,1449,,5000,5000,1.0,3021694564,20260901
B2_feature,1.0,per_class,all,micro,energy_retention,0.3699124748950337,0.3661702052278096,0.37370704812395567,1449,1449,1449,1449,,5000,5000,1.0,3021694564,20260901
B2_feature,1.0,per_class,all,micro,linear_solve_relative_residual,5.1258249359740325e-06,5.062198691135447e-06,5.189930344322376e-06,1449,1449,1449,1449,,5000,5000,1.0,3021694564,20260901
B2_feature,1.0,per_class,all,micro,cg_iterations,8.0,8.0,8.0,1449,1449,1449,1449,,5000,5000,1.0,3021694564,20260901
B2_feature,1.0,per_class,all,micro,solve_runtime_ms_per_map,0.004552992358366692,0.004533520945236315,0.00457556491113087,1449,1449,1449,1449,,5000,5000,1.0,3021694564,20260901
B2_feature,1.0,per_class,all,micro,energy_raw,0.011820598098264945,0.010897819219469468,0.012781903412942006,1449,1449,1449,1449,,5000,5000,1.0,3021694564,20260901
B2_feature,1.0,per_class,all,micro,energy_smoothed,0.005545755627348484,0.005021945339234251,0.006098527839685348,1449,1449,1449,1449,,5000,5000,1.0,3021694564,20260901
B2_feature,1.0,per_class,all,micro,energy_retention,0.3899676361274851,0.3857671226871639,0.3941815750394467,1449,1449,1449,1449,,5000,5000,1.0,3021694564,20260901
B2_feature,1.0,per_class,all,micro,linear_solve_relative_residual,5.203246541158565e-06,5.123660320714815e-06,5.2843774084999984e-06,1449,1449,1449,1449,,5000,5000,1.0,3021694564,20260901
B2_feature,1.0,per_class,all,micro,cg_iterations,8.0,8.0,8.0,1449,1449,1449,1449,,5000,5000,1.0,3021694564,20260901
B2_feature,1.0,per_class,all,micro,solve_runtime_ms_per_map,0.004552992358366692,0.004533520945236315,0.00457556491113087,1449,1449,1449,1449,,5000,5000,1.0,3021694564,20260901
B2_feature,1.0,per_class,all,micro,energy_raw,0.006650235861111779,0.006195138155739321,0.007165926370754956,1449,1449,1449,1449,,5000,5000,1.0,3021694564,20260901
B2_feature,1.0,per_class,all,micro,energy_smoothed,0.0030336277824929377,0.0027324565882972354,0.003370932467437119,1449,1449,1449,1449,,5000,5000,1.0,3021694564,20260901
B2_feature,1.0,per_class,all,micro,energy_retention,0.37205509340623233,0.3677142489884046,0.3765923203256436,1449,1449,1449,1449,,5000,5000,1.0,3021694564,20260901
B2_feature,1.0,per_class,all,micro,linear_solve_relative_residual,4.905059397024135e-06,4.841705213477534e-06,4.9681704016984064e-06,1449,1449,1449,1449,,5000,5000,1.0,3021694564,20260901
B2_feature,1.0,per_class,all,micro,cg_iterations,8.0,8.0,8.0,1449,1449,1449,1449,,5000,5000,1.0,3021694564,20260901
B2_feature,1.0,per_class,all,micro,solve_runtime_ms_per_map,0.004552992358366692,0.004533520945236315,0.00457556491113087,1449,1449,1449,1449,,5000,5000,1.0,3021694564,20260901
B2_feature,1.0,per_class,all,micro,energy_raw,0.01570258402062183,0.014479523251258805,0.017069417916641946,1449,1449,1449,1449,,5000,5000,1.0,3021694564,20260901
B2_feature,1.0,per_class,all,micro,energy_smoothed,0.007961830680224507,0.00718579956847881,0.00880164409230266,1449,1449,1449,1449,,5000,5000,1.0,3021694564,20260901
B2_feature,1.0,per_class,all,micro,energy_retention,0.38458436947596164,0.3794740588814946,0.3898388032366318,1449,1449,1449,1449,,5000,5000,1.0,3021694564,20260901
B2_feature,1.0,per_class,all,micro,linear_solve_relative_residual,5.060408050913994e-06,4.97833335662268e-06,5.140261915774855e-06,1449,1449,1449,1449,,5000,5000,1.0,3021694564,20260901
B2_feature,1.0,per_class,all,micro,cg_iterations,8.0,8.0,8.0,1449,1449,1449,1449,,5000,5000,1.0,3021694564,20260901
B2_feature,1.0,per_class,all,micro,solve_runtime_ms_per_map,0.004552992358366692,0.004533520945236315,0.00457556491113087,1449,1449,1449,1449,,5000,5000,1.0,3021694564,20260901
B2_feature,1.0,per_class,all,micro,energy_raw,0.00679435096917323,0.006186409915521117,0.007465021501636642,1449,1449,1449,1449,,5000,5000,1.0,3021694564,20260901
B2_feature,1.0,per_class,all,micro,energy_smoothed,0.003175863474970613,0.0027746140389384097,0.0036169506866101883,1449,1449,1449,1449,,5000,5000,1.0,3021694564,20260901
B2_feature,1.0,per_class,all,micro,energy_retention,0.3608305302054574,0.3568306577219027,0.36501233328655724,1449,1449,1449,1449,,5000,5000,1.0,3021694564,20260901
B2_feature,1.0,per_class,all,micro,linear_solve_relative_residual,4.716290243534713e-06,4.665574354262242e-06,4.769303732260167e-06,1449,1449,1449,1449,,5000,5000,1.0,3021694564,20260901
B2_feature,1.0,per_class,all,micro,cg_iterations,8.0,8.0,8.0,1449,1449,1449,1449,,5000,5000,1.0,3021694564,20260901
B2_feature,1.0,per_class,all,micro,solve_runtime_ms_per_map,0.004552992358366692,0.004533520945236315,0.00457556491113087,1449,1449,1449,1449,,5000,5000,1.0,3021694564,20260901
B2_feature,1.0,per_class,all,micro,energy_raw,0.008282832249473931,0.0075700517012735275,0.009059911169352914,1449,1449,1449,1449,,5000,5000,1.0,3021694564,20260901
B2_feature,1.0,per_class,all,micro,energy_smoothed,0.0037837886873596034,0.003344316650979803,0.004264870732584023,1449,1449,1449,1449,,5000,5000,1.0,3021694564,20260901
B2_feature,1.0,per_class,all,micro,energy_retention,0.3688665325268126,0.3651483609655382,0.37252220272441994,1449,1449,1449,1449,,5000,5000,1.0,3021694564,20260901
B2_feature,1.0,per_class,all,micro,linear_solve_relative_residual,5.044620867074357e-06,4.9743195397063296e-06,5.115080974226706e-06,1449,1449,1449,1449,,5000,5000,1.0,3021694564,20260901
B2_feature,1.0,per_class,all,micro,cg_iterations,8.0,8.0,8.0,1449,1449,1449,1449,,5000,5000,1.0,3021694564,20260901
B2_feature,1.0,per_class,all,micro,solve_runtime_ms_per_map,0.004552992358366692,0.004533520945236315,0.00457556491113087,1449,1449,1449,1449,,5000,5000,1.0,3021694564,20260901
B2_feature,1.0,per_class,all,micro,energy_raw,0.008446614035123059,0.007901572864802343,0.009037839440877785,1449,1449,1449,1449,,5000,5000,1.0,3021694564,20260901
B2_feature,1.0,per_class,all,micro,energy_smoothed,0.003933004894727048,0.0035646891387842235,0.004341113284945717,1449,1449,1449,1449,,5000,5000,1.0,3021694564,20260901
B2_feature,1.0,per_class,all,micro,energy_retention,0.3765499200427672,0.3715519787649848,0.38201499096252245,1449,1449,1449,1449,,5000,5000,1.0,3021694564,20260901
B2_feature,1.0,per_class,all,micro,linear_solve_relative_residual,5.296197550417255e-06,5.2241355528828894e-06,5.368085157316844e-06,1449,1449,1449,1449,,5000,5000,1.0,3021694564,20260901
B2_feature,1.0,per_class,all,micro,cg_iterations,8.0,8.0,8.0,1449,1449,1449,1449,,5000,5000,1.0,3021694564,20260901
B2_feature,1.0,per_class,all,micro,solve_runtime_ms_per_map,0.004552992358366692,0.004533520945236315,0.00457556491113087,1449,1449,1449,1449,,5000,5000,1.0,3021694564,20260901
B2_feature,1.0,per_class,all,micro,energy_raw,0.006817095325051391,0.006302442568622008,0.007376192711010733,1449,1449,1449,1449,,5000,5000,1.0,3021694564,20260901
B2_feature,1.0,per_class,all,micro,energy_smoothed,0.002976354681407895,0.0026654900224830215,0.0033067894037371467,1449,1449,1449,1449,,5000,5000,1.0,3021694564,20260901
B2_feature,1.0,per_class,all,micro,energy_retention,0.36205942958613935,0.35832078420114233,0.3660049587508742,1449,1449,1449,1449,,5000,5000,1.0,3021694564,20260901
B2_feature,1.0,per_class,all,micro,linear_solve_relative_residual,4.9459237569084095e-06,4.888014566966858e-06,5.006450593114419e-06,1449,1449,1449,1449,,5000,5000,1.0,3021694564,20260901
B2_feature,1.0,per_class,all,micro,cg_iterations,8.0,8.0,8.0,1449,1449,1449,1449,,5000,5000,1.0,3021694564,20260901
B2_feature,1.0,per_class,all,micro,solve_runtime_ms_per_map,0.004552992358366692,0.004533520945236315,0.00457556491113087,1449,1449,1449,1449,,5000,5000,1.0,3021694564,20260901
B2_feature,1.0,per_class,all,micro,energy_raw,0.007134925980111899,0.006654879319443149,0.007629530862397324,1449,1449,1449,1449,,5000,5000,1.0,3021694564,20260901
B2_feature,1.0,per_class,all,micro,energy_smoothed,0.003221497481645151,0.0029003276099655597,0.00354878472075616,1449,1449,1449,1449,,5000,5000,1.0,3021694564,20260901
B2_feature,1.0,per_class,all,micro,energy_retention,0.3676063108641662,0.36346580651534105,0.3718604202812256,1449,1449,1449,1449,,5000,5000,1.0,3021694564,20260901
B2_feature,1.0,per_class,all,micro,linear_solve_relative_residual,4.968247526401902e-06,4.901076013623106e-06,5.033155814633887e-06,1449,1449,1449,1449,,5000,5000,1.0,3021694564,20260901
B2_feature,1.0,per_class,all,micro,cg_iterations,8.0,8.0,8.0,1449,1449,1449,1449,,5000,5000,1.0,3021694564,20260901
B2_feature,1.0,per_class,all,micro,solve_runtime_ms_per_map,0.004552992358366692,0.004533520945236315,0.00457556491113087,1449,1449,1449,1449,,5000,5000,1.0,3021694564,20260901
B2_feature,1.0,per_class,all,micro,energy_raw,0.023121428540814604,0.02153782951630288,0.024726441739222005,1449,1449,1449,1449,,5000,5000,1.0,3021694564,20260901
B2_feature,1.0,per_class,all,micro,energy_smoothed,0.012415655278420786,0.011475726311233288,0.013370956590619605,1449,1449,1449,1449,,5000,5000,1.0,3021694564,20260901
B2_feature,1.0,per_class,all,micro,energy_retention,0.4499687343280508,0.4436522099933104,0.45635241010194816,1449,1449,1449,1449,,5000,5000,1.0,3021694564,20260901
B2_feature,1.0,per_class,all,micro,linear_solve_relative_residual,4.7840464291526294e-06,4.688109904006428e-06,4.878072547394678e-06,1449,1449,1449,1449,,5000,5000,1.0,3021694564,20260901
B2_feature,1.0,per_class,all,micro,cg_iterations,8.0,8.0,8.0,1449,1449,1449,1449,,5000,5000,1.0,3021694564,20260901
B2_feature,1.0,per_class,all,micro,solve_runtime_ms_per_map,0.004552992358366692,0.004533520945236315,0.00457556491113087,1449,1449,1449,1449,,5000,5000,1.0,3021694564,20260901
B2_feature,1.0,per_class,all,micro,energy_raw,0.011691366307073632,0.010869653674906757,0.012603399661753495,1449,1449,1449,1449,,5000,5000,1.0,3021694564,20260901
B2_feature,1.0,per_class,all,micro,energy_smoothed,0.005201187695722366,0.004719819577599098,0.00574297652261851,1449,1449,1449,1449,,5000,5000,1.0,3021694564,20260901
B2_feature,1.0,per_class,all,micro,energy_retention,0.3653652060229339,0.3613569224473112,0.36946388319432943,1449,1449,1449,1449,,5000,5000,1.0,3021694564,20260901
B2_feature,1.0,per_class,all,micro,linear_solve_relative_residual,5.390330000354842e-06,5.304950059702677e-06,5.476242142117701e-06,1449,1449,1449,1449,,5000,5000,1.0,3021694564,20260901
B2_feature,1.0,per_class,all,micro,cg_iterations,8.0,8.0,8.0,1449,1449,1449,1449,,5000,5000,1.0,3021694564,20260901
B2_feature,1.0,per_class,all,micro,solve_runtime_ms_per_map,0.004552992358366692,0.004533520945236315,0.00457556491113087,1449,1449,1449,1449,,5000,5000,1.0,3021694564,20260901
B2_feature,1.0,per_class,all,micro,energy_raw,0.0055052777602041,0.005166313751205642,0.005885994024776012,1449,1449,1449,1449,,5000,5000,1.0,3021694564,20260901
B2_feature,1.0,per_class,all,micro,energy_smoothed,0.0022866947085434654,0.0020787716933291177,0.002522693118682458,1449,1449,1449,1449,,5000,5000,1.0,3021694564,20260901
B2_feature,1.0,per_class,all,micro,energy_retention,0.3683012666539376,0.36478150449976005,0.3715522523082438,1449,1449,1449,1449,,5000,5000,1.0,3021694564,20260901
B2_feature,1.0,per_class,all,micro,linear_solve_relative_residual,4.876064485305398e-06,4.8162329043409745e-06,4.936940941160582e-06,1449,1449,1449,1449,,5000,5000,1.0,3021694564,20260901
B2_feature,1.0,per_class,all,micro,cg_iterations,8.0,8.0,8.0,1449,1449,1449,1449,,5000,5000,1.0,3021694564,20260901
B2_feature,1.0,per_class,all,micro,solve_runtime_ms_per_map,0.004552992358366692,0.004533520945236315,0.00457556491113087,1449,1449,1449,1449,,5000,5000,1.0,3021694564,20260901
B2_feature,1.0,per_class,all,micro,energy_raw,0.011357959520166227,0.01029763885255634,0.012552135889790405,1449,1449,1449,1449,,5000,5000,1.0,3021694564,20260901
B2_feature,1.0,per_class,all,micro,energy_smoothed,0.005986159275063513,0.005286409755177064,0.006766167676894856,1449,1449,1449,1449,,5000,5000,1.0,3021694564,20260901
B2_feature,1.0,per_class,all,micro,energy_retention,0.38688321618313126,0.3819581714661225,0.3921391473485323,1449,1449,1449,1449,,5000,5000,1.0,3021694564,20260901
B2_feature,1.0,per_class,all,micro,linear_solve_relative_residual,4.8648704671975775e-06,4.794536427124587e-06,4.935338248376237e-06,1449,1449,1449,1449,,5000,5000,1.0,3021694564,20260901
B2_feature,1.0,per_class,all,micro,cg_iterations,8.0,8.0,8.0,1449,1449,1449,1449,,5000,5000,1.0,3021694564,20260901
B2_feature,1.0,per_class,all,micro,solve_runtime_ms_per_map,0.004552992358366692,0.004533520945236315,0.00457556491113087,1449,1449,1449,1449,,5000,5000,1.0,3021694564,20260901
B2_feature,1.0,per_class,all,micro,energy_raw,0.005415498798927118,0.00500072500412738,0.005870199664954637,1449,1449,1449,1449,,5000,5000,1.0,3021694564,20260901
B2_feature,1.0,per_class,all,micro,energy_smoothed,0.0023692070474858433,0.0021048025806775345,0.0026592006797004587,1449,1449,1449,1449,,5000,5000,1.0,3021694564,20260901
B2_feature,1.0,per_class,all,micro,energy_retention,0.3752767247031523,0.37213140987348275,0.3782635436721758,1449,1449,1449,1449,,5000,5000,1.0,3021694564,20260901
B2_feature,1.0,per_class,all,micro,linear_solve_relative_residual,4.806603109474694e-06,4.74638477210228e-06,4.866861904183478e-06,1449,1449,1449,1449,,5000,5000,1.0,3021694564,20260901
B2_feature,1.0,per_class,all,micro,cg_iterations,8.0,8.0,8.0,1449,1449,1449,1449,,5000,5000,1.0,3021694564,20260901
B2_feature,1.0,per_class,all,micro,solve_runtime_ms_per_map,0.004552992358366692,0.004533520945236315,0.00457556491113087,1449,1449,1449,1449,,5000,5000,1.0,3021694564,20260901
B2_feature,1.0,per_class,all,micro,energy_raw,0.008260982111578432,0.007654230379528578,0.008914693494538184,1449,1449,1449,1449,,5000,5000,1.0,3021694564,20260901
B2_feature,1.0,per_class,all,micro,energy_smoothed,0.003705142203186882,0.003330845930374962,0.004101857836103766,1449,1449,1449,1449,,5000,5000,1.0,3021694564,20260901
B2_feature,1.0,per_class,all,micro,energy_retention,0.37410820713118903,0.3703111827219248,0.3779676519581126,1449,1449,1449,1449,,5000,5000,1.0,3021694564,20260901
B2_feature,1.0,per_class,all,micro,linear_solve_relative_residual,5.2299364262726255e-06,5.154808128796263e-06,5.308610470378262e-06,1449,1449,1449,1449,,5000,5000,1.0,3021694564,20260901
B2_feature,1.0,per_class,all,micro,cg_iterations,8.0,8.0,8.0,1449,1449,1449,1449,,5000,5000,1.0,3021694564,20260901
B2_feature,1.0,per_class,all,micro,solve_runtime_ms_per_map,0.004552992358366692,0.004533520945236315,0.00457556491113087,1449,1449,1449,1449,,5000,5000,1.0,3021694564,20260901
B2_feature,2.0,all_class_maps,all,micro,energy_raw,0.008956597696880028,0.008721826173557897,0.009209081520289037,1449,1449,28980,28980,,5000,5000,1.0,3021694564,20260901
B2_feature,2.0,all_class_maps,all,micro,energy_smoothed,0.002985125317216599,0.0028791587239359647,0.0030955735462924855,1449,1449,28980,28980,,5000,5000,1.0,3021694564,20260901
B2_feature,2.0,all_class_maps,all,micro,energy_retention,0.2359718430450532,0.23417550060188486,0.23775606780365016,1449,1449,28980,28980,,5000,5000,1.0,3021694564,20260901
B2_feature,2.0,all_class_maps,all,micro,linear_solve_relative_residual,5.346599505542556e-06,5.304107159892775e-06,5.388235893624911e-06,1449,1449,28980,28980,,5000,5000,1.0,3021694564,20260901
B2_feature,2.0,all_class_maps,all,micro,cg_iterations,11.0,11.0,11.0,1449,1449,28980,28980,,5000,5000,1.0,3021694564,20260901
B2_feature,2.0,all_class_maps,all,micro,solve_runtime_ms_per_map,0.006014870137768092,0.0059890783299229484,0.006045159694808061,1449,1449,28980,28980,,5000,5000,1.0,3021694564,20260901
B2_feature,2.0,all_class_maps,all,macro_class,energy_raw,0.008956597696880026,0.008721826173557897,0.009209081520289037,1449,1449,28980,28980,20,5000,5000,1.0,3021694564,20260901
B2_feature,2.0,all_class_maps,all,macro_class,energy_smoothed,0.0029851253172165993,0.002879158723935965,0.003095573546292485,1449,1449,28980,28980,20,5000,5000,1.0,3021694564,20260901
B2_feature,2.0,all_class_maps,all,macro_class,energy_retention,0.2359718430450532,0.2341755006018849,0.2377560678036502,1449,1449,28980,28980,20,5000,5000,1.0,3021694564,20260901
B2_feature,2.0,all_class_maps,all,macro_class,linear_solve_relative_residual,5.346599505542555e-06,5.304107159892775e-06,5.388235893624912e-06,1449,1449,28980,28980,20,5000,5000,1.0,3021694564,20260901
B2_feature,2.0,all_class_maps,all,macro_class,cg_iterations,11.0,11.0,11.0,1449,1449,28980,28980,20,5000,5000,1.0,3021694564,20260901
B2_feature,2.0,all_class_maps,all,macro_class,solve_runtime_ms_per_map,0.006014870137768093,0.005989078329922945,0.006045159694808059,1449,1449,28980,28980,20,5000,5000,1.0,3021694564,20260901
B2_feature,2.0,all_class_maps,single_label,micro,energy_raw,0.007069171715664407,0.006839880156581145,0.00729974142602533,927,927,18540,18540,,5000,5000,1.0,3021694564,20260901
B2_feature,2.0,all_class_maps,single_label,micro,energy_smoothed,0.0020893414758762483,0.001995107232096916,0.00218504715877517,927,927,18540,18540,,5000,5000,1.0,3021694564,20260901
B2_feature,2.0,all_class_maps,single_label,micro,energy_retention,0.2240071236866224,0.22194153579686363,0.22611754850732582,927,927,18540,18540,,5000,5000,1.0,3021694564,20260901
B2_feature,2.0,all_class_maps,single_label,micro,linear_solve_relative_residual,5.568147509202312e-06,5.516339860397087e-06,5.6226639771011345e-06,927,927,18540,18540,,5000,5000,1.0,3021694564,20260901
B2_feature,2.0,all_class_maps,single_label,micro,cg_iterations,11.0,11.0,11.0,927,927,18540,18540,,5000,5000,1.0,3021694564,20260901
B2_feature,2.0,all_class_maps,single_label,micro,solve_runtime_ms_per_map,0.0060147775402047314,0.00598357097439631,0.0060546289665694445,927,927,18540,18540,,5000,5000,1.0,3021694564,20260901
B2_feature,2.0,all_class_maps,single_label,macro_class,energy_raw,0.007069171715664407,0.006839880156581145,0.007299741426025329,927,927,18540,18540,20,5000,5000,1.0,3021694564,20260901
B2_feature,2.0,all_class_maps,single_label,macro_class,energy_smoothed,0.0020893414758762483,0.001995107232096916,0.0021850471587751704,927,927,18540,18540,20,5000,5000,1.0,3021694564,20260901
B2_feature,2.0,all_class_maps,single_label,macro_class,energy_retention,0.22400712368662234,0.22194153579686365,0.22611754850732585,927,927,18540,18540,20,5000,5000,1.0,3021694564,20260901
B2_feature,2.0,all_class_maps,single_label,macro_class,linear_solve_relative_residual,5.568147509202312e-06,5.516339860397087e-06,5.622663977101133e-06,927,927,18540,18540,20,5000,5000,1.0,3021694564,20260901
B2_feature,2.0,all_class_maps,single_label,macro_class,cg_iterations,11.0,11.0,11.0,927,927,18540,18540,20,5000,5000,1.0,3021694564,20260901
B2_feature,2.0,all_class_maps,single_label,macro_class,solve_runtime_ms_per_map,0.00601477754020473,0.005983570974396307,0.006054628966569443,927,927,18540,18540,20,5000,5000,1.0,3021694564,20260901
B2_feature,2.0,all_class_maps,exactly_2_labels,micro,energy_raw,0.011238184535394734,0.010844686388792083,0.011660325369330045,375,375,7500,7500,,5000,5000,1.0,3021694564,20260901
B2_feature,2.0,all_class_maps,exactly_2_labels,micro,energy_smoothed,0.004031632878646875,0.003846695580840363,0.0042225094687992045,375,375,7500,7500,,5000,5000,1.0,3021694564,20260901
B2_feature,2.0,all_class_maps,exactly_2_labels,micro,energy_retention,0.25245698431233565,0.2495949631315718,0.2553172216747701,375,375,7500,7500,,5000,5000,1.0,3021694564,20260901
B2_feature,2.0,all_class_maps,exactly_2_labels,micro,linear_solve_relative_residual,5.010843741547433e-06,4.948157343554461e-06,5.075468257087626e-06,375,375,7500,7500,,5000,5000,1.0,3021694564,20260901
B2_feature,2.0,all_class_maps,exactly_2_labels,micro,cg_iterations,11.0,11.0,11.0,375,375,7500,7500,,5000,5000,1.0,3021694564,20260901
B2_feature,2.0,all_class_maps,exactly_2_labels,micro,solve_runtime_ms_per_map,0.006012534026565307,0.005971969960543599,0.0060717313200061825,375,375,7500,7500,,5000,5000,1.0,3021694564,20260901
B2_feature,2.0,all_class_maps,exactly_2_labels,macro_class,energy_raw,0.01123818453539473,0.010844686388792086,0.011660325369330043,375,375,7500,7500,20,5000,5000,1.0,3021694564,20260901
B2_feature,2.0,all_class_maps,exactly_2_labels,macro_class,energy_smoothed,0.004031632878646875,0.003846695580840364,0.0042225094687992045,375,375,7500,7500,20,5000,5000,1.0,3021694564,20260901
B2_feature,2.0,all_class_maps,exactly_2_labels,macro_class,energy_retention,0.25245698431233576,0.24959496313157187,0.2553172216747701,375,375,7500,7500,20,5000,5000,1.0,3021694564,20260901
B2_feature,2.0,all_class_maps,exactly_2_labels,macro_class,linear_solve_relative_residual,5.010843741547433e-06,4.948157343554461e-06,5.075468257087625e-06,375,375,7500,7500,20,5000,5000,1.0,3021694564,20260901
B2_feature,2.0,all_class_maps,exactly_2_labels,macro_class,cg_iterations,11.0,11.0,11.0,375,375,7500,7500,20,5000,5000,1.0,3021694564,20260901
B2_feature,2.0,all_class_maps,exactly_2_labels,macro_class,solve_runtime_ms_per_map,0.006012534026565306,0.005971969960543601,0.0060717313200061825,375,375,7500,7500,20,5000,5000,1.0,3021694564,20260901
B2_feature,2.0,all_class_maps,3plus_labels,micro,energy_raw,0.015038562459763469,0.014316180872184076,0.01575168666814899,147,147,2940,2940,,5000,5000,1.0,3021694564,20260901
B2_feature,2.0,all_class_maps,3plus_labels,micro,energy_smoothed,0.00596438576202035,0.005606852131535388,0.006326608609158283,147,147,2940,2940,,5000,5000,1.0,3021694564,20260901
B2_feature,2.0,all_class_maps,3plus_labels,micro,energy_retention,0.2693688965827024,0.265508888196707,0.2731306201908864,147,147,2940,2940,,5000,5000,1.0,3021694564,20260901
B2_feature,2.0,all_class_maps,3plus_labels,micro,linear_solve_relative_residual,4.806010472247162e-06,4.72560629880209e-06,4.8947371459037014e-06,147,147,2940,2940,,5000,5000,1.0,3021694564,20260901
B2_feature,2.0,all_class_maps,3plus_labels,micro,cg_iterations,11.0,11.0,11.0,147,147,2940,2940,,5000,5000,1.0,3021694564,20260901
B2_feature,2.0,all_class_maps,3plus_labels,micro,solve_runtime_ms_per_map,0.006021413536695165,0.00596454775107731,0.006126369169644533,147,147,2940,2940,,5000,5000,1.0,3021694564,20260901
B2_feature,2.0,all_class_maps,3plus_labels,macro_class,energy_raw,0.015038562459763469,0.014316180872184076,0.015751686668148985,147,147,2940,2940,20,5000,5000,1.0,3021694564,20260901
B2_feature,2.0,all_class_maps,3plus_labels,macro_class,energy_smoothed,0.0059643857620203505,0.0056068521315353875,0.006326608609158282,147,147,2940,2940,20,5000,5000,1.0,3021694564,20260901
B2_feature,2.0,all_class_maps,3plus_labels,macro_class,energy_retention,0.26936889658270236,0.26550888819670704,0.27313062019088635,147,147,2940,2940,20,5000,5000,1.0,3021694564,20260901
B2_feature,2.0,all_class_maps,3plus_labels,macro_class,linear_solve_relative_residual,4.806010472247162e-06,4.725606298802091e-06,4.8947371459037014e-06,147,147,2940,2940,20,5000,5000,1.0,3021694564,20260901
B2_feature,2.0,all_class_maps,3plus_labels,macro_class,cg_iterations,11.0,11.0,11.0,147,147,2940,2940,20,5000,5000,1.0,3021694564,20260901
B2_feature,2.0,all_class_maps,3plus_labels,macro_class,solve_runtime_ms_per_map,0.006021413536695165,0.005964547751077309,0.006126369169644536,147,147,2940,2940,20,5000,5000,1.0,3021694564,20260901
B2_feature,2.0,per_class,all,micro,energy_raw,0.005577722238874856,0.005200935301698794,0.005999642234260899,1449,1449,1449,1449,,5000,5000,1.0,3021694564,20260901
B2_feature,2.0,per_class,all,micro,energy_smoothed,0.001560532435787015,0.001363363992196958,0.001779511024406139,1449,1449,1449,1449,,5000,5000,1.0,3021694564,20260901
B2_feature,2.0,per_class,all,micro,energy_retention,0.22259147383987368,0.2193200630993885,0.22592985905202978,1449,1449,1449,1449,,5000,5000,1.0,3021694564,20260901
B2_feature,2.0,per_class,all,micro,linear_solve_relative_residual,5.306561660886414e-06,5.1999710306140094e-06,5.414433671696756e-06,1449,1449,1449,1449,,5000,5000,1.0,3021694564,20260901
B2_feature,2.0,per_class,all,micro,cg_iterations,11.0,11.0,11.0,1449,1449,1449,1449,,5000,5000,1.0,3021694564,20260901
B2_feature,2.0,per_class,all,micro,solve_runtime_ms_per_map,0.00601487013776809,0.005989078329922948,0.006045159694808061,1449,1449,1449,1449,,5000,5000,1.0,3021694564,20260901
B2_feature,2.0,per_class,all,micro,energy_raw,0.007209772725584432,0.006601334033033241,0.007877625366264334,1449,1449,1449,1449,,5000,5000,1.0,3021694564,20260901
B2_feature,2.0,per_class,all,micro,energy_smoothed,0.002250690838702703,0.001953471965188271,0.0025694812779568123,1449,1449,1449,1449,,5000,5000,1.0,3021694564,20260901
B2_feature,2.0,per_class,all,micro,energy_retention,0.2236943812288853,0.22013003245070628,0.22742795863036475,1449,1449,1449,1449,,5000,5000,1.0,3021694564,20260901
B2_feature,2.0,per_class,all,micro,linear_solve_relative_residual,5.465239495966794e-06,5.36285388140118e-06,5.566996670932286e-06,1449,1449,1449,1449,,5000,5000,1.0,3021694564,20260901
B2_feature,2.0,per_class,all,micro,cg_iterations,11.0,11.0,11.0,1449,1449,1449,1449,,5000,5000,1.0,3021694564,20260901
B2_feature,2.0,per_class,all,micro,solve_runtime_ms_per_map,0.00601487013776809,0.005989078329922948,0.006045159694808061,1449,1449,1449,1449,,5000,5000,1.0,3021694564,20260901
B2_feature,2.0,per_class,all,micro,energy_raw,0.005383211009177393,0.005148118020731408,0.0056604553572576445,1449,1449,1449,1449,,5000,5000,1.0,3021694564,20260901
B2_feature,2.0,per_class,all,micro,energy_smoothed,0.0012978242089471531,0.001192801007221855,0.0014231584619412276,1449,1449,1449,1449,,5000,5000,1.0,3021694564,20260901
B2_feature,2.0,per_class,all,micro,energy_retention,0.2125141854077228,0.209804720504838,0.21534097649470701,1449,1449,1449,1449,,5000,5000,1.0,3021694564,20260901
B2_feature,2.0,per_class,all,micro,linear_solve_relative_residual,5.304368796193731e-06,5.1953322855457985e-06,5.412178193797743e-06,1449,1449,1449,1449,,5000,5000,1.0,3021694564,20260901
B2_feature,2.0,per_class,all,micro,cg_iterations,11.0,11.0,11.0,1449,1449,1449,1449,,5000,5000,1.0,3021694564,20260901
B2_feature,2.0,per_class,all,micro,solve_runtime_ms_per_map,0.00601487013776809,0.005989078329922948,0.006045159694808061,1449,1449,1449,1449,,5000,5000,1.0,3021694564,20260901
B2_feature,2.0,per_class,all,micro,energy_raw,0.006574670967917177,0.006032473684603983,0.007189257692589358,1449,1449,1449,1449,,5000,5000,1.0,3021694564,20260901
B2_feature,2.0,per_class,all,micro,energy_smoothed,0.0020300216420156415,0.001747750528506847,0.0023518582566401766,1449,1449,1449,1449,,5000,5000,1.0,3021694564,20260901
B2_feature,2.0,per_class,all,micro,energy_retention,0.2328088883287418,0.22948108475277387,0.2363350309048483,1449,1449,1449,1449,,5000,5000,1.0,3021694564,20260901
B2_feature,2.0,per_class,all,micro,linear_solve_relative_residual,5.410824397831531e-06,5.305635070049781e-06,5.515887344706468e-06,1449,1449,1449,1449,,5000,5000,1.0,3021694564,20260901
B2_feature,2.0,per_class,all,micro,cg_iterations,11.0,11.0,11.0,1449,1449,1449,1449,,5000,5000,1.0,3021694564,20260901
B2_feature,2.0,per_class,all,micro,solve_runtime_ms_per_map,0.00601487013776809,0.005989078329922948,0.006045159694808061,1449,1449,1449,1449,,5000,5000,1.0,3021694564,20260901
B2_feature,2.0,per_class,all,micro,energy_raw,0.010478428331813713,0.009637760239132835,0.011359181032932875,1449,1449,1449,1449,,5000,5000,1.0,3021694564,20260901
B2_feature,2.0,per_class,all,micro,energy_smoothed,0.003559279313856984,0.003134826647155876,0.004008176425124664,1449,1449,1449,1449,,5000,5000,1.0,3021694564,20260901
B2_feature,2.0,per_class,all,micro,energy_retention,0.23810210637876789,0.23362387354152112,0.2425909354002456,1449,1449,1449,1449,,5000,5000,1.0,3021694564,20260901
B2_feature,2.0,per_class,all,micro,linear_solve_relative_residual,5.632467295689902e-06,5.5352341948850835e-06,5.728835903386013e-06,1449,1449,1449,1449,,5000,5000,1.0,3021694564,20260901
B2_feature,2.0,per_class,all,micro,cg_iterations,11.0,11.0,11.0,1449,1449,1449,1449,,5000,5000,1.0,3021694564,20260901
B2_feature,2.0,per_class,all,micro,solve_runtime_ms_per_map,0.00601487013776809,0.005989078329922948,0.006045159694808061,1449,1449,1449,1449,,5000,5000,1.0,3021694564,20260901
B2_feature,2.0,per_class,all,micro,energy_raw,0.006906399086536808,0.006454728713769754,0.007393478762766242,1449,1449,1449,1449,,5000,5000,1.0,3021694564,20260901
B2_feature,2.0,per_class,all,micro,energy_smoothed,0.00206967697549853,0.0018433913587650149,0.0023128964863947336,1449,1449,1449,1449,,5000,5000,1.0,3021694564,20260901
B2_feature,2.0,per_class,all,micro,energy_retention,0.23063793801043755,0.22690046753238158,0.23435993289679105,1449,1449,1449,1449,,5000,5000,1.0,3021694564,20260901
B2_feature,2.0,per_class,all,micro,linear_solve_relative_residual,5.2094830533464594e-06,5.103479202516943e-06,5.315535732508015e-06,1449,1449,1449,1449,,5000,5000,1.0,3021694564,20260901
B2_feature,2.0,per_class,all,micro,cg_iterations,11.0,11.0,11.0,1449,1449,1449,1449,,5000,5000,1.0,3021694564,20260901
B2_feature,2.0,per_class,all,micro,solve_runtime_ms_per_map,0.00601487013776809,0.005989078329922948,0.006045159694808061,1449,1449,1449,1449,,5000,5000,1.0,3021694564,20260901
B2_feature,2.0,per_class,all,micro,energy_raw,0.011820598098264945,0.010897819219469468,0.012781903412942006,1449,1449,1449,1449,,5000,5000,1.0,3021694564,20260901
B2_feature,2.0,per_class,all,micro,energy_smoothed,0.003915526412192506,0.003514157094371414,0.004341039530711521,1449,1449,1449,1449,,5000,5000,1.0,3021694564,20260901
B2_feature,2.0,per_class,all,micro,energy_retention,0.25062067462729126,0.24634070178086365,0.2549328757695509,1449,1449,1449,1449,,5000,5000,1.0,3021694564,20260901
B2_feature,2.0,per_class,all,micro,linear_solve_relative_residual,5.148684927287021e-06,5.059287995239132e-06,5.238190451154596e-06,1449,1449,1449,1449,,5000,5000,1.0,3021694564,20260901
B2_feature,2.0,per_class,all,micro,cg_iterations,11.0,11.0,11.0,1449,1449,1449,1449,,5000,5000,1.0,3021694564,20260901
B2_feature,2.0,per_class,all,micro,solve_runtime_ms_per_map,0.00601487013776809,0.005989078329922948,0.006045159694808061,1449,1449,1449,1449,,5000,5000,1.0,3021694564,20260901
B2_feature,2.0,per_class,all,micro,energy_raw,0.006650235861111779,0.006195138155739321,0.007165926370754956,1449,1449,1449,1449,,5000,5000,1.0,3021694564,20260901
B2_feature,2.0,per_class,all,micro,energy_smoothed,0.0021296530406466722,0.0018861875851914629,0.002400374388564123,1449,1449,1449,1449,,5000,5000,1.0,3021694564,20260901
B2_feature,2.0,per_class,all,micro,energy_retention,0.23331849959860843,0.22886265070068992,0.23797941036738346,1449,1449,1449,1449,,5000,5000,1.0,3021694564,20260901
B2_feature,2.0,per_class,all,micro,linear_solve_relative_residual,5.478352171449912e-06,5.3758971757804766e-06,5.584544384496964e-06,1449,1449,1449,1449,,5000,5000,1.0,3021694564,20260901
B2_feature,2.0,per_class,all,micro,cg_iterations,11.0,11.0,11.0,1449,1449,1449,1449,,5000,5000,1.0,3021694564,20260901
B2_feature,2.0,per_class,all,micro,solve_runtime_ms_per_map,0.00601487013776809,0.005989078329922948,0.006045159694808061,1449,1449,1449,1449,,5000,5000,1.0,3021694564,20260901
B2_feature,2.0,per_class,all,micro,energy_raw,0.01570258402062183,0.014479523251258805,0.017069417916641946,1449,1449,1449,1449,,5000,5000,1.0,3021694564,20260901
B2_feature,2.0,per_class,all,micro,energy_smoothed,0.005816895898720449,0.00520315429893149,0.006479623611028877,1449,1449,1449,1449,,5000,5000,1.0,3021694564,20260901
B2_feature,2.0,per_class,all,micro,energy_retention,0.24647549385033943,0.24133586120747386,0.25177322750701586,1449,1449,1449,1449,,5000,5000,1.0,3021694564,20260901
B2_feature,2.0,per_class,all,micro,linear_solve_relative_residual,5.130310905139066e-06,5.0419424117054105e-06,5.224699238131417e-06,1449,1449,1449,1449,,5000,5000,1.0,3021694564,20260901
B2_feature,2.0,per_class,all,micro,cg_iterations,11.0,11.0,11.0,1449,1449,1449,1449,,5000,5000,1.0,3021694564,20260901
B2_feature,2.0,per_class,all,micro,solve_runtime_ms_per_map,0.00601487013776809,0.005989078329922948,0.006045159694808061,1449,1449,1449,1449,,5000,5000,1.0,3021694564,20260901
B2_feature,2.0,per_class,all,micro,energy_raw,0.00679435096917323,0.006186409915521117,0.007465021501636642,1449,1449,1449,1449,,5000,5000,1.0,3021694564,20260901
B2_feature,2.0,per_class,all,micro,energy_smoothed,0.0022756908564506005,0.0019449080733034126,0.0026402743982605562,1449,1449,1449,1449,,5000,5000,1.0,3021694564,20260901
B2_feature,2.0,per_class,all,micro,energy_retention,0.2221846745353966,0.21801319341988318,0.22651611207987601,1449,1449,1449,1449,,5000,5000,1.0,3021694564,20260901
B2_feature,2.0,per_class,all,micro,linear_solve_relative_residual,5.6811904725027345e-06,5.568036605459123e-06,5.790481069796478e-06,1449,1449,1449,1449,,5000,5000,1.0,3021694564,20260901
B2_feature,2.0,per_class,all,micro,cg_iterations,11.0,11.0,11.0,1449,1449,1449,1449,,5000,5000,1.0,3021694564,20260901
B2_feature,2.0,per_class,all,micro,solve_runtime_ms_per_map,0.00601487013776809,0.005989078329922948,0.006045159694808061,1449,1449,1449,1449,,5000,5000,1.0,3021694564,20260901
B2_feature,2.0,per_class,all,micro,energy_raw,0.008282832249473931,0.0075700517012735275,0.009059911169352914,1449,1449,1449,1449,,5000,5000,1.0,3021694564,20260901
B2_feature,2.0,per_class,all,micro,energy_smoothed,0.00263738055492374,0.002296435991563043,0.0030181738690190857,1449,1449,1449,1449,,5000,5000,1.0,3021694564,20260901
B2_feature,2.0,per_class,all,micro,energy_retention,0.2294329706144958,0.22574785429781227,0.2330923494835962,1449,1449,1449,1449,,5000,5000,1.0,3021694564,20260901
B2_feature,2.0,per_class,all,micro,linear_solve_relative_residual,5.348735261617701e-06,5.251402157029514e-06,5.449186791484524e-06,1449,1449,1449,1449,,5000,5000,1.0,3021694564,20260901
B2_feature,2.0,per_class,all,micro,cg_iterations,11.0,11.0,11.0,1449,1449,1449,1449,,5000,5000,1.0,3021694564,20260901
B2_feature,2.0,per_class,all,micro,solve_runtime_ms_per_map,0.00601487013776809,0.005989078329922948,0.006045159694808061,1449,1449,1449,1449,,5000,5000,1.0,3021694564,20260901
B2_feature,2.0,per_class,all,micro,energy_raw,0.008446614035123059,0.007901572864802343,0.009037839440877785,1449,1449,1449,1449,,5000,5000,1.0,3021694564,20260901
B2_feature,2.0,per_class,all,micro,energy_smoothed,0.0028173174515096285,0.002508431252766713,0.0031595238134869874,1449,1449,1449,1449,,5000,5000,1.0,3021694564,20260901
B2_feature,2.0,per_class,all,micro,energy_retention,0.23901652936547932,0.2338372721031483,0.24475459709938352,1449,1449,1449,1449,,5000,5000,1.0,3021694564,20260901
B2_feature,2.0,per_class,all,micro,linear_solve_relative_residual,5.035562112955777e-06,4.94502434562501e-06,5.13056633747534e-06,1449,1449,1449,1449,,5000,5000,1.0,3021694564,20260901
B2_feature,2.0,per_class,all,micro,cg_iterations,11.0,11.0,11.0,1449,1449,1449,1449,,5000,5000,1.0,3021694564,20260901
B2_feature,2.0,per_class,all,micro,solve_runtime_ms_per_map,0.00601487013776809,0.005989078329922948,0.006045159694808061,1449,1449,1449,1449,,5000,5000,1.0,3021694564,20260901
B2_feature,2.0,per_class,all,micro,energy_raw,0.006817095325051391,0.006302442568622008,0.007376192711010733,1449,1449,1449,1449,,5000,5000,1.0,3021694564,20260901
B2_feature,2.0,per_class,all,micro,energy_smoothed,0.0020447591673545835,0.001800446438944074,0.002303920263087521,1449,1449,1449,1449,,5000,5000,1.0,3021694564,20260901
B2_feature,2.0,per_class,all,micro,energy_retention,0.2234591351368248,0.2196348168896839,0.22745640209501286,1449,1449,1449,1449,,5000,5000,1.0,3021694564,20260901
B2_feature,2.0,per_class,all,micro,linear_solve_relative_residual,5.341018026777578e-06,5.232302196904119e-06,5.444786321341385e-06,1449,1449,1449,1449,,5000,5000,1.0,3021694564,20260901
B2_feature,2.0,per_class,all,micro,cg_iterations,11.0,11.0,11.0,1449,1449,1449,1449,,5000,5000,1.0,3021694564,20260901
B2_feature,2.0,per_class,all,micro,solve_runtime_ms_per_map,0.00601487013776809,0.005989078329922948,0.006045159694808061,1449,1449,1449,1449,,5000,5000,1.0,3021694564,20260901
B2_feature,2.0,per_class,all,micro,energy_raw,0.007134925980111899,0.006654879319443149,0.007629530862397324,1449,1449,1449,1449,,5000,5000,1.0,3021694564,20260901
B2_feature,2.0,per_class,all,micro,energy_smoothed,0.0022544734437429017,0.0019927373756808016,0.0025184566521424755,1449,1449,1449,1449,,5000,5000,1.0,3021694564,20260901
B2_feature,2.0,per_class,all,micro,energy_retention,0.2287153626018923,0.22445315797347254,0.23305420196050194,1449,1449,1449,1449,,5000,5000,1.0,3021694564,20260901
B2_feature,2.0,per_class,all,micro,linear_solve_relative_residual,5.345765358451887e-06,5.2453322506858395e-06,5.447471411471044e-06,1449,1449,1449,1449,,5000,5000,1.0,3021694564,20260901
B2_feature,2.0,per_class,all,micro,cg_iterations,11.0,11.0,11.0,1449,1449,1449,1449,,5000,5000,1.0,3021694564,20260901
B2_feature,2.0,per_class,all,micro,solve_runtime_ms_per_map,0.00601487013776809,0.005989078329922948,0.006045159694808061,1449,1449,1449,1449,,5000,5000,1.0,3021694564,20260901
B2_feature,2.0,per_class,all,micro,energy_raw,0.023121428540814604,0.02153782951630288,0.024726441739222005,1449,1449,1449,1449,,5000,5000,1.0,3021694564,20260901
B2_feature,2.0,per_class,all,micro,energy_smoothed,0.009282082660109887,0.008546547886119499,0.010029288924046727,1449,1449,1449,1449,,5000,5000,1.0,3021694564,20260901
B2_feature,2.0,per_class,all,micro,energy_retention,0.3120723747030631,0.305475356026435,0.31875862623336726,1449,1449,1449,1449,,5000,5000,1.0,3021694564,20260901
B2_feature,2.0,per_class,all,micro,linear_solve_relative_residual,5.2429347850505735e-06,5.1518293235273755e-06,5.33410379291837e-06,1449,1449,1449,1449,,5000,5000,1.0,3021694564,20260901
B2_feature,2.0,per_class,all,micro,cg_iterations,11.0,11.0,11.0,1449,1449,1449,1449,,5000,5000,1.0,3021694564,20260901
B2_feature,2.0,per_class,all,micro,solve_runtime_ms_per_map,0.00601487013776809,0.005989078329922948,0.006045159694808061,1449,1449,1449,1449,,5000,5000,1.0,3021694564,20260901
B2_feature,2.0,per_class,all,micro,energy_raw,0.011691366307073632,0.010869653674906757,0.012603399661753495,1449,1449,1449,1449,,5000,5000,1.0,3021694564,20260901
B2_feature,2.0,per_class,all,micro,energy_smoothed,0.003590113204161381,0.003217637659440745,0.004011364782716458,1449,1449,1449,1449,,5000,5000,1.0,3021694564,20260901
B2_feature,2.0,per_class,all,micro,energy_retention,0.22783955506944426,0.22380583148791594,0.2319369278151447,1449,1449,1449,1449,,5000,5000,1.0,3021694564,20260901
B2_feature,2.0,per_class,all,micro,linear_solve_relative_residual,5.074199308145837e-06,4.985658371237147e-06,5.16061623514033e-06,1449,1449,1449,1449,,5000,5000,1.0,3021694564,20260901
B2_feature,2.0,per_class,all,micro,cg_iterations,11.0,11.0,11.0,1449,1449,1449,1449,,5000,5000,1.0,3021694564,20260901
B2_feature,2.0,per_class,all,micro,solve_runtime_ms_per_map,0.00601487013776809,0.005989078329922948,0.006045159694808061,1449,1449,1449,1449,,5000,5000,1.0,3021694564,20260901
B2_feature,2.0,per_class,all,micro,energy_raw,0.0055052777602041,0.005166313751205642,0.005885994024776012,1449,1449,1449,1449,,5000,5000,1.0,3021694564,20260901
B2_feature,2.0,per_class,all,micro,energy_smoothed,0.0015118155500739414,0.001349362199965569,0.0016968000431610477,1449,1449,1449,1449,,5000,5000,1.0,3021694564,20260901
B2_feature,2.0,per_class,all,micro,energy_retention,0.22695853884587047,0.22346004226763674,0.23020390022913695,1449,1449,1449,1449,,5000,5000,1.0,3021694564,20260901
B2_feature,2.0,per_class,all,micro,linear_solve_relative_residual,5.508609252486564e-06,5.4015533943687094e-06,5.617079276490078e-06,1449,1449,1449,1449,,5000,5000,1.0,3021694564,20260901
B2_feature,2.0,per_class,all,micro,cg_iterations,11.0,11.0,11.0,1449,1449,1449,1449,,5000,5000,1.0,3021694564,20260901
B2_feature,2.0,per_class,all,micro,solve_runtime_ms_per_map,0.00601487013776809,0.005989078329922948,0.006045159694808061,1449,1449,1449,1449,,5000,5000,1.0,3021694564,20260901
B2_feature,2.0,per_class,all,micro,energy_raw,0.011357959520166227,0.01029763885255634,0.012552135889790405,1449,1449,1449,1449,,5000,5000,1.0,3021694564,20260901
B2_feature,2.0,per_class,all,micro,energy_smoothed,0.004465447026114491,0.0038970229692422385,0.005105733953910769,1449,1449,1449,1449,,5000,5000,1.0,3021694564,20260901
B2_feature,2.0,per_class,all,micro,energy_retention,0.24839534873259816,0.24334056872213766,0.2537100868192909,1449,1449,1449,1449,,5000,5000,1.0,3021694564,20260901
B2_feature,2.0,per_class,all,micro,linear_solve_relative_residual,5.5706814146043135e-06,5.469135922169048e-06,5.6730767946849086e-06,1449,1449,1449,1449,,5000,5000,1.0,3021694564,20260901
B2_feature,2.0,per_class,all,micro,cg_iterations,11.0,11.0,11.0,1449,1449,1449,1449,,5000,5000,1.0,3021694564,20260901
B2_feature,2.0,per_class,all,micro,solve_runtime_ms_per_map,0.00601487013776809,0.005989078329922948,0.006045159694808061,1449,1449,1449,1449,,5000,5000,1.0,3021694564,20260901
B2_feature,2.0,per_class,all,micro,energy_raw,0.005415498798927118,0.00500072500412738,0.005870199664954637,1449,1449,1449,1449,,5000,5000,1.0,3021694564,20260901
B2_feature,2.0,per_class,all,micro,energy_smoothed,0.00161874842693381,0.0014061044695299115,0.001852673642387174,1449,1449,1449,1449,,5000,5000,1.0,3021694564,20260901
B2_feature,2.0,per_class,all,micro,energy_retention,0.23426454981661732,0.2311145834802162,0.23729561737939725,1449,1449,1449,1449,,5000,5000,1.0,3021694564,20260901
B2_feature,2.0,per_class,all,micro,linear_solve_relative_residual,5.4612821279155645e-06,5.354860324421345e-06,5.565213538369126e-06,1449,1449,1449,1449,,5000,5000,1.0,3021694564,20260901
B2_feature,2.0,per_class,all,micro,cg_iterations,11.0,11.0,11.0,1449,1449,1449,1449,,5000,5000,1.0,3021694564,20260901
B2_feature,2.0,per_class,all,micro,solve_runtime_ms_per_map,0.00601487013776809,0.005989078329922948,0.006045159694808061,1449,1449,1449,1449,,5000,5000,1.0,3021694564,20260901
B2_feature,2.0,per_class,all,micro,energy_raw,0.008260982111578432,0.007654230379528578,0.008914693494538184,1449,1449,1449,1449,,5000,5000,1.0,3021694564,20260901
B2_feature,2.0,per_class,all,micro,energy_smoothed,0.002574577236589362,0.0022767193419116253,0.0028918688440271964,1449,1449,1449,1449,,5000,5000,1.0,3021694564,20260901
B2_feature,2.0,per_class,all,micro,energy_retention,0.2363341802087136,0.23255325856395553,0.24017378873248976,1449,1449,1449,1449,,5000,5000,1.0,3021694564,20260901
B2_feature,2.0,per_class,all,micro,linear_solve_relative_residual,5.235719286551752e-06,5.1393574888619825e-06,5.329130595209865e-06,1449,1449,1449,1449,,5000,5000,1.0,3021694564,20260901
B2_feature,2.0,per_class,all,micro,cg_iterations,11.0,11.0,11.0,1449,1449,1449,1449,,5000,5000,1.0,3021694564,20260901
B2_feature,2.0,per_class,all,micro,solve_runtime_ms_per_map,0.00601487013776809,0.005989078329922948,0.006045159694808061,1449,1449,1449,1449,,5000,5000,1.0,3021694564,20260901
B2_feature,4.0,all_class_maps,all,micro,energy_raw,0.008956597696880028,0.008721826173557897,0.009209081520289037,1449,1449,28980,28980,,5000,5000,1.0,3021694564,20260901
B2_feature,4.0,all_class_maps,all,micro,energy_smoothed,0.0020251940911735038,0.0019470832735382694,0.0021062860824502777,1449,1449,28980,28980,,5000,5000,1.0,3021694564,20260901
B2_feature,4.0,all_class_maps,all,micro,energy_retention,0.1400864831685475,0.13862388043541313,0.1415667978612535,1449,1449,28980,28980,,5000,5000,1.0,3021694564,20260901
B2_feature,4.0,all_class_maps,all,micro,linear_solve_relative_residual,6.293614801070688e-06,6.270597769198598e-06,6.316492904603083e-06,1449,1449,28980,28980,,5000,5000,1.0,3021694564,20260901
B2_feature,4.0,all_class_maps,all,micro,cg_iterations,15.662525879917185,15.638371290545203,15.687370600414079,1449,1449,28980,28980,,5000,5000,1.0,3021694564,20260901
B2_feature,4.0,all_class_maps,all,micro,solve_runtime_ms_per_map,0.008120048974992241,0.008085584584786452,0.008159343458318848,1449,1449,28980,28980,,5000,5000,1.0,3021694564,20260901
B2_feature,4.0,all_class_maps,all,macro_class,energy_raw,0.008956597696880026,0.008721826173557897,0.009209081520289037,1449,1449,28980,28980,20,5000,5000,1.0,3021694564,20260901
B2_feature,4.0,all_class_maps,all,macro_class,energy_smoothed,0.0020251940911735038,0.0019470832735382696,0.002106286082450278,1449,1449,28980,28980,20,5000,5000,1.0,3021694564,20260901
B2_feature,4.0,all_class_maps,all,macro_class,energy_retention,0.1400864831685475,0.13862388043541313,0.1415667978612535,1449,1449,28980,28980,20,5000,5000,1.0,3021694564,20260901
B2_feature,4.0,all_class_maps,all,macro_class,linear_solve_relative_residual,6.293614801070689e-06,6.270597769198599e-06,6.3164929046030825e-06,1449,1449,28980,28980,20,5000,5000,1.0,3021694564,20260901
B2_feature,4.0,all_class_maps,all,macro_class,cg_iterations,15.662525879917188,15.6383712905452,15.687370600414079,1449,1449,28980,28980,20,5000,5000,1.0,3021694564,20260901
B2_feature,4.0,all_class_maps,all,macro_class,solve_runtime_ms_per_map,0.008120048974992243,0.008085584584786453,0.008159343458318848,1449,1449,28980,28980,20,5000,5000,1.0,3021694564,20260901
B2_feature,4.0,all_class_maps,single_label,micro,energy_raw,0.007069171715664407,0.006839880156581145,0.00729974142602533,927,927,18540,18540,,5000,5000,1.0,3021694564,20260901
B2_feature,4.0,all_class_maps,single_label,micro,energy_smoothed,0.0013596636003046165,0.0012925036200847639,0.0014289730244355584,927,927,18540,18540,,5000,5000,1.0,3021694564,20260901
B2_feature,4.0,all_class_maps,single_label,micro,energy_retention,0.1300455164998175,0.1283872796120544,0.13172986768527176,927,927,18540,18540,,5000,5000,1.0,3021694564,20260901
B2_feature,4.0,all_class_maps,single_label,micro,linear_solve_relative_residual,6.21089396813909e-06,6.181177111541247e-06,6.239824254961991e-06,927,927,18540,18540,,5000,5000,1.0,3021694564,20260901
B2_feature,4.0,all_class_maps,single_label,micro,cg_iterations,15.636461704422869,15.605177993527509,15.666666666666666,927,927,18540,18540,,5000,5000,1.0,3021694564,20260901
B2_feature,4.0,all_class_maps,single_label,micro,solve_runtime_ms_per_map,0.008111200705809217,0.008068411125052789,0.008163232813923409,927,927,18540,18540,,5000,5000,1.0,3021694564,20260901
B2_feature,4.0,all_class_maps,single_label,macro_class,energy_raw,0.007069171715664407,0.006839880156581145,0.007299741426025329,927,927,18540,18540,20,5000,5000,1.0,3021694564,20260901
B2_feature,4.0,all_class_maps,single_label,macro_class,energy_smoothed,0.001359663600304616,0.0012925036200847637,0.0014289730244355584,927,927,18540,18540,20,5000,5000,1.0,3021694564,20260901
B2_feature,4.0,all_class_maps,single_label,macro_class,energy_retention,0.1300455164998175,0.1283872796120544,0.13172986768527173,927,927,18540,18540,20,5000,5000,1.0,3021694564,20260901
B2_feature,4.0,all_class_maps,single_label,macro_class,linear_solve_relative_residual,6.21089396813909e-06,6.181177111541246e-06,6.2398242549619915e-06,927,927,18540,18540,20,5000,5000,1.0,3021694564,20260901
B2_feature,4.0,all_class_maps,single_label,macro_class,cg_iterations,15.636461704422862,15.605177993527509,15.666666666666666,927,927,18540,18540,20,5000,5000,1.0,3021694564,20260901
B2_feature,4.0,all_class_maps,single_label,macro_class,solve_runtime_ms_per_map,0.00811120070580922,0.008068411125052789,0.008163232813923409,927,927,18540,18540,20,5000,5000,1.0,3021694564,20260901
B2_feature,4.0,all_class_maps,exactly_2_labels,micro,energy_raw,0.011238184535394734,0.010844686388792083,0.011660325369330045,375,375,7500,7500,,5000,5000,1.0,3021694564,20260901
B2_feature,4.0,all_class_maps,exactly_2_labels,micro,energy_smoothed,0.0027938780154897055,0.002656901274129972,0.0029335746246751415,375,375,7500,7500,,5000,5000,1.0,3021694564,20260901
B2_feature,4.0,all_class_maps,exactly_2_labels,micro,energy_retention,0.15386181701322396,0.15145253327577063,0.15622249767225238,375,375,7500,7500,,5000,5000,1.0,3021694564,20260901
B2_feature,4.0,all_class_maps,exactly_2_labels,micro,linear_solve_relative_residual,6.419480489330454e-06,6.382601491110714e-06,6.455747152801905e-06,375,375,7500,7500,,5000,5000,1.0,3021694564,20260901
B2_feature,4.0,all_class_maps,exactly_2_labels,micro,cg_iterations,15.704,15.658666666666667,15.749333333333333,375,375,7500,7500,,5000,5000,1.0,3021694564,20260901
B2_feature,4.0,all_class_maps,exactly_2_labels,micro,solve_runtime_ms_per_map,0.008129451606914194,0.008073648219190849,0.008207980425617684,375,375,7500,7500,,5000,5000,1.0,3021694564,20260901
B2_feature,4.0,all_class_maps,exactly_2_labels,macro_class,energy_raw,0.01123818453539473,0.010844686388792086,0.011660325369330043,375,375,7500,7500,20,5000,5000,1.0,3021694564,20260901
B2_feature,4.0,all_class_maps,exactly_2_labels,macro_class,energy_smoothed,0.0027938780154897055,0.0026569012741299715,0.0029335746246751415,375,375,7500,7500,20,5000,5000,1.0,3021694564,20260901
B2_feature,4.0,all_class_maps,exactly_2_labels,macro_class,energy_retention,0.15386181701322393,0.15145253327577066,0.15622249767225238,375,375,7500,7500,20,5000,5000,1.0,3021694564,20260901
B2_feature,4.0,all_class_maps,exactly_2_labels,macro_class,linear_solve_relative_residual,6.419480489330453e-06,6.382601491110715e-06,6.455747152801908e-06,375,375,7500,7500,20,5000,5000,1.0,3021694564,20260901
B2_feature,4.0,all_class_maps,exactly_2_labels,macro_class,cg_iterations,15.704000000000004,15.658666666666667,15.749333333333334,375,375,7500,7500,20,5000,5000,1.0,3021694564,20260901
B2_feature,4.0,all_class_maps,exactly_2_labels,macro_class,solve_runtime_ms_per_map,0.008129451606914195,0.00807364821919085,0.008207980425617684,375,375,7500,7500,20,5000,5000,1.0,3021694564,20260901
B2_feature,4.0,all_class_maps,3plus_labels,micro,energy_raw,0.015038562459763469,0.014316180872184076,0.01575168666814899,147,147,2940,2940,,5000,5000,1.0,3021694564,20260901
B2_feature,4.0,all_class_maps,3plus_labels,micro,energy_smoothed,0.004261182481764545,0.00398913874482657,0.004537317286314003,147,147,2940,2940,,5000,5000,1.0,3021694564,20260901
B2_feature,4.0,all_class_maps,3plus_labels,micro,energy_retention,0.16826489072064965,0.16494750693142668,0.17151970522148774,147,147,2940,2940,,5000,5000,1.0,3021694564,20260901
B2_feature,4.0,all_class_maps,3plus_labels,micro,linear_solve_relative_residual,6.494176563180753e-06,6.4332981880357495e-06,6.552246079238666e-06,147,147,2940,2940,,5000,5000,1.0,3021694564,20260901
B2_feature,4.0,all_class_maps,3plus_labels,micro,cg_iterations,15.72108843537415,15.646258503401361,15.789115646258503,147,147,2940,2940,,5000,5000,1.0,3021694564,20260901
B2_feature,4.0,all_class_maps,3plus_labels,micro,solve_runtime_ms_per_map,0.008151860937998575,0.00806610766668033,0.008292412091831385,147,147,2940,2940,,5000,5000,1.0,3021694564,20260901
B2_feature,4.0,all_class_maps,3plus_labels,macro_class,energy_raw,0.015038562459763469,0.014316180872184076,0.015751686668148985,147,147,2940,2940,20,5000,5000,1.0,3021694564,20260901
B2_feature,4.0,all_class_maps,3plus_labels,macro_class,energy_smoothed,0.004261182481764545,0.00398913874482657,0.004537317286314004,147,147,2940,2940,20,5000,5000,1.0,3021694564,20260901
B2_feature,4.0,all_class_maps,3plus_labels,macro_class,energy_retention,0.16826489072064965,0.16494750693142665,0.17151970522148777,147,147,2940,2940,20,5000,5000,1.0,3021694564,20260901
B2_feature,4.0,all_class_maps,3plus_labels,macro_class,linear_solve_relative_residual,6.494176563180752e-06,6.4332981880357495e-06,6.552246079238664e-06,147,147,2940,2940,20,5000,5000,1.0,3021694564,20260901
B2_feature,4.0,all_class_maps,3plus_labels,macro_class,cg_iterations,15.721088435374153,15.646258503401361,15.7891156462585,147,147,2940,2940,20,5000,5000,1.0,3021694564,20260901
B2_feature,4.0,all_class_maps,3plus_labels,macro_class,solve_runtime_ms_per_map,0.008151860937998577,0.008066107666680327,0.008292412091831384,147,147,2940,2940,20,5000,5000,1.0,3021694564,20260901
B2_feature,4.0,per_class,all,micro,energy_raw,0.005577722238874856,0.005200935301698794,0.005999642234260899,1449,1449,1449,1449,,5000,5000,1.0,3021694564,20260901
B2_feature,4.0,per_class,all,micro,energy_smoothed,0.0009944008339940892,0.0008465713828323694,0.0011591763628191374,1449,1449,1449,1449,,5000,5000,1.0,3021694564,20260901
B2_feature,4.0,per_class,all,micro,energy_retention,0.12834943051201217,0.1255201988616988,0.13121158551878515,1449,1449,1449,1449,,5000,5000,1.0,3021694564,20260901
B2_feature,4.0,per_class,all,micro,linear_solve_relative_residual,6.354495273809806e-06,6.287358569182893e-06,6.420724252675464e-06,1449,1449,1449,1449,,5000,5000,1.0,3021694564,20260901
B2_feature,4.0,per_class,all,micro,cg_iterations,15.662525879917185,15.638371290545203,15.687370600414079,1449,1449,1449,1449,,5000,5000,1.0,3021694564,20260901
B2_feature,4.0,per_class,all,micro,solve_runtime_ms_per_map,0.008120048974992246,0.008085584584786452,0.008159343458318848,1449,1449,1449,1449,,5000,5000,1.0,3021694564,20260901
B2_feature,4.0,per_class,all,micro,energy_raw,0.007209772725584432,0.006601334033033241,0.007877625366264334,1449,1449,1449,1449,,5000,5000,1.0,3021694564,20260901
B2_feature,4.0,per_class,all,micro,energy_smoothed,0.0014995697462571182,0.0012737189214387086,0.00174236092457579,1449,1449,1449,1449,,5000,5000,1.0,3021694564,20260901
B2_feature,4.0,per_class,all,micro,energy_retention,0.12935088315735693,0.12625072292252099,0.1325964316635748,1449,1449,1449,1449,,5000,5000,1.0,3021694564,20260901
B2_feature,4.0,per_class,all,micro,linear_solve_relative_residual,6.121531301622078e-06,6.053430702968932e-06,6.1886058532978205e-06,1449,1449,1449,1449,,5000,5000,1.0,3021694564,20260901
B2_feature,4.0,per_class,all,micro,cg_iterations,15.662525879917185,15.638371290545203,15.687370600414079,1449,1449,1449,1449,,5000,5000,1.0,3021694564,20260901
B2_feature,4.0,per_class,all,micro,solve_runtime_ms_per_map,0.008120048974992246,0.008085584584786452,0.008159343458318848,1449,1449,1449,1449,,5000,5000,1.0,3021694564,20260901
B2_feature,4.0,per_class,all,micro,energy_raw,0.005383211009177393,0.005148118020731408,0.0056604553572576445,1449,1449,1449,1449,,5000,5000,1.0,3021694564,20260901
B2_feature,4.0,per_class,all,micro,energy_smoothed,0.0007783702303195248,0.0007009774080565509,0.000870114873342002,1449,1449,1449,1449,,5000,5000,1.0,3021694564,20260901
B2_feature,4.0,per_class,all,micro,energy_retention,0.12031062095431808,0.11802799912623346,0.12267423525845968,1449,1449,1449,1449,,5000,5000,1.0,3021694564,20260901
B2_feature,4.0,per_class,all,micro,linear_solve_relative_residual,6.351618178019149e-06,6.283010567986815e-06,6.422075767631791e-06,1449,1449,1449,1449,,5000,5000,1.0,3021694564,20260901
B2_feature,4.0,per_class,all,micro,cg_iterations,15.662525879917185,15.638371290545203,15.687370600414079,1449,1449,1449,1449,,5000,5000,1.0,3021694564,20260901
B2_feature,4.0,per_class,all,micro,solve_runtime_ms_per_map,0.008120048974992246,0.008085584584786452,0.008159343458318848,1449,1449,1449,1449,,5000,5000,1.0,3021694564,20260901
B2_feature,4.0,per_class,all,micro,energy_raw,0.006574670967917177,0.006032473684603983,0.007189257692589358,1449,1449,1449,1449,,5000,5000,1.0,3021694564,20260901
B2_feature,4.0,per_class,all,micro,energy_smoothed,0.0013400884274824515,0.001121756253349861,0.0015894138424034003,1449,1449,1449,1449,,5000,5000,1.0,3021694564,20260901
B2_feature,4.0,per_class,all,micro,energy_retention,0.13580520488861678,0.1328989448577932,0.13888332096987074,1449,1449,1449,1449,,5000,5000,1.0,3021694564,20260901
B2_feature,4.0,per_class,all,micro,linear_solve_relative_residual,6.2883994230235525e-06,6.218871196590133e-06,6.356551399124198e-06,1449,1449,1449,1449,,5000,5000,1.0,3021694564,20260901
B2_feature,4.0,per_class,all,micro,cg_iterations,15.662525879917185,15.638371290545203,15.687370600414079,1449,1449,1449,1449,,5000,5000,1.0,3021694564,20260901
B2_feature,4.0,per_class,all,micro,solve_runtime_ms_per_map,0.008120048974992246,0.008085584584786452,0.008159343458318848,1449,1449,1449,1449,,5000,5000,1.0,3021694564,20260901
B2_feature,4.0,per_class,all,micro,energy_raw,0.010478428331813713,0.009637760239132835,0.011359181032932875,1449,1449,1449,1449,,5000,5000,1.0,3021694564,20260901
B2_feature,4.0,per_class,all,micro,energy_smoothed,0.002417573396270671,0.002095438143887045,0.0027583867646520694,1449,1449,1449,1449,,5000,5000,1.0,3021694564,20260901
B2_feature,4.0,per_class,all,micro,energy_retention,0.14256014532214858,0.13871369641916947,0.1464542073783837,1449,1449,1449,1449,,5000,5000,1.0,3021694564,20260901
B2_feature,4.0,per_class,all,micro,linear_solve_relative_residual,6.163226419324843e-06,6.094473341840669e-06,6.231146390725733e-06,1449,1449,1449,1449,,5000,5000,1.0,3021694564,20260901
B2_feature,4.0,per_class,all,micro,cg_iterations,15.662525879917185,15.638371290545203,15.687370600414079,1449,1449,1449,1449,,5000,5000,1.0,3021694564,20260901
B2_feature,4.0,per_class,all,micro,solve_runtime_ms_per_map,0.008120048974992246,0.008085584584786452,0.008159343458318848,1449,1449,1449,1449,,5000,5000,1.0,3021694564,20260901
B2_feature,4.0,per_class,all,micro,energy_raw,0.006906399086536808,0.006454728713769754,0.007393478762766242,1449,1449,1449,1449,,5000,5000,1.0,3021694564,20260901
B2_feature,4.0,per_class,all,micro,energy_smoothed,0.0013441376341293933,0.001176278430063141,0.0015261311300287172,1449,1449,1449,1449,,5000,5000,1.0,3021694564,20260901
B2_feature,4.0,per_class,all,micro,energy_retention,0.1350368864685194,0.1318283494626184,0.13831970737257224,1449,1449,1449,1449,,5000,5000,1.0,3021694564,20260901
B2_feature,4.0,per_class,all,micro,linear_solve_relative_residual,6.379631887278982e-06,6.312576772070705e-06,6.450927037184411e-06,1449,1449,1449,1449,,5000,5000,1.0,3021694564,20260901
B2_feature,4.0,per_class,all,micro,cg_iterations,15.662525879917185,15.638371290545203,15.687370600414079,1449,1449,1449,1449,,5000,5000,1.0,3021694564,20260901
B2_feature,4.0,per_class,all,micro,solve_runtime_ms_per_map,0.008120048974992246,0.008085584584786452,0.008159343458318848,1449,1449,1449,1449,,5000,5000,1.0,3021694564,20260901
B2_feature,4.0,per_class,all,micro,energy_raw,0.011820598098264945,0.010897819219469468,0.012781903412942006,1449,1449,1449,1449,,5000,5000,1.0,3021694564,20260901
B2_feature,4.0,per_class,all,micro,energy_smoothed,0.0026375522085123554,0.0023416554502667976,0.0029473022395456834,1449,1449,1449,1449,,5000,5000,1.0,3021694564,20260901
B2_feature,4.0,per_class,all,micro,energy_retention,0.1523828306707783,0.14855410653032142,0.1562479348827521,1449,1449,1449,1449,,5000,5000,1.0,3021694564,20260901
B2_feature,4.0,per_class,all,micro,linear_solve_relative_residual,6.321249100304787e-06,6.243975853552273e-06,6.395929684228638e-06,1449,1449,1449,1449,,5000,5000,1.0,3021694564,20260901
B2_feature,4.0,per_class,all,micro,cg_iterations,15.662525879917185,15.638371290545203,15.687370600414079,1449,1449,1449,1449,,5000,5000,1.0,3021694564,20260901
B2_feature,4.0,per_class,all,micro,solve_runtime_ms_per_map,0.008120048974992246,0.008085584584786452,0.008159343458318848,1449,1449,1449,1449,,5000,5000,1.0,3021694564,20260901
B2_feature,4.0,per_class,all,micro,energy_raw,0.006650235861111779,0.006195138155739321,0.007165926370754956,1449,1449,1449,1449,,5000,5000,1.0,3021694564,20260901
B2_feature,4.0,per_class,all,micro,energy_smoothed,0.0014354485520179363,0.0012447259237437253,0.001646612606675125,1449,1449,1449,1449,,5000,5000,1.0,3021694564,20260901
B2_feature,4.0,per_class,all,micro,energy_retention,0.13811248054199585,0.13414930433113312,0.14224904325396706,1449,1449,1449,1449,,5000,5000,1.0,3021694564,20260901
B2_feature,4.0,per_class,all,micro,linear_solve_relative_residual,6.233880481651696e-06,6.168022475310479e-06,6.300778418537963e-06,1449,1449,1449,1449,,5000,5000,1.0,3021694564,20260901
B2_feature,4.0,per_class,all,micro,cg_iterations,15.662525879917185,15.638371290545203,15.687370600414079,1449,1449,1449,1449,,5000,5000,1.0,3021694564,20260901
B2_feature,4.0,per_class,all,micro,solve_runtime_ms_per_map,0.008120048974992246,0.008085584584786452,0.008159343458318848,1449,1449,1449,1449,,5000,5000,1.0,3021694564,20260901
B2_feature,4.0,per_class,all,micro,energy_raw,0.01570258402062183,0.014479523251258805,0.017069417916641946,1449,1449,1449,1449,,5000,5000,1.0,3021694564,20260901
B2_feature,4.0,per_class,all,micro,energy_smoothed,0.004053711741527602,0.0035895778739391867,0.004552226383672525,1449,1449,1449,1449,,5000,5000,1.0,3021694564,20260901
B2_feature,4.0,per_class,all,micro,energy_retention,0.1499930989714513,0.14556609162696996,0.15462738134421977,1449,1449,1449,1449,,5000,5000,1.0,3021694564,20260901
B2_feature,4.0,per_class,all,micro,linear_solve_relative_residual,6.429740089102683e-06,6.357145288835351e-06,6.502166879783646e-06,1449,1449,1449,1449,,5000,5000,1.0,3021694564,20260901
B2_feature,4.0,per_class,all,micro,cg_iterations,15.662525879917185,15.638371290545203,15.687370600414079,1449,1449,1449,1449,,5000,5000,1.0,3021694564,20260901
B2_feature,4.0,per_class,all,micro,solve_runtime_ms_per_map,0.008120048974992246,0.008085584584786452,0.008159343458318848,1449,1449,1449,1449,,5000,5000,1.0,3021694564,20260901
B2_feature,4.0,per_class,all,micro,energy_raw,0.00679435096917323,0.006186409915521117,0.007465021501636642,1449,1449,1449,1449,,5000,5000,1.0,3021694564,20260901
B2_feature,4.0,per_class,all,micro,energy_smoothed,0.0015812714623358504,0.001317845869412119,0.0018684320435799204,1449,1449,1449,1449,,5000,5000,1.0,3021694564,20260901
B2_feature,4.0,per_class,all,micro,energy_retention,0.12874889850431348,0.1250037166736043,0.13270395293457754,1449,1449,1449,1449,,5000,5000,1.0,3021694564,20260901
B2_feature,4.0,per_class,all,micro,linear_solve_relative_residual,6.2611830518886976e-06,6.199606837000372e-06,6.3245712768953875e-06,1449,1449,1449,1449,,5000,5000,1.0,3021694564,20260901
B2_feature,4.0,per_class,all,micro,cg_iterations,15.662525879917185,15.638371290545203,15.687370600414079,1449,1449,1449,1449,,5000,5000,1.0,3021694564,20260901
B2_feature,4.0,per_class,all,micro,solve_runtime_ms_per_map,0.008120048974992246,0.008085584584786452,0.008159343458318848,1449,1449,1449,1449,,5000,5000,1.0,3021694564,20260901
B2_feature,4.0,per_class,all,micro,energy_raw,0.008282832249473931,0.0075700517012735275,0.009059911169352914,1449,1449,1449,1449,,5000,5000,1.0,3021694564,20260901
B2_feature,4.0,per_class,all,micro,energy_smoothed,0.001751613546847115,0.0015002340915297393,0.0020326217021911226,1449,1449,1449,1449,,5000,5000,1.0,3021694564,20260901
B2_feature,4.0,per_class,all,micro,energy_retention,0.13406316454479247,0.13087418212120216,0.13718303271111043,1449,1449,1449,1449,,5000,5000,1.0,3021694564,20260901
B2_feature,4.0,per_class,all,micro,linear_solve_relative_residual,6.292150992164011e-06,6.221873966887493e-06,6.363274249355743e-06,1449,1449,1449,1449,,5000,5000,1.0,3021694564,20260901
B2_feature,4.0,per_class,all,micro,cg_iterations,15.662525879917185,15.638371290545203,15.687370600414079,1449,1449,1449,1449,,5000,5000,1.0,3021694564,20260901
B2_feature,4.0,per_class,all,micro,solve_runtime_ms_per_map,0.008120048974992246,0.008085584584786452,0.008159343458318848,1449,1449,1449,1449,,5000,5000,1.0,3021694564,20260901
B2_feature,4.0,per_class,all,micro,energy_raw,0.008446614035123059,0.007901572864802343,0.009037839440877785,1449,1449,1449,1449,,5000,5000,1.0,3021694564,20260901
B2_feature,4.0,per_class,all,micro,energy_smoothed,0.001957444688734284,0.0017090991328519035,0.00223128521203782,1449,1449,1449,1449,,5000,5000,1.0,3021694564,20260901
B2_feature,4.0,per_class,all,micro,energy_retention,0.1442768138629597,0.13961892628777461,0.14949862409159387,1449,1449,1449,1449,,5000,5000,1.0,3021694564,20260901
B2_feature,4.0,per_class,all,micro,linear_solve_relative_residual,6.412003750628555e-06,6.337359016817247e-06,6.487822322741051e-06,1449,1449,1449,1449,,5000,5000,1.0,3021694564,20260901
B2_feature,4.0,per_class,all,micro,cg_iterations,15.662525879917185,15.638371290545203,15.687370600414079,1449,1449,1449,1449,,5000,5000,1.0,3021694564,20260901
B2_feature,4.0,per_class,all,micro,solve_runtime_ms_per_map,0.008120048974992246,0.008085584584786452,0.008159343458318848,1449,1449,1449,1449,,5000,5000,1.0,3021694564,20260901
B2_feature,4.0,per_class,all,micro,energy_raw,0.006817095325051391,0.006302442568622008,0.007376192711010733,1449,1449,1449,1449,,5000,5000,1.0,3021694564,20260901
B2_feature,4.0,per_class,all,micro,energy_smoothed,0.0013411068238018773,0.0011563191265351038,0.0015366687309363875,1449,1449,1449,1449,,5000,5000,1.0,3021694564,20260901
B2_feature,4.0,per_class,all,micro,energy_retention,0.12925526143159022,0.12589695561726066,0.1327231123286966,1449,1449,1449,1449,,5000,5000,1.0,3021694564,20260901
B2_feature,4.0,per_class,all,micro,linear_solve_relative_residual,6.37689414832756e-06,6.309436336494612e-06,6.444177258016735e-06,1449,1449,1449,1449,,5000,5000,1.0,3021694564,20260901
B2_feature,4.0,per_class,all,micro,cg_iterations,15.662525879917185,15.638371290545203,15.687370600414079,1449,1449,1449,1449,,5000,5000,1.0,3021694564,20260901
B2_feature,4.0,per_class,all,micro,solve_runtime_ms_per_map,0.008120048974992246,0.008085584584786452,0.008159343458318848,1449,1449,1449,1449,,5000,5000,1.0,3021694564,20260901
B2_feature,4.0,per_class,all,micro,energy_raw,0.007134925980111899,0.006654879319443149,0.007629530862397324,1449,1449,1449,1449,,5000,5000,1.0,3021694564,20260901
B2_feature,4.0,per_class,all,micro,energy_smoothed,0.0015177912506979638,0.0013161541508947105,0.0017205236270336967,1449,1449,1449,1449,,5000,5000,1.0,3021694564,20260901
B2_feature,4.0,per_class,all,micro,energy_retention,0.13399849466984645,0.13017192636401212,0.13786353529138481,1449,1449,1449,1449,,5000,5000,1.0,3021694564,20260901
B2_feature,4.0,per_class,all,micro,linear_solve_relative_residual,6.220993530011845e-06,6.153739339413976e-06,6.285812771486469e-06,1449,1449,1449,1449,,5000,5000,1.0,3021694564,20260901
B2_feature,4.0,per_class,all,micro,cg_iterations,15.662525879917185,15.638371290545203,15.687370600414079,1449,1449,1449,1449,,5000,5000,1.0,3021694564,20260901
B2_feature,4.0,per_class,all,micro,solve_runtime_ms_per_map,0.008120048974992246,0.008085584584786452,0.008159343458318848,1449,1449,1449,1449,,5000,5000,1.0,3021694564,20260901
B2_feature,4.0,per_class,all,micro,energy_raw,0.023121428540814604,0.02153782951630288,0.024726441739222005,1449,1449,1449,1449,,5000,5000,1.0,3021694564,20260901
B2_feature,4.0,per_class,all,micro,energy_smoothed,0.0065971371252913245,0.00604521691415391,0.007156064660205983,1449,1449,1449,1449,,5000,5000,1.0,3021694564,20260901
B2_feature,4.0,per_class,all,micro,energy_retention,0.20630939846525445,0.20031157179135928,0.21243780592631284,1449,1449,1449,1449,,5000,5000,1.0,3021694564,20260901
B2_feature,4.0,per_class,all,micro,linear_solve_relative_residual,6.238426356012785e-06,6.166384297058829e-06,6.311452727239256e-06,1449,1449,1449,1449,,5000,5000,1.0,3021694564,20260901
B2_feature,4.0,per_class,all,micro,cg_iterations,15.662525879917185,15.638371290545203,15.687370600414079,1449,1449,1449,1449,,5000,5000,1.0,3021694564,20260901
B2_feature,4.0,per_class,all,micro,solve_runtime_ms_per_map,0.008120048974992246,0.008085584584786452,0.008159343458318848,1449,1449,1449,1449,,5000,5000,1.0,3021694564,20260901
B2_feature,4.0,per_class,all,micro,energy_raw,0.011691366307073632,0.010869653674906757,0.012603399661753495,1449,1449,1449,1449,,5000,5000,1.0,3021694564,20260901
B2_feature,4.0,per_class,all,micro,energy_smoothed,0.0023681016660386535,0.002095388486214218,0.00267845026762199,1449,1449,1449,1449,,5000,5000,1.0,3021694564,20260901
B2_feature,4.0,per_class,all,micro,energy_retention,0.13472077693453405,0.13123330432366326,0.13827469032797693,1449,1449,1449,1449,,5000,5000,1.0,3021694564,20260901
B2_feature,4.0,per_class,all,micro,linear_solve_relative_residual,6.244230154598593e-06,6.170529660187366e-06,6.316354037009938e-06,1449,1449,1449,1449,,5000,5000,1.0,3021694564,20260901
B2_feature,4.0,per_class,all,micro,cg_iterations,15.662525879917185,15.638371290545203,15.687370600414079,1449,1449,1449,1449,,5000,5000,1.0,3021694564,20260901
B2_feature,4.0,per_class,all,micro,solve_runtime_ms_per_map,0.008120048974992246,0.008085584584786452,0.008159343458318848,1449,1449,1449,1449,,5000,5000,1.0,3021694564,20260901
B2_feature,4.0,per_class,all,micro,energy_raw,0.0055052777602041,0.005166313751205642,0.005885994024776012,1449,1449,1449,1449,,5000,5000,1.0,3021694564,20260901
B2_feature,4.0,per_class,all,micro,energy_smoothed,0.0009440912476669595,0.0008244547100324313,0.001081260330714045,1449,1449,1449,1449,,5000,5000,1.0,3021694564,20260901
B2_feature,4.0,per_class,all,micro,energy_retention,0.13024390013753503,0.12730751004535384,0.13306625824668455,1449,1449,1449,1449,,5000,5000,1.0,3021694564,20260901
B2_feature,4.0,per_class,all,micro,linear_solve_relative_residual,6.3302497274181264e-06,6.260670463267843e-06,6.398071774425969e-06,1449,1449,1449,1449,,5000,5000,1.0,3021694564,20260901
B2_feature,4.0,per_class,all,micro,cg_iterations,15.662525879917185,15.638371290545203,15.687370600414079,1449,1449,1449,1449,,5000,5000,1.0,3021694564,20260901
B2_feature,4.0,per_class,all,micro,solve_runtime_ms_per_map,0.008120048974992246,0.008085584584786452,0.008159343458318848,1449,1449,1449,1449,,5000,5000,1.0,3021694564,20260901
B2_feature,4.0,per_class,all,micro,energy_raw,0.011357959520166227,0.01029763885255634,0.012552135889790405,1449,1449,1449,1449,,5000,5000,1.0,3021694564,20260901
B2_feature,4.0,per_class,all,micro,energy_smoothed,0.0031849279087059743,0.0027432357800257043,0.003688644953867229,1449,1449,1449,1449,,5000,5000,1.0,3021694564,20260901
B2_feature,4.0,per_class,all,micro,energy_retention,0.1509856573383795,0.14656074165146132,0.15578582965793938,1449,1449,1449,1449,,5000,5000,1.0,3021694564,20260901
B2_feature,4.0,per_class,all,micro,linear_solve_relative_residual,6.295391607306548e-06,6.225218055172421e-06,6.365733924138312e-06,1449,1449,1449,1449,,5000,5000,1.0,3021694564,20260901
B2_feature,4.0,per_class,all,micro,cg_iterations,15.662525879917185,15.638371290545203,15.687370600414079,1449,1449,1449,1449,,5000,5000,1.0,3021694564,20260901
B2_feature,4.0,per_class,all,micro,solve_runtime_ms_per_map,0.008120048974992246,0.008085584584786452,0.008159343458318848,1449,1449,1449,1449,,5000,5000,1.0,3021694564,20260901
B2_feature,4.0,per_class,all,micro,energy_raw,0.005415498798927118,0.00500072500412738,0.005870199664954637,1449,1449,1449,1449,,5000,5000,1.0,3021694564,20260901
B2_feature,4.0,per_class,all,micro,energy_smoothed,0.0010536123368111144,0.000889185343099903,0.0012347027668209863,1449,1449,1449,1449,,5000,5000,1.0,3021694564,20260901
B2_feature,4.0,per_class,all,micro,energy_retention,0.13636793293896998,0.1336223240662816,0.13903914616116064,1449,1449,1449,1449,,5000,5000,1.0,3021694564,20260901
B2_feature,4.0,per_class,all,micro,linear_solve_relative_residual,6.320554985277849e-06,6.255290884080636e-06,6.387053380286426e-06,1449,1449,1449,1449,,5000,5000,1.0,3021694564,20260901
B2_feature,4.0,per_class,all,micro,cg_iterations,15.662525879917185,15.638371290545203,15.687370600414079,1449,1449,1449,1449,,5000,5000,1.0,3021694564,20260901
B2_feature,4.0,per_class,all,micro,solve_runtime_ms_per_map,0.008120048974992246,0.008085584584786452,0.008159343458318848,1449,1449,1449,1449,,5000,5000,1.0,3021694564,20260901
B2_feature,4.0,per_class,all,micro,energy_raw,0.008260982111578432,0.007654230379528578,0.008914693494538184,1449,1449,1449,1449,,5000,5000,1.0,3021694564,20260901
B2_feature,4.0,per_class,all,micro,energy_smoothed,0.0017059309960278188,0.001482036687046964,0.0019469693913736301,1449,1449,1449,1449,,5000,5000,1.0,3021694564,20260901
B2_feature,4.0,per_class,all,micro,energy_retention,0.14085778305557697,0.13763664378318613,0.14413746470235816,1449,1449,1449,1449,,5000,5000,1.0,3021694564,20260901
B2_feature,4.0,per_class,all,micro,linear_solve_relative_residual,6.236445563641619e-06,6.165061012780387e-06,6.310909142757297e-06,1449,1449,1449,1449,,5000,5000,1.0,3021694564,20260901
B2_feature,4.0,per_class,all,micro,cg_iterations,15.662525879917185,15.638371290545203,15.687370600414079,1449,1449,1449,1449,,5000,5000,1.0,3021694564,20260901
B2_feature,4.0,per_class,all,micro,solve_runtime_ms_per_map,0.008120048974992246,0.008085584584786452,0.008159343458318848,1449,1449,1449,1449,,5000,5000,1.0,3021694564,20260901
B3_spatial_feature,0.25,all_class_maps,all,micro,energy_raw,0.008761968170279017,0.008541722966292808,0.008999939468717221,1449,1449,28980,28980,,5000,5000,1.0,3021694564,20260901
B3_spatial_feature,0.25,all_class_maps,all,micro,energy_smoothed,0.0066625423292721656,0.0064827535190855375,0.006854907797062585,1449,1449,28980,28980,,5000,5000,1.0,3021694564,20260901
B3_spatial_feature,0.25,all_class_maps,all,micro,energy_retention,0.7112644450984551,0.710216524717292,0.7123048817375103,1449,1449,28980,28980,,5000,5000,1.0,3021694564,20260901
B3_spatial_feature,0.25,all_class_maps,all,micro,linear_solve_relative_residual,4.875024082767746e-06,4.848008467551674e-06,4.901908557409005e-06,1449,1449,28980,28980,,5000,5000,1.0,3021694564,20260901
B3_spatial_feature,0.25,all_class_maps,all,micro,cg_iterations,5.0,5.0,5.0,1449,1449,28980,28980,,5000,5000,1.0,3021694564,20260901
B3_spatial_feature,0.25,all_class_maps,all,micro,solve_runtime_ms_per_map,0.003284353520554085,0.00327123330048568,0.003299664479470865,1449,1449,28980,28980,,5000,5000,1.0,3021694564,20260901
B3_spatial_feature,0.25,all_class_maps,all,macro_class,energy_raw,0.008761968170279019,0.008541722966292806,0.008999939468717223,1449,1449,28980,28980,20,5000,5000,1.0,3021694564,20260901
B3_spatial_feature,0.25,all_class_maps,all,macro_class,energy_smoothed,0.006662542329272167,0.0064827535190855375,0.006854907797062585,1449,1449,28980,28980,20,5000,5000,1.0,3021694564,20260901
B3_spatial_feature,0.25,all_class_maps,all,macro_class,energy_retention,0.7112644450984551,0.7102165247172921,0.7123048817375102,1449,1449,28980,28980,20,5000,5000,1.0,3021694564,20260901
B3_spatial_feature,0.25,all_class_maps,all,macro_class,linear_solve_relative_residual,4.875024082767747e-06,4.848008467551675e-06,4.9019085574090035e-06,1449,1449,28980,28980,20,5000,5000,1.0,3021694564,20260901
B3_spatial_feature,0.25,all_class_maps,all,macro_class,cg_iterations,5.0,5.0,5.0,1449,1449,28980,28980,20,5000,5000,1.0,3021694564,20260901
B3_spatial_feature,0.25,all_class_maps,all,macro_class,solve_runtime_ms_per_map,0.0032843535205540875,0.0032712333004856807,0.0032996644794708657,1449,1449,28980,28980,20,5000,5000,1.0,3021694564,20260901
B3_spatial_feature,0.25,all_class_maps,single_label,micro,energy_raw,0.00699637461628362,0.006780651942556804,0.007211999195736686,927,927,18540,18540,,5000,5000,1.0,3021694564,20260901
B3_spatial_feature,0.25,all_class_maps,single_label,micro,energy_smoothed,0.005184234373754708,0.005011908910094873,0.005357415917438873,927,927,18540,18540,,5000,5000,1.0,3021694564,20260901
B3_spatial_feature,0.25,all_class_maps,single_label,micro,energy_retention,0.7047152580631075,0.7034892623528372,0.7059457909029697,927,927,18540,18540,,5000,5000,1.0,3021694564,20260901
B3_spatial_feature,0.25,all_class_maps,single_label,micro,linear_solve_relative_residual,4.852709613001339e-06,4.818293651970068e-06,4.887382268772886e-06,927,927,18540,18540,,5000,5000,1.0,3021694564,20260901
B3_spatial_feature,0.25,all_class_maps,single_label,micro,cg_iterations,5.0,5.0,5.0,927,927,18540,18540,,5000,5000,1.0,3021694564,20260901
B3_spatial_feature,0.25,all_class_maps,single_label,micro,solve_runtime_ms_per_map,0.0032846839990792,0.003268588288201884,0.003304793247785465,927,927,18540,18540,,5000,5000,1.0,3021694564,20260901
B3_spatial_feature,0.25,all_class_maps,single_label,macro_class,energy_raw,0.006996374616283618,0.006780651942556804,0.007211999195736687,927,927,18540,18540,20,5000,5000,1.0,3021694564,20260901
B3_spatial_feature,0.25,all_class_maps,single_label,macro_class,energy_smoothed,0.005184234373754709,0.005011908910094873,0.005357415917438874,927,927,18540,18540,20,5000,5000,1.0,3021694564,20260901
B3_spatial_feature,0.25,all_class_maps,single_label,macro_class,energy_retention,0.7047152580631076,0.703489262352837,0.7059457909029697,927,927,18540,18540,20,5000,5000,1.0,3021694564,20260901
B3_spatial_feature,0.25,all_class_maps,single_label,macro_class,linear_solve_relative_residual,4.852709613001338e-06,4.818293651970068e-06,4.887382268772887e-06,927,927,18540,18540,20,5000,5000,1.0,3021694564,20260901
B3_spatial_feature,0.25,all_class_maps,single_label,macro_class,cg_iterations,5.0,5.0,5.0,927,927,18540,18540,20,5000,5000,1.0,3021694564,20260901
B3_spatial_feature,0.25,all_class_maps,single_label,macro_class,solve_runtime_ms_per_map,0.003284683999079199,0.003268588288201884,0.0033047932477854635,927,927,18540,18540,20,5000,5000,1.0,3021694564,20260901
B3_spatial_feature,0.25,all_class_maps,exactly_2_labels,micro,energy_raw,0.010898557301983237,0.010527640851814455,0.011293764832814534,375,375,7500,7500,,5000,5000,1.0,3021694564,20260901
B3_spatial_feature,0.25,all_class_maps,exactly_2_labels,micro,energy_smoothed,0.008436353201046586,0.008130414315575811,0.008764338856519121,375,375,7500,7500,,5000,5000,1.0,3021694564,20260901
B3_spatial_feature,0.25,all_class_maps,exactly_2_labels,micro,energy_retention,0.7202157389640809,0.7184560420872769,0.7219530734270811,375,375,7500,7500,,5000,5000,1.0,3021694564,20260901
B3_spatial_feature,0.25,all_class_maps,exactly_2_labels,micro,linear_solve_relative_residual,4.957560626644408e-06,4.910769349393907e-06,5.004923573927348e-06,375,375,7500,7500,,5000,5000,1.0,3021694564,20260901
B3_spatial_feature,0.25,all_class_maps,exactly_2_labels,micro,cg_iterations,5.0,5.0,5.0,375,375,7500,7500,,5000,5000,1.0,3021694564,20260901
B3_spatial_feature,0.25,all_class_maps,exactly_2_labels,micro,solve_runtime_ms_per_map,0.003282860035499282,0.003262470455398822,0.0033129126674746787,375,375,7500,7500,,5000,5000,1.0,3021694564,20260901
B3_spatial_feature,0.25,all_class_maps,exactly_2_labels,macro_class,energy_raw,0.010898557301983237,0.010527640851814452,0.011293764832814536,375,375,7500,7500,20,5000,5000,1.0,3021694564,20260901
B3_spatial_feature,0.25,all_class_maps,exactly_2_labels,macro_class,energy_smoothed,0.008436353201046586,0.008130414315575813,0.008764338856519121,375,375,7500,7500,20,5000,5000,1.0,3021694564,20260901
B3_spatial_feature,0.25,all_class_maps,exactly_2_labels,macro_class,energy_retention,0.7202157389640809,0.7184560420872768,0.721953073427081,375,375,7500,7500,20,5000,5000,1.0,3021694564,20260901
B3_spatial_feature,0.25,all_class_maps,exactly_2_labels,macro_class,linear_solve_relative_residual,4.957560626644409e-06,4.910769349393907e-06,5.004923573927348e-06,375,375,7500,7500,20,5000,5000,1.0,3021694564,20260901
B3_spatial_feature,0.25,all_class_maps,exactly_2_labels,macro_class,cg_iterations,5.0,5.0,5.0,375,375,7500,7500,20,5000,5000,1.0,3021694564,20260901
B3_spatial_feature,0.25,all_class_maps,exactly_2_labels,macro_class,solve_runtime_ms_per_map,0.0032828600354992818,0.003262470455398822,0.0033129126674746796,375,375,7500,7500,20,5000,5000,1.0,3021694564,20260901
B3_spatial_feature,0.25,all_class_maps,3plus_labels,micro,energy_raw,0.014445534838065759,0.01377103283415512,0.015114006454104852,147,147,2940,2940,,5000,5000,1.0,3021694564,20260901
B3_spatial_feature,0.25,all_class_maps,3plus_labels,micro,energy_smoothed,0.011459905579947506,0.010895069250040077,0.012025629495517835,147,147,2940,2940,,5000,5000,1.0,3021694564,20260901
B3_spatial_feature,0.25,all_class_maps,3plus_labels,micro,energy_retention,0.7297294871539486,0.7274173736197203,0.7319823374477576,147,147,2940,2940,,5000,5000,1.0,3021694564,20260901
B3_spatial_feature,0.25,all_class_maps,3plus_labels,micro,linear_solve_relative_residual,4.805189453650138e-06,4.731271361921711e-06,4.880676955309195e-06,147,147,2940,2940,,5000,5000,1.0,3021694564,20260901
B3_spatial_feature,0.25,all_class_maps,3plus_labels,micro,cg_iterations,5.0,5.0,5.0,147,147,2940,2940,,5000,5000,1.0,3021694564,20260901
B3_spatial_feature,0.25,all_class_maps,3plus_labels,micro,solve_runtime_ms_per_map,0.0032860793933620464,0.0032590751449052256,0.003337438904050454,147,147,2940,2940,,5000,5000,1.0,3021694564,20260901
B3_spatial_feature,0.25,all_class_maps,3plus_labels,macro_class,energy_raw,0.014445534838065757,0.013771032834155124,0.015114006454104852,147,147,2940,2940,20,5000,5000,1.0,3021694564,20260901
B3_spatial_feature,0.25,all_class_maps,3plus_labels,macro_class,energy_smoothed,0.011459905579947506,0.010895069250040077,0.012025629495517835,147,147,2940,2940,20,5000,5000,1.0,3021694564,20260901
B3_spatial_feature,0.25,all_class_maps,3plus_labels,macro_class,energy_retention,0.7297294871539485,0.7274173736197204,0.7319823374477576,147,147,2940,2940,20,5000,5000,1.0,3021694564,20260901
B3_spatial_feature,0.25,all_class_maps,3plus_labels,macro_class,linear_solve_relative_residual,4.805189453650139e-06,4.731271361921713e-06,4.880676955309194e-06,147,147,2940,2940,20,5000,5000,1.0,3021694564,20260901
B3_spatial_feature,0.25,all_class_maps,3plus_labels,macro_class,cg_iterations,5.0,5.0,5.0,147,147,2940,2940,20,5000,5000,1.0,3021694564,20260901
B3_spatial_feature,0.25,all_class_maps,3plus_labels,macro_class,solve_runtime_ms_per_map,0.0032860793933620473,0.0032590751449052256,0.0033374389040504546,147,147,2940,2940,20,5000,5000,1.0,3021694564,20260901
B3_spatial_feature,0.25,per_class,all,micro,energy_raw,0.005584940945860088,0.005235611773196854,0.0059771386402620716,1449,1449,1449,1449,,5000,5000,1.0,3021694564,20260901
B3_spatial_feature,0.25,per_class,all,micro,energy_smoothed,0.004096783104521692,0.003793839177404697,0.004434382129420241,1449,1449,1449,1449,,5000,5000,1.0,3021694564,20260901
B3_spatial_feature,0.25,per_class,all,micro,energy_retention,0.7051067149087921,0.7032615648858953,0.7069377683941211,1449,1449,1449,1449,,5000,5000,1.0,3021694564,20260901
B3_spatial_feature,0.25,per_class,all,micro,linear_solve_relative_residual,5.073013976811486e-06,5.009412485139889e-06,5.134200902255515e-06,1449,1449,1449,1449,,5000,5000,1.0,3021694564,20260901
B3_spatial_feature,0.25,per_class,all,micro,cg_iterations,5.0,5.0,5.0,1449,1449,1449,1449,,5000,5000,1.0,3021694564,20260901
B3_spatial_feature,0.25,per_class,all,micro,solve_runtime_ms_per_map,0.0032843535205540875,0.00327123330048568,0.0032996644794708644,1449,1449,1449,1449,,5000,5000,1.0,3021694564,20260901
B3_spatial_feature,0.25,per_class,all,micro,energy_raw,0.00711112421101089,0.006543097257202143,0.007737061707929594,1449,1449,1449,1449,,5000,5000,1.0,3021694564,20260901
B3_spatial_feature,0.25,per_class,all,micro,energy_smoothed,0.005324809756573467,0.004849296705047725,0.005851361660088821,1449,1449,1449,1449,,5000,5000,1.0,3021694564,20260901
B3_spatial_feature,0.25,per_class,all,micro,energy_retention,0.7043911447353902,0.7024178817600856,0.70641560930787,1449,1449,1449,1449,,5000,5000,1.0,3021694564,20260901
B3_spatial_feature,0.25,per_class,all,micro,linear_solve_relative_residual,4.827160723619845e-06,4.751925611956571e-06,4.9016573660768985e-06,1449,1449,1449,1449,,5000,5000,1.0,3021694564,20260901
B3_spatial_feature,0.25,per_class,all,micro,cg_iterations,5.0,5.0,5.0,1449,1449,1449,1449,,5000,5000,1.0,3021694564,20260901
B3_spatial_feature,0.25,per_class,all,micro,solve_runtime_ms_per_map,0.0032843535205540875,0.00327123330048568,0.0032996644794708644,1449,1449,1449,1449,,5000,5000,1.0,3021694564,20260901
B3_spatial_feature,0.25,per_class,all,micro,energy_raw,0.005411394378151089,0.0051918731471358144,0.005670479117280317,1449,1449,1449,1449,,5000,5000,1.0,3021694564,20260901
B3_spatial_feature,0.25,per_class,all,micro,energy_smoothed,0.003849102072742317,0.0036688682761516042,0.004060155616346807,1449,1449,1449,1449,,5000,5000,1.0,3021694564,20260901
B3_spatial_feature,0.25,per_class,all,micro,energy_retention,0.6969282185726943,0.6954301509016378,0.6984647193762908,1449,1449,1449,1449,,5000,5000,1.0,3021694564,20260901
B3_spatial_feature,0.25,per_class,all,micro,linear_solve_relative_residual,5.1059940950672055e-06,5.044744106982139e-06,5.1642940143696235e-06,1449,1449,1449,1449,,5000,5000,1.0,3021694564,20260901
B3_spatial_feature,0.25,per_class,all,micro,cg_iterations,5.0,5.0,5.0,1449,1449,1449,1449,,5000,5000,1.0,3021694564,20260901
B3_spatial_feature,0.25,per_class,all,micro,solve_runtime_ms_per_map,0.0032843535205540875,0.00327123330048568,0.0032996644794708644,1449,1449,1449,1449,,5000,5000,1.0,3021694564,20260901
B3_spatial_feature,0.25,per_class,all,micro,energy_raw,0.00650339352504946,0.00599689694471208,0.007076558137556449,1449,1449,1449,1449,,5000,5000,1.0,3021694564,20260901
B3_spatial_feature,0.25,per_class,all,micro,energy_smoothed,0.004858095361722609,0.004426619003125479,0.005346716545707642,1449,1449,1449,1449,,5000,5000,1.0,3021694564,20260901
B3_spatial_feature,0.25,per_class,all,micro,energy_retention,0.7104077087014687,0.7085864892318136,0.7122983459534935,1449,1449,1449,1449,,5000,5000,1.0,3021694564,20260901
B3_spatial_feature,0.25,per_class,all,micro,linear_solve_relative_residual,4.944754143112824e-06,4.876868967475167e-06,5.0153126884919325e-06,1449,1449,1449,1449,,5000,5000,1.0,3021694564,20260901
B3_spatial_feature,0.25,per_class,all,micro,cg_iterations,5.0,5.0,5.0,1449,1449,1449,1449,,5000,5000,1.0,3021694564,20260901
B3_spatial_feature,0.25,per_class,all,micro,solve_runtime_ms_per_map,0.0032843535205540875,0.00327123330048568,0.0032996644794708644,1449,1449,1449,1449,,5000,5000,1.0,3021694564,20260901
B3_spatial_feature,0.25,per_class,all,micro,energy_raw,0.010192204752372638,0.00940900484687765,0.011011853013900279,1449,1449,1449,1449,,5000,5000,1.0,3021694564,20260901
B3_spatial_feature,0.25,per_class,all,micro,energy_smoothed,0.007778758631670157,0.007108146286561261,0.008478127918809121,1449,1449,1449,1449,,5000,5000,1.0,3021694564,20260901
B3_spatial_feature,0.25,per_class,all,micro,energy_retention,0.7103950709125105,0.7079221718275522,0.7128675861357409,1449,1449,1449,1449,,5000,5000,1.0,3021694564,20260901
B3_spatial_feature,0.25,per_class,all,micro,linear_solve_relative_residual,4.724271682701989e-06,4.616106031270649e-06,4.832743465477757e-06,1449,1449,1449,1449,,5000,5000,1.0,3021694564,20260901
B3_spatial_feature,0.25,per_class,all,micro,cg_iterations,5.0,5.0,5.0,1449,1449,1449,1449,,5000,5000,1.0,3021694564,20260901
B3_spatial_feature,0.25,per_class,all,micro,solve_runtime_ms_per_map,0.0032843535205540875,0.00327123330048568,0.0032996644794708644,1449,1449,1449,1449,,5000,5000,1.0,3021694564,20260901
B3_spatial_feature,0.25,per_class,all,micro,energy_raw,0.0068524456125015,0.006432922064275928,0.0073006491970240015,1449,1449,1449,1449,,5000,5000,1.0,3021694564,20260901
B3_spatial_feature,0.25,per_class,all,micro,energy_smoothed,0.005110175330821731,0.004751228319587147,0.0054967179156407125,1449,1449,1449,1449,,5000,5000,1.0,3021694564,20260901
B3_spatial_feature,0.25,per_class,all,micro,energy_retention,0.7101542089543234,0.7080781993154742,0.7122590635740568,1449,1449,1449,1449,,5000,5000,1.0,3021694564,20260901
B3_spatial_feature,0.25,per_class,all,micro,linear_solve_relative_residual,5.03973972736508e-06,4.959316544672111e-06,5.115705714570697e-06,1449,1449,1449,1449,,5000,5000,1.0,3021694564,20260901
B3_spatial_feature,0.25,per_class,all,micro,cg_iterations,5.0,5.0,5.0,1449,1449,1449,1449,,5000,5000,1.0,3021694564,20260901
B3_spatial_feature,0.25,per_class,all,micro,solve_runtime_ms_per_map,0.0032843535205540875,0.00327123330048568,0.0032996644794708644,1449,1449,1449,1449,,5000,5000,1.0,3021694564,20260901
B3_spatial_feature,0.25,per_class,all,micro,energy_raw,0.011481013256359751,0.010615790698234939,0.012382722470676046,1449,1449,1449,1449,,5000,5000,1.0,3021694564,20260901
B3_spatial_feature,0.25,per_class,all,micro,energy_smoothed,0.008727892195122038,0.008026147679770603,0.009463863767426571,1449,1449,1449,1449,,5000,5000,1.0,3021694564,20260901
B3_spatial_feature,0.25,per_class,all,micro,energy_retention,0.718555866725861,0.7162914813768049,0.7208416125336706,1449,1449,1449,1449,,5000,5000,1.0,3021694564,20260901
B3_spatial_feature,0.25,per_class,all,micro,linear_solve_relative_residual,4.8981172895178515e-06,4.790118180512462e-06,5.004963055689474e-06,1449,1449,1449,1449,,5000,5000,1.0,3021694564,20260901
B3_spatial_feature,0.25,per_class,all,micro,cg_iterations,5.0,5.0,5.0,1449,1449,1449,1449,,5000,5000,1.0,3021694564,20260901
B3_spatial_feature,0.25,per_class,all,micro,solve_runtime_ms_per_map,0.0032843535205540875,0.00327123330048568,0.0032996644794708644,1449,1449,1449,1449,,5000,5000,1.0,3021694564,20260901
B3_spatial_feature,0.25,per_class,all,micro,energy_raw,0.0065699590021696804,0.006147801392679402,0.007050189713626429,1449,1449,1449,1449,,5000,5000,1.0,3021694564,20260901
B3_spatial_feature,0.25,per_class,all,micro,energy_smoothed,0.004942889880643498,0.0045773246873604305,0.00535753100057659,1449,1449,1449,1449,,5000,5000,1.0,3021694564,20260901
B3_spatial_feature,0.25,per_class,all,micro,energy_retention,0.7096497109629023,0.7072695030949706,0.7121319315232352,1449,1449,1449,1449,,5000,5000,1.0,3021694564,20260901
B3_spatial_feature,0.25,per_class,all,micro,linear_solve_relative_residual,4.9046571549467465e-06,4.829409506989195e-06,4.979704798367052e-06,1449,1449,1449,1449,,5000,5000,1.0,3021694564,20260901
B3_spatial_feature,0.25,per_class,all,micro,cg_iterations,5.0,5.0,5.0,1449,1449,1449,1449,,5000,5000,1.0,3021694564,20260901
B3_spatial_feature,0.25,per_class,all,micro,solve_runtime_ms_per_map,0.0032843535205540875,0.00327123330048568,0.0032996644794708644,1449,1449,1449,1449,,5000,5000,1.0,3021694564,20260901
B3_spatial_feature,0.25,per_class,all,micro,energy_raw,0.015118487143928919,0.013971878564595185,0.01640039174442306,1449,1449,1449,1449,,5000,5000,1.0,3021694564,20260901
B3_spatial_feature,0.25,per_class,all,micro,energy_smoothed,0.0118260043223303,0.010851739271817243,0.012896497867473374,1449,1449,1449,1449,,5000,5000,1.0,3021694564,20260901
B3_spatial_feature,0.25,per_class,all,micro,energy_retention,0.7166949022301647,0.7138626970417586,0.719582966807137,1449,1449,1449,1449,,5000,5000,1.0,3021694564,20260901
B3_spatial_feature,0.25,per_class,all,micro,linear_solve_relative_residual,4.667444055131242e-06,4.5522236587367995e-06,4.779562289322776e-06,1449,1449,1449,1449,,5000,5000,1.0,3021694564,20260901
B3_spatial_feature,0.25,per_class,all,micro,cg_iterations,5.0,5.0,5.0,1449,1449,1449,1449,,5000,5000,1.0,3021694564,20260901
B3_spatial_feature,0.25,per_class,all,micro,solve_runtime_ms_per_map,0.0032843535205540875,0.00327123330048568,0.0032996644794708644,1449,1449,1449,1449,,5000,5000,1.0,3021694564,20260901
B3_spatial_feature,0.25,per_class,all,micro,energy_raw,0.0067092568305558205,0.00614135054300571,0.007337864645536002,1449,1449,1449,1449,,5000,5000,1.0,3021694564,20260901
B3_spatial_feature,0.25,per_class,all,micro,energy_smoothed,0.005070955387468972,0.004580541360869282,0.005609698008167527,1449,1449,1449,1449,,5000,5000,1.0,3021694564,20260901
B3_spatial_feature,0.25,per_class,all,micro,energy_retention,0.7028688163573039,0.7007048418854663,0.705138501200987,1449,1449,1449,1449,,5000,5000,1.0,3021694564,20260901
B3_spatial_feature,0.25,per_class,all,micro,linear_solve_relative_residual,4.750054785239717e-06,4.683507538043695e-06,4.813321106733681e-06,1449,1449,1449,1449,,5000,5000,1.0,3021694564,20260901
B3_spatial_feature,0.25,per_class,all,micro,cg_iterations,5.0,5.0,5.0,1449,1449,1449,1449,,5000,5000,1.0,3021694564,20260901
B3_spatial_feature,0.25,per_class,all,micro,solve_runtime_ms_per_map,0.0032843535205540875,0.00327123330048568,0.0032996644794708644,1449,1449,1449,1449,,5000,5000,1.0,3021694564,20260901
B3_spatial_feature,0.25,per_class,all,micro,energy_raw,0.008128713067618422,0.007463190351574141,0.008857740438145568,1449,1449,1449,1449,,5000,5000,1.0,3021694564,20260901
B3_spatial_feature,0.25,per_class,all,micro,energy_smoothed,0.006132158697271055,0.005570329196044592,0.006749005923364208,1449,1449,1449,1449,,5000,5000,1.0,3021694564,20260901
B3_spatial_feature,0.25,per_class,all,micro,energy_retention,0.7085076655249006,0.7064566513293361,0.7105299864465652,1449,1449,1449,1449,,5000,5000,1.0,3021694564,20260901
B3_spatial_feature,0.25,per_class,all,micro,linear_solve_relative_residual,4.900773042056829e-06,4.814588367244763e-06,4.9840897603162435e-06,1449,1449,1449,1449,,5000,5000,1.0,3021694564,20260901
B3_spatial_feature,0.25,per_class,all,micro,cg_iterations,5.0,5.0,5.0,1449,1449,1449,1449,,5000,5000,1.0,3021694564,20260901
B3_spatial_feature,0.25,per_class,all,micro,solve_runtime_ms_per_map,0.0032843535205540875,0.00327123330048568,0.0032996644794708644,1449,1449,1449,1449,,5000,5000,1.0,3021694564,20260901
B3_spatial_feature,0.25,per_class,all,micro,energy_raw,0.008283017577122694,0.007776296444769417,0.008831988973639458,1449,1449,1449,1449,,5000,5000,1.0,3021694564,20260901
B3_spatial_feature,0.25,per_class,all,micro,energy_smoothed,0.006254745217080674,0.0058145095680454196,0.0067343590329953145,1449,1449,1449,1449,,5000,5000,1.0,3021694564,20260901
B3_spatial_feature,0.25,per_class,all,micro,energy_retention,0.7111074190208877,0.7084602227985982,0.7139965430128319,1449,1449,1449,1449,,5000,5000,1.0,3021694564,20260901
B3_spatial_feature,0.25,per_class,all,micro,linear_solve_relative_residual,5.2510868525087345e-06,5.159239473440394e-06,5.337957403904333e-06,1449,1449,1449,1449,,5000,5000,1.0,3021694564,20260901
B3_spatial_feature,0.25,per_class,all,micro,cg_iterations,5.0,5.0,5.0,1449,1449,1449,1449,,5000,5000,1.0,3021694564,20260901
B3_spatial_feature,0.25,per_class,all,micro,solve_runtime_ms_per_map,0.0032843535205540875,0.00327123330048568,0.0032996644794708644,1449,1449,1449,1449,,5000,5000,1.0,3021694564,20260901
B3_spatial_feature,0.25,per_class,all,micro,energy_raw,0.006759637093918335,0.006281849364638411,0.00728001882940122,1449,1449,1449,1449,,5000,5000,1.0,3021694564,20260901
B3_spatial_feature,0.25,per_class,all,micro,energy_smoothed,0.005018412011091934,0.004619898388881395,0.005448625329118659,1449,1449,1449,1449,,5000,5000,1.0,3021694564,20260901
B3_spatial_feature,0.25,per_class,all,micro,energy_retention,0.7049619504465903,0.7029109909760286,0.7070976376081023,1449,1449,1449,1449,,5000,5000,1.0,3021694564,20260901
B3_spatial_feature,0.25,per_class,all,micro,linear_solve_relative_residual,4.943778602713499e-06,4.872325853501504e-06,5.0155424230248095e-06,1449,1449,1449,1449,,5000,5000,1.0,3021694564,20260901
B3_spatial_feature,0.25,per_class,all,micro,cg_iterations,5.0,5.0,5.0,1449,1449,1449,1449,,5000,5000,1.0,3021694564,20260901
B3_spatial_feature,0.25,per_class,all,micro,solve_runtime_ms_per_map,0.0032843535205540875,0.00327123330048568,0.0032996644794708644,1449,1449,1449,1449,,5000,5000,1.0,3021694564,20260901
B3_spatial_feature,0.25,per_class,all,micro,energy_raw,0.007051680254890713,0.006605366495020304,0.0075118325845279915,1449,1449,1449,1449,,5000,5000,1.0,3021694564,20260901
B3_spatial_feature,0.25,per_class,all,micro,energy_smoothed,0.005289415538849616,0.004903608220067403,0.00568796341048399,1449,1449,1449,1449,,5000,5000,1.0,3021694564,20260901
B3_spatial_feature,0.25,per_class,all,micro,energy_retention,0.7083709452627773,0.7061674766515024,0.7106265467033047,1449,1449,1449,1449,,5000,5000,1.0,3021694564,20260901
B3_spatial_feature,0.25,per_class,all,micro,linear_solve_relative_residual,4.930695358979498e-06,4.848164910344755e-06,5.012831581702485e-06,1449,1449,1449,1449,,5000,5000,1.0,3021694564,20260901
B3_spatial_feature,0.25,per_class,all,micro,cg_iterations,5.0,5.0,5.0,1449,1449,1449,1449,,5000,5000,1.0,3021694564,20260901
B3_spatial_feature,0.25,per_class,all,micro,solve_runtime_ms_per_map,0.0032843535205540875,0.00327123330048568,0.0032996644794708644,1449,1449,1449,1449,,5000,5000,1.0,3021694564,20260901
B3_spatial_feature,0.25,per_class,all,micro,energy_raw,0.02202026813732572,0.020538183264420678,0.023533143153987125,1449,1449,1449,1449,,5000,5000,1.0,3021694564,20260901
B3_spatial_feature,0.25,per_class,all,micro,energy_smoothed,0.017598402450212103,0.016369184348849132,0.01883890810785142,1449,1449,1449,1449,,5000,5000,1.0,3021694564,20260901
B3_spatial_feature,0.25,per_class,all,micro,energy_retention,0.7532882125234505,0.7499230963853493,0.7567132416194764,1449,1449,1449,1449,,5000,5000,1.0,3021694564,20260901
B3_spatial_feature,0.25,per_class,all,micro,linear_solve_relative_residual,3.921838943790802e-06,3.7815772034452136e-06,4.064972270860214e-06,1449,1449,1449,1449,,5000,5000,1.0,3021694564,20260901
B3_spatial_feature,0.25,per_class,all,micro,cg_iterations,5.0,5.0,5.0,1449,1449,1449,1449,,5000,5000,1.0,3021694564,20260901
B3_spatial_feature,0.25,per_class,all,micro,solve_runtime_ms_per_map,0.0032843535205540875,0.00327123330048568,0.0032996644794708644,1449,1449,1449,1449,,5000,5000,1.0,3021694564,20260901
B3_spatial_feature,0.25,per_class,all,micro,energy_raw,0.011407561864532926,0.010640657072233807,0.012260319650178972,1449,1449,1449,1449,,5000,5000,1.0,3021694564,20260901
B3_spatial_feature,0.25,per_class,all,micro,energy_smoothed,0.008524681778439546,0.00788048928658323,0.00923265836125002,1449,1449,1449,1449,,5000,5000,1.0,3021694564,20260901
B3_spatial_feature,0.25,per_class,all,micro,energy_retention,0.7047022358148652,0.7024612764188386,0.7069672485552548,1449,1449,1449,1449,,5000,5000,1.0,3021694564,20260901
B3_spatial_feature,0.25,per_class,all,micro,linear_solve_relative_residual,5.1766831266886e-06,5.062671881137437e-06,5.28823831860364e-06,1449,1449,1449,1449,,5000,5000,1.0,3021694564,20260901
B3_spatial_feature,0.25,per_class,all,micro,cg_iterations,5.0,5.0,5.0,1449,1449,1449,1449,,5000,5000,1.0,3021694564,20260901
B3_spatial_feature,0.25,per_class,all,micro,solve_runtime_ms_per_map,0.0032843535205540875,0.00327123330048568,0.0032996644794708644,1449,1449,1449,1449,,5000,5000,1.0,3021694564,20260901
B3_spatial_feature,0.25,per_class,all,micro,energy_raw,0.005495244372244654,0.0051814669165100675,0.005850302766772499,1449,1449,1449,1449,,5000,5000,1.0,3021694564,20260901
B3_spatial_feature,0.25,per_class,all,micro,energy_smoothed,0.004020442989567427,0.0037541666528997557,0.004320394105519061,1449,1449,1449,1449,,5000,5000,1.0,3021694564,20260901
B3_spatial_feature,0.25,per_class,all,micro,energy_retention,0.7074987509482642,0.7055205994953445,0.7093224972455645,1449,1449,1449,1449,,5000,5000,1.0,3021694564,20260901
B3_spatial_feature,0.25,per_class,all,micro,linear_solve_relative_residual,4.9251853737084466e-06,4.86120646309799e-06,4.987522309857589e-06,1449,1449,1449,1449,,5000,5000,1.0,3021694564,20260901
B3_spatial_feature,0.25,per_class,all,micro,cg_iterations,5.0,5.0,5.0,1449,1449,1449,1449,,5000,5000,1.0,3021694564,20260901
B3_spatial_feature,0.25,per_class,all,micro,solve_runtime_ms_per_map,0.0032843535205540875,0.00327123330048568,0.0032996644794708644,1449,1449,1449,1449,,5000,5000,1.0,3021694564,20260901
B3_spatial_feature,0.25,per_class,all,micro,energy_raw,0.010996003196962959,0.010004006468891706,0.012114521464571313,1449,1449,1449,1449,,5000,5000,1.0,3021694564,20260901
B3_spatial_feature,0.25,per_class,all,micro,energy_smoothed,0.008698030948906295,0.007843742214048955,0.00965821609883042,1449,1449,1449,1449,,5000,5000,1.0,3021694564,20260901
B3_spatial_feature,0.25,per_class,all,micro,energy_retention,0.7183122481865419,0.7156209219079991,0.7211275934350335,1449,1449,1449,1449,,5000,5000,1.0,3021694564,20260901
B3_spatial_feature,0.25,per_class,all,micro,linear_solve_relative_residual,4.613338501697483e-06,4.519935660404051e-06,4.707124967488346e-06,1449,1449,1449,1449,,5000,5000,1.0,3021694564,20260901
B3_spatial_feature,0.25,per_class,all,micro,cg_iterations,5.0,5.0,5.0,1449,1449,1449,1449,,5000,5000,1.0,3021694564,20260901
B3_spatial_feature,0.25,per_class,all,micro,solve_runtime_ms_per_map,0.0032843535205540875,0.00327123330048568,0.0032996644794708644,1449,1449,1449,1449,,5000,5000,1.0,3021694564,20260901
B3_spatial_feature,0.25,per_class,all,micro,energy_raw,0.005420181187229029,0.0050339348311989945,0.0058434830682071465,1449,1449,1449,1449,,5000,5000,1.0,3021694564,20260901
B3_spatial_feature,0.25,per_class,all,micro,energy_smoothed,0.004033142635794813,0.003704878187851159,0.004389833331134928,1449,1449,1449,1449,,5000,5000,1.0,3021694564,20260901
B3_spatial_feature,0.25,per_class,all,micro,energy_retention,0.7131809317053722,0.7114721866734608,0.7148290938832087,1449,1449,1449,1449,,5000,5000,1.0,3021694564,20260901
B3_spatial_feature,0.25,per_class,all,micro,linear_solve_relative_residual,4.793806751494249e-06,4.7291543044023625e-06,4.858641857888617e-06,1449,1449,1449,1449,,5000,5000,1.0,3021694564,20260901
B3_spatial_feature,0.25,per_class,all,micro,cg_iterations,5.0,5.0,5.0,1449,1449,1449,1449,,5000,5000,1.0,3021694564,20260901
B3_spatial_feature,0.25,per_class,all,micro,solve_runtime_ms_per_map,0.0032843535205540875,0.00327123330048568,0.0032996644794708644,1449,1449,1449,1449,,5000,5000,1.0,3021694564,20260901
B3_spatial_feature,0.25,per_class,all,micro,energy_raw,0.008142836995775058,0.007577587089964411,0.008753248667334006,1449,1449,1449,1449,,5000,5000,1.0,3021694564,20260901
B3_spatial_feature,0.25,per_class,all,micro,energy_smoothed,0.006095948274613064,0.005621535569738553,0.0066086089844462565,1449,1449,1449,1449,,5000,5000,1.0,3021694564,20260901
B3_spatial_feature,0.25,per_class,all,micro,energy_retention,0.7102061794740402,0.7080925304728019,0.7123205088536603,1449,1449,1449,1449,,5000,5000,1.0,3021694564,20260901
B3_spatial_feature,0.25,per_class,all,micro,linear_solve_relative_residual,5.108087468202804e-06,5.015224592425059e-06,5.200237647645169e-06,1449,1449,1449,1449,,5000,5000,1.0,3021694564,20260901
B3_spatial_feature,0.25,per_class,all,micro,cg_iterations,5.0,5.0,5.0,1449,1449,1449,1449,,5000,5000,1.0,3021694564,20260901
B3_spatial_feature,0.25,per_class,all,micro,solve_runtime_ms_per_map,0.0032843535205540875,0.00327123330048568,0.0032996644794708644,1449,1449,1449,1449,,5000,5000,1.0,3021694564,20260901
B3_spatial_feature,0.5,all_class_maps,all,micro,energy_raw,0.008761968170279017,0.008541722966292808,0.008999939468717221,1449,1449,28980,28980,,5000,5000,1.0,3021694564,20260901
B3_spatial_feature,0.5,all_class_maps,all,micro,energy_smoothed,0.00546462549972809,0.005307421093688462,0.005630594721707902,1449,1449,28980,28980,,5000,5000,1.0,3021694564,20260901
B3_spatial_feature,0.5,all_class_maps,all,micro,energy_retention,0.5519394632040673,0.5504378080767823,0.553415786328811,1449,1449,28980,28980,,5000,5000,1.0,3021694564,20260901
B3_spatial_feature,0.5,all_class_maps,all,micro,linear_solve_relative_residual,5.587709598162489e-06,5.548621477596103e-06,5.625897989064466e-06,1449,1449,28980,28980,,5000,5000,1.0,3021694564,20260901
B3_spatial_feature,0.5,all_class_maps,all,micro,cg_iterations,6.0,6.0,6.0,1449,1449,28980,28980,,5000,5000,1.0,3021694564,20260901
B3_spatial_feature,0.5,all_class_maps,all,micro,solve_runtime_ms_per_map,0.0036278425033279453,0.0036105242743707886,0.0036477226725367814,1449,1449,28980,28980,,5000,5000,1.0,3021694564,20260901
B3_spatial_feature,0.5,all_class_maps,all,macro_class,energy_raw,0.008761968170279019,0.008541722966292806,0.008999939468717223,1449,1449,28980,28980,20,5000,5000,1.0,3021694564,20260901
B3_spatial_feature,0.5,all_class_maps,all,macro_class,energy_smoothed,0.00546462549972809,0.005307421093688461,0.005630594721707902,1449,1449,28980,28980,20,5000,5000,1.0,3021694564,20260901
B3_spatial_feature,0.5,all_class_maps,all,macro_class,energy_retention,0.5519394632040673,0.5504378080767823,0.5534157863288109,1449,1449,28980,28980,20,5000,5000,1.0,3021694564,20260901
B3_spatial_feature,0.5,all_class_maps,all,macro_class,linear_solve_relative_residual,5.587709598162489e-06,5.548621477596102e-06,5.625897989064467e-06,1449,1449,28980,28980,20,5000,5000,1.0,3021694564,20260901
B3_spatial_feature,0.5,all_class_maps,all,macro_class,cg_iterations,6.0,6.0,6.0,1449,1449,28980,28980,20,5000,5000,1.0,3021694564,20260901
B3_spatial_feature,0.5,all_class_maps,all,macro_class,solve_runtime_ms_per_map,0.0036278425033279458,0.003610524274370789,0.0036477226725367805,1449,1449,28980,28980,20,5000,5000,1.0,3021694564,20260901
B3_spatial_feature,0.5,all_class_maps,single_label,micro,energy_raw,0.00699637461628362,0.006780651942556804,0.007211999195736686,927,927,18540,18540,,5000,5000,1.0,3021694564,20260901
B3_spatial_feature,0.5,all_class_maps,single_label,micro,energy_smoothed,0.004164513722560047,0.0040171270678118105,0.004313118313130256,927,927,18540,18540,,5000,5000,1.0,3021694564,20260901
B3_spatial_feature,0.5,all_class_maps,single_label,micro,energy_retention,0.5424486891351471,0.5407194748196947,0.5441999809674621,927,927,18540,18540,,5000,5000,1.0,3021694564,20260901
B3_spatial_feature,0.5,all_class_maps,single_label,micro,linear_solve_relative_residual,5.7063315383655495e-06,5.66058189011273e-06,5.7519169063130135e-06,927,927,18540,18540,,5000,5000,1.0,3021694564,20260901
B3_spatial_feature,0.5,all_class_maps,single_label,micro,cg_iterations,6.0,6.0,6.0,927,927,18540,18540,,5000,5000,1.0,3021694564,20260901
B3_spatial_feature,0.5,all_class_maps,single_label,micro,solve_runtime_ms_per_map,0.0036292992502762215,0.003607779278632302,0.0036555254420452678,927,927,18540,18540,,5000,5000,1.0,3021694564,20260901
B3_spatial_feature,0.5,all_class_maps,single_label,macro_class,energy_raw,0.006996374616283618,0.006780651942556804,0.007211999195736687,927,927,18540,18540,20,5000,5000,1.0,3021694564,20260901
B3_spatial_feature,0.5,all_class_maps,single_label,macro_class,energy_smoothed,0.004164513722560046,0.004017127067811811,0.004313118313130256,927,927,18540,18540,20,5000,5000,1.0,3021694564,20260901
B3_spatial_feature,0.5,all_class_maps,single_label,macro_class,energy_retention,0.5424486891351471,0.5407194748196947,0.5441999809674622,927,927,18540,18540,20,5000,5000,1.0,3021694564,20260901
B3_spatial_feature,0.5,all_class_maps,single_label,macro_class,linear_solve_relative_residual,5.706331538365552e-06,5.66058189011273e-06,5.751916906313014e-06,927,927,18540,18540,20,5000,5000,1.0,3021694564,20260901
B3_spatial_feature,0.5,all_class_maps,single_label,macro_class,cg_iterations,6.0,6.0,6.0,927,927,18540,18540,20,5000,5000,1.0,3021694564,20260901
B3_spatial_feature,0.5,all_class_maps,single_label,macro_class,solve_runtime_ms_per_map,0.00362929925027622,0.0036077792786323,0.0036555254420452695,927,927,18540,18540,20,5000,5000,1.0,3021694564,20260901
B3_spatial_feature,0.5,all_class_maps,exactly_2_labels,micro,energy_raw,0.010898557301983237,0.010527640851814455,0.011293764832814534,375,375,7500,7500,,5000,5000,1.0,3021694564,20260901
B3_spatial_feature,0.5,all_class_maps,exactly_2_labels,micro,energy_smoothed,0.0070150122616129615,0.006744875032696873,0.007299542945505819,375,375,7500,7500,,5000,5000,1.0,3021694564,20260901
B3_spatial_feature,0.5,all_class_maps,exactly_2_labels,micro,energy_retention,0.5649182984670004,0.5624060186464588,0.5673898284811775,375,375,7500,7500,,5000,5000,1.0,3021694564,20260901
B3_spatial_feature,0.5,all_class_maps,exactly_2_labels,micro,linear_solve_relative_residual,5.4335879618671845e-06,5.350045358009462e-06,5.513761751233991e-06,375,375,7500,7500,,5000,5000,1.0,3021694564,20260901
B3_spatial_feature,0.5,all_class_maps,exactly_2_labels,micro,cg_iterations,6.0,6.0,6.0,375,375,7500,7500,,5000,5000,1.0,3021694564,20260901
B3_spatial_feature,0.5,all_class_maps,exactly_2_labels,micro,solve_runtime_ms_per_map,0.0036253589145080357,0.003597211178979099,0.0036655398332287505,375,375,7500,7500,,5000,5000,1.0,3021694564,20260901
B3_spatial_feature,0.5,all_class_maps,exactly_2_labels,macro_class,energy_raw,0.010898557301983237,0.010527640851814452,0.011293764832814536,375,375,7500,7500,20,5000,5000,1.0,3021694564,20260901
B3_spatial_feature,0.5,all_class_maps,exactly_2_labels,macro_class,energy_smoothed,0.0070150122616129615,0.006744875032696873,0.007299542945505817,375,375,7500,7500,20,5000,5000,1.0,3021694564,20260901
B3_spatial_feature,0.5,all_class_maps,exactly_2_labels,macro_class,energy_retention,0.5649182984670005,0.5624060186464588,0.5673898284811775,375,375,7500,7500,20,5000,5000,1.0,3021694564,20260901
B3_spatial_feature,0.5,all_class_maps,exactly_2_labels,macro_class,linear_solve_relative_residual,5.4335879618671845e-06,5.350045358009462e-06,5.51376175123399e-06,375,375,7500,7500,20,5000,5000,1.0,3021694564,20260901
B3_spatial_feature,0.5,all_class_maps,exactly_2_labels,macro_class,cg_iterations,6.0,6.0,6.0,375,375,7500,7500,20,5000,5000,1.0,3021694564,20260901
B3_spatial_feature,0.5,all_class_maps,exactly_2_labels,macro_class,solve_runtime_ms_per_map,0.003625358914508035,0.003597211178979098,0.0036655398332287497,375,375,7500,7500,20,5000,5000,1.0,3021694564,20260901
B3_spatial_feature,0.5,all_class_maps,3plus_labels,micro,energy_raw,0.014445534838065759,0.01377103283415512,0.015114006454104852,147,147,2940,2940,,5000,5000,1.0,3021694564,20260901
B3_spatial_feature,0.5,all_class_maps,3plus_labels,micro,energy_smoothed,0.009708221293795777,0.009207803587080574,0.0102094244450227,147,147,2940,2940,,5000,5000,1.0,3021694564,20260901
B3_spatial_feature,0.5,all_class_maps,3plus_labels,micro,energy_retention,0.5786801729883466,0.575405770775919,0.5818805127639045,147,147,2940,2940,,5000,5000,1.0,3021694564,20260901
B3_spatial_feature,0.5,all_class_maps,3plus_labels,micro,linear_solve_relative_residual,5.232832557635293e-06,5.098122117964156e-06,5.359212403514372e-06,147,147,2940,2940,,5000,5000,1.0,3021694564,20260901
B3_spatial_feature,0.5,all_class_maps,3plus_labels,micro,cg_iterations,6.0,6.0,6.0,147,147,2940,2940,,5000,5000,1.0,3021694564,20260901
B3_spatial_feature,0.5,all_class_maps,3plus_labels,micro,solve_runtime_ms_per_map,0.003624991764460014,0.0035860569282487546,0.003694908455000832,147,147,2940,2940,,5000,5000,1.0,3021694564,20260901
B3_spatial_feature,0.5,all_class_maps,3plus_labels,macro_class,energy_raw,0.014445534838065757,0.013771032834155124,0.015114006454104852,147,147,2940,2940,20,5000,5000,1.0,3021694564,20260901
B3_spatial_feature,0.5,all_class_maps,3plus_labels,macro_class,energy_smoothed,0.009708221293795779,0.009207803587080574,0.0102094244450227,147,147,2940,2940,20,5000,5000,1.0,3021694564,20260901
B3_spatial_feature,0.5,all_class_maps,3plus_labels,macro_class,energy_retention,0.5786801729883467,0.5754057707759189,0.5818805127639045,147,147,2940,2940,20,5000,5000,1.0,3021694564,20260901
B3_spatial_feature,0.5,all_class_maps,3plus_labels,macro_class,linear_solve_relative_residual,5.232832557635293e-06,5.098122117964156e-06,5.359212403514373e-06,147,147,2940,2940,20,5000,5000,1.0,3021694564,20260901
B3_spatial_feature,0.5,all_class_maps,3plus_labels,macro_class,cg_iterations,6.0,6.0,6.0,147,147,2940,2940,20,5000,5000,1.0,3021694564,20260901
B3_spatial_feature,0.5,all_class_maps,3plus_labels,macro_class,solve_runtime_ms_per_map,0.003624991764460016,0.0035860569282487567,0.003694908455000831,147,147,2940,2940,20,5000,5000,1.0,3021694564,20260901
B3_spatial_feature,0.5,per_class,all,micro,energy_raw,0.005584940945860088,0.005235611773196854,0.0059771386402620716,1449,1449,1449,1449,,5000,5000,1.0,3021694564,20260901
B3_spatial_feature,0.5,per_class,all,micro,energy_smoothed,0.0032620158542514496,0.0029913864496131167,0.003565559535341913,1449,1449,1449,1449,,5000,5000,1.0,3021694564,20260901
B3_spatial_feature,0.5,per_class,all,micro,energy_retention,0.542607751774574,0.5399916678255718,0.5452678604834321,1449,1449,1449,1449,,5000,5000,1.0,3021694564,20260901
B3_spatial_feature,0.5,per_class,all,micro,linear_solve_relative_residual,6.075303981636185e-06,5.966329806517031e-06,6.185638378795517e-06,1449,1449,1449,1449,,5000,5000,1.0,3021694564,20260901
B3_spatial_feature,0.5,per_class,all,micro,cg_iterations,6.0,6.0,6.0,1449,1449,1449,1449,,5000,5000,1.0,3021694564,20260901
B3_spatial_feature,0.5,per_class,all,micro,solve_runtime_ms_per_map,0.003627842503327946,0.003610524274370789,0.003647722672536781,1449,1449,1449,1449,,5000,5000,1.0,3021694564,20260901
B3_spatial_feature,0.5,per_class,all,micro,energy_raw,0.00711112421101089,0.006543097257202143,0.007737061707929594,1449,1449,1449,1449,,5000,5000,1.0,3021694564,20260901
B3_spatial_feature,0.5,per_class,all,micro,energy_smoothed,0.004315553301358191,0.003893621822088726,0.004783295169059135,1449,1449,1449,1449,,5000,5000,1.0,3021694564,20260901
B3_spatial_feature,0.5,per_class,all,micro,energy_retention,0.5420060456621804,0.53914586050684,0.544924144649954,1449,1449,1449,1449,,5000,5000,1.0,3021694564,20260901
B3_spatial_feature,0.5,per_class,all,micro,linear_solve_relative_residual,5.738316977787717e-06,5.629451802497678e-06,5.847918443197006e-06,1449,1449,1449,1449,,5000,5000,1.0,3021694564,20260901
B3_spatial_feature,0.5,per_class,all,micro,cg_iterations,6.0,6.0,6.0,1449,1449,1449,1449,,5000,5000,1.0,3021694564,20260901
B3_spatial_feature,0.5,per_class,all,micro,solve_runtime_ms_per_map,0.003627842503327946,0.003610524274370789,0.003647722672536781,1449,1449,1449,1449,,5000,5000,1.0,3021694564,20260901
B3_spatial_feature,0.5,per_class,all,micro,energy_raw,0.005411394378151089,0.0051918731471358144,0.005670479117280317,1449,1449,1449,1449,,5000,5000,1.0,3021694564,20260901
B3_spatial_feature,0.5,per_class,all,micro,energy_smoothed,0.0029892178904393713,0.002831097788488675,0.0031729673622982683,1449,1449,1449,1449,,5000,5000,1.0,3021694564,20260901
B3_spatial_feature,0.5,per_class,all,micro,energy_retention,0.5314720034846114,0.5293291927767138,0.5336821454333551,1449,1449,1449,1449,,5000,5000,1.0,3021694564,20260901
B3_spatial_feature,0.5,per_class,all,micro,linear_solve_relative_residual,6.278021122177432e-06,6.171451528444122e-06,6.3829316907667485e-06,1449,1449,1449,1449,,5000,5000,1.0,3021694564,20260901
B3_spatial_feature,0.5,per_class,all,micro,cg_iterations,6.0,6.0,6.0,1449,1449,1449,1449,,5000,5000,1.0,3021694564,20260901
B3_spatial_feature,0.5,per_class,all,micro,solve_runtime_ms_per_map,0.003627842503327946,0.003610524274370789,0.003647722672536781,1449,1449,1449,1449,,5000,5000,1.0,3021694564,20260901
B3_spatial_feature,0.5,per_class,all,micro,energy_raw,0.00650339352504946,0.00599689694471208,0.007076558137556449,1449,1449,1449,1449,,5000,5000,1.0,3021694564,20260901
B3_spatial_feature,0.5,per_class,all,micro,energy_smoothed,0.003929620075137261,0.0035450458959452977,0.004367817848602026,1449,1449,1449,1449,,5000,5000,1.0,3021694564,20260901
B3_spatial_feature,0.5,per_class,all,micro,energy_retention,0.5502659095781601,0.5476320996258364,0.5530056923638137,1449,1449,1449,1449,,5000,5000,1.0,3021694564,20260901
B3_spatial_feature,0.5,per_class,all,micro,linear_solve_relative_residual,5.915970215163787e-06,5.800701206479566e-06,6.027954359422696e-06,1449,1449,1449,1449,,5000,5000,1.0,3021694564,20260901
B3_spatial_feature,0.5,per_class,all,micro,cg_iterations,6.0,6.0,6.0,1449,1449,1449,1449,,5000,5000,1.0,3021694564,20260901
B3_spatial_feature,0.5,per_class,all,micro,solve_runtime_ms_per_map,0.003627842503327946,0.003610524274370789,0.003647722672536781,1449,1449,1449,1449,,5000,5000,1.0,3021694564,20260901
B3_spatial_feature,0.5,per_class,all,micro,energy_raw,0.010192204752372638,0.00940900484687765,0.011011853013900279,1449,1449,1449,1449,,5000,5000,1.0,3021694564,20260901
B3_spatial_feature,0.5,per_class,all,micro,energy_smoothed,0.00640131928620563,0.00579603529500928,0.007022527717924394,1449,1449,1449,1449,,5000,5000,1.0,3021694564,20260901
B3_spatial_feature,0.5,per_class,all,micro,energy_retention,0.5511901340170348,0.547606530529495,0.5547689643757273,1449,1449,1449,1449,,5000,5000,1.0,3021694564,20260901
B3_spatial_feature,0.5,per_class,all,micro,linear_solve_relative_residual,5.034078085931667e-06,4.904261805343773e-06,5.1607771058405735e-06,1449,1449,1449,1449,,5000,5000,1.0,3021694564,20260901
B3_spatial_feature,0.5,per_class,all,micro,cg_iterations,6.0,6.0,6.0,1449,1449,1449,1449,,5000,5000,1.0,3021694564,20260901
B3_spatial_feature,0.5,per_class,all,micro,solve_runtime_ms_per_map,0.003627842503327946,0.003610524274370789,0.003647722672536781,1449,1449,1449,1449,,5000,5000,1.0,3021694564,20260901
B3_spatial_feature,0.5,per_class,all,micro,energy_raw,0.0068524456125015,0.006432922064275928,0.0073006491970240015,1449,1449,1449,1449,,5000,5000,1.0,3021694564,20260901
B3_spatial_feature,0.5,per_class,all,micro,energy_smoothed,0.004121132889792087,0.0038016341983221295,0.004466175144399131,1449,1449,1449,1449,,5000,5000,1.0,3021694564,20260901
B3_spatial_feature,0.5,per_class,all,micro,energy_retention,0.5497985835360033,0.5468228437566939,0.5528479493686542,1449,1449,1449,1449,,5000,5000,1.0,3021694564,20260901
B3_spatial_feature,0.5,per_class,all,micro,linear_solve_relative_residual,5.932614185144883e-06,5.811325990877849e-06,6.05300248152296e-06,1449,1449,1449,1449,,5000,5000,1.0,3021694564,20260901
B3_spatial_feature,0.5,per_class,all,micro,cg_iterations,6.0,6.0,6.0,1449,1449,1449,1449,,5000,5000,1.0,3021694564,20260901
B3_spatial_feature,0.5,per_class,all,micro,solve_runtime_ms_per_map,0.003627842503327946,0.003610524274370789,0.003647722672536781,1449,1449,1449,1449,,5000,5000,1.0,3021694564,20260901
B3_spatial_feature,0.5,per_class,all,micro,energy_raw,0.011481013256359751,0.010615790698234939,0.012382722470676046,1449,1449,1449,1449,,5000,5000,1.0,3021694564,20260901
B3_spatial_feature,0.5,per_class,all,micro,energy_smoothed,0.0071545883950830695,0.006550019401612241,0.007789989267197117,1449,1449,1449,1449,,5000,5000,1.0,3021694564,20260901
B3_spatial_feature,0.5,per_class,all,micro,energy_retention,0.5625596791608651,0.5592260589670156,0.5658997740830488,1449,1449,1449,1449,,5000,5000,1.0,3021694564,20260901
B3_spatial_feature,0.5,per_class,all,micro,linear_solve_relative_residual,5.100771839256686e-06,4.963359318823506e-06,5.235135077451363e-06,1449,1449,1449,1449,,5000,5000,1.0,3021694564,20260901
B3_spatial_feature,0.5,per_class,all,micro,cg_iterations,6.0,6.0,6.0,1449,1449,1449,1449,,5000,5000,1.0,3021694564,20260901
B3_spatial_feature,0.5,per_class,all,micro,solve_runtime_ms_per_map,0.003627842503327946,0.003610524274370789,0.003647722672536781,1449,1449,1449,1449,,5000,5000,1.0,3021694564,20260901
B3_spatial_feature,0.5,per_class,all,micro,energy_raw,0.0065699590021696804,0.006147801392679402,0.007050189713626429,1449,1449,1449,1449,,5000,5000,1.0,3021694564,20260901
B3_spatial_feature,0.5,per_class,all,micro,energy_smoothed,0.004021958509775675,0.003694253928717621,0.0043921918866707925,1449,1449,1449,1449,,5000,5000,1.0,3021694564,20260901
B3_spatial_feature,0.5,per_class,all,micro,energy_retention,0.549655738906913,0.5462051986820168,0.5532513001623895,1449,1449,1449,1449,,5000,5000,1.0,3021694564,20260901
B3_spatial_feature,0.5,per_class,all,micro,linear_solve_relative_residual,5.879292994001754e-06,5.76378418614148e-06,5.9912202139841e-06,1449,1449,1449,1449,,5000,5000,1.0,3021694564,20260901
B3_spatial_feature,0.5,per_class,all,micro,cg_iterations,6.0,6.0,6.0,1449,1449,1449,1449,,5000,5000,1.0,3021694564,20260901
B3_spatial_feature,0.5,per_class,all,micro,solve_runtime_ms_per_map,0.003627842503327946,0.003610524274370789,0.003647722672536781,1449,1449,1449,1449,,5000,5000,1.0,3021694564,20260901
B3_spatial_feature,0.5,per_class,all,micro,energy_raw,0.015118487143928919,0.013971878564595185,0.01640039174442306,1449,1449,1449,1449,,5000,5000,1.0,3021694564,20260901
B3_spatial_feature,0.5,per_class,all,micro,energy_smoothed,0.009902579181961293,0.0090351687319834,0.010842456028335086,1449,1449,1449,1449,,5000,5000,1.0,3021694564,20260901
B3_spatial_feature,0.5,per_class,all,micro,energy_retention,0.5599696398850883,0.5558633835121136,0.5641599074237466,1449,1449,1449,1449,,5000,5000,1.0,3021694564,20260901
B3_spatial_feature,0.5,per_class,all,micro,linear_solve_relative_residual,4.992898417211378e-06,4.854689292478611e-06,5.127154398123909e-06,1449,1449,1449,1449,,5000,5000,1.0,3021694564,20260901
B3_spatial_feature,0.5,per_class,all,micro,cg_iterations,6.0,6.0,6.0,1449,1449,1449,1449,,5000,5000,1.0,3021694564,20260901
B3_spatial_feature,0.5,per_class,all,micro,solve_runtime_ms_per_map,0.003627842503327946,0.003610524274370789,0.003647722672536781,1449,1449,1449,1449,,5000,5000,1.0,3021694564,20260901
B3_spatial_feature,0.5,per_class,all,micro,energy_raw,0.0067092568305558205,0.00614135054300571,0.007337864645536002,1449,1449,1449,1449,,5000,5000,1.0,3021694564,20260901
B3_spatial_feature,0.5,per_class,all,micro,energy_smoothed,0.00414749383671708,0.003705842103292319,0.0046302167794287485,1449,1449,1449,1449,,5000,5000,1.0,3021694564,20260901
B3_spatial_feature,0.5,per_class,all,micro,energy_retention,0.5400163590743511,0.53685300733002,0.5433117887762352,1449,1449,1449,1449,,5000,5000,1.0,3021694564,20260901
B3_spatial_feature,0.5,per_class,all,micro,linear_solve_relative_residual,6.122017183239358e-06,6.027922529479553e-06,6.213086384447661e-06,1449,1449,1449,1449,,5000,5000,1.0,3021694564,20260901
B3_spatial_feature,0.5,per_class,all,micro,cg_iterations,6.0,6.0,6.0,1449,1449,1449,1449,,5000,5000,1.0,3021694564,20260901
B3_spatial_feature,0.5,per_class,all,micro,solve_runtime_ms_per_map,0.003627842503327946,0.003610524274370789,0.003647722672536781,1449,1449,1449,1449,,5000,5000,1.0,3021694564,20260901
B3_spatial_feature,0.5,per_class,all,micro,energy_raw,0.008128713067618422,0.007463190351574141,0.008857740438145568,1449,1449,1449,1449,,5000,5000,1.0,3021694564,20260901
B3_spatial_feature,0.5,per_class,all,micro,energy_smoothed,0.004994045609362125,0.00449467851136857,0.005540425080874789,1449,1449,1449,1449,,5000,5000,1.0,3021694564,20260901
B3_spatial_feature,0.5,per_class,all,micro,energy_retention,0.5476408915490097,0.544679119627154,0.5505485473212248,1449,1449,1449,1449,,5000,5000,1.0,3021694564,20260901
B3_spatial_feature,0.5,per_class,all,micro,linear_solve_relative_residual,5.646758650179729e-06,5.530306959309659e-06,5.764168618720678e-06,1449,1449,1449,1449,,5000,5000,1.0,3021694564,20260901
B3_spatial_feature,0.5,per_class,all,micro,cg_iterations,6.0,6.0,6.0,1449,1449,1449,1449,,5000,5000,1.0,3021694564,20260901
B3_spatial_feature,0.5,per_class,all,micro,solve_runtime_ms_per_map,0.003627842503327946,0.003610524274370789,0.003647722672536781,1449,1449,1449,1449,,5000,5000,1.0,3021694564,20260901
B3_spatial_feature,0.5,per_class,all,micro,energy_raw,0.008283017577122694,0.007776296444769417,0.008831988973639458,1449,1449,1449,1449,,5000,5000,1.0,3021694564,20260901
B3_spatial_feature,0.5,per_class,all,micro,energy_smoothed,0.005113869940902552,0.004713697051865228,0.0055473593080966185,1449,1449,1449,1449,,5000,5000,1.0,3021694564,20260901
B3_spatial_feature,0.5,per_class,all,micro,energy_retention,0.5522658237512561,0.5483499031825013,0.5565276817232885,1449,1449,1449,1449,,5000,5000,1.0,3021694564,20260901
B3_spatial_feature,0.5,per_class,all,micro,linear_solve_relative_residual,5.474703471872026e-06,5.3318391376219216e-06,5.613266296718971e-06,1449,1449,1449,1449,,5000,5000,1.0,3021694564,20260901
B3_spatial_feature,0.5,per_class,all,micro,cg_iterations,6.0,6.0,6.0,1449,1449,1449,1449,,5000,5000,1.0,3021694564,20260901
B3_spatial_feature,0.5,per_class,all,micro,solve_runtime_ms_per_map,0.003627842503327946,0.003610524274370789,0.003647722672536781,1449,1449,1449,1449,,5000,5000,1.0,3021694564,20260901
B3_spatial_feature,0.5,per_class,all,micro,energy_raw,0.006759637093918335,0.006281849364638411,0.00728001882940122,1449,1449,1449,1449,,5000,5000,1.0,3021694564,20260901
B3_spatial_feature,0.5,per_class,all,micro,energy_smoothed,0.004041076654274584,0.0036911703709231274,0.004419486031216313,1449,1449,1449,1449,,5000,5000,1.0,3021694564,20260901
B3_spatial_feature,0.5,per_class,all,micro,energy_retention,0.5429373246953766,0.539962614560082,0.5460647369712448,1449,1449,1449,1449,,5000,5000,1.0,3021694564,20260901
B3_spatial_feature,0.5,per_class,all,micro,linear_solve_relative_residual,6.088075210667176e-06,5.9803351653117925e-06,6.197658228864944e-06,1449,1449,1449,1449,,5000,5000,1.0,3021694564,20260901
B3_spatial_feature,0.5,per_class,all,micro,cg_iterations,6.0,6.0,6.0,1449,1449,1449,1449,,5000,5000,1.0,3021694564,20260901
B3_spatial_feature,0.5,per_class,all,micro,solve_runtime_ms_per_map,0.003627842503327946,0.003610524274370789,0.003647722672536781,1449,1449,1449,1449,,5000,5000,1.0,3021694564,20260901
B3_spatial_feature,0.5,per_class,all,micro,energy_raw,0.007051680254890713,0.006605366495020304,0.0075118325845279915,1449,1449,1449,1449,,5000,5000,1.0,3021694564,20260901
B3_spatial_feature,0.5,per_class,all,micro,energy_smoothed,0.004293964808505335,0.0039467409292869545,0.00465052612665369,1449,1449,1449,1449,,5000,5000,1.0,3021694564,20260901
B3_spatial_feature,0.5,per_class,all,micro,energy_retention,0.5475177965014453,0.5442900255780084,0.5508168586781101,1449,1449,1449,1449,,5000,5000,1.0,3021694564,20260901
B3_spatial_feature,0.5,per_class,all,micro,linear_solve_relative_residual,5.798262779972921e-06,5.685101893171143e-06,5.9162170933461886e-06,1449,1449,1449,1449,,5000,5000,1.0,3021694564,20260901
B3_spatial_feature,0.5,per_class,all,micro,cg_iterations,6.0,6.0,6.0,1449,1449,1449,1449,,5000,5000,1.0,3021694564,20260901
B3_spatial_feature,0.5,per_class,all,micro,solve_runtime_ms_per_map,0.003627842503327946,0.003610524274370789,0.003647722672536781,1449,1449,1449,1449,,5000,5000,1.0,3021694564,20260901
B3_spatial_feature,0.5,per_class,all,micro,energy_raw,0.02202026813732572,0.020538183264420678,0.023533143153987125,1449,1449,1449,1449,,5000,5000,1.0,3021694564,20260901
B3_spatial_feature,0.5,per_class,all,micro,energy_smoothed,0.0149736591320571,0.013904093740629838,0.016051569381380325,1449,1449,1449,1449,,5000,5000,1.0,3021694564,20260901
B3_spatial_feature,0.5,per_class,all,micro,energy_retention,0.6129553252618999,0.6079895245861275,0.6179928163450862,1449,1449,1449,1449,,5000,5000,1.0,3021694564,20260901
B3_spatial_feature,0.5,per_class,all,micro,linear_solve_relative_residual,3.8832730460182176e-06,3.756577247836588e-06,4.010320346758829e-06,1449,1449,1449,1449,,5000,5000,1.0,3021694564,20260901
B3_spatial_feature,0.5,per_class,all,micro,cg_iterations,6.0,6.0,6.0,1449,1449,1449,1449,,5000,5000,1.0,3021694564,20260901
B3_spatial_feature,0.5,per_class,all,micro,solve_runtime_ms_per_map,0.003627842503327946,0.003610524274370789,0.003647722672536781,1449,1449,1449,1449,,5000,5000,1.0,3021694564,20260901
B3_spatial_feature,0.5,per_class,all,micro,energy_raw,0.011407561864532926,0.010640657072233807,0.012260319650178972,1449,1449,1449,1449,,5000,5000,1.0,3021694564,20260901
B3_spatial_feature,0.5,per_class,all,micro,energy_smoothed,0.0068955234460965865,0.006337008624457484,0.007513370264665911,1449,1449,1449,1449,,5000,5000,1.0,3021694564,20260901
B3_spatial_feature,0.5,per_class,all,micro,energy_retention,0.5430440973873546,0.5398098455355075,0.5463371316329663,1449,1449,1449,1449,,5000,5000,1.0,3021694564,20260901
B3_spatial_feature,0.5,per_class,all,micro,linear_solve_relative_residual,4.842427513884153e-06,4.693559444478892e-06,4.98661549086165e-06,1449,1449,1449,1449,,5000,5000,1.0,3021694564,20260901
B3_spatial_feature,0.5,per_class,all,micro,cg_iterations,6.0,6.0,6.0,1449,1449,1449,1449,,5000,5000,1.0,3021694564,20260901
B3_spatial_feature,0.5,per_class,all,micro,solve_runtime_ms_per_map,0.003627842503327946,0.003610524274370789,0.003647722672536781,1449,1449,1449,1449,,5000,5000,1.0,3021694564,20260901
B3_spatial_feature,0.5,per_class,all,micro,energy_raw,0.005495244372244654,0.0051814669165100675,0.005850302766772499,1449,1449,1449,1449,,5000,5000,1.0,3021694564,20260901
B3_spatial_feature,0.5,per_class,all,micro,energy_smoothed,0.0031932780953054106,0.0029582564333742044,0.0034562342728575233,1449,1449,1449,1449,,5000,5000,1.0,3021694564,20260901
B3_spatial_feature,0.5,per_class,all,micro,energy_retention,0.5459986198269309,0.5431583516829338,0.5486382609131708,1449,1449,1449,1449,,5000,5000,1.0,3021694564,20260901
B3_spatial_feature,0.5,per_class,all,micro,linear_solve_relative_residual,6.112323818051463e-06,6.008036828318362e-06,6.214960599637393e-06,1449,1449,1449,1449,,5000,5000,1.0,3021694564,20260901
B3_spatial_feature,0.5,per_class,all,micro,cg_iterations,6.0,6.0,6.0,1449,1449,1449,1449,,5000,5000,1.0,3021694564,20260901
B3_spatial_feature,0.5,per_class,all,micro,solve_runtime_ms_per_map,0.003627842503327946,0.003610524274370789,0.003647722672536781,1449,1449,1449,1449,,5000,5000,1.0,3021694564,20260901
B3_spatial_feature,0.5,per_class,all,micro,energy_raw,0.010996003196962959,0.010004006468891706,0.012114521464571313,1449,1449,1449,1449,,5000,5000,1.0,3021694564,20260901
B3_spatial_feature,0.5,per_class,all,micro,energy_smoothed,0.00735195173396362,0.00658450068982194,0.008213807328682817,1449,1449,1449,1449,,5000,5000,1.0,3021694564,20260901
B3_spatial_feature,0.5,per_class,all,micro,energy_retention,0.5621659188660529,0.5582533322212982,0.5663051805737267,1449,1449,1449,1449,,5000,5000,1.0,3021694564,20260901
B3_spatial_feature,0.5,per_class,all,micro,linear_solve_relative_residual,5.549788208722262e-06,5.4267963374366125e-06,5.6678558117531015e-06,1449,1449,1449,1449,,5000,5000,1.0,3021694564,20260901
B3_spatial_feature,0.5,per_class,all,micro,cg_iterations,6.0,6.0,6.0,1449,1449,1449,1449,,5000,5000,1.0,3021694564,20260901
B3_spatial_feature,0.5,per_class,all,micro,solve_runtime_ms_per_map,0.003627842503327946,0.003610524274370789,0.003647722672536781,1449,1449,1449,1449,,5000,5000,1.0,3021694564,20260901
B3_spatial_feature,0.5,per_class,all,micro,energy_raw,0.005420181187229029,0.0050339348311989945,0.0058434830682071465,1449,1449,1449,1449,,5000,5000,1.0,3021694564,20260901
B3_spatial_feature,0.5,per_class,all,micro,energy_smoothed,0.003248102661769187,0.002956863814603794,0.0035666713553809074,1449,1449,1449,1449,,5000,5000,1.0,3021694564,20260901
B3_spatial_feature,0.5,per_class,all,micro,energy_retention,0.5537618614625239,0.5512804300467091,0.5561424339178557,1449,1449,1449,1449,,5000,5000,1.0,3021694564,20260901
B3_spatial_feature,0.5,per_class,all,micro,linear_solve_relative_residual,6.019577332747635e-06,5.91600657334822e-06,6.11788184026392e-06,1449,1449,1449,1449,,5000,5000,1.0,3021694564,20260901
B3_spatial_feature,0.5,per_class,all,micro,cg_iterations,6.0,6.0,6.0,1449,1449,1449,1449,,5000,5000,1.0,3021694564,20260901
B3_spatial_feature,0.5,per_class,all,micro,solve_runtime_ms_per_map,0.003627842503327946,0.003610524274370789,0.003647722672536781,1449,1449,1449,1449,,5000,5000,1.0,3021694564,20260901
B3_spatial_feature,0.5,per_class,all,micro,energy_raw,0.008142836995775058,0.007577587089964411,0.008753248667334006,1449,1449,1449,1449,,5000,5000,1.0,3021694564,20260901
B3_spatial_feature,0.5,per_class,all,micro,energy_smoothed,0.004941558691604208,0.004523390878092422,0.005388640587126436,1449,1449,1449,1449,,5000,5000,1.0,3021694564,20260901
B3_spatial_feature,0.5,per_class,all,micro,energy_retention,0.5509597596997142,0.5479075920255823,0.5540194490311309,1449,1449,1449,1449,,5000,5000,1.0,3021694564,20260901
B3_spatial_feature,0.5,per_class,all,micro,linear_solve_relative_residual,5.269716929583357e-06,5.138155765550922e-06,5.4088019925392655e-06,1449,1449,1449,1449,,5000,5000,1.0,3021694564,20260901
B3_spatial_feature,0.5,per_class,all,micro,cg_iterations,6.0,6.0,6.0,1449,1449,1449,1449,,5000,5000,1.0,3021694564,20260901
B3_spatial_feature,0.5,per_class,all,micro,solve_runtime_ms_per_map,0.003627842503327946,0.003610524274370789,0.003647722672536781,1449,1449,1449,1449,,5000,5000,1.0,3021694564,20260901
B3_spatial_feature,1.0,all_class_maps,all,micro,energy_raw,0.008761968170279017,0.008541722966292808,0.008999939468717221,1449,1449,28980,28980,,5000,5000,1.0,3021694564,20260901
B3_spatial_feature,1.0,all_class_maps,all,micro,energy_smoothed,0.004135463822845452,0.004007095684870582,0.004271022005935894,1449,1449,28980,28980,,5000,5000,1.0,3021694564,20260901
B3_spatial_feature,1.0,all_class_maps,all,micro,energy_retention,0.38307708485875974,0.38129620969575734,0.3848352119717117,1449,1449,28980,28980,,5000,5000,1.0,3021694564,20260901
B3_spatial_feature,1.0,all_class_maps,all,micro,linear_solve_relative_residual,4.666787166753395e-06,4.637745802966817e-06,4.696761489891217e-06,1449,1449,28980,28980,,5000,5000,1.0,3021694564,20260901
B3_spatial_feature,1.0,all_class_maps,all,micro,cg_iterations,8.0,8.0,8.0,1449,1449,28980,28980,,5000,5000,1.0,3021694564,20260901
B3_spatial_feature,1.0,all_class_maps,all,micro,solve_runtime_ms_per_map,0.004542933496099615,0.004523820287797174,0.004565399711416966,1449,1449,28980,28980,,5000,5000,1.0,3021694564,20260901
B3_spatial_feature,1.0,all_class_maps,all,macro_class,energy_raw,0.008761968170279019,0.008541722966292806,0.008999939468717223,1449,1449,28980,28980,20,5000,5000,1.0,3021694564,20260901
B3_spatial_feature,1.0,all_class_maps,all,macro_class,energy_smoothed,0.004135463822845452,0.004007095684870581,0.004271022005935894,1449,1449,28980,28980,20,5000,5000,1.0,3021694564,20260901
B3_spatial_feature,1.0,all_class_maps,all,macro_class,energy_retention,0.38307708485875985,0.38129620969575734,0.3848352119717118,1449,1449,28980,28980,20,5000,5000,1.0,3021694564,20260901
B3_spatial_feature,1.0,all_class_maps,all,macro_class,linear_solve_relative_residual,4.666787166753396e-06,4.637745802966817e-06,4.696761489891217e-06,1449,1449,28980,28980,20,5000,5000,1.0,3021694564,20260901
B3_spatial_feature,1.0,all_class_maps,all,macro_class,cg_iterations,8.0,8.0,8.0,1449,1449,28980,28980,20,5000,5000,1.0,3021694564,20260901
B3_spatial_feature,1.0,all_class_maps,all,macro_class,solve_runtime_ms_per_map,0.004542933496099617,0.0045238202877971746,0.004565399711416965,1449,1449,28980,28980,20,5000,5000,1.0,3021694564,20260901
B3_spatial_feature,1.0,all_class_maps,single_label,micro,energy_raw,0.00699637461628362,0.006780651942556804,0.007211999195736686,927,927,18540,18540,,5000,5000,1.0,3021694564,20260901
B3_spatial_feature,1.0,all_class_maps,single_label,micro,energy_smoothed,0.003054136275793521,0.0029354510245237653,0.0031746630862254234,927,927,18540,18540,,5000,5000,1.0,3021694564,20260901
B3_spatial_feature,1.0,all_class_maps,single_label,micro,energy_retention,0.3715062900139933,0.3694723833199619,0.3736060918237463,927,927,18540,18540,,5000,5000,1.0,3021694564,20260901
B3_spatial_feature,1.0,all_class_maps,single_label,micro,linear_solve_relative_residual,4.535318255792459e-06,4.496752726141167e-06,4.573182615703948e-06,927,927,18540,18540,,5000,5000,1.0,3021694564,20260901
B3_spatial_feature,1.0,all_class_maps,single_label,micro,cg_iterations,8.0,8.0,8.0,927,927,18540,18540,,5000,5000,1.0,3021694564,20260901
B3_spatial_feature,1.0,all_class_maps,single_label,micro,solve_runtime_ms_per_map,0.0045441142666041495,0.004520486357821021,0.004573548979676439,927,927,18540,18540,,5000,5000,1.0,3021694564,20260901
B3_spatial_feature,1.0,all_class_maps,single_label,macro_class,energy_raw,0.006996374616283618,0.006780651942556804,0.007211999195736687,927,927,18540,18540,20,5000,5000,1.0,3021694564,20260901
B3_spatial_feature,1.0,all_class_maps,single_label,macro_class,energy_smoothed,0.003054136275793521,0.002935451024523765,0.0031746630862254234,927,927,18540,18540,20,5000,5000,1.0,3021694564,20260901
B3_spatial_feature,1.0,all_class_maps,single_label,macro_class,energy_retention,0.37150629001399327,0.3694723833199618,0.37360609182374627,927,927,18540,18540,20,5000,5000,1.0,3021694564,20260901
B3_spatial_feature,1.0,all_class_maps,single_label,macro_class,linear_solve_relative_residual,4.535318255792458e-06,4.496752726141168e-06,4.573182615703948e-06,927,927,18540,18540,20,5000,5000,1.0,3021694564,20260901
B3_spatial_feature,1.0,all_class_maps,single_label,macro_class,cg_iterations,8.0,8.0,8.0,927,927,18540,18540,20,5000,5000,1.0,3021694564,20260901
B3_spatial_feature,1.0,all_class_maps,single_label,macro_class,solve_runtime_ms_per_map,0.004544114266604149,0.004520486357821022,0.00457354897967644,927,927,18540,18540,20,5000,5000,1.0,3021694564,20260901
B3_spatial_feature,1.0,all_class_maps,exactly_2_labels,micro,energy_raw,0.010898557301983237,0.010527640851814455,0.011293764832814534,375,375,7500,7500,,5000,5000,1.0,3021694564,20260901
B3_spatial_feature,1.0,all_class_maps,exactly_2_labels,micro,energy_smoothed,0.005413817287872856,0.00519103356206809,0.005647908762870938,375,375,7500,7500,,5000,5000,1.0,3021694564,20260901
B3_spatial_feature,1.0,all_class_maps,exactly_2_labels,micro,energy_retention,0.3989062574625015,0.3959475494672855,0.4018209180646141,375,375,7500,7500,,5000,5000,1.0,3021694564,20260901
B3_spatial_feature,1.0,all_class_maps,exactly_2_labels,micro,linear_solve_relative_residual,4.8890102733518384e-06,4.844209942347864e-06,4.935078930403733e-06,375,375,7500,7500,,5000,5000,1.0,3021694564,20260901
B3_spatial_feature,1.0,all_class_maps,exactly_2_labels,micro,cg_iterations,8.0,8.0,8.0,375,375,7500,7500,,5000,5000,1.0,3021694564,20260901
B3_spatial_feature,1.0,all_class_maps,exactly_2_labels,micro,solve_runtime_ms_per_map,0.004539211056113277,0.004509671128180344,0.004582988480628787,375,375,7500,7500,,5000,5000,1.0,3021694564,20260901
B3_spatial_feature,1.0,all_class_maps,exactly_2_labels,macro_class,energy_raw,0.010898557301983237,0.010527640851814452,0.011293764832814536,375,375,7500,7500,20,5000,5000,1.0,3021694564,20260901
B3_spatial_feature,1.0,all_class_maps,exactly_2_labels,macro_class,energy_smoothed,0.005413817287872856,0.00519103356206809,0.005647908762870938,375,375,7500,7500,20,5000,5000,1.0,3021694564,20260901
B3_spatial_feature,1.0,all_class_maps,exactly_2_labels,macro_class,energy_retention,0.3989062574625016,0.3959475494672855,0.4018209180646141,375,375,7500,7500,20,5000,5000,1.0,3021694564,20260901
B3_spatial_feature,1.0,all_class_maps,exactly_2_labels,macro_class,linear_solve_relative_residual,4.889010273351839e-06,4.844209942347864e-06,4.935078930403733e-06,375,375,7500,7500,20,5000,5000,1.0,3021694564,20260901
B3_spatial_feature,1.0,all_class_maps,exactly_2_labels,macro_class,cg_iterations,8.0,8.0,8.0,375,375,7500,7500,20,5000,5000,1.0,3021694564,20260901
B3_spatial_feature,1.0,all_class_maps,exactly_2_labels,macro_class,solve_runtime_ms_per_map,0.0045392110561132785,0.004509671128180343,0.004582988480628786,375,375,7500,7500,20,5000,5000,1.0,3021694564,20260901
B3_spatial_feature,1.0,all_class_maps,3plus_labels,micro,energy_raw,0.014445534838065759,0.01377103283415512,0.015114006454104852,147,147,2940,2940,,5000,5000,1.0,3021694564,20260901
B3_spatial_feature,1.0,all_class_maps,3plus_labels,micro,energy_smoothed,0.007693341963878535,0.007272921056912532,0.00811995394784996,147,147,2940,2940,,5000,5000,1.0,3021694564,20260901
B3_spatial_feature,1.0,all_class_maps,3plus_labels,micro,energy_retention,0.4156633916253946,0.41181093098608407,0.4194492273775189,147,147,2940,2940,,5000,5000,1.0,3021694564,20260901
B3_spatial_feature,1.0,all_class_maps,3plus_labels,micro,linear_solve_relative_residual,4.9289505374089875e-06,4.867974142235246e-06,4.989404477699623e-06,147,147,2940,2940,,5000,5000,1.0,3021694564,20260901
B3_spatial_feature,1.0,all_class_maps,3plus_labels,micro,cg_iterations,8.0,8.0,8.0,147,147,2940,2940,,5000,5000,1.0,3021694564,20260901
B3_spatial_feature,1.0,all_class_maps,3plus_labels,micro,solve_runtime_ms_per_map,0.004544983433087188,0.004505933516373348,0.004620127554315129,147,147,2940,2940,,5000,5000,1.0,3021694564,20260901
B3_spatial_feature,1.0,all_class_maps,3plus_labels,macro_class,energy_raw,0.014445534838065757,0.013771032834155124,0.015114006454104852,147,147,2940,2940,20,5000,5000,1.0,3021694564,20260901
B3_spatial_feature,1.0,all_class_maps,3plus_labels,macro_class,energy_smoothed,0.007693341963878534,0.0072729210569125345,0.00811995394784996,147,147,2940,2940,20,5000,5000,1.0,3021694564,20260901
B3_spatial_feature,1.0,all_class_maps,3plus_labels,macro_class,energy_retention,0.4156633916253947,0.411810930986084,0.41944922737751894,147,147,2940,2940,20,5000,5000,1.0,3021694564,20260901
B3_spatial_feature,1.0,all_class_maps,3plus_labels,macro_class,linear_solve_relative_residual,4.928950537408988e-06,4.867974142235245e-06,4.989404477699622e-06,147,147,2940,2940,20,5000,5000,1.0,3021694564,20260901
B3_spatial_feature,1.0,all_class_maps,3plus_labels,macro_class,cg_iterations,8.0,8.0,8.0,147,147,2940,2940,20,5000,5000,1.0,3021694564,20260901
B3_spatial_feature,1.0,all_class_maps,3plus_labels,macro_class,solve_runtime_ms_per_map,0.004544983433087189,0.004505933516373348,0.004620127554315128,147,147,2940,2940,20,5000,5000,1.0,3021694564,20260901
B3_spatial_feature,1.0,per_class,all,micro,energy_raw,0.005584940945860088,0.005235611773196854,0.0059771386402620716,1449,1449,1449,1449,,5000,5000,1.0,3021694564,20260901
B3_spatial_feature,1.0,per_class,all,micro,energy_smoothed,0.0023578972612498645,0.002126866403183488,0.002615763400000018,1449,1449,1449,1449,,5000,5000,1.0,3021694564,20260901
B3_spatial_feature,1.0,per_class,all,micro,energy_retention,0.3709955156219672,0.3678184376519207,0.3742670672599244,1449,1449,1449,1449,,5000,5000,1.0,3021694564,20260901
B3_spatial_feature,1.0,per_class,all,micro,linear_solve_relative_residual,4.621011260112609e-06,4.565501830721076e-06,4.677007118144198e-06,1449,1449,1449,1449,,5000,5000,1.0,3021694564,20260901
B3_spatial_feature,1.0,per_class,all,micro,cg_iterations,8.0,8.0,8.0,1449,1449,1449,1449,,5000,5000,1.0,3021694564,20260901
B3_spatial_feature,1.0,per_class,all,micro,solve_runtime_ms_per_map,0.004542933496099617,0.004523820287797174,0.004565399711416965,1449,1449,1449,1449,,5000,5000,1.0,3021694564,20260901
B3_spatial_feature,1.0,per_class,all,micro,energy_raw,0.00711112421101089,0.006543097257202143,0.007737061707929594,1449,1449,1449,1449,,5000,5000,1.0,3021694564,20260901
B3_spatial_feature,1.0,per_class,all,micro,energy_smoothed,0.003209112375798546,0.00285564374061831,0.0035969432577571303,1449,1449,1449,1449,,5000,5000,1.0,3021694564,20260901
B3_spatial_feature,1.0,per_class,all,micro,energy_retention,0.3709127814132975,0.36743308477170555,0.3744962637026693,1449,1449,1449,1449,,5000,5000,1.0,3021694564,20260901
B3_spatial_feature,1.0,per_class,all,micro,linear_solve_relative_residual,4.4884869970791786e-06,4.4306422947135235e-06,4.5467594183698775e-06,1449,1449,1449,1449,,5000,5000,1.0,3021694564,20260901
B3_spatial_feature,1.0,per_class,all,micro,cg_iterations,8.0,8.0,8.0,1449,1449,1449,1449,,5000,5000,1.0,3021694564,20260901
B3_spatial_feature,1.0,per_class,all,micro,solve_runtime_ms_per_map,0.004542933496099617,0.004523820287797174,0.004565399711416965,1449,1449,1449,1449,,5000,5000,1.0,3021694564,20260901
B3_spatial_feature,1.0,per_class,all,micro,energy_raw,0.005411394378151089,0.0051918731471358144,0.005670479117280317,1449,1449,1449,1449,,5000,5000,1.0,3021694564,20260901
B3_spatial_feature,1.0,per_class,all,micro,energy_smoothed,0.002079450403746048,0.0019506243266919827,0.0022322149080246587,1449,1449,1449,1449,,5000,5000,1.0,3021694564,20260901
B3_spatial_feature,1.0,per_class,all,micro,energy_retention,0.35856912430604626,0.35596894090744524,0.36127876703125433,1449,1449,1449,1449,,5000,5000,1.0,3021694564,20260901
B3_spatial_feature,1.0,per_class,all,micro,linear_solve_relative_residual,4.634930322377016e-06,4.581274526571773e-06,4.6867101115735534e-06,1449,1449,1449,1449,,5000,5000,1.0,3021694564,20260901
B3_spatial_feature,1.0,per_class,all,micro,cg_iterations,8.0,8.0,8.0,1449,1449,1449,1449,,5000,5000,1.0,3021694564,20260901
B3_spatial_feature,1.0,per_class,all,micro,solve_runtime_ms_per_map,0.004542933496099617,0.004523820287797174,0.004565399711416965,1449,1449,1449,1449,,5000,5000,1.0,3021694564,20260901
B3_spatial_feature,1.0,per_class,all,micro,energy_raw,0.00650339352504946,0.00599689694471208,0.007076558137556449,1449,1449,1449,1449,,5000,5000,1.0,3021694564,20260901
B3_spatial_feature,1.0,per_class,all,micro,energy_smoothed,0.0029132707587030656,0.002586418108165738,0.003285689047790459,1449,1449,1449,1449,,5000,5000,1.0,3021694564,20260901
B3_spatial_feature,1.0,per_class,all,micro,energy_retention,0.38015956106146426,0.37693768390772503,0.3834935327936568,1449,1449,1449,1449,,5000,5000,1.0,3021694564,20260901
B3_spatial_feature,1.0,per_class,all,micro,linear_solve_relative_residual,4.610135234760297e-06,4.55095468249205e-06,4.670085956368762e-06,1449,1449,1449,1449,,5000,5000,1.0,3021694564,20260901
B3_spatial_feature,1.0,per_class,all,micro,cg_iterations,8.0,8.0,8.0,1449,1449,1449,1449,,5000,5000,1.0,3021694564,20260901
B3_spatial_feature,1.0,per_class,all,micro,solve_runtime_ms_per_map,0.004542933496099617,0.004523820287797174,0.004565399711416965,1449,1449,1449,1449,,5000,5000,1.0,3021694564,20260901
B3_spatial_feature,1.0,per_class,all,micro,energy_raw,0.010192204752372638,0.00940900484687765,0.011011853013900279,1449,1449,1449,1449,,5000,5000,1.0,3021694564,20260901
B3_spatial_feature,1.0,per_class,all,micro,energy_smoothed,0.004869650003967551,0.004363255555455833,0.0053944241188004505,1449,1449,1449,1449,,5000,5000,1.0,3021694564,20260901
B3_spatial_feature,1.0,per_class,all,micro,energy_retention,0.38311762026953977,0.378726136487998,0.3875260059800824,1449,1449,1449,1449,,5000,5000,1.0,3021694564,20260901
B3_spatial_feature,1.0,per_class,all,micro,linear_solve_relative_residual,4.748110095304675e-06,4.66566903891975e-06,4.830387710790047e-06,1449,1449,1449,1449,,5000,5000,1.0,3021694564,20260901
B3_spatial_feature,1.0,per_class,all,micro,cg_iterations,8.0,8.0,8.0,1449,1449,1449,1449,,5000,5000,1.0,3021694564,20260901
B3_spatial_feature,1.0,per_class,all,micro,solve_runtime_ms_per_map,0.004542933496099617,0.004523820287797174,0.004565399711416965,1449,1449,1449,1449,,5000,5000,1.0,3021694564,20260901
B3_spatial_feature,1.0,per_class,all,micro,energy_raw,0.0068524456125015,0.006432922064275928,0.0073006491970240015,1449,1449,1449,1449,,5000,5000,1.0,3021694564,20260901
B3_spatial_feature,1.0,per_class,all,micro,energy_smoothed,0.00303420924059044,0.002764559724789588,0.003322306117669766,1449,1449,1449,1449,,5000,5000,1.0,3021694564,20260901
B3_spatial_feature,1.0,per_class,all,micro,energy_retention,0.37958593365239474,0.3759365791906111,0.38330407853555154,1449,1449,1449,1449,,5000,5000,1.0,3021694564,20260901
B3_spatial_feature,1.0,per_class,all,micro,linear_solve_relative_residual,4.729986587242693e-06,4.6702760042113895e-06,4.788928486739934e-06,1449,1449,1449,1449,,5000,5000,1.0,3021694564,20260901
B3_spatial_feature,1.0,per_class,all,micro,cg_iterations,8.0,8.0,8.0,1449,1449,1449,1449,,5000,5000,1.0,3021694564,20260901
B3_spatial_feature,1.0,per_class,all,micro,solve_runtime_ms_per_map,0.004542933496099617,0.004523820287797174,0.004565399711416965,1449,1449,1449,1449,,5000,5000,1.0,3021694564,20260901
B3_spatial_feature,1.0,per_class,all,micro,energy_raw,0.011481013256359751,0.010615790698234939,0.012382722470676046,1449,1449,1449,1449,,5000,5000,1.0,3021694564,20260901
B3_spatial_feature,1.0,per_class,all,micro,energy_smoothed,0.0054069174946674,0.004911340501555233,0.005927696115303126,1449,1449,1449,1449,,5000,5000,1.0,3021694564,20260901
B3_spatial_feature,1.0,per_class,all,micro,energy_retention,0.39616107841949777,0.3920519840859232,0.40026917930941813,1449,1449,1449,1449,,5000,5000,1.0,3021694564,20260901
B3_spatial_feature,1.0,per_class,all,micro,linear_solve_relative_residual,4.8742251036685936e-06,4.798772860232134e-06,4.9534190615699205e-06,1449,1449,1449,1449,,5000,5000,1.0,3021694564,20260901
B3_spatial_feature,1.0,per_class,all,micro,cg_iterations,8.0,8.0,8.0,1449,1449,1449,1449,,5000,5000,1.0,3021694564,20260901
B3_spatial_feature,1.0,per_class,all,micro,solve_runtime_ms_per_map,0.004542933496099617,0.004523820287797174,0.004565399711416965,1449,1449,1449,1449,,5000,5000,1.0,3021694564,20260901
B3_spatial_feature,1.0,per_class,all,micro,energy_raw,0.0065699590021696804,0.006147801392679402,0.007050189713626429,1449,1449,1449,1449,,5000,5000,1.0,3021694564,20260901
B3_spatial_feature,1.0,per_class,all,micro,energy_smoothed,0.003010414298215664,0.002726121765788849,0.003328435255382165,1449,1449,1449,1449,,5000,5000,1.0,3021694564,20260901
B3_spatial_feature,1.0,per_class,all,micro,energy_retention,0.3804023471719401,0.3761590756301102,0.3848370335240295,1449,1449,1449,1449,,5000,5000,1.0,3021694564,20260901
B3_spatial_feature,1.0,per_class,all,micro,linear_solve_relative_residual,4.526814484373378e-06,4.466609337071056e-06,4.587213693008916e-06,1449,1449,1449,1449,,5000,5000,1.0,3021694564,20260901
B3_spatial_feature,1.0,per_class,all,micro,cg_iterations,8.0,8.0,8.0,1449,1449,1449,1449,,5000,5000,1.0,3021694564,20260901
B3_spatial_feature,1.0,per_class,all,micro,solve_runtime_ms_per_map,0.004542933496099617,0.004523820287797174,0.004565399711416965,1449,1449,1449,1449,,5000,5000,1.0,3021694564,20260901
B3_spatial_feature,1.0,per_class,all,micro,energy_raw,0.015118487143928919,0.013971878564595185,0.01640039174442306,1449,1449,1449,1449,,5000,5000,1.0,3021694564,20260901
B3_spatial_feature,1.0,per_class,all,micro,energy_smoothed,0.007709410895765075,0.006977999021612597,0.008499204183781963,1449,1449,1449,1449,,5000,5000,1.0,3021694564,20260901
B3_spatial_feature,1.0,per_class,all,micro,energy_retention,0.39335269161633085,0.388332529230785,0.39849273779161476,1449,1449,1449,1449,,5000,5000,1.0,3021694564,20260901
B3_spatial_feature,1.0,per_class,all,micro,linear_solve_relative_residual,4.845845136843881e-06,4.766416467939003e-06,4.925848029037475e-06,1449,1449,1449,1449,,5000,5000,1.0,3021694564,20260901
B3_spatial_feature,1.0,per_class,all,micro,cg_iterations,8.0,8.0,8.0,1449,1449,1449,1449,,5000,5000,1.0,3021694564,20260901
B3_spatial_feature,1.0,per_class,all,micro,solve_runtime_ms_per_map,0.004542933496099617,0.004523820287797174,0.004565399711416965,1449,1449,1449,1449,,5000,5000,1.0,3021694564,20260901
B3_spatial_feature,1.0,per_class,all,micro,energy_raw,0.0067092568305558205,0.00614135054300571,0.007337864645536002,1449,1449,1449,1449,,5000,5000,1.0,3021694564,20260901
B3_spatial_feature,1.0,per_class,all,micro,energy_smoothed,0.003137446454560013,0.002761016349961814,0.0035513680185945504,1449,1449,1449,1449,,5000,5000,1.0,3021694564,20260901
B3_spatial_feature,1.0,per_class,all,micro,energy_retention,0.3689957965728412,0.3650730068387247,0.37310539736130305,1449,1449,1449,1449,,5000,5000,1.0,3021694564,20260901
B3_spatial_feature,1.0,per_class,all,micro,linear_solve_relative_residual,4.309103190727968e-06,4.261042476404141e-06,4.358342837810036e-06,1449,1449,1449,1449,,5000,5000,1.0,3021694564,20260901
B3_spatial_feature,1.0,per_class,all,micro,cg_iterations,8.0,8.0,8.0,1449,1449,1449,1449,,5000,5000,1.0,3021694564,20260901
B3_spatial_feature,1.0,per_class,all,micro,solve_runtime_ms_per_map,0.004542933496099617,0.004523820287797174,0.004565399711416965,1449,1449,1449,1449,,5000,5000,1.0,3021694564,20260901
B3_spatial_feature,1.0,per_class,all,micro,energy_raw,0.008128713067618422,0.007463190351574141,0.008857740438145568,1449,1449,1449,1449,,5000,5000,1.0,3021694564,20260901
B3_spatial_feature,1.0,per_class,all,micro,energy_smoothed,0.003734595128325418,0.003320602664016663,0.004188105833278907,1449,1449,1449,1449,,5000,5000,1.0,3021694564,20260901
B3_spatial_feature,1.0,per_class,all,micro,energy_retention,0.3773135542869568,0.37369577592409753,0.38086280831186586,1449,1449,1449,1449,,5000,5000,1.0,3021694564,20260901
B3_spatial_feature,1.0,per_class,all,micro,linear_solve_relative_residual,4.66488461370318e-06,4.597695951604248e-06,4.728103660381227e-06,1449,1449,1449,1449,,5000,5000,1.0,3021694564,20260901
B3_spatial_feature,1.0,per_class,all,micro,cg_iterations,8.0,8.0,8.0,1449,1449,1449,1449,,5000,5000,1.0,3021694564,20260901
B3_spatial_feature,1.0,per_class,all,micro,solve_runtime_ms_per_map,0.004542933496099617,0.004523820287797174,0.004565399711416965,1449,1449,1449,1449,,5000,5000,1.0,3021694564,20260901
B3_spatial_feature,1.0,per_class,all,micro,energy_raw,0.008283017577122694,0.007776296444769417,0.008831988973639458,1449,1449,1449,1449,,5000,5000,1.0,3021694564,20260901
B3_spatial_feature,1.0,per_class,all,micro,energy_smoothed,0.003868396742879352,0.0035233543736144634,0.0042501980384919095,1449,1449,1449,1449,,5000,5000,1.0,3021694564,20260901
B3_spatial_feature,1.0,per_class,all,micro,energy_retention,0.38458075455092333,0.37970945254698385,0.38991352993714723,1449,1449,1449,1449,,5000,5000,1.0,3021694564,20260901
B3_spatial_feature,1.0,per_class,all,micro,linear_solve_relative_residual,4.928850196849517e-06,4.860354381875326e-06,4.995361219609864e-06,1449,1449,1449,1449,,5000,5000,1.0,3021694564,20260901
B3_spatial_feature,1.0,per_class,all,micro,cg_iterations,8.0,8.0,8.0,1449,1449,1449,1449,,5000,5000,1.0,3021694564,20260901
B3_spatial_feature,1.0,per_class,all,micro,solve_runtime_ms_per_map,0.004542933496099617,0.004523820287797174,0.004565399711416965,1449,1449,1449,1449,,5000,5000,1.0,3021694564,20260901
B3_spatial_feature,1.0,per_class,all,micro,energy_raw,0.006759637093918335,0.006281849364638411,0.00728001882940122,1449,1449,1449,1449,,5000,5000,1.0,3021694564,20260901
B3_spatial_feature,1.0,per_class,all,micro,energy_smoothed,0.0029770791372496397,0.0026837743385727457,0.0032905531813297514,1449,1449,1449,1449,,5000,5000,1.0,3021694564,20260901
B3_spatial_feature,1.0,per_class,all,micro,energy_retention,0.372100806096408,0.36845178570549514,0.375948765183869,1449,1449,1449,1449,,5000,5000,1.0,3021694564,20260901
B3_spatial_feature,1.0,per_class,all,micro,linear_solve_relative_residual,4.570567331955893e-06,4.515573635730586e-06,4.625941110634373e-06,1449,1449,1449,1449,,5000,5000,1.0,3021694564,20260901
B3_spatial_feature,1.0,per_class,all,micro,cg_iterations,8.0,8.0,8.0,1449,1449,1449,1449,,5000,5000,1.0,3021694564,20260901
B3_spatial_feature,1.0,per_class,all,micro,solve_runtime_ms_per_map,0.004542933496099617,0.004523820287797174,0.004565399711416965,1449,1449,1449,1449,,5000,5000,1.0,3021694564,20260901
B3_spatial_feature,1.0,per_class,all,micro,energy_raw,0.007051680254890713,0.006605366495020304,0.0075118325845279915,1449,1449,1449,1449,,5000,5000,1.0,3021694564,20260901
B3_spatial_feature,1.0,per_class,all,micro,energy_smoothed,0.003203499680804378,0.002901506748855597,0.0035114484758367696,1449,1449,1449,1449,,5000,5000,1.0,3021694564,20260901
B3_spatial_feature,1.0,per_class,all,micro,energy_retention,0.37730347345087595,0.3732947192762209,0.38142923110719384,1449,1449,1449,1449,,5000,5000,1.0,3021694564,20260901
B3_spatial_feature,1.0,per_class,all,micro,linear_solve_relative_residual,4.616336633485559e-06,4.5537290652651035e-06,4.677489755565554e-06,1449,1449,1449,1449,,5000,5000,1.0,3021694564,20260901
B3_spatial_feature,1.0,per_class,all,micro,cg_iterations,8.0,8.0,8.0,1449,1449,1449,1449,,5000,5000,1.0,3021694564,20260901
B3_spatial_feature,1.0,per_class,all,micro,solve_runtime_ms_per_map,0.004542933496099617,0.004523820287797174,0.004565399711416965,1449,1449,1449,1449,,5000,5000,1.0,3021694564,20260901
B3_spatial_feature,1.0,per_class,all,micro,energy_raw,0.02202026813732572,0.020538183264420678,0.023533143153987125,1449,1449,1449,1449,,5000,5000,1.0,3021694564,20260901
B3_spatial_feature,1.0,per_class,all,micro,energy_smoothed,0.011917988445771776,0.01103110881040046,0.01282331633407034,1449,1449,1449,1449,,5000,5000,1.0,3021694564,20260901
B3_spatial_feature,1.0,per_class,all,micro,energy_retention,0.4580280132915663,0.45180215043619304,0.46430748738579863,1449,1449,1449,1449,,5000,5000,1.0,3021694564,20260901
B3_spatial_feature,1.0,per_class,all,micro,linear_solve_relative_residual,4.696252889663347e-06,4.601223274559647e-06,4.793417819764332e-06,1449,1449,1449,1449,,5000,5000,1.0,3021694564,20260901
B3_spatial_feature,1.0,per_class,all,micro,cg_iterations,8.0,8.0,8.0,1449,1449,1449,1449,,5000,5000,1.0,3021694564,20260901
B3_spatial_feature,1.0,per_class,all,micro,solve_runtime_ms_per_map,0.004542933496099617,0.004523820287797174,0.004565399711416965,1449,1449,1449,1449,,5000,5000,1.0,3021694564,20260901
B3_spatial_feature,1.0,per_class,all,micro,energy_raw,0.011407561864532926,0.010640657072233807,0.012260319650178972,1449,1449,1449,1449,,5000,5000,1.0,3021694564,20260901
B3_spatial_feature,1.0,per_class,all,micro,energy_smoothed,0.005111286286897752,0.004655583132173231,0.005622925919571126,1449,1449,1449,1449,,5000,5000,1.0,3021694564,20260901
B3_spatial_feature,1.0,per_class,all,micro,energy_retention,0.37340158343397395,0.3695160090661073,0.37741869263932,1449,1449,1449,1449,,5000,5000,1.0,3021694564,20260901
B3_spatial_feature,1.0,per_class,all,micro,linear_solve_relative_residual,5.118082172358281e-06,5.038597261688199e-06,5.1959297977244496e-06,1449,1449,1449,1449,,5000,5000,1.0,3021694564,20260901
B3_spatial_feature,1.0,per_class,all,micro,cg_iterations,8.0,8.0,8.0,1449,1449,1449,1449,,5000,5000,1.0,3021694564,20260901
B3_spatial_feature,1.0,per_class,all,micro,solve_runtime_ms_per_map,0.004542933496099617,0.004523820287797174,0.004565399711416965,1449,1449,1449,1449,,5000,5000,1.0,3021694564,20260901
B3_spatial_feature,1.0,per_class,all,micro,energy_raw,0.005495244372244654,0.0051814669165100675,0.005850302766772499,1449,1449,1449,1449,,5000,5000,1.0,3021694564,20260901
B3_spatial_feature,1.0,per_class,all,micro,energy_smoothed,0.002297065415039782,0.0021007519178227454,0.0025184692594267233,1449,1449,1449,1449,,5000,5000,1.0,3021694564,20260901
B3_spatial_feature,1.0,per_class,all,micro,energy_retention,0.37485231003570424,0.37141510692750934,0.3780407936383602,1449,1449,1449,1449,,5000,5000,1.0,3021694564,20260901
B3_spatial_feature,1.0,per_class,all,micro,linear_solve_relative_residual,4.481856288217208e-06,4.426894905588589e-06,4.536452954176969e-06,1449,1449,1449,1449,,5000,5000,1.0,3021694564,20260901
B3_spatial_feature,1.0,per_class,all,micro,cg_iterations,8.0,8.0,8.0,1449,1449,1449,1449,,5000,5000,1.0,3021694564,20260901
B3_spatial_feature,1.0,per_class,all,micro,solve_runtime_ms_per_map,0.004542933496099617,0.004523820287797174,0.004565399711416965,1449,1449,1449,1449,,5000,5000,1.0,3021694564,20260901
B3_spatial_feature,1.0,per_class,all,micro,energy_raw,0.010996003196962959,0.010004006468891706,0.012114521464571313,1449,1449,1449,1449,,5000,5000,1.0,3021694564,20260901
B3_spatial_feature,1.0,per_class,all,micro,energy_smoothed,0.005807242460845821,0.00514874338464961,0.0065388720905959164,1449,1449,1449,1449,,5000,5000,1.0,3021694564,20260901
B3_spatial_feature,1.0,per_class,all,micro,energy_retention,0.39556694026648215,0.39073709484068914,0.4006595574123971,1449,1449,1449,1449,,5000,5000,1.0,3021694564,20260901
B3_spatial_feature,1.0,per_class,all,micro,linear_solve_relative_residual,4.521338747634869e-06,4.455829601061258e-06,4.587581502271636e-06,1449,1449,1449,1449,,5000,5000,1.0,3021694564,20260901
B3_spatial_feature,1.0,per_class,all,micro,cg_iterations,8.0,8.0,8.0,1449,1449,1449,1449,,5000,5000,1.0,3021694564,20260901
B3_spatial_feature,1.0,per_class,all,micro,solve_runtime_ms_per_map,0.004542933496099617,0.004523820287797174,0.004565399711416965,1449,1449,1449,1449,,5000,5000,1.0,3021694564,20260901
B3_spatial_feature,1.0,per_class,all,micro,energy_raw,0.005420181187229029,0.0050339348311989945,0.0058434830682071465,1449,1449,1449,1449,,5000,5000,1.0,3021694564,20260901
B3_spatial_feature,1.0,per_class,all,micro,energy_smoothed,0.002387610311483999,0.0021398923661474817,0.0026594308443985953,1449,1449,1449,1449,,5000,5000,1.0,3021694564,20260901
B3_spatial_feature,1.0,per_class,all,micro,energy_retention,0.38347238365990116,0.38042869457783496,0.38636458858929884,1449,1449,1449,1449,,5000,5000,1.0,3021694564,20260901
B3_spatial_feature,1.0,per_class,all,micro,linear_solve_relative_residual,4.446723804733642e-06,4.390316808231433e-06,4.502898953532204e-06,1449,1449,1449,1449,,5000,5000,1.0,3021694564,20260901
B3_spatial_feature,1.0,per_class,all,micro,cg_iterations,8.0,8.0,8.0,1449,1449,1449,1449,,5000,5000,1.0,3021694564,20260901
B3_spatial_feature,1.0,per_class,all,micro,solve_runtime_ms_per_map,0.004542933496099617,0.004523820287797174,0.004565399711416965,1449,1449,1449,1449,,5000,5000,1.0,3021694564,20260901
B3_spatial_feature,1.0,per_class,all,micro,energy_raw,0.008142836995775058,0.007577587089964411,0.008753248667334006,1449,1449,1449,1449,,5000,5000,1.0,3021694564,20260901
B3_spatial_feature,1.0,per_class,all,micro,energy_smoothed,0.003676733660347454,0.003323485414874398,0.004050261045627469,1449,1449,1449,1449,,5000,5000,1.0,3021694564,20260901
B3_spatial_feature,1.0,per_class,all,micro,energy_retention,0.38266942799708364,0.3790063756212767,0.38637816964541327,1449,1449,1449,1449,,5000,5000,1.0,3021694564,20260901
B3_spatial_feature,1.0,per_class,all,micro,linear_solve_relative_residual,4.9022022439761284e-06,4.831401840746718e-06,4.973608017631821e-06,1449,1449,1449,1449,,5000,5000,1.0,3021694564,20260901
B3_spatial_feature,1.0,per_class,all,micro,cg_iterations,8.0,8.0,8.0,1449,1449,1449,1449,,5000,5000,1.0,3021694564,20260901
B3_spatial_feature,1.0,per_class,all,micro,solve_runtime_ms_per_map,0.004542933496099617,0.004523820287797174,0.004565399711416965,1449,1449,1449,1449,,5000,5000,1.0,3021694564,20260901
B3_spatial_feature,2.0,all_class_maps,all,micro,energy_raw,0.008761968170279017,0.008541722966292808,0.008999939468717221,1449,1449,28980,28980,,5000,5000,1.0,3021694564,20260901
B3_spatial_feature,2.0,all_class_maps,all,micro,energy_smoothed,0.0029280522018055215,0.002827457904694177,0.0030329854322479663,1449,1449,28980,28980,,5000,5000,1.0,3021694564,20260901
B3_spatial_feature,2.0,all_class_maps,all,micro,energy_retention,0.24151401059783023,0.2397698912446389,0.24323866830079505,1449,1449,28980,28980,,5000,5000,1.0,3021694564,20260901
B3_spatial_feature,2.0,all_class_maps,all,micro,linear_solve_relative_residual,5.815396755508377e-06,5.778178344057405e-06,5.8519694814317596e-06,1449,1449,28980,28980,,5000,5000,1.0,3021694564,20260901
B3_spatial_feature,2.0,all_class_maps,all,micro,cg_iterations,11.0,11.0,11.0,1449,1449,28980,28980,,5000,5000,1.0,3021694564,20260901
B3_spatial_feature,2.0,all_class_maps,all,micro,solve_runtime_ms_per_map,0.006002318718212897,0.005976225750125714,0.006032624722827462,1449,1449,28980,28980,,5000,5000,1.0,3021694564,20260901
B3_spatial_feature,2.0,all_class_maps,all,macro_class,energy_raw,0.008761968170279019,0.008541722966292806,0.008999939468717223,1449,1449,28980,28980,20,5000,5000,1.0,3021694564,20260901
B3_spatial_feature,2.0,all_class_maps,all,macro_class,energy_smoothed,0.0029280522018055215,0.0028274579046941766,0.003032985432247966,1449,1449,28980,28980,20,5000,5000,1.0,3021694564,20260901
B3_spatial_feature,2.0,all_class_maps,all,macro_class,energy_retention,0.24151401059783023,0.2397698912446389,0.24323866830079505,1449,1449,28980,28980,20,5000,5000,1.0,3021694564,20260901
B3_spatial_feature,2.0,all_class_maps,all,macro_class,linear_solve_relative_residual,5.815396755508378e-06,5.7781783440574045e-06,5.8519694814317596e-06,1449,1449,28980,28980,20,5000,5000,1.0,3021694564,20260901
B3_spatial_feature,2.0,all_class_maps,all,macro_class,cg_iterations,11.0,11.0,11.0,1449,1449,28980,28980,20,5000,5000,1.0,3021694564,20260901
B3_spatial_feature,2.0,all_class_maps,all,macro_class,solve_runtime_ms_per_map,0.0060023187182128976,0.005976225750125716,0.00603262472282746,1449,1449,28980,28980,20,5000,5000,1.0,3021694564,20260901
B3_spatial_feature,2.0,all_class_maps,single_label,micro,energy_raw,0.00699637461628362,0.006780651942556804,0.007211999195736686,927,927,18540,18540,,5000,5000,1.0,3021694564,20260901
B3_spatial_feature,2.0,all_class_maps,single_label,micro,energy_smoothed,0.0020773506682545593,0.0019871950236599206,0.0021690492226121186,927,927,18540,18540,,5000,5000,1.0,3021694564,20260901
B3_spatial_feature,2.0,all_class_maps,single_label,micro,energy_retention,0.229802312897247,0.2278128326819665,0.2318381306720333,927,927,18540,18540,,5000,5000,1.0,3021694564,20260901
B3_spatial_feature,2.0,all_class_maps,single_label,micro,linear_solve_relative_residual,5.964837283669679e-06,5.9204043274371616e-06,6.010107183782985e-06,927,927,18540,18540,,5000,5000,1.0,3021694564,20260901
B3_spatial_feature,2.0,all_class_maps,single_label,micro,cg_iterations,11.0,11.0,11.0,927,927,18540,18540,,5000,5000,1.0,3021694564,20260901
B3_spatial_feature,2.0,all_class_maps,single_label,micro,solve_runtime_ms_per_map,0.006003234268246749,0.005971762913402322,0.006042631361091021,927,927,18540,18540,,5000,5000,1.0,3021694564,20260901
B3_spatial_feature,2.0,all_class_maps,single_label,macro_class,energy_raw,0.006996374616283618,0.006780651942556804,0.007211999195736687,927,927,18540,18540,20,5000,5000,1.0,3021694564,20260901
B3_spatial_feature,2.0,all_class_maps,single_label,macro_class,energy_smoothed,0.002077350668254559,0.001987195023659921,0.002169049222612119,927,927,18540,18540,20,5000,5000,1.0,3021694564,20260901
B3_spatial_feature,2.0,all_class_maps,single_label,macro_class,energy_retention,0.229802312897247,0.2278128326819665,0.23183813067203324,927,927,18540,18540,20,5000,5000,1.0,3021694564,20260901
B3_spatial_feature,2.0,all_class_maps,single_label,macro_class,linear_solve_relative_residual,5.96483728366968e-06,5.9204043274371616e-06,6.010107183782985e-06,927,927,18540,18540,20,5000,5000,1.0,3021694564,20260901
B3_spatial_feature,2.0,all_class_maps,single_label,macro_class,cg_iterations,11.0,11.0,11.0,927,927,18540,18540,20,5000,5000,1.0,3021694564,20260901
B3_spatial_feature,2.0,all_class_maps,single_label,macro_class,solve_runtime_ms_per_map,0.006003234268246751,0.005971762913402323,0.0060426313610910205,927,927,18540,18540,20,5000,5000,1.0,3021694564,20260901
B3_spatial_feature,2.0,all_class_maps,exactly_2_labels,micro,energy_raw,0.010898557301983237,0.010527640851814455,0.011293764832814534,375,375,7500,7500,,5000,5000,1.0,3021694564,20260901
B3_spatial_feature,2.0,all_class_maps,exactly_2_labels,micro,energy_smoothed,0.003923190440823479,0.0037470977546007877,0.004105083129163734,375,375,7500,7500,,5000,5000,1.0,3021694564,20260901
B3_spatial_feature,2.0,all_class_maps,exactly_2_labels,micro,energy_retention,0.25752815344134966,0.254693533608069,0.26037224304541945,375,375,7500,7500,,5000,5000,1.0,3021694564,20260901
B3_spatial_feature,2.0,all_class_maps,exactly_2_labels,micro,linear_solve_relative_residual,5.577475402969867e-06,5.50659949198689e-06,5.64864101431643e-06,375,375,7500,7500,,5000,5000,1.0,3021694564,20260901
B3_spatial_feature,2.0,all_class_maps,exactly_2_labels,micro,cg_iterations,11.0,11.0,11.0,375,375,7500,7500,,5000,5000,1.0,3021694564,20260901
B3_spatial_feature,2.0,all_class_maps,exactly_2_labels,micro,solve_runtime_ms_per_map,0.005997868705890141,0.005957621074606626,0.006056523836862955,375,375,7500,7500,,5000,5000,1.0,3021694564,20260901
B3_spatial_feature,2.0,all_class_maps,exactly_2_labels,macro_class,energy_raw,0.010898557301983237,0.010527640851814452,0.011293764832814536,375,375,7500,7500,20,5000,5000,1.0,3021694564,20260901
B3_spatial_feature,2.0,all_class_maps,exactly_2_labels,macro_class,energy_smoothed,0.00392319044082348,0.0037470977546007873,0.004105083129163734,375,375,7500,7500,20,5000,5000,1.0,3021694564,20260901
B3_spatial_feature,2.0,all_class_maps,exactly_2_labels,macro_class,energy_retention,0.25752815344134966,0.25469353360806896,0.26037224304541945,375,375,7500,7500,20,5000,5000,1.0,3021694564,20260901
B3_spatial_feature,2.0,all_class_maps,exactly_2_labels,macro_class,linear_solve_relative_residual,5.577475402969865e-06,5.506599491986889e-06,5.648641014316429e-06,375,375,7500,7500,20,5000,5000,1.0,3021694564,20260901
B3_spatial_feature,2.0,all_class_maps,exactly_2_labels,macro_class,cg_iterations,11.0,11.0,11.0,375,375,7500,7500,20,5000,5000,1.0,3021694564,20260901
B3_spatial_feature,2.0,all_class_maps,exactly_2_labels,macro_class,solve_runtime_ms_per_map,0.005997868705890141,0.005957621074606627,0.006056523836862956,375,375,7500,7500,20,5000,5000,1.0,3021694564,20260901
B3_spatial_feature,2.0,all_class_maps,3plus_labels,micro,energy_raw,0.014445534838065759,0.01377103283415512,0.015114006454104852,147,147,2940,2940,,5000,5000,1.0,3021694564,20260901
B3_spatial_feature,2.0,all_class_maps,3plus_labels,micro,energy_smoothed,0.005754062283234148,0.005415486775115273,0.0060966104618620145,147,147,2940,2940,,5000,5000,1.0,3021694564,20260901
B3_spatial_feature,2.0,all_class_maps,3plus_labels,micro,energy_retention,0.27451700517008093,0.2706927019560418,0.27825789267247936,147,147,2940,2940,,5000,5000,1.0,3021694564,20260901
B3_spatial_feature,2.0,all_class_maps,3plus_labels,micro,linear_solve_relative_residual,5.479948711946564e-06,5.378319808417838e-06,5.581116175925499e-06,147,147,2940,2940,,5000,5000,1.0,3021694564,20260901
B3_spatial_feature,2.0,all_class_maps,3plus_labels,micro,cg_iterations,11.0,11.0,11.0,147,147,2940,2940,,5000,5000,1.0,3021694564,20260901
B3_spatial_feature,2.0,all_class_maps,3plus_labels,micro,solve_runtime_ms_per_map,0.006007897219843181,0.00595253751957991,0.006110006974775227,147,147,2940,2940,,5000,5000,1.0,3021694564,20260901
B3_spatial_feature,2.0,all_class_maps,3plus_labels,macro_class,energy_raw,0.014445534838065757,0.013771032834155124,0.015114006454104852,147,147,2940,2940,20,5000,5000,1.0,3021694564,20260901
B3_spatial_feature,2.0,all_class_maps,3plus_labels,macro_class,energy_smoothed,0.005754062283234149,0.005415486775115271,0.006096610461862014,147,147,2940,2940,20,5000,5000,1.0,3021694564,20260901
B3_spatial_feature,2.0,all_class_maps,3plus_labels,macro_class,energy_retention,0.27451700517008093,0.27069270195604184,0.27825789267247936,147,147,2940,2940,20,5000,5000,1.0,3021694564,20260901
B3_spatial_feature,2.0,all_class_maps,3plus_labels,macro_class,linear_solve_relative_residual,5.479948711946564e-06,5.378319808417837e-06,5.581116175925498e-06,147,147,2940,2940,20,5000,5000,1.0,3021694564,20260901
B3_spatial_feature,2.0,all_class_maps,3plus_labels,macro_class,cg_iterations,11.0,11.0,11.0,147,147,2940,2940,20,5000,5000,1.0,3021694564,20260901
B3_spatial_feature,2.0,all_class_maps,3plus_labels,macro_class,solve_runtime_ms_per_map,0.006007897219843183,0.005952537519579911,0.006110006974775225,147,147,2940,2940,20,5000,5000,1.0,3021694564,20260901
B3_spatial_feature,2.0,per_class,all,micro,energy_raw,0.005584940945860088,0.005235611773196854,0.0059771386402620716,1449,1449,1449,1449,,5000,5000,1.0,3021694564,20260901
B3_spatial_feature,2.0,per_class,all,micro,energy_smoothed,0.0015714145089570997,0.0013852895735489248,0.001778043209257525,1449,1449,1449,1449,,5000,5000,1.0,3021694564,20260901
B3_spatial_feature,2.0,per_class,all,micro,energy_retention,0.2284169211376939,0.22520418518715848,0.23170575807070307,1449,1449,1449,1449,,5000,5000,1.0,3021694564,20260901
B3_spatial_feature,2.0,per_class,all,micro,linear_solve_relative_residual,6.084512174553038e-06,5.979739089280746e-06,6.189292048357493e-06,1449,1449,1449,1449,,5000,5000,1.0,3021694564,20260901
B3_spatial_feature,2.0,per_class,all,micro,cg_iterations,11.0,11.0,11.0,1449,1449,1449,1449,,5000,5000,1.0,3021694564,20260901
B3_spatial_feature,2.0,per_class,all,micro,solve_runtime_ms_per_map,0.006002318718212897,0.005976225750125714,0.006032624722827462,1449,1449,1449,1449,,5000,5000,1.0,3021694564,20260901
B3_spatial_feature,2.0,per_class,all,micro,energy_raw,0.00711112421101089,0.006543097257202143,0.007737061707929594,1449,1449,1449,1449,,5000,5000,1.0,3021694564,20260901
B3_spatial_feature,2.0,per_class,all,micro,energy_smoothed,0.0022240727361164062,0.0019423660448065782,0.0025278587798546236,1449,1449,1449,1449,,5000,5000,1.0,3021694564,20260901
B3_spatial_feature,2.0,per_class,all,micro,energy_retention,0.22900510200391233,0.22545905558198298,0.23271720930779696,1449,1449,1449,1449,,5000,5000,1.0,3021694564,20260901
B3_spatial_feature,2.0,per_class,all,micro,linear_solve_relative_residual,5.950876658144268e-06,5.8528960419689666e-06,6.049413186750357e-06,1449,1449,1449,1449,,5000,5000,1.0,3021694564,20260901
B3_spatial_feature,2.0,per_class,all,micro,cg_iterations,11.0,11.0,11.0,1449,1449,1449,1449,,5000,5000,1.0,3021694564,20260901
B3_spatial_feature,2.0,per_class,all,micro,solve_runtime_ms_per_map,0.006002318718212897,0.005976225750125714,0.006032624722827462,1449,1449,1449,1449,,5000,5000,1.0,3021694564,20260901
B3_spatial_feature,2.0,per_class,all,micro,energy_raw,0.005411394378151089,0.0051918731471358144,0.005670479117280317,1449,1449,1449,1449,,5000,5000,1.0,3021694564,20260901
B3_spatial_feature,2.0,per_class,all,micro,energy_smoothed,0.0013171711516525761,0.0012171004261077585,0.0014359337400121268,1449,1449,1449,1449,,5000,5000,1.0,3021694564,20260901
B3_spatial_feature,2.0,per_class,all,micro,energy_retention,0.21713679644302963,0.21451765883217772,0.21990318166862033,1449,1449,1449,1449,,5000,5000,1.0,3021694564,20260901
B3_spatial_feature,2.0,per_class,all,micro,linear_solve_relative_residual,5.975328190649475e-06,5.867799024839433e-06,6.085047950181118e-06,1449,1449,1449,1449,,5000,5000,1.0,3021694564,20260901
B3_spatial_feature,2.0,per_class,all,micro,cg_iterations,11.0,11.0,11.0,1449,1449,1449,1449,,5000,5000,1.0,3021694564,20260901
B3_spatial_feature,2.0,per_class,all,micro,solve_runtime_ms_per_map,0.006002318718212897,0.005976225750125714,0.006032624722827462,1449,1449,1449,1449,,5000,5000,1.0,3021694564,20260901
B3_spatial_feature,2.0,per_class,all,micro,energy_raw,0.00650339352504946,0.00599689694471208,0.007076558137556449,1449,1449,1449,1449,,5000,5000,1.0,3021694564,20260901
B3_spatial_feature,2.0,per_class,all,micro,energy_smoothed,0.0020096616401040464,0.0017428231555410751,0.002314266168038166,1449,1449,1449,1449,,5000,5000,1.0,3021694564,20260901
B3_spatial_feature,2.0,per_class,all,micro,energy_retention,0.2372634737984405,0.23397900684768164,0.24071646188176896,1449,1449,1449,1449,,5000,5000,1.0,3021694564,20260901
B3_spatial_feature,2.0,per_class,all,micro,linear_solve_relative_residual,5.968240020310478e-06,5.862680624171633e-06,6.074478910179894e-06,1449,1449,1449,1449,,5000,5000,1.0,3021694564,20260901
B3_spatial_feature,2.0,per_class,all,micro,cg_iterations,11.0,11.0,11.0,1449,1449,1449,1449,,5000,5000,1.0,3021694564,20260901
B3_spatial_feature,2.0,per_class,all,micro,solve_runtime_ms_per_map,0.006002318718212897,0.005976225750125714,0.006032624722827462,1449,1449,1449,1449,,5000,5000,1.0,3021694564,20260901
B3_spatial_feature,2.0,per_class,all,micro,energy_raw,0.010192204752372638,0.00940900484687765,0.011011853013900279,1449,1449,1449,1449,,5000,5000,1.0,3021694564,20260901
B3_spatial_feature,2.0,per_class,all,micro,energy_smoothed,0.003468680225759089,0.003066739994970726,0.0038926526830101262,1449,1449,1449,1449,,5000,5000,1.0,3021694564,20260901
B3_spatial_feature,2.0,per_class,all,micro,energy_retention,0.2427573401694301,0.23828432380207,0.24725059518543008,1449,1449,1449,1449,,5000,5000,1.0,3021694564,20260901
B3_spatial_feature,2.0,per_class,all,micro,linear_solve_relative_residual,5.732899587582242e-06,5.640221296151139e-06,5.8237687967155005e-06,1449,1449,1449,1449,,5000,5000,1.0,3021694564,20260901
B3_spatial_feature,2.0,per_class,all,micro,cg_iterations,11.0,11.0,11.0,1449,1449,1449,1449,,5000,5000,1.0,3021694564,20260901
B3_spatial_feature,2.0,per_class,all,micro,solve_runtime_ms_per_map,0.006002318718212897,0.005976225750125714,0.006032624722827462,1449,1449,1449,1449,,5000,5000,1.0,3021694564,20260901
B3_spatial_feature,2.0,per_class,all,micro,energy_raw,0.0068524456125015,0.006432922064275928,0.0073006491970240015,1449,1449,1449,1449,,5000,5000,1.0,3021694564,20260901
B3_spatial_feature,2.0,per_class,all,micro,energy_smoothed,0.002067111804273932,0.0018526225237886769,0.002297544536371144,1449,1449,1449,1449,,5000,5000,1.0,3021694564,20260901
B3_spatial_feature,2.0,per_class,all,micro,energy_retention,0.23694561314920132,0.23320149803178075,0.24064598330460474,1449,1449,1449,1449,,5000,5000,1.0,3021694564,20260901
B3_spatial_feature,2.0,per_class,all,micro,linear_solve_relative_residual,5.861911835490976e-06,5.750819371851692e-06,5.965599560428267e-06,1449,1449,1449,1449,,5000,5000,1.0,3021694564,20260901
B3_spatial_feature,2.0,per_class,all,micro,cg_iterations,11.0,11.0,11.0,1449,1449,1449,1449,,5000,5000,1.0,3021694564,20260901
B3_spatial_feature,2.0,per_class,all,micro,solve_runtime_ms_per_map,0.006002318718212897,0.005976225750125714,0.006032624722827462,1449,1449,1449,1449,,5000,5000,1.0,3021694564,20260901
B3_spatial_feature,2.0,per_class,all,micro,energy_raw,0.011481013256359751,0.010615790698234939,0.012382722470676046,1449,1449,1449,1449,,5000,5000,1.0,3021694564,20260901
B3_spatial_feature,2.0,per_class,all,micro,energy_smoothed,0.00381751418745356,0.0034361516720903514,0.004220859036389568,1449,1449,1449,1449,,5000,5000,1.0,3021694564,20260901
B3_spatial_feature,2.0,per_class,all,micro,energy_retention,0.25497597631830604,0.25068774193890386,0.25926494974979786,1449,1449,1449,1449,,5000,5000,1.0,3021694564,20260901
B3_spatial_feature,2.0,per_class,all,micro,linear_solve_relative_residual,5.3148705058675224e-06,5.214211624311319e-06,5.417568727296283e-06,1449,1449,1449,1449,,5000,5000,1.0,3021694564,20260901
B3_spatial_feature,2.0,per_class,all,micro,cg_iterations,11.0,11.0,11.0,1449,1449,1449,1449,,5000,5000,1.0,3021694564,20260901
B3_spatial_feature,2.0,per_class,all,micro,solve_runtime_ms_per_map,0.006002318718212897,0.005976225750125714,0.006032624722827462,1449,1449,1449,1449,,5000,5000,1.0,3021694564,20260901
B3_spatial_feature,2.0,per_class,all,micro,energy_raw,0.0065699590021696804,0.006147801392679402,0.007050189713626429,1449,1449,1449,1449,,5000,5000,1.0,3021694564,20260901
B3_spatial_feature,2.0,per_class,all,micro,energy_smoothed,0.002106487803148932,0.0018765326516551207,0.0023631957704780605,1449,1449,1449,1449,,5000,5000,1.0,3021694564,20260901
B3_spatial_feature,2.0,per_class,all,micro,energy_retention,0.23899481538618902,0.23457787545504571,0.24362378399317802,1449,1449,1449,1449,,5000,5000,1.0,3021694564,20260901
B3_spatial_feature,2.0,per_class,all,micro,linear_solve_relative_residual,6.039870020979817e-06,5.939367637150622e-06,6.144048595209827e-06,1449,1449,1449,1449,,5000,5000,1.0,3021694564,20260901
B3_spatial_feature,2.0,per_class,all,micro,cg_iterations,11.0,11.0,11.0,1449,1449,1449,1449,,5000,5000,1.0,3021694564,20260901
B3_spatial_feature,2.0,per_class,all,micro,solve_runtime_ms_per_map,0.006002318718212897,0.005976225750125714,0.006032624722827462,1449,1449,1449,1449,,5000,5000,1.0,3021694564,20260901
B3_spatial_feature,2.0,per_class,all,micro,energy_raw,0.015118487143928919,0.013971878564595185,0.01640039174442306,1449,1449,1449,1449,,5000,5000,1.0,3021694564,20260901
B3_spatial_feature,2.0,per_class,all,micro,energy_smoothed,0.00563566123568109,0.005055727719817295,0.006266508371504501,1449,1449,1449,1449,,5000,5000,1.0,3021694564,20260901
B3_spatial_feature,2.0,per_class,all,micro,energy_retention,0.2527959468530901,0.24767388773065258,0.2580700899289858,1449,1449,1449,1449,,5000,5000,1.0,3021694564,20260901
B3_spatial_feature,2.0,per_class,all,micro,linear_solve_relative_residual,5.483845099850823e-06,5.384070465056284e-06,5.583966996410691e-06,1449,1449,1449,1449,,5000,5000,1.0,3021694564,20260901
B3_spatial_feature,2.0,per_class,all,micro,cg_iterations,11.0,11.0,11.0,1449,1449,1449,1449,,5000,5000,1.0,3021694564,20260901
B3_spatial_feature,2.0,per_class,all,micro,solve_runtime_ms_per_map,0.006002318718212897,0.005976225750125714,0.006032624722827462,1449,1449,1449,1449,,5000,5000,1.0,3021694564,20260901
B3_spatial_feature,2.0,per_class,all,micro,energy_raw,0.0067092568305558205,0.00614135054300571,0.007337864645536002,1449,1449,1449,1449,,5000,5000,1.0,3021694564,20260901
B3_spatial_feature,2.0,per_class,all,micro,energy_smoothed,0.0022380840265239653,0.0019268642732565408,0.0025820938296891006,1449,1449,1449,1449,,5000,5000,1.0,3021694564,20260901
B3_spatial_feature,2.0,per_class,all,micro,energy_retention,0.22784703654244162,0.22372685051950567,0.23215961959868608,1449,1449,1449,1449,,5000,5000,1.0,3021694564,20260901
B3_spatial_feature,2.0,per_class,all,micro,linear_solve_relative_residual,6.321815371854337e-06,6.224071205243849e-06,6.419652745254249e-06,1449,1449,1449,1449,,5000,5000,1.0,3021694564,20260901
B3_spatial_feature,2.0,per_class,all,micro,cg_iterations,11.0,11.0,11.0,1449,1449,1449,1449,,5000,5000,1.0,3021694564,20260901
B3_spatial_feature,2.0,per_class,all,micro,solve_runtime_ms_per_map,0.006002318718212897,0.005976225750125714,0.006032624722827462,1449,1449,1449,1449,,5000,5000,1.0,3021694564,20260901
B3_spatial_feature,2.0,per_class,all,micro,energy_raw,0.008128713067618422,0.007463190351574141,0.008857740438145568,1449,1449,1449,1449,,5000,5000,1.0,3021694564,20260901
B3_spatial_feature,2.0,per_class,all,micro,energy_smoothed,0.0025984373440071967,0.0022741580915168038,0.002960262073200125,1449,1449,1449,1449,,5000,5000,1.0,3021694564,20260901
B3_spatial_feature,2.0,per_class,all,micro,energy_retention,0.23501670234074998,0.23139081530535197,0.23860958667460436,1449,1449,1449,1449,,5000,5000,1.0,3021694564,20260901
B3_spatial_feature,2.0,per_class,all,micro,linear_solve_relative_residual,5.77325732470958e-06,5.671406394955078e-06,5.874204663675141e-06,1449,1449,1449,1449,,5000,5000,1.0,3021694564,20260901
B3_spatial_feature,2.0,per_class,all,micro,cg_iterations,11.0,11.0,11.0,1449,1449,1449,1449,,5000,5000,1.0,3021694564,20260901
B3_spatial_feature,2.0,per_class,all,micro,solve_runtime_ms_per_map,0.006002318718212897,0.005976225750125714,0.006032624722827462,1449,1449,1449,1449,,5000,5000,1.0,3021694564,20260901
B3_spatial_feature,2.0,per_class,all,micro,energy_raw,0.008283017577122694,0.007776296444769417,0.008831988973639458,1449,1449,1449,1449,,5000,5000,1.0,3021694564,20260901
B3_spatial_feature,2.0,per_class,all,micro,energy_smoothed,0.0027613907299360247,0.0024699864898221767,0.003083857620770996,1449,1449,1449,1449,,5000,5000,1.0,3021694564,20260901
B3_spatial_feature,2.0,per_class,all,micro,energy_retention,0.2446545832851494,0.23953157841202882,0.25034378497887677,1449,1449,1449,1449,,5000,5000,1.0,3021694564,20260901
B3_spatial_feature,2.0,per_class,all,micro,linear_solve_relative_residual,5.4558627441498e-06,5.350636700270148e-06,5.562132092719819e-06,1449,1449,1449,1449,,5000,5000,1.0,3021694564,20260901
B3_spatial_feature,2.0,per_class,all,micro,cg_iterations,11.0,11.0,11.0,1449,1449,1449,1449,,5000,5000,1.0,3021694564,20260901
B3_spatial_feature,2.0,per_class,all,micro,solve_runtime_ms_per_map,0.006002318718212897,0.005976225750125714,0.006032624722827462,1449,1449,1449,1449,,5000,5000,1.0,3021694564,20260901
B3_spatial_feature,2.0,per_class,all,micro,energy_raw,0.006759637093918335,0.006281849364638411,0.00728001882940122,1449,1449,1449,1449,,5000,5000,1.0,3021694564,20260901
B3_spatial_feature,2.0,per_class,all,micro,energy_smoothed,0.002038158370321552,0.001806304391443986,0.002285213871479438,1449,1449,1449,1449,,5000,5000,1.0,3021694564,20260901
B3_spatial_feature,2.0,per_class,all,micro,energy_retention,0.23009192228852016,0.22630194267161638,0.23407190256077845,1449,1449,1449,1449,,5000,5000,1.0,3021694564,20260901
B3_spatial_feature,2.0,per_class,all,micro,linear_solve_relative_residual,6.081223061029207e-06,5.975408464749058e-06,6.186167449353973e-06,1449,1449,1449,1449,,5000,5000,1.0,3021694564,20260901
B3_spatial_feature,2.0,per_class,all,micro,cg_iterations,11.0,11.0,11.0,1449,1449,1449,1449,,5000,5000,1.0,3021694564,20260901
B3_spatial_feature,2.0,per_class,all,micro,solve_runtime_ms_per_map,0.006002318718212897,0.005976225750125714,0.006032624722827462,1449,1449,1449,1449,,5000,5000,1.0,3021694564,20260901
B3_spatial_feature,2.0,per_class,all,micro,energy_raw,0.007051680254890713,0.006605366495020304,0.0075118325845279915,1449,1449,1449,1449,,5000,5000,1.0,3021694564,20260901
B3_spatial_feature,2.0,per_class,all,micro,energy_smoothed,0.0022337060142557535,0.0019860328010497036,0.002484030886326463,1449,1449,1449,1449,,5000,5000,1.0,3021694564,20260901
B3_spatial_feature,2.0,per_class,all,micro,energy_retention,0.2352690846756296,0.2310336481265626,0.23955196324784725,1449,1449,1449,1449,,5000,5000,1.0,3021694564,20260901
B3_spatial_feature,2.0,per_class,all,micro,linear_solve_relative_residual,5.959487970527012e-06,5.859558150044938e-06,6.065158494227698e-06,1449,1449,1449,1449,,5000,5000,1.0,3021694564,20260901
B3_spatial_feature,2.0,per_class,all,micro,cg_iterations,11.0,11.0,11.0,1449,1449,1449,1449,,5000,5000,1.0,3021694564,20260901
B3_spatial_feature,2.0,per_class,all,micro,solve_runtime_ms_per_map,0.006002318718212897,0.005976225750125714,0.006032624722827462,1449,1449,1449,1449,,5000,5000,1.0,3021694564,20260901
B3_spatial_feature,2.0,per_class,all,micro,energy_raw,0.02202026813732572,0.020538183264420678,0.023533143153987125,1449,1449,1449,1449,,5000,5000,1.0,3021694564,20260901
B3_spatial_feature,2.0,per_class,all,micro,energy_smoothed,0.008931079353545706,0.008231715917665573,0.009640245308949396,1449,1449,1449,1449,,5000,5000,1.0,3021694564,20260901
B3_spatial_feature,2.0,per_class,all,micro,energy_retention,0.3186762021832667,0.312106285464813,0.325338811951055,1449,1449,1449,1449,,5000,5000,1.0,3021694564,20260901
B3_spatial_feature,2.0,per_class,all,micro,linear_solve_relative_residual,5.485128625033289e-06,5.391150156248045e-06,5.58139367804475e-06,1449,1449,1449,1449,,5000,5000,1.0,3021694564,20260901
B3_spatial_feature,2.0,per_class,all,micro,cg_iterations,11.0,11.0,11.0,1449,1449,1449,1449,,5000,5000,1.0,3021694564,20260901
B3_spatial_feature,2.0,per_class,all,micro,solve_runtime_ms_per_map,0.006002318718212897,0.005976225750125714,0.006032624722827462,1449,1449,1449,1449,,5000,5000,1.0,3021694564,20260901
B3_spatial_feature,2.0,per_class,all,micro,energy_raw,0.011407561864532926,0.010640657072233807,0.012260319650178972,1449,1449,1449,1449,,5000,5000,1.0,3021694564,20260901
B3_spatial_feature,2.0,per_class,all,micro,energy_smoothed,0.0035257551916219355,0.0031699452674823552,0.003925668463668035,1449,1449,1449,1449,,5000,5000,1.0,3021694564,20260901
B3_spatial_feature,2.0,per_class,all,micro,energy_retention,0.23333955563867068,0.22937122488675898,0.23738823625149194,1449,1449,1449,1449,,5000,5000,1.0,3021694564,20260901
B3_spatial_feature,2.0,per_class,all,micro,linear_solve_relative_residual,5.347139181739363e-06,5.24954072659943e-06,5.446532772579594e-06,1449,1449,1449,1449,,5000,5000,1.0,3021694564,20260901
B3_spatial_feature,2.0,per_class,all,micro,cg_iterations,11.0,11.0,11.0,1449,1449,1449,1449,,5000,5000,1.0,3021694564,20260901
B3_spatial_feature,2.0,per_class,all,micro,solve_runtime_ms_per_map,0.006002318718212897,0.005976225750125714,0.006032624722827462,1449,1449,1449,1449,,5000,5000,1.0,3021694564,20260901
B3_spatial_feature,2.0,per_class,all,micro,energy_raw,0.005495244372244654,0.0051814669165100675,0.005850302766772499,1449,1449,1449,1449,,5000,5000,1.0,3021694564,20260901
B3_spatial_feature,2.0,per_class,all,micro,energy_smoothed,0.0015168245965351394,0.0013626982518774667,0.0016922108051824645,1449,1449,1449,1449,,5000,5000,1.0,3021694564,20260901
B3_spatial_feature,2.0,per_class,all,micro,energy_retention,0.23168837934670736,0.22823363204632569,0.23490539685205356,1449,1449,1449,1449,,5000,5000,1.0,3021694564,20260901
B3_spatial_feature,2.0,per_class,all,micro,linear_solve_relative_residual,6.033753236645349e-06,5.9336519794365794e-06,6.137427278402754e-06,1449,1449,1449,1449,,5000,5000,1.0,3021694564,20260901
B3_spatial_feature,2.0,per_class,all,micro,cg_iterations,11.0,11.0,11.0,1449,1449,1449,1449,,5000,5000,1.0,3021694564,20260901
B3_spatial_feature,2.0,per_class,all,micro,solve_runtime_ms_per_map,0.006002318718212897,0.005976225750125714,0.006032624722827462,1449,1449,1449,1449,,5000,5000,1.0,3021694564,20260901
B3_spatial_feature,2.0,per_class,all,micro,energy_raw,0.010996003196962959,0.010004006468891706,0.012114521464571313,1449,1449,1449,1449,,5000,5000,1.0,3021694564,20260901
B3_spatial_feature,2.0,per_class,all,micro,energy_smoothed,0.004327222835724072,0.0037901176414320732,0.004931545825145275,1449,1449,1449,1449,,5000,5000,1.0,3021694564,20260901
B3_spatial_feature,2.0,per_class,all,micro,energy_retention,0.2542200534918787,0.2492480523858587,0.25947133797594313,1449,1449,1449,1449,,5000,5000,1.0,3021694564,20260901
B3_spatial_feature,2.0,per_class,all,micro,linear_solve_relative_residual,5.788608416823953e-06,5.6920902790505705e-06,5.887833182600325e-06,1449,1449,1449,1449,,5000,5000,1.0,3021694564,20260901
B3_spatial_feature,2.0,per_class,all,micro,cg_iterations,11.0,11.0,11.0,1449,1449,1449,1449,,5000,5000,1.0,3021694564,20260901
B3_spatial_feature,2.0,per_class,all,micro,solve_runtime_ms_per_map,0.006002318718212897,0.005976225750125714,0.006032624722827462,1449,1449,1449,1449,,5000,5000,1.0,3021694564,20260901
B3_spatial_feature,2.0,per_class,all,micro,energy_raw,0.005420181187229029,0.0050339348311989945,0.0058434830682071465,1449,1449,1449,1449,,5000,5000,1.0,3021694564,20260901
B3_spatial_feature,2.0,per_class,all,micro,energy_smoothed,0.0016246196649622512,0.0014228911004628966,0.0018462571049791964,1449,1449,1449,1449,,5000,5000,1.0,3021694564,20260901
B3_spatial_feature,2.0,per_class,all,micro,energy_retention,0.23940317560015587,0.23630043415647073,0.24234938373348275,1449,1449,1449,1449,,5000,5000,1.0,3021694564,20260901
B3_spatial_feature,2.0,per_class,all,micro,linear_solve_relative_residual,6.114282842570787e-06,6.0171138146752046e-06,6.211768583083762e-06,1449,1449,1449,1449,,5000,5000,1.0,3021694564,20260901
B3_spatial_feature,2.0,per_class,all,micro,cg_iterations,11.0,11.0,11.0,1449,1449,1449,1449,,5000,5000,1.0,3021694564,20260901
B3_spatial_feature,2.0,per_class,all,micro,solve_runtime_ms_per_map,0.006002318718212897,0.005976225750125714,0.006032624722827462,1449,1449,1449,1449,,5000,5000,1.0,3021694564,20260901
B3_spatial_feature,2.0,per_class,all,micro,energy_raw,0.008142836995775058,0.007577587089964411,0.008753248667334006,1449,1449,1449,1449,,5000,5000,1.0,3021694564,20260901
B3_spatial_feature,2.0,per_class,all,micro,energy_smoothed,0.002547990615530103,0.0022665731349383596,0.0028482774851901036,1449,1449,1449,1449,,5000,5000,1.0,3021694564,20260901
B3_spatial_feature,2.0,per_class,all,micro,energy_retention,0.2417815313041416,0.2380711036935459,0.24557028811391549,1449,1449,1449,1449,,5000,5000,1.0,3021694564,20260901
B3_spatial_feature,2.0,per_class,all,micro,linear_solve_relative_residual,5.5350222416562185e-06,5.434023227629218e-06,5.630226541009194e-06,1449,1449,1449,1449,,5000,5000,1.0,3021694564,20260901
B3_spatial_feature,2.0,per_class,all,micro,cg_iterations,11.0,11.0,11.0,1449,1449,1449,1449,,5000,5000,1.0,3021694564,20260901
B3_spatial_feature,2.0,per_class,all,micro,solve_runtime_ms_per_map,0.006002318718212897,0.005976225750125714,0.006032624722827462,1449,1449,1449,1449,,5000,5000,1.0,3021694564,20260901
B3_spatial_feature,4.0,all_class_maps,all,micro,energy_raw,0.008761968170279017,0.008541722966292808,0.008999939468717221,1449,1449,28980,28980,,5000,5000,1.0,3021694564,20260901
B3_spatial_feature,4.0,all_class_maps,all,micro,energy_smoothed,0.0019821358480388066,0.001907873515205194,0.0020596859173382938,1449,1449,28980,28980,,5000,5000,1.0,3021694564,20260901
B3_spatial_feature,4.0,all_class_maps,all,micro,energy_retention,0.1431547734960965,0.14169657513340184,0.1446077264154335,1449,1449,28980,28980,,5000,5000,1.0,3021694564,20260901
B3_spatial_feature,4.0,all_class_maps,all,micro,linear_solve_relative_residual,6.159760103037178e-06,6.136421788285821e-06,6.182013387087696e-06,1449,1449,28980,28980,,5000,5000,1.0,3021694564,20260901
B3_spatial_feature,4.0,all_class_maps,all,micro,cg_iterations,15.132505175983438,15.115251897860594,15.150448585231194,1449,1449,28980,28980,,5000,5000,1.0,3021694564,20260901
B3_spatial_feature,4.0,all_class_maps,all,micro,solve_runtime_ms_per_map,0.00788240342897802,0.007846705703623532,0.00792275365114124,1449,1449,28980,28980,,5000,5000,1.0,3021694564,20260901
B3_spatial_feature,4.0,all_class_maps,all,macro_class,energy_raw,0.008761968170279019,0.008541722966292806,0.008999939468717223,1449,1449,28980,28980,20,5000,5000,1.0,3021694564,20260901
B3_spatial_feature,4.0,all_class_maps,all,macro_class,energy_smoothed,0.001982135848038807,0.001907873515205194,0.0020596859173382938,1449,1449,28980,28980,20,5000,5000,1.0,3021694564,20260901
B3_spatial_feature,4.0,all_class_maps,all,macro_class,energy_retention,0.14315477349609648,0.14169657513340184,0.1446077264154335,1449,1449,28980,28980,20,5000,5000,1.0,3021694564,20260901
B3_spatial_feature,4.0,all_class_maps,all,macro_class,linear_solve_relative_residual,6.159760103037177e-06,6.136421788285823e-06,6.182013387087696e-06,1449,1449,28980,28980,20,5000,5000,1.0,3021694564,20260901
B3_spatial_feature,4.0,all_class_maps,all,macro_class,cg_iterations,15.132505175983436,15.115251897860594,15.150448585231194,1449,1449,28980,28980,20,5000,5000,1.0,3021694564,20260901
B3_spatial_feature,4.0,all_class_maps,all,macro_class,solve_runtime_ms_per_map,0.00788240342897802,0.007846705703623533,0.007922753651141238,1449,1449,28980,28980,20,5000,5000,1.0,3021694564,20260901
B3_spatial_feature,4.0,all_class_maps,single_label,micro,energy_raw,0.00699637461628362,0.006780651942556804,0.007211999195736686,927,927,18540,18540,,5000,5000,1.0,3021694564,20260901
B3_spatial_feature,4.0,all_class_maps,single_label,micro,energy_smoothed,0.0013465694511802053,0.0012821727820223907,0.0014128113757440493,927,927,18540,18540,,5000,5000,1.0,3021694564,20260901
B3_spatial_feature,4.0,all_class_maps,single_label,micro,energy_retention,0.1330914652457274,0.13145004333618288,0.13474114473231497,927,927,18540,18540,,5000,5000,1.0,3021694564,20260901
B3_spatial_feature,4.0,all_class_maps,single_label,micro,linear_solve_relative_residual,6.0954365588277595e-06,6.066134839320224e-06,6.124727911641565e-06,927,927,18540,18540,,5000,5000,1.0,3021694564,20260901
B3_spatial_feature,4.0,all_class_maps,single_label,micro,cg_iterations,15.138079827400215,15.116504854368932,15.160733549083064,927,927,18540,18540,,5000,5000,1.0,3021694564,20260901
B3_spatial_feature,4.0,all_class_maps,single_label,micro,solve_runtime_ms_per_map,0.007883201140901762,0.007839246324437594,0.00793590042661482,927,927,18540,18540,,5000,5000,1.0,3021694564,20260901
B3_spatial_feature,4.0,all_class_maps,single_label,macro_class,energy_raw,0.006996374616283618,0.006780651942556804,0.007211999195736687,927,927,18540,18540,20,5000,5000,1.0,3021694564,20260901
B3_spatial_feature,4.0,all_class_maps,single_label,macro_class,energy_smoothed,0.0013465694511802055,0.0012821727820223907,0.0014128113757440495,927,927,18540,18540,20,5000,5000,1.0,3021694564,20260901
B3_spatial_feature,4.0,all_class_maps,single_label,macro_class,energy_retention,0.13309146524572738,0.1314500433361829,0.13474114473231494,927,927,18540,18540,20,5000,5000,1.0,3021694564,20260901
B3_spatial_feature,4.0,all_class_maps,single_label,macro_class,linear_solve_relative_residual,6.0954365588277595e-06,6.066134839320224e-06,6.124727911641564e-06,927,927,18540,18540,20,5000,5000,1.0,3021694564,20260901
B3_spatial_feature,4.0,all_class_maps,single_label,macro_class,cg_iterations,15.138079827400214,15.116504854368936,15.160733549083067,927,927,18540,18540,20,5000,5000,1.0,3021694564,20260901
B3_spatial_feature,4.0,all_class_maps,single_label,macro_class,solve_runtime_ms_per_map,0.007883201140901765,0.007839246324437594,0.007935900426614824,927,927,18540,18540,20,5000,5000,1.0,3021694564,20260901
B3_spatial_feature,4.0,all_class_maps,exactly_2_labels,micro,energy_raw,0.010898557301983237,0.010527640851814455,0.011293764832814534,375,375,7500,7500,,5000,5000,1.0,3021694564,20260901
B3_spatial_feature,4.0,all_class_maps,exactly_2_labels,micro,energy_smoothed,0.002717218890733784,0.0025869165067043407,0.002851319494252481,375,375,7500,7500,,5000,5000,1.0,3021694564,20260901
B3_spatial_feature,4.0,all_class_maps,exactly_2_labels,micro,energy_retention,0.15688248133013646,0.1544805488462746,0.159222685851641,375,375,7500,7500,,5000,5000,1.0,3021694564,20260901
B3_spatial_feature,4.0,all_class_maps,exactly_2_labels,micro,linear_solve_relative_residual,6.258063306086114e-06,6.2197457617109345e-06,6.296073682609252e-06,375,375,7500,7500,,5000,5000,1.0,3021694564,20260901
B3_spatial_feature,4.0,all_class_maps,exactly_2_labels,micro,cg_iterations,15.114666666666666,15.082666666666666,15.149333333333333,375,375,7500,7500,,5000,5000,1.0,3021694564,20260901
B3_spatial_feature,4.0,all_class_maps,exactly_2_labels,micro,solve_runtime_ms_per_map,0.007877481099718284,0.00781996949466702,0.007959647207742953,375,375,7500,7500,,5000,5000,1.0,3021694564,20260901
B3_spatial_feature,4.0,all_class_maps,exactly_2_labels,macro_class,energy_raw,0.010898557301983237,0.010527640851814452,0.011293764832814536,375,375,7500,7500,20,5000,5000,1.0,3021694564,20260901
B3_spatial_feature,4.0,all_class_maps,exactly_2_labels,macro_class,energy_smoothed,0.002717218890733784,0.0025869165067043407,0.002851319494252481,375,375,7500,7500,20,5000,5000,1.0,3021694564,20260901
B3_spatial_feature,4.0,all_class_maps,exactly_2_labels,macro_class,energy_retention,0.15688248133013644,0.1544805488462746,0.15922268585164098,375,375,7500,7500,20,5000,5000,1.0,3021694564,20260901
B3_spatial_feature,4.0,all_class_maps,exactly_2_labels,macro_class,linear_solve_relative_residual,6.2580633060861135e-06,6.2197457617109345e-06,6.296073682609251e-06,375,375,7500,7500,20,5000,5000,1.0,3021694564,20260901
B3_spatial_feature,4.0,all_class_maps,exactly_2_labels,macro_class,cg_iterations,15.114666666666668,15.082666666666665,15.14933333333334,375,375,7500,7500,20,5000,5000,1.0,3021694564,20260901
B3_spatial_feature,4.0,all_class_maps,exactly_2_labels,macro_class,solve_runtime_ms_per_map,0.007877481099718283,0.00781996949466702,0.007959647207742953,375,375,7500,7500,20,5000,5000,1.0,3021694564,20260901
B3_spatial_feature,4.0,all_class_maps,3plus_labels,micro,energy_raw,0.014445534838065759,0.01377103283415512,0.015114006454104852,147,147,2940,2940,,5000,5000,1.0,3021694564,20260901
B3_spatial_feature,4.0,all_class_maps,3plus_labels,micro,energy_smoothed,0.004114883527476269,0.0038575279336662193,0.004378232706717457,147,147,2940,2940,,5000,5000,1.0,3021694564,20260901
B3_spatial_feature,4.0,all_class_maps,3plus_labels,micro,energy_retention,0.1715955647228121,0.1683052263529274,0.17483813433869913,147,147,2940,2940,,5000,5000,1.0,3021694564,20260901
B3_spatial_feature,4.0,all_class_maps,3plus_labels,micro,linear_solve_relative_residual,6.314618772008469e-06,6.258050966222941e-06,6.368611065614478e-06,147,147,2940,2940,,5000,5000,1.0,3021694564,20260901
B3_spatial_feature,4.0,all_class_maps,3plus_labels,micro,cg_iterations,15.142857142857142,15.08843537414966,15.197278911564625,147,147,2940,2940,,5000,5000,1.0,3021694564,20260901
B3_spatial_feature,4.0,all_class_maps,3plus_labels,micro,solve_runtime_ms_per_map,0.007889929922305165,0.007804082837179015,0.008033732741907749,147,147,2940,2940,,5000,5000,1.0,3021694564,20260901
B3_spatial_feature,4.0,all_class_maps,3plus_labels,macro_class,energy_raw,0.014445534838065757,0.013771032834155124,0.015114006454104852,147,147,2940,2940,20,5000,5000,1.0,3021694564,20260901
B3_spatial_feature,4.0,all_class_maps,3plus_labels,macro_class,energy_smoothed,0.004114883527476269,0.0038575279336662185,0.004378232706717456,147,147,2940,2940,20,5000,5000,1.0,3021694564,20260901
B3_spatial_feature,4.0,all_class_maps,3plus_labels,macro_class,energy_retention,0.17159556472281207,0.1683052263529274,0.17483813433869913,147,147,2940,2940,20,5000,5000,1.0,3021694564,20260901
B3_spatial_feature,4.0,all_class_maps,3plus_labels,macro_class,linear_solve_relative_residual,6.314618772008468e-06,6.258050966222941e-06,6.368611065614478e-06,147,147,2940,2940,20,5000,5000,1.0,3021694564,20260901
B3_spatial_feature,4.0,all_class_maps,3plus_labels,macro_class,cg_iterations,15.142857142857144,15.08843537414966,15.197278911564633,147,147,2940,2940,20,5000,5000,1.0,3021694564,20260901
B3_spatial_feature,4.0,all_class_maps,3plus_labels,macro_class,solve_runtime_ms_per_map,0.007889929922305165,0.007804082837179015,0.008033732741907747,147,147,2940,2940,20,5000,5000,1.0,3021694564,20260901
B3_spatial_feature,4.0,per_class,all,micro,energy_raw,0.005584940945860088,0.005235611773196854,0.0059771386402620716,1449,1449,1449,1449,,5000,5000,1.0,3021694564,20260901
B3_spatial_feature,4.0,per_class,all,micro,energy_smoothed,0.0009944906623742728,0.0008532985559252473,0.0011512049141588535,1449,1449,1449,1449,,5000,5000,1.0,3021694564,20260901
B3_spatial_feature,4.0,per_class,all,micro,energy_retention,0.1311310603083455,0.12828696054889158,0.13401048403050753,1449,1449,1449,1449,,5000,5000,1.0,3021694564,20260901
B3_spatial_feature,4.0,per_class,all,micro,linear_solve_relative_residual,6.0869376629149935e-06,6.024377827074477e-06,6.149102049788356e-06,1449,1449,1449,1449,,5000,5000,1.0,3021694564,20260901
B3_spatial_feature,4.0,per_class,all,micro,cg_iterations,15.132505175983438,15.115251897860594,15.150448585231194,1449,1449,1449,1449,,5000,5000,1.0,3021694564,20260901
B3_spatial_feature,4.0,per_class,all,micro,solve_runtime_ms_per_map,0.007882403428978021,0.007846705703623532,0.00792275365114124,1449,1449,1449,1449,,5000,5000,1.0,3021694564,20260901
B3_spatial_feature,4.0,per_class,all,micro,energy_raw,0.00711112421101089,0.006543097257202143,0.007737061707929594,1449,1449,1449,1449,,5000,5000,1.0,3021694564,20260901
B3_spatial_feature,4.0,per_class,all,micro,energy_smoothed,0.001475917621620698,0.0012611058774981826,0.001706733671296681,1449,1449,1449,1449,,5000,5000,1.0,3021694564,20260901
B3_spatial_feature,4.0,per_class,all,micro,energy_retention,0.1321848159986294,0.12905951470362886,0.13543259997397733,1449,1449,1449,1449,,5000,5000,1.0,3021694564,20260901
B3_spatial_feature,4.0,per_class,all,micro,linear_solve_relative_residual,6.060641071178554e-06,5.992154072846159e-06,6.132174319076558e-06,1449,1449,1449,1449,,5000,5000,1.0,3021694564,20260901
B3_spatial_feature,4.0,per_class,all,micro,cg_iterations,15.132505175983438,15.115251897860594,15.150448585231194,1449,1449,1449,1449,,5000,5000,1.0,3021694564,20260901
B3_spatial_feature,4.0,per_class,all,micro,solve_runtime_ms_per_map,0.007882403428978021,0.007846705703623532,0.00792275365114124,1449,1449,1449,1449,,5000,5000,1.0,3021694564,20260901
B3_spatial_feature,4.0,per_class,all,micro,energy_raw,0.005411394378151089,0.0051918731471358144,0.005670479117280317,1449,1449,1449,1449,,5000,5000,1.0,3021694564,20260901
B3_spatial_feature,4.0,per_class,all,micro,energy_smoothed,0.0007858687657739175,0.0007121505310376602,0.0008738218858238369,1449,1449,1449,1449,,5000,5000,1.0,3021694564,20260901
B3_spatial_feature,4.0,per_class,all,micro,energy_retention,0.1225084584152353,0.12024993697725098,0.12488573698803854,1449,1449,1449,1449,,5000,5000,1.0,3021694564,20260901
B3_spatial_feature,4.0,per_class,all,micro,linear_solve_relative_residual,6.145889036601752e-06,6.082493132468929e-06,6.209340346689686e-06,1449,1449,1449,1449,,5000,5000,1.0,3021694564,20260901
B3_spatial_feature,4.0,per_class,all,micro,cg_iterations,15.132505175983438,15.115251897860594,15.150448585231194,1449,1449,1449,1449,,5000,5000,1.0,3021694564,20260901
B3_spatial_feature,4.0,per_class,all,micro,solve_runtime_ms_per_map,0.007882403428978021,0.007846705703623532,0.00792275365114124,1449,1449,1449,1449,,5000,5000,1.0,3021694564,20260901
B3_spatial_feature,4.0,per_class,all,micro,energy_raw,0.00650339352504946,0.00599689694471208,0.007076558137556449,1449,1449,1449,1449,,5000,5000,1.0,3021694564,20260901
B3_spatial_feature,4.0,per_class,all,micro,energy_smoothed,0.0013216763238385295,0.0011147884856752145,0.0015588576334133624,1449,1449,1449,1449,,5000,5000,1.0,3021694564,20260901
B3_spatial_feature,4.0,per_class,all,micro,energy_retention,0.13810874083387267,0.1352069225551122,0.14116108568039454,1449,1449,1449,1449,,5000,5000,1.0,3021694564,20260901
B3_spatial_feature,4.0,per_class,all,micro,linear_solve_relative_residual,6.1149458877460275e-06,6.048562711515116e-06,6.18028707490769e-06,1449,1449,1449,1449,,5000,5000,1.0,3021694564,20260901
B3_spatial_feature,4.0,per_class,all,micro,cg_iterations,15.132505175983438,15.115251897860594,15.150448585231194,1449,1449,1449,1449,,5000,5000,1.0,3021694564,20260901
B3_spatial_feature,4.0,per_class,all,micro,solve_runtime_ms_per_map,0.007882403428978021,0.007846705703623532,0.00792275365114124,1449,1449,1449,1449,,5000,5000,1.0,3021694564,20260901
B3_spatial_feature,4.0,per_class,all,micro,energy_raw,0.010192204752372638,0.00940900484687765,0.011011853013900279,1449,1449,1449,1449,,5000,5000,1.0,3021694564,20260901
B3_spatial_feature,4.0,per_class,all,micro,energy_smoothed,0.0023551666340461287,0.0020486382522620947,0.0026793338821208892,1449,1449,1449,1449,,5000,5000,1.0,3021694564,20260901
B3_spatial_feature,4.0,per_class,all,micro,energy_retention,0.14518621750047406,0.14132280364045147,0.1491176551580686,1449,1449,1449,1449,,5000,5000,1.0,3021694564,20260901
B3_spatial_feature,4.0,per_class,all,micro,linear_solve_relative_residual,6.0686130750052e-06,5.996930244929342e-06,6.137888427805476e-06,1449,1449,1449,1449,,5000,5000,1.0,3021694564,20260901
B3_spatial_feature,4.0,per_class,all,micro,cg_iterations,15.132505175983438,15.115251897860594,15.150448585231194,1449,1449,1449,1449,,5000,5000,1.0,3021694564,20260901
B3_spatial_feature,4.0,per_class,all,micro,solve_runtime_ms_per_map,0.007882403428978021,0.007846705703623532,0.00792275365114124,1449,1449,1449,1449,,5000,5000,1.0,3021694564,20260901
B3_spatial_feature,4.0,per_class,all,micro,energy_raw,0.0068524456125015,0.006432922064275928,0.0073006491970240015,1449,1449,1449,1449,,5000,5000,1.0,3021694564,20260901
B3_spatial_feature,4.0,per_class,all,micro,energy_smoothed,0.0013365889621650758,0.0011757594511188206,0.0015102222113892838,1449,1449,1449,1449,,5000,5000,1.0,3021694564,20260901
B3_spatial_feature,4.0,per_class,all,micro,energy_retention,0.1382994937785664,0.1350351691829636,0.14157349835885877,1449,1449,1449,1449,,5000,5000,1.0,3021694564,20260901
B3_spatial_feature,4.0,per_class,all,micro,linear_solve_relative_residual,6.183238379762054e-06,6.117872069833493e-06,6.249530675723472e-06,1449,1449,1449,1449,,5000,5000,1.0,3021694564,20260901
B3_spatial_feature,4.0,per_class,all,micro,cg_iterations,15.132505175983438,15.115251897860594,15.150448585231194,1449,1449,1449,1449,,5000,5000,1.0,3021694564,20260901
B3_spatial_feature,4.0,per_class,all,micro,solve_runtime_ms_per_map,0.007882403428978021,0.007846705703623532,0.00792275365114124,1449,1449,1449,1449,,5000,5000,1.0,3021694564,20260901
B3_spatial_feature,4.0,per_class,all,micro,energy_raw,0.011481013256359751,0.010615790698234939,0.012382722470676046,1449,1449,1449,1449,,5000,5000,1.0,3021694564,20260901
B3_spatial_feature,4.0,per_class,all,micro,energy_smoothed,0.0025716473738317588,0.0022895766064927607,0.002868560179062588,1449,1449,1449,1449,,5000,5000,1.0,3021694564,20260901
B3_spatial_feature,4.0,per_class,all,micro,energy_retention,0.15492112207784992,0.15109835053299822,0.15881328501419167,1449,1449,1449,1449,,5000,5000,1.0,3021694564,20260901
B3_spatial_feature,4.0,per_class,all,micro,linear_solve_relative_residual,6.360684029523057e-06,6.285294275343676e-06,6.432082309105602e-06,1449,1449,1449,1449,,5000,5000,1.0,3021694564,20260901
B3_spatial_feature,4.0,per_class,all,micro,cg_iterations,15.132505175983438,15.115251897860594,15.150448585231194,1449,1449,1449,1449,,5000,5000,1.0,3021694564,20260901
B3_spatial_feature,4.0,per_class,all,micro,solve_runtime_ms_per_map,0.007882403428978021,0.007846705703623532,0.00792275365114124,1449,1449,1449,1449,,5000,5000,1.0,3021694564,20260901
B3_spatial_feature,4.0,per_class,all,micro,energy_raw,0.0065699590021696804,0.006147801392679402,0.007050189713626429,1449,1449,1449,1449,,5000,5000,1.0,3021694564,20260901
B3_spatial_feature,4.0,per_class,all,micro,energy_smoothed,0.0014137810417833392,0.001232143786786679,0.0016149140101835752,1449,1449,1449,1449,,5000,5000,1.0,3021694564,20260901
B3_spatial_feature,4.0,per_class,all,micro,energy_retention,0.14126884803854653,0.13725004507231303,0.14546724898738078,1449,1449,1449,1449,,5000,5000,1.0,3021694564,20260901
B3_spatial_feature,4.0,per_class,all,micro,linear_solve_relative_residual,6.077340953507632e-06,6.010204817828813e-06,6.141650250153127e-06,1449,1449,1449,1449,,5000,5000,1.0,3021694564,20260901
B3_spatial_feature,4.0,per_class,all,micro,cg_iterations,15.132505175983438,15.115251897860594,15.150448585231194,1449,1449,1449,1449,,5000,5000,1.0,3021694564,20260901
B3_spatial_feature,4.0,per_class,all,micro,solve_runtime_ms_per_map,0.007882403428978021,0.007846705703623532,0.00792275365114124,1449,1449,1449,1449,,5000,5000,1.0,3021694564,20260901
B3_spatial_feature,4.0,per_class,all,micro,energy_raw,0.015118487143928919,0.013971878564595185,0.01640039174442306,1449,1449,1449,1449,,5000,5000,1.0,3021694564,20260901
B3_spatial_feature,4.0,per_class,all,micro,energy_smoothed,0.0039305024497288754,0.00348724727186392,0.004406155384156633,1449,1449,1449,1449,,5000,5000,1.0,3021694564,20260901
B3_spatial_feature,4.0,per_class,all,micro,energy_retention,0.15386731706667636,0.14938862670587055,0.15856948619061828,1449,1449,1449,1449,,5000,5000,1.0,3021694564,20260901
B3_spatial_feature,4.0,per_class,all,micro,linear_solve_relative_residual,6.295050310318483e-06,6.22533437699879e-06,6.362007341042404e-06,1449,1449,1449,1449,,5000,5000,1.0,3021694564,20260901
B3_spatial_feature,4.0,per_class,all,micro,cg_iterations,15.132505175983438,15.115251897860594,15.150448585231194,1449,1449,1449,1449,,5000,5000,1.0,3021694564,20260901
B3_spatial_feature,4.0,per_class,all,micro,solve_runtime_ms_per_map,0.007882403428978021,0.007846705703623532,0.00792275365114124,1449,1449,1449,1449,,5000,5000,1.0,3021694564,20260901
B3_spatial_feature,4.0,per_class,all,micro,energy_raw,0.0067092568305558205,0.00614135054300571,0.007337864645536002,1449,1449,1449,1449,,5000,5000,1.0,3021694564,20260901
B3_spatial_feature,4.0,per_class,all,micro,energy_smoothed,0.001547027936073427,0.0012981475983508477,0.0018194697036094676,1449,1449,1449,1449,,5000,5000,1.0,3021694564,20260901
B3_spatial_feature,4.0,per_class,all,micro,energy_retention,0.13197934471734069,0.12822218362802448,0.13593223701527482,1449,1449,1449,1449,,5000,5000,1.0,3021694564,20260901
B3_spatial_feature,4.0,per_class,all,micro,linear_solve_relative_residual,5.935479349701991e-06,5.8741373038197285e-06,5.9956118175464004e-06,1449,1449,1449,1449,,5000,5000,1.0,3021694564,20260901
B3_spatial_feature,4.0,per_class,all,micro,cg_iterations,15.132505175983438,15.115251897860594,15.150448585231194,1449,1449,1449,1449,,5000,5000,1.0,3021694564,20260901
B3_spatial_feature,4.0,per_class,all,micro,solve_runtime_ms_per_map,0.007882403428978021,0.007846705703623532,0.00792275365114124,1449,1449,1449,1449,,5000,5000,1.0,3021694564,20260901
B3_spatial_feature,4.0,per_class,all,micro,energy_raw,0.008128713067618422,0.007463190351574141,0.008857740438145568,1449,1449,1449,1449,,5000,5000,1.0,3021694564,20260901
B3_spatial_feature,4.0,per_class,all,micro,energy_smoothed,0.0017212270779533247,0.001481284053250161,0.00198928161019117,1449,1449,1449,1449,,5000,5000,1.0,3021694564,20260901
B3_spatial_feature,4.0,per_class,all,micro,energy_retention,0.13696592058690768,0.13379148633455187,0.14008701019023795,1449,1449,1449,1449,,5000,5000,1.0,3021694564,20260901
B3_spatial_feature,4.0,per_class,all,micro,linear_solve_relative_residual,6.1724297647416395e-06,6.1037962547096705e-06,6.241004580248225e-06,1449,1449,1449,1449,,5000,5000,1.0,3021694564,20260901
B3_spatial_feature,4.0,per_class,all,micro,cg_iterations,15.132505175983438,15.115251897860594,15.150448585231194,1449,1449,1449,1449,,5000,5000,1.0,3021694564,20260901
B3_spatial_feature,4.0,per_class,all,micro,solve_runtime_ms_per_map,0.007882403428978021,0.007846705703623532,0.00792275365114124,1449,1449,1449,1449,,5000,5000,1.0,3021694564,20260901
B3_spatial_feature,4.0,per_class,all,micro,energy_raw,0.008283017577122694,0.007776296444769417,0.008831988973639458,1449,1449,1449,1449,,5000,5000,1.0,3021694564,20260901
B3_spatial_feature,4.0,per_class,all,micro,energy_smoothed,0.0019107387330804214,0.0016748546971693458,0.0021704886068513642,1449,1449,1449,1449,,5000,5000,1.0,3021694564,20260901
B3_spatial_feature,4.0,per_class,all,micro,energy_retention,0.14761726040421394,0.14293590509728,0.1528620497368564,1449,1449,1449,1449,,5000,5000,1.0,3021694564,20260901
B3_spatial_feature,4.0,per_class,all,micro,linear_solve_relative_residual,6.423581837082248e-06,6.353007994879229e-06,6.492471359971261e-06,1449,1449,1449,1449,,5000,5000,1.0,3021694564,20260901
B3_spatial_feature,4.0,per_class,all,micro,cg_iterations,15.132505175983438,15.115251897860594,15.150448585231194,1449,1449,1449,1449,,5000,5000,1.0,3021694564,20260901
B3_spatial_feature,4.0,per_class,all,micro,solve_runtime_ms_per_map,0.007882403428978021,0.007846705703623532,0.00792275365114124,1449,1449,1449,1449,,5000,5000,1.0,3021694564,20260901
B3_spatial_feature,4.0,per_class,all,micro,energy_raw,0.006759637093918335,0.006281849364638411,0.00728001882940122,1449,1449,1449,1449,,5000,5000,1.0,3021694564,20260901
B3_spatial_feature,4.0,per_class,all,micro,energy_smoothed,0.0013302838911016049,0.0011543050851333082,0.0015170840267695054,1449,1449,1449,1449,,5000,5000,1.0,3021694564,20260901
B3_spatial_feature,4.0,per_class,all,micro,energy_retention,0.13280926453781342,0.12941112538325306,0.13628855861390485,1449,1449,1449,1449,,5000,5000,1.0,3021694564,20260901
B3_spatial_feature,4.0,per_class,all,micro,linear_solve_relative_residual,6.145312719811893e-06,6.083242782947268e-06,6.211167304167526e-06,1449,1449,1449,1449,,5000,5000,1.0,3021694564,20260901
B3_spatial_feature,4.0,per_class,all,micro,cg_iterations,15.132505175983438,15.115251897860594,15.150448585231194,1449,1449,1449,1449,,5000,5000,1.0,3021694564,20260901
B3_spatial_feature,4.0,per_class,all,micro,solve_runtime_ms_per_map,0.007882403428978021,0.007846705703623532,0.00792275365114124,1449,1449,1449,1449,,5000,5000,1.0,3021694564,20260901
B3_spatial_feature,4.0,per_class,all,micro,energy_raw,0.007051680254890713,0.006605366495020304,0.0075118325845279915,1449,1449,1449,1449,,5000,5000,1.0,3021694564,20260901
B3_spatial_feature,4.0,per_class,all,micro,energy_smoothed,0.0014960850329111665,0.0013041887835826067,0.0016889276242552905,1449,1449,1449,1449,,5000,5000,1.0,3021694564,20260901
B3_spatial_feature,4.0,per_class,all,micro,energy_retention,0.13759465409433785,0.13374873372527538,0.14150636660190927,1449,1449,1449,1449,,5000,5000,1.0,3021694564,20260901
B3_spatial_feature,4.0,per_class,all,micro,linear_solve_relative_residual,6.045589599508885e-06,5.97814751961582e-06,6.111435908161015e-06,1449,1449,1449,1449,,5000,5000,1.0,3021694564,20260901
B3_spatial_feature,4.0,per_class,all,micro,cg_iterations,15.132505175983438,15.115251897860594,15.150448585231194,1449,1449,1449,1449,,5000,5000,1.0,3021694564,20260901
B3_spatial_feature,4.0,per_class,all,micro,solve_runtime_ms_per_map,0.007882403428978021,0.007846705703623532,0.00792275365114124,1449,1449,1449,1449,,5000,5000,1.0,3021694564,20260901
B3_spatial_feature,4.0,per_class,all,micro,energy_raw,0.02202026813732572,0.020538183264420678,0.023533143153987125,1449,1449,1449,1449,,5000,5000,1.0,3021694564,20260901
B3_spatial_feature,4.0,per_class,all,micro,energy_smoothed,0.006366573107446363,0.005840296400336247,0.006900269792928355,1449,1449,1449,1449,,5000,5000,1.0,3021694564,20260901
B3_spatial_feature,4.0,per_class,all,micro,energy_retention,0.21117633262879276,0.20513114003082797,0.21734620051032985,1449,1449,1449,1449,,5000,5000,1.0,3021694564,20260901
B3_spatial_feature,4.0,per_class,all,micro,linear_solve_relative_residual,6.180244289152688e-06,6.106301243367122e-06,6.253709979735728e-06,1449,1449,1449,1449,,5000,5000,1.0,3021694564,20260901
B3_spatial_feature,4.0,per_class,all,micro,cg_iterations,15.132505175983438,15.115251897860594,15.150448585231194,1449,1449,1449,1449,,5000,5000,1.0,3021694564,20260901
B3_spatial_feature,4.0,per_class,all,micro,solve_runtime_ms_per_map,0.007882403428978021,0.007846705703623532,0.00792275365114124,1449,1449,1449,1449,,5000,5000,1.0,3021694564,20260901
B3_spatial_feature,4.0,per_class,all,micro,energy_raw,0.011407561864532926,0.010640657072233807,0.012260319650178972,1449,1449,1449,1449,,5000,5000,1.0,3021694564,20260901
B3_spatial_feature,4.0,per_class,all,micro,energy_smoothed,0.0023222077290974705,0.0020609308466726984,0.0026185046623231193,1449,1449,1449,1449,,5000,5000,1.0,3021694564,20260901
B3_spatial_feature,4.0,per_class,all,micro,energy_retention,0.13778377253899005,0.13426838484126755,0.14138023643719072,1449,1449,1449,1449,,5000,5000,1.0,3021694564,20260901
B3_spatial_feature,4.0,per_class,all,micro,linear_solve_relative_residual,6.274545790398002e-06,6.2052637860939015e-06,6.347159050438113e-06,1449,1449,1449,1449,,5000,5000,1.0,3021694564,20260901
B3_spatial_feature,4.0,per_class,all,micro,cg_iterations,15.132505175983438,15.115251897860594,15.150448585231194,1449,1449,1449,1449,,5000,5000,1.0,3021694564,20260901
B3_spatial_feature,4.0,per_class,all,micro,solve_runtime_ms_per_map,0.007882403428978021,0.007846705703623532,0.00792275365114124,1449,1449,1449,1449,,5000,5000,1.0,3021694564,20260901
B3_spatial_feature,4.0,per_class,all,micro,energy_raw,0.005495244372244654,0.0051814669165100675,0.005850302766772499,1449,1449,1449,1449,,5000,5000,1.0,3021694564,20260901
B3_spatial_feature,4.0,per_class,all,micro,energy_smoothed,0.0009446839822936364,0.0008298820427030537,0.0010755740106173594,1449,1449,1449,1449,,5000,5000,1.0,3021694564,20260901
B3_spatial_feature,4.0,per_class,all,micro,energy_retention,0.13303139010602397,0.1300909598759042,0.13584791706628155,1449,1449,1449,1449,,5000,5000,1.0,3021694564,20260901
B3_spatial_feature,4.0,per_class,all,micro,linear_solve_relative_residual,6.158750227384771e-06,6.0923433349732425e-06,6.226780989155009e-06,1449,1449,1449,1449,,5000,5000,1.0,3021694564,20260901
B3_spatial_feature,4.0,per_class,all,micro,cg_iterations,15.132505175983438,15.115251897860594,15.150448585231194,1449,1449,1449,1449,,5000,5000,1.0,3021694564,20260901
B3_spatial_feature,4.0,per_class,all,micro,solve_runtime_ms_per_map,0.007882403428978021,0.007846705703623532,0.00792275365114124,1449,1449,1449,1449,,5000,5000,1.0,3021694564,20260901
B3_spatial_feature,4.0,per_class,all,micro,energy_raw,0.010996003196962959,0.010004006468891706,0.012114521464571313,1449,1449,1449,1449,,5000,5000,1.0,3021694564,20260901
B3_spatial_feature,4.0,per_class,all,micro,energy_smoothed,0.003084627601499714,0.0026674074376181077,0.003562755768971962,1449,1449,1449,1449,,5000,5000,1.0,3021694564,20260901
B3_spatial_feature,4.0,per_class,all,micro,energy_retention,0.15420605675455534,0.14975042047243875,0.15901540086634863,1449,1449,1449,1449,,5000,5000,1.0,3021694564,20260901
B3_spatial_feature,4.0,per_class,all,micro,linear_solve_relative_residual,6.1493289883154624e-06,6.0788494225035705e-06,6.2189319590390815e-06,1449,1449,1449,1449,,5000,5000,1.0,3021694564,20260901
B3_spatial_feature,4.0,per_class,all,micro,cg_iterations,15.132505175983438,15.115251897860594,15.150448585231194,1449,1449,1449,1449,,5000,5000,1.0,3021694564,20260901
B3_spatial_feature,4.0,per_class,all,micro,solve_runtime_ms_per_map,0.007882403428978021,0.007846705703623532,0.00792275365114124,1449,1449,1449,1449,,5000,5000,1.0,3021694564,20260901
B3_spatial_feature,4.0,per_class,all,micro,energy_raw,0.005420181187229029,0.0050339348311989945,0.0058434830682071465,1449,1449,1449,1449,,5000,5000,1.0,3021694564,20260901
B3_spatial_feature,4.0,per_class,all,micro,energy_smoothed,0.0010510310848916638,0.0008943148451221403,0.0012232017751215496,1449,1449,1449,1449,,5000,5000,1.0,3021694564,20260901
B3_spatial_feature,4.0,per_class,all,micro,energy_retention,0.13884350773155318,0.13610277788005282,0.14149275997588043,1449,1449,1449,1449,,5000,5000,1.0,3021694564,20260901
B3_spatial_feature,4.0,per_class,all,micro,linear_solve_relative_residual,6.036957842639305e-06,5.975547736589925e-06,6.101558275721743e-06,1449,1449,1449,1449,,5000,5000,1.0,3021694564,20260901
B3_spatial_feature,4.0,per_class,all,micro,cg_iterations,15.132505175983438,15.115251897860594,15.150448585231194,1449,1449,1449,1449,,5000,5000,1.0,3021694564,20260901
B3_spatial_feature,4.0,per_class,all,micro,solve_runtime_ms_per_map,0.007882403428978021,0.007846705703623532,0.00792275365114124,1449,1449,1449,1449,,5000,5000,1.0,3021694564,20260901
B3_spatial_feature,4.0,per_class,all,micro,energy_raw,0.008142836995775058,0.007577587089964411,0.008753248667334006,1449,1449,1449,1449,,5000,5000,1.0,3021694564,20260901
B3_spatial_feature,4.0,per_class,all,micro,energy_smoothed,0.0016825909492647465,0.0014703748477589624,0.001911819659769444,1449,1449,1449,1449,,5000,5000,1.0,3021694564,20260901
B3_spatial_feature,4.0,per_class,all,micro,energy_retention,0.14361189180320505,0.14038800922144665,0.1468935615336169,1449,1449,1449,1449,,5000,5000,1.0,3021694564,20260901
B3_spatial_feature,4.0,per_class,all,micro,linear_solve_relative_residual,6.27964124544892e-06,6.208838875405833e-06,6.3535415741898e-06,1449,1449,1449,1449,,5000,5000,1.0,3021694564,20260901
B3_spatial_feature,4.0,per_class,all,micro,cg_iterations,15.132505175983438,15.115251897860594,15.150448585231194,1449,1449,1449,1449,,5000,5000,1.0,3021694564,20260901
B3_spatial_feature,4.0,per_class,all,micro,solve_runtime_ms_per_map,0.007882403428978021,0.007846705703623532,0.00792275365114124,1449,1449,1449,1449,,5000,5000,1.0,3021694564,20260901
