graph,lambda,scope,stratum,aggregation,metric,estimate,ci_low,ci_high,num_images,num_images_total,num_rows,num_rows_total,num_classes,bootstrap_repeats,bootstrap_valid_repeats,bootstrap_valid_fraction,bootstrap_seed,bootstrap_base_seed
B1_spatial,0.25,all_class_maps,all,micro,fidelity,0.013623003983176637,0.013500067170080616,0.013750699927742426,1449,1449,28980,28980,,5000,5000,1.0,3021694564,20260901
B1_spatial,0.25,all_class_maps,all,micro,relative_l2_change,0.013623003983176637,0.013500067170080616,0.013750699927742426,1449,1449,28980,28980,,5000,5000,1.0,3021694564,20260901
B1_spatial,0.25,all_class_maps,all,micro,map_pearson,0.998645597632545,0.9986365693036321,0.9986544620861177,1449,1449,28980,28980,,5000,5000,1.0,3021694564,20260901
B1_spatial,0.25,all_class_maps,all,micro,map_spearman,0.9976395085608244,0.9975960324928833,0.9976817508057798,1449,1449,28980,28980,,5000,5000,1.0,3021694564,20260901
B1_spatial,0.25,all_class_maps,all,micro,smoothed_std_over_raw,0.9566232244009145,0.9563325290589126,0.956907422739763,1449,1449,28980,28980,,5000,5000,1.0,3021694564,20260901
B1_spatial,0.25,all_class_maps,all,macro_class,fidelity,0.013623003983176635,0.013500067170080616,0.013750699927742428,1449,1449,28980,28980,20,5000,5000,1.0,3021694564,20260901
B1_spatial,0.25,all_class_maps,all,macro_class,relative_l2_change,0.013623003983176635,0.013500067170080616,0.013750699927742428,1449,1449,28980,28980,20,5000,5000,1.0,3021694564,20260901
B1_spatial,0.25,all_class_maps,all,macro_class,map_pearson,0.998645597632545,0.9986365693036322,0.9986544620861179,1449,1449,28980,28980,20,5000,5000,1.0,3021694564,20260901
B1_spatial,0.25,all_class_maps,all,macro_class,map_spearman,0.9976395085608244,0.9975960324928834,0.9976817508057799,1449,1449,28980,28980,20,5000,5000,1.0,3021694564,20260901
B1_spatial,0.25,all_class_maps,all,macro_class,smoothed_std_over_raw,0.9566232244009145,0.9563325290589128,0.9569074227397635,1449,1449,28980,28980,20,5000,5000,1.0,3021694564,20260901
B1_spatial,0.25,all_class_maps,single_label,micro,fidelity,0.012676436103807065,0.01254098728346674,0.01281367135067466,927,927,18540,18540,,5000,5000,1.0,3021694564,20260901
B1_spatial,0.25,all_class_maps,single_label,micro,relative_l2_change,0.012676436103807065,0.01254098728346674,0.01281367135067466,927,927,18540,18540,,5000,5000,1.0,3021694564,20260901
B1_spatial,0.25,all_class_maps,single_label,micro,map_pearson,0.9986528630041897,0.9986409046570042,0.9986649831645633,927,927,18540,18540,,5000,5000,1.0,3021694564,20260901
B1_spatial,0.25,all_class_maps,single_label,micro,map_spearman,0.9974539132694339,0.997387648631679,0.9975134147523612,927,927,18540,18540,,5000,5000,1.0,3021694564,20260901
B1_spatial,0.25,all_class_maps,single_label,micro,smoothed_std_over_raw,0.9553265778410139,0.9549671973879604,0.9556803730316661,927,927,18540,18540,,5000,5000,1.0,3021694564,20260901
B1_spatial,0.25,all_class_maps,single_label,macro_class,fidelity,0.012676436103807065,0.012540987283466738,0.012813671350674662,927,927,18540,18540,20,5000,5000,1.0,3021694564,20260901
B1_spatial,0.25,all_class_maps,single_label,macro_class,relative_l2_change,0.012676436103807065,0.012540987283466738,0.012813671350674662,927,927,18540,18540,20,5000,5000,1.0,3021694564,20260901
B1_spatial,0.25,all_class_maps,single_label,macro_class,map_pearson,0.9986528630041898,0.9986409046570044,0.9986649831645634,927,927,18540,18540,20,5000,5000,1.0,3021694564,20260901
B1_spatial,0.25,all_class_maps,single_label,macro_class,map_spearman,0.9974539132694341,0.997387648631679,0.9975134147523612,927,927,18540,18540,20,5000,5000,1.0,3021694564,20260901
B1_spatial,0.25,all_class_maps,single_label,macro_class,smoothed_std_over_raw,0.9553265778410139,0.9549671973879604,0.9556803730316663,927,927,18540,18540,20,5000,5000,1.0,3021694564,20260901
B1_spatial,0.25,all_class_maps,exactly_2_labels,micro,fidelity,0.014858430241545042,0.014673412307919935,0.015045789379514753,375,375,7500,7500,,5000,5000,1.0,3021694564,20260901
B1_spatial,0.25,all_class_maps,exactly_2_labels,micro,relative_l2_change,0.014858430241545042,0.014673412307919935,0.015045789379514753,375,375,7500,7500,,5000,5000,1.0,3021694564,20260901
B1_spatial,0.25,all_class_maps,exactly_2_labels,micro,map_pearson,0.9986275933424632,0.9986111925123136,0.9986435463223854,375,375,7500,7500,,5000,5000,1.0,3021694564,20260901
B1_spatial,0.25,all_class_maps,exactly_2_labels,micro,map_spearman,0.9979482073624929,0.9979112258688609,0.9979833375447988,375,375,7500,7500,,5000,5000,1.0,3021694564,20260901
B1_spatial,0.25,all_class_maps,exactly_2_labels,micro,smoothed_std_over_raw,0.9584909762461981,0.9579403887905676,0.9590287590998411,375,375,7500,7500,,5000,5000,1.0,3021694564,20260901
B1_spatial,0.25,all_class_maps,exactly_2_labels,macro_class,fidelity,0.01485843024154504,0.014673412307919935,0.015045789379514755,375,375,7500,7500,20,5000,5000,1.0,3021694564,20260901
B1_spatial,0.25,all_class_maps,exactly_2_labels,macro_class,relative_l2_change,0.01485843024154504,0.014673412307919935,0.015045789379514755,375,375,7500,7500,20,5000,5000,1.0,3021694564,20260901
B1_spatial,0.25,all_class_maps,exactly_2_labels,macro_class,map_pearson,0.9986275933424631,0.9986111925123136,0.9986435463223855,375,375,7500,7500,20,5000,5000,1.0,3021694564,20260901
B1_spatial,0.25,all_class_maps,exactly_2_labels,macro_class,map_spearman,0.9979482073624929,0.9979112258688608,0.9979833375447986,375,375,7500,7500,20,5000,5000,1.0,3021694564,20260901
B1_spatial,0.25,all_class_maps,exactly_2_labels,macro_class,smoothed_std_over_raw,0.958490976246198,0.9579403887905678,0.9590287590998411,375,375,7500,7500,20,5000,5000,1.0,3021694564,20260901
B1_spatial,0.25,all_class_maps,3plus_labels,micro,fidelity,0.016440579338873527,0.016164978224313724,0.016713390025986537,147,147,2940,2940,,5000,5000,1.0,3021694564,20260901
B1_spatial,0.25,all_class_maps,3plus_labels,micro,relative_l2_change,0.016440579338873527,0.016164978224313724,0.016713390025986537,147,147,2940,2940,,5000,5000,1.0,3021694564,20260901
B1_spatial,0.25,all_class_maps,3plus_labels,micro,map_pearson,0.9986457106207504,0.9986212180103777,0.9986693262866362,147,147,2940,2940,,5000,5000,1.0,3021694564,20260901
B1_spatial,0.25,all_class_maps,3plus_labels,micro,map_spearman,0.9980223982512545,0.9979738313785824,0.9980698942616075,147,147,2940,2940,,5000,5000,1.0,3021694564,20260901
B1_spatial,0.25,all_class_maps,3plus_labels,micro,smoothed_std_over_raw,0.9600353633059936,0.9592078612775219,0.9608312508899745,147,147,2940,2940,,5000,5000,1.0,3021694564,20260901
B1_spatial,0.25,all_class_maps,3plus_labels,macro_class,fidelity,0.016440579338873527,0.016164978224313724,0.016713390025986537,147,147,2940,2940,20,5000,5000,1.0,3021694564,20260901
B1_spatial,0.25,all_class_maps,3plus_labels,macro_class,relative_l2_change,0.016440579338873527,0.016164978224313724,0.016713390025986537,147,147,2940,2940,20,5000,5000,1.0,3021694564,20260901
B1_spatial,0.25,all_class_maps,3plus_labels,macro_class,map_pearson,0.9986457106207502,0.998621218010378,0.9986693262866362,147,147,2940,2940,20,5000,5000,1.0,3021694564,20260901
B1_spatial,0.25,all_class_maps,3plus_labels,macro_class,map_spearman,0.9980223982512546,0.9979738313785823,0.9980698942616077,147,147,2940,2940,20,5000,5000,1.0,3021694564,20260901
B1_spatial,0.25,all_class_maps,3plus_labels,macro_class,smoothed_std_over_raw,0.9600353633059934,0.9592078612775219,0.9608312508899745,147,147,2940,2940,20,5000,5000,1.0,3021694564,20260901
B1_spatial,0.25,per_class,all,micro,fidelity,0.01168907316609847,0.011534839774738403,0.011856095969781094,1449,1449,1449,1449,,5000,5000,1.0,3021694564,20260901
B1_spatial,0.25,per_class,all,micro,relative_l2_change,0.01168907316609847,0.011534839774738403,0.011856095969781094,1449,1449,1449,1449,,5000,5000,1.0,3021694564,20260901
B1_spatial,0.25,per_class,all,micro,map_pearson,0.9987272007289305,0.9987139674539892,0.9987405130211611,1449,1449,1449,1449,,5000,5000,1.0,3021694564,20260901
B1_spatial,0.25,per_class,all,micro,map_spearman,0.9978376618330029,0.9977896773368841,0.9978845326426607,1449,1449,1449,1449,,5000,5000,1.0,3021694564,20260901
B1_spatial,0.25,per_class,all,micro,smoothed_std_over_raw,0.9550875461126213,0.9545539667260409,0.9556365434437722,1449,1449,1449,1449,,5000,5000,1.0,3021694564,20260901
B1_spatial,0.25,per_class,all,micro,fidelity,0.012792151607380212,0.0125323218397129,0.013071404909715057,1449,1449,1449,1449,,5000,5000,1.0,3021694564,20260901
B1_spatial,0.25,per_class,all,micro,relative_l2_change,0.012792151607380212,0.0125323218397129,0.013071404909715057,1449,1449,1449,1449,,5000,5000,1.0,3021694564,20260901
B1_spatial,0.25,per_class,all,micro,map_pearson,0.9986405549500217,0.9986237392662475,0.9986569342066536,1449,1449,1449,1449,,5000,5000,1.0,3021694564,20260901
B1_spatial,0.25,per_class,all,micro,map_spearman,0.9975939080828712,0.9975320267720499,0.9976518292594483,1449,1449,1449,1449,,5000,5000,1.0,3021694564,20260901
B1_spatial,0.25,per_class,all,micro,smoothed_std_over_raw,0.9556607487203336,0.955078055963095,0.9562189532969638,1449,1449,1449,1449,,5000,5000,1.0,3021694564,20260901
B1_spatial,0.25,per_class,all,micro,fidelity,0.011998476117998464,0.011863571597909808,0.01214488887070923,1449,1449,1449,1449,,5000,5000,1.0,3021694564,20260901
B1_spatial,0.25,per_class,all,micro,relative_l2_change,0.011998476117998464,0.011863571597909808,0.01214488887070923,1449,1449,1449,1449,,5000,5000,1.0,3021694564,20260901
B1_spatial,0.25,per_class,all,micro,map_pearson,0.9985321589055927,0.9985165133105631,0.9985473290898209,1449,1449,1449,1449,,5000,5000,1.0,3021694564,20260901
B1_spatial,0.25,per_class,all,micro,map_spearman,0.9976424284850095,0.9975876569192602,0.997694583540542,1449,1449,1449,1449,,5000,5000,1.0,3021694564,20260901
B1_spatial,0.25,per_class,all,micro,smoothed_std_over_raw,0.9543320256072624,0.9538000399970531,0.9548604190318728,1449,1449,1449,1449,,5000,5000,1.0,3021694564,20260901
B1_spatial,0.25,per_class,all,micro,fidelity,0.012392973200803053,0.012166273733777726,0.012634969772459275,1449,1449,1449,1449,,5000,5000,1.0,3021694564,20260901
B1_spatial,0.25,per_class,all,micro,relative_l2_change,0.012392973200803053,0.012166273733777726,0.012634969772459275,1449,1449,1449,1449,,5000,5000,1.0,3021694564,20260901
B1_spatial,0.25,per_class,all,micro,map_pearson,0.9986712301575454,0.9986554556710708,0.9986866892834134,1449,1449,1449,1449,,5000,5000,1.0,3021694564,20260901
B1_spatial,0.25,per_class,all,micro,map_spearman,0.9977907105262235,0.9977415965570509,0.9978387679485636,1449,1449,1449,1449,,5000,5000,1.0,3021694564,20260901
B1_spatial,0.25,per_class,all,micro,smoothed_std_over_raw,0.9555750476071718,0.9550194158101181,0.9561347123227751,1449,1449,1449,1449,,5000,5000,1.0,3021694564,20260901
B1_spatial,0.25,per_class,all,micro,fidelity,0.014592915877514745,0.014251653631661265,0.014944181815586762,1449,1449,1449,1449,,5000,5000,1.0,3021694564,20260901
B1_spatial,0.25,per_class,all,micro,relative_l2_change,0.014592915877514745,0.014251653631661265,0.014944181815586762,1449,1449,1449,1449,,5000,5000,1.0,3021694564,20260901
B1_spatial,0.25,per_class,all,micro,map_pearson,0.998578483396929,0.9985586869677566,0.998597773825242,1449,1449,1449,1449,,5000,5000,1.0,3021694564,20260901
B1_spatial,0.25,per_class,all,micro,map_spearman,0.9974272620932985,0.9973458190625334,0.9975080652122583,1449,1449,1449,1449,,5000,5000,1.0,3021694564,20260901
B1_spatial,0.25,per_class,all,micro,smoothed_std_over_raw,0.9573846358196583,0.9567603910479404,0.9580323114785513,1449,1449,1449,1449,,5000,5000,1.0,3021694564,20260901
B1_spatial,0.25,per_class,all,micro,fidelity,0.0124941091750555,0.012292852633333205,0.012705000093029368,1449,1449,1449,1449,,5000,5000,1.0,3021694564,20260901
B1_spatial,0.25,per_class,all,micro,relative_l2_change,0.0124941091750555,0.012292852633333205,0.012705000093029368,1449,1449,1449,1449,,5000,5000,1.0,3021694564,20260901
B1_spatial,0.25,per_class,all,micro,map_pearson,0.9987135012039569,0.9986991659752906,0.9987274006615844,1449,1449,1449,1449,,5000,5000,1.0,3021694564,20260901
B1_spatial,0.25,per_class,all,micro,map_spearman,0.9976980565250784,0.9976357149390865,0.9977568381197951,1449,1449,1449,1449,,5000,5000,1.0,3021694564,20260901
B1_spatial,0.25,per_class,all,micro,smoothed_std_over_raw,0.9567964320515171,0.9562437822873877,0.9573577310584017,1449,1449,1449,1449,,5000,5000,1.0,3021694564,20260901
B1_spatial,0.25,per_class,all,micro,fidelity,0.015290165654903572,0.014889184006533518,0.01570052550115807,1449,1449,1449,1449,,5000,5000,1.0,3021694564,20260901
B1_spatial,0.25,per_class,all,micro,relative_l2_change,0.015290165654903572,0.014889184006533518,0.01570052550115807,1449,1449,1449,1449,,5000,5000,1.0,3021694564,20260901
B1_spatial,0.25,per_class,all,micro,map_pearson,0.9986077208943496,0.9985856177448569,0.9986286603546785,1449,1449,1449,1449,,5000,5000,1.0,3021694564,20260901
B1_spatial,0.25,per_class,all,micro,map_spearman,0.997785042202662,0.9977328618778863,0.997834140897373,1449,1449,1449,1449,,5000,5000,1.0,3021694564,20260901
B1_spatial,0.25,per_class,all,micro,smoothed_std_over_raw,0.9592012255417223,0.9585643759589922,0.9598258275998881,1449,1449,1449,1449,,5000,5000,1.0,3021694564,20260901
B1_spatial,0.25,per_class,all,micro,fidelity,0.012344407853512948,0.01214825008422833,0.012555642849319017,1449,1449,1449,1449,,5000,5000,1.0,3021694564,20260901
B1_spatial,0.25,per_class,all,micro,relative_l2_change,0.012344407853512948,0.01214825008422833,0.012555642849319017,1449,1449,1449,1449,,5000,5000,1.0,3021694564,20260901
B1_spatial,0.25,per_class,all,micro,map_pearson,0.9986842282070136,0.9986673945996826,0.9987010402030332,1449,1449,1449,1449,,5000,5000,1.0,3021694564,20260901
B1_spatial,0.25,per_class,all,micro,map_spearman,0.9977249116877838,0.9976668255875405,0.9977788645853826,1449,1449,1449,1449,,5000,5000,1.0,3021694564,20260901
B1_spatial,0.25,per_class,all,micro,smoothed_std_over_raw,0.9565189825081677,0.9559161360517627,0.9571269640846858,1449,1449,1449,1449,,5000,5000,1.0,3021694564,20260901
B1_spatial,0.25,per_class,all,micro,fidelity,0.016794174384477428,0.016339996375890384,0.017294889453218786,1449,1449,1449,1449,,5000,5000,1.0,3021694564,20260901
B1_spatial,0.25,per_class,all,micro,relative_l2_change,0.016794174384477428,0.016339996375890384,0.017294889453218786,1449,1449,1449,1449,,5000,5000,1.0,3021694564,20260901
B1_spatial,0.25,per_class,all,micro,map_pearson,0.998593172630497,0.9985713804699866,0.9986144455559834,1449,1449,1449,1449,,5000,5000,1.0,3021694564,20260901
B1_spatial,0.25,per_class,all,micro,map_spearman,0.9974604533654892,0.9973870185930783,0.99753155936201,1449,1449,1449,1449,,5000,5000,1.0,3021694564,20260901
B1_spatial,0.25,per_class,all,micro,smoothed_std_over_raw,0.9576570798891672,0.9569914465396053,0.9583384224840327,1449,1449,1449,1449,,5000,5000,1.0,3021694564,20260901
B1_spatial,0.25,per_class,all,micro,fidelity,0.011761016309456713,0.011523436838850955,0.01201882881981374,1449,1449,1449,1449,,5000,5000,1.0,3021694564,20260901
B1_spatial,0.25,per_class,all,micro,relative_l2_change,0.011761016309456713,0.011523436838850955,0.01201882881981374,1449,1449,1449,1449,,5000,5000,1.0,3021694564,20260901
B1_spatial,0.25,per_class,all,micro,map_pearson,0.9987482493544053,0.9987348374969142,0.998762200391235,1449,1449,1449,1449,,5000,5000,1.0,3021694564,20260901
B1_spatial,0.25,per_class,all,micro,map_spearman,0.9975737941684684,0.997508327252623,0.9976348184609595,1449,1449,1449,1449,,5000,5000,1.0,3021694564,20260901
B1_spatial,0.25,per_class,all,micro,smoothed_std_over_raw,0.9563279618798988,0.9558074458045248,0.9568634666846981,1449,1449,1449,1449,,5000,5000,1.0,3021694564,20260901
B1_spatial,0.25,per_class,all,micro,fidelity,0.013283611979692907,0.01299395774938796,0.013586956034273068,1449,1449,1449,1449,,5000,5000,1.0,3021694564,20260901
B1_spatial,0.25,per_class,all,micro,relative_l2_change,0.013283611979692907,0.01299395774938796,0.013586956034273068,1449,1449,1449,1449,,5000,5000,1.0,3021694564,20260901
B1_spatial,0.25,per_class,all,micro,map_pearson,0.9986799716784923,0.9986644053259663,0.9986954555234225,1449,1449,1449,1449,,5000,5000,1.0,3021694564,20260901
B1_spatial,0.25,per_class,all,micro,map_spearman,0.9976432800622049,0.9975742628207859,0.9977095011434035,1449,1449,1449,1449,,5000,5000,1.0,3021694564,20260901
B1_spatial,0.25,per_class,all,micro,smoothed_std_over_raw,0.9559370779102634,0.9553513084036306,0.9565065616303431,1449,1449,1449,1449,,5000,5000,1.0,3021694564,20260901
B1_spatial,0.25,per_class,all,micro,fidelity,0.013668907876335358,0.013454973837505354,0.013902419452536839,1449,1449,1449,1449,,5000,5000,1.0,3021694564,20260901
B1_spatial,0.25,per_class,all,micro,relative_l2_change,0.013668907876335358,0.013454973837505354,0.013902419452536839,1449,1449,1449,1449,,5000,5000,1.0,3021694564,20260901
B1_spatial,0.25,per_class,all,micro,map_pearson,0.9985890887867919,0.998567831647898,0.9986120882005096,1449,1449,1449,1449,,5000,5000,1.0,3021694564,20260901
B1_spatial,0.25,per_class,all,micro,map_spearman,0.997609203358697,0.9975439498204869,0.9976746737319409,1449,1449,1449,1449,,5000,5000,1.0,3021694564,20260901
B1_spatial,0.25,per_class,all,micro,smoothed_std_over_raw,0.9562779887122397,0.9555948206490282,0.9570175217946617,1449,1449,1449,1449,,5000,5000,1.0,3021694564,20260901
B1_spatial,0.25,per_class,all,micro,fidelity,0.012772968752994836,0.012552982004580465,0.013008181210009547,1449,1449,1449,1449,,5000,5000,1.0,3021694564,20260901
B1_spatial,0.25,per_class,all,micro,relative_l2_change,0.012772968752994836,0.012552982004580465,0.013008181210009547,1449,1449,1449,1449,,5000,5000,1.0,3021694564,20260901
B1_spatial,0.25,per_class,all,micro,map_pearson,0.9986244042714437,0.998608849254701,0.9986398078228705,1449,1449,1449,1449,,5000,5000,1.0,3021694564,20260901
B1_spatial,0.25,per_class,all,micro,map_spearman,0.9975428009872358,0.9974701342118288,0.9976104750704815,1449,1449,1449,1449,,5000,5000,1.0,3021694564,20260901
B1_spatial,0.25,per_class,all,micro,smoothed_std_over_raw,0.9546388427581024,0.9540876924467135,0.9552007995838951,1449,1449,1449,1449,,5000,5000,1.0,3021694564,20260901
B1_spatial,0.25,per_class,all,micro,fidelity,0.012981919381507846,0.012767375192718722,0.013200986585653727,1449,1449,1449,1449,,5000,5000,1.0,3021694564,20260901
B1_spatial,0.25,per_class,all,micro,relative_l2_change,0.012981919381507846,0.012767375192718722,0.013200986585653727,1449,1449,1449,1449,,5000,5000,1.0,3021694564,20260901
B1_spatial,0.25,per_class,all,micro,map_pearson,0.9986560408043976,0.9986389601720128,0.9986725912680702,1449,1449,1449,1449,,5000,5000,1.0,3021694564,20260901
B1_spatial,0.25,per_class,all,micro,map_spearman,0.9975116227806807,0.9974431662476416,0.9975760559004451,1449,1449,1449,1449,,5000,5000,1.0,3021694564,20260901
B1_spatial,0.25,per_class,all,micro,smoothed_std_over_raw,0.9551144267790395,0.9544954929611369,0.9557394581644432,1449,1449,1449,1449,,5000,5000,1.0,3021694564,20260901
B1_spatial,0.25,per_class,all,micro,fidelity,0.02045216531414999,0.01988695081748554,0.021013039421178322,1449,1449,1449,1449,,5000,5000,1.0,3021694564,20260901
B1_spatial,0.25,per_class,all,micro,relative_l2_change,0.02045216531414999,0.01988695081748554,0.021013039421178322,1449,1449,1449,1449,,5000,5000,1.0,3021694564,20260901
B1_spatial,0.25,per_class,all,micro,map_pearson,0.998639874988132,0.9986061785017893,0.998673277255212,1449,1449,1449,1449,,5000,5000,1.0,3021694564,20260901
B1_spatial,0.25,per_class,all,micro,map_spearman,0.9979219077536778,0.9978704797298107,0.9979741886679759,1449,1449,1449,1449,,5000,5000,1.0,3021694564,20260901
B1_spatial,0.25,per_class,all,micro,smoothed_std_over_raw,0.9629339595923677,0.9621296402779096,0.963762316074842,1449,1449,1449,1449,,5000,5000,1.0,3021694564,20260901
B1_spatial,0.25,per_class,all,micro,fidelity,0.01583203837581447,0.015493188096416678,0.01619558075085871,1449,1449,1449,1449,,5000,5000,1.0,3021694564,20260901
B1_spatial,0.25,per_class,all,micro,relative_l2_change,0.01583203837581447,0.015493188096416678,0.01619558075085871,1449,1449,1449,1449,,5000,5000,1.0,3021694564,20260901
B1_spatial,0.25,per_class,all,micro,map_pearson,0.9983995034827949,0.998374752930685,0.9984232782947351,1449,1449,1449,1449,,5000,5000,1.0,3021694564,20260901
B1_spatial,0.25,per_class,all,micro,map_spearman,0.9974980935135572,0.9974468327364566,0.9975494759423391,1449,1449,1449,1449,,5000,5000,1.0,3021694564,20260901
B1_spatial,0.25,per_class,all,micro,smoothed_std_over_raw,0.9559958129607043,0.9553167037640135,0.9566531883273723,1449,1449,1449,1449,,5000,5000,1.0,3021694564,20260901
B1_spatial,0.25,per_class,all,micro,fidelity,0.011812804904403236,0.01165217939233041,0.011983045231129297,1449,1449,1449,1449,,5000,5000,1.0,3021694564,20260901
B1_spatial,0.25,per_class,all,micro,relative_l2_change,0.011812804904403236,0.01165217939233041,0.011983045231129297,1449,1449,1449,1449,,5000,5000,1.0,3021694564,20260901
B1_spatial,0.25,per_class,all,micro,map_pearson,0.9987032415128066,0.9986890102498197,0.9987173830572287,1449,1449,1449,1449,,5000,5000,1.0,3021694564,20260901
B1_spatial,0.25,per_class,all,micro,map_spearman,0.9976825464833103,0.9976152132417597,0.9977446063756531,1449,1449,1449,1449,,5000,5000,1.0,3021694564,20260901
B1_spatial,0.25,per_class,all,micro,smoothed_std_over_raw,0.955711535415294,0.955165438356072,0.9562497208762614,1449,1449,1449,1449,,5000,5000,1.0,3021694564,20260901
B1_spatial,0.25,per_class,all,micro,fidelity,0.014401660849686694,0.014016699227951132,0.014825231955612297,1449,1449,1449,1449,,5000,5000,1.0,3021694564,20260901
B1_spatial,0.25,per_class,all,micro,relative_l2_change,0.014401660849686694,0.014016699227951132,0.014825231955612297,1449,1449,1449,1449,,5000,5000,1.0,3021694564,20260901
B1_spatial,0.25,per_class,all,micro,map_pearson,0.9987119538278889,0.9986949548639454,0.9987287592505323,1449,1449,1449,1449,,5000,5000,1.0,3021694564,20260901
B1_spatial,0.25,per_class,all,micro,map_spearman,0.9975193499531558,0.9974392279036461,0.9975947190546595,1449,1449,1449,1449,,5000,5000,1.0,3021694564,20260901
B1_spatial,0.25,per_class,all,micro,smoothed_std_over_raw,0.956748055992166,0.9561202842749917,0.957392713362756,1449,1449,1449,1449,,5000,5000,1.0,3021694564,20260901
B1_spatial,0.25,per_class,all,micro,fidelity,0.011499603888568815,0.011313113169074561,0.01169441358970923,1449,1449,1449,1449,,5000,5000,1.0,3021694564,20260901
B1_spatial,0.25,per_class,all,micro,relative_l2_change,0.011499603888568815,0.011313113169074561,0.01169441358970923,1449,1449,1449,1449,,5000,5000,1.0,3021694564,20260901
B1_spatial,0.25,per_class,all,micro,map_pearson,0.9987803652748887,0.9987680414551451,0.9987920243424164,1449,1449,1449,1449,,5000,5000,1.0,3021694564,20260901
B1_spatial,0.25,per_class,all,micro,map_spearman,0.9978229273509124,0.997765696751117,0.9978766666127534,1449,1449,1449,1449,,5000,5000,1.0,3021694564,20260901
B1_spatial,0.25,per_class,all,micro,smoothed_std_over_raw,0.9568003738148613,0.9562891187422682,0.9573084728688187,1449,1449,1449,1449,,5000,5000,1.0,3021694564,20260901
B1_spatial,0.25,per_class,all,micro,fidelity,0.013604934993177508,0.013344509871400189,0.013890118538845506,1449,1449,1449,1449,,5000,5000,1.0,3021694564,20260901
B1_spatial,0.25,per_class,all,micro,relative_l2_change,0.013604934993177508,0.013344509871400189,0.013890118538845506,1449,1449,1449,1449,,5000,5000,1.0,3021694564,20260901
B1_spatial,0.25,per_class,all,micro,map_pearson,0.9986310075940223,0.9986134245251277,0.9986488332309914,1449,1449,1449,1449,,5000,5000,1.0,3021694564,20260901
B1_spatial,0.25,per_class,all,micro,map_spearman,0.9975042100031677,0.9974238849081114,0.9975792349474935,1449,1449,1449,1449,,5000,5000,1.0,3021694564,20260901
B1_spatial,0.25,per_class,all,micro,smoothed_std_over_raw,0.9577647283457328,0.9572139569608978,0.9583215518130196,1449,1449,1449,1449,,5000,5000,1.0,3021694564,20260901
B1_spatial,0.5,all_class_maps,all,micro,fidelity,0.023138040444171577,0.0229248729629114,0.023359613582696587,1449,1449,28980,28980,,5000,5000,1.0,3021694564,20260901
B1_spatial,0.5,all_class_maps,all,micro,relative_l2_change,0.023138040444171577,0.0229248729629114,0.023359613582696587,1449,1449,28980,28980,,5000,5000,1.0,3021694564,20260901
B1_spatial,0.5,all_class_maps,all,micro,map_pearson,0.9960552237192625,0.9960283483045524,0.9960816975845458,1449,1449,28980,28980,,5000,5000,1.0,3021694564,20260901
B1_spatial,0.5,all_class_maps,all,micro,map_spearman,0.9933875166049408,0.9932732033773259,0.9934983821381386,1449,1449,28980,28980,,5000,5000,1.0,3021694564,20260901
B1_spatial,0.5,all_class_maps,all,micro,smoothed_std_over_raw,0.9258483957470985,0.9253629554604007,0.9263251518072487,1449,1449,28980,28980,,5000,5000,1.0,3021694564,20260901
B1_spatial,0.5,all_class_maps,all,macro_class,fidelity,0.023138040444171573,0.0229248729629114,0.023359613582696587,1449,1449,28980,28980,20,5000,5000,1.0,3021694564,20260901
B1_spatial,0.5,all_class_maps,all,macro_class,relative_l2_change,0.023138040444171573,0.0229248729629114,0.023359613582696587,1449,1449,28980,28980,20,5000,5000,1.0,3021694564,20260901
B1_spatial,0.5,all_class_maps,all,macro_class,map_pearson,0.9960552237192626,0.9960283483045524,0.9960816975845459,1449,1449,28980,28980,20,5000,5000,1.0,3021694564,20260901
B1_spatial,0.5,all_class_maps,all,macro_class,map_spearman,0.993387516604941,0.993273203377326,0.9934983821381386,1449,1449,28980,28980,20,5000,5000,1.0,3021694564,20260901
B1_spatial,0.5,all_class_maps,all,macro_class,smoothed_std_over_raw,0.9258483957470987,0.9253629554604007,0.9263251518072487,1449,1449,28980,28980,20,5000,5000,1.0,3021694564,20260901
B1_spatial,0.5,all_class_maps,single_label,micro,fidelity,0.021485061718034434,0.021253665874987445,0.02171912546658023,927,927,18540,18540,,5000,5000,1.0,3021694564,20260901
B1_spatial,0.5,all_class_maps,single_label,micro,relative_l2_change,0.021485061718034434,0.021253665874987445,0.02171912546658023,927,927,18540,18540,,5000,5000,1.0,3021694564,20260901
B1_spatial,0.5,all_class_maps,single_label,micro,map_pearson,0.996079537574656,0.9960441386239943,0.9961154628497626,927,927,18540,18540,,5000,5000,1.0,3021694564,20260901
B1_spatial,0.5,all_class_maps,single_label,micro,map_spearman,0.9928961944136419,0.9927205134316588,0.9930548714403516,927,927,18540,18540,,5000,5000,1.0,3021694564,20260901
B1_spatial,0.5,all_class_maps,single_label,micro,smoothed_std_over_raw,0.9237304256539772,0.9231207929742086,0.9243284016839572,927,927,18540,18540,,5000,5000,1.0,3021694564,20260901
B1_spatial,0.5,all_class_maps,single_label,macro_class,fidelity,0.02148506171803443,0.021253665874987445,0.02171912546658024,927,927,18540,18540,20,5000,5000,1.0,3021694564,20260901
B1_spatial,0.5,all_class_maps,single_label,macro_class,relative_l2_change,0.02148506171803443,0.021253665874987445,0.02171912546658024,927,927,18540,18540,20,5000,5000,1.0,3021694564,20260901
B1_spatial,0.5,all_class_maps,single_label,macro_class,map_pearson,0.9960795375746561,0.9960441386239945,0.9961154628497628,927,927,18540,18540,20,5000,5000,1.0,3021694564,20260901
B1_spatial,0.5,all_class_maps,single_label,macro_class,map_spearman,0.9928961944136419,0.992720513431659,0.9930548714403516,927,927,18540,18540,20,5000,5000,1.0,3021694564,20260901
B1_spatial,0.5,all_class_maps,single_label,macro_class,smoothed_std_over_raw,0.9237304256539772,0.9231207929742086,0.9243284016839572,927,927,18540,18540,20,5000,5000,1.0,3021694564,20260901
B1_spatial,0.5,all_class_maps,exactly_2_labels,micro,fidelity,0.025290680253629884,0.024972199841523542,0.025612355572550247,375,375,7500,7500,,5000,5000,1.0,3021694564,20260901
B1_spatial,0.5,all_class_maps,exactly_2_labels,micro,relative_l2_change,0.025290680253629884,0.024972199841523542,0.025612355572550247,375,375,7500,7500,,5000,5000,1.0,3021694564,20260901
B1_spatial,0.5,all_class_maps,exactly_2_labels,micro,map_pearson,0.9959988532304764,0.9959510506212712,0.9960447342503072,375,375,7500,7500,,5000,5000,1.0,3021694564,20260901
B1_spatial,0.5,all_class_maps,exactly_2_labels,micro,map_spearman,0.9942040243466695,0.9941009686674674,0.994302918981115,375,375,7500,7500,,5000,5000,1.0,3021694564,20260901
B1_spatial,0.5,all_class_maps,exactly_2_labels,micro,smoothed_std_over_raw,0.9289172425905864,0.9279966286204259,0.9298227442069849,375,375,7500,7500,,5000,5000,1.0,3021694564,20260901
B1_spatial,0.5,all_class_maps,exactly_2_labels,macro_class,fidelity,0.025290680253629884,0.02497219984152354,0.025612355572550243,375,375,7500,7500,20,5000,5000,1.0,3021694564,20260901
B1_spatial,0.5,all_class_maps,exactly_2_labels,macro_class,relative_l2_change,0.025290680253629884,0.02497219984152354,0.025612355572550243,375,375,7500,7500,20,5000,5000,1.0,3021694564,20260901
B1_spatial,0.5,all_class_maps,exactly_2_labels,macro_class,map_pearson,0.9959988532304764,0.9959510506212711,0.9960447342503069,375,375,7500,7500,20,5000,5000,1.0,3021694564,20260901
B1_spatial,0.5,all_class_maps,exactly_2_labels,macro_class,map_spearman,0.9942040243466697,0.9941009686674674,0.9943029189811151,375,375,7500,7500,20,5000,5000,1.0,3021694564,20260901
B1_spatial,0.5,all_class_maps,exactly_2_labels,macro_class,smoothed_std_over_raw,0.9289172425905864,0.9279966286204258,0.929822744206985,375,375,7500,7500,20,5000,5000,1.0,3021694564,20260901
B1_spatial,0.5,all_class_maps,3plus_labels,micro,fidelity,0.02807049861139789,0.027595413870646995,0.028538569627602133,147,147,2940,2940,,5000,5000,1.0,3021694564,20260901
B1_spatial,0.5,all_class_maps,3plus_labels,micro,relative_l2_change,0.02807049861139789,0.027595413870646995,0.028538569627602133,147,147,2940,2940,,5000,5000,1.0,3021694564,20260901
B1_spatial,0.5,all_class_maps,3plus_labels,micro,map_pearson,0.9960456998372564,0.9959738069205056,0.9961153292225129,147,147,2940,2940,,5000,5000,1.0,3021694564,20260901
B1_spatial,0.5,all_class_maps,3plus_labels,micro,map_spearman,0.9944029265925998,0.9942651868606506,0.9945357465531145,147,147,2940,2940,,5000,5000,1.0,3021694564,20260901
B1_spatial,0.5,all_class_maps,3plus_labels,micro,smoothed_std_over_raw,0.9313758835703337,0.929954292846172,0.9327265137783727,147,147,2940,2940,,5000,5000,1.0,3021694564,20260901
B1_spatial,0.5,all_class_maps,3plus_labels,macro_class,fidelity,0.028070498611397893,0.027595413870646995,0.028538569627602133,147,147,2940,2940,20,5000,5000,1.0,3021694564,20260901
B1_spatial,0.5,all_class_maps,3plus_labels,macro_class,relative_l2_change,0.028070498611397893,0.027595413870646995,0.028538569627602133,147,147,2940,2940,20,5000,5000,1.0,3021694564,20260901
B1_spatial,0.5,all_class_maps,3plus_labels,macro_class,map_pearson,0.9960456998372565,0.9959738069205059,0.996115329222513,147,147,2940,2940,20,5000,5000,1.0,3021694564,20260901
B1_spatial,0.5,all_class_maps,3plus_labels,macro_class,map_spearman,0.9944029265925997,0.9942651868606507,0.9945357465531143,147,147,2940,2940,20,5000,5000,1.0,3021694564,20260901
B1_spatial,0.5,all_class_maps,3plus_labels,macro_class,smoothed_std_over_raw,0.9313758835703337,0.9299542928461719,0.9327265137783727,147,147,2940,2940,20,5000,5000,1.0,3021694564,20260901
B1_spatial,0.5,per_class,all,micro,fidelity,0.019840611578103507,0.0195652608568327,0.02013811523696052,1449,1449,1449,1449,,5000,5000,1.0,3021694564,20260901
B1_spatial,0.5,per_class,all,micro,relative_l2_change,0.019840611578103507,0.0195652608568327,0.02013811523696052,1449,1449,1449,1449,,5000,5000,1.0,3021694564,20260901
B1_spatial,0.5,per_class,all,micro,map_pearson,0.9962891742967589,0.9962510357732358,0.9963279710567104,1449,1449,1449,1449,,5000,5000,1.0,3021694564,20260901
B1_spatial,0.5,per_class,all,micro,map_spearman,0.9939323315709274,0.9937998425680823,0.9940608892073048,1449,1449,1449,1449,,5000,5000,1.0,3021694564,20260901
B1_spatial,0.5,per_class,all,micro,smoothed_std_over_raw,0.9232106655938943,0.9223147016730779,0.9241247298235807,1449,1449,1449,1449,,5000,5000,1.0,3021694564,20260901
B1_spatial,0.5,per_class,all,micro,fidelity,0.02171837886714417,0.021265867719583578,0.02220674224305201,1449,1449,1449,1449,,5000,5000,1.0,3021694564,20260901
B1_spatial,0.5,per_class,all,micro,relative_l2_change,0.02171837886714417,0.021265867719583578,0.02220674224305201,1449,1449,1449,1449,,5000,5000,1.0,3021694564,20260901
B1_spatial,0.5,per_class,all,micro,map_pearson,0.9960190797362186,0.9959699526038394,0.9960674981008817,1449,1449,1449,1449,,5000,5000,1.0,3021694564,20260901
B1_spatial,0.5,per_class,all,micro,map_spearman,0.9932600319838014,0.993092545655121,0.9934163272535085,1449,1449,1449,1449,,5000,5000,1.0,3021694564,20260901
B1_spatial,0.5,per_class,all,micro,smoothed_std_over_raw,0.9242890656940521,0.9233225387569293,0.9252208989095573,1449,1449,1449,1449,,5000,5000,1.0,3021694564,20260901
B1_spatial,0.5,per_class,all,micro,fidelity,0.0202439508283237,0.020012362708457795,0.020496784445487113,1449,1449,1449,1449,,5000,5000,1.0,3021694564,20260901
B1_spatial,0.5,per_class,all,micro,relative_l2_change,0.0202439508283237,0.020012362708457795,0.020496784445487113,1449,1449,1449,1449,,5000,5000,1.0,3021694564,20260901
B1_spatial,0.5,per_class,all,micro,map_pearson,0.9957433348692558,0.9956982127206337,0.9957874650345168,1449,1449,1449,1449,,5000,5000,1.0,3021694564,20260901
B1_spatial,0.5,per_class,all,micro,map_spearman,0.9933831952537974,0.9932361079391485,0.9935237016397728,1449,1449,1449,1449,,5000,5000,1.0,3021694564,20260901
B1_spatial,0.5,per_class,all,micro,smoothed_std_over_raw,0.9223450432159392,0.9214572869976526,0.9232327675155066,1449,1449,1449,1449,,5000,5000,1.0,3021694564,20260901
B1_spatial,0.5,per_class,all,micro,fidelity,0.021057047287941884,0.02066328720809227,0.021477546712420262,1449,1449,1449,1449,,5000,5000,1.0,3021694564,20260901
B1_spatial,0.5,per_class,all,micro,relative_l2_change,0.021057047287941884,0.02066328720809227,0.021477546712420262,1449,1449,1449,1449,,5000,5000,1.0,3021694564,20260901
B1_spatial,0.5,per_class,all,micro,map_pearson,0.9961014942846437,0.9960547471248009,0.996146828630326,1449,1449,1449,1449,,5000,5000,1.0,3021694564,20260901
B1_spatial,0.5,per_class,all,micro,map_spearman,0.9937735705889037,0.9936406418300646,0.9939046493135624,1449,1449,1449,1449,,5000,5000,1.0,3021694564,20260901
B1_spatial,0.5,per_class,all,micro,smoothed_std_over_raw,0.9239810783341476,0.9230459644598662,0.9249231626003919,1449,1449,1449,1449,,5000,5000,1.0,3021694564,20260901
B1_spatial,0.5,per_class,all,micro,fidelity,0.024772225161840827,0.02417401922638531,0.02538510545366106,1449,1449,1449,1449,,5000,5000,1.0,3021694564,20260901
B1_spatial,0.5,per_class,all,micro,relative_l2_change,0.024772225161840827,0.02417401922638531,0.02538510545366106,1449,1449,1449,1449,,5000,5000,1.0,3021694564,20260901
B1_spatial,0.5,per_class,all,micro,map_pearson,0.9958670213355781,0.9958102410243987,0.9959232188848646,1449,1449,1449,1449,,5000,5000,1.0,3021694564,20260901
B1_spatial,0.5,per_class,all,micro,map_spearman,0.9927987168787923,0.9925808433163076,0.9930129640560219,1449,1449,1449,1449,,5000,5000,1.0,3021694564,20260901
B1_spatial,0.5,per_class,all,micro,smoothed_std_over_raw,0.9272361543361198,0.9261974205871629,0.9283178431132977,1449,1449,1449,1449,,5000,5000,1.0,3021694564,20260901
B1_spatial,0.5,per_class,all,micro,fidelity,0.021190473766775072,0.020834333128925717,0.021566627949416467,1449,1449,1449,1449,,5000,5000,1.0,3021694564,20260901
B1_spatial,0.5,per_class,all,micro,relative_l2_change,0.021190473766775072,0.020834333128925717,0.021566627949416467,1449,1449,1449,1449,,5000,5000,1.0,3021694564,20260901
B1_spatial,0.5,per_class,all,micro,map_pearson,0.9962749500945982,0.9962337216903541,0.9963147357496991,1449,1449,1449,1449,,5000,5000,1.0,3021694564,20260901
B1_spatial,0.5,per_class,all,micro,map_spearman,0.993607367088747,0.9934421705903475,0.9937653583070177,1449,1449,1449,1449,,5000,5000,1.0,3021694564,20260901
B1_spatial,0.5,per_class,all,micro,smoothed_std_over_raw,0.926131138067726,0.9252065823459066,0.9270683040056992,1449,1449,1449,1449,,5000,5000,1.0,3021694564,20260901
B1_spatial,0.5,per_class,all,micro,fidelity,0.025939454551428823,0.02525117478683383,0.02664332130544332,1449,1449,1449,1449,,5000,5000,1.0,3021694564,20260901
B1_spatial,0.5,per_class,all,micro,relative_l2_change,0.025939454551428823,0.02525117478683383,0.02664332130544332,1449,1449,1449,1449,,5000,5000,1.0,3021694564,20260901
B1_spatial,0.5,per_class,all,micro,map_pearson,0.9959564076940959,0.9958925851558388,0.9960170599758584,1449,1449,1449,1449,,5000,5000,1.0,3021694564,20260901
B1_spatial,0.5,per_class,all,micro,map_spearman,0.9937746633407245,0.9936304848263229,0.9939105238243578,1449,1449,1449,1449,,5000,5000,1.0,3021694564,20260901
B1_spatial,0.5,per_class,all,micro,smoothed_std_over_raw,0.9302261258668946,0.9291713445792534,0.9312705915146157,1449,1449,1449,1449,,5000,5000,1.0,3021694564,20260901
B1_spatial,0.5,per_class,all,micro,fidelity,0.02099258512492485,0.020645406307572896,0.021367329853430025,1449,1449,1449,1449,,5000,5000,1.0,3021694564,20260901
B1_spatial,0.5,per_class,all,micro,relative_l2_change,0.02099258512492485,0.020645406307572896,0.021367329853430025,1449,1449,1449,1449,,5000,5000,1.0,3021694564,20260901
B1_spatial,0.5,per_class,all,micro,map_pearson,0.9961561357835147,0.9961071437920185,0.9962051782343123,1449,1449,1449,1449,,5000,5000,1.0,3021694564,20260901
B1_spatial,0.5,per_class,all,micro,map_spearman,0.9936103465805554,0.9934573264184534,0.9937558324564071,1449,1449,1449,1449,,5000,5000,1.0,3021694564,20260901
B1_spatial,0.5,per_class,all,micro,smoothed_std_over_raw,0.92564681840815,0.9246478313717701,0.9266529424353827,1449,1449,1449,1449,,5000,5000,1.0,3021694564,20260901
B1_spatial,0.5,per_class,all,micro,fidelity,0.02857181760100063,0.027774910580044197,0.029444139189597186,1449,1449,1449,1449,,5000,5000,1.0,3021694564,20260901
B1_spatial,0.5,per_class,all,micro,relative_l2_change,0.02857181760100063,0.027774910580044197,0.029444139189597186,1449,1449,1449,1449,,5000,5000,1.0,3021694564,20260901
B1_spatial,0.5,per_class,all,micro,map_pearson,0.995920287197092,0.9958580565111155,0.9959804157703971,1449,1449,1449,1449,,5000,5000,1.0,3021694564,20260901
B1_spatial,0.5,per_class,all,micro,map_spearman,0.9929123548822949,0.9927130802211225,0.9931062507538898,1449,1449,1449,1449,,5000,5000,1.0,3021694564,20260901
B1_spatial,0.5,per_class,all,micro,smoothed_std_over_raw,0.9275999740537403,0.9264952310514581,0.9287267066666881,1449,1449,1449,1449,,5000,5000,1.0,3021694564,20260901
B1_spatial,0.5,per_class,all,micro,fidelity,0.019967580849807414,0.019551533271122808,0.020420745031501947,1449,1449,1449,1449,,5000,5000,1.0,3021694564,20260901
B1_spatial,0.5,per_class,all,micro,relative_l2_change,0.019967580849807414,0.019551533271122808,0.020420745031501947,1449,1449,1449,1449,,5000,5000,1.0,3021694564,20260901
B1_spatial,0.5,per_class,all,micro,map_pearson,0.9963635608111685,0.9963246276721698,0.9964033739362362,1449,1449,1449,1449,,5000,5000,1.0,3021694564,20260901
B1_spatial,0.5,per_class,all,micro,map_spearman,0.9932611526251662,0.9930906985775202,0.9934237693767451,1449,1449,1449,1449,,5000,5000,1.0,3021694564,20260901
B1_spatial,0.5,per_class,all,micro,smoothed_std_over_raw,0.9252804588086857,0.92440654861672,0.9261755348167147,1449,1449,1449,1449,,5000,5000,1.0,3021694564,20260901
B1_spatial,0.5,per_class,all,micro,fidelity,0.022587133363259505,0.022082046493955388,0.02311787598596383,1449,1449,1449,1449,,5000,5000,1.0,3021694564,20260901
B1_spatial,0.5,per_class,all,micro,relative_l2_change,0.022587133363259505,0.022082046493955388,0.02311787598596383,1449,1449,1449,1449,,5000,5000,1.0,3021694564,20260901
B1_spatial,0.5,per_class,all,micro,map_pearson,0.9961367714725913,0.9960902533340322,0.9961817878024014,1449,1449,1449,1449,,5000,5000,1.0,3021694564,20260901
B1_spatial,0.5,per_class,all,micro,map_spearman,0.9933560898667619,0.9931641773530909,0.9935394225026345,1449,1449,1449,1449,,5000,5000,1.0,3021694564,20260901
B1_spatial,0.5,per_class,all,micro,smoothed_std_over_raw,0.9245999398685637,0.9236281475140934,0.9255539351347976,1449,1449,1449,1449,,5000,5000,1.0,3021694564,20260901
B1_spatial,0.5,per_class,all,micro,fidelity,0.023185739720470333,0.022806149505941984,0.02359532853892154,1449,1449,1449,1449,,5000,5000,1.0,3021694564,20260901
B1_spatial,0.5,per_class,all,micro,relative_l2_change,0.023185739720470333,0.022806149505941984,0.02359532853892154,1449,1449,1449,1449,,5000,5000,1.0,3021694564,20260901
B1_spatial,0.5,per_class,all,micro,map_pearson,0.9959011648423595,0.9958403197011099,0.9959679042320156,1449,1449,1449,1449,,5000,5000,1.0,3021694564,20260901
B1_spatial,0.5,per_class,all,micro,map_spearman,0.99329947483301,0.9931207095521577,0.9934792092199816,1449,1449,1449,1449,,5000,5000,1.0,3021694564,20260901
B1_spatial,0.5,per_class,all,micro,smoothed_std_over_raw,0.9253614273788684,0.9242263000306794,0.9265843574736676,1449,1449,1449,1449,,5000,5000,1.0,3021694564,20260901
B1_spatial,0.5,per_class,all,micro,fidelity,0.021658296088814696,0.021274833519733527,0.022064073760177508,1449,1449,1449,1449,,5000,5000,1.0,3021694564,20260901
B1_spatial,0.5,per_class,all,micro,relative_l2_change,0.021658296088814696,0.021274833519733527,0.022064073760177508,1449,1449,1449,1449,,5000,5000,1.0,3021694564,20260901
B1_spatial,0.5,per_class,all,micro,map_pearson,0.9959935332019219,0.9959486392662803,0.996038786203101,1449,1449,1449,1449,,5000,5000,1.0,3021694564,20260901
B1_spatial,0.5,per_class,all,micro,map_spearman,0.9931469059878995,0.992960286151754,0.9933230438022222,1449,1449,1449,1449,,5000,5000,1.0,3021694564,20260901
B1_spatial,0.5,per_class,all,micro,smoothed_std_over_raw,0.9224922641792982,0.9215699354416753,0.9234321455232762,1449,1449,1449,1449,,5000,5000,1.0,3021694564,20260901
B1_spatial,0.5,per_class,all,micro,fidelity,0.022035030910348054,0.021658954405713648,0.022420625183413163,1449,1449,1449,1449,,5000,5000,1.0,3021694564,20260901
B1_spatial,0.5,per_class,all,micro,relative_l2_change,0.022035030910348054,0.021658954405713648,0.022420625183413163,1449,1449,1449,1449,,5000,5000,1.0,3021694564,20260901
B1_spatial,0.5,per_class,all,micro,map_pearson,0.9960785753320546,0.9960284821005259,0.9961269549722093,1449,1449,1449,1449,,5000,5000,1.0,3021694564,20260901
B1_spatial,0.5,per_class,all,micro,map_spearman,0.9930199079056128,0.9928339969112265,0.99319487020651,1449,1449,1449,1449,,5000,5000,1.0,3021694564,20260901
B1_spatial,0.5,per_class,all,micro,smoothed_std_over_raw,0.9233415603966776,0.9223076405218341,0.924388309212863,1449,1449,1449,1449,,5000,5000,1.0,3021694564,20260901
B1_spatial,0.5,per_class,all,micro,fidelity,0.03501198237621739,0.03404400495052585,0.035974080601207055,1449,1449,1449,1449,,5000,5000,1.0,3021694564,20260901
B1_spatial,0.5,per_class,all,micro,relative_l2_change,0.03501198237621739,0.03404400495052585,0.035974080601207055,1449,1449,1449,1449,,5000,5000,1.0,3021694564,20260901
B1_spatial,0.5,per_class,all,micro,map_pearson,0.996028148568524,0.9959312209236039,0.9961236142717287,1449,1449,1449,1449,,5000,5000,1.0,3021694564,20260901
B1_spatial,0.5,per_class,all,micro,map_spearman,0.9941235362784133,0.9939805017782953,0.9942655615236037,1449,1449,1449,1449,,5000,5000,1.0,3021694564,20260901
B1_spatial,0.5,per_class,all,micro,smoothed_std_over_raw,0.9361970182366829,0.9348674699324752,0.9375794455511888,1449,1449,1449,1449,,5000,5000,1.0,3021694564,20260901
B1_spatial,0.5,per_class,all,micro,fidelity,0.026728755266137622,0.026141119025566654,0.027365106642114487,1449,1449,1449,1449,,5000,5000,1.0,3021694564,20260901
B1_spatial,0.5,per_class,all,micro,relative_l2_change,0.026728755266137622,0.026141119025566654,0.027365106642114487,1449,1449,1449,1449,,5000,5000,1.0,3021694564,20260901
B1_spatial,0.5,per_class,all,micro,map_pearson,0.9953892926580746,0.9953184682317978,0.9954567733820427,1449,1449,1449,1449,,5000,5000,1.0,3021694564,20260901
B1_spatial,0.5,per_class,all,micro,map_spearman,0.9929761412309893,0.9928298573686469,0.9931208663855938,1449,1449,1449,1449,,5000,5000,1.0,3021694564,20260901
B1_spatial,0.5,per_class,all,micro,smoothed_std_over_raw,0.9252568870844554,0.9241318502071975,0.9263392039748864,1449,1449,1449,1449,,5000,5000,1.0,3021694564,20260901
B1_spatial,0.5,per_class,all,micro,fidelity,0.02009311489750592,0.019811168482836938,0.020391058978406755,1449,1449,1449,1449,,5000,5000,1.0,3021694564,20260901
B1_spatial,0.5,per_class,all,micro,relative_l2_change,0.02009311489750592,0.019811168482836938,0.020391058978406755,1449,1449,1449,1449,,5000,5000,1.0,3021694564,20260901
B1_spatial,0.5,per_class,all,micro,map_pearson,0.9961838981379634,0.9961426386181612,0.996225199085873,1449,1449,1449,1449,,5000,5000,1.0,3021694564,20260901
B1_spatial,0.5,per_class,all,micro,map_spearman,0.9934843185443233,0.993306562211943,0.9936502107284741,1449,1449,1449,1449,,5000,5000,1.0,3021694564,20260901
B1_spatial,0.5,per_class,all,micro,smoothed_std_over_raw,0.9241496382128214,0.9232393338175953,0.9250500181056122,1449,1449,1449,1449,,5000,5000,1.0,3021694564,20260901
B1_spatial,0.5,per_class,all,micro,fidelity,0.024573499124093536,0.02389485133579483,0.025320175314290618,1449,1449,1449,1449,,5000,5000,1.0,3021694564,20260901
B1_spatial,0.5,per_class,all,micro,relative_l2_change,0.024573499124093536,0.02389485133579483,0.025320175314290618,1449,1449,1449,1449,,5000,5000,1.0,3021694564,20260901
B1_spatial,0.5,per_class,all,micro,map_pearson,0.99623180468219,0.9961828697202862,0.9962800810611026,1449,1449,1449,1449,,5000,5000,1.0,3021694564,20260901
B1_spatial,0.5,per_class,all,micro,map_spearman,0.993053492469735,0.992838117376412,0.9932582278809851,1449,1449,1449,1449,,5000,5000,1.0,3021694564,20260901
B1_spatial,0.5,per_class,all,micro,smoothed_std_over_raw,0.9258910423727016,0.9248486998113704,0.9269605327991471,1449,1449,1449,1449,,5000,5000,1.0,3021694564,20260901
B1_spatial,0.5,per_class,all,micro,fidelity,0.01955054603578758,0.019224382226861205,0.019889822772596728,1449,1449,1449,1449,,5000,5000,1.0,3021694564,20260901
B1_spatial,0.5,per_class,all,micro,relative_l2_change,0.01955054603578758,0.019224382226861205,0.019889822772596728,1449,1449,1449,1449,,5000,5000,1.0,3021694564,20260901
B1_spatial,0.5,per_class,all,micro,map_pearson,0.996430986827616,0.996394484278825,0.9964650768619557,1449,1449,1449,1449,,5000,5000,1.0,3021694564,20260901
B1_spatial,0.5,per_class,all,micro,map_spearman,0.9938863339384644,0.9937328683858991,0.9940333495475738,1449,1449,1449,1449,,5000,5000,1.0,3021694564,20260901
B1_spatial,0.5,per_class,all,micro,smoothed_std_over_raw,0.9259414917604935,0.9250819009026221,0.9267904571114202,1449,1449,1449,1449,,5000,5000,1.0,3021694564,20260901
B1_spatial,0.5,per_class,all,micro,fidelity,0.023042585483506024,0.02258746609139321,0.02353427819359734,1449,1449,1449,1449,,5000,5000,1.0,3021694564,20260901
B1_spatial,0.5,per_class,all,micro,relative_l2_change,0.023042585483506024,0.02258746609139321,0.02353427819359734,1449,1449,1449,1449,,5000,5000,1.0,3021694564,20260901
B1_spatial,0.5,per_class,all,micro,map_pearson,0.9960388525590311,0.9959883120931617,0.9960898017918266,1449,1449,1449,1449,,5000,5000,1.0,3021694564,20260901
B1_spatial,0.5,per_class,all,micro,map_spearman,0.9930904002498971,0.9928778263784591,0.9932863724013704,1449,1449,1449,1449,,5000,5000,1.0,3021694564,20260901
B1_spatial,0.5,per_class,all,micro,smoothed_std_over_raw,0.9277901230720589,0.9268732358230403,0.9287156969977297,1449,1449,1449,1449,,5000,5000,1.0,3021694564,20260901
B1_spatial,1.0,all_class_maps,all,micro,fidelity,0.03617762316209878,0.03583494125873434,0.03653540621739006,1449,1449,28980,28980,,5000,5000,1.0,3021694564,20260901
B1_spatial,1.0,all_class_maps,all,micro,relative_l2_change,0.03617762316209878,0.03583494125873434,0.03653540621739006,1449,1449,28980,28980,,5000,5000,1.0,3021694564,20260901
B1_spatial,1.0,all_class_maps,all,micro,map_pearson,0.990281147188446,0.9902131751095882,0.9903496093473675,1449,1449,28980,28980,,5000,5000,1.0,3021694564,20260901
B1_spatial,1.0,all_class_maps,all,micro,map_spearman,0.9843411500574063,0.9841051184264152,0.9845711215264618,1449,1449,28980,28980,,5000,5000,1.0,3021694564,20260901
B1_spatial,1.0,all_class_maps,all,micro,smoothed_std_over_raw,0.8829046430404306,0.8821647921872497,0.8836253956901237,1449,1449,28980,28980,,5000,5000,1.0,3021694564,20260901
B1_spatial,1.0,all_class_maps,all,macro_class,fidelity,0.036177623162098785,0.03583494125873434,0.03653540621739005,1449,1449,28980,28980,20,5000,5000,1.0,3021694564,20260901
B1_spatial,1.0,all_class_maps,all,macro_class,relative_l2_change,0.036177623162098785,0.03583494125873434,0.03653540621739005,1449,1449,28980,28980,20,5000,5000,1.0,3021694564,20260901
B1_spatial,1.0,all_class_maps,all,macro_class,map_pearson,0.9902811471884458,0.9902131751095884,0.9903496093473676,1449,1449,28980,28980,20,5000,5000,1.0,3021694564,20260901
B1_spatial,1.0,all_class_maps,all,macro_class,map_spearman,0.9843411500574064,0.984105118426415,0.9845711215264619,1449,1449,28980,28980,20,5000,5000,1.0,3021694564,20260901
B1_spatial,1.0,all_class_maps,all,macro_class,smoothed_std_over_raw,0.8829046430404306,0.8821647921872497,0.8836253956901238,1449,1449,28980,28980,20,5000,5000,1.0,3021694564,20260901
B1_spatial,1.0,all_class_maps,single_label,micro,fidelity,0.033469249179713355,0.03309593209843357,0.03384394090653305,927,927,18540,18540,,5000,5000,1.0,3021694564,20260901
B1_spatial,1.0,all_class_maps,single_label,micro,relative_l2_change,0.033469249179713355,0.03309593209843357,0.03384394090653305,927,927,18540,18540,,5000,5000,1.0,3021694564,20260901
B1_spatial,1.0,all_class_maps,single_label,micro,map_pearson,0.9903593033166379,0.9902682913199243,0.9904525276830474,927,927,18540,18540,,5000,5000,1.0,3021694564,20260901
B1_spatial,1.0,all_class_maps,single_label,micro,map_spearman,0.9833234177213143,0.9829635747539799,0.9836542483515628,927,927,18540,18540,,5000,5000,1.0,3021694564,20260901
B1_spatial,1.0,all_class_maps,single_label,micro,smoothed_std_over_raw,0.8798457617287754,0.8789101228202335,0.8807584433481821,927,927,18540,18540,,5000,5000,1.0,3021694564,20260901
B1_spatial,1.0,all_class_maps,single_label,macro_class,fidelity,0.03346924917971336,0.033095932098433575,0.033843940906533046,927,927,18540,18540,20,5000,5000,1.0,3021694564,20260901
B1_spatial,1.0,all_class_maps,single_label,macro_class,relative_l2_change,0.03346924917971336,0.033095932098433575,0.033843940906533046,927,927,18540,18540,20,5000,5000,1.0,3021694564,20260901
B1_spatial,1.0,all_class_maps,single_label,macro_class,map_pearson,0.9903593033166377,0.9902682913199244,0.9904525276830474,927,927,18540,18540,20,5000,5000,1.0,3021694564,20260901
B1_spatial,1.0,all_class_maps,single_label,macro_class,map_spearman,0.9833234177213142,0.9829635747539798,0.983654248351563,927,927,18540,18540,20,5000,5000,1.0,3021694564,20260901
B1_spatial,1.0,all_class_maps,single_label,macro_class,smoothed_std_over_raw,0.8798457617287753,0.8789101228202334,0.8807584433481821,927,927,18540,18540,20,5000,5000,1.0,3021694564,20260901
B1_spatial,1.0,all_class_maps,exactly_2_labels,micro,fidelity,0.03969423228080074,0.03918520011874537,0.040211999229012675,375,375,7500,7500,,5000,5000,1.0,3021694564,20260901
B1_spatial,1.0,all_class_maps,exactly_2_labels,micro,relative_l2_change,0.03969423228080074,0.03918520011874537,0.040211999229012675,375,375,7500,7500,,5000,5000,1.0,3021694564,20260901
B1_spatial,1.0,all_class_maps,exactly_2_labels,micro,map_pearson,0.9901189414024353,0.990003758929968,0.9902338051968813,375,375,7500,7500,,5000,5000,1.0,3021694564,20260901
B1_spatial,1.0,all_class_maps,exactly_2_labels,micro,map_spearman,0.986033664782842,0.9857943555084864,0.986260017038981,375,375,7500,7500,,5000,5000,1.0,3021694564,20260901
B1_spatial,1.0,all_class_maps,exactly_2_labels,micro,smoothed_std_over_raw,0.8873740267356237,0.8859854616260529,0.8887568428858121,375,375,7500,7500,,5000,5000,1.0,3021694564,20260901
B1_spatial,1.0,all_class_maps,exactly_2_labels,macro_class,fidelity,0.03969423228080074,0.03918520011874537,0.04021199922901268,375,375,7500,7500,20,5000,5000,1.0,3021694564,20260901
B1_spatial,1.0,all_class_maps,exactly_2_labels,macro_class,relative_l2_change,0.03969423228080074,0.03918520011874537,0.04021199922901268,375,375,7500,7500,20,5000,5000,1.0,3021694564,20260901
B1_spatial,1.0,all_class_maps,exactly_2_labels,macro_class,map_pearson,0.9901189414024353,0.9900037589299678,0.9902338051968812,375,375,7500,7500,20,5000,5000,1.0,3021694564,20260901
B1_spatial,1.0,all_class_maps,exactly_2_labels,macro_class,map_spearman,0.9860336647828418,0.9857943555084865,0.986260017038981,375,375,7500,7500,20,5000,5000,1.0,3021694564,20260901
B1_spatial,1.0,all_class_maps,exactly_2_labels,macro_class,smoothed_std_over_raw,0.8873740267356238,0.8859854616260526,0.8887568428858122,375,375,7500,7500,20,5000,5000,1.0,3021694564,20260901
B1_spatial,1.0,all_class_maps,3plus_labels,micro,fidelity,0.04428601950331002,0.04351802649592575,0.04504369491996358,147,147,2940,2940,,5000,5000,1.0,3021694564,20260901
B1_spatial,1.0,all_class_maps,3plus_labels,micro,relative_l2_change,0.04428601950331002,0.04351802649592575,0.04504369491996358,147,147,2940,2940,,5000,5000,1.0,3021694564,20260901
B1_spatial,1.0,all_class_maps,3plus_labels,micro,map_pearson,0.9902020753443647,0.9900250431322524,0.9903763140824173,147,147,2940,2940,,5000,5000,1.0,3021694564,20260901
B1_spatial,1.0,all_class_maps,3plus_labels,micro,map_spearman,0.986441455183386,0.9861206303450729,0.9867528124285393,147,147,2940,2940,,5000,5000,1.0,3021694564,20260901
B1_spatial,1.0,all_class_maps,3plus_labels,micro,smoothed_std_over_raw,0.8907928341302742,0.8885780707908933,0.8929059312269598,147,147,2940,2940,,5000,5000,1.0,3021694564,20260901
B1_spatial,1.0,all_class_maps,3plus_labels,macro_class,fidelity,0.04428601950331003,0.04351802649592575,0.04504369491996358,147,147,2940,2940,20,5000,5000,1.0,3021694564,20260901
B1_spatial,1.0,all_class_maps,3plus_labels,macro_class,relative_l2_change,0.04428601950331003,0.04351802649592575,0.04504369491996358,147,147,2940,2940,20,5000,5000,1.0,3021694564,20260901
B1_spatial,1.0,all_class_maps,3plus_labels,macro_class,map_pearson,0.9902020753443646,0.9900250431322524,0.9903763140824173,147,147,2940,2940,20,5000,5000,1.0,3021694564,20260901
B1_spatial,1.0,all_class_maps,3plus_labels,macro_class,map_spearman,0.986441455183386,0.986120630345073,0.9867528124285393,147,147,2940,2940,20,5000,5000,1.0,3021694564,20260901
B1_spatial,1.0,all_class_maps,3plus_labels,macro_class,smoothed_std_over_raw,0.8907928341302741,0.888578070790893,0.8929059312269596,147,147,2940,2940,20,5000,5000,1.0,3021694564,20260901
B1_spatial,1.0,per_class,all,micro,fidelity,0.030958812237762846,0.03049372667555997,0.031465836896113104,1449,1449,1449,1449,,5000,5000,1.0,3021694564,20260901
B1_spatial,1.0,per_class,all,micro,relative_l2_change,0.030958812237762846,0.03049372667555997,0.031465836896113104,1449,1449,1449,1449,,5000,5000,1.0,3021694564,20260901
B1_spatial,1.0,per_class,all,micro,map_pearson,0.9908439131586037,0.9907498680646458,0.9909398713621541,1449,1449,1449,1449,,5000,5000,1.0,3021694564,20260901
B1_spatial,1.0,per_class,all,micro,map_spearman,0.9855403048240209,0.9852454660595328,0.9858282562275851,1449,1449,1449,1449,,5000,5000,1.0,3021694564,20260901
B1_spatial,1.0,per_class,all,micro,smoothed_std_over_raw,0.8788497154674833,0.8774982252898013,0.8802302055991543,1449,1449,1449,1449,,5000,5000,1.0,3021694564,20260901
B1_spatial,1.0,per_class,all,micro,fidelity,0.033910322510184214,0.03317083055346309,0.034706214992194506,1449,1449,1449,1449,,5000,5000,1.0,3021694564,20260901
B1_spatial,1.0,per_class,all,micro,relative_l2_change,0.033910322510184214,0.03317083055346309,0.034706214992194506,1449,1449,1449,1449,,5000,5000,1.0,3021694564,20260901
B1_spatial,1.0,per_class,all,micro,map_pearson,0.9901192356505174,0.9899949518327387,0.9902414395459115,1449,1449,1449,1449,,5000,5000,1.0,3021694564,20260901
B1_spatial,1.0,per_class,all,micro,map_spearman,0.9840244014481991,0.9836547036060718,0.9843612172732771,1449,1449,1449,1449,,5000,5000,1.0,3021694564,20260901
B1_spatial,1.0,per_class,all,micro,smoothed_std_over_raw,0.8807642936624273,0.8792954796455991,0.8821886938890562,1449,1449,1449,1449,,5000,5000,1.0,3021694564,20260901
B1_spatial,1.0,per_class,all,micro,fidelity,0.031314853550525594,0.030941642709513464,0.03171785560946236,1449,1449,1449,1449,,5000,5000,1.0,3021694564,20260901
B1_spatial,1.0,per_class,all,micro,relative_l2_change,0.031314853550525594,0.030941642709513464,0.03171785560946236,1449,1449,1449,1449,,5000,5000,1.0,3021694564,20260901
B1_spatial,1.0,per_class,all,micro,map_pearson,0.9895931446116245,0.9894844660621581,0.9896999727104187,1449,1449,1449,1449,,5000,5000,1.0,3021694564,20260901
B1_spatial,1.0,per_class,all,micro,map_spearman,0.9842641405025954,0.9839392828285242,0.9845772465892789,1449,1449,1449,1449,,5000,5000,1.0,3021694564,20260901
B1_spatial,1.0,per_class,all,micro,smoothed_std_over_raw,0.8783273859794095,0.876956516135101,0.8796681053838786,1449,1449,1449,1449,,5000,5000,1.0,3021694564,20260901
B1_spatial,1.0,per_class,all,micro,fidelity,0.032913051541763556,0.03227020763551715,0.03359882166960101,1449,1449,1449,1449,,5000,5000,1.0,3021694564,20260901
B1_spatial,1.0,per_class,all,micro,relative_l2_change,0.032913051541763556,0.03227020763551715,0.03359882166960101,1449,1449,1449,1449,,5000,5000,1.0,3021694564,20260901
B1_spatial,1.0,per_class,all,micro,map_pearson,0.9902953688566893,0.9901770285783841,0.9904106110365247,1449,1449,1449,1449,,5000,5000,1.0,3021694564,20260901
B1_spatial,1.0,per_class,all,micro,map_spearman,0.9850901606331371,0.9847987157813921,0.9853815968043644,1449,1449,1449,1449,,5000,5000,1.0,3021694564,20260901
B1_spatial,1.0,per_class,all,micro,smoothed_std_over_raw,0.8799212371340449,0.8785016113423001,0.8813308935810402,1449,1449,1449,1449,,5000,5000,1.0,3021694564,20260901
B1_spatial,1.0,per_class,all,micro,fidelity,0.03872342912250136,0.037741100570615034,0.03973159466827066,1449,1449,1449,1449,,5000,5000,1.0,3021694564,20260901
B1_spatial,1.0,per_class,all,micro,relative_l2_change,0.03872342912250136,0.037741100570615034,0.03973159466827066,1449,1449,1449,1449,,5000,5000,1.0,3021694564,20260901
B1_spatial,1.0,per_class,all,micro,map_pearson,0.989838389094901,0.9896994904125863,0.9899733918855895,1449,1449,1449,1449,,5000,5000,1.0,3021694564,20260901
B1_spatial,1.0,per_class,all,micro,map_spearman,0.9830412930089741,0.982586737554019,0.9834913043975007,1449,1449,1449,1449,,5000,5000,1.0,3021694564,20260901
B1_spatial,1.0,per_class,all,micro,smoothed_std_over_raw,0.8851943432750005,0.8836395850792023,0.8868202784262582,1449,1449,1449,1449,,5000,5000,1.0,3021694564,20260901
B1_spatial,1.0,per_class,all,micro,fidelity,0.033050023165857326,0.0324510426418001,0.033685764192595176,1449,1449,1449,1449,,5000,5000,1.0,3021694564,20260901
B1_spatial,1.0,per_class,all,micro,relative_l2_change,0.033050023165857326,0.0324510426418001,0.033685764192595176,1449,1449,1449,1449,,5000,5000,1.0,3021694564,20260901
B1_spatial,1.0,per_class,all,micro,map_pearson,0.9909064353458465,0.9908066066731414,0.9910025595703398,1449,1449,1449,1449,,5000,5000,1.0,3021694564,20260901
B1_spatial,1.0,per_class,all,micro,map_spearman,0.9850105412093585,0.9846621052304821,0.9853498111034854,1449,1449,1449,1449,,5000,5000,1.0,3021694564,20260901
B1_spatial,1.0,per_class,all,micro,smoothed_std_over_raw,0.8833044748869001,0.8818969016973112,0.8847203975601227,1449,1449,1449,1449,,5000,5000,1.0,3021694564,20260901
B1_spatial,1.0,per_class,all,micro,fidelity,0.04050908203630755,0.03940930957018974,0.0416443345305337,1449,1449,1449,1449,,5000,5000,1.0,3021694564,20260901
B1_spatial,1.0,per_class,all,micro,relative_l2_change,0.04050908203630755,0.03940930957018974,0.0416443345305337,1449,1449,1449,1449,,5000,5000,1.0,3021694564,20260901
B1_spatial,1.0,per_class,all,micro,map_pearson,0.9900808841134039,0.989927317727591,0.9902297014744632,1449,1449,1449,1449,,5000,5000,1.0,3021694564,20260901
B1_spatial,1.0,per_class,all,micro,map_spearman,0.9851402129445758,0.9848155131508269,0.9854464223080047,1449,1449,1449,1449,,5000,5000,1.0,3021694564,20260901
B1_spatial,1.0,per_class,all,micro,smoothed_std_over_raw,0.8895981564367121,0.8880020733164293,0.8912002256866403,1449,1449,1449,1449,,5000,5000,1.0,3021694564,20260901
B1_spatial,1.0,per_class,all,micro,fidelity,0.03286740512010597,0.032290203906782104,0.033496496073189504,1449,1449,1449,1449,,5000,5000,1.0,3021694564,20260901
B1_spatial,1.0,per_class,all,micro,relative_l2_change,0.03286740512010597,0.032290203906782104,0.033496496073189504,1449,1449,1449,1449,,5000,5000,1.0,3021694564,20260901
B1_spatial,1.0,per_class,all,micro,map_pearson,0.9904898796680469,0.9903698827683145,0.9906062986076989,1449,1449,1449,1449,,5000,5000,1.0,3021694564,20260901
B1_spatial,1.0,per_class,all,micro,map_spearman,0.9847687610352426,0.9844302957739972,0.9850865700096406,1449,1449,1449,1449,,5000,5000,1.0,3021694564,20260901
B1_spatial,1.0,per_class,all,micro,smoothed_std_over_raw,0.88260243011393,0.8811067738219982,0.8841084126287941,1449,1449,1449,1449,,5000,5000,1.0,3021694564,20260901
B1_spatial,1.0,per_class,all,micro,fidelity,0.04482281229248575,0.04352695589250094,0.04623926576404344,1449,1449,1449,1449,,5000,5000,1.0,3021694564,20260901
B1_spatial,1.0,per_class,all,micro,relative_l2_change,0.04482281229248575,0.04352695589250094,0.04623926576404344,1449,1449,1449,1449,,5000,5000,1.0,3021694564,20260901
B1_spatial,1.0,per_class,all,micro,map_pearson,0.9900071458457831,0.9898590566013252,0.9901520074503927,1449,1449,1449,1449,,5000,5000,1.0,3021694564,20260901
B1_spatial,1.0,per_class,all,micro,map_spearman,0.983382339104033,0.9829489954571793,0.9837931882952557,1449,1449,1449,1449,,5000,5000,1.0,3021694564,20260901
B1_spatial,1.0,per_class,all,micro,smoothed_std_over_raw,0.8854809993295689,0.8838368349553718,0.8871651407837703,1449,1449,1449,1449,,5000,5000,1.0,3021694564,20260901
B1_spatial,1.0,per_class,all,micro,fidelity,0.031204635476638237,0.03051433142289401,0.03194616965209105,1449,1449,1449,1449,,5000,5000,1.0,3021694564,20260901
B1_spatial,1.0,per_class,all,micro,relative_l2_change,0.031204635476638237,0.03051433142289401,0.03194616965209105,1449,1449,1449,1449,,5000,5000,1.0,3021694564,20260901
B1_spatial,1.0,per_class,all,micro,map_pearson,0.99106649693495,0.990972114006267,0.9911644053621651,1449,1449,1449,1449,,5000,5000,1.0,3021694564,20260901
B1_spatial,1.0,per_class,all,micro,map_spearman,0.9841632355978935,0.9837977621362406,0.9845206700579062,1449,1449,1449,1449,,5000,5000,1.0,3021694564,20260901
B1_spatial,1.0,per_class,all,micro,smoothed_std_over_raw,0.8819280708551901,0.8806009773728023,0.8832874420523807,1449,1449,1449,1449,,5000,5000,1.0,3021694564,20260901
B1_spatial,1.0,per_class,all,micro,fidelity,0.03535393211448127,0.03452947191856133,0.03622282487359554,1449,1449,1449,1449,,5000,5000,1.0,3021694564,20260901
B1_spatial,1.0,per_class,all,micro,relative_l2_change,0.03535393211448127,0.03452947191856133,0.03622282487359554,1449,1449,1449,1449,,5000,5000,1.0,3021694564,20260901
B1_spatial,1.0,per_class,all,micro,map_pearson,0.9904103845954353,0.9902916966387945,0.9905241187839281,1449,1449,1449,1449,,5000,5000,1.0,3021694564,20260901
B1_spatial,1.0,per_class,all,micro,map_spearman,0.9842549731519158,0.9838404234007689,0.9846613165960384,1449,1449,1449,1449,,5000,5000,1.0,3021694564,20260901
B1_spatial,1.0,per_class,all,micro,smoothed_std_over_raw,0.8808701195496375,0.8793996251415104,0.8823174073541469,1449,1449,1449,1449,,5000,5000,1.0,3021694564,20260901
B1_spatial,1.0,per_class,all,micro,fidelity,0.03620260146371326,0.03556897303541342,0.036882432092693325,1449,1449,1449,1449,,5000,5000,1.0,3021694564,20260901
B1_spatial,1.0,per_class,all,micro,relative_l2_change,0.03620260146371326,0.03556897303541342,0.036882432092693325,1449,1449,1449,1449,,5000,5000,1.0,3021694564,20260901
B1_spatial,1.0,per_class,all,micro,map_pearson,0.9899410116335209,0.9897944753080751,0.9901005757233453,1449,1449,1449,1449,,5000,5000,1.0,3021694564,20260901
B1_spatial,1.0,per_class,all,micro,map_spearman,0.9841382577963909,0.9837490738548847,0.9845398823595031,1449,1449,1449,1449,,5000,5000,1.0,3021694564,20260901
B1_spatial,1.0,per_class,all,micro,smoothed_std_over_raw,0.8822932876003784,0.8805879354178701,0.8841369938323874,1449,1449,1449,1449,,5000,5000,1.0,3021694564,20260901
B1_spatial,1.0,per_class,all,micro,fidelity,0.033776469447690506,0.03314604686211288,0.034438894616646905,1449,1449,1449,1449,,5000,5000,1.0,3021694564,20260901
B1_spatial,1.0,per_class,all,micro,relative_l2_change,0.033776469447690506,0.03314604686211288,0.034438894616646905,1449,1449,1449,1449,,5000,5000,1.0,3021694564,20260901
B1_spatial,1.0,per_class,all,micro,map_pearson,0.9901229580819318,0.99001253635987,0.9902338099333645,1449,1449,1449,1449,,5000,5000,1.0,3021694564,20260901
B1_spatial,1.0,per_class,all,micro,map_spearman,0.983837320156308,0.9834461316517751,0.9842113174143291,1449,1449,1449,1449,,5000,5000,1.0,3021694564,20260901
B1_spatial,1.0,per_class,all,micro,smoothed_std_over_raw,0.8777550744385124,0.8763792783453844,0.8791758567002249,1449,1449,1449,1449,,5000,5000,1.0,3021694564,20260901
B1_spatial,1.0,per_class,all,micro,fidelity,0.03439923211819061,0.03377545268697121,0.035034981434599204,1449,1449,1449,1449,,5000,5000,1.0,3021694564,20260901
B1_spatial,1.0,per_class,all,micro,relative_l2_change,0.03439923211819061,0.03377545268697121,0.035034981434599204,1449,1449,1449,1449,,5000,5000,1.0,3021694564,20260901
B1_spatial,1.0,per_class,all,micro,map_pearson,0.9903228776960064,0.9901998408349568,0.9904428760714578,1449,1449,1449,1449,,5000,5000,1.0,3021694564,20260901
B1_spatial,1.0,per_class,all,micro,map_spearman,0.9835221938547223,0.9831184302962509,0.983906973627948,1449,1449,1449,1449,,5000,5000,1.0,3021694564,20260901
B1_spatial,1.0,per_class,all,micro,smoothed_std_over_raw,0.8792140610140714,0.8776368933743325,0.8808140300342838,1449,1449,1449,1449,,5000,5000,1.0,3021694564,20260901
B1_spatial,1.0,per_class,all,micro,fidelity,0.05548983703067255,0.05394047686760747,0.05703531416400424,1449,1449,1449,1449,,5000,5000,1.0,3021694564,20260901
B1_spatial,1.0,per_class,all,micro,relative_l2_change,0.05548983703067255,0.05394047686760747,0.05703531416400424,1449,1449,1449,1449,,5000,5000,1.0,3021694564,20260901
B1_spatial,1.0,per_class,all,micro,map_pearson,0.990165965198401,0.9899336969373224,0.9903941434362661,1449,1449,1449,1449,,5000,5000,1.0,3021694564,20260901
B1_spatial,1.0,per_class,all,micro,map_spearman,0.9858065212982289,0.9854831115737959,0.9861382873511627,1449,1449,1449,1449,,5000,5000,1.0,3021694564,20260901
B1_spatial,1.0,per_class,all,micro,smoothed_std_over_raw,0.897920322549845,0.8959079802601893,0.8999591351943727,1449,1449,1449,1449,,5000,5000,1.0,3021694564,20260901
B1_spatial,1.0,per_class,all,micro,fidelity,0.041442124926330225,0.040495876815193184,0.04246854903076803,1449,1449,1449,1449,,5000,5000,1.0,3021694564,20260901
B1_spatial,1.0,per_class,all,micro,relative_l2_change,0.041442124926330225,0.040495876815193184,0.04246854903076803,1449,1449,1449,1449,,5000,5000,1.0,3021694564,20260901
B1_spatial,1.0,per_class,all,micro,map_pearson,0.9888406878425962,0.9886718323995444,0.9890014070655001,1449,1449,1449,1449,,5000,5000,1.0,3021694564,20260901
B1_spatial,1.0,per_class,all,micro,map_spearman,0.9833911491147891,0.9830526567075152,0.9837178101892962,1449,1449,1449,1449,,5000,5000,1.0,3021694564,20260901
B1_spatial,1.0,per_class,all,micro,smoothed_std_over_raw,0.8828091243779437,0.8811216812398287,0.8844289762592052,1449,1449,1449,1449,,5000,5000,1.0,3021694564,20260901
B1_spatial,1.0,per_class,all,micro,fidelity,0.03143911961057295,0.030973118272776476,0.03192829603034928,1449,1449,1449,1449,,5000,5000,1.0,3021694564,20260901
B1_spatial,1.0,per_class,all,micro,relative_l2_change,0.03143911961057295,0.030973118272776476,0.03192829603034928,1449,1449,1449,1449,,5000,5000,1.0,3021694564,20260901
B1_spatial,1.0,per_class,all,micro,map_pearson,0.9904579075144603,0.9903533536557744,0.9905612465788612,1449,1449,1449,1449,,5000,5000,1.0,3021694564,20260901
B1_spatial,1.0,per_class,all,micro,map_spearman,0.984419057828299,0.984037209395255,0.9847763455082746,1449,1449,1449,1449,,5000,5000,1.0,3021694564,20260901
B1_spatial,1.0,per_class,all,micro,smoothed_std_over_raw,0.8800904630709715,0.8787118597564161,0.8814507783189405,1449,1449,1449,1449,,5000,5000,1.0,3021694564,20260901
B1_spatial,1.0,per_class,all,micro,fidelity,0.03869310101228101,0.0375723426566402,0.03993802678001964,1449,1449,1449,1449,,5000,5000,1.0,3021694564,20260901
B1_spatial,1.0,per_class,all,micro,relative_l2_change,0.03869310101228101,0.0375723426566402,0.03993802678001964,1449,1449,1449,1449,,5000,5000,1.0,3021694564,20260901
B1_spatial,1.0,per_class,all,micro,map_pearson,0.9906493527795464,0.9905317443066256,0.9907677330606308,1449,1449,1449,1449,,5000,5000,1.0,3021694564,20260901
B1_spatial,1.0,per_class,all,micro,map_spearman,0.9836541596900356,0.9832056878732351,0.9840897163156397,1449,1449,1449,1449,,5000,5000,1.0,3021694564,20260901
B1_spatial,1.0,per_class,all,micro,smoothed_std_over_raw,0.8826371439989062,0.8810851333407059,0.8842173936656625,1449,1449,1449,1449,,5000,5000,1.0,3021694564,20260901
B1_spatial,1.0,per_class,all,micro,fidelity,0.030581829092465984,0.03004239018250635,0.031138173062380037,1449,1449,1449,1449,,5000,5000,1.0,3021694564,20260901
B1_spatial,1.0,per_class,all,micro,relative_l2_change,0.030581829092465984,0.03004239018250635,0.031138173062380037,1449,1449,1449,1449,,5000,5000,1.0,3021694564,20260901
B1_spatial,1.0,per_class,all,micro,map_pearson,0.9911440774191652,0.9910514057351031,0.9912307295462359,1449,1449,1449,1449,,5000,5000,1.0,3021694564,20260901
B1_spatial,1.0,per_class,all,micro,map_spearman,0.9854641367930063,0.9851335458092396,0.9857868806710319,1449,1449,1449,1449,,5000,5000,1.0,3021694564,20260901
B1_spatial,1.0,per_class,all,micro,smoothed_std_over_raw,0.8827131768191083,0.8813989442985909,0.8840263214396805,1449,1449,1449,1449,,5000,5000,1.0,3021694564,20260901
B1_spatial,1.0,per_class,all,micro,fidelity,0.03589978937144482,0.035156620443837806,0.03669843467886337,1449,1449,1449,1449,,5000,5000,1.0,3021694564,20260901
B1_spatial,1.0,per_class,all,micro,relative_l2_change,0.03589978937144482,0.035156620443837806,0.03669843467886337,1449,1449,1449,1449,,5000,5000,1.0,3021694564,20260901
B1_spatial,1.0,per_class,all,micro,map_pearson,0.9903268277274896,0.9902036167892034,0.990449625405877,1449,1449,1449,1449,,5000,5000,1.0,3021694564,20260901
B1_spatial,1.0,per_class,all,micro,map_spearman,0.9839098411564008,0.9834866845500807,0.9843180026563386,1449,1449,1449,1449,,5000,5000,1.0,3021694564,20260901
B1_spatial,1.0,per_class,all,micro,smoothed_std_over_raw,0.8858189802485716,0.8844457272334787,0.887210971944862,1449,1449,1449,1449,,5000,5000,1.0,3021694564,20260901
B1_spatial,2.0,all_class_maps,all,micro,fidelity,0.051893870536690444,0.05138702352487066,0.052425384150006214,1449,1449,28980,28980,,5000,5000,1.0,3021694564,20260901
B1_spatial,2.0,all_class_maps,all,micro,relative_l2_change,0.051893870536690444,0.05138702352487066,0.052425384150006214,1449,1449,28980,28980,,5000,5000,1.0,3021694564,20260901
B1_spatial,2.0,all_class_maps,all,micro,map_pearson,0.9799679773276719,0.9798172951767349,0.9801203514914252,1449,1449,28980,28980,,5000,5000,1.0,3021694564,20260901
B1_spatial,2.0,all_class_maps,all,micro,map_spearman,0.9690093738897823,0.9686142271536026,0.9693984359469371,1449,1449,28980,28980,,5000,5000,1.0,3021694564,20260901
B1_spatial,2.0,all_class_maps,all,micro,smoothed_std_over_raw,0.8298688749266625,0.8288485528517893,0.8308562782967787,1449,1449,28980,28980,,5000,5000,1.0,3021694564,20260901
B1_spatial,2.0,all_class_maps,all,macro_class,fidelity,0.051893870536690444,0.05138702352487066,0.05242538415000622,1449,1449,28980,28980,20,5000,5000,1.0,3021694564,20260901
B1_spatial,2.0,all_class_maps,all,macro_class,relative_l2_change,0.051893870536690444,0.05138702352487066,0.05242538415000622,1449,1449,28980,28980,20,5000,5000,1.0,3021694564,20260901
B1_spatial,2.0,all_class_maps,all,macro_class,map_pearson,0.9799679773276718,0.9798172951767348,0.9801203514914251,1449,1449,28980,28980,20,5000,5000,1.0,3021694564,20260901
B1_spatial,2.0,all_class_maps,all,macro_class,map_spearman,0.9690093738897823,0.9686142271536026,0.9693984359469368,1449,1449,28980,28980,20,5000,5000,1.0,3021694564,20260901
B1_spatial,2.0,all_class_maps,all,macro_class,smoothed_std_over_raw,0.8298688749266624,0.8288485528517893,0.8308562782967789,1449,1449,28980,28980,20,5000,5000,1.0,3021694564,20260901
B1_spatial,2.0,all_class_maps,single_label,micro,fidelity,0.04773696188231229,0.04718497756048796,0.04829194899291522,927,927,18540,18540,,5000,5000,1.0,3021694564,20260901
B1_spatial,2.0,all_class_maps,single_label,micro,relative_l2_change,0.04773696188231229,0.04718497756048796,0.04829194899291522,927,927,18540,18540,,5000,5000,1.0,3021694564,20260901
B1_spatial,2.0,all_class_maps,single_label,micro,map_pearson,0.9802029136893818,0.9799974674927603,0.9804114344029686,927,927,18540,18540,,5000,5000,1.0,3021694564,20260901
B1_spatial,2.0,all_class_maps,single_label,micro,map_spearman,0.9673880689706102,0.9667976288544065,0.9679438382146845,927,927,18540,18540,,5000,5000,1.0,3021694564,20260901
B1_spatial,2.0,all_class_maps,single_label,micro,smoothed_std_over_raw,0.8260831615717794,0.8247764725455092,0.8273432269894961,927,927,18540,18540,,5000,5000,1.0,3021694564,20260901
B1_spatial,2.0,all_class_maps,single_label,macro_class,fidelity,0.047736961882312294,0.04718497756048796,0.04829194899291522,927,927,18540,18540,20,5000,5000,1.0,3021694564,20260901
B1_spatial,2.0,all_class_maps,single_label,macro_class,relative_l2_change,0.047736961882312294,0.04718497756048796,0.04829194899291522,927,927,18540,18540,20,5000,5000,1.0,3021694564,20260901
B1_spatial,2.0,all_class_maps,single_label,macro_class,map_pearson,0.9802029136893818,0.9799974674927604,0.9804114344029685,927,927,18540,18540,20,5000,5000,1.0,3021694564,20260901
B1_spatial,2.0,all_class_maps,single_label,macro_class,map_spearman,0.9673880689706105,0.9667976288544065,0.9679438382146848,927,927,18540,18540,20,5000,5000,1.0,3021694564,20260901
B1_spatial,2.0,all_class_maps,single_label,macro_class,smoothed_std_over_raw,0.8260831615717794,0.8247764725455091,0.8273432269894959,927,927,18540,18540,20,5000,5000,1.0,3021694564,20260901
B1_spatial,2.0,all_class_maps,exactly_2_labels,micro,fidelity,0.05727459008346001,0.05652063195550193,0.05805025473849847,375,375,7500,7500,,5000,5000,1.0,3021694564,20260901
B1_spatial,2.0,all_class_maps,exactly_2_labels,micro,relative_l2_change,0.05727459008346001,0.05652063195550193,0.05805025473849847,375,375,7500,7500,,5000,5000,1.0,3021694564,20260901
B1_spatial,2.0,all_class_maps,exactly_2_labels,micro,map_pearson,0.9795375241041183,0.9792994768178462,0.9797791803022226,375,375,7500,7500,,5000,5000,1.0,3021694564,20260901
B1_spatial,2.0,all_class_maps,exactly_2_labels,micro,map_spearman,0.9717217544476191,0.9712526195230087,0.9721660287471612,375,375,7500,7500,,5000,5000,1.0,3021694564,20260901
B1_spatial,2.0,all_class_maps,exactly_2_labels,micro,smoothed_std_over_raw,0.8354577553828557,0.8335561842832963,0.8373676982369026,375,375,7500,7500,,5000,5000,1.0,3021694564,20260901
B1_spatial,2.0,all_class_maps,exactly_2_labels,macro_class,fidelity,0.05727459008346001,0.056520631955501936,0.05805025473849847,375,375,7500,7500,20,5000,5000,1.0,3021694564,20260901
B1_spatial,2.0,all_class_maps,exactly_2_labels,macro_class,relative_l2_change,0.05727459008346001,0.056520631955501936,0.05805025473849847,375,375,7500,7500,20,5000,5000,1.0,3021694564,20260901
B1_spatial,2.0,all_class_maps,exactly_2_labels,macro_class,map_pearson,0.9795375241041185,0.9792994768178462,0.9797791803022228,375,375,7500,7500,20,5000,5000,1.0,3021694564,20260901
B1_spatial,2.0,all_class_maps,exactly_2_labels,macro_class,map_spearman,0.9717217544476192,0.9712526195230089,0.9721660287471612,375,375,7500,7500,20,5000,5000,1.0,3021694564,20260901
B1_spatial,2.0,all_class_maps,exactly_2_labels,macro_class,smoothed_std_over_raw,0.8354577553828557,0.8335561842832963,0.8373676982369024,375,375,7500,7500,20,5000,5000,1.0,3021694564,20260901
B1_spatial,2.0,all_class_maps,3plus_labels,micro,fidelity,0.06438152014600987,0.06322089422630388,0.06551885711330109,147,147,2940,2940,,5000,5000,1.0,3021694564,20260901
B1_spatial,2.0,all_class_maps,3plus_labels,micro,relative_l2_change,0.06438152014600987,0.06322089422630388,0.06551885711330109,147,147,2940,2940,,5000,5000,1.0,3021694564,20260901
B1_spatial,2.0,all_class_maps,3plus_labels,micro,map_pearson,0.9795845348210562,0.9792094528735901,0.979956282756361,147,147,2940,2940,,5000,5000,1.0,3021694564,20260901
B1_spatial,2.0,all_class_maps,3plus_labels,micro,map_spearman,0.9723141830794665,0.9716990148651155,0.9729226591047787,147,147,2940,2940,,5000,5000,1.0,3021694564,20260901
B1_spatial,2.0,all_class_maps,3plus_labels,micro,smoothed_std_over_raw,0.8394846987967588,0.836337056134631,0.8425276662510675,147,147,2940,2940,,5000,5000,1.0,3021694564,20260901
B1_spatial,2.0,all_class_maps,3plus_labels,macro_class,fidelity,0.06438152014600987,0.06322089422630385,0.0655188571133011,147,147,2940,2940,20,5000,5000,1.0,3021694564,20260901
B1_spatial,2.0,all_class_maps,3plus_labels,macro_class,relative_l2_change,0.06438152014600987,0.06322089422630385,0.0655188571133011,147,147,2940,2940,20,5000,5000,1.0,3021694564,20260901
B1_spatial,2.0,all_class_maps,3plus_labels,macro_class,map_pearson,0.9795845348210562,0.9792094528735901,0.9799562827563609,147,147,2940,2940,20,5000,5000,1.0,3021694564,20260901
B1_spatial,2.0,all_class_maps,3plus_labels,macro_class,map_spearman,0.9723141830794667,0.9716990148651156,0.9729226591047788,147,147,2940,2940,20,5000,5000,1.0,3021694564,20260901
B1_spatial,2.0,all_class_maps,3plus_labels,macro_class,smoothed_std_over_raw,0.8394846987967588,0.836337056134631,0.8425276662510675,147,147,2940,2940,20,5000,5000,1.0,3021694564,20260901
B1_spatial,2.0,per_class,all,micro,fidelity,0.04420482428465489,0.04346960036044206,0.04499944303193746,1449,1449,1449,1449,,5000,5000,1.0,3021694564,20260901
B1_spatial,2.0,per_class,all,micro,relative_l2_change,0.04420482428465489,0.04346960036044206,0.04499944303193746,1449,1449,1449,1449,,5000,5000,1.0,3021694564,20260901
B1_spatial,2.0,per_class,all,micro,map_pearson,0.9810965772412249,0.9808960328859407,0.9813002560172023,1449,1449,1449,1449,,5000,5000,1.0,3021694564,20260901
B1_spatial,2.0,per_class,all,micro,map_spearman,0.9711675665722459,0.9706321926745075,0.9717018645177058,1449,1449,1449,1449,,5000,5000,1.0,3021694564,20260901
B1_spatial,2.0,per_class,all,micro,smoothed_std_over_raw,0.824523321137583,0.8226786559865423,0.8264114266977465,1449,1449,1449,1449,,5000,5000,1.0,3021694564,20260901
B1_spatial,2.0,per_class,all,micro,fidelity,0.04848199737630399,0.047352005376302485,0.04969148343783116,1449,1449,1449,1449,,5000,5000,1.0,3021694564,20260901
B1_spatial,2.0,per_class,all,micro,relative_l2_change,0.04848199737630399,0.047352005376302485,0.04969148343783116,1449,1449,1449,1449,,5000,5000,1.0,3021694564,20260901
B1_spatial,2.0,per_class,all,micro,map_pearson,0.9794737011749551,0.9792073077954778,0.9797365493028636,1449,1449,1449,1449,,5000,5000,1.0,3021694564,20260901
B1_spatial,2.0,per_class,all,micro,map_spearman,0.9683374404249067,0.9676999577752388,0.9689394626558196,1449,1449,1449,1449,,5000,5000,1.0,3021694564,20260901
B1_spatial,2.0,per_class,all,micro,smoothed_std_over_raw,0.8276236892733762,0.8256440043521389,0.829543454221111,1449,1449,1449,1449,,5000,5000,1.0,3021694564,20260901
B1_spatial,2.0,per_class,all,micro,fidelity,0.044244941144029874,0.04367906238775754,0.04486217872715916,1449,1449,1449,1449,,5000,5000,1.0,3021694564,20260901
B1_spatial,2.0,per_class,all,micro,relative_l2_change,0.044244941144029874,0.04367906238775754,0.04486217872715916,1449,1449,1449,1449,,5000,5000,1.0,3021694564,20260901
B1_spatial,2.0,per_class,all,micro,map_pearson,0.9787913676868067,0.9785677419963831,0.9790112446307149,1449,1449,1449,1449,,5000,5000,1.0,3021694564,20260901
B1_spatial,2.0,per_class,all,micro,map_spearman,0.968721816422941,0.9681366792171062,0.9692868463545934,1449,1449,1449,1449,,5000,5000,1.0,3021694564,20260901
B1_spatial,2.0,per_class,all,micro,smoothed_std_over_raw,0.8250073536747156,0.8231721556674126,0.826816810583188,1449,1449,1449,1449,,5000,5000,1.0,3021694564,20260901
B1_spatial,2.0,per_class,all,micro,fidelity,0.04711855502813293,0.04612682890857193,0.04818026733194562,1449,1449,1449,1449,,5000,5000,1.0,3021694564,20260901
B1_spatial,2.0,per_class,all,micro,relative_l2_change,0.04711855502813293,0.04612682890857193,0.04818026733194562,1449,1449,1449,1449,,5000,5000,1.0,3021694564,20260901
B1_spatial,2.0,per_class,all,micro,map_pearson,0.9797586632071075,0.9795083744534959,0.9800085508551903,1449,1449,1449,1449,,5000,5000,1.0,3021694564,20260901
B1_spatial,2.0,per_class,all,micro,map_spearman,0.9701123995316941,0.969577791265696,0.9706511108195724,1449,1449,1449,1449,,5000,5000,1.0,3021694564,20260901
B1_spatial,2.0,per_class,all,micro,smoothed_std_over_raw,0.8257802099174594,0.8238430454514617,0.8277213590835356,1449,1449,1449,1449,,5000,5000,1.0,3021694564,20260901
B1_spatial,2.0,per_class,all,micro,fidelity,0.055582022095154365,0.05407498109760502,0.05713052366464286,1449,1449,1449,1449,,5000,5000,1.0,3021694564,20260901
B1_spatial,2.0,per_class,all,micro,relative_l2_change,0.055582022095154365,0.05407498109760502,0.05713052366464286,1449,1449,1449,1449,,5000,5000,1.0,3021694564,20260901
B1_spatial,2.0,per_class,all,micro,map_pearson,0.9790823329638579,0.9788004350392797,0.9793598591890559,1449,1449,1449,1449,,5000,5000,1.0,3021694564,20260901
B1_spatial,2.0,per_class,all,micro,map_spearman,0.9667010657782387,0.9659288917875767,0.9674592694202071,1449,1449,1449,1449,,5000,5000,1.0,3021694564,20260901
B1_spatial,2.0,per_class,all,micro,smoothed_std_over_raw,0.8331337112077275,0.8310200046503684,0.8353427389681628,1449,1449,1449,1449,,5000,5000,1.0,3021694564,20260901
B1_spatial,2.0,per_class,all,micro,fidelity,0.04723099868402677,0.04628507754957629,0.048231546774672396,1449,1449,1449,1449,,5000,5000,1.0,3021694564,20260901
B1_spatial,2.0,per_class,all,micro,relative_l2_change,0.04723099868402677,0.04628507754957629,0.048231546774672396,1449,1449,1449,1449,,5000,5000,1.0,3021694564,20260901
B1_spatial,2.0,per_class,all,micro,map_pearson,0.981484509937676,0.9812834395744868,0.9816799138150106,1449,1449,1449,1449,,5000,5000,1.0,3021694564,20260901
B1_spatial,2.0,per_class,all,micro,map_spearman,0.9706168427312678,0.9700148890672922,0.9712210778792288,1449,1449,1449,1449,,5000,5000,1.0,3021694564,20260901
B1_spatial,2.0,per_class,all,micro,smoothed_std_over_raw,0.8303316893702626,0.8283886948635119,0.8322538826601764,1449,1449,1449,1449,,5000,5000,1.0,3021694564,20260901
B1_spatial,2.0,per_class,all,micro,fidelity,0.05808415148198975,0.05644175153157531,0.05978657445337513,1449,1449,1449,1449,,5000,5000,1.0,3021694564,20260901
B1_spatial,2.0,per_class,all,micro,relative_l2_change,0.05808415148198975,0.05644175153157531,0.05978657445337513,1449,1449,1449,1449,,5000,5000,1.0,3021694564,20260901
B1_spatial,2.0,per_class,all,micro,map_pearson,0.9796620633291162,0.9793497700622116,0.9799561780267456,1449,1449,1449,1449,,5000,5000,1.0,3021694564,20260901
B1_spatial,2.0,per_class,all,micro,map_spearman,0.970324270720314,0.9697215930265012,0.970896963320616,1449,1449,1449,1449,,5000,5000,1.0,3021694564,20260901
B1_spatial,2.0,per_class,all,micro,smoothed_std_over_raw,0.8387980306452928,0.8366268519803193,0.8409545405012645,1449,1449,1449,1449,,5000,5000,1.0,3021694564,20260901
B1_spatial,2.0,per_class,all,micro,fidelity,0.047186895463232584,0.046266425014142486,0.04817493839267824,1449,1449,1449,1449,,5000,5000,1.0,3021694564,20260901
B1_spatial,2.0,per_class,all,micro,relative_l2_change,0.047186895463232584,0.046266425014142486,0.04817493839267824,1449,1449,1449,1449,,5000,5000,1.0,3021694564,20260901
B1_spatial,2.0,per_class,all,micro,map_pearson,0.980306817507892,0.9800592194751594,0.9805470809381611,1449,1449,1449,1449,,5000,5000,1.0,3021694564,20260901
B1_spatial,2.0,per_class,all,micro,map_spearman,0.9696045425779002,0.9690097299421796,0.9701811338875769,1449,1449,1449,1449,,5000,5000,1.0,3021694564,20260901
B1_spatial,2.0,per_class,all,micro,smoothed_std_over_raw,0.829614187825376,0.8275985915910548,0.8316428118446434,1449,1449,1449,1449,,5000,5000,1.0,3021694564,20260901
B1_spatial,2.0,per_class,all,micro,fidelity,0.06466136218335934,0.06269009449220989,0.06682303144077188,1449,1449,1449,1449,,5000,5000,1.0,3021694564,20260901
B1_spatial,2.0,per_class,all,micro,relative_l2_change,0.06466136218335934,0.06269009449220989,0.06682303144077188,1449,1449,1449,1449,,5000,5000,1.0,3021694564,20260901
B1_spatial,2.0,per_class,all,micro,map_pearson,0.9795270740286575,0.9792383981324871,0.9798147726914568,1449,1449,1449,1449,,5000,5000,1.0,3021694564,20260901
B1_spatial,2.0,per_class,all,micro,map_spearman,0.9675172063052202,0.9667670724997034,0.9682218056843147,1449,1449,1449,1449,,5000,5000,1.0,3021694564,20260901
B1_spatial,2.0,per_class,all,micro,smoothed_std_over_raw,0.8329108918922535,0.830712923000318,0.8351330147736067,1449,1449,1449,1449,,5000,5000,1.0,3021694564,20260901
B1_spatial,2.0,per_class,all,micro,fidelity,0.044732891581052744,0.0436550889923279,0.04588960055782465,1449,1449,1449,1449,,5000,5000,1.0,3021694564,20260901
B1_spatial,2.0,per_class,all,micro,relative_l2_change,0.044732891581052744,0.0436550889923279,0.04588960055782465,1449,1449,1449,1449,,5000,5000,1.0,3021694564,20260901
B1_spatial,2.0,per_class,all,micro,map_pearson,0.9816291213776014,0.9814319405589045,0.98183003000406,1449,1449,1449,1449,,5000,5000,1.0,3021694564,20260901
B1_spatial,2.0,per_class,all,micro,map_spearman,0.9688361910312566,0.9681834278464975,0.9694864575033191,1449,1449,1449,1449,,5000,5000,1.0,3021694564,20260901
B1_spatial,2.0,per_class,all,micro,smoothed_std_over_raw,0.8285068228295789,0.8267240402871695,0.8303417420021166,1449,1449,1449,1449,,5000,5000,1.0,3021694564,20260901
B1_spatial,2.0,per_class,all,micro,fidelity,0.05071870106985192,0.049473151103371665,0.052046346438475326,1449,1449,1449,1449,,5000,5000,1.0,3021694564,20260901
B1_spatial,2.0,per_class,all,micro,relative_l2_change,0.05071870106985192,0.049473151103371665,0.052046346438475326,1449,1449,1449,1449,,5000,5000,1.0,3021694564,20260901
B1_spatial,2.0,per_class,all,micro,map_pearson,0.9800450319746924,0.9797893363537666,0.9802887431099713,1449,1449,1449,1449,,5000,5000,1.0,3021694564,20260901
B1_spatial,2.0,per_class,all,micro,map_spearman,0.968935667810315,0.9682219968696065,0.9696460104722907,1449,1449,1449,1449,,5000,5000,1.0,3021694564,20260901
B1_spatial,2.0,per_class,all,micro,smoothed_std_over_raw,0.8270648778760079,0.8250796051005647,0.8290339879069434,1449,1449,1449,1449,,5000,5000,1.0,3021694564,20260901
B1_spatial,2.0,per_class,all,micro,fidelity,0.05189801546249454,0.05090220224789072,0.05298128169308897,1449,1449,1449,1449,,5000,5000,1.0,3021694564,20260901
B1_spatial,2.0,per_class,all,micro,relative_l2_change,0.05189801546249454,0.05090220224789072,0.05298128169308897,1449,1449,1449,1449,,5000,5000,1.0,3021694564,20260901
B1_spatial,2.0,per_class,all,micro,map_pearson,0.9793671311140884,0.9790721707164295,0.9796842464851955,1449,1449,1449,1449,,5000,5000,1.0,3021694564,20260901
B1_spatial,2.0,per_class,all,micro,map_spearman,0.9686800979843956,0.9679959354429841,0.9693780258184799,1449,1449,1449,1449,,5000,5000,1.0,3021694564,20260901
B1_spatial,2.0,per_class,all,micro,smoothed_std_over_raw,0.829076417937124,0.8267669762451949,0.8315400256585713,1449,1449,1449,1449,,5000,5000,1.0,3021694564,20260901
B1_spatial,2.0,per_class,all,micro,fidelity,0.04826668985290845,0.04728641564523309,0.04928337920761138,1449,1449,1449,1449,,5000,5000,1.0,3021694564,20260901
B1_spatial,2.0,per_class,all,micro,relative_l2_change,0.04826668985290845,0.04728641564523309,0.04928337920761138,1449,1449,1449,1449,,5000,5000,1.0,3021694564,20260901
B1_spatial,2.0,per_class,all,micro,map_pearson,0.9796122451170796,0.9793817242305389,0.9798414554572911,1449,1449,1449,1449,,5000,5000,1.0,3021694564,20260901
B1_spatial,2.0,per_class,all,micro,map_spearman,0.968113871135738,0.9674289910401699,0.9687632169021747,1449,1449,1449,1449,,5000,5000,1.0,3021694564,20260901
B1_spatial,2.0,per_class,all,micro,smoothed_std_over_raw,0.8228766315554322,0.8210440499575653,0.8247697982183813,1449,1449,1449,1449,,5000,5000,1.0,3021694564,20260901
B1_spatial,2.0,per_class,all,micro,fidelity,0.049196123971434774,0.04821999222049817,0.05019885170960566,1449,1449,1449,1449,,5000,5000,1.0,3021694564,20260901
B1_spatial,2.0,per_class,all,micro,relative_l2_change,0.049196123971434774,0.04821999222049817,0.05019885170960566,1449,1449,1449,1449,,5000,5000,1.0,3021694564,20260901
B1_spatial,2.0,per_class,all,micro,map_pearson,0.9800531961656258,0.9797973733336207,0.9803083531553372,1449,1449,1449,1449,,5000,5000,1.0,3021694564,20260901
B1_spatial,2.0,per_class,all,micro,map_spearman,0.967613991249669,0.966889729437703,0.9682903594790532,1449,1449,1449,1449,,5000,5000,1.0,3021694564,20260901
B1_spatial,2.0,per_class,all,micro,smoothed_std_over_raw,0.8252234709435615,0.8230715754589103,0.8273754334567003,1449,1449,1449,1449,,5000,5000,1.0,3021694564,20260901
B1_spatial,2.0,per_class,all,micro,fidelity,0.08123658316208626,0.07888094591217218,0.08355928233042463,1449,1449,1449,1449,,5000,5000,1.0,3021694564,20260901
B1_spatial,2.0,per_class,all,micro,relative_l2_change,0.08123658316208626,0.07888094591217218,0.08355928233042463,1449,1449,1449,1449,,5000,5000,1.0,3021694564,20260901
B1_spatial,2.0,per_class,all,micro,map_pearson,0.9795518805027995,0.9791006083022405,0.9800001772191296,1449,1449,1449,1449,,5000,5000,1.0,3021694564,20260901
B1_spatial,2.0,per_class,all,micro,map_spearman,0.971176264531206,0.9705672008403833,0.9718014533084536,1449,1449,1449,1449,,5000,5000,1.0,3021694564,20260901
B1_spatial,2.0,per_class,all,micro,smoothed_std_over_raw,0.8484376311878076,0.845710561260468,0.8511997374596063,1449,1449,1449,1449,,5000,5000,1.0,3021694564,20260901
B1_spatial,2.0,per_class,all,micro,fidelity,0.05887123310181336,0.05744531077928609,0.060426777721497724,1449,1449,1449,1449,,5000,5000,1.0,3021694564,20260901
B1_spatial,2.0,per_class,all,micro,relative_l2_change,0.05887123310181336,0.05744531077928609,0.060426777721497724,1449,1449,1449,1449,,5000,5000,1.0,3021694564,20260901
B1_spatial,2.0,per_class,all,micro,map_pearson,0.9775495697828389,0.9772205574356991,0.9778665337986663,1449,1449,1449,1449,,5000,5000,1.0,3021694564,20260901
B1_spatial,2.0,per_class,all,micro,map_spearman,0.9673751058292192,0.9667354592131778,0.9679832220159784,1449,1449,1449,1449,,5000,5000,1.0,3021694564,20260901
B1_spatial,2.0,per_class,all,micro,smoothed_std_over_raw,0.830648036147908,0.828364216071972,0.8328205929820993,1449,1449,1449,1449,,5000,5000,1.0,3021694564,20260901
B1_spatial,2.0,per_class,all,micro,fidelity,0.04502010887027239,0.0443047531247666,0.04577313284537504,1449,1449,1449,1449,,5000,5000,1.0,3021694564,20260901
B1_spatial,2.0,per_class,all,micro,relative_l2_change,0.04502010887027239,0.0443047531247666,0.04577313284537504,1449,1449,1449,1449,,5000,5000,1.0,3021694564,20260901
B1_spatial,2.0,per_class,all,micro,map_pearson,0.9799919493696951,0.979773439882417,0.980207915150601,1449,1449,1449,1449,,5000,5000,1.0,3021694564,20260901
B1_spatial,2.0,per_class,all,micro,map_spearman,0.9687259252356035,0.968027137403985,0.9693780816387028,1449,1449,1449,1449,,5000,5000,1.0,3021694564,20260901
B1_spatial,2.0,per_class,all,micro,smoothed_std_over_raw,0.825980381894885,0.8241301478045492,0.8278433513844976,1449,1449,1449,1449,,5000,5000,1.0,3021694564,20260901
B1_spatial,2.0,per_class,all,micro,fidelity,0.056016099268379006,0.05428616952901774,0.05795445320681072,1449,1449,1449,1449,,5000,5000,1.0,3021694564,20260901
B1_spatial,2.0,per_class,all,micro,relative_l2_change,0.056016099268379006,0.05428616952901774,0.05795445320681072,1449,1449,1449,1449,,5000,5000,1.0,3021694564,20260901
B1_spatial,2.0,per_class,all,micro,map_pearson,0.9805377088307182,0.9802954079294056,0.9807823264964949,1449,1449,1449,1449,,5000,5000,1.0,3021694564,20260901
B1_spatial,2.0,per_class,all,micro,map_spearman,0.9679268124681082,0.967173826430196,0.9686733034991494,1449,1449,1449,1449,,5000,5000,1.0,3021694564,20260901
B1_spatial,2.0,per_class,all,micro,smoothed_std_over_raw,0.8289893307383098,0.8269269819677987,0.8311046150057294,1449,1449,1449,1449,,5000,5000,1.0,3021694564,20260901
B1_spatial,2.0,per_class,all,micro,fidelity,0.04381300994497772,0.042972486095054344,0.044676835330433276,1449,1449,1449,1449,,5000,5000,1.0,3021694564,20260901
B1_spatial,2.0,per_class,all,micro,relative_l2_change,0.04381300994497772,0.042972486095054344,0.044676835330433276,1449,1449,1449,1449,,5000,5000,1.0,3021694564,20260901
B1_spatial,2.0,per_class,all,micro,map_pearson,0.9815845208138413,0.9813858234991363,0.9817749812458613,1449,1449,1449,1449,,5000,5000,1.0,3021694564,20260901
B1_spatial,2.0,per_class,all,micro,map_spearman,0.9710450735974098,0.970461363220437,0.971626033039032,1449,1449,1449,1449,,5000,5000,1.0,3021694564,20260901
B1_spatial,2.0,per_class,all,micro,smoothed_std_over_raw,0.8293176816199219,0.8275120331870431,0.831124852358102,1449,1449,1449,1449,,5000,5000,1.0,3021694564,20260901
B1_spatial,2.0,per_class,all,micro,fidelity,0.05131220670765314,0.05015665468710987,0.052530690791082794,1449,1449,1449,1449,,5000,5000,1.0,3021694564,20260901
B1_spatial,2.0,per_class,all,micro,relative_l2_change,0.05131220670765314,0.05015665468710987,0.052530690791082794,1449,1449,1449,1449,,5000,5000,1.0,3021694564,20260901
B1_spatial,2.0,per_class,all,micro,map_pearson,0.9802540844271642,0.9800016602466566,0.9804988186757592,1449,1449,1449,1449,,5000,5000,1.0,3021694564,20260901
B1_spatial,2.0,per_class,all,micro,map_spearman,0.9686553258579957,0.9679553569247593,0.9693347125844431,1449,1449,1449,1449,,5000,5000,1.0,3021694564,20260901
B1_spatial,2.0,per_class,all,micro,smoothed_std_over_raw,0.8335331308586669,0.8316570548773882,0.8354327945060529,1449,1449,1449,1449,,5000,5000,1.0,3021694564,20260901
B1_spatial,4.0,all_class_maps,all,micro,fidelity,0.06902013966624719,0.06830824109261599,0.06977897160506587,1449,1449,28980,28980,,5000,5000,1.0,3021694564,20260901
B1_spatial,4.0,all_class_maps,all,micro,relative_l2_change,0.06902013966624719,0.06830824109261599,0.06977897160506587,1449,1449,28980,28980,,5000,5000,1.0,3021694564,20260901
B1_spatial,4.0,all_class_maps,all,micro,map_pearson,0.9647771084427916,0.9644855198176197,0.9650765465361916,1449,1449,28980,28980,,5000,5000,1.0,3021694564,20260901
B1_spatial,4.0,all_class_maps,all,micro,map_spearman,0.9473799515646684,0.9468171063432659,0.9479443521945229,1449,1449,28980,28980,,5000,5000,1.0,3021694564,20260901
B1_spatial,4.0,all_class_maps,all,micro,smoothed_std_over_raw,0.7704112056105444,0.7691011685222449,0.7716497717869227,1449,1449,28980,28980,,5000,5000,1.0,3021694564,20260901
B1_spatial,4.0,all_class_maps,all,macro_class,fidelity,0.0690201396662472,0.068308241092616,0.06977897160506587,1449,1449,28980,28980,20,5000,5000,1.0,3021694564,20260901
B1_spatial,4.0,all_class_maps,all,macro_class,relative_l2_change,0.0690201396662472,0.068308241092616,0.06977897160506587,1449,1449,28980,28980,20,5000,5000,1.0,3021694564,20260901
B1_spatial,4.0,all_class_maps,all,macro_class,map_pearson,0.9647771084427916,0.9644855198176197,0.9650765465361915,1449,1449,28980,28980,20,5000,5000,1.0,3021694564,20260901
B1_spatial,4.0,all_class_maps,all,macro_class,map_spearman,0.9473799515646683,0.946817106343266,0.9479443521945229,1449,1449,28980,28980,20,5000,5000,1.0,3021694564,20260901
B1_spatial,4.0,all_class_maps,all,macro_class,smoothed_std_over_raw,0.7704112056105444,0.7691011685222449,0.7716497717869228,1449,1449,28980,28980,20,5000,5000,1.0,3021694564,20260901
B1_spatial,4.0,all_class_maps,single_label,micro,fidelity,0.06302137560760673,0.06225850407789163,0.06380012491182951,927,927,18540,18540,,5000,5000,1.0,3021694564,20260901
B1_spatial,4.0,all_class_maps,single_label,micro,relative_l2_change,0.06302137560760673,0.06225850407789163,0.06380012491182951,927,927,18540,18540,,5000,5000,1.0,3021694564,20260901
B1_spatial,4.0,all_class_maps,single_label,micro,map_pearson,0.9653973225218836,0.9649895954514656,0.9658095395863217,927,927,18540,18540,,5000,5000,1.0,3021694564,20260901
B1_spatial,4.0,all_class_maps,single_label,micro,map_spearman,0.9453282854510743,0.944507245755681,0.9461302996475849,927,927,18540,18540,,5000,5000,1.0,3021694564,20260901
B1_spatial,4.0,all_class_maps,single_label,micro,smoothed_std_over_raw,0.7664911575816339,0.764829246115498,0.7680546736287229,927,927,18540,18540,,5000,5000,1.0,3021694564,20260901
B1_spatial,4.0,all_class_maps,single_label,macro_class,fidelity,0.06302137560760673,0.06225850407789162,0.0638001249118295,927,927,18540,18540,20,5000,5000,1.0,3021694564,20260901
B1_spatial,4.0,all_class_maps,single_label,macro_class,relative_l2_change,0.06302137560760673,0.06225850407789162,0.0638001249118295,927,927,18540,18540,20,5000,5000,1.0,3021694564,20260901
B1_spatial,4.0,all_class_maps,single_label,macro_class,map_pearson,0.9653973225218836,0.9649895954514659,0.9658095395863219,927,927,18540,18540,20,5000,5000,1.0,3021694564,20260901
B1_spatial,4.0,all_class_maps,single_label,macro_class,map_spearman,0.9453282854510746,0.9445072457556811,0.9461302996475848,927,927,18540,18540,20,5000,5000,1.0,3021694564,20260901
B1_spatial,4.0,all_class_maps,single_label,macro_class,smoothed_std_over_raw,0.766491157581634,0.764829246115498,0.7680546736287227,927,927,18540,18540,20,5000,5000,1.0,3021694564,20260901
B1_spatial,4.0,all_class_maps,exactly_2_labels,micro,fidelity,0.07676840628584226,0.07571144697416574,0.07784713254439334,375,375,7500,7500,,5000,5000,1.0,3021694564,20260901
B1_spatial,4.0,all_class_maps,exactly_2_labels,micro,relative_l2_change,0.07676840628584226,0.07571144697416574,0.07784713254439334,375,375,7500,7500,,5000,5000,1.0,3021694564,20260901
B1_spatial,4.0,all_class_maps,exactly_2_labels,micro,map_pearson,0.9637457451740901,0.963305982482632,0.9641988328307867,375,375,7500,7500,,5000,5000,1.0,3021694564,20260901
B1_spatial,4.0,all_class_maps,exactly_2_labels,micro,map_spearman,0.9508708626747131,0.9500815619186561,0.9516106330347062,375,375,7500,7500,,5000,5000,1.0,3021694564,20260901
B1_spatial,4.0,all_class_maps,exactly_2_labels,micro,smoothed_std_over_raw,0.7762651657819748,0.77389151398321,0.778672136913538,375,375,7500,7500,,5000,5000,1.0,3021694564,20260901
B1_spatial,4.0,all_class_maps,exactly_2_labels,macro_class,fidelity,0.07676840628584225,0.07571144697416574,0.07784713254439334,375,375,7500,7500,20,5000,5000,1.0,3021694564,20260901
B1_spatial,4.0,all_class_maps,exactly_2_labels,macro_class,relative_l2_change,0.07676840628584225,0.07571144697416574,0.07784713254439334,375,375,7500,7500,20,5000,5000,1.0,3021694564,20260901
B1_spatial,4.0,all_class_maps,exactly_2_labels,macro_class,map_pearson,0.9637457451740901,0.9633059824826321,0.9641988328307868,375,375,7500,7500,20,5000,5000,1.0,3021694564,20260901
B1_spatial,4.0,all_class_maps,exactly_2_labels,macro_class,map_spearman,0.9508708626747131,0.950081561918656,0.9516106330347064,375,375,7500,7500,20,5000,5000,1.0,3021694564,20260901
B1_spatial,4.0,all_class_maps,exactly_2_labels,macro_class,smoothed_std_over_raw,0.7762651657819749,0.7738915139832098,0.7786721369135379,375,375,7500,7500,20,5000,5000,1.0,3021694564,20260901
B1_spatial,4.0,all_class_maps,3plus_labels,micro,fidelity,0.08708309408809457,0.08546101255073105,0.08869262256602548,147,147,2940,2940,,5000,5000,1.0,3021694564,20260901
B1_spatial,4.0,all_class_maps,3plus_labels,micro,relative_l2_change,0.08708309408809457,0.08546101255073105,0.08869262256602548,147,147,2940,2940,,5000,5000,1.0,3021694564,20260901
B1_spatial,4.0,all_class_maps,3plus_labels,micro,map_pearson,0.9634969912621439,0.9627849222496658,0.9641902380173101,147,147,2940,2940,,5000,5000,1.0,3021694564,20260901
B1_spatial,4.0,all_class_maps,3plus_labels,micro,map_spearman,0.951412623816607,0.9503960557281971,0.9524375631538581,147,147,2940,2940,,5000,5000,1.0,3021694564,20260901
B1_spatial,4.0,all_class_maps,3plus_labels,micro,smoothed_std_over_raw,0.780197936620842,0.776146323262226,0.7841786369275885,147,147,2940,2940,,5000,5000,1.0,3021694564,20260901
B1_spatial,4.0,all_class_maps,3plus_labels,macro_class,fidelity,0.08708309408809457,0.08546101255073102,0.08869262256602548,147,147,2940,2940,20,5000,5000,1.0,3021694564,20260901
B1_spatial,4.0,all_class_maps,3plus_labels,macro_class,relative_l2_change,0.08708309408809457,0.08546101255073102,0.08869262256602548,147,147,2940,2940,20,5000,5000,1.0,3021694564,20260901
B1_spatial,4.0,all_class_maps,3plus_labels,macro_class,map_pearson,0.9634969912621438,0.9627849222496658,0.9641902380173103,147,147,2940,2940,20,5000,5000,1.0,3021694564,20260901
B1_spatial,4.0,all_class_maps,3plus_labels,macro_class,map_spearman,0.951412623816607,0.9503960557281972,0.952437563153858,147,147,2940,2940,20,5000,5000,1.0,3021694564,20260901
B1_spatial,4.0,all_class_maps,3plus_labels,macro_class,smoothed_std_over_raw,0.7801979366208421,0.776146323262226,0.7841786369275885,147,147,2940,2940,20,5000,5000,1.0,3021694564,20260901
B1_spatial,4.0,per_class,all,micro,fidelity,0.05833923252359845,0.05724639075128856,0.05951898894719445,1449,1449,1449,1449,,5000,5000,1.0,3021694564,20260901
B1_spatial,4.0,per_class,all,micro,relative_l2_change,0.05833923252359845,0.05724639075128856,0.05951898894719445,1449,1449,1449,1449,,5000,5000,1.0,3021694564,20260901
B1_spatial,4.0,per_class,all,micro,map_pearson,0.9667224147304985,0.9663387689808881,0.9671050870177909,1449,1449,1449,1449,,5000,5000,1.0,3021694564,20260901
B1_spatial,4.0,per_class,all,micro,map_spearman,0.9507269420403296,0.9499026169976009,0.9515585224368475,1449,1449,1449,1449,,5000,5000,1.0,3021694564,20260901
B1_spatial,4.0,per_class,all,micro,smoothed_std_over_raw,0.7646057076335694,0.7623292241890814,0.7668588783995623,1449,1449,1449,1449,,5000,5000,1.0,3021694564,20260901
B1_spatial,4.0,per_class,all,micro,fidelity,0.06411809844444998,0.06249209317057975,0.06585370046186233,1449,1449,1449,1449,,5000,5000,1.0,3021694564,20260901
B1_spatial,4.0,per_class,all,micro,relative_l2_change,0.06411809844444998,0.06249209317057975,0.06585370046186233,1449,1449,1449,1449,,5000,5000,1.0,3021694564,20260901
B1_spatial,4.0,per_class,all,micro,map_pearson,0.9637059481741231,0.9632146044300703,0.9642006317393956,1449,1449,1449,1449,,5000,5000,1.0,3021694564,20260901
B1_spatial,4.0,per_class,all,micro,map_spearman,0.9462068572876945,0.9452455233435453,0.9471480859660789,1449,1449,1449,1449,,5000,5000,1.0,3021694564,20260901
B1_spatial,4.0,per_class,all,micro,smoothed_std_over_raw,0.7690658821493613,0.7666414721257692,0.7714271357947584,1449,1449,1449,1449,,5000,5000,1.0,3021694564,20260901
B1_spatial,4.0,per_class,all,micro,fidelity,0.057778968615232455,0.056968959904705824,0.05867100390133218,1449,1449,1449,1449,,5000,5000,1.0,3021694564,20260901
B1_spatial,4.0,per_class,all,micro,relative_l2_change,0.057778968615232455,0.056968959904705824,0.05867100390133218,1449,1449,1449,1449,,5000,5000,1.0,3021694564,20260901
B1_spatial,4.0,per_class,all,micro,map_pearson,0.9632059771739836,0.9628062582770819,0.9636096650810386,1449,1449,1449,1449,,5000,5000,1.0,3021694564,20260901
B1_spatial,4.0,per_class,all,micro,map_spearman,0.946755489865363,0.9458478125294296,0.9476392057844488,1449,1449,1449,1449,,5000,5000,1.0,3021694564,20260901
B1_spatial,4.0,per_class,all,micro,smoothed_std_over_raw,0.7666154744462197,0.7643808425871399,0.7688413999630221,1449,1449,1449,1449,,5000,5000,1.0,3021694564,20260901
B1_spatial,4.0,per_class,all,micro,fidelity,0.062407340872402926,0.06096228620608185,0.06395023665259147,1449,1449,1449,1449,,5000,5000,1.0,3021694564,20260901
B1_spatial,4.0,per_class,all,micro,relative_l2_change,0.062407340872402926,0.06096228620608185,0.06395023665259147,1449,1449,1449,1449,,5000,5000,1.0,3021694564,20260901
B1_spatial,4.0,per_class,all,micro,map_pearson,0.9640289206517985,0.9635649059119514,0.9644850134520468,1449,1449,1449,1449,,5000,5000,1.0,3021694564,20260901
B1_spatial,4.0,per_class,all,micro,map_spearman,0.9486301868763194,0.9477749555068974,0.949479778771198,1449,1449,1449,1449,,5000,5000,1.0,3021694564,20260901
B1_spatial,4.0,per_class,all,micro,smoothed_std_over_raw,0.7657431873722352,0.7633552068920281,0.7681577086911439,1449,1449,1449,1449,,5000,5000,1.0,3021694564,20260901
B1_spatial,4.0,per_class,all,micro,fidelity,0.07406776446239795,0.07190120889830325,0.07630356521100794,1449,1449,1449,1449,,5000,5000,1.0,3021694564,20260901
B1_spatial,4.0,per_class,all,micro,relative_l2_change,0.07406776446239795,0.07190120889830325,0.07630356521100794,1449,1449,1449,1449,,5000,5000,1.0,3021694564,20260901
B1_spatial,4.0,per_class,all,micro,map_pearson,0.9631771352309206,0.9626806844660872,0.9636693645770011,1449,1449,1449,1449,,5000,5000,1.0,3021694564,20260901
B1_spatial,4.0,per_class,all,micro,map_spearman,0.9439140658200897,0.942776175201186,0.9450379905565349,1449,1449,1449,1449,,5000,5000,1.0,3021694564,20260901
B1_spatial,4.0,per_class,all,micro,smoothed_std_over_raw,0.7743132903380094,0.7716967902486287,0.7770257603811592,1449,1449,1449,1449,,5000,5000,1.0,3021694564,20260901
B1_spatial,4.0,per_class,all,micro,fidelity,0.06252792503831303,0.06112321667049242,0.06401028666115675,1449,1449,1449,1449,,5000,5000,1.0,3021694564,20260901
B1_spatial,4.0,per_class,all,micro,relative_l2_change,0.06252792503831303,0.06112321667049242,0.06401028666115675,1449,1449,1449,1449,,5000,5000,1.0,3021694564,20260901
B1_spatial,4.0,per_class,all,micro,map_pearson,0.9678759589698744,0.9675186529395661,0.9682314435167918,1449,1449,1449,1449,,5000,5000,1.0,3021694564,20260901
B1_spatial,4.0,per_class,all,micro,map_spearman,0.9505085667879356,0.9496062741444553,0.9514314633544105,1449,1449,1449,1449,,5000,5000,1.0,3021694564,20260901
B1_spatial,4.0,per_class,all,micro,smoothed_std_over_raw,0.7708316874800262,0.7684639092938418,0.7731967483258313,1449,1449,1449,1449,,5000,5000,1.0,3021694564,20260901
B1_spatial,4.0,per_class,all,micro,fidelity,0.07736212704420665,0.0750414245863483,0.07974716821560743,1449,1449,1449,1449,,5000,5000,1.0,3021694564,20260901
B1_spatial,4.0,per_class,all,micro,relative_l2_change,0.07736212704420665,0.0750414245863483,0.07974716821560743,1449,1449,1449,1449,,5000,5000,1.0,3021694564,20260901
B1_spatial,4.0,per_class,all,micro,map_pearson,0.9643890666418687,0.963850420591048,0.9649041876114591,1449,1449,1449,1449,,5000,5000,1.0,3021694564,20260901
B1_spatial,4.0,per_class,all,micro,map_spearman,0.9492712988781057,0.9483285192562186,0.9501756153512281,1449,1449,1449,1449,,5000,5000,1.0,3021694564,20260901
B1_spatial,4.0,per_class,all,micro,smoothed_std_over_raw,0.7805705794060617,0.7779271851435787,0.7832097422005062,1449,1449,1449,1449,,5000,5000,1.0,3021694564,20260901
B1_spatial,4.0,per_class,all,micro,fidelity,0.06275882389399,0.061379002157876394,0.06425305707399458,1449,1449,1449,1449,,5000,5000,1.0,3021694564,20260901
B1_spatial,4.0,per_class,all,micro,relative_l2_change,0.06275882389399,0.061379002157876394,0.06425305707399458,1449,1449,1449,1449,,5000,5000,1.0,3021694564,20260901
B1_spatial,4.0,per_class,all,micro,map_pearson,0.9652433647954768,0.9647939774632618,0.9656791202616001,1449,1449,1449,1449,,5000,5000,1.0,3021694564,20260901
B1_spatial,4.0,per_class,all,micro,map_spearman,0.9480104090181855,0.9471028771027769,0.9489061376466843,1449,1449,1449,1449,,5000,5000,1.0,3021694564,20260901
B1_spatial,4.0,per_class,all,micro,smoothed_std_over_raw,0.7705585988658802,0.7681425918487536,0.7729923672588469,1449,1449,1449,1449,,5000,5000,1.0,3021694564,20260901
B1_spatial,4.0,per_class,all,micro,fidelity,0.08669035071397832,0.0838515427655793,0.08977577597136802,1449,1449,1449,1449,,5000,5000,1.0,3021694564,20260901
B1_spatial,4.0,per_class,all,micro,relative_l2_change,0.08669035071397832,0.0838515427655793,0.08977577597136802,1449,1449,1449,1449,,5000,5000,1.0,3021694564,20260901
B1_spatial,4.0,per_class,all,micro,map_pearson,0.9641518721998437,0.9636447551097846,0.9646459166472167,1449,1449,1449,1449,,5000,5000,1.0,3021694564,20260901
B1_spatial,4.0,per_class,all,micro,map_spearman,0.9454586149249264,0.9443637638656824,0.9464897518202384,1449,1449,1449,1449,,5000,5000,1.0,3021694564,20260901
B1_spatial,4.0,per_class,all,micro,smoothed_std_over_raw,0.7729099342706205,0.7702340639207264,0.7755636110140834,1449,1449,1449,1449,,5000,5000,1.0,3021694564,20260901
B1_spatial,4.0,per_class,all,micro,fidelity,0.05944865064282842,0.05785202311828805,0.06117450267094489,1449,1449,1449,1449,,5000,5000,1.0,3021694564,20260901
B1_spatial,4.0,per_class,all,micro,relative_l2_change,0.05944865064282842,0.05785202311828805,0.06117450267094489,1449,1449,1449,1449,,5000,5000,1.0,3021694564,20260901
B1_spatial,4.0,per_class,all,micro,map_pearson,0.9677404382872203,0.9673916814551837,0.9681072711594932,1449,1449,1449,1449,,5000,5000,1.0,3021694564,20260901
B1_spatial,4.0,per_class,all,micro,map_spearman,0.9472065986313435,0.9462046516350914,0.9481992677327186,1449,1449,1449,1449,,5000,5000,1.0,3021694564,20260901
B1_spatial,4.0,per_class,all,micro,smoothed_std_over_raw,0.7690874505980908,0.766926916484548,0.7712907709474396,1449,1449,1449,1449,,5000,5000,1.0,3021694564,20260901
B1_spatial,4.0,per_class,all,micro,fidelity,0.06733668049227953,0.065532726289099,0.06925413615184048,1449,1449,1449,1449,,5000,5000,1.0,3021694564,20260901
B1_spatial,4.0,per_class,all,micro,relative_l2_change,0.06733668049227953,0.065532726289099,0.06925413615184048,1449,1449,1449,1449,,5000,5000,1.0,3021694564,20260901
B1_spatial,4.0,per_class,all,micro,map_pearson,0.9645861301691965,0.9641046084551008,0.9650558443059997,1449,1449,1449,1449,,5000,5000,1.0,3021694564,20260901
B1_spatial,4.0,per_class,all,micro,map_spearman,0.9474451985336156,0.9463721594485931,0.9485047314570557,1449,1449,1449,1449,,5000,5000,1.0,3021694564,20260901
B1_spatial,4.0,per_class,all,micro,smoothed_std_over_raw,0.7672906826495137,0.7648230816760172,0.7697391576895309,1449,1449,1449,1449,,5000,5000,1.0,3021694564,20260901
B1_spatial,4.0,per_class,all,micro,fidelity,0.06910594302345918,0.0675958513297665,0.0707366229549148,1449,1449,1449,1449,,5000,5000,1.0,3021694564,20260901
B1_spatial,4.0,per_class,all,micro,relative_l2_change,0.06910594302345918,0.0675958513297665,0.0707366229549148,1449,1449,1449,1449,,5000,5000,1.0,3021694564,20260901
B1_spatial,4.0,per_class,all,micro,map_pearson,0.963885511917604,0.9633725160860126,0.9644187355171079,1449,1449,1449,1449,,5000,5000,1.0,3021694564,20260901
B1_spatial,4.0,per_class,all,micro,map_spearman,0.9469534759689315,0.9459184417597503,0.9479999596812216,1449,1449,1449,1449,,5000,5000,1.0,3021694564,20260901
B1_spatial,4.0,per_class,all,micro,smoothed_std_over_raw,0.7691669915773853,0.7663898499681261,0.7720796702770301,1449,1449,1449,1449,,5000,5000,1.0,3021694564,20260901
B1_spatial,4.0,per_class,all,micro,fidelity,0.06386316362241369,0.06242893547696377,0.06534895372594365,1449,1449,1449,1449,,5000,5000,1.0,3021694564,20260901
B1_spatial,4.0,per_class,all,micro,relative_l2_change,0.06386316362241369,0.06242893547696377,0.06534895372594365,1449,1449,1449,1449,,5000,5000,1.0,3021694564,20260901
B1_spatial,4.0,per_class,all,micro,map_pearson,0.9641001354504487,0.9636743243189826,0.9645108719677082,1449,1449,1449,1449,,5000,5000,1.0,3021694564,20260901
B1_spatial,4.0,per_class,all,micro,map_spearman,0.9459323996177947,0.9448994568344063,0.9469165252582051,1449,1449,1449,1449,,5000,5000,1.0,3021694564,20260901
B1_spatial,4.0,per_class,all,micro,smoothed_std_over_raw,0.7621582114260471,0.7599367677743802,0.7644877239845801,1449,1449,1449,1449,,5000,5000,1.0,3021694564,20260901
B1_spatial,4.0,per_class,all,micro,fidelity,0.06514562944077557,0.06368629488871633,0.06663355740176719,1449,1449,1449,1449,,5000,5000,1.0,3021694564,20260901
B1_spatial,4.0,per_class,all,micro,relative_l2_change,0.06514562944077557,0.06368629488871633,0.06663355740176719,1449,1449,1449,1449,,5000,5000,1.0,3021694564,20260901
B1_spatial,4.0,per_class,all,micro,map_pearson,0.9650359349550256,0.9645719501768992,0.9654965068808171,1449,1449,1449,1449,,5000,5000,1.0,3021694564,20260901
B1_spatial,4.0,per_class,all,micro,map_spearman,0.9455390934947444,0.9444567815230335,0.9465705306191458,1449,1449,1449,1449,,5000,5000,1.0,3021694564,20260901
B1_spatial,4.0,per_class,all,micro,smoothed_std_over_raw,0.7655507385771878,0.7629238896940889,0.7681848757529439,1449,1449,1449,1449,,5000,5000,1.0,3021694564,20260901
B1_spatial,4.0,per_class,all,micro,fidelity,0.11092426056611776,0.10751303704744726,0.11425631580304861,1449,1449,1449,1449,,5000,5000,1.0,3021694564,20260901
B1_spatial,4.0,per_class,all,micro,relative_l2_change,0.11092426056611776,0.10751303704744726,0.11425631580304861,1449,1449,1449,1449,,5000,5000,1.0,3021694564,20260901
B1_spatial,4.0,per_class,all,micro,map_pearson,0.9635257514860812,0.962783700272986,0.9642679341286523,1449,1449,1449,1449,,5000,5000,1.0,3021694564,20260901
B1_spatial,4.0,per_class,all,micro,map_spearman,0.9496935188893699,0.9487019173888357,0.9506829772028864,1449,1449,1449,1449,,5000,5000,1.0,3021694564,20260901
B1_spatial,4.0,per_class,all,micro,smoothed_std_over_raw,0.7891670038487847,0.7858241686087135,0.792583650674509,1449,1449,1449,1449,,5000,5000,1.0,3021694564,20260901
B1_spatial,4.0,per_class,all,micro,fidelity,0.07759246755882408,0.07556778989170515,0.07980331051818322,1449,1449,1449,1449,,5000,5000,1.0,3021694564,20260901
B1_spatial,4.0,per_class,all,micro,relative_l2_change,0.07759246755882408,0.07556778989170515,0.07980331051818322,1449,1449,1449,1449,,5000,5000,1.0,3021694564,20260901
B1_spatial,4.0,per_class,all,micro,map_pearson,0.9615645287282061,0.9610053937339718,0.9621011636631912,1449,1449,1449,1449,,5000,5000,1.0,3021694564,20260901
B1_spatial,4.0,per_class,all,micro,map_spearman,0.9453096016675872,0.9442975846023458,0.9462632207715405,1449,1449,1449,1449,,5000,5000,1.0,3021694564,20260901
B1_spatial,4.0,per_class,all,micro,smoothed_std_over_raw,0.7718445020268258,0.7690437053517278,0.7745202549640025,1449,1449,1449,1449,,5000,5000,1.0,3021694564,20260901
B1_spatial,4.0,per_class,all,micro,fidelity,0.059551382436062894,0.05850693448591306,0.06065611641698506,1449,1449,1449,1449,,5000,5000,1.0,3021694564,20260901
B1_spatial,4.0,per_class,all,micro,relative_l2_change,0.059551382436062894,0.05850693448591306,0.06065611641698506,1449,1449,1449,1449,,5000,5000,1.0,3021694564,20260901
B1_spatial,4.0,per_class,all,micro,map_pearson,0.9642897906428456,0.9638888684622661,0.9646886217287691,1449,1449,1449,1449,,5000,5000,1.0,3021694564,20260901
B1_spatial,4.0,per_class,all,micro,map_spearman,0.946223557201067,0.9451579425224277,0.9472331849962288,1449,1449,1449,1449,,5000,5000,1.0,3021694564,20260901
B1_spatial,4.0,per_class,all,micro,smoothed_std_over_raw,0.7661638206823519,0.7639212642458901,0.7684688316461462,1449,1449,1449,1449,,5000,5000,1.0,3021694564,20260901
B1_spatial,4.0,per_class,all,micro,fidelity,0.07527168537313318,0.07273848323476693,0.0780902426569029,1449,1449,1449,1449,,5000,5000,1.0,3021694564,20260901
B1_spatial,4.0,per_class,all,micro,relative_l2_change,0.07527168537313318,0.07273848323476693,0.0780902426569029,1449,1449,1449,1449,,5000,5000,1.0,3021694564,20260901
B1_spatial,4.0,per_class,all,micro,map_pearson,0.9654056731382676,0.9649662237092492,0.9658503337676481,1449,1449,1449,1449,,5000,5000,1.0,3021694564,20260901
B1_spatial,4.0,per_class,all,micro,map_spearman,0.9458820020601287,0.944772907014836,0.9469679869706257,1449,1449,1449,1449,,5000,5000,1.0,3021694564,20260901
B1_spatial,4.0,per_class,all,micro,smoothed_std_over_raw,0.7686561304507706,0.7661659465607814,0.7711530671973652,1449,1449,1449,1449,,5000,5000,1.0,3021694564,20260901
B1_spatial,4.0,per_class,all,micro,fidelity,0.05804935630135819,0.056829965813888855,0.059311885805061415,1449,1449,1449,1449,,5000,5000,1.0,3021694564,20260901
B1_spatial,4.0,per_class,all,micro,relative_l2_change,0.05804935630135819,0.056829965813888855,0.059311885805061415,1449,1449,1449,1449,,5000,5000,1.0,3021694564,20260901
B1_spatial,4.0,per_class,all,micro,map_pearson,0.9673412510902821,0.9669687771865053,0.9677091803537968,1449,1449,1449,1449,,5000,5000,1.0,3021694564,20260901
B1_spatial,4.0,per_class,all,micro,map_spearman,0.950466827823015,0.9495569392030941,0.951351732930864,1449,1449,1449,1449,,5000,5000,1.0,3021694564,20260901
B1_spatial,4.0,per_class,all,micro,smoothed_std_over_raw,0.7698656806376493,0.7676194319988713,0.7721311134930888,1449,1449,1449,1449,,5000,5000,1.0,3021694564,20260901
B1_spatial,4.0,per_class,all,micro,fidelity,0.06806294225912163,0.0663741167817905,0.06978346402438716,1449,1449,1449,1449,,5000,5000,1.0,3021694564,20260901
B1_spatial,4.0,per_class,all,micro,relative_l2_change,0.06806294225912163,0.0663741167817905,0.06978346402438716,1449,1449,1449,1449,,5000,5000,1.0,3021694564,20260901
B1_spatial,4.0,per_class,all,micro,map_pearson,0.9655663644222657,0.9651168573984531,0.9659999314754728,1449,1449,1449,1449,,5000,5000,1.0,3021694564,20260901
B1_spatial,4.0,per_class,all,micro,map_spearman,0.9474643259068207,0.9464574350446483,0.9484659100181485,1449,1449,1449,1449,,5000,5000,1.0,3021694564,20260901
B1_spatial,4.0,per_class,all,micro,smoothed_std_over_raw,0.7740585577742982,0.7717281739390085,0.7763975837349563,1449,1449,1449,1449,,5000,5000,1.0,3021694564,20260901
B2_feature,0.25,all_class_maps,all,micro,fidelity,0.014591497014610263,0.014464094219595937,0.014728892478402792,1449,1449,28980,28980,,5000,5000,1.0,3021694564,20260901
B2_feature,0.25,all_class_maps,all,micro,relative_l2_change,0.014591497014610263,0.014464094219595937,0.014728892478402792,1449,1449,28980,28980,,5000,5000,1.0,3021694564,20260901
B2_feature,0.25,all_class_maps,all,micro,map_pearson,0.998110010372597,0.9980866206648681,0.9981323331260759,1449,1449,28980,28980,,5000,5000,1.0,3021694564,20260901
B2_feature,0.25,all_class_maps,all,micro,map_spearman,0.996993407140196,0.9969457699718395,0.9970398032781459,1449,1449,28980,28980,,5000,5000,1.0,3021694564,20260901
B2_feature,0.25,all_class_maps,all,micro,smoothed_std_over_raw,0.9592175762146568,0.9589612110583349,0.9594751524682535,1449,1449,28980,28980,,5000,5000,1.0,3021694564,20260901
B2_feature,0.25,all_class_maps,all,macro_class,fidelity,0.014591497014610266,0.01446409421959594,0.014728892478402792,1449,1449,28980,28980,20,5000,5000,1.0,3021694564,20260901
B2_feature,0.25,all_class_maps,all,macro_class,relative_l2_change,0.014591497014610266,0.01446409421959594,0.014728892478402792,1449,1449,28980,28980,20,5000,5000,1.0,3021694564,20260901
B2_feature,0.25,all_class_maps,all,macro_class,map_pearson,0.998110010372597,0.998086620664868,0.9981323331260759,1449,1449,28980,28980,20,5000,5000,1.0,3021694564,20260901
B2_feature,0.25,all_class_maps,all,macro_class,map_spearman,0.996993407140196,0.9969457699718395,0.9970398032781459,1449,1449,28980,28980,20,5000,5000,1.0,3021694564,20260901
B2_feature,0.25,all_class_maps,all,macro_class,smoothed_std_over_raw,0.9592175762146568,0.9589612110583351,0.9594751524682537,1449,1449,28980,28980,20,5000,5000,1.0,3021694564,20260901
B2_feature,0.25,all_class_maps,single_label,micro,fidelity,0.013615050389629336,0.013465199651915687,0.013762803726724476,927,927,18540,18540,,5000,5000,1.0,3021694564,20260901
B2_feature,0.25,all_class_maps,single_label,micro,relative_l2_change,0.013615050389629336,0.013465199651915687,0.013762803726724476,927,927,18540,18540,,5000,5000,1.0,3021694564,20260901
B2_feature,0.25,all_class_maps,single_label,micro,map_pearson,0.9980934844690876,0.9980629132474254,0.9981236084841569,927,927,18540,18540,,5000,5000,1.0,3021694564,20260901
B2_feature,0.25,all_class_maps,single_label,micro,map_spearman,0.9968026878571433,0.9967344199671554,0.9968662514949083,927,927,18540,18540,,5000,5000,1.0,3021694564,20260901
B2_feature,0.25,all_class_maps,single_label,micro,smoothed_std_over_raw,0.9581707729651575,0.9578470181594195,0.9584908123592472,927,927,18540,18540,,5000,5000,1.0,3021694564,20260901
B2_feature,0.25,all_class_maps,single_label,macro_class,fidelity,0.013615050389629336,0.013465199651915685,0.01376280372672448,927,927,18540,18540,20,5000,5000,1.0,3021694564,20260901
B2_feature,0.25,all_class_maps,single_label,macro_class,relative_l2_change,0.013615050389629336,0.013465199651915685,0.01376280372672448,927,927,18540,18540,20,5000,5000,1.0,3021694564,20260901
B2_feature,0.25,all_class_maps,single_label,macro_class,map_pearson,0.9980934844690879,0.9980629132474254,0.9981236084841569,927,927,18540,18540,20,5000,5000,1.0,3021694564,20260901
B2_feature,0.25,all_class_maps,single_label,macro_class,map_spearman,0.9968026878571432,0.9967344199671553,0.9968662514949082,927,927,18540,18540,20,5000,5000,1.0,3021694564,20260901
B2_feature,0.25,all_class_maps,single_label,macro_class,smoothed_std_over_raw,0.9581707729651576,0.9578470181594196,0.9584908123592473,927,927,18540,18540,20,5000,5000,1.0,3021694564,20260901
B2_feature,0.25,all_class_maps,exactly_2_labels,micro,fidelity,0.015878888718783856,0.01568958470302013,0.016071639097193256,375,375,7500,7500,,5000,5000,1.0,3021694564,20260901
B2_feature,0.25,all_class_maps,exactly_2_labels,micro,relative_l2_change,0.015878888718783856,0.01568958470302013,0.016071639097193256,375,375,7500,7500,,5000,5000,1.0,3021694564,20260901
B2_feature,0.25,all_class_maps,exactly_2_labels,micro,map_pearson,0.9981182600816091,0.998073199134469,0.9981610689298311,375,375,7500,7500,,5000,5000,1.0,3021694564,20260901
B2_feature,0.25,all_class_maps,exactly_2_labels,micro,map_spearman,0.9972945827643077,0.9972245758839448,0.997360186931491,375,375,7500,7500,,5000,5000,1.0,3021694564,20260901
B2_feature,0.25,all_class_maps,exactly_2_labels,micro,smoothed_std_over_raw,0.9607495089292526,0.9602568657958508,0.9612338644876083,375,375,7500,7500,,5000,5000,1.0,3021694564,20260901
B2_feature,0.25,all_class_maps,exactly_2_labels,macro_class,fidelity,0.015878888718783856,0.015689584703020128,0.016071639097193256,375,375,7500,7500,20,5000,5000,1.0,3021694564,20260901
B2_feature,0.25,all_class_maps,exactly_2_labels,macro_class,relative_l2_change,0.015878888718783856,0.015689584703020128,0.016071639097193256,375,375,7500,7500,20,5000,5000,1.0,3021694564,20260901
B2_feature,0.25,all_class_maps,exactly_2_labels,macro_class,map_pearson,0.9981182600816089,0.9980731991344691,0.9981610689298311,375,375,7500,7500,20,5000,5000,1.0,3021694564,20260901
B2_feature,0.25,all_class_maps,exactly_2_labels,macro_class,map_spearman,0.9972945827643078,0.9972245758839448,0.9973601869314911,375,375,7500,7500,20,5000,5000,1.0,3021694564,20260901
B2_feature,0.25,all_class_maps,exactly_2_labels,macro_class,smoothed_std_over_raw,0.9607495089292526,0.9602568657958507,0.9612338644876085,375,375,7500,7500,20,5000,5000,1.0,3021694564,20260901
B2_feature,0.25,all_class_maps,3plus_labels,micro,fidelity,0.017464926485985924,0.017189517261493686,0.017738506464853084,147,147,2940,2940,,5000,5000,1.0,3021694564,20260901
B2_feature,0.25,all_class_maps,3plus_labels,micro,relative_l2_change,0.017464926485985924,0.017189517261493686,0.017738506464853084,147,147,2940,2940,,5000,5000,1.0,3021694564,20260901
B2_feature,0.25,all_class_maps,3plus_labels,micro,map_pearson,0.998193179567655,0.9981429615525568,0.9982393399996011,147,147,2940,2940,,5000,5000,1.0,3021694564,20260901
B2_feature,0.25,all_class_maps,3plus_labels,micro,map_spearman,0.9974278011289583,0.9973501836417281,0.9975011986042975,147,147,2940,2940,,5000,5000,1.0,3021694564,20260901
B2_feature,0.25,all_class_maps,3plus_labels,micro,smoothed_std_over_raw,0.9619108540671212,0.9611109371138673,0.962664560341612,147,147,2940,2940,,5000,5000,1.0,3021694564,20260901
B2_feature,0.25,all_class_maps,3plus_labels,macro_class,fidelity,0.017464926485985924,0.017189517261493682,0.017738506464853084,147,147,2940,2940,20,5000,5000,1.0,3021694564,20260901
B2_feature,0.25,all_class_maps,3plus_labels,macro_class,relative_l2_change,0.017464926485985924,0.017189517261493682,0.017738506464853084,147,147,2940,2940,20,5000,5000,1.0,3021694564,20260901
B2_feature,0.25,all_class_maps,3plus_labels,macro_class,map_pearson,0.998193179567655,0.9981429615525567,0.9982393399996009,147,147,2940,2940,20,5000,5000,1.0,3021694564,20260901
B2_feature,0.25,all_class_maps,3plus_labels,macro_class,map_spearman,0.9974278011289585,0.9973501836417281,0.9975011986042974,147,147,2940,2940,20,5000,5000,1.0,3021694564,20260901
B2_feature,0.25,all_class_maps,3plus_labels,macro_class,smoothed_std_over_raw,0.9619108540671213,0.9611109371138672,0.9626645603416121,147,147,2940,2940,20,5000,5000,1.0,3021694564,20260901
B2_feature,0.25,per_class,all,micro,fidelity,0.012672963046023378,0.012513840283855946,0.01284464611524036,1449,1449,1449,1449,,5000,5000,1.0,3021694564,20260901
B2_feature,0.25,per_class,all,micro,relative_l2_change,0.012672963046023378,0.012513840283855946,0.01284464611524036,1449,1449,1449,1449,,5000,5000,1.0,3021694564,20260901
B2_feature,0.25,per_class,all,micro,map_pearson,0.9981336687827127,0.9981034109023129,0.9981618848924311,1449,1449,1449,1449,,5000,5000,1.0,3021694564,20260901
B2_feature,0.25,per_class,all,micro,map_spearman,0.9971634937698385,0.9971057932898454,0.9972205110033107,1449,1449,1449,1449,,5000,5000,1.0,3021694564,20260901
B2_feature,0.25,per_class,all,micro,smoothed_std_over_raw,0.9580168401150148,0.9575299928894201,0.9585145521711036,1449,1449,1449,1449,,5000,5000,1.0,3021694564,20260901
B2_feature,0.25,per_class,all,micro,fidelity,0.01348497057841349,0.013216486281321337,0.01377259150005715,1449,1449,1449,1449,,5000,5000,1.0,3021694564,20260901
B2_feature,0.25,per_class,all,micro,relative_l2_change,0.01348497057841349,0.013216486281321337,0.01377259150005715,1449,1449,1449,1449,,5000,5000,1.0,3021694564,20260901
B2_feature,0.25,per_class,all,micro,map_pearson,0.9981678432641645,0.9981378747480668,0.9981963226894331,1449,1449,1449,1449,,5000,5000,1.0,3021694564,20260901
B2_feature,0.25,per_class,all,micro,map_spearman,0.9971689546083565,0.9971091809603492,0.9972275532560977,1449,1449,1449,1449,,5000,5000,1.0,3021694564,20260901
B2_feature,0.25,per_class,all,micro,smoothed_std_over_raw,0.9593749001899862,0.958866255674344,0.9598706919039176,1449,1449,1449,1449,,5000,5000,1.0,3021694564,20260901
B2_feature,0.25,per_class,all,micro,fidelity,0.012992561519726997,0.012856656201524446,0.013143358845327994,1449,1449,1449,1449,,5000,5000,1.0,3021694564,20260901
B2_feature,0.25,per_class,all,micro,relative_l2_change,0.012992561519726997,0.012856656201524446,0.013143358845327994,1449,1449,1449,1449,,5000,5000,1.0,3021694564,20260901
B2_feature,0.25,per_class,all,micro,map_pearson,0.9978941958307644,0.9978632187559492,0.9979244532442817,1449,1449,1449,1449,,5000,5000,1.0,3021694564,20260901
B2_feature,0.25,per_class,all,micro,map_spearman,0.9967762964852849,0.996702138800881,0.9968485561196272,1449,1449,1449,1449,,5000,5000,1.0,3021694564,20260901
B2_feature,0.25,per_class,all,micro,smoothed_std_over_raw,0.9573225937603752,0.9568244897276471,0.9578174427305937,1449,1449,1449,1449,,5000,5000,1.0,3021694564,20260901
B2_feature,0.25,per_class,all,micro,fidelity,0.013067267976541862,0.012830334942832235,0.013320301695382307,1449,1449,1449,1449,,5000,5000,1.0,3021694564,20260901
B2_feature,0.25,per_class,all,micro,relative_l2_change,0.013067267976541862,0.012830334942832235,0.013320301695382307,1449,1449,1449,1449,,5000,5000,1.0,3021694564,20260901
B2_feature,0.25,per_class,all,micro,map_pearson,0.9982135082788514,0.9981862060319481,0.9982410527832596,1449,1449,1449,1449,,5000,5000,1.0,3021694564,20260901
B2_feature,0.25,per_class,all,micro,map_spearman,0.9973414444034885,0.9972907009558319,0.9973915333148116,1449,1449,1449,1449,,5000,5000,1.0,3021694564,20260901
B2_feature,0.25,per_class,all,micro,smoothed_std_over_raw,0.9591938961037609,0.9587080155511492,0.9596941971959864,1449,1449,1449,1449,,5000,5000,1.0,3021694564,20260901
B2_feature,0.25,per_class,all,micro,fidelity,0.015720955155959535,0.015367716032943545,0.01607716113084373,1449,1449,1449,1449,,5000,5000,1.0,3021694564,20260901
B2_feature,0.25,per_class,all,micro,relative_l2_change,0.015720955155959535,0.015367716032943545,0.01607716113084373,1449,1449,1449,1449,,5000,5000,1.0,3021694564,20260901
B2_feature,0.25,per_class,all,micro,map_pearson,0.9979766307410246,0.9979350978481597,0.9980174067196885,1449,1449,1449,1449,,5000,5000,1.0,3021694564,20260901
B2_feature,0.25,per_class,all,micro,map_spearman,0.9965977131538839,0.9964892975096459,0.9966991323522654,1449,1449,1449,1449,,5000,5000,1.0,3021694564,20260901
B2_feature,0.25,per_class,all,micro,smoothed_std_over_raw,0.9595723018471828,0.9589959610065895,0.9601699381069203,1449,1449,1449,1449,,5000,5000,1.0,3021694564,20260901
B2_feature,0.25,per_class,all,micro,fidelity,0.013656953001347305,0.013450724047752003,0.013875050870929842,1449,1449,1449,1449,,5000,5000,1.0,3021694564,20260901
B2_feature,0.25,per_class,all,micro,relative_l2_change,0.013656953001347305,0.013450724047752003,0.013875050870929842,1449,1449,1449,1449,,5000,5000,1.0,3021694564,20260901
B2_feature,0.25,per_class,all,micro,map_pearson,0.9981262680988957,0.9980939262700212,0.998157464534435,1449,1449,1449,1449,,5000,5000,1.0,3021694564,20260901
B2_feature,0.25,per_class,all,micro,map_spearman,0.9968604079767126,0.9967790877463243,0.9969408873342662,1449,1449,1449,1449,,5000,5000,1.0,3021694564,20260901
B2_feature,0.25,per_class,all,micro,smoothed_std_over_raw,0.958679277293019,0.9581673607219903,0.9591954741768379,1449,1449,1449,1449,,5000,5000,1.0,3021694564,20260901
B2_feature,0.25,per_class,all,micro,fidelity,0.016380577451010216,0.015963897507848556,0.01680799672220049,1449,1449,1449,1449,,5000,5000,1.0,3021694564,20260901
B2_feature,0.25,per_class,all,micro,relative_l2_change,0.016380577451010216,0.015963897507848556,0.01680799672220049,1449,1449,1449,1449,,5000,5000,1.0,3021694564,20260901
B2_feature,0.25,per_class,all,micro,map_pearson,0.998138245629639,0.9981027724826805,0.9981712422797069,1449,1449,1449,1449,,5000,5000,1.0,3021694564,20260901
B2_feature,0.25,per_class,all,micro,map_spearman,0.9971539617160669,0.9970857517525111,0.9972192778813173,1449,1449,1449,1449,,5000,5000,1.0,3021694564,20260901
B2_feature,0.25,per_class,all,micro,smoothed_std_over_raw,0.9607301328081851,0.9601306789235217,0.9613119440172523,1449,1449,1449,1449,,5000,5000,1.0,3021694564,20260901
B2_feature,0.25,per_class,all,micro,fidelity,0.013195534774698085,0.012997648918138672,0.013413318669875947,1449,1449,1449,1449,,5000,5000,1.0,3021694564,20260901
B2_feature,0.25,per_class,all,micro,relative_l2_change,0.013195534774698085,0.012997648918138672,0.013413318669875947,1449,1449,1449,1449,,5000,5000,1.0,3021694564,20260901
B2_feature,0.25,per_class,all,micro,map_pearson,0.9981458259912258,0.9981129315997338,0.9981775655077604,1449,1449,1449,1449,,5000,5000,1.0,3021694564,20260901
B2_feature,0.25,per_class,all,micro,map_spearman,0.99714583076223,0.9970809411907953,0.9972071631920181,1449,1449,1449,1449,,5000,5000,1.0,3021694564,20260901
B2_feature,0.25,per_class,all,micro,smoothed_std_over_raw,0.959893682646373,0.9593532277488396,0.9604375284465944,1449,1449,1449,1449,,5000,5000,1.0,3021694564,20260901
B2_feature,0.25,per_class,all,micro,fidelity,0.01819012957072982,0.017729183741629233,0.018694258743708756,1449,1449,1449,1449,,5000,5000,1.0,3021694564,20260901
B2_feature,0.25,per_class,all,micro,relative_l2_change,0.01819012957072982,0.017729183741629233,0.018694258743708756,1449,1449,1449,1449,,5000,5000,1.0,3021694564,20260901
B2_feature,0.25,per_class,all,micro,map_pearson,0.9979588802803624,0.9979134665955092,0.9980025755507606,1449,1449,1449,1449,,5000,5000,1.0,3021694564,20260901
B2_feature,0.25,per_class,all,micro,map_spearman,0.9965653672063655,0.9964658566102066,0.9966641703696395,1449,1449,1449,1449,,5000,5000,1.0,3021694564,20260901
B2_feature,0.25,per_class,all,micro,smoothed_std_over_raw,0.9588942526948295,0.9582619702069409,0.9595257548452082,1449,1449,1449,1449,,5000,5000,1.0,3021694564,20260901
B2_feature,0.25,per_class,all,micro,fidelity,0.013044755039460253,0.012800982557339986,0.013304732191672688,1449,1449,1449,1449,,5000,5000,1.0,3021694564,20260901
B2_feature,0.25,per_class,all,micro,relative_l2_change,0.013044755039460253,0.012800982557339986,0.013304732191672688,1449,1449,1449,1449,,5000,5000,1.0,3021694564,20260901
B2_feature,0.25,per_class,all,micro,map_pearson,0.998009140899545,0.9979725011325524,0.9980454561605874,1449,1449,1449,1449,,5000,5000,1.0,3021694564,20260901
B2_feature,0.25,per_class,all,micro,map_spearman,0.9965508929444149,0.9964632896131858,0.9966371324687189,1449,1449,1449,1449,,5000,5000,1.0,3021694564,20260901
B2_feature,0.25,per_class,all,micro,smoothed_std_over_raw,0.9590133109365849,0.9585420261505475,0.9594982937533663,1449,1449,1449,1449,,5000,5000,1.0,3021694564,20260901
B2_feature,0.25,per_class,all,micro,fidelity,0.014293979165665523,0.014000585955487959,0.014603036054406184,1449,1449,1449,1449,,5000,5000,1.0,3021694564,20260901
B2_feature,0.25,per_class,all,micro,relative_l2_change,0.014293979165665523,0.014000585955487959,0.014603036054406184,1449,1449,1449,1449,,5000,5000,1.0,3021694564,20260901
B2_feature,0.25,per_class,all,micro,map_pearson,0.9981066037902674,0.9980727696908269,0.9981376326746412,1449,1449,1449,1449,,5000,5000,1.0,3021694564,20260901
B2_feature,0.25,per_class,all,micro,map_spearman,0.9970245635287361,0.9969479872367562,0.9970991012914745,1449,1449,1449,1449,,5000,5000,1.0,3021694564,20260901
B2_feature,0.25,per_class,all,micro,smoothed_std_over_raw,0.958737217655998,0.958215441215935,0.9592510634450931,1449,1449,1449,1449,,5000,5000,1.0,3021694564,20260901
B2_feature,0.25,per_class,all,micro,fidelity,0.014854568689855895,0.014638179329688628,0.015092620955863062,1449,1449,1449,1449,,5000,5000,1.0,3021694564,20260901
B2_feature,0.25,per_class,all,micro,relative_l2_change,0.014854568689855895,0.014638179329688628,0.015092620955863062,1449,1449,1449,1449,,5000,5000,1.0,3021694564,20260901
B2_feature,0.25,per_class,all,micro,map_pearson,0.9979658772650877,0.9979245289666558,0.9980086221725386,1449,1449,1449,1449,,5000,5000,1.0,3021694564,20260901
B2_feature,0.25,per_class,all,micro,map_spearman,0.9967443824554822,0.9966530771605963,0.9968370128235298,1449,1449,1449,1449,,5000,5000,1.0,3021694564,20260901
B2_feature,0.25,per_class,all,micro,smoothed_std_over_raw,0.9581229247415041,0.957486472428462,0.9588188395233217,1449,1449,1449,1449,,5000,5000,1.0,3021694564,20260901
B2_feature,0.25,per_class,all,micro,fidelity,0.013535532936469245,0.0133072148893463,0.013778253308634913,1449,1449,1449,1449,,5000,5000,1.0,3021694564,20260901
B2_feature,0.25,per_class,all,micro,relative_l2_change,0.013535532936469245,0.0133072148893463,0.013778253308634913,1449,1449,1449,1449,,5000,5000,1.0,3021694564,20260901
B2_feature,0.25,per_class,all,micro,map_pearson,0.9981187173956587,0.9980891813577414,0.9981480670384574,1449,1449,1449,1449,,5000,5000,1.0,3021694564,20260901
B2_feature,0.25,per_class,all,micro,map_spearman,0.9970507340401596,0.996980466995468,0.9971174078657349,1449,1449,1449,1449,,5000,5000,1.0,3021694564,20260901
B2_feature,0.25,per_class,all,micro,smoothed_std_over_raw,0.9580736748509114,0.9575906617619647,0.9585655767262352,1449,1449,1449,1449,,5000,5000,1.0,3021694564,20260901
B2_feature,0.25,per_class,all,micro,fidelity,0.013735543537352766,0.013518384785495514,0.013958181510470536,1449,1449,1449,1449,,5000,5000,1.0,3021694564,20260901
B2_feature,0.25,per_class,all,micro,relative_l2_change,0.013735543537352766,0.013518384785495514,0.013958181510470536,1449,1449,1449,1449,,5000,5000,1.0,3021694564,20260901
B2_feature,0.25,per_class,all,micro,map_pearson,0.998182395600384,0.9981519841022785,0.9982123414644543,1449,1449,1449,1449,,5000,5000,1.0,3021694564,20260901
B2_feature,0.25,per_class,all,micro,map_spearman,0.9970431970348845,0.9969748375660967,0.9971091648127969,1449,1449,1449,1449,,5000,5000,1.0,3021694564,20260901
B2_feature,0.25,per_class,all,micro,smoothed_std_over_raw,0.9581006606584421,0.9575468323913996,0.9586637810026883,1449,1449,1449,1449,,5000,5000,1.0,3021694564,20260901
B2_feature,0.25,per_class,all,micro,fidelity,0.021435912520469797,0.020858825050009026,0.02201426716439755,1449,1449,1449,1449,,5000,5000,1.0,3021694564,20260901
B2_feature,0.25,per_class,all,micro,relative_l2_change,0.021435912520469797,0.020858825050009026,0.02201426716439755,1449,1449,1449,1449,,5000,5000,1.0,3021694564,20260901
B2_feature,0.25,per_class,all,micro,map_pearson,0.9983485719514271,0.9983039363498849,0.9983919140684185,1449,1449,1449,1449,,5000,5000,1.0,3021694564,20260901
B2_feature,0.25,per_class,all,micro,map_spearman,0.9975283871937654,0.9974638960520262,0.9975931171047597,1449,1449,1449,1449,,5000,5000,1.0,3021694564,20260901
B2_feature,0.25,per_class,all,micro,smoothed_std_over_raw,0.9634621700720593,0.9626690246972073,0.964270048209558,1449,1449,1449,1449,,5000,5000,1.0,3021694564,20260901
B2_feature,0.25,per_class,all,micro,fidelity,0.017302656571301738,0.016956274850863456,0.017672392693406074,1449,1449,1449,1449,,5000,5000,1.0,3021694564,20260901
B2_feature,0.25,per_class,all,micro,relative_l2_change,0.017302656571301738,0.016956274850863456,0.017672392693406074,1449,1449,1449,1449,,5000,5000,1.0,3021694564,20260901
B2_feature,0.25,per_class,all,micro,map_pearson,0.9977302737199825,0.9976840299941738,0.9977735829433545,1449,1449,1449,1449,,5000,5000,1.0,3021694564,20260901
B2_feature,0.25,per_class,all,micro,map_spearman,0.9964198895040424,0.9963244364591118,0.9965125080570836,1449,1449,1449,1449,,5000,5000,1.0,3021694564,20260901
B2_feature,0.25,per_class,all,micro,smoothed_std_over_raw,0.9567739426308126,0.9561144455187564,0.9574130659569453,1449,1449,1449,1449,,5000,5000,1.0,3021694564,20260901
B2_feature,0.25,per_class,all,micro,fidelity,0.012549986931051239,0.012385603919444673,0.01272948124522139,1449,1449,1449,1449,,5000,5000,1.0,3021694564,20260901
B2_feature,0.25,per_class,all,micro,relative_l2_change,0.012549986931051239,0.012385603919444673,0.01272948124522139,1449,1449,1449,1449,,5000,5000,1.0,3021694564,20260901
B2_feature,0.25,per_class,all,micro,map_pearson,0.9981882956786514,0.9981568843496512,0.9982176698235251,1449,1449,1449,1449,,5000,5000,1.0,3021694564,20260901
B2_feature,0.25,per_class,all,micro,map_spearman,0.9971632046317791,0.9970945638200183,0.9972283204324579,1449,1449,1449,1449,,5000,5000,1.0,3021694564,20260901
B2_feature,0.25,per_class,all,micro,smoothed_std_over_raw,0.9594687098383986,0.9590015335883907,0.9599362905505527,1449,1449,1449,1449,,5000,5000,1.0,3021694564,20260901
B2_feature,0.25,per_class,all,micro,fidelity,0.015097461715392033,0.014704978934780349,0.015528239019223462,1449,1449,1449,1449,,5000,5000,1.0,3021694564,20260901
B2_feature,0.25,per_class,all,micro,relative_l2_change,0.015097461715392033,0.014704978934780349,0.015528239019223462,1449,1449,1449,1449,,5000,5000,1.0,3021694564,20260901
B2_feature,0.25,per_class,all,micro,map_pearson,0.9982744161222128,0.9982433633291368,0.9983043481916538,1449,1449,1449,1449,,5000,5000,1.0,3021694564,20260901
B2_feature,0.25,per_class,all,micro,map_spearman,0.9971628101880671,0.9970881435441675,0.9972366334334417,1449,1449,1449,1449,,5000,5000,1.0,3021694564,20260901
B2_feature,0.25,per_class,all,micro,smoothed_std_over_raw,0.9600927552903743,0.9595537405494495,0.9606515235802977,1449,1449,1449,1449,,5000,5000,1.0,3021694564,20260901
B2_feature,0.25,per_class,all,micro,fidelity,0.012031297962675533,0.011831535159661953,0.012240661287344759,1449,1449,1449,1449,,5000,5000,1.0,3021694564,20260901
B2_feature,0.25,per_class,all,micro,relative_l2_change,0.012031297962675533,0.011831535159661953,0.012240661287344759,1449,1449,1449,1449,,5000,5000,1.0,3021694564,20260901
B2_feature,0.25,per_class,all,micro,map_pearson,0.998399893895275,0.9983777755649029,0.9984202966546503,1449,1449,1449,1449,,5000,5000,1.0,3021694564,20260901
B2_feature,0.25,per_class,all,micro,map_spearman,0.9974911940188306,0.9974371360233111,0.9975434932865465,1449,1449,1449,1449,,5000,5000,1.0,3021694564,20260901
B2_feature,0.25,per_class,all,micro,smoothed_std_over_raw,0.9607026848486985,0.9602528861642213,0.9611381507150217,1449,1449,1449,1449,,5000,5000,1.0,3021694564,20260901
B2_feature,0.25,per_class,all,micro,fidelity,0.014586332148060542,0.014320205590813668,0.014876612592787398,1449,1449,1449,1449,,5000,5000,1.0,3021694564,20260901
B2_feature,0.25,per_class,all,micro,relative_l2_change,0.014586332148060542,0.014320205590813668,0.014876612592787398,1449,1449,1449,1449,,5000,5000,1.0,3021694564,20260901
B2_feature,0.25,per_class,all,micro,map_pearson,0.9981209542358062,0.9980898862135171,0.9981524204152712,1449,1449,1449,1449,,5000,5000,1.0,3021694564,20260901
B2_feature,0.25,per_class,all,micro,map_spearman,0.9969154171815323,0.996833204074388,0.9969943952599503,1449,1449,1449,1449,,5000,5000,1.0,3021694564,20260901
B2_feature,0.25,per_class,all,micro,smoothed_std_over_raw,0.9601255953106245,0.9596237744408447,0.9606338455357825,1449,1449,1449,1449,,5000,5000,1.0,3021694564,20260901
B2_feature,0.5,all_class_maps,all,micro,fidelity,0.02445297141329966,0.024232975974016337,0.024688487621621995,1449,1449,28980,28980,,5000,5000,1.0,3021694564,20260901
B2_feature,0.5,all_class_maps,all,micro,relative_l2_change,0.02445297141329966,0.024232975974016337,0.024688487621621995,1449,1449,28980,28980,,5000,5000,1.0,3021694564,20260901
B2_feature,0.5,all_class_maps,all,micro,map_pearson,0.9946261810096401,0.9945590231056005,0.9946895126083685,1449,1449,28980,28980,,5000,5000,1.0,3021694564,20260901
B2_feature,0.5,all_class_maps,all,micro,map_spearman,0.9919586469174418,0.9918433708707841,0.9920722949579409,1449,1449,28980,28980,,5000,5000,1.0,3021694564,20260901
B2_feature,0.5,all_class_maps,all,micro,smoothed_std_over_raw,0.9315507932808418,0.9311323501769224,0.9319680278581163,1449,1449,28980,28980,,5000,5000,1.0,3021694564,20260901
B2_feature,0.5,all_class_maps,all,macro_class,fidelity,0.024452971413299655,0.02423297597401633,0.02468848762162199,1449,1449,28980,28980,20,5000,5000,1.0,3021694564,20260901
B2_feature,0.5,all_class_maps,all,macro_class,relative_l2_change,0.024452971413299655,0.02423297597401633,0.02468848762162199,1449,1449,28980,28980,20,5000,5000,1.0,3021694564,20260901
B2_feature,0.5,all_class_maps,all,macro_class,map_pearson,0.9946261810096401,0.9945590231056003,0.9946895126083684,1449,1449,28980,28980,20,5000,5000,1.0,3021694564,20260901
B2_feature,0.5,all_class_maps,all,macro_class,map_spearman,0.991958646917442,0.991843370870784,0.992072294957941,1449,1449,28980,28980,20,5000,5000,1.0,3021694564,20260901
B2_feature,0.5,all_class_maps,all,macro_class,smoothed_std_over_raw,0.9315507932808418,0.9311323501769224,0.9319680278581162,1449,1449,28980,28980,20,5000,5000,1.0,3021694564,20260901
B2_feature,0.5,all_class_maps,single_label,micro,fidelity,0.022747331079971667,0.02249439656024421,0.022999725399571274,927,927,18540,18540,,5000,5000,1.0,3021694564,20260901
B2_feature,0.5,all_class_maps,single_label,micro,relative_l2_change,0.022747331079971667,0.02249439656024421,0.022999725399571274,927,927,18540,18540,,5000,5000,1.0,3021694564,20260901
B2_feature,0.5,all_class_maps,single_label,micro,map_pearson,0.9945899469181172,0.9945023692274686,0.9946767626115258,927,927,18540,18540,,5000,5000,1.0,3021694564,20260901
B2_feature,0.5,all_class_maps,single_label,micro,map_spearman,0.9915158322135221,0.991350500526423,0.9916726815350104,927,927,18540,18540,,5000,5000,1.0,3021694564,20260901
B2_feature,0.5,all_class_maps,single_label,micro,smoothed_std_over_raw,0.9299384664756195,0.9294092394157585,0.9304554214668506,927,927,18540,18540,,5000,5000,1.0,3021694564,20260901
B2_feature,0.5,all_class_maps,single_label,macro_class,fidelity,0.022747331079971667,0.02249439656024421,0.022999725399571277,927,927,18540,18540,20,5000,5000,1.0,3021694564,20260901
B2_feature,0.5,all_class_maps,single_label,macro_class,relative_l2_change,0.022747331079971667,0.02249439656024421,0.022999725399571277,927,927,18540,18540,20,5000,5000,1.0,3021694564,20260901
B2_feature,0.5,all_class_maps,single_label,macro_class,map_pearson,0.9945899469181173,0.9945023692274685,0.9946767626115258,927,927,18540,18540,20,5000,5000,1.0,3021694564,20260901
B2_feature,0.5,all_class_maps,single_label,macro_class,map_spearman,0.991515832213522,0.9913505005264229,0.9916726815350102,927,927,18540,18540,20,5000,5000,1.0,3021694564,20260901
B2_feature,0.5,all_class_maps,single_label,macro_class,smoothed_std_over_raw,0.9299384664756193,0.9294092394157584,0.9304554214668505,927,927,18540,18540,20,5000,5000,1.0,3021694564,20260901
B2_feature,0.5,all_class_maps,exactly_2_labels,micro,fidelity,0.026696140635261933,0.02637289232701684,0.02702703075131712,375,375,7500,7500,,5000,5000,1.0,3021694564,20260901
B2_feature,0.5,all_class_maps,exactly_2_labels,micro,relative_l2_change,0.026696140635261933,0.02637289232701684,0.02702703075131712,375,375,7500,7500,,5000,5000,1.0,3021694564,20260901
B2_feature,0.5,all_class_maps,exactly_2_labels,micro,map_pearson,0.99463402197361,0.9945054553170999,0.9947559613851706,375,375,7500,7500,,5000,5000,1.0,3021694564,20260901
B2_feature,0.5,all_class_maps,exactly_2_labels,micro,map_spearman,0.9926666001796722,0.9924935308061044,0.9928292206656932,375,375,7500,7500,,5000,5000,1.0,3021694564,20260901
B2_feature,0.5,all_class_maps,exactly_2_labels,micro,smoothed_std_over_raw,0.9339410959323248,0.9331469271232684,0.9347216354393959,375,375,7500,7500,,5000,5000,1.0,3021694564,20260901
B2_feature,0.5,all_class_maps,exactly_2_labels,macro_class,fidelity,0.026696140635261927,0.026372892327016836,0.027027030751317117,375,375,7500,7500,20,5000,5000,1.0,3021694564,20260901
B2_feature,0.5,all_class_maps,exactly_2_labels,macro_class,relative_l2_change,0.026696140635261927,0.026372892327016836,0.027027030751317117,375,375,7500,7500,20,5000,5000,1.0,3021694564,20260901
B2_feature,0.5,all_class_maps,exactly_2_labels,macro_class,map_pearson,0.9946340219736097,0.9945054553170999,0.9947559613851706,375,375,7500,7500,20,5000,5000,1.0,3021694564,20260901
B2_feature,0.5,all_class_maps,exactly_2_labels,macro_class,map_spearman,0.9926666001796722,0.9924935308061044,0.9928292206656931,375,375,7500,7500,20,5000,5000,1.0,3021694564,20260901
B2_feature,0.5,all_class_maps,exactly_2_labels,macro_class,smoothed_std_over_raw,0.9339410959323248,0.9331469271232683,0.9347216354393957,375,375,7500,7500,20,5000,5000,1.0,3021694564,20260901
B2_feature,0.5,all_class_maps,3plus_labels,micro,fidelity,0.029486577744994844,0.029013661132273296,0.029960100599659645,147,147,2940,2940,,5000,5000,1.0,3021694564,20260901
B2_feature,0.5,all_class_maps,3plus_labels,micro,relative_l2_change,0.029486577744994844,0.029013661132273296,0.029960100599659645,147,147,2940,2940,,5000,5000,1.0,3021694564,20260901
B2_feature,0.5,all_class_maps,3plus_labels,micro,map_pearson,0.9948346751685045,0.9946915570519814,0.9949668593496895,147,147,2940,2940,,5000,5000,1.0,3021694564,20260901
B2_feature,0.5,all_class_maps,3plus_labels,micro,map_spearman,0.9929450874425927,0.9927450850276518,0.9931342477620054,147,147,2940,2940,,5000,5000,1.0,3021694564,20260901
B2_feature,0.5,all_class_maps,3plus_labels,micro,smoothed_std_over_raw,0.9356206126967255,0.9342837460212359,0.9368962748977198,147,147,2940,2940,,5000,5000,1.0,3021694564,20260901
B2_feature,0.5,all_class_maps,3plus_labels,macro_class,fidelity,0.029486577744994847,0.029013661132273296,0.029960100599659645,147,147,2940,2940,20,5000,5000,1.0,3021694564,20260901
B2_feature,0.5,all_class_maps,3plus_labels,macro_class,relative_l2_change,0.029486577744994847,0.029013661132273296,0.029960100599659645,147,147,2940,2940,20,5000,5000,1.0,3021694564,20260901
B2_feature,0.5,all_class_maps,3plus_labels,macro_class,map_pearson,0.9948346751685044,0.9946915570519812,0.9949668593496898,147,147,2940,2940,20,5000,5000,1.0,3021694564,20260901
B2_feature,0.5,all_class_maps,3plus_labels,macro_class,map_spearman,0.9929450874425927,0.9927450850276519,0.9931342477620057,147,147,2940,2940,20,5000,5000,1.0,3021694564,20260901
B2_feature,0.5,all_class_maps,3plus_labels,macro_class,smoothed_std_over_raw,0.9356206126967255,0.9342837460212361,0.9368962748977196,147,147,2940,2940,20,5000,5000,1.0,3021694564,20260901
B2_feature,0.5,per_class,all,micro,fidelity,0.021154762673133237,0.02087249097899901,0.02145797606090661,1449,1449,1449,1449,,5000,5000,1.0,3021694564,20260901
B2_feature,0.5,per_class,all,micro,relative_l2_change,0.021154762673133237,0.02087249097899901,0.02145797606090661,1449,1449,1449,1449,,5000,5000,1.0,3021694564,20260901
B2_feature,0.5,per_class,all,micro,map_pearson,0.9947089310182712,0.994623140678108,0.994789173672576,1449,1449,1449,1449,,5000,5000,1.0,3021694564,20260901
B2_feature,0.5,per_class,all,micro,map_spearman,0.9924255018402084,0.992277797458088,0.9925702934422684,1449,1449,1449,1449,,5000,5000,1.0,3021694564,20260901
B2_feature,0.5,per_class,all,micro,smoothed_std_over_raw,0.9296381429938138,0.9288494513292326,0.9304328028192349,1449,1449,1449,1449,,5000,5000,1.0,3021694564,20260901
B2_feature,0.5,per_class,all,micro,fidelity,0.02254988121355995,0.02208353717425122,0.02304932357797372,1449,1449,1449,1449,,5000,5000,1.0,3021694564,20260901
B2_feature,0.5,per_class,all,micro,relative_l2_change,0.02254988121355995,0.02208353717425122,0.02304932357797372,1449,1449,1449,1449,,5000,5000,1.0,3021694564,20260901
B2_feature,0.5,per_class,all,micro,map_pearson,0.994802328905128,0.9947171260512147,0.9948831635407122,1449,1449,1449,1449,,5000,5000,1.0,3021694564,20260901
B2_feature,0.5,per_class,all,micro,map_spearman,0.9924134156718758,0.9922595979901657,0.9925646656593263,1449,1449,1449,1449,,5000,5000,1.0,3021694564,20260901
B2_feature,0.5,per_class,all,micro,smoothed_std_over_raw,0.9318859796839964,0.9310636326547241,0.9326886447227519,1449,1449,1449,1449,,5000,5000,1.0,3021694564,20260901
B2_feature,0.5,per_class,all,micro,fidelity,0.02163656191608571,0.021402484498303603,0.02189751328419048,1449,1449,1449,1449,,5000,5000,1.0,3021694564,20260901
B2_feature,0.5,per_class,all,micro,relative_l2_change,0.02163656191608571,0.021402484498303603,0.02189751328419048,1449,1449,1449,1449,,5000,5000,1.0,3021694564,20260901
B2_feature,0.5,per_class,all,micro,map_pearson,0.99400795513881,0.9939185802621049,0.9940942589293849,1449,1449,1449,1449,,5000,5000,1.0,3021694564,20260901
B2_feature,0.5,per_class,all,micro,map_spearman,0.9913627161825007,0.991176327481979,0.9915425278467503,1449,1449,1449,1449,,5000,5000,1.0,3021694564,20260901
B2_feature,0.5,per_class,all,micro,smoothed_std_over_raw,0.928876647421045,0.9280676734980178,0.9296755946385934,1449,1449,1449,1449,,5000,5000,1.0,3021694564,20260901
B2_feature,0.5,per_class,all,micro,fidelity,0.021884210872431104,0.021473544777539388,0.022322206172961653,1449,1449,1449,1449,,5000,5000,1.0,3021694564,20260901
B2_feature,0.5,per_class,all,micro,relative_l2_change,0.021884210872431104,0.021473544777539388,0.022322206172961653,1449,1449,1449,1449,,5000,5000,1.0,3021694564,20260901
B2_feature,0.5,per_class,all,micro,map_pearson,0.9949082444666829,0.9948300917501117,0.9949870583546664,1449,1449,1449,1449,,5000,5000,1.0,3021694564,20260901
B2_feature,0.5,per_class,all,micro,map_spearman,0.9927877790768284,0.9926555969731161,0.992921587538933,1449,1449,1449,1449,,5000,5000,1.0,3021694564,20260901
B2_feature,0.5,per_class,all,micro,smoothed_std_over_raw,0.9313452026612024,0.9305463332104387,0.9321673357019842,1449,1449,1449,1449,,5000,5000,1.0,3021694564,20260901
B2_feature,0.5,per_class,all,micro,fidelity,0.026357874393159765,0.02574190642042606,0.02697690113703415,1449,1449,1449,1449,,5000,5000,1.0,3021694564,20260901
B2_feature,0.5,per_class,all,micro,relative_l2_change,0.026357874393159765,0.02574190642042606,0.02697690113703415,1449,1449,1449,1449,,5000,5000,1.0,3021694564,20260901
B2_feature,0.5,per_class,all,micro,map_pearson,0.9942378514877593,0.9941186233151773,0.9943547365283292,1449,1449,1449,1449,,5000,5000,1.0,3021694564,20260901
B2_feature,0.5,per_class,all,micro,map_spearman,0.9910308619545936,0.9907726294402833,0.9912723999596448,1449,1449,1449,1449,,5000,5000,1.0,3021694564,20260901
B2_feature,0.5,per_class,all,micro,smoothed_std_over_raw,0.9323013740378959,0.9313783000509355,0.9332547830622142,1449,1449,1449,1449,,5000,5000,1.0,3021694564,20260901
B2_feature,0.5,per_class,all,micro,fidelity,0.02285263809363253,0.022486166358463275,0.023238489972321433,1449,1449,1449,1449,,5000,5000,1.0,3021694564,20260901
B2_feature,0.5,per_class,all,micro,relative_l2_change,0.02285263809363253,0.022486166358463275,0.023238489972321433,1449,1449,1449,1449,,5000,5000,1.0,3021694564,20260901
B2_feature,0.5,per_class,all,micro,map_pearson,0.9946775484940692,0.9945854620091499,0.9947663500925604,1449,1449,1449,1449,,5000,5000,1.0,3021694564,20260901
B2_feature,0.5,per_class,all,micro,map_spearman,0.9917035573840224,0.9915064989409832,0.9919019952426704,1449,1449,1449,1449,,5000,5000,1.0,3021694564,20260901
B2_feature,0.5,per_class,all,micro,smoothed_std_over_raw,0.9306789411192026,0.9298391858171067,0.9315146098194902,1449,1449,1449,1449,,5000,5000,1.0,3021694564,20260901
B2_feature,0.5,per_class,all,micro,fidelity,0.027506885649038644,0.02679207417672067,0.02824122112848859,1449,1449,1449,1449,,5000,5000,1.0,3021694564,20260901
B2_feature,0.5,per_class,all,micro,relative_l2_change,0.027506885649038644,0.02679207417672067,0.02824122112848859,1449,1449,1449,1449,,5000,5000,1.0,3021694564,20260901
B2_feature,0.5,per_class,all,micro,map_pearson,0.9946824022208188,0.9945809128748869,0.9947775071986878,1449,1449,1449,1449,,5000,5000,1.0,3021694564,20260901
B2_feature,0.5,per_class,all,micro,map_spearman,0.992259410967738,0.9920810377427098,0.992428588611122,1449,1449,1449,1449,,5000,5000,1.0,3021694564,20260901
B2_feature,0.5,per_class,all,micro,smoothed_std_over_raw,0.9338893294334412,0.9329162763543504,0.9348369575414762,1449,1449,1449,1449,,5000,5000,1.0,3021694564,20260901
B2_feature,0.5,per_class,all,micro,fidelity,0.022096125625608667,0.021746737311537628,0.02247971849047802,1449,1449,1449,1449,,5000,5000,1.0,3021694564,20260901
B2_feature,0.5,per_class,all,micro,relative_l2_change,0.022096125625608667,0.021746737311537628,0.02247971849047802,1449,1449,1449,1449,,5000,5000,1.0,3021694564,20260901
B2_feature,0.5,per_class,all,micro,map_pearson,0.9947349625344603,0.9946424465762738,0.9948249502119071,1449,1449,1449,1449,,5000,5000,1.0,3021694564,20260901
B2_feature,0.5,per_class,all,micro,map_spearman,0.9923515240022279,0.9921905129510341,0.9925080109940387,1449,1449,1449,1449,,5000,5000,1.0,3021694564,20260901
B2_feature,0.5,per_class,all,micro,smoothed_std_over_raw,0.9327210985108686,0.9318481665600818,0.9335821218001916,1449,1449,1449,1449,,5000,5000,1.0,3021694564,20260901
B2_feature,0.5,per_class,all,micro,fidelity,0.030606487617436527,0.02980283685640758,0.031488655996316076,1449,1449,1449,1449,,5000,5000,1.0,3021694564,20260901
B2_feature,0.5,per_class,all,micro,relative_l2_change,0.030606487617436527,0.02980283685640758,0.031488655996316076,1449,1449,1449,1449,,5000,5000,1.0,3021694564,20260901
B2_feature,0.5,per_class,all,micro,map_pearson,0.9941821190058733,0.9940527099013081,0.9943073419927317,1449,1449,1449,1449,,5000,5000,1.0,3021694564,20260901
B2_feature,0.5,per_class,all,micro,map_spearman,0.9908399592192935,0.9905927292390723,0.9910861086956463,1449,1449,1449,1449,,5000,5000,1.0,3021694564,20260901
B2_feature,0.5,per_class,all,micro,smoothed_std_over_raw,0.931071752881576,0.9300583989631315,0.932078437974035,1449,1449,1449,1449,,5000,5000,1.0,3021694564,20260901
B2_feature,0.5,per_class,all,micro,fidelity,0.02181442329895299,0.02138668742098989,0.022273229117253945,1449,1449,1449,1449,,5000,5000,1.0,3021694564,20260901
B2_feature,0.5,per_class,all,micro,relative_l2_change,0.02181442329895299,0.02138668742098989,0.022273229117253945,1449,1449,1449,1449,,5000,5000,1.0,3021694564,20260901
B2_feature,0.5,per_class,all,micro,map_pearson,0.9943437924296219,0.9942393095833503,0.9944484141734323,1449,1449,1449,1449,,5000,5000,1.0,3021694564,20260901
B2_feature,0.5,per_class,all,micro,map_spearman,0.9910595931621812,0.9908585200059241,0.991260679922818,1449,1449,1449,1449,,5000,5000,1.0,3021694564,20260901
B2_feature,0.5,per_class,all,micro,smoothed_std_over_raw,0.9314459817750114,0.930695381853151,0.9322262818059319,1449,1449,1449,1449,,5000,5000,1.0,3021694564,20260901
B2_feature,0.5,per_class,all,micro,fidelity,0.023938826364359008,0.023426464158724132,0.024477813637888042,1449,1449,1449,1449,,5000,5000,1.0,3021694564,20260901
B2_feature,0.5,per_class,all,micro,relative_l2_change,0.023938826364359008,0.023426464158724132,0.024477813637888042,1449,1449,1449,1449,,5000,5000,1.0,3021694564,20260901
B2_feature,0.5,per_class,all,micro,map_pearson,0.9946173369432005,0.9945202088133889,0.9947058598293034,1449,1449,1449,1449,,5000,5000,1.0,3021694564,20260901
B2_feature,0.5,per_class,all,micro,map_spearman,0.9920393671966405,0.991847147160641,0.9922269184324888,1449,1449,1449,1449,,5000,5000,1.0,3021694564,20260901
B2_feature,0.5,per_class,all,micro,smoothed_std_over_raw,0.9307520662693421,0.9298929162184644,0.9315825917099244,1449,1449,1449,1449,,5000,5000,1.0,3021694564,20260901
B2_feature,0.5,per_class,all,micro,fidelity,0.024864882448002994,0.024485892589571016,0.0252806834920886,1449,1449,1449,1449,,5000,5000,1.0,3021694564,20260901
B2_feature,0.5,per_class,all,micro,relative_l2_change,0.024864882448002994,0.024485892589571016,0.0252806834920886,1449,1449,1449,1449,,5000,5000,1.0,3021694564,20260901
B2_feature,0.5,per_class,all,micro,map_pearson,0.9942074089399118,0.9940900577511189,0.9943293596934746,1449,1449,1449,1449,,5000,5000,1.0,3021694564,20260901
B2_feature,0.5,per_class,all,micro,map_spearman,0.9913391437178402,0.9911116869275614,0.99156357614006,1449,1449,1449,1449,,5000,5000,1.0,3021694564,20260901
B2_feature,0.5,per_class,all,micro,smoothed_std_over_raw,0.929908745942073,0.928876612544718,0.9310190581191483,1449,1449,1449,1449,,5000,5000,1.0,3021694564,20260901
B2_feature,0.5,per_class,all,micro,fidelity,0.022589350536367948,0.022189507822925836,0.023007787541670145,1449,1449,1449,1449,,5000,5000,1.0,3021694564,20260901
B2_feature,0.5,per_class,all,micro,relative_l2_change,0.022589350536367948,0.022189507822925836,0.023007787541670145,1449,1449,1449,1449,,5000,5000,1.0,3021694564,20260901
B2_feature,0.5,per_class,all,micro,map_pearson,0.994687225055168,0.994603735933516,0.9947697222500197,1449,1449,1449,1449,,5000,5000,1.0,3021694564,20260901
B2_feature,0.5,per_class,all,micro,map_spearman,0.9921396078941656,0.9919657606053056,0.9923082350717898,1449,1449,1449,1449,,5000,5000,1.0,3021694564,20260901
B2_feature,0.5,per_class,all,micro,smoothed_std_over_raw,0.9296903534952404,0.9289128282867768,0.9304922102421542,1449,1449,1449,1449,,5000,5000,1.0,3021694564,20260901
B2_feature,0.5,per_class,all,micro,fidelity,0.022977616217596683,0.02259636167064052,0.02336934358029375,1449,1449,1449,1449,,5000,5000,1.0,3021694564,20260901
B2_feature,0.5,per_class,all,micro,relative_l2_change,0.022977616217596683,0.02259636167064052,0.02336934358029375,1449,1449,1449,1449,,5000,5000,1.0,3021694564,20260901
B2_feature,0.5,per_class,all,micro,map_pearson,0.9948448558936372,0.9947586728960501,0.9949296766268624,1449,1449,1449,1449,,5000,5000,1.0,3021694564,20260901
B2_feature,0.5,per_class,all,micro,map_spearman,0.9920695559414112,0.9918906298545083,0.9922383003579575,1449,1449,1449,1449,,5000,5000,1.0,3021694564,20260901
B2_feature,0.5,per_class,all,micro,smoothed_std_over_raw,0.9296982744959323,0.9287891025570774,0.9306201819883205,1449,1449,1449,1449,,5000,5000,1.0,3021694564,20260901
B2_feature,0.5,per_class,all,micro,fidelity,0.03636051784157033,0.03535954079639264,0.03735827321279537,1449,1449,1449,1449,,5000,5000,1.0,3021694564,20260901
B2_feature,0.5,per_class,all,micro,relative_l2_change,0.03636051784157033,0.03535954079639264,0.03735827321279537,1449,1449,1449,1449,,5000,5000,1.0,3021694564,20260901
B2_feature,0.5,per_class,all,micro,map_pearson,0.9952556989865932,0.9951282035921918,0.9953790616843107,1449,1449,1449,1449,,5000,5000,1.0,3021694564,20260901
B2_feature,0.5,per_class,all,micro,map_spearman,0.9931679616885978,0.9929944626416233,0.9933439352970603,1449,1449,1449,1449,,5000,5000,1.0,3021694564,20260901
B2_feature,0.5,per_class,all,micro,smoothed_std_over_raw,0.9378164497797369,0.9365352023482898,0.9391332504747653,1449,1449,1449,1449,,5000,5000,1.0,3021694564,20260901
B2_feature,0.5,per_class,all,micro,fidelity,0.028922262962771294,0.028323275448138688,0.029566039734284136,1449,1449,1449,1449,,5000,5000,1.0,3021694564,20260901
B2_feature,0.5,per_class,all,micro,relative_l2_change,0.028922262962771294,0.028323275448138688,0.029566039734284136,1449,1449,1449,1449,,5000,5000,1.0,3021694564,20260901
B2_feature,0.5,per_class,all,micro,map_pearson,0.993531530523728,0.9933981501527537,0.9936568534851403,1449,1449,1449,1449,,5000,5000,1.0,3021694564,20260901
B2_feature,0.5,per_class,all,micro,map_spearman,0.9903379328255821,0.9900933881796089,0.9905717509441988,1449,1449,1449,1449,,5000,5000,1.0,3021694564,20260901
B2_feature,0.5,per_class,all,micro,smoothed_std_over_raw,0.92797415161067,0.9269170374110125,0.9289964351142334,1449,1449,1449,1449,,5000,5000,1.0,3021694564,20260901
B2_feature,0.5,per_class,all,micro,fidelity,0.02101403043789852,0.02072787771079872,0.021325823465626358,1449,1449,1449,1449,,5000,5000,1.0,3021694564,20260901
B2_feature,0.5,per_class,all,micro,relative_l2_change,0.02101403043789852,0.02072787771079872,0.021325823465626358,1449,1449,1449,1449,,5000,5000,1.0,3021694564,20260901
B2_feature,0.5,per_class,all,micro,map_pearson,0.9948319576377289,0.9947418626894039,0.9949163760180059,1449,1449,1449,1449,,5000,5000,1.0,3021694564,20260901
B2_feature,0.5,per_class,all,micro,map_spearman,0.9924206434240663,0.9922488239878535,0.9925827515123218,1449,1449,1449,1449,,5000,5000,1.0,3021694564,20260901
B2_feature,0.5,per_class,all,micro,smoothed_std_over_raw,0.9318594117260045,0.9311102499934704,0.9326230183058644,1449,1449,1449,1449,,5000,5000,1.0,3021694564,20260901
B2_feature,0.5,per_class,all,micro,fidelity,0.025416606641904784,0.02472508576400694,0.026176415860564226,1449,1449,1449,1449,,5000,5000,1.0,3021694564,20260901
B2_feature,0.5,per_class,all,micro,relative_l2_change,0.025416606641904784,0.02472508576400694,0.026176415860564226,1449,1449,1449,1449,,5000,5000,1.0,3021694564,20260901
B2_feature,0.5,per_class,all,micro,map_pearson,0.9951060102922165,0.9950189624308224,0.9951901658186837,1449,1449,1449,1449,,5000,5000,1.0,3021694564,20260901
B2_feature,0.5,per_class,all,micro,map_spearman,0.9923654510861352,0.9921765675167942,0.9925533463979196,1449,1449,1449,1449,,5000,5000,1.0,3021694564,20260901
B2_feature,0.5,per_class,all,micro,smoothed_std_over_raw,0.9327557012901543,0.9318871834139892,0.93364783409569,1449,1449,1449,1449,,5000,5000,1.0,3021694564,20260901
B2_feature,0.5,per_class,all,micro,fidelity,0.02014203174290388,0.01979572688963064,0.020505595311739084,1449,1449,1449,1449,,5000,5000,1.0,3021694564,20260901
B2_feature,0.5,per_class,all,micro,relative_l2_change,0.02014203174290388,0.01979572688963064,0.020505595311739084,1449,1449,1449,1449,,5000,5000,1.0,3021694564,20260901
B2_feature,0.5,per_class,all,micro,map_pearson,0.995461766928784,0.9953993133722379,0.9955198106280766,1449,1449,1449,1449,,5000,5000,1.0,3021694564,20260901
B2_feature,0.5,per_class,all,micro,map_spearman,0.9932404508913196,0.9931000736055496,0.9933748072503022,1449,1449,1449,1449,,5000,5000,1.0,3021694564,20260901
B2_feature,0.5,per_class,all,micro,smoothed_std_over_raw,0.9336813617114613,0.9329456235280195,0.9344033547203404,1449,1449,1449,1449,,5000,5000,1.0,3021694564,20260901
B2_feature,0.5,per_class,all,micro,fidelity,0.024373451719578585,0.023910127299371142,0.024874871421966566,1449,1449,1449,1449,,5000,5000,1.0,3021694564,20260901
B2_feature,0.5,per_class,all,micro,relative_l2_change,0.024373451719578585,0.023910127299371142,0.024874871421966566,1449,1449,1449,1449,,5000,5000,1.0,3021694564,20260901
B2_feature,0.5,per_class,all,micro,map_pearson,0.9946936932903393,0.9946050243749135,0.9947829701844538,1449,1449,1449,1449,,5000,5000,1.0,3021694564,20260901
B2_feature,0.5,per_class,all,micro,map_spearman,0.9918185042216089,0.9916170413840467,0.9920142240827458,1449,1449,1449,1449,,5000,5000,1.0,3021694564,20260901
B2_feature,0.5,per_class,all,micro,smoothed_std_over_raw,0.9330248987781664,0.9322168112819239,0.9338486274093739,1449,1449,1449,1449,,5000,5000,1.0,3021694564,20260901
B2_feature,1.0,all_class_maps,all,micro,fidelity,0.03754392970678589,0.03719427172433144,0.03791822893350926,1449,1449,28980,28980,,5000,5000,1.0,3021694564,20260901
B2_feature,1.0,all_class_maps,all,micro,relative_l2_change,0.03754392970678589,0.03719427172433144,0.03791822893350926,1449,1449,28980,28980,,5000,5000,1.0,3021694564,20260901
B2_feature,1.0,all_class_maps,all,micro,map_pearson,0.9872621719285156,0.9871037613034372,0.9874132568148538,1449,1449,28980,28980,,5000,5000,1.0,3021694564,20260901
B2_feature,1.0,all_class_maps,all,micro,map_spearman,0.9820525803324928,0.981828077465625,0.9822726609212332,1449,1449,28980,28980,,5000,5000,1.0,3021694564,20260901
B2_feature,1.0,all_class_maps,all,micro,smoothed_std_over_raw,0.8941225361132967,0.8934949712047522,0.8947414898217301,1449,1449,28980,28980,,5000,5000,1.0,3021694564,20260901
B2_feature,1.0,all_class_maps,all,macro_class,fidelity,0.037543929706785883,0.037194271724331436,0.037918228933509254,1449,1449,28980,28980,20,5000,5000,1.0,3021694564,20260901
B2_feature,1.0,all_class_maps,all,macro_class,relative_l2_change,0.037543929706785883,0.037194271724331436,0.037918228933509254,1449,1449,28980,28980,20,5000,5000,1.0,3021694564,20260901
B2_feature,1.0,all_class_maps,all,macro_class,map_pearson,0.9872621719285156,0.9871037613034372,0.9874132568148538,1449,1449,28980,28980,20,5000,5000,1.0,3021694564,20260901
B2_feature,1.0,all_class_maps,all,macro_class,map_spearman,0.9820525803324927,0.981828077465625,0.9822726609212334,1449,1449,28980,28980,20,5000,5000,1.0,3021694564,20260901
B2_feature,1.0,all_class_maps,all,macro_class,smoothed_std_over_raw,0.8941225361132968,0.8934949712047522,0.89474148982173,1449,1449,28980,28980,20,5000,5000,1.0,3021694564,20260901
B2_feature,1.0,all_class_maps,single_label,micro,fidelity,0.034747242297728055,0.03435046352395093,0.03514675573370005,927,927,18540,18540,,5000,5000,1.0,3021694564,20260901
B2_feature,1.0,all_class_maps,single_label,micro,relative_l2_change,0.034747242297728055,0.03435046352395093,0.03514675573370005,927,927,18540,18540,,5000,5000,1.0,3021694564,20260901
B2_feature,1.0,all_class_maps,single_label,micro,map_pearson,0.9872267195643474,0.9870198641065608,0.9874310698606146,927,927,18540,18540,,5000,5000,1.0,3021694564,20260901
B2_feature,1.0,all_class_maps,single_label,micro,map_spearman,0.9812852257181526,0.9809655203905756,0.9815948985227682,927,927,18540,18540,,5000,5000,1.0,3021694564,20260901
B2_feature,1.0,all_class_maps,single_label,micro,smoothed_std_over_raw,0.8919916755848332,0.8911926659416034,0.8927709771835014,927,927,18540,18540,,5000,5000,1.0,3021694564,20260901
B2_feature,1.0,all_class_maps,single_label,macro_class,fidelity,0.034747242297728055,0.03435046352395093,0.03514675573370004,927,927,18540,18540,20,5000,5000,1.0,3021694564,20260901
B2_feature,1.0,all_class_maps,single_label,macro_class,relative_l2_change,0.034747242297728055,0.03435046352395093,0.03514675573370004,927,927,18540,18540,20,5000,5000,1.0,3021694564,20260901
B2_feature,1.0,all_class_maps,single_label,macro_class,map_pearson,0.9872267195643474,0.9870198641065607,0.9874310698606146,927,927,18540,18540,20,5000,5000,1.0,3021694564,20260901
B2_feature,1.0,all_class_maps,single_label,macro_class,map_spearman,0.9812852257181526,0.9809655203905757,0.981594898522768,927,927,18540,18540,20,5000,5000,1.0,3021694564,20260901
B2_feature,1.0,all_class_maps,single_label,macro_class,smoothed_std_over_raw,0.8919916755848332,0.8911926659416032,0.8927709771835012,927,927,18540,18540,20,5000,5000,1.0,3021694564,20260901
B2_feature,1.0,all_class_maps,exactly_2_labels,micro,fidelity,0.0412085717027386,0.04069503235264371,0.04173257471857593,375,375,7500,7500,,5000,5000,1.0,3021694564,20260901
B2_feature,1.0,all_class_maps,exactly_2_labels,micro,relative_l2_change,0.0412085717027386,0.04069503235264371,0.04173257471857593,375,375,7500,7500,,5000,5000,1.0,3021694564,20260901
B2_feature,1.0,all_class_maps,exactly_2_labels,micro,map_pearson,0.9872099043369293,0.9869084131642183,0.9874967567571005,375,375,7500,7500,,5000,5000,1.0,3021694564,20260901
B2_feature,1.0,all_class_maps,exactly_2_labels,micro,map_spearman,0.9833064153750738,0.9829620720092456,0.9836406062589089,375,375,7500,7500,,5000,5000,1.0,3021694564,20260901
B2_feature,1.0,all_class_maps,exactly_2_labels,micro,smoothed_std_over_raw,0.8973492998758952,0.8961767826141914,0.8985136090203126,375,375,7500,7500,,5000,5000,1.0,3021694564,20260901
B2_feature,1.0,all_class_maps,exactly_2_labels,macro_class,fidelity,0.041208571702738596,0.04069503235264371,0.04173257471857593,375,375,7500,7500,20,5000,5000,1.0,3021694564,20260901
B2_feature,1.0,all_class_maps,exactly_2_labels,macro_class,relative_l2_change,0.041208571702738596,0.04069503235264371,0.04173257471857593,375,375,7500,7500,20,5000,5000,1.0,3021694564,20260901
B2_feature,1.0,all_class_maps,exactly_2_labels,macro_class,map_pearson,0.9872099043369295,0.9869084131642187,0.9874967567571005,375,375,7500,7500,20,5000,5000,1.0,3021694564,20260901
B2_feature,1.0,all_class_maps,exactly_2_labels,macro_class,map_spearman,0.9833064153750737,0.9829620720092453,0.9836406062589089,375,375,7500,7500,20,5000,5000,1.0,3021694564,20260901
B2_feature,1.0,all_class_maps,exactly_2_labels,macro_class,smoothed_std_over_raw,0.8973492998758952,0.8961767826141916,0.8985136090203126,375,375,7500,7500,20,5000,5000,1.0,3021694564,20260901
B2_feature,1.0,all_class_maps,3plus_labels,micro,fidelity,0.04583160643953653,0.04507413684746858,0.04658367502682076,147,147,2940,2940,,5000,5000,1.0,3021694564,20260901
B2_feature,1.0,all_class_maps,3plus_labels,micro,relative_l2_change,0.04583160643953653,0.04507413684746858,0.04658367502682076,147,147,2940,2940,,5000,5000,1.0,3021694564,20260901
B2_feature,1.0,all_class_maps,3plus_labels,micro,map_pearson,0.9876190745708894,0.987283148116806,0.9879306020344398,147,147,2940,2940,,5000,5000,1.0,3021694564,20260901
B2_feature,1.0,all_class_maps,3plus_labels,micro,map_spearman,0.9836930537102174,0.9832697890425215,0.9840980090160354,147,147,2940,2940,,5000,5000,1.0,3021694564,20260901
B2_feature,1.0,all_class_maps,3plus_labels,micro,smoothed_std_over_raw,0.8993284633167747,0.897260047897291,0.9012873029404757,147,147,2940,2940,,5000,5000,1.0,3021694564,20260901
B2_feature,1.0,all_class_maps,3plus_labels,macro_class,fidelity,0.04583160643953653,0.045074136847468575,0.04658367502682075,147,147,2940,2940,20,5000,5000,1.0,3021694564,20260901
B2_feature,1.0,all_class_maps,3plus_labels,macro_class,relative_l2_change,0.04583160643953653,0.045074136847468575,0.04658367502682075,147,147,2940,2940,20,5000,5000,1.0,3021694564,20260901
B2_feature,1.0,all_class_maps,3plus_labels,macro_class,map_pearson,0.9876190745708893,0.9872831481168058,0.9879306020344397,147,147,2940,2940,20,5000,5000,1.0,3021694564,20260901
B2_feature,1.0,all_class_maps,3plus_labels,macro_class,map_spearman,0.9836930537102171,0.9832697890425215,0.9840980090160352,147,147,2940,2940,20,5000,5000,1.0,3021694564,20260901
B2_feature,1.0,all_class_maps,3plus_labels,macro_class,smoothed_std_over_raw,0.8993284633167746,0.8972600478972911,0.9012873029404757,147,147,2940,2940,20,5000,5000,1.0,3021694564,20260901
B2_feature,1.0,per_class,all,micro,fidelity,0.032272124839104646,0.031798303613228385,0.032781393240958585,1449,1449,1449,1449,,5000,5000,1.0,3021694564,20260901
B2_feature,1.0,per_class,all,micro,relative_l2_change,0.032272124839104646,0.031798303613228385,0.032781393240958585,1449,1449,1449,1449,,5000,5000,1.0,3021694564,20260901
B2_feature,1.0,per_class,all,micro,map_pearson,0.9875072427171111,0.9873074376260189,0.9876937378822647,1449,1449,1449,1449,,5000,5000,1.0,3021694564,20260901
B2_feature,1.0,per_class,all,micro,map_spearman,0.9830848589446974,0.9827826408464964,0.9833833832332314,1449,1449,1449,1449,,5000,5000,1.0,3021694564,20260901
B2_feature,1.0,per_class,all,micro,smoothed_std_over_raw,0.8914685256321567,0.8903087790883187,0.8926275062460255,1449,1449,1449,1449,,5000,5000,1.0,3021694564,20260901
B2_feature,1.0,per_class,all,micro,fidelity,0.03449510557614292,0.03373967587521712,0.03531570960957174,1449,1449,1449,1449,,5000,5000,1.0,3021694564,20260901
B2_feature,1.0,per_class,all,micro,relative_l2_change,0.03449510557614292,0.03373967587521712,0.03531570960957174,1449,1449,1449,1449,,5000,5000,1.0,3021694564,20260901
B2_feature,1.0,per_class,all,micro,map_pearson,0.9877214091576075,0.9875215118623669,0.987911048621001,1449,1449,1449,1449,,5000,5000,1.0,3021694564,20260901
B2_feature,1.0,per_class,all,micro,map_spearman,0.9829790123254369,0.9826600213372517,0.9832867819401954,1449,1449,1449,1449,,5000,5000,1.0,3021694564,20260901
B2_feature,1.0,per_class,all,micro,smoothed_std_over_raw,0.8948688108481729,0.8936516320051366,0.8960562021784572,1449,1449,1449,1449,,5000,5000,1.0,3021694564,20260901
B2_feature,1.0,per_class,all,micro,fidelity,0.03286273070219634,0.032484630558587066,0.03328396838079313,1449,1449,1449,1449,,5000,5000,1.0,3021694564,20260901
B2_feature,1.0,per_class,all,micro,relative_l2_change,0.03286273070219634,0.032484630558587066,0.03328396838079313,1449,1449,1449,1449,,5000,5000,1.0,3021694564,20260901
B2_feature,1.0,per_class,all,micro,map_pearson,0.985808245225805,0.9855939923524034,0.9860129530652793,1449,1449,1449,1449,,5000,5000,1.0,3021694564,20260901
B2_feature,1.0,per_class,all,micro,map_spearman,0.9807195157080045,0.9803416672597843,0.9810875322610613,1449,1449,1449,1449,,5000,5000,1.0,3021694564,20260901
B2_feature,1.0,per_class,all,micro,smoothed_std_over_raw,0.89115591992009,0.8899592076543283,0.8923275170077778,1449,1449,1449,1449,,5000,5000,1.0,3021694564,20260901
B2_feature,1.0,per_class,all,micro,fidelity,0.03355002739280977,0.032876779261450724,0.034261703781052144,1449,1449,1449,1449,,5000,5000,1.0,3021694564,20260901
B2_feature,1.0,per_class,all,micro,relative_l2_change,0.03355002739280977,0.032876779261450724,0.034261703781052144,1449,1449,1449,1449,,5000,5000,1.0,3021694564,20260901
B2_feature,1.0,per_class,all,micro,map_pearson,0.9878794625761428,0.9876945691151072,0.9880635893750058,1449,1449,1449,1449,,5000,5000,1.0,3021694564,20260901
B2_feature,1.0,per_class,all,micro,map_spearman,0.9835521760605548,0.9832661041428172,0.9838389537740033,1449,1449,1449,1449,,5000,5000,1.0,3021694564,20260901
B2_feature,1.0,per_class,all,micro,smoothed_std_over_raw,0.8935470362627729,0.8923466894371992,0.8947727888236382,1449,1449,1449,1449,,5000,5000,1.0,3021694564,20260901
B2_feature,1.0,per_class,all,micro,fidelity,0.04049682241701891,0.039487705360763826,0.041512642891594224,1449,1449,1449,1449,,5000,5000,1.0,3021694564,20260901
B2_feature,1.0,per_class,all,micro,relative_l2_change,0.04049682241701891,0.039487705360763826,0.041512642891594224,1449,1449,1449,1449,,5000,5000,1.0,3021694564,20260901
B2_feature,1.0,per_class,all,micro,map_pearson,0.9863308285580905,0.9860521574105535,0.9866025306454109,1449,1449,1449,1449,,5000,5000,1.0,3021694564,20260901
B2_feature,1.0,per_class,all,micro,map_spearman,0.9803242044172426,0.9798459755368608,0.9807801597997844,1449,1449,1449,1449,,5000,5000,1.0,3021694564,20260901
B2_feature,1.0,per_class,all,micro,smoothed_std_over_raw,0.8955329363719606,0.8942088437253151,0.8969019532008283,1449,1449,1449,1449,,5000,5000,1.0,3021694564,20260901
B2_feature,1.0,per_class,all,micro,fidelity,0.03499508276967405,0.03438487819221135,0.03564810963267855,1449,1449,1449,1449,,5000,5000,1.0,3021694564,20260901
B2_feature,1.0,per_class,all,micro,relative_l2_change,0.03499508276967405,0.03438487819221135,0.03564810963267855,1449,1449,1449,1449,,5000,5000,1.0,3021694564,20260901
B2_feature,1.0,per_class,all,micro,map_pearson,0.9873967630604862,0.9871793372095083,0.9876046244175867,1449,1449,1449,1449,,5000,5000,1.0,3021694564,20260901
B2_feature,1.0,per_class,all,micro,map_spearman,0.9817684921747738,0.981383133634894,0.982159671070166,1449,1449,1449,1449,,5000,5000,1.0,3021694564,20260901
B2_feature,1.0,per_class,all,micro,smoothed_std_over_raw,0.8928638931551499,0.8916323740577763,0.8940922035954589,1449,1449,1449,1449,,5000,5000,1.0,3021694564,20260901
B2_feature,1.0,per_class,all,micro,fidelity,0.04235906480940726,0.041223498047962576,0.043540603841389504,1449,1449,1449,1449,,5000,5000,1.0,3021694564,20260901
B2_feature,1.0,per_class,all,micro,relative_l2_change,0.04235906480940726,0.041223498047962576,0.043540603841389504,1449,1449,1449,1449,,5000,5000,1.0,3021694564,20260901
B2_feature,1.0,per_class,all,micro,map_pearson,0.9873030012521027,0.9870609663020669,0.9875317115971678,1449,1449,1449,1449,,5000,5000,1.0,3021694564,20260901
B2_feature,1.0,per_class,all,micro,map_spearman,0.98239552114979,0.9820185402833732,0.9827533323222641,1449,1449,1449,1449,,5000,5000,1.0,3021694564,20260901
B2_feature,1.0,per_class,all,micro,smoothed_std_over_raw,0.8972470869764614,0.8958184275084565,0.8986355219805051,1449,1449,1449,1449,,5000,5000,1.0,3021694564,20260901
B2_feature,1.0,per_class,all,micro,fidelity,0.03387745093808781,0.03329687524976413,0.034515647106309694,1449,1449,1449,1449,,5000,5000,1.0,3021694564,20260901
B2_feature,1.0,per_class,all,micro,relative_l2_change,0.03387745093808781,0.03329687524976413,0.034515647106309694,1449,1449,1449,1449,,5000,5000,1.0,3021694564,20260901
B2_feature,1.0,per_class,all,micro,map_pearson,0.9875463953998848,0.9873315821914035,0.9877597393764965,1449,1449,1449,1449,,5000,5000,1.0,3021694564,20260901
B2_feature,1.0,per_class,all,micro,map_spearman,0.9828667435422282,0.9825346316383821,0.9831922827073835,1449,1449,1449,1449,,5000,5000,1.0,3021694564,20260901
B2_feature,1.0,per_class,all,micro,smoothed_std_over_raw,0.8960272633182007,0.8947686300216419,0.8972849865240258,1449,1449,1449,1449,,5000,5000,1.0,3021694564,20260901
B2_feature,1.0,per_class,all,micro,fidelity,0.04728200375195657,0.04597848706140863,0.04872321382748558,1449,1449,1449,1449,,5000,5000,1.0,3021694564,20260901
B2_feature,1.0,per_class,all,micro,relative_l2_change,0.04728200375195657,0.04597848706140863,0.04872321382748558,1449,1449,1449,1449,,5000,5000,1.0,3021694564,20260901
B2_feature,1.0,per_class,all,micro,map_pearson,0.986181184124996,0.9858768539409377,0.9864737662407675,1449,1449,1449,1449,,5000,5000,1.0,3021694564,20260901
B2_feature,1.0,per_class,all,micro,map_spearman,0.9798551393509569,0.979372837974994,0.9803336389614764,1449,1449,1449,1449,,5000,5000,1.0,3021694564,20260901
B2_feature,1.0,per_class,all,micro,smoothed_std_over_raw,0.8934163910672943,0.8919569364039959,0.8948549020395269,1449,1449,1449,1449,,5000,5000,1.0,3021694564,20260901
B2_feature,1.0,per_class,all,micro,fidelity,0.03336811385370066,0.03266298537023026,0.03412206644591476,1449,1449,1449,1449,,5000,5000,1.0,3021694564,20260901
B2_feature,1.0,per_class,all,micro,relative_l2_change,0.03336811385370066,0.03266298537023026,0.03412206644591476,1449,1449,1449,1449,,5000,5000,1.0,3021694564,20260901
B2_feature,1.0,per_class,all,micro,map_pearson,0.9866356198914386,0.9863897324317978,0.9868807627753278,1449,1449,1449,1449,,5000,5000,1.0,3021694564,20260901
B2_feature,1.0,per_class,all,micro,map_spearman,0.9807255953817716,0.9803402023069854,0.981106908907349,1449,1449,1449,1449,,5000,5000,1.0,3021694564,20260901
B2_feature,1.0,per_class,all,micro,smoothed_std_over_raw,0.894484163646948,0.8933900273251402,0.8956175965418315,1449,1449,1449,1449,,5000,5000,1.0,3021694564,20260901
B2_feature,1.0,per_class,all,micro,fidelity,0.03670232379365535,0.03586410917171385,0.03758766910201356,1449,1449,1449,1449,,5000,5000,1.0,3021694564,20260901
B2_feature,1.0,per_class,all,micro,relative_l2_change,0.03670232379365535,0.03586410917171385,0.03758766910201356,1449,1449,1449,1449,,5000,5000,1.0,3021694564,20260901
B2_feature,1.0,per_class,all,micro,map_pearson,0.9872458496120077,0.9870185818165808,0.9874542439781937,1449,1449,1449,1449,,5000,5000,1.0,3021694564,20260901
B2_feature,1.0,per_class,all,micro,map_spearman,0.9822313150839611,0.9818423239381828,0.9826131735467516,1449,1449,1449,1449,,5000,5000,1.0,3021694564,20260901
B2_feature,1.0,per_class,all,micro,smoothed_std_over_raw,0.8929477604279606,0.8917088858335902,0.8941560358539213,1449,1449,1449,1449,,5000,5000,1.0,3021694564,20260901
B2_feature,1.0,per_class,all,micro,fidelity,0.038113134858514044,0.037475806349159584,0.03881147184548674,1449,1449,1449,1449,,5000,5000,1.0,3021694564,20260901
B2_feature,1.0,per_class,all,micro,relative_l2_change,0.038113134858514044,0.037475806349159584,0.03881147184548674,1449,1449,1449,1449,,5000,5000,1.0,3021694564,20260901
B2_feature,1.0,per_class,all,micro,map_pearson,0.9862619651194849,0.9859856291443335,0.9865511586721228,1449,1449,1449,1449,,5000,5000,1.0,3021694564,20260901
B2_feature,1.0,per_class,all,micro,map_spearman,0.9808509810535229,0.9804081042288829,0.981293426992936,1449,1449,1449,1449,,5000,5000,1.0,3021694564,20260901
B2_feature,1.0,per_class,all,micro,smoothed_std_over_raw,0.8919708697527667,0.890470096456585,0.8935757758403088,1449,1449,1449,1449,,5000,5000,1.0,3021694564,20260901
B2_feature,1.0,per_class,all,micro,fidelity,0.03448428625460737,0.03383020105658599,0.035164367518560634,1449,1449,1449,1449,,5000,5000,1.0,3021694564,20260901
B2_feature,1.0,per_class,all,micro,relative_l2_change,0.03448428625460737,0.03383020105658599,0.035164367518560634,1449,1449,1449,1449,,5000,5000,1.0,3021694564,20260901
B2_feature,1.0,per_class,all,micro,map_pearson,0.9875152864647043,0.9873231460990125,0.9877062503112194,1449,1449,1449,1449,,5000,5000,1.0,3021694564,20260901
B2_feature,1.0,per_class,all,micro,map_spearman,0.9825060637018613,0.9821527960991102,0.9828477540659526,1449,1449,1449,1449,,5000,5000,1.0,3021694564,20260901
B2_feature,1.0,per_class,all,micro,smoothed_std_over_raw,0.8913895537147364,0.8902651542431326,0.89255124900035,1449,1449,1449,1449,,5000,5000,1.0,3021694564,20260901
B2_feature,1.0,per_class,all,micro,fidelity,0.03518238711364315,0.034552912977334496,0.03584041877674149,1449,1449,1449,1449,,5000,5000,1.0,3021694564,20260901
B2_feature,1.0,per_class,all,micro,relative_l2_change,0.03518238711364315,0.034552912977334496,0.03584041877674149,1449,1449,1449,1449,,5000,5000,1.0,3021694564,20260901
B2_feature,1.0,per_class,all,micro,map_pearson,0.9878223313801531,0.9876214973098907,0.9880213904701651,1449,1449,1449,1449,,5000,5000,1.0,3021694564,20260901
B2_feature,1.0,per_class,all,micro,map_spearman,0.9822144948917887,0.9818397338932099,0.9825655972406402,1449,1449,1449,1449,,5000,5000,1.0,3021694564,20260901
B2_feature,1.0,per_class,all,micro,smoothed_std_over_raw,0.891401023269111,0.8900699469408058,0.8927568351753503,1449,1449,1449,1449,,5000,5000,1.0,3021694564,20260901
B2_feature,1.0,per_class,all,micro,fidelity,0.05696287421089275,0.05536818320758826,0.05857452031297595,1449,1449,1449,1449,,5000,5000,1.0,3021694564,20260901
B2_feature,1.0,per_class,all,micro,relative_l2_change,0.05696287421089275,0.05536818320758826,0.05857452031297595,1449,1449,1449,1449,,5000,5000,1.0,3021694564,20260901
B2_feature,1.0,per_class,all,micro,map_pearson,0.9885347583443647,0.9882313034960614,0.9888274801032472,1449,1449,1449,1449,,5000,5000,1.0,3021694564,20260901
B2_feature,1.0,per_class,all,micro,map_spearman,0.9840475835003797,0.983668251500161,0.9844331030149638,1449,1449,1449,1449,,5000,5000,1.0,3021694564,20260901
B2_feature,1.0,per_class,all,micro,smoothed_std_over_raw,0.9017393063314213,0.899864069886089,0.903662645370488,1449,1449,1449,1449,,5000,5000,1.0,3021694564,20260901
B2_feature,1.0,per_class,all,micro,fidelity,0.044205889679116164,0.04324115158371715,0.04525591263925468,1449,1449,1449,1449,,5000,5000,1.0,3021694564,20260901
B2_feature,1.0,per_class,all,micro,relative_l2_change,0.044205889679116164,0.04324115158371715,0.04525591263925468,1449,1449,1449,1449,,5000,5000,1.0,3021694564,20260901
B2_feature,1.0,per_class,all,micro,map_pearson,0.9846646796431189,0.9843460347403157,0.9849651314950632,1449,1449,1449,1449,,5000,5000,1.0,3021694564,20260901
B2_feature,1.0,per_class,all,micro,map_spearman,0.9785437140899168,0.978048080358117,0.9790133405186292,1449,1449,1449,1449,,5000,5000,1.0,3021694564,20260901
B2_feature,1.0,per_class,all,micro,smoothed_std_over_raw,0.8896439705247136,0.88812350467557,0.891111481861257,1449,1449,1449,1449,,5000,5000,1.0,3021694564,20260901
B2_feature,1.0,per_class,all,micro,fidelity,0.03217909465691112,0.031706806157025966,0.03268891703478833,1449,1449,1449,1449,,5000,5000,1.0,3021694564,20260901
B2_feature,1.0,per_class,all,micro,relative_l2_change,0.03217909465691112,0.031706806157025966,0.03268891703478833,1449,1449,1449,1449,,5000,5000,1.0,3021694564,20260901
B2_feature,1.0,per_class,all,micro,map_pearson,0.9877041899557357,0.9874940882260179,0.9879030170432036,1449,1449,1449,1449,,5000,5000,1.0,3021694564,20260901
B2_feature,1.0,per_class,all,micro,map_spearman,0.9829576019585914,0.9826100703218298,0.983293046149778,1449,1449,1449,1449,,5000,5000,1.0,3021694564,20260901
B2_feature,1.0,per_class,all,micro,smoothed_std_over_raw,0.8944717656340246,0.8933800583413504,0.895608850582416,1449,1449,1449,1449,,5000,5000,1.0,3021694564,20260901
B2_feature,1.0,per_class,all,micro,fidelity,0.03932550042260919,0.038186462848942816,0.04058205130875748,1449,1449,1449,1449,,5000,5000,1.0,3021694564,20260901
B2_feature,1.0,per_class,all,micro,relative_l2_change,0.03932550042260919,0.038186462848942816,0.04058205130875748,1449,1449,1449,1449,,5000,5000,1.0,3021694564,20260901
B2_feature,1.0,per_class,all,micro,map_pearson,0.9884165266285772,0.9882211777292258,0.9886086399942697,1449,1449,1449,1449,,5000,5000,1.0,3021694564,20260901
B2_feature,1.0,per_class,all,micro,map_spearman,0.982822250834492,0.98243569418572,0.9832094658677787,1449,1449,1449,1449,,5000,5000,1.0,3021694564,20260901
B2_feature,1.0,per_class,all,micro,smoothed_std_over_raw,0.8953988486277473,0.8941342578870498,0.8966913003276511,1449,1449,1449,1449,,5000,5000,1.0,3021694564,20260901
B2_feature,1.0,per_class,all,micro,fidelity,0.03087671647289237,0.030315371898174532,0.031468741813503606,1449,1449,1449,1449,,5000,5000,1.0,3021694564,20260901
B2_feature,1.0,per_class,all,micro,relative_l2_change,0.03087671647289237,0.030315371898174532,0.031468741813503606,1449,1449,1449,1449,,5000,5000,1.0,3021694564,20260901
B2_feature,1.0,per_class,all,micro,map_pearson,0.9892444307430601,0.9890985044839055,0.9893791942153412,1449,1449,1449,1449,,5000,5000,1.0,3021694564,20260901
B2_feature,1.0,per_class,all,micro,map_spearman,0.9846907162600504,0.9843930968926067,0.9849752766591174,1449,1449,1449,1449,,5000,5000,1.0,3021694564,20260901
B2_feature,1.0,per_class,all,micro,smoothed_std_over_raw,0.8967267775469767,0.8956274980292228,0.8978144115604476,1449,1449,1449,1449,,5000,5000,1.0,3021694564,20260901
B2_feature,1.0,per_class,all,micro,fidelity,0.03728785962277729,0.03652294488508689,0.038102027699556985,1449,1449,1449,1449,,5000,5000,1.0,3021694564,20260901
B2_feature,1.0,per_class,all,micro,relative_l2_change,0.03728785962277729,0.03652294488508689,0.038102027699556985,1449,1449,1449,1449,,5000,5000,1.0,3021694564,20260901
B2_feature,1.0,per_class,all,micro,map_pearson,0.9875232687154418,0.9873192270226607,0.9877336330058823,1449,1449,1449,1449,,5000,5000,1.0,3021694564,20260901
B2_feature,1.0,per_class,all,micro,map_spearman,0.9819156262198343,0.9815170745857014,0.9823048785853337,1449,1449,1449,1449,,5000,5000,1.0,3021694564,20260901
B2_feature,1.0,per_class,all,micro,smoothed_std_over_raw,0.8961488192372687,0.8949499558567424,0.8973502659063408,1449,1449,1449,1449,,5000,5000,1.0,3021694564,20260901
B2_feature,2.0,all_class_maps,all,micro,fidelity,0.05276498644682787,0.05224594018343172,0.053326799711500145,1449,1449,28980,28980,,5000,5000,1.0,3021694564,20260901
B2_feature,2.0,all_class_maps,all,micro,relative_l2_change,0.05276498644682787,0.05224594018343172,0.053326799711500145,1449,1449,28980,28980,,5000,5000,1.0,3021694564,20260901
B2_feature,2.0,all_class_maps,all,micro,map_pearson,0.9750813323641909,0.9747790851852786,0.9753688797780445,1449,1449,28980,28980,,5000,5000,1.0,3021694564,20260901
B2_feature,2.0,all_class_maps,all,micro,map_spearman,0.9665153097600424,0.9661590554102937,0.9668660842822164,1449,1449,28980,28980,,5000,5000,1.0,3021694564,20260901
B2_feature,2.0,all_class_maps,all,micro,smoothed_std_over_raw,0.8487763464018918,0.8479154454247243,0.8496117782540327,1449,1449,28980,28980,,5000,5000,1.0,3021694564,20260901
B2_feature,2.0,all_class_maps,all,macro_class,fidelity,0.052764986446827866,0.05224594018343171,0.053326799711500145,1449,1449,28980,28980,20,5000,5000,1.0,3021694564,20260901
B2_feature,2.0,all_class_maps,all,macro_class,relative_l2_change,0.052764986446827866,0.05224594018343171,0.053326799711500145,1449,1449,28980,28980,20,5000,5000,1.0,3021694564,20260901
B2_feature,2.0,all_class_maps,all,macro_class,map_pearson,0.975081332364191,0.9747790851852782,0.9753688797780445,1449,1449,28980,28980,20,5000,5000,1.0,3021694564,20260901
B2_feature,2.0,all_class_maps,all,macro_class,map_spearman,0.9665153097600422,0.9661590554102937,0.9668660842822164,1449,1449,28980,28980,20,5000,5000,1.0,3021694564,20260901
B2_feature,2.0,all_class_maps,all,macro_class,smoothed_std_over_raw,0.8487763464018917,0.8479154454247242,0.8496117782540326,1449,1449,28980,28980,20,5000,5000,1.0,3021694564,20260901
B2_feature,2.0,all_class_maps,single_label,micro,fidelity,0.04846881477457613,0.047887320678679623,0.049053224874617676,927,927,18540,18540,,5000,5000,1.0,3021694564,20260901
B2_feature,2.0,all_class_maps,single_label,micro,relative_l2_change,0.04846881477457613,0.047887320678679623,0.049053224874617676,927,927,18540,18540,,5000,5000,1.0,3021694564,20260901
B2_feature,2.0,all_class_maps,single_label,micro,map_pearson,0.9751798023555143,0.9747860433048736,0.9755785646514632,927,927,18540,18540,,5000,5000,1.0,3021694564,20260901
B2_feature,2.0,all_class_maps,single_label,micro,map_spearman,0.9655634606058158,0.9650577174804646,0.9660622889148283,927,927,18540,18540,,5000,5000,1.0,3021694564,20260901
B2_feature,2.0,all_class_maps,single_label,micro,smoothed_std_over_raw,0.8464719233035785,0.8453693208323456,0.8475533230770721,927,927,18540,18540,,5000,5000,1.0,3021694564,20260901
B2_feature,2.0,all_class_maps,single_label,macro_class,fidelity,0.04846881477457613,0.04788732067867963,0.049053224874617676,927,927,18540,18540,20,5000,5000,1.0,3021694564,20260901
B2_feature,2.0,all_class_maps,single_label,macro_class,relative_l2_change,0.04846881477457613,0.04788732067867963,0.049053224874617676,927,927,18540,18540,20,5000,5000,1.0,3021694564,20260901
B2_feature,2.0,all_class_maps,single_label,macro_class,map_pearson,0.975179802355514,0.9747860433048734,0.9755785646514631,927,927,18540,18540,20,5000,5000,1.0,3021694564,20260901
B2_feature,2.0,all_class_maps,single_label,macro_class,map_spearman,0.9655634606058158,0.9650577174804646,0.9660622889148283,927,927,18540,18540,20,5000,5000,1.0,3021694564,20260901
B2_feature,2.0,all_class_maps,single_label,macro_class,smoothed_std_over_raw,0.8464719233035787,0.8453693208323456,0.8475533230770721,927,927,18540,18540,20,5000,5000,1.0,3021694564,20260901
B2_feature,2.0,all_class_maps,exactly_2_labels,micro,fidelity,0.0583703860104084,0.05761135087472076,0.05915656993384163,375,375,7500,7500,,5000,5000,1.0,3021694564,20260901
B2_feature,2.0,all_class_maps,exactly_2_labels,micro,relative_l2_change,0.0583703860104084,0.05761135087472076,0.05915656993384163,375,375,7500,7500,,5000,5000,1.0,3021694564,20260901
B2_feature,2.0,all_class_maps,exactly_2_labels,micro,map_pearson,0.9747490340391795,0.974184210191369,0.9752933592100937,375,375,7500,7500,,5000,5000,1.0,3021694564,20260901
B2_feature,2.0,all_class_maps,exactly_2_labels,micro,map_spearman,0.9681475775003433,0.9675507043335836,0.9687329094455639,375,375,7500,7500,,5000,5000,1.0,3021694564,20260901
B2_feature,2.0,all_class_maps,exactly_2_labels,micro,smoothed_std_over_raw,0.8523860474904378,0.8507967312037944,0.8539884138156971,375,375,7500,7500,,5000,5000,1.0,3021694564,20260901
B2_feature,2.0,all_class_maps,exactly_2_labels,macro_class,fidelity,0.058370386010408414,0.057611350874720746,0.059156569933841635,375,375,7500,7500,20,5000,5000,1.0,3021694564,20260901
B2_feature,2.0,all_class_maps,exactly_2_labels,macro_class,relative_l2_change,0.058370386010408414,0.057611350874720746,0.059156569933841635,375,375,7500,7500,20,5000,5000,1.0,3021694564,20260901
B2_feature,2.0,all_class_maps,exactly_2_labels,macro_class,map_pearson,0.9747490340391796,0.974184210191369,0.9752933592100937,375,375,7500,7500,20,5000,5000,1.0,3021694564,20260901
B2_feature,2.0,all_class_maps,exactly_2_labels,macro_class,map_spearman,0.9681475775003434,0.9675507043335836,0.9687329094455638,375,375,7500,7500,20,5000,5000,1.0,3021694564,20260901
B2_feature,2.0,all_class_maps,exactly_2_labels,macro_class,smoothed_std_over_raw,0.8523860474904378,0.8507967312037942,0.8539884138156971,375,375,7500,7500,20,5000,5000,1.0,3021694564,20260901
B2_feature,2.0,all_class_maps,3plus_labels,micro,fidelity,0.06555768239128143,0.06441971208288835,0.06669444847699939,147,147,2940,2940,,5000,5000,1.0,3021694564,20260901
B2_feature,2.0,all_class_maps,3plus_labels,micro,relative_l2_change,0.06555768239128143,0.06441971208288835,0.06669444847699939,147,147,2940,2940,,5000,5000,1.0,3021694564,20260901
B2_feature,2.0,all_class_maps,3plus_labels,micro,map_pearson,0.9753080683500588,0.9746604437735819,0.9759096567165486,147,147,2940,2940,,5000,5000,1.0,3021694564,20260901
B2_feature,2.0,all_class_maps,3plus_labels,micro,map_spearman,0.9683538387624585,0.9676132539923296,0.9690947169268211,147,147,2940,2940,,5000,5000,1.0,3021694564,20260901
B2_feature,2.0,all_class_maps,3plus_labels,micro,smoothed_std_over_raw,0.8540998994898634,0.8511562421411073,0.856849819290496,147,147,2940,2940,,5000,5000,1.0,3021694564,20260901
B2_feature,2.0,all_class_maps,3plus_labels,macro_class,fidelity,0.06555768239128143,0.06441971208288834,0.0666944484769994,147,147,2940,2940,20,5000,5000,1.0,3021694564,20260901
B2_feature,2.0,all_class_maps,3plus_labels,macro_class,relative_l2_change,0.06555768239128143,0.06441971208288834,0.0666944484769994,147,147,2940,2940,20,5000,5000,1.0,3021694564,20260901
B2_feature,2.0,all_class_maps,3plus_labels,macro_class,map_pearson,0.9753080683500588,0.9746604437735819,0.9759096567165487,147,147,2940,2940,20,5000,5000,1.0,3021694564,20260901
B2_feature,2.0,all_class_maps,3plus_labels,macro_class,map_spearman,0.9683538387624585,0.9676132539923296,0.9690947169268215,147,147,2940,2940,20,5000,5000,1.0,3021694564,20260901
B2_feature,2.0,all_class_maps,3plus_labels,macro_class,smoothed_std_over_raw,0.8540998994898634,0.8511562421411072,0.8568498192904961,147,147,2940,2940,20,5000,5000,1.0,3021694564,20260901
B2_feature,2.0,per_class,all,micro,fidelity,0.04493175143102188,0.04418772519488991,0.04573628281711056,1449,1449,1449,1449,,5000,5000,1.0,3021694564,20260901
B2_feature,2.0,per_class,all,micro,relative_l2_change,0.04493175143102188,0.04418772519488991,0.04573628281711056,1449,1449,1449,1449,,5000,5000,1.0,3021694564,20260901
B2_feature,2.0,per_class,all,micro,map_pearson,0.9756695674237422,0.9752854571713095,0.9760280111839312,1449,1449,1449,1449,,5000,5000,1.0,3021694564,20260901
B2_feature,2.0,per_class,all,micro,map_spearman,0.9683820766115946,0.9678497209713078,0.9689074308945032,1449,1449,1449,1449,,5000,5000,1.0,3021694564,20260901
B2_feature,2.0,per_class,all,micro,smoothed_std_over_raw,0.8457563823465646,0.8442199066826357,0.847301945947959,1449,1449,1449,1449,,5000,5000,1.0,3021694564,20260901
B2_feature,2.0,per_class,all,micro,fidelity,0.048209669873159534,0.047046881256107016,0.04945870517139896,1449,1449,1449,1449,,5000,5000,1.0,3021694564,20260901
B2_feature,2.0,per_class,all,micro,relative_l2_change,0.048209669873159534,0.047046881256107016,0.04945870517139896,1449,1449,1449,1449,,5000,5000,1.0,3021694564,20260901
B2_feature,2.0,per_class,all,micro,map_pearson,0.9760904990450278,0.9757129067949709,0.976454031709106,1449,1449,1449,1449,,5000,5000,1.0,3021694564,20260901
B2_feature,2.0,per_class,all,micro,map_spearman,0.9681147816182828,0.9675520732628633,0.9686541670803533,1449,1449,1449,1449,,5000,5000,1.0,3021694564,20260901
B2_feature,2.0,per_class,all,micro,smoothed_std_over_raw,0.8504349398481345,0.8488040225383657,0.8520076739512451,1449,1449,1449,1449,,5000,5000,1.0,3021694564,20260901
B2_feature,2.0,per_class,all,micro,fidelity,0.045445595792731885,0.04487753809986314,0.046074409229556204,1449,1449,1449,1449,,5000,5000,1.0,3021694564,20260901
B2_feature,2.0,per_class,all,micro,relative_l2_change,0.045445595792731885,0.04487753809986314,0.046074409229556204,1449,1449,1449,1449,,5000,5000,1.0,3021694564,20260901
B2_feature,2.0,per_class,all,micro,map_pearson,0.972349038446583,0.9719372527981068,0.9727427814811407,1449,1449,1449,1449,,5000,5000,1.0,3021694564,20260901
B2_feature,2.0,per_class,all,micro,map_spearman,0.9641543791325361,0.9635054572069538,0.9647741446511922,1449,1449,1449,1449,,5000,5000,1.0,3021694564,20260901
B2_feature,2.0,per_class,all,micro,smoothed_std_over_raw,0.8466746993028682,0.8450947057499485,0.8482380067103068,1449,1449,1449,1449,,5000,5000,1.0,3021694564,20260901
B2_feature,2.0,per_class,all,micro,fidelity,0.047024218618787514,0.0459907008413408,0.048123232478930196,1449,1449,1449,1449,,5000,5000,1.0,3021694564,20260901
B2_feature,2.0,per_class,all,micro,relative_l2_change,0.047024218618787514,0.0459907008413408,0.048123232478930196,1449,1449,1449,1449,,5000,5000,1.0,3021694564,20260901
B2_feature,2.0,per_class,all,micro,map_pearson,0.9761338047606111,0.9757723801203066,0.9764909616816119,1449,1449,1449,1449,,5000,5000,1.0,3021694564,20260901
B2_feature,2.0,per_class,all,micro,map_spearman,0.9686573963892551,0.9681457684112468,0.9691654059406064,1449,1449,1449,1449,,5000,5000,1.0,3021694564,20260901
B2_feature,2.0,per_class,all,micro,smoothed_std_over_raw,0.8477893099034548,0.846161573988516,0.849398239904062,1449,1449,1449,1449,,5000,5000,1.0,3021694564,20260901
B2_feature,2.0,per_class,all,micro,fidelity,0.05698051063370877,0.055437630035010156,0.05853477712878745,1449,1449,1449,1449,,5000,5000,1.0,3021694564,20260901
B2_feature,2.0,per_class,all,micro,relative_l2_change,0.05698051063370877,0.055437630035010156,0.05853477712878745,1449,1449,1449,1449,,5000,5000,1.0,3021694564,20260901
B2_feature,2.0,per_class,all,micro,map_pearson,0.9732787959570717,0.9727547166777776,0.9737833758267228,1449,1449,1449,1449,,5000,5000,1.0,3021694564,20260901
B2_feature,2.0,per_class,all,micro,map_spearman,0.9637541600636074,0.9630023740339971,0.9644971775691866,1449,1449,1449,1449,,5000,5000,1.0,3021694564,20260901
B2_feature,2.0,per_class,all,micro,smoothed_std_over_raw,0.8509411969375742,0.8491957545959185,0.8527364977192599,1449,1449,1449,1449,,5000,5000,1.0,3021694564,20260901
B2_feature,2.0,per_class,all,micro,fidelity,0.04897985363660639,0.048017414752651054,0.05000184655014048,1449,1449,1449,1449,,5000,5000,1.0,3021694564,20260901
B2_feature,2.0,per_class,all,micro,relative_l2_change,0.04897985363660639,0.048017414752651054,0.05000184655014048,1449,1449,1449,1449,,5000,5000,1.0,3021694564,20260901
B2_feature,2.0,per_class,all,micro,map_pearson,0.9753702027868452,0.9749511416345896,0.9757685970023964,1449,1449,1449,1449,,5000,5000,1.0,3021694564,20260901
B2_feature,2.0,per_class,all,micro,map_spearman,0.9664395835335458,0.9658088063179747,0.967092537110719,1449,1449,1449,1449,,5000,5000,1.0,3021694564,20260901
B2_feature,2.0,per_class,all,micro,smoothed_std_over_raw,0.8471819948047666,0.8455634516413826,0.848819921867571,1449,1449,1449,1449,,5000,5000,1.0,3021694564,20260901
B2_feature,2.0,per_class,all,micro,fidelity,0.059774579350458004,0.05808747988155663,0.0615395304196745,1449,1449,1449,1449,,5000,5000,1.0,3021694564,20260901
B2_feature,2.0,per_class,all,micro,relative_l2_change,0.059774579350458004,0.05808747988155663,0.0615395304196745,1449,1449,1449,1449,,5000,5000,1.0,3021694564,20260901
B2_feature,2.0,per_class,all,micro,map_pearson,0.9749002861844992,0.9744285494294802,0.975345479253245,1449,1449,1449,1449,,5000,5000,1.0,3021694564,20260901
B2_feature,2.0,per_class,all,micro,map_spearman,0.9666059941485308,0.9659594284657201,0.9672480261607611,1449,1449,1449,1449,,5000,5000,1.0,3021694564,20260901
B2_feature,2.0,per_class,all,micro,smoothed_std_over_raw,0.8521829733690613,0.8502943238764076,0.8540165494677525,1449,1449,1449,1449,,5000,5000,1.0,3021694564,20260901
B2_feature,2.0,per_class,all,micro,fidelity,0.04751017761948275,0.04659486876519781,0.04852069542641071,1449,1449,1449,1449,,5000,5000,1.0,3021694564,20260901
B2_feature,2.0,per_class,all,micro,relative_l2_change,0.04751017761948275,0.04659486876519781,0.04852069542641071,1449,1449,1449,1449,,5000,5000,1.0,3021694564,20260901
B2_feature,2.0,per_class,all,micro,map_pearson,0.9757113276554684,0.9753079175229235,0.976115386595267,1449,1449,1449,1449,,5000,5000,1.0,3021694564,20260901
B2_feature,2.0,per_class,all,micro,map_spearman,0.9679062429010827,0.9673226460002059,0.9684672778314192,1449,1449,1449,1449,,5000,5000,1.0,3021694564,20260901
B2_feature,2.0,per_class,all,micro,smoothed_std_over_raw,0.8517111972169764,0.8500509051339966,0.8533686242293209,1449,1449,1449,1449,,5000,5000,1.0,3021694564,20260901
B2_feature,2.0,per_class,all,micro,fidelity,0.06699899196871566,0.06500398355534236,0.06917596362628238,1449,1449,1449,1449,,5000,5000,1.0,3021694564,20260901
B2_feature,2.0,per_class,all,micro,relative_l2_change,0.06699899196871566,0.06500398355534236,0.06917596362628238,1449,1449,1449,1449,,5000,5000,1.0,3021694564,20260901
B2_feature,2.0,per_class,all,micro,map_pearson,0.972954617565134,0.9723862280191183,0.9734989584109305,1449,1449,1449,1449,,5000,5000,1.0,3021694564,20260901
B2_feature,2.0,per_class,all,micro,map_spearman,0.9630911238362988,0.9623056365034348,0.9638548370350468,1449,1449,1449,1449,,5000,5000,1.0,3021694564,20260901
B2_feature,2.0,per_class,all,micro,smoothed_std_over_raw,0.8475097667109646,0.8456179534292699,0.8493120766070648,1449,1449,1449,1449,,5000,5000,1.0,3021694564,20260901
B2_feature,2.0,per_class,all,micro,fidelity,0.04663765492538611,0.045533502558464785,0.04782077721490417,1449,1449,1449,1449,,5000,5000,1.0,3021694564,20260901
B2_feature,2.0,per_class,all,micro,relative_l2_change,0.04663765492538611,0.045533502558464785,0.04782077721490417,1449,1449,1449,1449,,5000,5000,1.0,3021694564,20260901
B2_feature,2.0,per_class,all,micro,map_pearson,0.974037125902064,0.9735761389876745,0.9745015425793955,1449,1449,1449,1449,,5000,5000,1.0,3021694564,20260901
B2_feature,2.0,per_class,all,micro,map_spearman,0.9648673943686765,0.9642310891678367,0.9654936469037257,1449,1449,1449,1449,,5000,5000,1.0,3021694564,20260901
B2_feature,2.0,per_class,all,micro,smoothed_std_over_raw,0.8502187125842434,0.8487823541109688,0.8517024970912292,1449,1449,1449,1449,,5000,5000,1.0,3021694564,20260901
B2_feature,2.0,per_class,all,micro,fidelity,0.05144570558347975,0.05017112584905461,0.05279991754662988,1449,1449,1449,1449,,5000,5000,1.0,3021694564,20260901
B2_feature,2.0,per_class,all,micro,relative_l2_change,0.05144570558347975,0.05017112584905461,0.05279991754662988,1449,1449,1449,1449,,5000,5000,1.0,3021694564,20260901
B2_feature,2.0,per_class,all,micro,map_pearson,0.9750664696519008,0.9746351132913653,0.9754654143815455,1449,1449,1449,1449,,5000,5000,1.0,3021694564,20260901
B2_feature,2.0,per_class,all,micro,map_spearman,0.9668641239301841,0.9662107348431794,0.9675040395692597,1449,1449,1449,1449,,5000,5000,1.0,3021694564,20260901
B2_feature,2.0,per_class,all,micro,smoothed_std_over_raw,0.8473327262307793,0.8456777304740014,0.848970964819378,1449,1449,1449,1449,,5000,5000,1.0,3021694564,20260901
B2_feature,2.0,per_class,all,micro,fidelity,0.05347559414932529,0.05247040670242976,0.054575538326869795,1449,1449,1449,1449,,5000,5000,1.0,3021694564,20260901
B2_feature,2.0,per_class,all,micro,relative_l2_change,0.05347559414932529,0.05247040670242976,0.054575538326869795,1449,1449,1449,1449,,5000,5000,1.0,3021694564,20260901
B2_feature,2.0,per_class,all,micro,map_pearson,0.9731738221818123,0.9726466230055725,0.9737229250068085,1449,1449,1449,1449,,5000,5000,1.0,3021694564,20260901
B2_feature,2.0,per_class,all,micro,map_spearman,0.9646260174823021,0.9639180032928456,0.9653709567615375,1449,1449,1449,1449,,5000,5000,1.0,3021694564,20260901
B2_feature,2.0,per_class,all,micro,smoothed_std_over_raw,0.8462100768188019,0.8442935793748636,0.8482726857415802,1449,1449,1449,1449,,5000,5000,1.0,3021694564,20260901
B2_feature,2.0,per_class,all,micro,fidelity,0.04812601745241753,0.047110883311610834,0.0491707677551236,1449,1449,1449,1449,,5000,5000,1.0,3021694564,20260901
B2_feature,2.0,per_class,all,micro,relative_l2_change,0.04812601745241753,0.047110883311610834,0.0491707677551236,1449,1449,1449,1449,,5000,5000,1.0,3021694564,20260901
B2_feature,2.0,per_class,all,micro,map_pearson,0.975803471993709,0.9754465543119311,0.9761602440050671,1449,1449,1449,1449,,5000,5000,1.0,3021694564,20260901
B2_feature,2.0,per_class,all,micro,map_spearman,0.9675435982875943,0.9669537239224028,0.9681259633252093,1449,1449,1449,1449,,5000,5000,1.0,3021694564,20260901
B2_feature,2.0,per_class,all,micro,smoothed_std_over_raw,0.8452658031297766,0.8437788408961766,0.8467792495704668,1449,1449,1449,1449,,5000,5000,1.0,3021694564,20260901
B2_feature,2.0,per_class,all,micro,fidelity,0.049260056115496643,0.04826813819104763,0.050298097782097935,1449,1449,1449,1449,,5000,5000,1.0,3021694564,20260901
B2_feature,2.0,per_class,all,micro,relative_l2_change,0.049260056115496643,0.04826813819104763,0.050298097782097935,1449,1449,1449,1449,,5000,5000,1.0,3021694564,20260901
B2_feature,2.0,per_class,all,micro,map_pearson,0.9762825131251781,0.9759056760133177,0.9766583702414509,1449,1449,1449,1449,,5000,5000,1.0,3021694564,20260901
B2_feature,2.0,per_class,all,micro,map_spearman,0.9667572335920472,0.9661130673674322,0.9673645417276048,1449,1449,1449,1449,,5000,5000,1.0,3021694564,20260901
B2_feature,2.0,per_class,all,micro,smoothed_std_over_raw,0.845395344878329,0.8436298285191268,0.8471743074509915,1449,1449,1449,1449,,5000,5000,1.0,3021694564,20260901
B2_feature,2.0,per_class,all,micro,fidelity,0.08241286333534659,0.08001917273566524,0.0848260754360088,1449,1449,1449,1449,,5000,5000,1.0,3021694564,20260901
B2_feature,2.0,per_class,all,micro,relative_l2_change,0.08241286333534659,0.08001917273566524,0.0848260754360088,1449,1449,1449,1449,,5000,5000,1.0,3021694564,20260901
B2_feature,2.0,per_class,all,micro,map_pearson,0.9768706834094124,0.9762787277489551,0.9774423512437986,1449,1449,1449,1449,,5000,5000,1.0,3021694564,20260901
B2_feature,2.0,per_class,all,micro,map_spearman,0.9688000769101808,0.9680971376057984,0.9695012466353412,1449,1449,1449,1449,,5000,5000,1.0,3021694564,20260901
B2_feature,2.0,per_class,all,micro,smoothed_std_over_raw,0.8555384920826445,0.8530614695059916,0.8581115522596078,1449,1449,1449,1449,,5000,5000,1.0,3021694564,20260901
B2_feature,2.0,per_class,all,micro,fidelity,0.061708151823677136,0.06024993346692972,0.06330031358114371,1449,1449,1449,1449,,5000,5000,1.0,3021694564,20260901
B2_feature,2.0,per_class,all,micro,relative_l2_change,0.061708151823677136,0.06024993346692972,0.06330031358114371,1449,1449,1449,1449,,5000,5000,1.0,3021694564,20260901
B2_feature,2.0,per_class,all,micro,map_pearson,0.9701400153220646,0.9695365428790872,0.9707079503692949,1449,1449,1449,1449,,5000,5000,1.0,3021694564,20260901
B2_feature,2.0,per_class,all,micro,map_spearman,0.9606742638814358,0.9598510305426136,0.9614486001982123,1449,1449,1449,1449,,5000,5000,1.0,3021694564,20260901
B2_feature,2.0,per_class,all,micro,smoothed_std_over_raw,0.8438420503858536,0.84186870677871,0.8457677880079686,1449,1449,1449,1449,,5000,5000,1.0,3021694564,20260901
B2_feature,2.0,per_class,all,micro,fidelity,0.04497438068890506,0.04424856397640821,0.045768812413181495,1449,1449,1449,1449,,5000,5000,1.0,3021694564,20260901
B2_feature,2.0,per_class,all,micro,relative_l2_change,0.04497438068890506,0.04424856397640821,0.045768812413181495,1449,1449,1449,1449,,5000,5000,1.0,3021694564,20260901
B2_feature,2.0,per_class,all,micro,map_pearson,0.975870880980258,0.975476738853731,0.9762455819134798,1449,1449,1449,1449,,5000,5000,1.0,3021694564,20260901
B2_feature,2.0,per_class,all,micro,map_spearman,0.9678232712199394,0.9672311779587247,0.9684032858179058,1449,1449,1449,1449,,5000,5000,1.0,3021694564,20260901
B2_feature,2.0,per_class,all,micro,smoothed_std_over_raw,0.849352386756302,0.8478923536646852,0.8508756610835478,1449,1449,1449,1449,,5000,5000,1.0,3021694564,20260901
B2_feature,2.0,per_class,all,micro,fidelity,0.05589063965771386,0.054109072605189094,0.05785507167875252,1449,1449,1449,1449,,5000,5000,1.0,3021694564,20260901
B2_feature,2.0,per_class,all,micro,relative_l2_change,0.05589063965771386,0.054109072605189094,0.05785507167875252,1449,1449,1449,1449,,5000,5000,1.0,3021694564,20260901
B2_feature,2.0,per_class,all,micro,map_pearson,0.9773005336379084,0.9769388014691052,0.9776567118570179,1449,1449,1449,1449,,5000,5000,1.0,3021694564,20260901
B2_feature,2.0,per_class,all,micro,map_spearman,0.9677584596219928,0.9671084655316391,0.9683982447756415,1449,1449,1449,1449,,5000,5000,1.0,3021694564,20260901
B2_feature,2.0,per_class,all,micro,smoothed_std_over_raw,0.8496142009606108,0.8479628842635102,0.8513117831480593,1449,1449,1449,1449,,5000,5000,1.0,3021694564,20260901
B2_feature,2.0,per_class,all,micro,fidelity,0.04328825078349306,0.042420096578252596,0.04419910511862567,1449,1449,1449,1449,,5000,5000,1.0,3021694564,20260901
B2_feature,2.0,per_class,all,micro,relative_l2_change,0.04328825078349306,0.042420096578252596,0.04419910511862567,1449,1449,1449,1449,,5000,5000,1.0,3021694564,20260901
B2_feature,2.0,per_class,all,micro,map_pearson,0.9788586249674,0.9785789052162029,0.9791172137099599,1449,1449,1449,1449,,5000,5000,1.0,3021694564,20260901
B2_feature,2.0,per_class,all,micro,map_spearman,0.9709210093881937,0.9704021151946939,0.9714318225441759,1449,1449,1449,1449,,5000,5000,1.0,3021694564,20260901
B2_feature,2.0,per_class,all,micro,smoothed_std_over_raw,0.8516496400573157,0.8501753162091316,0.8531174270889939,1449,1449,1449,1449,,5000,5000,1.0,3021694564,20260901
B2_feature,2.0,per_class,all,micro,fidelity,0.05222506549664412,0.0510536855346349,0.05346104419729791,1449,1449,1449,1449,,5000,5000,1.0,3021694564,20260901
B2_feature,2.0,per_class,all,micro,relative_l2_change,0.05222506549664412,0.0510536855346349,0.05346104419729791,1449,1449,1449,1449,,5000,5000,1.0,3021694564,20260901
B2_feature,2.0,per_class,all,micro,map_pearson,0.9757643662871288,0.9753846313303054,0.976161099278244,1449,1449,1449,1449,,5000,5000,1.0,3021694564,20260901
B2_feature,2.0,per_class,all,micro,map_spearman,0.9665650082835664,0.9659177296784024,0.967199246259374,1449,1449,1449,1449,,5000,5000,1.0,3021694564,20260901
B2_feature,2.0,per_class,all,micro,smoothed_std_over_raw,0.8509250337128149,0.8493164009250717,0.8525189144065086,1449,1449,1449,1449,,5000,5000,1.0,3021694564,20260901
B2_feature,4.0,all_class_maps,all,micro,fidelity,0.0689007925544528,0.06816537884053092,0.06968821305333296,1449,1449,28980,28980,,5000,5000,1.0,3021694564,20260901
B2_feature,4.0,all_class_maps,all,micro,relative_l2_change,0.0689007925544528,0.06816537884053092,0.06968821305333296,1449,1449,28980,28980,,5000,5000,1.0,3021694564,20260901
B2_feature,4.0,all_class_maps,all,micro,map_pearson,0.9585837191265151,0.958098098599886,0.9590393664333596,1449,1449,28980,28980,,5000,5000,1.0,3021694564,20260901
B2_feature,4.0,all_class_maps,all,micro,map_spearman,0.9460190897484826,0.9455071735373339,0.9465188093995065,1449,1449,28980,28980,,5000,5000,1.0,3021694564,20260901
B2_feature,4.0,all_class_maps,all,micro,smoothed_std_over_raw,0.7978705243931876,0.7967645007785309,0.798963042806456,1449,1449,28980,28980,,5000,5000,1.0,3021694564,20260901
B2_feature,4.0,all_class_maps,all,macro_class,fidelity,0.0689007925544528,0.06816537884053092,0.06968821305333295,1449,1449,28980,28980,20,5000,5000,1.0,3021694564,20260901
B2_feature,4.0,all_class_maps,all,macro_class,relative_l2_change,0.0689007925544528,0.06816537884053092,0.06968821305333295,1449,1449,28980,28980,20,5000,5000,1.0,3021694564,20260901
B2_feature,4.0,all_class_maps,all,macro_class,map_pearson,0.9585837191265151,0.958098098599886,0.9590393664333593,1449,1449,28980,28980,20,5000,5000,1.0,3021694564,20260901
B2_feature,4.0,all_class_maps,all,macro_class,map_spearman,0.9460190897484827,0.945507173537334,0.9465188093995062,1449,1449,28980,28980,20,5000,5000,1.0,3021694564,20260901
B2_feature,4.0,all_class_maps,all,macro_class,smoothed_std_over_raw,0.7978705243931876,0.7967645007785309,0.798963042806456,1449,1449,28980,28980,20,5000,5000,1.0,3021694564,20260901
B2_feature,4.0,all_class_maps,single_label,micro,fidelity,0.06269822562678025,0.061894242463607294,0.06349653252042797,927,927,18540,18540,,5000,5000,1.0,3021694564,20260901
B2_feature,4.0,all_class_maps,single_label,micro,relative_l2_change,0.06269822562678025,0.061894242463607294,0.06349653252042797,927,927,18540,18540,,5000,5000,1.0,3021694564,20260901
B2_feature,4.0,all_class_maps,single_label,micro,map_pearson,0.9591396040418773,0.958497016750911,0.9597854326468488,927,927,18540,18540,,5000,5000,1.0,3021694564,20260901
B2_feature,4.0,all_class_maps,single_label,micro,map_spearman,0.9452776982174722,0.9445450482220905,0.9460032717869923,927,927,18540,18540,,5000,5000,1.0,3021694564,20260901
B2_feature,4.0,all_class_maps,single_label,micro,smoothed_std_over_raw,0.7960108436652115,0.7945915411040589,0.7973881158972924,927,927,18540,18540,,5000,5000,1.0,3021694564,20260901
B2_feature,4.0,all_class_maps,single_label,macro_class,fidelity,0.06269822562678026,0.061894242463607294,0.06349653252042796,927,927,18540,18540,20,5000,5000,1.0,3021694564,20260901
B2_feature,4.0,all_class_maps,single_label,macro_class,relative_l2_change,0.06269822562678026,0.061894242463607294,0.06349653252042796,927,927,18540,18540,20,5000,5000,1.0,3021694564,20260901
B2_feature,4.0,all_class_maps,single_label,macro_class,map_pearson,0.9591396040418771,0.9584970167509113,0.9597854326468489,927,927,18540,18540,20,5000,5000,1.0,3021694564,20260901
B2_feature,4.0,all_class_maps,single_label,macro_class,map_spearman,0.9452776982174724,0.9445450482220904,0.9460032717869921,927,927,18540,18540,20,5000,5000,1.0,3021694564,20260901
B2_feature,4.0,all_class_maps,single_label,macro_class,smoothed_std_over_raw,0.7960108436652115,0.7945915411040588,0.7973881158972925,927,927,18540,18540,20,5000,5000,1.0,3021694564,20260901
B2_feature,4.0,all_class_maps,exactly_2_labels,micro,fidelity,0.076963576177756,0.07591269366489102,0.07805550039832791,375,375,7500,7500,,5000,5000,1.0,3021694564,20260901
B2_feature,4.0,all_class_maps,exactly_2_labels,micro,relative_l2_change,0.076963576177756,0.07591269366489102,0.07805550039832791,375,375,7500,7500,,5000,5000,1.0,3021694564,20260901
B2_feature,4.0,all_class_maps,exactly_2_labels,micro,map_pearson,0.957502061343193,0.9566173479415974,0.9583567280803124,375,375,7500,7500,,5000,5000,1.0,3021694564,20260901
B2_feature,4.0,all_class_maps,exactly_2_labels,micro,map_spearman,0.9475051071802775,0.9466068665804466,0.9483954819122951,375,375,7500,7500,,5000,5000,1.0,3021694564,20260901
B2_feature,4.0,all_class_maps,exactly_2_labels,micro,smoothed_std_over_raw,0.8009770730892817,0.7989446783771117,0.8030536365097761,375,375,7500,7500,,5000,5000,1.0,3021694564,20260901
B2_feature,4.0,all_class_maps,exactly_2_labels,macro_class,fidelity,0.076963576177756,0.07591269366489102,0.0780555003983279,375,375,7500,7500,20,5000,5000,1.0,3021694564,20260901
B2_feature,4.0,all_class_maps,exactly_2_labels,macro_class,relative_l2_change,0.076963576177756,0.07591269366489102,0.0780555003983279,375,375,7500,7500,20,5000,5000,1.0,3021694564,20260901
B2_feature,4.0,all_class_maps,exactly_2_labels,macro_class,map_pearson,0.9575020613431929,0.9566173479415975,0.9583567280803124,375,375,7500,7500,20,5000,5000,1.0,3021694564,20260901
B2_feature,4.0,all_class_maps,exactly_2_labels,macro_class,map_spearman,0.9475051071802773,0.9466068665804466,0.9483954819122948,375,375,7500,7500,20,5000,5000,1.0,3021694564,20260901
B2_feature,4.0,all_class_maps,exactly_2_labels,macro_class,smoothed_std_over_raw,0.8009770730892816,0.7989446783771117,0.8030536365097762,375,375,7500,7500,20,5000,5000,1.0,3021694564,20260901
B2_feature,4.0,all_class_maps,3plus_labels,micro,fidelity,0.08744661352869605,0.08584387748011191,0.08905320175688992,147,147,2940,2940,,5000,5000,1.0,3021694564,20260901
B2_feature,4.0,all_class_maps,3plus_labels,micro,relative_l2_change,0.08744661352869605,0.08584387748011191,0.08905320175688992,147,147,2940,2940,,5000,5000,1.0,3021694564,20260901
B2_feature,4.0,all_class_maps,3plus_labels,micro,map_pearson,0.9578375718626035,0.9567771277581754,0.9588225730224734,147,147,2940,2940,,5000,5000,1.0,3021694564,20260901
B2_feature,4.0,all_class_maps,3plus_labels,micro,map_spearman,0.9469035347302754,0.9456735491848925,0.9481338098660416,147,147,2940,2940,,5000,5000,1.0,3021694564,20260901
B2_feature,4.0,all_class_maps,3plus_labels,micro,smoothed_std_over_raw,0.8016730296571238,0.7978641812640185,0.8052617642709187,147,147,2940,2940,,5000,5000,1.0,3021694564,20260901
B2_feature,4.0,all_class_maps,3plus_labels,macro_class,fidelity,0.08744661352869604,0.08584387748011192,0.0890532017568899,147,147,2940,2940,20,5000,5000,1.0,3021694564,20260901
B2_feature,4.0,all_class_maps,3plus_labels,macro_class,relative_l2_change,0.08744661352869604,0.08584387748011192,0.0890532017568899,147,147,2940,2940,20,5000,5000,1.0,3021694564,20260901
B2_feature,4.0,all_class_maps,3plus_labels,macro_class,map_pearson,0.9578375718626034,0.9567771277581751,0.9588225730224734,147,147,2940,2940,20,5000,5000,1.0,3021694564,20260901
B2_feature,4.0,all_class_maps,3plus_labels,macro_class,map_spearman,0.9469035347302756,0.9456735491848927,0.9481338098660416,147,147,2940,2940,20,5000,5000,1.0,3021694564,20260901
B2_feature,4.0,all_class_maps,3plus_labels,macro_class,smoothed_std_over_raw,0.801673029657124,0.7978641812640185,0.8052617642709189,147,147,2940,2940,20,5000,5000,1.0,3021694564,20260901
B2_feature,4.0,per_class,all,micro,fidelity,0.05797149447416996,0.05687486075765978,0.05915558426181372,1449,1449,1449,1449,,5000,5000,1.0,3021694564,20260901
B2_feature,4.0,per_class,all,micro,relative_l2_change,0.05797149447416996,0.05687486075765978,0.05915558426181372,1449,1449,1449,1449,,5000,5000,1.0,3021694564,20260901
B2_feature,4.0,per_class,all,micro,map_pearson,0.9597416754176981,0.9591333894091199,0.9603180062871625,1449,1449,1449,1449,,5000,5000,1.0,3021694564,20260901
B2_feature,4.0,per_class,all,micro,map_spearman,0.948952649567685,0.948141500942044,0.9497694911351692,1449,1449,1449,1449,,5000,5000,1.0,3021694564,20260901
B2_feature,4.0,per_class,all,micro,smoothed_std_over_raw,0.7954027086311246,0.7935164084253103,0.7973153495054315,1449,1449,1449,1449,,5000,5000,1.0,3021694564,20260901
B2_feature,4.0,per_class,all,micro,fidelity,0.062483598032723305,0.060824397656092204,0.06426545335712609,1449,1449,1449,1449,,5000,5000,1.0,3021694564,20260901
B2_feature,4.0,per_class,all,micro,relative_l2_change,0.062483598032723305,0.060824397656092204,0.06426545335712609,1449,1449,1449,1449,,5000,5000,1.0,3021694564,20260901
B2_feature,4.0,per_class,all,micro,map_pearson,0.9605029021319724,0.959888723499821,0.9610900661754477,1449,1449,1449,1449,,5000,5000,1.0,3021694564,20260901
B2_feature,4.0,per_class,all,micro,map_spearman,0.9485861039967929,0.9477159980394003,0.9494269311942257,1449,1449,1449,1449,,5000,5000,1.0,3021694564,20260901
B2_feature,4.0,per_class,all,micro,smoothed_std_over_raw,0.80127432541324,0.7992572377958407,0.8032170091140591,1449,1449,1449,1449,,5000,5000,1.0,3021694564,20260901
B2_feature,4.0,per_class,all,micro,fidelity,0.05813811404991759,0.057322744451517214,0.05904695774024266,1449,1449,1449,1449,,5000,5000,1.0,3021694564,20260901
B2_feature,4.0,per_class,all,micro,relative_l2_change,0.05813811404991759,0.057322744451517214,0.05904695774024266,1449,1449,1449,1449,,5000,5000,1.0,3021694564,20260901
B2_feature,4.0,per_class,all,micro,map_pearson,0.9544077677262742,0.9537513586140403,0.9550498574324275,1449,1449,1449,1449,,5000,5000,1.0,3021694564,20260901
B2_feature,4.0,per_class,all,micro,map_spearman,0.9424701048802967,0.9414991906813871,0.9434172499079059,1449,1449,1449,1449,,5000,5000,1.0,3021694564,20260901
B2_feature,4.0,per_class,all,micro,smoothed_std_over_raw,0.7981968449262852,0.7962606273802336,0.8001347694039509,1449,1449,1449,1449,,5000,5000,1.0,3021694564,20260901
B2_feature,4.0,per_class,all,micro,fidelity,0.06115580836325123,0.059659109883501434,0.06274286366271573,1449,1449,1449,1449,,5000,5000,1.0,3021694564,20260901
B2_feature,4.0,per_class,all,micro,relative_l2_change,0.06115580836325123,0.059659109883501434,0.06274286366271573,1449,1449,1449,1449,,5000,5000,1.0,3021694564,20260901
B2_feature,4.0,per_class,all,micro,map_pearson,0.9600027086736417,0.9594099469775985,0.9605816800833735,1449,1449,1449,1449,,5000,5000,1.0,3021694564,20260901
B2_feature,4.0,per_class,all,micro,map_spearman,0.9484703767044615,0.9476538810886704,0.9492705854281959,1449,1449,1449,1449,,5000,5000,1.0,3021694564,20260901
B2_feature,4.0,per_class,all,micro,smoothed_std_over_raw,0.7968403697013855,0.7948379744972912,0.7988099516569294,1449,1449,1449,1449,,5000,5000,1.0,3021694564,20260901
B2_feature,4.0,per_class,all,micro,fidelity,0.07454247682710777,0.0723090439372207,0.0767914598898318,1449,1449,1449,1449,,5000,5000,1.0,3021694564,20260901
B2_feature,4.0,per_class,all,micro,relative_l2_change,0.07454247682710777,0.0723090439372207,0.0767914598898318,1449,1449,1449,1449,,5000,5000,1.0,3021694564,20260901
B2_feature,4.0,per_class,all,micro,map_pearson,0.9556520668863017,0.9548386009820089,0.956436398053597,1449,1449,1449,1449,,5000,5000,1.0,3021694564,20260901
B2_feature,4.0,per_class,all,micro,map_spearman,0.9422787930160823,0.9412179844977117,0.9433388221687576,1449,1449,1449,1449,,5000,5000,1.0,3021694564,20260901
B2_feature,4.0,per_class,all,micro,smoothed_std_over_raw,0.800422950273057,0.7983202226156609,0.8026257535901622,1449,1449,1449,1449,,5000,5000,1.0,3021694564,20260901
B2_feature,4.0,per_class,all,micro,fidelity,0.06360228137055951,0.062184228259990385,0.06508766874321335,1449,1449,1449,1449,,5000,5000,1.0,3021694564,20260901
B2_feature,4.0,per_class,all,micro,relative_l2_change,0.06360228137055951,0.062184228259990385,0.06508766874321335,1449,1449,1449,1449,,5000,5000,1.0,3021694564,20260901
B2_feature,4.0,per_class,all,micro,map_pearson,0.9591092319633321,0.9584396459496457,0.9597507292922816,1449,1449,1449,1449,,5000,5000,1.0,3021694564,20260901
B2_feature,4.0,per_class,all,micro,map_spearman,0.9462572358821161,0.9453211036281309,0.9471990515068534,1449,1449,1449,1449,,5000,5000,1.0,3021694564,20260901
B2_feature,4.0,per_class,all,micro,smoothed_std_over_raw,0.7961038506137987,0.7941141774205606,0.7980735407894114,1449,1449,1449,1449,,5000,5000,1.0,3021694564,20260901
B2_feature,4.0,per_class,all,micro,fidelity,0.07845796315864582,0.07611428821283303,0.0809207291150783,1449,1449,1449,1449,,5000,5000,1.0,3021694564,20260901
B2_feature,4.0,per_class,all,micro,relative_l2_change,0.07845796315864582,0.07611428821283303,0.0809207291150783,1449,1449,1449,1449,,5000,5000,1.0,3021694564,20260901
B2_feature,4.0,per_class,all,micro,map_pearson,0.9577243041383389,0.9569447705196956,0.9584644293840628,1449,1449,1449,1449,,5000,5000,1.0,3021694564,20260901
B2_feature,4.0,per_class,all,micro,map_spearman,0.9454135139536414,0.9444252936016535,0.9464087828109394,1449,1449,1449,1449,,5000,5000,1.0,3021694564,20260901
B2_feature,4.0,per_class,all,micro,smoothed_std_over_raw,0.800474032399735,0.7981931989103699,0.8026874630985135,1449,1449,1449,1449,,5000,5000,1.0,3021694564,20260901
B2_feature,4.0,per_class,all,micro,fidelity,0.061879730532093655,0.0605090086728211,0.06337438382342037,1449,1449,1449,1449,,5000,5000,1.0,3021694564,20260901
B2_feature,4.0,per_class,all,micro,relative_l2_change,0.061879730532093655,0.0605090086728211,0.06337438382342037,1449,1449,1449,1449,,5000,5000,1.0,3021694564,20260901
B2_feature,4.0,per_class,all,micro,map_pearson,0.9597947465048896,0.9591501748247176,0.9604274379304147,1449,1449,1449,1449,,5000,5000,1.0,3021694564,20260901
B2_feature,4.0,per_class,all,micro,map_spearman,0.9481857047153391,0.9473145070787213,0.9490314512313688,1449,1449,1449,1449,,5000,5000,1.0,3021694564,20260901
B2_feature,4.0,per_class,all,micro,smoothed_std_over_raw,0.8021828594744165,0.8002066202425726,0.8041516578417551,1449,1449,1449,1449,,5000,5000,1.0,3021694564,20260901
B2_feature,4.0,per_class,all,micro,fidelity,0.08831465266146192,0.08545876495640409,0.09142233838717369,1449,1449,1449,1449,,5000,5000,1.0,3021694564,20260901
B2_feature,4.0,per_class,all,micro,relative_l2_change,0.08831465266146192,0.08545876495640409,0.09142233838717369,1449,1449,1449,1449,,5000,5000,1.0,3021694564,20260901
B2_feature,4.0,per_class,all,micro,map_pearson,0.955114271617742,0.9542387786735906,0.9559473497393297,1449,1449,1449,1449,,5000,5000,1.0,3021694564,20260901
B2_feature,4.0,per_class,all,micro,map_spearman,0.9414308408032293,0.9403320856613484,0.942495351533095,1449,1449,1449,1449,,5000,5000,1.0,3021694564,20260901
B2_feature,4.0,per_class,all,micro,smoothed_std_over_raw,0.7951976311790935,0.792927004940926,0.7973681303552301,1449,1449,1449,1449,,5000,5000,1.0,3021694564,20260901
B2_feature,4.0,per_class,all,micro,fidelity,0.06049315150366971,0.058856639435310415,0.0622382803373373,1449,1449,1449,1449,,5000,5000,1.0,3021694564,20260901
B2_feature,4.0,per_class,all,micro,relative_l2_change,0.06049315150366971,0.058856639435310415,0.0622382803373373,1449,1449,1449,1449,,5000,5000,1.0,3021694564,20260901
B2_feature,4.0,per_class,all,micro,map_pearson,0.9573075401527953,0.95658852416968,0.9580224632167914,1449,1449,1449,1449,,5000,5000,1.0,3021694564,20260901
B2_feature,4.0,per_class,all,micro,map_spearman,0.9439812437512284,0.9430447375747646,0.9449259251921732,1449,1449,1449,1449,,5000,5000,1.0,3021694564,20260901
B2_feature,4.0,per_class,all,micro,smoothed_std_over_raw,0.8012098508345168,0.7994858022833216,0.8029909263753825,1449,1449,1449,1449,,5000,5000,1.0,3021694564,20260901
B2_feature,4.0,per_class,all,micro,fidelity,0.06689999149977296,0.06504467032763663,0.06884971845533835,1449,1449,1449,1449,,5000,5000,1.0,3021694564,20260901
B2_feature,4.0,per_class,all,micro,relative_l2_change,0.06689999149977296,0.06504467032763663,0.06884971845533835,1449,1449,1449,1449,,5000,5000,1.0,3021694564,20260901
B2_feature,4.0,per_class,all,micro,map_pearson,0.9586087591570768,0.9579164873698072,0.9592452097630155,1449,1449,1449,1449,,5000,5000,1.0,3021694564,20260901
B2_feature,4.0,per_class,all,micro,map_spearman,0.9467766634590301,0.9458001855717106,0.9477486296675796,1449,1449,1449,1449,,5000,5000,1.0,3021694564,20260901
B2_feature,4.0,per_class,all,micro,smoothed_std_over_raw,0.796523580352054,0.7945018779005651,0.7985295832475932,1449,1449,1449,1449,,5000,5000,1.0,3021694564,20260901
B2_feature,4.0,per_class,all,micro,fidelity,0.06978560224936452,0.06824751564567,0.07144487002392713,1449,1449,1449,1449,,5000,5000,1.0,3021694564,20260901
B2_feature,4.0,per_class,all,micro,relative_l2_change,0.06978560224936452,0.06824751564567,0.07144487002392713,1449,1449,1449,1449,,5000,5000,1.0,3021694564,20260901
B2_feature,4.0,per_class,all,micro,map_pearson,0.9556128026864873,0.9547835084139848,0.9564742018984794,1449,1449,1449,1449,,5000,5000,1.0,3021694564,20260901
B2_feature,4.0,per_class,all,micro,map_spearman,0.9435321562367526,0.9425206234438243,0.9445893408389977,1449,1449,1449,1449,,5000,5000,1.0,3021694564,20260901
B2_feature,4.0,per_class,all,micro,smoothed_std_over_raw,0.7948046436056423,0.7925293494784642,0.7971922014708187,1449,1449,1449,1449,,5000,5000,1.0,3021694564,20260901
B2_feature,4.0,per_class,all,micro,fidelity,0.0623508759686213,0.06087658433963495,0.06388033927624609,1449,1449,1449,1449,,5000,5000,1.0,3021694564,20260901
B2_feature,4.0,per_class,all,micro,relative_l2_change,0.0623508759686213,0.06087658433963495,0.06388033927624609,1449,1449,1449,1449,,5000,5000,1.0,3021694564,20260901
B2_feature,4.0,per_class,all,micro,map_pearson,0.9601599704487065,0.9595932308314503,0.9607180036774086,1449,1449,1449,1449,,5000,5000,1.0,3021694564,20260901
B2_feature,4.0,per_class,all,micro,map_spearman,0.9480194818405878,0.9471370206270406,0.9488762155535141,1449,1449,1449,1449,,5000,5000,1.0,3021694564,20260901
B2_feature,4.0,per_class,all,micro,smoothed_std_over_raw,0.7941322922295254,0.7923343244731796,0.7960101864064785,1449,1449,1449,1449,,5000,5000,1.0,3021694564,20260901
B2_feature,4.0,per_class,all,micro,fidelity,0.064031716927197,0.0625536510883461,0.06556916380329399,1449,1449,1449,1449,,5000,5000,1.0,3021694564,20260901
B2_feature,4.0,per_class,all,micro,relative_l2_change,0.064031716927197,0.0625536510883461,0.06556916380329399,1449,1449,1449,1449,,5000,5000,1.0,3021694564,20260901
B2_feature,4.0,per_class,all,micro,map_pearson,0.9608085871236418,0.9601962695169481,0.9613913763363333,1449,1449,1449,1449,,5000,5000,1.0,3021694564,20260901
B2_feature,4.0,per_class,all,micro,map_spearman,0.9465372397045665,0.9455492933971706,0.9474735291580894,1449,1449,1449,1449,,5000,5000,1.0,3021694564,20260901
B2_feature,4.0,per_class,all,micro,smoothed_std_over_raw,0.7945132807586175,0.7923969376624,0.7966525244365239,1449,1449,1449,1449,,5000,5000,1.0,3021694564,20260901
B2_feature,4.0,per_class,all,micro,fidelity,0.1114682884818731,0.10800961782600475,0.11487550839371695,1449,1449,1449,1449,,5000,5000,1.0,3021694564,20260901
B2_feature,4.0,per_class,all,micro,relative_l2_change,0.1114682884818731,0.10800961782600475,0.11487550839371695,1449,1449,1449,1449,,5000,5000,1.0,3021694564,20260901
B2_feature,4.0,per_class,all,micro,map_pearson,0.9599700144770393,0.9590008138170565,0.9609100321949228,1449,1449,1449,1449,,5000,5000,1.0,3021694564,20260901
B2_feature,4.0,per_class,all,micro,map_spearman,0.9473758068802112,0.946259160053944,0.9484792073063805,1449,1449,1449,1449,,5000,5000,1.0,3021694564,20260901
B2_feature,4.0,per_class,all,micro,smoothed_std_over_raw,0.8000719867713538,0.7970489449516257,0.8031241093897836,1449,1449,1449,1449,,5000,5000,1.0,3021694564,20260901
B2_feature,4.0,per_class,all,micro,fidelity,0.07991266979728591,0.07782598184575915,0.08215548596026735,1449,1449,1449,1449,,5000,5000,1.0,3021694564,20260901
B2_feature,4.0,per_class,all,micro,relative_l2_change,0.07991266979728591,0.07782598184575915,0.08215548596026735,1449,1449,1449,1449,,5000,5000,1.0,3021694564,20260901
B2_feature,4.0,per_class,all,micro,map_pearson,0.9508813591230483,0.9499173076996892,0.9517827267489243,1449,1449,1449,1449,,5000,5000,1.0,3021694564,20260901
B2_feature,4.0,per_class,all,micro,map_spearman,0.9380122797500684,0.9368173933681164,0.9391329954643756,1449,1449,1449,1449,,5000,5000,1.0,3021694564,20260901
B2_feature,4.0,per_class,all,micro,smoothed_std_over_raw,0.7925316166515758,0.790152781177505,0.7948372239672455,1449,1449,1449,1449,,5000,5000,1.0,3021694564,20260901
B2_feature,4.0,per_class,all,micro,fidelity,0.05820741826312307,0.05714985337757535,0.059359615653871545,1449,1449,1449,1449,,5000,5000,1.0,3021694564,20260901
B2_feature,4.0,per_class,all,micro,relative_l2_change,0.05820741826312307,0.05714985337757535,0.059359615653871545,1449,1449,1449,1449,,5000,5000,1.0,3021694564,20260901
B2_feature,4.0,per_class,all,micro,map_pearson,0.9598522697587603,0.9592212953079643,0.9604475281726418,1449,1449,1449,1449,,5000,5000,1.0,3021694564,20260901
B2_feature,4.0,per_class,all,micro,map_spearman,0.94757433399157,0.9466713104610446,0.9484664254255587,1449,1449,1449,1449,,5000,5000,1.0,3021694564,20260901
B2_feature,4.0,per_class,all,micro,smoothed_std_over_raw,0.7992949076074004,0.797481133068447,0.8011831809182345,1449,1449,1449,1449,,5000,5000,1.0,3021694564,20260901
B2_feature,4.0,per_class,all,micro,fidelity,0.07397640909899342,0.07138348426412741,0.07684686759106295,1449,1449,1449,1449,,5000,5000,1.0,3021694564,20260901
B2_feature,4.0,per_class,all,micro,relative_l2_change,0.07397640909899342,0.07138348426412741,0.07684686759106295,1449,1449,1449,1449,,5000,5000,1.0,3021694564,20260901
B2_feature,4.0,per_class,all,micro,map_pearson,0.9620425008016261,0.9614701861714888,0.9626052858687172,1449,1449,1449,1449,,5000,5000,1.0,3021694564,20260901
B2_feature,4.0,per_class,all,micro,map_spearman,0.9477492658083319,0.9468100710798331,0.948684331247155,1449,1449,1449,1449,,5000,5000,1.0,3021694564,20260901
B2_feature,4.0,per_class,all,micro,smoothed_std_over_raw,0.7977175221433304,0.7957001442124385,0.7997228880610197,1449,1449,1449,1449,,5000,5000,1.0,3021694564,20260901
B2_feature,4.0,per_class,all,micro,fidelity,0.056310885834582845,0.055052399928530504,0.05762875069272135,1449,1449,1449,1449,,5000,5000,1.0,3021694564,20260901
B2_feature,4.0,per_class,all,micro,relative_l2_change,0.056310885834582845,0.055052399928530504,0.05762875069272135,1449,1449,1449,1449,,5000,5000,1.0,3021694564,20260901
B2_feature,4.0,per_class,all,micro,map_pearson,0.9645142437590658,0.964044304867709,0.9649466871217747,1449,1449,1449,1449,,5000,5000,1.0,3021694564,20260901
B2_feature,4.0,per_class,all,micro,map_spearman,0.9522548167766416,0.9514551046451591,0.9530431277921398,1449,1449,1449,1449,,5000,5000,1.0,3021694564,20260901
B2_feature,4.0,per_class,all,micro,smoothed_std_over_raw,0.8012602216132844,0.7994458386606393,0.8031102051985436,1449,1449,1449,1449,,5000,5000,1.0,3021694564,20260901
B2_feature,4.0,per_class,all,micro,fidelity,0.0680327219946414,0.06631287028068218,0.0697929902804991,1449,1449,1449,1449,,5000,5000,1.0,3021694564,20260901
B2_feature,4.0,per_class,all,micro,relative_l2_change,0.0680327219946414,0.06631287028068218,0.0697929902804991,1449,1449,1449,1449,,5000,5000,1.0,3021694564,20260901
B2_feature,4.0,per_class,all,micro,map_pearson,0.9598666599818638,0.9592477444824142,0.960499542636901,1449,1449,1449,1449,,5000,5000,1.0,3021694564,20260901
B2_feature,4.0,per_class,all,micro,map_spearman,0.9465231832510196,0.9455640143180732,0.947446426468483,1449,1449,1449,1449,,5000,5000,1.0,3021694564,20260901
B2_feature,4.0,per_class,all,micro,smoothed_std_over_raw,0.799255012684316,0.797275661068838,0.8012533819535587,1449,1449,1449,1449,,5000,5000,1.0,3021694564,20260901
B3_spatial_feature,0.25,all_class_maps,all,micro,fidelity,0.014451357192315516,0.014329680938257922,0.014581897782940023,1449,1449,28980,28980,,5000,5000,1.0,3021694564,20260901
B3_spatial_feature,0.25,all_class_maps,all,micro,relative_l2_change,0.014451357192315516,0.014329680938257922,0.014581897782940023,1449,1449,28980,28980,,5000,5000,1.0,3021694564,20260901
B3_spatial_feature,0.25,all_class_maps,all,micro,map_pearson,0.9981264660406146,0.9981032726224165,0.9981486052490149,1449,1449,28980,28980,,5000,5000,1.0,3021694564,20260901
B3_spatial_feature,0.25,all_class_maps,all,micro,map_spearman,0.9969885739295379,0.9969379286206307,0.9970374434543138,1449,1449,28980,28980,,5000,5000,1.0,3021694564,20260901
B3_spatial_feature,0.25,all_class_maps,all,micro,smoothed_std_over_raw,0.959214451911122,0.9589525376104996,0.9594790533092452,1449,1449,28980,28980,,5000,5000,1.0,3021694564,20260901
B3_spatial_feature,0.25,all_class_maps,all,macro_class,fidelity,0.014451357192315514,0.014329680938257925,0.01458189778294002,1449,1449,28980,28980,20,5000,5000,1.0,3021694564,20260901
B3_spatial_feature,0.25,all_class_maps,all,macro_class,relative_l2_change,0.014451357192315514,0.014329680938257925,0.01458189778294002,1449,1449,28980,28980,20,5000,5000,1.0,3021694564,20260901
B3_spatial_feature,0.25,all_class_maps,all,macro_class,map_pearson,0.9981264660406144,0.9981032726224163,0.9981486052490148,1449,1449,28980,28980,20,5000,5000,1.0,3021694564,20260901
B3_spatial_feature,0.25,all_class_maps,all,macro_class,map_spearman,0.9969885739295379,0.9969379286206307,0.9970374434543138,1449,1449,28980,28980,20,5000,5000,1.0,3021694564,20260901
B3_spatial_feature,0.25,all_class_maps,all,macro_class,smoothed_std_over_raw,0.9592144519111219,0.9589525376104994,0.9594790533092454,1449,1449,28980,28980,20,5000,5000,1.0,3021694564,20260901
B3_spatial_feature,0.25,all_class_maps,single_label,micro,fidelity,0.013535429806596205,0.01339357113518286,0.01367676857904734,927,927,18540,18540,,5000,5000,1.0,3021694564,20260901
B3_spatial_feature,0.25,all_class_maps,single_label,micro,relative_l2_change,0.013535429806596205,0.01339357113518286,0.01367676857904734,927,927,18540,18540,,5000,5000,1.0,3021694564,20260901
B3_spatial_feature,0.25,all_class_maps,single_label,micro,map_pearson,0.9981036367186193,0.9980733092105922,0.9981333202546404,927,927,18540,18540,,5000,5000,1.0,3021694564,20260901
B3_spatial_feature,0.25,all_class_maps,single_label,micro,map_spearman,0.9967793978565848,0.9967072473338604,0.9968464402286205,927,927,18540,18540,,5000,5000,1.0,3021694564,20260901
B3_spatial_feature,0.25,all_class_maps,single_label,micro,smoothed_std_over_raw,0.9580342775570407,0.9577025216403935,0.9583641560864358,927,927,18540,18540,,5000,5000,1.0,3021694564,20260901
B3_spatial_feature,0.25,all_class_maps,single_label,macro_class,fidelity,0.013535429806596205,0.013393571135182865,0.01367676857904734,927,927,18540,18540,20,5000,5000,1.0,3021694564,20260901
B3_spatial_feature,0.25,all_class_maps,single_label,macro_class,relative_l2_change,0.013535429806596205,0.013393571135182865,0.01367676857904734,927,927,18540,18540,20,5000,5000,1.0,3021694564,20260901
B3_spatial_feature,0.25,all_class_maps,single_label,macro_class,map_pearson,0.9981036367186196,0.9980733092105922,0.9981333202546404,927,927,18540,18540,20,5000,5000,1.0,3021694564,20260901
B3_spatial_feature,0.25,all_class_maps,single_label,macro_class,map_spearman,0.9967793978565849,0.9967072473338603,0.9968464402286206,927,927,18540,18540,20,5000,5000,1.0,3021694564,20260901
B3_spatial_feature,0.25,all_class_maps,single_label,macro_class,smoothed_std_over_raw,0.9580342775570407,0.9577025216403935,0.9583641560864358,927,927,18540,18540,20,5000,5000,1.0,3021694564,20260901
B3_spatial_feature,0.25,all_class_maps,exactly_2_labels,micro,fidelity,0.01565972156537076,0.015481381382523104,0.015843545467592774,375,375,7500,7500,,5000,5000,1.0,3021694564,20260901
B3_spatial_feature,0.25,all_class_maps,exactly_2_labels,micro,relative_l2_change,0.01565972156537076,0.015481381382523104,0.015843545467592774,375,375,7500,7500,,5000,5000,1.0,3021694564,20260901
B3_spatial_feature,0.25,all_class_maps,exactly_2_labels,micro,map_pearson,0.998143678911527,0.9980979716696342,0.9981866289410989,375,375,7500,7500,,5000,5000,1.0,3021694564,20260901
B3_spatial_feature,0.25,all_class_maps,exactly_2_labels,micro,map_spearman,0.9973184849341711,0.9972474120889107,0.997384296280543,375,375,7500,7500,,5000,5000,1.0,3021694564,20260901
B3_spatial_feature,0.25,all_class_maps,exactly_2_labels,micro,smoothed_std_over_raw,0.960937732799848,0.9604378939612707,0.9614351837128401,375,375,7500,7500,,5000,5000,1.0,3021694564,20260901
B3_spatial_feature,0.25,all_class_maps,exactly_2_labels,macro_class,fidelity,0.015659721565370755,0.015481381382523108,0.015843545467592774,375,375,7500,7500,20,5000,5000,1.0,3021694564,20260901
B3_spatial_feature,0.25,all_class_maps,exactly_2_labels,macro_class,relative_l2_change,0.015659721565370755,0.015481381382523108,0.015843545467592774,375,375,7500,7500,20,5000,5000,1.0,3021694564,20260901
B3_spatial_feature,0.25,all_class_maps,exactly_2_labels,macro_class,map_pearson,0.9981436789115268,0.9980979716696341,0.9981866289410988,375,375,7500,7500,20,5000,5000,1.0,3021694564,20260901
B3_spatial_feature,0.25,all_class_maps,exactly_2_labels,macro_class,map_spearman,0.997318484934171,0.9972474120889108,0.9973842962805431,375,375,7500,7500,20,5000,5000,1.0,3021694564,20260901
B3_spatial_feature,0.25,all_class_maps,exactly_2_labels,macro_class,smoothed_std_over_raw,0.9609377327998481,0.9604378939612704,0.9614351837128401,375,375,7500,7500,20,5000,5000,1.0,3021694564,20260901
B3_spatial_feature,0.25,all_class_maps,3plus_labels,micro,fidelity,0.01714474526487392,0.016879588715204664,0.017409929198095715,147,147,2940,2940,,5000,5000,1.0,3021694564,20260901
B3_spatial_feature,0.25,all_class_maps,3plus_labels,micro,relative_l2_change,0.01714474526487392,0.016879588715204664,0.017409929198095715,147,147,2940,2940,,5000,5000,1.0,3021694564,20260901
B3_spatial_feature,0.25,all_class_maps,3plus_labels,micro,map_pearson,0.9982265201555628,0.9981766655605262,0.9982725324344878,147,147,2940,2940,,5000,5000,1.0,3021694564,20260901
B3_spatial_feature,0.25,all_class_maps,3plus_labels,micro,map_spearman,0.9974660541532802,0.9973881878110827,0.9975392304082104,147,147,2940,2940,,5000,5000,1.0,3021694564,20260901
B3_spatial_feature,0.25,all_class_maps,3plus_labels,micro,smoothed_std_over_raw,0.9622606511829662,0.9614698399512136,0.9630087063547705,147,147,2940,2940,,5000,5000,1.0,3021694564,20260901
B3_spatial_feature,0.25,all_class_maps,3plus_labels,macro_class,fidelity,0.017144745264873924,0.016879588715204664,0.017409929198095715,147,147,2940,2940,20,5000,5000,1.0,3021694564,20260901
B3_spatial_feature,0.25,all_class_maps,3plus_labels,macro_class,relative_l2_change,0.017144745264873924,0.016879588715204664,0.017409929198095715,147,147,2940,2940,20,5000,5000,1.0,3021694564,20260901
B3_spatial_feature,0.25,all_class_maps,3plus_labels,macro_class,map_pearson,0.9982265201555629,0.9981766655605261,0.9982725324344878,147,147,2940,2940,20,5000,5000,1.0,3021694564,20260901
B3_spatial_feature,0.25,all_class_maps,3plus_labels,macro_class,map_spearman,0.9974660541532805,0.997388187811083,0.9975392304082101,147,147,2940,2940,20,5000,5000,1.0,3021694564,20260901
B3_spatial_feature,0.25,all_class_maps,3plus_labels,macro_class,smoothed_std_over_raw,0.9622606511829662,0.9614698399512137,0.9630087063547705,147,147,2940,2940,20,5000,5000,1.0,3021694564,20260901
B3_spatial_feature,0.25,per_class,all,micro,fidelity,0.012622025201394074,0.01247416061249268,0.012781578070163377,1449,1449,1449,1449,,5000,5000,1.0,3021694564,20260901
B3_spatial_feature,0.25,per_class,all,micro,relative_l2_change,0.012622025201394074,0.01247416061249268,0.012781578070163377,1449,1449,1449,1449,,5000,5000,1.0,3021694564,20260901
B3_spatial_feature,0.25,per_class,all,micro,map_pearson,0.9981454443405051,0.998115098785951,0.9981740193697319,1449,1449,1449,1449,,5000,5000,1.0,3021694564,20260901
B3_spatial_feature,0.25,per_class,all,micro,map_spearman,0.9971550988937099,0.9970951402481463,0.9972144291884657,1449,1449,1449,1449,,5000,5000,1.0,3021694564,20260901
B3_spatial_feature,0.25,per_class,all,micro,smoothed_std_over_raw,0.9577914819049375,0.9572953145398281,0.9583019022420408,1449,1449,1449,1449,,5000,5000,1.0,3021694564,20260901
B3_spatial_feature,0.25,per_class,all,micro,fidelity,0.01341198802153722,0.013159990534565576,0.013683592462513706,1449,1449,1449,1449,,5000,5000,1.0,3021694564,20260901
B3_spatial_feature,0.25,per_class,all,micro,relative_l2_change,0.01341198802153722,0.013159990534565576,0.013683592462513706,1449,1449,1449,1449,,5000,5000,1.0,3021694564,20260901
B3_spatial_feature,0.25,per_class,all,micro,map_pearson,0.9981742592578595,0.9981440536333331,0.9982027314978686,1449,1449,1449,1449,,5000,5000,1.0,3021694564,20260901
B3_spatial_feature,0.25,per_class,all,micro,map_spearman,0.9971514285392313,0.997089332402822,0.9972124364301613,1449,1449,1449,1449,,5000,5000,1.0,3021694564,20260901
B3_spatial_feature,0.25,per_class,all,micro,smoothed_std_over_raw,0.9591746331495281,0.9586494583232884,0.9596903135481993,1449,1449,1449,1449,,5000,5000,1.0,3021694564,20260901
B3_spatial_feature,0.25,per_class,all,micro,fidelity,0.012959382575830564,0.012830386039774589,0.013101435797623236,1449,1449,1449,1449,,5000,5000,1.0,3021694564,20260901
B3_spatial_feature,0.25,per_class,all,micro,relative_l2_change,0.012959382575830564,0.012830386039774589,0.013101435797623236,1449,1449,1449,1449,,5000,5000,1.0,3021694564,20260901
B3_spatial_feature,0.25,per_class,all,micro,map_pearson,0.9979101424796405,0.9978794252382961,0.9979402141418022,1449,1449,1449,1449,,5000,5000,1.0,3021694564,20260901
B3_spatial_feature,0.25,per_class,all,micro,map_spearman,0.9967833347284358,0.9967082702101634,0.9968567342440205,1449,1449,1449,1449,,5000,5000,1.0,3021694564,20260901
B3_spatial_feature,0.25,per_class,all,micro,smoothed_std_over_raw,0.9570195119162113,0.956510622200882,0.9575273775309839,1449,1449,1449,1449,,5000,5000,1.0,3021694564,20260901
B3_spatial_feature,0.25,per_class,all,micro,fidelity,0.013010261395883157,0.012788662610185415,0.01324893662115023,1449,1449,1449,1449,,5000,5000,1.0,3021694564,20260901
B3_spatial_feature,0.25,per_class,all,micro,relative_l2_change,0.013010261395883157,0.012788662610185415,0.01324893662115023,1449,1449,1449,1449,,5000,5000,1.0,3021694564,20260901
B3_spatial_feature,0.25,per_class,all,micro,map_pearson,0.9982188290526244,0.9981915904333708,0.9982464383128102,1449,1449,1449,1449,,5000,5000,1.0,3021694564,20260901
B3_spatial_feature,0.25,per_class,all,micro,map_spearman,0.9973297458915895,0.9972767035618907,0.9973822531852745,1449,1449,1449,1449,,5000,5000,1.0,3021694564,20260901
B3_spatial_feature,0.25,per_class,all,micro,smoothed_std_over_raw,0.9590199186194758,0.9585185997398908,0.9595348899264925,1449,1449,1449,1449,,5000,5000,1.0,3021694564,20260901
B3_spatial_feature,0.25,per_class,all,micro,fidelity,0.015541164995041941,0.015210573006070394,0.015876911419043363,1449,1449,1449,1449,,5000,5000,1.0,3021694564,20260901
B3_spatial_feature,0.25,per_class,all,micro,relative_l2_change,0.015541164995041941,0.015210573006070394,0.015876911419043363,1449,1449,1449,1449,,5000,5000,1.0,3021694564,20260901
B3_spatial_feature,0.25,per_class,all,micro,map_pearson,0.9980005173127021,0.9979592618344157,0.9980416537925159,1449,1449,1449,1449,,5000,5000,1.0,3021694564,20260901
B3_spatial_feature,0.25,per_class,all,micro,map_spearman,0.996594704703021,0.9964830524443017,0.9966995529763611,1449,1449,1449,1449,,5000,5000,1.0,3021694564,20260901
B3_spatial_feature,0.25,per_class,all,micro,smoothed_std_over_raw,0.9596000565505176,0.9590102774036432,0.9602188866464659,1449,1449,1449,1449,,5000,5000,1.0,3021694564,20260901
B3_spatial_feature,0.25,per_class,all,micro,fidelity,0.013557427731169719,0.013364290079989537,0.013760589855739795,1449,1449,1449,1449,,5000,5000,1.0,3021694564,20260901
B3_spatial_feature,0.25,per_class,all,micro,relative_l2_change,0.013557427731169719,0.013364290079989537,0.013760589855739795,1449,1449,1449,1449,,5000,5000,1.0,3021694564,20260901
B3_spatial_feature,0.25,per_class,all,micro,map_pearson,0.9981409214215907,0.9981086818214693,0.998172282147317,1449,1449,1449,1449,,5000,5000,1.0,3021694564,20260901
B3_spatial_feature,0.25,per_class,all,micro,map_spearman,0.9968547230346027,0.9967708448065076,0.9969372482300627,1449,1449,1449,1449,,5000,5000,1.0,3021694564,20260901
B3_spatial_feature,0.25,per_class,all,micro,smoothed_std_over_raw,0.958657669807155,0.9581255273357434,0.9591907670573583,1449,1449,1449,1449,,5000,5000,1.0,3021694564,20260901
B3_spatial_feature,0.25,per_class,all,micro,fidelity,0.016186214151121855,0.01578953442428251,0.016593986087905473,1449,1449,1449,1449,,5000,5000,1.0,3021694564,20260901
B3_spatial_feature,0.25,per_class,all,micro,relative_l2_change,0.016186214151121855,0.01578953442428251,0.016593986087905473,1449,1449,1449,1449,,5000,5000,1.0,3021694564,20260901
B3_spatial_feature,0.25,per_class,all,micro,map_pearson,0.9981556528185548,0.9981211522320289,0.9981886887443403,1449,1449,1449,1449,,5000,5000,1.0,3021694564,20260901
B3_spatial_feature,0.25,per_class,all,micro,map_spearman,0.9971582772322076,0.9970888264338422,0.9972258106007751,1449,1449,1449,1449,,5000,5000,1.0,3021694564,20260901
B3_spatial_feature,0.25,per_class,all,micro,smoothed_std_over_raw,0.9609261069978986,0.9603122945239908,0.9615205411256141,1449,1449,1449,1449,,5000,5000,1.0,3021694564,20260901
B3_spatial_feature,0.25,per_class,all,micro,fidelity,0.013107001883015706,0.012920532089653583,0.013308717962482968,1449,1449,1449,1449,,5000,5000,1.0,3021694564,20260901
B3_spatial_feature,0.25,per_class,all,micro,relative_l2_change,0.013107001883015706,0.012920532089653583,0.013308717962482968,1449,1449,1449,1449,,5000,5000,1.0,3021694564,20260901
B3_spatial_feature,0.25,per_class,all,micro,map_pearson,0.9981585173791158,0.9981255278258673,0.9981907097716591,1449,1449,1449,1449,,5000,5000,1.0,3021694564,20260901
B3_spatial_feature,0.25,per_class,all,micro,map_spearman,0.9971384622871341,0.997070954809977,0.9972022701350469,1449,1449,1449,1449,,5000,5000,1.0,3021694564,20260901
B3_spatial_feature,0.25,per_class,all,micro,smoothed_std_over_raw,0.9597065308079216,0.9591520763794827,0.9602754922171064,1449,1449,1449,1449,,5000,5000,1.0,3021694564,20260901
B3_spatial_feature,0.25,per_class,all,micro,fidelity,0.017868245390081215,0.0174333180942662,0.018346648139758916,1449,1449,1449,1449,,5000,5000,1.0,3021694564,20260901
B3_spatial_feature,0.25,per_class,all,micro,relative_l2_change,0.017868245390081215,0.0174333180942662,0.018346648139758916,1449,1449,1449,1449,,5000,5000,1.0,3021694564,20260901
B3_spatial_feature,0.25,per_class,all,micro,map_pearson,0.9979913840629546,0.9979460938232697,0.9980348820374537,1449,1449,1449,1449,,5000,5000,1.0,3021694564,20260901
B3_spatial_feature,0.25,per_class,all,micro,map_spearman,0.9965738897244629,0.996470855089037,0.9966742120626633,1449,1449,1449,1449,,5000,5000,1.0,3021694564,20260901
B3_spatial_feature,0.25,per_class,all,micro,smoothed_std_over_raw,0.9592308274542899,0.9585866518714578,0.9598849413136188,1449,1449,1449,1449,,5000,5000,1.0,3021694564,20260901
B3_spatial_feature,0.25,per_class,all,micro,fidelity,0.012991791630897791,0.012762243805544448,0.013236026781475528,1449,1449,1449,1449,,5000,5000,1.0,3021694564,20260901
B3_spatial_feature,0.25,per_class,all,micro,relative_l2_change,0.012991791630897791,0.012762243805544448,0.013236026781475528,1449,1449,1449,1449,,5000,5000,1.0,3021694564,20260901
B3_spatial_feature,0.25,per_class,all,micro,map_pearson,0.9980138324720437,0.9979769175487851,0.9980503502798705,1449,1449,1449,1449,,5000,5000,1.0,3021694564,20260901
B3_spatial_feature,0.25,per_class,all,micro,map_spearman,0.9965224315002921,0.996431654444886,0.996611944452864,1449,1449,1449,1449,,5000,5000,1.0,3021694564,20260901
B3_spatial_feature,0.25,per_class,all,micro,smoothed_std_over_raw,0.9587240646920424,0.958235135960365,0.9592323580740073,1449,1449,1449,1449,,5000,5000,1.0,3021694564,20260901
B3_spatial_feature,0.25,per_class,all,micro,fidelity,0.014171764113168374,0.013895191515913506,0.014463645915836328,1449,1449,1449,1449,,5000,5000,1.0,3021694564,20260901
B3_spatial_feature,0.25,per_class,all,micro,relative_l2_change,0.014171764113168374,0.013895191515913506,0.014463645915836328,1449,1449,1449,1449,,5000,5000,1.0,3021694564,20260901
B3_spatial_feature,0.25,per_class,all,micro,map_pearson,0.9981219213612743,0.9980883114014188,0.9981528800487354,1449,1449,1449,1449,,5000,5000,1.0,3021694564,20260901
B3_spatial_feature,0.25,per_class,all,micro,map_spearman,0.9970100821915621,0.996929180422596,0.997087889336939,1449,1449,1449,1449,,5000,5000,1.0,3021694564,20260901
B3_spatial_feature,0.25,per_class,all,micro,smoothed_std_over_raw,0.9587170963784265,0.9581759879636798,0.9592464050253644,1449,1449,1449,1449,,5000,5000,1.0,3021694564,20260901
B3_spatial_feature,0.25,per_class,all,micro,fidelity,0.01469025169573133,0.01448604706430575,0.014914510471378681,1449,1449,1449,1449,,5000,5000,1.0,3021694564,20260901
B3_spatial_feature,0.25,per_class,all,micro,relative_l2_change,0.01469025169573133,0.01448604706430575,0.014914510471378681,1449,1449,1449,1449,,5000,5000,1.0,3021694564,20260901
B3_spatial_feature,0.25,per_class,all,micro,map_pearson,0.9979932459985247,0.9979520997398882,0.9980360278287701,1449,1449,1449,1449,,5000,5000,1.0,3021694564,20260901
B3_spatial_feature,0.25,per_class,all,micro,map_spearman,0.9967559622105769,0.9966620016069228,0.9968512366688441,1449,1449,1449,1449,,5000,5000,1.0,3021694564,20260901
B3_spatial_feature,0.25,per_class,all,micro,smoothed_std_over_raw,0.9583246981052796,0.9576694263928179,0.9590326133341605,1449,1449,1449,1449,,5000,5000,1.0,3021694564,20260901
B3_spatial_feature,0.25,per_class,all,micro,fidelity,0.013440383521080264,0.013226730772004874,0.013668067706700638,1449,1449,1449,1449,,5000,5000,1.0,3021694564,20260901
B3_spatial_feature,0.25,per_class,all,micro,relative_l2_change,0.013440383521080264,0.013226730772004874,0.013668067706700638,1449,1449,1449,1449,,5000,5000,1.0,3021694564,20260901
B3_spatial_feature,0.25,per_class,all,micro,map_pearson,0.9981349430633792,0.9981053243800638,0.9981643824586792,1449,1449,1449,1449,,5000,5000,1.0,3021694564,20260901
B3_spatial_feature,0.25,per_class,all,micro,map_spearman,0.9970342415706959,0.9969609416944147,0.9971038503090294,1449,1449,1449,1449,,5000,5000,1.0,3021694564,20260901
B3_spatial_feature,0.25,per_class,all,micro,smoothed_std_over_raw,0.9579928439596425,0.9574906101580156,0.9585051415509978,1449,1449,1449,1449,,5000,5000,1.0,3021694564,20260901
B3_spatial_feature,0.25,per_class,all,micro,fidelity,0.013625683134397283,0.013421737872918308,0.013832932678960762,1449,1449,1449,1449,,5000,5000,1.0,3021694564,20260901
B3_spatial_feature,0.25,per_class,all,micro,relative_l2_change,0.013625683134397283,0.013421737872918308,0.013832932678960762,1449,1449,1449,1449,,5000,5000,1.0,3021694564,20260901
B3_spatial_feature,0.25,per_class,all,micro,map_pearson,0.9981964050366025,0.9981659762638448,0.9982265991536068,1449,1449,1449,1449,,5000,5000,1.0,3021694564,20260901
B3_spatial_feature,0.25,per_class,all,micro,map_spearman,0.9970318040327831,0.9969599366434859,0.9971012829150554,1449,1449,1449,1449,,5000,5000,1.0,3021694564,20260901
B3_spatial_feature,0.25,per_class,all,micro,smoothed_std_over_raw,0.9581256357861684,0.9575553460181623,0.95870517431723,1449,1449,1449,1449,,5000,5000,1.0,3021694564,20260901
B3_spatial_feature,0.25,per_class,all,micro,fidelity,0.02084135843776398,0.020295194196489074,0.021393099800041466,1449,1449,1449,1449,,5000,5000,1.0,3021694564,20260901
B3_spatial_feature,0.25,per_class,all,micro,relative_l2_change,0.02084135843776398,0.020295194196489074,0.021393099800041466,1449,1449,1449,1449,,5000,5000,1.0,3021694564,20260901
B3_spatial_feature,0.25,per_class,all,micro,map_pearson,0.9984028300307717,0.9983594475078781,0.9984453248362692,1449,1449,1449,1449,,5000,5000,1.0,3021694564,20260901
B3_spatial_feature,0.25,per_class,all,micro,map_spearman,0.9975913686123776,0.9975258270632077,0.9976563357130424,1449,1449,1449,1449,,5000,5000,1.0,3021694564,20260901
B3_spatial_feature,0.25,per_class,all,micro,smoothed_std_over_raw,0.9643085215567226,0.9635218027123013,0.9651171176329904,1449,1449,1449,1449,,5000,5000,1.0,3021694564,20260901
B3_spatial_feature,0.25,per_class,all,micro,fidelity,0.017074540191252246,0.016746795724748312,0.017422249171339114,1449,1449,1449,1449,,5000,5000,1.0,3021694564,20260901
B3_spatial_feature,0.25,per_class,all,micro,relative_l2_change,0.017074540191252246,0.016746795724748312,0.017422249171339114,1449,1449,1449,1449,,5000,5000,1.0,3021694564,20260901
B3_spatial_feature,0.25,per_class,all,micro,map_pearson,0.9977661827829807,0.9977206601653945,0.9978089550596175,1449,1449,1449,1449,,5000,5000,1.0,3021694564,20260901
B3_spatial_feature,0.25,per_class,all,micro,map_spearman,0.9964513516245093,0.9963554951900281,0.9965443626961435,1449,1449,1449,1449,,5000,5000,1.0,3021694564,20260901
B3_spatial_feature,0.25,per_class,all,micro,smoothed_std_over_raw,0.9570925067917407,0.9564161261817437,0.957749250532225,1449,1449,1449,1449,,5000,5000,1.0,3021694564,20260901
B3_spatial_feature,0.25,per_class,all,micro,fidelity,0.012523493331678988,0.012368347790006104,0.012690943109788761,1449,1449,1449,1449,,5000,5000,1.0,3021694564,20260901
B3_spatial_feature,0.25,per_class,all,micro,relative_l2_change,0.012523493331678988,0.012368347790006104,0.012690943109788761,1449,1449,1449,1449,,5000,5000,1.0,3021694564,20260901
B3_spatial_feature,0.25,per_class,all,micro,map_pearson,0.9981861317297605,0.9981544638591194,0.9982158380923722,1449,1449,1449,1449,,5000,5000,1.0,3021694564,20260901
B3_spatial_feature,0.25,per_class,all,micro,map_spearman,0.9971458174756184,0.9970734793741675,0.997213151980014,1449,1449,1449,1449,,5000,5000,1.0,3021694564,20260901
B3_spatial_feature,0.25,per_class,all,micro,smoothed_std_over_raw,0.9593218943018021,0.9588344896164658,0.9598028772067744,1449,1449,1449,1449,,5000,5000,1.0,3021694564,20260901
B3_spatial_feature,0.25,per_class,all,micro,fidelity,0.01491890932266839,0.014551049300994573,0.015323943997350225,1449,1449,1449,1449,,5000,5000,1.0,3021694564,20260901
B3_spatial_feature,0.25,per_class,all,micro,relative_l2_change,0.01491890932266839,0.014551049300994573,0.015323943997350225,1449,1449,1449,1449,,5000,5000,1.0,3021694564,20260901
B3_spatial_feature,0.25,per_class,all,micro,map_pearson,0.9982853256232825,0.998254008054363,0.9983156543268756,1449,1449,1449,1449,,5000,5000,1.0,3021694564,20260901
B3_spatial_feature,0.25,per_class,all,micro,map_spearman,0.9971367298857436,0.9970570212946093,0.9972145993599323,1449,1449,1449,1449,,5000,5000,1.0,3021694564,20260901
B3_spatial_feature,0.25,per_class,all,micro,smoothed_std_over_raw,0.9600768768433623,0.9595099755726739,0.9606546517566946,1449,1449,1449,1449,,5000,5000,1.0,3021694564,20260901
B3_spatial_feature,0.25,per_class,all,micro,fidelity,0.01202079852023583,0.011835345775184651,0.012216073053367076,1449,1449,1449,1449,,5000,5000,1.0,3021694564,20260901
B3_spatial_feature,0.25,per_class,all,micro,relative_l2_change,0.01202079852023583,0.011835345775184651,0.012216073053367076,1449,1449,1449,1449,,5000,5000,1.0,3021694564,20260901
B3_spatial_feature,0.25,per_class,all,micro,map_pearson,0.9983967778351983,0.9983743542336118,0.9984173681579268,1449,1449,1449,1449,,5000,5000,1.0,3021694564,20260901
B3_spatial_feature,0.25,per_class,all,micro,map_spearman,0.9974530045536981,0.9973956970684359,0.9975093233227482,1449,1449,1449,1449,,5000,5000,1.0,3021694564,20260901
B3_spatial_feature,0.25,per_class,all,micro,smoothed_std_over_raw,0.9603368269319449,0.9598719163906418,0.9607907134779903,1449,1449,1449,1449,,5000,5000,1.0,3021694564,20260901
B3_spatial_feature,0.25,per_class,all,micro,fidelity,0.014464458602360399,0.014214653305415633,0.014737382602252535,1449,1449,1449,1449,,5000,5000,1.0,3021694564,20260901
B3_spatial_feature,0.25,per_class,all,micro,relative_l2_change,0.014464458602360399,0.014214653305415633,0.014737382602252535,1449,1449,1449,1449,,5000,5000,1.0,3021694564,20260901
B3_spatial_feature,0.25,per_class,all,micro,map_pearson,0.9981360567529256,0.9981051926173944,0.9981673146750369,1449,1449,1449,1449,,5000,5000,1.0,3021694564,20260901
B3_spatial_feature,0.25,per_class,all,micro,map_spearman,0.996899019898506,0.9968119301112707,0.9969816994541592,1449,1449,1449,1449,,5000,5000,1.0,3021694564,20260901
B3_spatial_feature,0.25,per_class,all,micro,smoothed_std_over_raw,0.9601413356673726,0.9596212372296922,0.9606637149236793,1449,1449,1449,1449,,5000,5000,1.0,3021694564,20260901
B3_spatial_feature,0.5,all_class_maps,all,micro,fidelity,0.02431895882633609,0.02411106669649789,0.02454222975050506,1449,1449,28980,28980,,5000,5000,1.0,3021694564,20260901
B3_spatial_feature,0.5,all_class_maps,all,micro,relative_l2_change,0.02431895882633609,0.02411106669649789,0.02454222975050506,1449,1449,28980,28980,,5000,5000,1.0,3021694564,20260901
B3_spatial_feature,0.5,all_class_maps,all,micro,map_pearson,0.9946308583576486,0.9945641351551887,0.9946945994526271,1449,1449,28980,28980,,5000,5000,1.0,3021694564,20260901
B3_spatial_feature,0.5,all_class_maps,all,micro,map_spearman,0.9918839469665162,0.9917589304397709,0.9920049364530604,1449,1449,28980,28980,,5000,5000,1.0,3021694564,20260901
B3_spatial_feature,0.5,all_class_maps,all,micro,smoothed_std_over_raw,0.931051117751498,0.9306158568980037,0.9314836668362487,1449,1449,28980,28980,,5000,5000,1.0,3021694564,20260901
B3_spatial_feature,0.5,all_class_maps,all,macro_class,fidelity,0.024318958826336095,0.02411106669649789,0.02454222975050506,1449,1449,28980,28980,20,5000,5000,1.0,3021694564,20260901
B3_spatial_feature,0.5,all_class_maps,all,macro_class,relative_l2_change,0.024318958826336095,0.02411106669649789,0.02454222975050506,1449,1449,28980,28980,20,5000,5000,1.0,3021694564,20260901
B3_spatial_feature,0.5,all_class_maps,all,macro_class,map_pearson,0.9946308583576489,0.9945641351551887,0.9946945994526271,1449,1449,28980,28980,20,5000,5000,1.0,3021694564,20260901
B3_spatial_feature,0.5,all_class_maps,all,macro_class,map_spearman,0.9918839469665162,0.991758930439771,0.9920049364530602,1449,1449,28980,28980,20,5000,5000,1.0,3021694564,20260901
B3_spatial_feature,0.5,all_class_maps,all,macro_class,smoothed_std_over_raw,0.9310511177514982,0.9306158568980037,0.9314836668362486,1449,1449,28980,28980,20,5000,5000,1.0,3021694564,20260901
B3_spatial_feature,0.5,all_class_maps,single_label,micro,fidelity,0.022719653951257322,0.022479903164441258,0.02295888164709473,927,927,18540,18540,,5000,5000,1.0,3021694564,20260901
B3_spatial_feature,0.5,all_class_maps,single_label,micro,relative_l2_change,0.022719653951257322,0.022479903164441258,0.02295888164709473,927,927,18540,18540,,5000,5000,1.0,3021694564,20260901
B3_spatial_feature,0.5,all_class_maps,single_label,micro,map_pearson,0.9945731179838941,0.9944863355129219,0.9946585387295311,927,927,18540,18540,,5000,5000,1.0,3021694564,20260901
B3_spatial_feature,0.5,all_class_maps,single_label,micro,map_spearman,0.9913796651003302,0.9912008853382084,0.9915484425413473,927,927,18540,18540,,5000,5000,1.0,3021694564,20260901
B3_spatial_feature,0.5,all_class_maps,single_label,micro,smoothed_std_over_raw,0.9291683254279236,0.92861755638744,0.9297119834005607,927,927,18540,18540,,5000,5000,1.0,3021694564,20260901
B3_spatial_feature,0.5,all_class_maps,single_label,macro_class,fidelity,0.022719653951257322,0.022479903164441258,0.02295888164709473,927,927,18540,18540,20,5000,5000,1.0,3021694564,20260901
B3_spatial_feature,0.5,all_class_maps,single_label,macro_class,relative_l2_change,0.022719653951257322,0.022479903164441258,0.02295888164709473,927,927,18540,18540,20,5000,5000,1.0,3021694564,20260901
B3_spatial_feature,0.5,all_class_maps,single_label,macro_class,map_pearson,0.9945731179838943,0.9944863355129219,0.9946585387295314,927,927,18540,18540,20,5000,5000,1.0,3021694564,20260901
B3_spatial_feature,0.5,all_class_maps,single_label,macro_class,map_spearman,0.9913796651003303,0.9912008853382085,0.9915484425413477,927,927,18540,18540,20,5000,5000,1.0,3021694564,20260901
B3_spatial_feature,0.5,all_class_maps,single_label,macro_class,smoothed_std_over_raw,0.9291683254279238,0.92861755638744,0.9297119834005607,927,927,18540,18540,20,5000,5000,1.0,3021694564,20260901
B3_spatial_feature,0.5,all_class_maps,exactly_2_labels,micro,fidelity,0.026423113338897627,0.026116650734907015,0.026736064757130418,375,375,7500,7500,,5000,5000,1.0,3021694564,20260901
B3_spatial_feature,0.5,all_class_maps,exactly_2_labels,micro,relative_l2_change,0.026423113338897627,0.026116650734907015,0.026736064757130418,375,375,7500,7500,,5000,5000,1.0,3021694564,20260901
B3_spatial_feature,0.5,all_class_maps,exactly_2_labels,micro,map_pearson,0.9946690922657648,0.994538232199351,0.994792259791096,375,375,7500,7500,,5000,5000,1.0,3021694564,20260901
B3_spatial_feature,0.5,all_class_maps,exactly_2_labels,micro,map_spearman,0.9926872626781463,0.9925116236895323,0.9928549042242766,375,375,7500,7500,,5000,5000,1.0,3021694564,20260901
B3_spatial_feature,0.5,all_class_maps,exactly_2_labels,micro,smoothed_std_over_raw,0.9338310840765636,0.9330146057236195,0.9346411571085453,375,375,7500,7500,,5000,5000,1.0,3021694564,20260901
B3_spatial_feature,0.5,all_class_maps,exactly_2_labels,macro_class,fidelity,0.02642311333889763,0.02611665073490702,0.02673606475713042,375,375,7500,7500,20,5000,5000,1.0,3021694564,20260901
B3_spatial_feature,0.5,all_class_maps,exactly_2_labels,macro_class,relative_l2_change,0.02642311333889763,0.02611665073490702,0.02673606475713042,375,375,7500,7500,20,5000,5000,1.0,3021694564,20260901
B3_spatial_feature,0.5,all_class_maps,exactly_2_labels,macro_class,map_pearson,0.994669092265765,0.994538232199351,0.9947922597910959,375,375,7500,7500,20,5000,5000,1.0,3021694564,20260901
B3_spatial_feature,0.5,all_class_maps,exactly_2_labels,macro_class,map_spearman,0.9926872626781462,0.9925116236895322,0.9928549042242766,375,375,7500,7500,20,5000,5000,1.0,3021694564,20260901
B3_spatial_feature,0.5,all_class_maps,exactly_2_labels,macro_class,smoothed_std_over_raw,0.9338310840765633,0.9330146057236195,0.9346411571085452,375,375,7500,7500,20,5000,5000,1.0,3021694564,20260901
B3_spatial_feature,0.5,all_class_maps,3plus_labels,micro,fidelity,0.02903663009835952,0.02858569451278316,0.0294910743269043,147,147,2940,2940,,5000,5000,1.0,3021694564,20260901
B3_spatial_feature,0.5,all_class_maps,3plus_labels,micro,relative_l2_change,0.02903663009835952,0.02858569451278316,0.0294910743269043,147,147,2940,2940,,5000,5000,1.0,3021694564,20260901
B3_spatial_feature,0.5,all_class_maps,3plus_labels,micro,map_pearson,0.994897440744906,0.9947541310633121,0.9950283776872417,147,147,2940,2940,,5000,5000,1.0,3021694564,20260901
B3_spatial_feature,0.5,all_class_maps,3plus_labels,micro,map_spearman,0.9930147353889179,0.9928141881981675,0.9932048378808767,147,147,2940,2940,,5000,5000,1.0,3021694564,20260901
B3_spatial_feature,0.5,all_class_maps,3plus_labels,micro,smoothed_std_over_raw,0.9358324858607078,0.9344941571861708,0.9370980602173375,147,147,2940,2940,,5000,5000,1.0,3021694564,20260901
B3_spatial_feature,0.5,all_class_maps,3plus_labels,macro_class,fidelity,0.02903663009835953,0.028585694512783165,0.029491074326904294,147,147,2940,2940,20,5000,5000,1.0,3021694564,20260901
B3_spatial_feature,0.5,all_class_maps,3plus_labels,macro_class,relative_l2_change,0.02903663009835953,0.028585694512783165,0.029491074326904294,147,147,2940,2940,20,5000,5000,1.0,3021694564,20260901
B3_spatial_feature,0.5,all_class_maps,3plus_labels,macro_class,map_pearson,0.994897440744906,0.9947541310633121,0.9950283776872418,147,147,2940,2940,20,5000,5000,1.0,3021694564,20260901
B3_spatial_feature,0.5,all_class_maps,3plus_labels,macro_class,map_spearman,0.993014735388918,0.9928141881981677,0.9932048378808768,147,147,2940,2940,20,5000,5000,1.0,3021694564,20260901
B3_spatial_feature,0.5,all_class_maps,3plus_labels,macro_class,smoothed_std_over_raw,0.9358324858607079,0.9344941571861706,0.9370980602173377,147,147,2940,2940,20,5000,5000,1.0,3021694564,20260901
B3_spatial_feature,0.5,per_class,all,micro,fidelity,0.021190653423334583,0.020929303981625364,0.021472809551456612,1449,1449,1449,1449,,5000,5000,1.0,3021694564,20260901
B3_spatial_feature,0.5,per_class,all,micro,relative_l2_change,0.021190653423334583,0.020929303981625364,0.021472809551456612,1449,1449,1449,1449,,5000,5000,1.0,3021694564,20260901
B3_spatial_feature,0.5,per_class,all,micro,map_pearson,0.9946858594136209,0.9945991162835441,0.9947671837204896,1449,1449,1449,1449,,5000,5000,1.0,3021694564,20260901
B3_spatial_feature,0.5,per_class,all,micro,map_spearman,0.9923265440617042,0.9921716619043863,0.9924776330662234,1449,1449,1449,1449,,5000,5000,1.0,3021694564,20260901
B3_spatial_feature,0.5,per_class,all,micro,smoothed_std_over_raw,0.9286793266352988,0.9278629775887279,0.9295203463909049,1449,1449,1449,1449,,5000,5000,1.0,3021694564,20260901
B3_spatial_feature,0.5,per_class,all,micro,fidelity,0.022520899029642733,0.02208226122968914,0.02298942416502398,1449,1449,1449,1449,,5000,5000,1.0,3021694564,20260901
B3_spatial_feature,0.5,per_class,all,micro,relative_l2_change,0.022520899029642733,0.02208226122968914,0.02298942416502398,1449,1449,1449,1449,,5000,5000,1.0,3021694564,20260901
B3_spatial_feature,0.5,per_class,all,micro,map_pearson,0.9947837389198314,0.9946978056005069,0.9948651110872966,1449,1449,1449,1449,,5000,5000,1.0,3021694564,20260901
B3_spatial_feature,0.5,per_class,all,micro,map_spearman,0.9923110573023578,0.9921502610664684,0.9924678303830947,1449,1449,1449,1449,,5000,5000,1.0,3021694564,20260901
B3_spatial_feature,0.5,per_class,all,micro,smoothed_std_over_raw,0.9310396917118049,0.9301792558603981,0.9318811026933359,1449,1449,1449,1449,,5000,5000,1.0,3021694564,20260901
B3_spatial_feature,0.5,per_class,all,micro,fidelity,0.02167455198948983,0.02145317723427297,0.021920673334903582,1449,1449,1449,1449,,5000,5000,1.0,3021694564,20260901
B3_spatial_feature,0.5,per_class,all,micro,relative_l2_change,0.02167455198948983,0.02145317723427297,0.021920673334903582,1449,1449,1449,1449,,5000,5000,1.0,3021694564,20260901
B3_spatial_feature,0.5,per_class,all,micro,map_pearson,0.9940134086964293,0.9939239981556613,0.9941002900000685,1449,1449,1449,1449,,5000,5000,1.0,3021694564,20260901
B3_spatial_feature,0.5,per_class,all,micro,map_spearman,0.9913281038187552,0.9911377018910181,0.9915122805041146,1449,1449,1449,1449,,5000,5000,1.0,3021694564,20260901
B3_spatial_feature,0.5,per_class,all,micro,smoothed_std_over_raw,0.927818543216621,0.9269733303884048,0.9286564996760412,1449,1449,1449,1449,,5000,5000,1.0,3021694564,20260901
B3_spatial_feature,0.5,per_class,all,micro,fidelity,0.02186874329935813,0.02148142970789589,0.022281783524617228,1449,1449,1449,1449,,5000,5000,1.0,3021694564,20260901
B3_spatial_feature,0.5,per_class,all,micro,relative_l2_change,0.02186874329935813,0.02148142970789589,0.022281783524617228,1449,1449,1449,1449,,5000,5000,1.0,3021694564,20260901
B3_spatial_feature,0.5,per_class,all,micro,map_pearson,0.9948974887283198,0.9948197948646759,0.9949765104509947,1449,1449,1449,1449,,5000,5000,1.0,3021694564,20260901
B3_spatial_feature,0.5,per_class,all,micro,map_spearman,0.9927238848309751,0.9925838224769791,0.9928621596986462,1449,1449,1449,1449,,5000,5000,1.0,3021694564,20260901
B3_spatial_feature,0.5,per_class,all,micro,smoothed_std_over_raw,0.9305587346756187,0.9297339743770674,0.9314060713779606,1449,1449,1449,1449,,5000,5000,1.0,3021694564,20260901
B3_spatial_feature,0.5,per_class,all,micro,fidelity,0.026143510813077333,0.025562844707536093,0.026729746897055096,1449,1449,1449,1449,,5000,5000,1.0,3021694564,20260901
B3_spatial_feature,0.5,per_class,all,micro,relative_l2_change,0.026143510813077333,0.025562844707536093,0.026729746897055096,1449,1449,1449,1449,,5000,5000,1.0,3021694564,20260901
B3_spatial_feature,0.5,per_class,all,micro,map_pearson,0.9942695127428607,0.9941498467476306,0.9943870109842101,1449,1449,1449,1449,,5000,5000,1.0,3021694564,20260901
B3_spatial_feature,0.5,per_class,all,micro,map_spearman,0.9909634864930863,0.9906933244669989,0.9912153728475975,1449,1449,1449,1449,,5000,5000,1.0,3021694564,20260901
B3_spatial_feature,0.5,per_class,all,micro,smoothed_std_over_raw,0.9318917007837895,0.9309413742729102,0.9328925172426192,1449,1449,1449,1449,,5000,5000,1.0,3021694564,20260901
B3_spatial_feature,0.5,per_class,all,micro,fidelity,0.02281063191176201,0.022470796602990884,0.02317024314995557,1449,1449,1449,1449,,5000,5000,1.0,3021694564,20260901
B3_spatial_feature,0.5,per_class,all,micro,relative_l2_change,0.02281063191176201,0.022470796602990884,0.02317024314995557,1449,1449,1449,1449,,5000,5000,1.0,3021694564,20260901
B3_spatial_feature,0.5,per_class,all,micro,map_pearson,0.9946605477191565,0.9945673036001483,0.9947507056379993,1449,1449,1449,1449,,5000,5000,1.0,3021694564,20260901
B3_spatial_feature,0.5,per_class,all,micro,map_spearman,0.9915948054805306,0.9913882974224143,0.9918026250598758,1449,1449,1449,1449,,5000,5000,1.0,3021694564,20260901
B3_spatial_feature,0.5,per_class,all,micro,smoothed_std_over_raw,0.9301007987714126,0.9292219739183629,0.9309713929531654,1449,1449,1449,1449,,5000,5000,1.0,3021694564,20260901
B3_spatial_feature,0.5,per_class,all,micro,fidelity,0.02725570038503474,0.026574057676675786,0.02795552280239807,1449,1449,1449,1449,,5000,5000,1.0,3021694564,20260901
B3_spatial_feature,0.5,per_class,all,micro,relative_l2_change,0.02725570038503474,0.026574057676675786,0.02795552280239807,1449,1449,1449,1449,,5000,5000,1.0,3021694564,20260901
B3_spatial_feature,0.5,per_class,all,micro,map_pearson,0.9947072524214877,0.9946077063175791,0.9948028370141572,1449,1449,1449,1449,,5000,5000,1.0,3021694564,20260901
B3_spatial_feature,0.5,per_class,all,micro,map_spearman,0.9922376876867912,0.9920536586483896,0.9924112098917539,1449,1449,1449,1449,,5000,5000,1.0,3021694564,20260901
B3_spatial_feature,0.5,per_class,all,micro,smoothed_std_over_raw,0.9338222377213056,0.9328121574347474,0.9348016713120512,1449,1449,1449,1449,,5000,5000,1.0,3021694564,20260901
B3_spatial_feature,0.5,per_class,all,micro,fidelity,0.022043097175508633,0.021718139307887737,0.02239857256822892,1449,1449,1449,1449,,5000,5000,1.0,3021694564,20260901
B3_spatial_feature,0.5,per_class,all,micro,relative_l2_change,0.022043097175508633,0.021718139307887737,0.02239857256822892,1449,1449,1449,1449,,5000,5000,1.0,3021694564,20260901
B3_spatial_feature,0.5,per_class,all,micro,map_pearson,0.9947297941659383,0.9946359810354464,0.994821342016558,1449,1449,1449,1449,,5000,5000,1.0,3021694564,20260901
B3_spatial_feature,0.5,per_class,all,micro,map_spearman,0.9922713147022545,0.9921007860202556,0.9924352061736165,1449,1449,1449,1449,,5000,5000,1.0,3021694564,20260901
B3_spatial_feature,0.5,per_class,all,micro,smoothed_std_over_raw,0.9319002223146463,0.9309880424668823,0.9328150884149977,1449,1449,1449,1449,,5000,5000,1.0,3021694564,20260901
B3_spatial_feature,0.5,per_class,all,micro,fidelity,0.03017645358481413,0.029418678853977046,0.031011430625440626,1449,1449,1449,1449,,5000,5000,1.0,3021694564,20260901
B3_spatial_feature,0.5,per_class,all,micro,relative_l2_change,0.03017645358481413,0.029418678853977046,0.031011430625440626,1449,1449,1449,1449,,5000,5000,1.0,3021694564,20260901
B3_spatial_feature,0.5,per_class,all,micro,map_pearson,0.9942287105046279,0.9940983999908752,0.9943545536595102,1449,1449,1449,1449,,5000,5000,1.0,3021694564,20260901
B3_spatial_feature,0.5,per_class,all,micro,map_spearman,0.9907903438029082,0.9905321631732276,0.9910473995430047,1449,1449,1449,1449,,5000,5000,1.0,3021694564,20260901
B3_spatial_feature,0.5,per_class,all,micro,smoothed_std_over_raw,0.9311723565545224,0.9301296986891452,0.9322226332159927,1449,1449,1449,1449,,5000,5000,1.0,3021694564,20260901
B3_spatial_feature,0.5,per_class,all,micro,fidelity,0.021812392854413918,0.021409548759804956,0.022242173097890804,1449,1449,1449,1449,,5000,5000,1.0,3021694564,20260901
B3_spatial_feature,0.5,per_class,all,micro,relative_l2_change,0.021812392854413918,0.021409548759804956,0.022242173097890804,1449,1449,1449,1449,,5000,5000,1.0,3021694564,20260901
B3_spatial_feature,0.5,per_class,all,micro,map_pearson,0.9943194855814395,0.9942145382724522,0.9944246436642152,1449,1449,1449,1449,,5000,5000,1.0,3021694564,20260901
B3_spatial_feature,0.5,per_class,all,micro,map_spearman,0.9909322323512834,0.9907205798066099,0.9911430710621996,1449,1449,1449,1449,,5000,5000,1.0,3021694564,20260901
B3_spatial_feature,0.5,per_class,all,micro,smoothed_std_over_raw,0.9304250179692908,0.9296339405660715,0.9312536548897675,1449,1449,1449,1449,,5000,5000,1.0,3021694564,20260901
B3_spatial_feature,0.5,per_class,all,micro,fidelity,0.023837509352310184,0.0233551950550338,0.02434479790001213,1449,1449,1449,1449,,5000,5000,1.0,3021694564,20260901
B3_spatial_feature,0.5,per_class,all,micro,relative_l2_change,0.023837509352310184,0.0233551950550338,0.02434479790001213,1449,1449,1449,1449,,5000,5000,1.0,3021694564,20260901
B3_spatial_feature,0.5,per_class,all,micro,map_pearson,0.9946166209881679,0.9945200882702964,0.9947053502754065,1449,1449,1449,1449,,5000,5000,1.0,3021694564,20260901
B3_spatial_feature,0.5,per_class,all,micro,map_spearman,0.9919264329722044,0.9917188142983563,0.9921260487496483,1449,1449,1449,1449,,5000,5000,1.0,3021694564,20260901
B3_spatial_feature,0.5,per_class,all,micro,smoothed_std_over_raw,0.9301980403145895,0.9293123594712108,0.9310587258936209,1449,1449,1449,1449,,5000,5000,1.0,3021694564,20260901
B3_spatial_feature,0.5,per_class,all,micro,fidelity,0.024687602988131257,0.024331335668671256,0.025078817713749257,1449,1449,1449,1449,,5000,5000,1.0,3021694564,20260901
B3_spatial_feature,0.5,per_class,all,micro,relative_l2_change,0.024687602988131257,0.024331335668671256,0.025078817713749257,1449,1449,1449,1449,,5000,5000,1.0,3021694564,20260901
B3_spatial_feature,0.5,per_class,all,micro,map_pearson,0.9942446932700522,0.9941261648802694,0.9943676346587756,1449,1449,1449,1449,,5000,5000,1.0,3021694564,20260901
B3_spatial_feature,0.5,per_class,all,micro,map_spearman,0.9913105813283769,0.9910749723832718,0.9915455603091531,1449,1449,1449,1449,,5000,5000,1.0,3021694564,20260901
B3_spatial_feature,0.5,per_class,all,micro,smoothed_std_over_raw,0.9297473158731059,0.9286830850629414,0.9308890359947976,1449,1449,1449,1449,,5000,5000,1.0,3021694564,20260901
B3_spatial_feature,0.5,per_class,all,micro,fidelity,0.022557922946179917,0.022186790835504403,0.022951422718879323,1449,1449,1449,1449,,5000,5000,1.0,3021694564,20260901
B3_spatial_feature,0.5,per_class,all,micro,relative_l2_change,0.022557922946179917,0.022186790835504403,0.022951422718879323,1449,1449,1449,1449,,5000,5000,1.0,3021694564,20260901
B3_spatial_feature,0.5,per_class,all,micro,map_pearson,0.9946721181777365,0.9945875347329058,0.9947560351755884,1449,1449,1449,1449,,5000,5000,1.0,3021694564,20260901
B3_spatial_feature,0.5,per_class,all,micro,map_spearman,0.9920063557256247,0.9918215131146731,0.9921873068823907,1449,1449,1449,1449,,5000,5000,1.0,3021694564,20260901
B3_spatial_feature,0.5,per_class,all,micro,smoothed_std_over_raw,0.929005671855579,0.9281817156901189,0.9298474167650366,1449,1449,1449,1449,,5000,5000,1.0,3021694564,20260901
B3_spatial_feature,0.5,per_class,all,micro,fidelity,0.022908535278212662,0.022553048746466246,0.023273934985416522,1449,1449,1449,1449,,5000,5000,1.0,3021694564,20260901
B3_spatial_feature,0.5,per_class,all,micro,relative_l2_change,0.022908535278212662,0.022553048746466246,0.023273934985416522,1449,1449,1449,1449,,5000,5000,1.0,3021694564,20260901
B3_spatial_feature,0.5,per_class,all,micro,map_pearson,0.9948347583567381,0.9947484497338266,0.9949207096078463,1449,1449,1449,1449,,5000,5000,1.0,3021694564,20260901
B3_spatial_feature,0.5,per_class,all,micro,map_spearman,0.991960454966135,0.9917691947726484,0.9921402093786631,1449,1449,1449,1449,,5000,5000,1.0,3021694564,20260901
B3_spatial_feature,0.5,per_class,all,micro,smoothed_std_over_raw,0.929187355985964,0.9282450198088538,0.9301423389791127,1449,1449,1449,1449,,5000,5000,1.0,3021694564,20260901
B3_spatial_feature,0.5,per_class,all,micro,fidelity,0.035464683444778454,0.03451854010820234,0.036409356830843446,1449,1449,1449,1449,,5000,5000,1.0,3021694564,20260901
B3_spatial_feature,0.5,per_class,all,micro,relative_l2_change,0.035464683444778454,0.03451854010820234,0.036409356830843446,1449,1449,1449,1449,,5000,5000,1.0,3021694564,20260901
B3_spatial_feature,0.5,per_class,all,micro,map_pearson,0.9953810517091929,0.9952565256534485,0.9955034187070002,1449,1449,1449,1449,,5000,5000,1.0,3021694564,20260901
B3_spatial_feature,0.5,per_class,all,micro,map_spearman,0.9933056600592398,0.9931287289323931,0.9934838791904242,1449,1449,1449,1449,,5000,5000,1.0,3021694564,20260901
B3_spatial_feature,0.5,per_class,all,micro,smoothed_std_over_raw,0.9389324522248789,0.9376356533657196,0.940258739190401,1449,1449,1449,1449,,5000,5000,1.0,3021694564,20260901
B3_spatial_feature,0.5,per_class,all,micro,fidelity,0.028651035919764933,0.028088046981631073,0.029255834473679427,1449,1449,1449,1449,,5000,5000,1.0,3021694564,20260901
B3_spatial_feature,0.5,per_class,all,micro,relative_l2_change,0.028651035919764933,0.028088046981631073,0.029255834473679427,1449,1449,1449,1449,,5000,5000,1.0,3021694564,20260901
B3_spatial_feature,0.5,per_class,all,micro,map_pearson,0.9935865874863066,0.9934547558951329,0.9937097456668722,1449,1449,1449,1449,,5000,5000,1.0,3021694564,20260901
B3_spatial_feature,0.5,per_class,all,micro,map_spearman,0.9903552045157402,0.9901082495971743,0.9905944832713132,1449,1449,1449,1449,,5000,5000,1.0,3021694564,20260901
B3_spatial_feature,0.5,per_class,all,micro,smoothed_std_over_raw,0.9280220186652769,0.9269356018812842,0.9290835861134644,1449,1449,1449,1449,,5000,5000,1.0,3021694564,20260901
B3_spatial_feature,0.5,per_class,all,micro,fidelity,0.021033571810661473,0.020764933274740712,0.021326043915785745,1449,1449,1449,1449,,5000,5000,1.0,3021694564,20260901
B3_spatial_feature,0.5,per_class,all,micro,relative_l2_change,0.021033571810661473,0.020764933274740712,0.021326043915785745,1449,1449,1449,1449,,5000,5000,1.0,3021694564,20260901
B3_spatial_feature,0.5,per_class,all,micro,map_pearson,0.9948091201736156,0.994718030849928,0.9948938312449893,1449,1449,1449,1449,,5000,5000,1.0,3021694564,20260901
B3_spatial_feature,0.5,per_class,all,micro,map_spearman,0.9923552563883173,0.9921742701546911,0.9925232251444054,1449,1449,1449,1449,,5000,5000,1.0,3021694564,20260901
B3_spatial_feature,0.5,per_class,all,micro,smoothed_std_over_raw,0.9311290437637155,0.9303428633376349,0.931916885518098,1449,1449,1449,1449,,5000,5000,1.0,3021694564,20260901
B3_spatial_feature,0.5,per_class,all,micro,fidelity,0.02522016706020977,0.024574674568891015,0.0259338913764194,1449,1449,1449,1449,,5000,5000,1.0,3021694564,20260901
B3_spatial_feature,0.5,per_class,all,micro,relative_l2_change,0.02522016706020977,0.024574674568891015,0.0259338913764194,1449,1449,1449,1449,,5000,5000,1.0,3021694564,20260901
B3_spatial_feature,0.5,per_class,all,micro,map_pearson,0.9950899421716246,0.9950006420886706,0.995175845574477,1449,1449,1449,1449,,5000,5000,1.0,3021694564,20260901
B3_spatial_feature,0.5,per_class,all,micro,map_spearman,0.9922189076988347,0.9920107376090077,0.9924238295000615,1449,1449,1449,1449,,5000,5000,1.0,3021694564,20260901
B3_spatial_feature,0.5,per_class,all,micro,smoothed_std_over_raw,0.9322429460603834,0.9313221444531998,0.9331868011090491,1449,1449,1449,1449,,5000,5000,1.0,3021694564,20260901
B3_spatial_feature,0.5,per_class,all,micro,fidelity,0.02022951686712402,0.019905344288866245,0.020569975444310443,1449,1449,1449,1449,,5000,5000,1.0,3021694564,20260901
B3_spatial_feature,0.5,per_class,all,micro,relative_l2_change,0.02022951686712402,0.019905344288866245,0.020569975444310443,1449,1449,1449,1449,,5000,5000,1.0,3021694564,20260901
B3_spatial_feature,0.5,per_class,all,micro,map_pearson,0.9954075301573801,0.9953437850054089,0.9954663691683585,1449,1449,1449,1449,,5000,5000,1.0,3021694564,20260901
B3_spatial_feature,0.5,per_class,all,micro,map_spearman,0.9930713864504839,0.9929195456335346,0.9932176428027528,1449,1449,1449,1449,,5000,5000,1.0,3021694564,20260901
B3_spatial_feature,0.5,per_class,all,micro,smoothed_std_over_raw,0.9325638018533063,0.9317830304109367,0.9333247595424895,1449,1449,1449,1449,,5000,5000,1.0,3021694564,20260901
B3_spatial_feature,0.5,per_class,all,micro,fidelity,0.024291996392913115,0.023857363263078246,0.02476115960271398,1449,1449,1449,1449,,5000,5000,1.0,3021694564,20260901
B3_spatial_feature,0.5,per_class,all,micro,relative_l2_change,0.024291996392913115,0.023857363263078246,0.02476115960271398,1449,1449,1449,1449,,5000,5000,1.0,3021694564,20260901
B3_spatial_feature,0.5,per_class,all,micro,map_pearson,0.9946789457684472,0.9945904269475128,0.994769312400214,1449,1449,1449,1449,,5000,5000,1.0,3021694564,20260901
B3_spatial_feature,0.5,per_class,all,micro,map_spearman,0.9916892386947195,0.9914744102775928,0.9918975987810361,1449,1449,1449,1449,,5000,5000,1.0,3021694564,20260901
B3_spatial_feature,0.5,per_class,all,micro,smoothed_std_over_raw,0.9325850780788498,0.9317250468469307,0.9334459896290032,1449,1449,1449,1449,,5000,5000,1.0,3021694564,20260901
B3_spatial_feature,1.0,all_class_maps,all,micro,fidelity,0.037505532392179186,0.03717414286606087,0.037861416068820195,1449,1449,28980,28980,,5000,5000,1.0,3021694564,20260901
B3_spatial_feature,1.0,all_class_maps,all,micro,relative_l2_change,0.037505532392179186,0.03717414286606087,0.037861416068820195,1449,1449,28980,28980,,5000,5000,1.0,3021694564,20260901
B3_spatial_feature,1.0,all_class_maps,all,micro,map_pearson,0.9871631431447958,0.9870053155018881,0.9873130986535134,1449,1449,28980,28980,,5000,5000,1.0,3021694564,20260901
B3_spatial_feature,1.0,all_class_maps,all,micro,map_spearman,0.9817625762965451,0.9815188477621809,0.9819998032318941,1449,1449,28980,28980,,5000,5000,1.0,3021694564,20260901
B3_spatial_feature,1.0,all_class_maps,all,micro,smoothed_std_over_raw,0.8924308361576869,0.891774894858256,0.8930836217831937,1449,1449,28980,28980,,5000,5000,1.0,3021694564,20260901
B3_spatial_feature,1.0,all_class_maps,all,macro_class,fidelity,0.037505532392179186,0.03717414286606087,0.037861416068820195,1449,1449,28980,28980,20,5000,5000,1.0,3021694564,20260901
B3_spatial_feature,1.0,all_class_maps,all,macro_class,relative_l2_change,0.037505532392179186,0.03717414286606087,0.037861416068820195,1449,1449,28980,28980,20,5000,5000,1.0,3021694564,20260901
B3_spatial_feature,1.0,all_class_maps,all,macro_class,map_pearson,0.9871631431447959,0.9870053155018882,0.9873130986535135,1449,1449,28980,28980,20,5000,5000,1.0,3021694564,20260901
B3_spatial_feature,1.0,all_class_maps,all,macro_class,map_spearman,0.9817625762965451,0.9815188477621811,0.9819998032318942,1449,1449,28980,28980,20,5000,5000,1.0,3021694564,20260901
B3_spatial_feature,1.0,all_class_maps,all,macro_class,smoothed_std_over_raw,0.8924308361576871,0.8917748948582562,0.8930836217831937,1449,1449,28980,28980,20,5000,5000,1.0,3021694564,20260901
B3_spatial_feature,1.0,all_class_maps,single_label,micro,fidelity,0.034882583146454704,0.0345055199485672,0.03526351025833386,927,927,18540,18540,,5000,5000,1.0,3021694564,20260901
B3_spatial_feature,1.0,all_class_maps,single_label,micro,relative_l2_change,0.034882583146454704,0.0345055199485672,0.03526351025833386,927,927,18540,18540,,5000,5000,1.0,3021694564,20260901
B3_spatial_feature,1.0,all_class_maps,single_label,micro,map_pearson,0.9870657574365311,0.9868602663354934,0.9872684697210468,927,927,18540,18540,,5000,5000,1.0,3021694564,20260901
B3_spatial_feature,1.0,all_class_maps,single_label,micro,map_spearman,0.9808392494724021,0.9804912104612736,0.9811776386218259,927,927,18540,18540,,5000,5000,1.0,3021694564,20260901
B3_spatial_feature,1.0,all_class_maps,single_label,micro,smoothed_std_over_raw,0.8897964543798594,0.8889608382692454,0.8906184675646575,927,927,18540,18540,,5000,5000,1.0,3021694564,20260901
B3_spatial_feature,1.0,all_class_maps,single_label,macro_class,fidelity,0.034882583146454704,0.03450551994856721,0.03526351025833385,927,927,18540,18540,20,5000,5000,1.0,3021694564,20260901
B3_spatial_feature,1.0,all_class_maps,single_label,macro_class,relative_l2_change,0.034882583146454704,0.03450551994856721,0.03526351025833385,927,927,18540,18540,20,5000,5000,1.0,3021694564,20260901
B3_spatial_feature,1.0,all_class_maps,single_label,macro_class,map_pearson,0.987065757436531,0.9868602663354933,0.9872684697210469,927,927,18540,18540,20,5000,5000,1.0,3021694564,20260901
B3_spatial_feature,1.0,all_class_maps,single_label,macro_class,map_spearman,0.980839249472402,0.9804912104612737,0.9811776386218259,927,927,18540,18540,20,5000,5000,1.0,3021694564,20260901
B3_spatial_feature,1.0,all_class_maps,single_label,macro_class,smoothed_std_over_raw,0.8897964543798595,0.8889608382692455,0.8906184675646573,927,927,18540,18540,20,5000,5000,1.0,3021694564,20260901
B3_spatial_feature,1.0,all_class_maps,exactly_2_labels,micro,fidelity,0.04094237317889929,0.04045391734849661,0.0414414026024503,375,375,7500,7500,,5000,5000,1.0,3021694564,20260901
B3_spatial_feature,1.0,all_class_maps,exactly_2_labels,micro,relative_l2_change,0.04094237317889929,0.04045391734849661,0.0414414026024503,375,375,7500,7500,,5000,5000,1.0,3021694564,20260901
B3_spatial_feature,1.0,all_class_maps,exactly_2_labels,micro,map_pearson,0.9871979359467824,0.9868908371806144,0.9874884226491054,375,375,7500,7500,,5000,5000,1.0,3021694564,20260901
B3_spatial_feature,1.0,all_class_maps,exactly_2_labels,micro,map_spearman,0.9832565497875214,0.9829030972329776,0.983597660518686,375,375,7500,7500,,5000,5000,1.0,3021694564,20260901
B3_spatial_feature,1.0,all_class_maps,exactly_2_labels,micro,smoothed_std_over_raw,0.8963865861018498,0.8951633508123955,0.8976005091621478,375,375,7500,7500,,5000,5000,1.0,3021694564,20260901
B3_spatial_feature,1.0,all_class_maps,exactly_2_labels,macro_class,fidelity,0.04094237317889928,0.040453917348496626,0.0414414026024503,375,375,7500,7500,20,5000,5000,1.0,3021694564,20260901
B3_spatial_feature,1.0,all_class_maps,exactly_2_labels,macro_class,relative_l2_change,0.04094237317889928,0.040453917348496626,0.0414414026024503,375,375,7500,7500,20,5000,5000,1.0,3021694564,20260901
B3_spatial_feature,1.0,all_class_maps,exactly_2_labels,macro_class,map_pearson,0.9871979359467826,0.9868908371806145,0.9874884226491055,375,375,7500,7500,20,5000,5000,1.0,3021694564,20260901
B3_spatial_feature,1.0,all_class_maps,exactly_2_labels,macro_class,map_spearman,0.9832565497875212,0.9829030972329776,0.9835976605186858,375,375,7500,7500,20,5000,5000,1.0,3021694564,20260901
B3_spatial_feature,1.0,all_class_maps,exactly_2_labels,macro_class,smoothed_std_over_raw,0.8963865861018497,0.8951633508123954,0.8976005091621476,375,375,7500,7500,20,5000,5000,1.0,3021694564,20260901
B3_spatial_feature,1.0,all_class_maps,3plus_labels,micro,fidelity,0.04527872052664558,0.04455742199048337,0.04600101578212502,147,147,2940,2940,,5000,5000,1.0,3021694564,20260901
B3_spatial_feature,1.0,all_class_maps,3plus_labels,micro,relative_l2_change,0.04527872052664558,0.04455742199048337,0.04600101578212502,147,147,2940,2940,,5000,5000,1.0,3021694564,20260901
B3_spatial_feature,1.0,all_class_maps,3plus_labels,micro,map_pearson,0.987688512197968,0.9873531638400085,0.9879989799395913,147,147,2940,2940,,5000,5000,1.0,3021694564,20260901
B3_spatial_feature,1.0,all_class_maps,3plus_labels,micro,map_spearman,0.9837740314452826,0.9833496299989166,0.9841807379426599,147,147,2940,2940,,5000,5000,1.0,3021694564,20260901
B3_spatial_feature,1.0,all_class_maps,3plus_labels,micro,smoothed_std_over_raw,0.8989523713888765,0.8968606214853776,0.9009153679185579,147,147,2940,2940,,5000,5000,1.0,3021694564,20260901
B3_spatial_feature,1.0,all_class_maps,3plus_labels,macro_class,fidelity,0.04527872052664558,0.04455742199048337,0.04600101578212502,147,147,2940,2940,20,5000,5000,1.0,3021694564,20260901
B3_spatial_feature,1.0,all_class_maps,3plus_labels,macro_class,relative_l2_change,0.04527872052664558,0.04455742199048337,0.04600101578212502,147,147,2940,2940,20,5000,5000,1.0,3021694564,20260901
B3_spatial_feature,1.0,all_class_maps,3plus_labels,macro_class,map_pearson,0.9876885121979682,0.9873531638400084,0.9879989799395913,147,147,2940,2940,20,5000,5000,1.0,3021694564,20260901
B3_spatial_feature,1.0,all_class_maps,3plus_labels,macro_class,map_spearman,0.9837740314452825,0.9833496299989168,0.9841807379426599,147,147,2940,2940,20,5000,5000,1.0,3021694564,20260901
B3_spatial_feature,1.0,all_class_maps,3plus_labels,macro_class,smoothed_std_over_raw,0.8989523713888763,0.8968606214853777,0.9009153679185579,147,147,2940,2940,20,5000,5000,1.0,3021694564,20260901
B3_spatial_feature,1.0,per_class,all,micro,fidelity,0.03252967737687095,0.03208805481640376,0.03300399520113715,1449,1449,1449,1449,,5000,5000,1.0,3021694564,20260901
B3_spatial_feature,1.0,per_class,all,micro,relative_l2_change,0.03252967737687095,0.03208805481640376,0.03300399520113715,1449,1449,1449,1449,,5000,5000,1.0,3021694564,20260901
B3_spatial_feature,1.0,per_class,all,micro,map_pearson,0.9873037239532787,0.9870984484669749,0.9874961052426723,1449,1449,1449,1449,,5000,5000,1.0,3021694564,20260901
B3_spatial_feature,1.0,per_class,all,micro,map_spearman,0.9826925528139966,0.982368616297008,0.98300928073126,1449,1449,1449,1449,,5000,5000,1.0,3021694564,20260901
B3_spatial_feature,1.0,per_class,all,micro,smoothed_std_over_raw,0.8889250753664658,0.8876982218679106,0.8901636360183595,1449,1449,1449,1449,,5000,5000,1.0,3021694564,20260901
B3_spatial_feature,1.0,per_class,all,micro,fidelity,0.03460630474726523,0.033894485309675045,0.03537724285535617,1449,1449,1449,1449,,5000,5000,1.0,3021694564,20260901
B3_spatial_feature,1.0,per_class,all,micro,relative_l2_change,0.03460630474726523,0.033894485309675045,0.03537724285535617,1449,1449,1449,1449,,5000,5000,1.0,3021694564,20260901
B3_spatial_feature,1.0,per_class,all,micro,map_pearson,0.9875835022324114,0.9873820967926003,0.9877742105193843,1449,1449,1449,1449,,5000,5000,1.0,3021694564,20260901
B3_spatial_feature,1.0,per_class,all,micro,map_spearman,0.9826385053870923,0.9822952723208997,0.9829680176563638,1449,1449,1449,1449,,5000,5000,1.0,3021694564,20260901
B3_spatial_feature,1.0,per_class,all,micro,smoothed_std_over_raw,0.892601732511698,0.8913215080444528,0.8938542861519723,1449,1449,1449,1449,,5000,5000,1.0,3021694564,20260901
B3_spatial_feature,1.0,per_class,all,micro,fidelity,0.03307916520174986,0.03272101680421655,0.03347487524842742,1449,1449,1449,1449,,5000,5000,1.0,3021694564,20260901
B3_spatial_feature,1.0,per_class,all,micro,relative_l2_change,0.03307916520174986,0.03272101680421655,0.03347487524842742,1449,1449,1449,1449,,5000,5000,1.0,3021694564,20260901
B3_spatial_feature,1.0,per_class,all,micro,map_pearson,0.9857142978984788,0.9854998492779117,0.9859203842866412,1449,1449,1449,1449,,5000,5000,1.0,3021694564,20260901
B3_spatial_feature,1.0,per_class,all,micro,map_spearman,0.9805351411416006,0.9801458888048957,0.9809128578508041,1449,1449,1449,1449,,5000,5000,1.0,3021694564,20260901
B3_spatial_feature,1.0,per_class,all,micro,smoothed_std_over_raw,0.8884947916982584,0.8872311550524828,0.889722621762769,1449,1449,1449,1449,,5000,5000,1.0,3021694564,20260901
B3_spatial_feature,1.0,per_class,all,micro,fidelity,0.0336597446915279,0.03302439955230918,0.0343290602607078,1449,1449,1449,1449,,5000,5000,1.0,3021694564,20260901
B3_spatial_feature,1.0,per_class,all,micro,relative_l2_change,0.0336597446915279,0.03302439955230918,0.0343290602607078,1449,1449,1449,1449,,5000,5000,1.0,3021694564,20260901
B3_spatial_feature,1.0,per_class,all,micro,map_pearson,0.9877913321932075,0.9876089801586357,0.9879769539898885,1449,1449,1449,1449,,5000,5000,1.0,3021694564,20260901
B3_spatial_feature,1.0,per_class,all,micro,map_spearman,0.9833569207053253,0.9830564283096765,0.9836581585888948,1449,1449,1449,1449,,5000,5000,1.0,3021694564,20260901
B3_spatial_feature,1.0,per_class,all,micro,smoothed_std_over_raw,0.8913798616457348,0.8901250641754449,0.892665690258711,1449,1449,1449,1449,,5000,5000,1.0,3021694564,20260901
B3_spatial_feature,1.0,per_class,all,micro,fidelity,0.04030836168535213,0.039356438811833726,0.04126700537348021,1449,1449,1449,1449,,5000,5000,1.0,3021694564,20260901
B3_spatial_feature,1.0,per_class,all,micro,relative_l2_change,0.04030836168535213,0.039356438811833726,0.04126700537348021,1449,1449,1449,1449,,5000,5000,1.0,3021694564,20260901
B3_spatial_feature,1.0,per_class,all,micro,map_pearson,0.9863118355318626,0.9860273454561983,0.9865877156487163,1449,1449,1449,1449,,5000,5000,1.0,3021694564,20260901
B3_spatial_feature,1.0,per_class,all,micro,map_spearman,0.9800600872688083,0.9795500588610387,0.9805435239075792,1449,1449,1449,1449,,5000,5000,1.0,3021694564,20260901
B3_spatial_feature,1.0,per_class,all,micro,smoothed_std_over_raw,0.8940576194811888,0.8926401522475905,0.8955230916940895,1449,1449,1449,1449,,5000,5000,1.0,3021694564,20260901
B3_spatial_feature,1.0,per_class,all,micro,fidelity,0.035140815867770535,0.03457177865982256,0.03574892276964871,1449,1449,1449,1449,,5000,5000,1.0,3021694564,20260901
B3_spatial_feature,1.0,per_class,all,micro,relative_l2_change,0.035140815867770535,0.03457177865982256,0.03574892276964871,1449,1449,1449,1449,,5000,5000,1.0,3021694564,20260901
B3_spatial_feature,1.0,per_class,all,micro,map_pearson,0.9871979984355187,0.9869763674017806,0.9874103841430323,1449,1449,1449,1449,,5000,5000,1.0,3021694564,20260901
B3_spatial_feature,1.0,per_class,all,micro,map_spearman,0.9813320983928842,0.9809225964671665,0.9817454496494978,1449,1449,1449,1449,,5000,5000,1.0,3021694564,20260901
B3_spatial_feature,1.0,per_class,all,micro,smoothed_std_over_raw,0.8909839762746259,0.8896797908995792,0.8922811462446851,1449,1449,1449,1449,,5000,5000,1.0,3021694564,20260901
B3_spatial_feature,1.0,per_class,all,micro,fidelity,0.04209617390879028,0.041015516545333024,0.043213994902725095,1449,1449,1449,1449,,5000,5000,1.0,3021694564,20260901
B3_spatial_feature,1.0,per_class,all,micro,relative_l2_change,0.04209617390879028,0.041015516545333024,0.043213994902725095,1449,1449,1449,1449,,5000,5000,1.0,3021694564,20260901
B3_spatial_feature,1.0,per_class,all,micro,map_pearson,0.9873004204409134,0.9870621458384973,0.9875274428330347,1449,1449,1449,1449,,5000,5000,1.0,3021694564,20260901
B3_spatial_feature,1.0,per_class,all,micro,map_spearman,0.9822884816149335,0.9818983444824476,0.9826578285671087,1449,1449,1449,1449,,5000,5000,1.0,3021694564,20260901
B3_spatial_feature,1.0,per_class,all,micro,smoothed_std_over_raw,0.8963877604368063,0.8948917028511533,0.8978503939435348,1449,1449,1449,1449,,5000,5000,1.0,3021694564,20260901
B3_spatial_feature,1.0,per_class,all,micro,fidelity,0.03395529099842283,0.03341188146012885,0.034548090441503386,1449,1449,1449,1449,,5000,5000,1.0,3021694564,20260901
B3_spatial_feature,1.0,per_class,all,micro,relative_l2_change,0.03395529099842283,0.03341188146012885,0.034548090441503386,1449,1449,1449,1449,,5000,5000,1.0,3021694564,20260901
B3_spatial_feature,1.0,per_class,all,micro,map_pearson,0.9874262419382073,0.9872059217058353,0.9876415420557566,1449,1449,1449,1449,,5000,5000,1.0,3021694564,20260901
B3_spatial_feature,1.0,per_class,all,micro,map_spearman,0.9825697449505781,0.9822153404139091,0.9829117927090968,1449,1449,1449,1449,,5000,5000,1.0,3021694564,20260901
B3_spatial_feature,1.0,per_class,all,micro,smoothed_std_over_raw,0.8938141933714957,0.8924665606766424,0.8951699566684812,1449,1449,1449,1449,,5000,5000,1.0,3021694564,20260901
B3_spatial_feature,1.0,per_class,all,micro,fidelity,0.04680482661280861,0.045569662883295434,0.048168227725596084,1449,1449,1449,1449,,5000,5000,1.0,3021694564,20260901
B3_spatial_feature,1.0,per_class,all,micro,relative_l2_change,0.04680482661280861,0.045569662883295434,0.048168227725596084,1449,1449,1449,1449,,5000,5000,1.0,3021694564,20260901
B3_spatial_feature,1.0,per_class,all,micro,map_pearson,0.98616776995366,0.9858617854795019,0.9864615804207909,1449,1449,1449,1449,,5000,5000,1.0,3021694564,20260901
B3_spatial_feature,1.0,per_class,all,micro,map_spearman,0.9796034553036186,0.979092936415233,0.9801085321305949,1449,1449,1449,1449,,5000,5000,1.0,3021694564,20260901
B3_spatial_feature,1.0,per_class,all,micro,smoothed_std_over_raw,0.8927202803912535,0.8912074231953354,0.8942400480001609,1449,1449,1449,1449,,5000,5000,1.0,3021694564,20260901
B3_spatial_feature,1.0,per_class,all,micro,fidelity,0.03350895355160562,0.032846370938229535,0.034218062767585426,1449,1449,1449,1449,,5000,5000,1.0,3021694564,20260901
B3_spatial_feature,1.0,per_class,all,micro,relative_l2_change,0.03350895355160562,0.032846370938229535,0.034218062767585426,1449,1449,1449,1449,,5000,5000,1.0,3021694564,20260901
B3_spatial_feature,1.0,per_class,all,micro,map_pearson,0.986480146461392,0.9862327872421348,0.986728329823871,1449,1449,1449,1449,,5000,5000,1.0,3021694564,20260901
B3_spatial_feature,1.0,per_class,all,micro,map_spearman,0.9803522375635314,0.9799390962672612,0.98075833535651,1449,1449,1449,1449,,5000,5000,1.0,3021694564,20260901
B3_spatial_feature,1.0,per_class,all,micro,smoothed_std_over_raw,0.8918942947729939,0.8907235219539898,0.8931107895756031,1449,1449,1449,1449,,5000,5000,1.0,3021694564,20260901
B3_spatial_feature,1.0,per_class,all,micro,fidelity,0.036721032945821006,0.035932584472156144,0.03755558548801115,1449,1449,1449,1449,,5000,5000,1.0,3021694564,20260901
B3_spatial_feature,1.0,per_class,all,micro,relative_l2_change,0.036721032945821006,0.035932584472156144,0.03755558548801115,1449,1449,1449,1449,,5000,5000,1.0,3021694564,20260901
B3_spatial_feature,1.0,per_class,all,micro,map_pearson,0.9871278194578209,0.9869003961679028,0.9873362040102195,1449,1449,1449,1449,,5000,5000,1.0,3021694564,20260901
B3_spatial_feature,1.0,per_class,all,micro,map_spearman,0.981837320607477,0.9814104751585434,0.9822492020337067,1449,1449,1449,1449,,5000,5000,1.0,3021694564,20260901
B3_spatial_feature,1.0,per_class,all,micro,smoothed_std_over_raw,0.8911233599881948,0.8898039058005094,0.8924089461842679,1449,1449,1449,1449,,5000,5000,1.0,3021694564,20260901
B3_spatial_feature,1.0,per_class,all,micro,fidelity,0.03800197681212853,0.03740958808015021,0.03865324214018567,1449,1449,1449,1449,,5000,5000,1.0,3021694564,20260901
B3_spatial_feature,1.0,per_class,all,micro,relative_l2_change,0.03800197681212853,0.03740958808015021,0.03865324214018567,1449,1449,1449,1449,,5000,5000,1.0,3021694564,20260901
B3_spatial_feature,1.0,per_class,all,micro,map_pearson,0.9862434255657235,0.985962573790073,0.9865341328336421,1449,1449,1449,1449,,5000,5000,1.0,3021694564,20260901
B3_spatial_feature,1.0,per_class,all,micro,map_spearman,0.9806553216701215,0.9801943594696523,0.9811268020531817,1449,1449,1449,1449,,5000,5000,1.0,3021694564,20260901
B3_spatial_feature,1.0,per_class,all,micro,smoothed_std_over_raw,0.8907866110630575,0.8892082275204448,0.8924797753719234,1449,1449,1449,1449,,5000,5000,1.0,3021694564,20260901
B3_spatial_feature,1.0,per_class,all,micro,fidelity,0.03464741003362165,0.034036389132736676,0.03528627880059666,1449,1449,1449,1449,,5000,5000,1.0,3021694564,20260901
B3_spatial_feature,1.0,per_class,all,micro,relative_l2_change,0.03464741003362165,0.034036389132736676,0.03528627880059666,1449,1449,1449,1449,,5000,5000,1.0,3021694564,20260901
B3_spatial_feature,1.0,per_class,all,micro,map_pearson,0.9873184487686394,0.9871208938732075,0.9875147456368798,1449,1449,1449,1449,,5000,5000,1.0,3021694564,20260901
B3_spatial_feature,1.0,per_class,all,micro,map_spearman,0.9820221879302921,0.9816412707139,0.9823915218961411,1449,1449,1449,1449,,5000,5000,1.0,3021694564,20260901
B3_spatial_feature,1.0,per_class,all,micro,smoothed_std_over_raw,0.8893325067208173,0.8881277750398555,0.8905802099313137,1449,1449,1449,1449,,5000,5000,1.0,3021694564,20260901
B3_spatial_feature,1.0,per_class,all,micro,fidelity,0.035269211187156584,0.03468075114658412,0.03588161205656292,1449,1449,1449,1449,,5000,5000,1.0,3021694564,20260901
B3_spatial_feature,1.0,per_class,all,micro,relative_l2_change,0.035269211187156584,0.03468075114658412,0.03588161205656292,1449,1449,1449,1449,,5000,5000,1.0,3021694564,20260901
B3_spatial_feature,1.0,per_class,all,micro,map_pearson,0.9876654663523614,0.9874609367941231,0.9878681664377594,1449,1449,1449,1449,,5000,5000,1.0,3021694564,20260901
B3_spatial_feature,1.0,per_class,all,micro,map_spearman,0.9818174261484087,0.9814096161965834,0.982195809666579,1449,1449,1449,1449,,5000,5000,1.0,3021694564,20260901
B3_spatial_feature,1.0,per_class,all,micro,smoothed_std_over_raw,0.8895846596662549,0.8881811990192465,0.8910132665698738,1449,1449,1449,1449,,5000,5000,1.0,3021694564,20260901
B3_spatial_feature,1.0,per_class,all,micro,fidelity,0.05574644977976282,0.054228953643251414,0.057265304589323995,1449,1449,1449,1449,,5000,5000,1.0,3021694564,20260901
B3_spatial_feature,1.0,per_class,all,micro,relative_l2_change,0.05574644977976282,0.054228953643251414,0.057265304589323995,1449,1449,1449,1449,,5000,5000,1.0,3021694564,20260901
B3_spatial_feature,1.0,per_class,all,micro,map_pearson,0.9887581339287215,0.9884601485500918,0.9890490390931104,1449,1449,1449,1449,,5000,5000,1.0,3021694564,20260901
B3_spatial_feature,1.0,per_class,all,micro,map_spearman,0.9842890919776848,0.9838974832953709,0.9846848878503011,1449,1449,1449,1449,,5000,5000,1.0,3021694564,20260901
B3_spatial_feature,1.0,per_class,all,micro,smoothed_std_over_raw,0.9029007931673749,0.9009824705923977,0.9048636076962889,1449,1449,1449,1449,,5000,5000,1.0,3021694564,20260901
B3_spatial_feature,1.0,per_class,all,micro,fidelity,0.04397919463357529,0.04306754402043729,0.044971007430794845,1449,1449,1449,1449,,5000,5000,1.0,3021694564,20260901
B3_spatial_feature,1.0,per_class,all,micro,relative_l2_change,0.04397919463357529,0.04306754402043729,0.044971007430794845,1449,1449,1449,1449,,5000,5000,1.0,3021694564,20260901
B3_spatial_feature,1.0,per_class,all,micro,map_pearson,0.9846628693731346,0.984345668422674,0.9849600846938958,1449,1449,1449,1449,,5000,5000,1.0,3021694564,20260901
B3_spatial_feature,1.0,per_class,all,micro,map_spearman,0.978410882239016,0.977901380322488,0.9788955716746606,1449,1449,1449,1449,,5000,5000,1.0,3021694564,20260901
B3_spatial_feature,1.0,per_class,all,micro,smoothed_std_over_raw,0.8888267616389783,0.8872364910863201,0.8903770046070825,1449,1449,1449,1449,,5000,5000,1.0,3021694564,20260901
B3_spatial_feature,1.0,per_class,all,micro,fidelity,0.032318387802733974,0.031875451890143694,0.03279742494240285,1449,1449,1449,1449,,5000,5000,1.0,3021694564,20260901
B3_spatial_feature,1.0,per_class,all,micro,relative_l2_change,0.032318387802733974,0.031875451890143694,0.03279742494240285,1449,1449,1449,1449,,5000,5000,1.0,3021694564,20260901
B3_spatial_feature,1.0,per_class,all,micro,map_pearson,0.987611618923927,0.9873991206709972,0.9878099735119246,1449,1449,1449,1449,,5000,5000,1.0,3021694564,20260901
B3_spatial_feature,1.0,per_class,all,micro,map_spearman,0.9827882371087006,0.9824158587656899,0.9831408036740341,1449,1449,1449,1449,,5000,5000,1.0,3021694564,20260901
B3_spatial_feature,1.0,per_class,all,micro,smoothed_std_over_raw,0.8923882782829474,0.8912370419053887,0.8935767903039585,1449,1449,1449,1449,,5000,5000,1.0,3021694564,20260901
B3_spatial_feature,1.0,per_class,all,micro,fidelity,0.03919181483235336,0.038123627970884685,0.04037988146286898,1449,1449,1449,1449,,5000,5000,1.0,3021694564,20260901
B3_spatial_feature,1.0,per_class,all,micro,relative_l2_change,0.03919181483235336,0.038123627970884685,0.04037988146286898,1449,1449,1449,1449,,5000,5000,1.0,3021694564,20260901
B3_spatial_feature,1.0,per_class,all,micro,map_pearson,0.9882574257067436,0.9880511346739107,0.9884563862948355,1449,1449,1449,1449,,5000,5000,1.0,3021694564,20260901
B3_spatial_feature,1.0,per_class,all,micro,map_spearman,0.9823641444667608,0.9819418961031837,0.9827948191942965,1449,1449,1449,1449,,5000,5000,1.0,3021694564,20260901
B3_spatial_feature,1.0,per_class,all,micro,smoothed_std_over_raw,0.8937141181190232,0.8923631967903417,0.8950998405656624,1449,1449,1449,1449,,5000,5000,1.0,3021694564,20260901
B3_spatial_feature,1.0,per_class,all,micro,fidelity,0.031183389176822184,0.030657835905629757,0.031738343621167724,1449,1449,1449,1449,,5000,5000,1.0,3021694564,20260901
B3_spatial_feature,1.0,per_class,all,micro,relative_l2_change,0.031183389176822184,0.030657835905629757,0.031738343621167724,1449,1449,1449,1449,,5000,5000,1.0,3021694564,20260901
B3_spatial_feature,1.0,per_class,all,micro,map_pearson,0.9890022120696252,0.9888537464674956,0.989140390737909,1449,1449,1449,1449,,5000,5000,1.0,3021694564,20260901
B3_spatial_feature,1.0,per_class,all,micro,map_spearman,0.9841919346790301,0.9838678559027432,0.9844992303792734,1449,1449,1449,1449,,5000,5000,1.0,3021694564,20260901
B3_spatial_feature,1.0,per_class,all,micro,smoothed_std_over_raw,0.8940640121513272,0.8928989645682425,0.8952227840461017,1449,1449,1449,1449,,5000,5000,1.0,3021694564,20260901
B3_spatial_feature,1.0,per_class,all,micro,fidelity,0.03736246599744442,0.03664783475543915,0.038124345094826796,1449,1449,1449,1449,,5000,5000,1.0,3021694564,20260901
B3_spatial_feature,1.0,per_class,all,micro,relative_l2_change,0.03736246599744442,0.03664783475543915,0.038124345094826796,1449,1449,1449,1449,,5000,5000,1.0,3021694564,20260901
B3_spatial_feature,1.0,per_class,all,micro,map_pearson,0.987338173710288,0.9871275627711791,0.9875498099366988,1449,1449,1449,1449,,5000,5000,1.0,3021694564,20260901
B3_spatial_feature,1.0,per_class,all,micro,map_spearman,0.9814457539610405,0.9810133560401888,0.9818614043948402,1449,1449,1449,1449,,5000,5000,1.0,3021694564,20260901
B3_spatial_feature,1.0,per_class,all,micro,smoothed_std_over_raw,0.8946360364052408,0.8933755092955278,0.8958995439960596,1449,1449,1449,1449,,5000,5000,1.0,3021694564,20260901
B3_spatial_feature,2.0,all_class_maps,all,micro,fidelity,0.05290978171703906,0.05241529841346697,0.05344056839828609,1449,1449,28980,28980,,5000,5000,1.0,3021694564,20260901
B3_spatial_feature,2.0,all_class_maps,all,micro,relative_l2_change,0.05290978171703906,0.05241529841346697,0.05344056839828609,1449,1449,28980,28980,,5000,5000,1.0,3021694564,20260901
B3_spatial_feature,2.0,all_class_maps,all,micro,map_pearson,0.9747140454024261,0.974410760383346,0.9750004874311228,1449,1449,28980,28980,,5000,5000,1.0,3021694564,20260901
B3_spatial_feature,2.0,all_class_maps,all,micro,map_spearman,0.965874769136032,0.9654849596226458,0.9662560999077752,1449,1449,28980,28980,,5000,5000,1.0,3021694564,20260901
B3_spatial_feature,2.0,all_class_maps,all,micro,smoothed_std_over_raw,0.8450801629477982,0.8441801567130907,0.8459626206408561,1449,1449,28980,28980,,5000,5000,1.0,3021694564,20260901
B3_spatial_feature,2.0,all_class_maps,all,macro_class,fidelity,0.05290978171703906,0.05241529841346697,0.053440568398286085,1449,1449,28980,28980,20,5000,5000,1.0,3021694564,20260901
B3_spatial_feature,2.0,all_class_maps,all,macro_class,relative_l2_change,0.05290978171703906,0.05241529841346697,0.053440568398286085,1449,1449,28980,28980,20,5000,5000,1.0,3021694564,20260901
B3_spatial_feature,2.0,all_class_maps,all,macro_class,map_pearson,0.9747140454024263,0.974410760383346,0.9750004874311227,1449,1449,28980,28980,20,5000,5000,1.0,3021694564,20260901
B3_spatial_feature,2.0,all_class_maps,all,macro_class,map_spearman,0.9658747691360319,0.9654849596226458,0.9662560999077751,1449,1449,28980,28980,20,5000,5000,1.0,3021694564,20260901
B3_spatial_feature,2.0,all_class_maps,all,macro_class,smoothed_std_over_raw,0.8450801629477983,0.8441801567130907,0.8459626206408563,1449,1449,28980,28980,20,5000,5000,1.0,3021694564,20260901
B3_spatial_feature,2.0,all_class_maps,single_label,micro,fidelity,0.0488716770019764,0.04832006466260759,0.049423432182073554,927,927,18540,18540,,5000,5000,1.0,3021694564,20260901
B3_spatial_feature,2.0,all_class_maps,single_label,micro,relative_l2_change,0.0488716770019764,0.04832006466260759,0.049423432182073554,927,927,18540,18540,,5000,5000,1.0,3021694564,20260901
B3_spatial_feature,2.0,all_class_maps,single_label,micro,map_pearson,0.9746711349860235,0.9742757527987517,0.9750633421469532,927,927,18540,18540,,5000,5000,1.0,3021694564,20260901
B3_spatial_feature,2.0,all_class_maps,single_label,micro,map_spearman,0.9646245797603776,0.9640631958216171,0.9651649838713316,927,927,18540,18540,,5000,5000,1.0,3021694564,20260901
B3_spatial_feature,2.0,all_class_maps,single_label,micro,smoothed_std_over_raw,0.8419444005466202,0.8407822568476715,0.8430759273268515,927,927,18540,18540,,5000,5000,1.0,3021694564,20260901
B3_spatial_feature,2.0,all_class_maps,single_label,macro_class,fidelity,0.0488716770019764,0.04832006466260759,0.04942343218207357,927,927,18540,18540,20,5000,5000,1.0,3021694564,20260901
B3_spatial_feature,2.0,all_class_maps,single_label,macro_class,relative_l2_change,0.0488716770019764,0.04832006466260759,0.04942343218207357,927,927,18540,18540,20,5000,5000,1.0,3021694564,20260901
B3_spatial_feature,2.0,all_class_maps,single_label,macro_class,map_pearson,0.9746711349860236,0.9742757527987517,0.975063342146953,927,927,18540,18540,20,5000,5000,1.0,3021694564,20260901
B3_spatial_feature,2.0,all_class_maps,single_label,macro_class,map_spearman,0.9646245797603775,0.9640631958216173,0.9651649838713315,927,927,18540,18540,20,5000,5000,1.0,3021694564,20260901
B3_spatial_feature,2.0,all_class_maps,single_label,macro_class,smoothed_std_over_raw,0.8419444005466202,0.8407822568476715,0.8430759273268517,927,927,18540,18540,20,5000,5000,1.0,3021694564,20260901
B3_spatial_feature,2.0,all_class_maps,exactly_2_labels,micro,fidelity,0.05817503620609641,0.05745415077312539,0.05892182844392955,375,375,7500,7500,,5000,5000,1.0,3021694564,20260901
B3_spatial_feature,2.0,all_class_maps,exactly_2_labels,micro,relative_l2_change,0.05817503620609641,0.05745415077312539,0.05892182844392955,375,375,7500,7500,,5000,5000,1.0,3021694564,20260901
B3_spatial_feature,2.0,all_class_maps,exactly_2_labels,micro,map_pearson,0.9745793197949727,0.97399618310829,0.9751337358071407,375,375,7500,7500,,5000,5000,1.0,3021694564,20260901
B3_spatial_feature,2.0,all_class_maps,exactly_2_labels,micro,map_spearman,0.9679607400099437,0.9673621536672115,0.968550522501866,375,375,7500,7500,,5000,5000,1.0,3021694564,20260901
B3_spatial_feature,2.0,all_class_maps,exactly_2_labels,micro,smoothed_std_over_raw,0.8499005800088246,0.8482423904784521,0.8515771204954385,375,375,7500,7500,,5000,5000,1.0,3021694564,20260901
B3_spatial_feature,2.0,all_class_maps,exactly_2_labels,macro_class,fidelity,0.05817503620609642,0.057454150773125406,0.05892182844392957,375,375,7500,7500,20,5000,5000,1.0,3021694564,20260901
B3_spatial_feature,2.0,all_class_maps,exactly_2_labels,macro_class,relative_l2_change,0.05817503620609642,0.057454150773125406,0.05892182844392957,375,375,7500,7500,20,5000,5000,1.0,3021694564,20260901
B3_spatial_feature,2.0,all_class_maps,exactly_2_labels,macro_class,map_pearson,0.9745793197949728,0.9739961831082901,0.9751337358071408,375,375,7500,7500,20,5000,5000,1.0,3021694564,20260901
B3_spatial_feature,2.0,all_class_maps,exactly_2_labels,macro_class,map_spearman,0.9679607400099435,0.9673621536672115,0.968550522501866,375,375,7500,7500,20,5000,5000,1.0,3021694564,20260901
B3_spatial_feature,2.0,all_class_maps,exactly_2_labels,macro_class,smoothed_std_over_raw,0.8499005800088246,0.8482423904784522,0.8515771204954385,375,375,7500,7500,20,5000,5000,1.0,3021694564,20260901
B3_spatial_feature,2.0,all_class_maps,3plus_labels,micro,fidelity,0.06494279285626751,0.06386041356336174,0.0660283630059994,147,147,2940,2940,,5000,5000,1.0,3021694564,20260901
B3_spatial_feature,2.0,all_class_maps,3plus_labels,micro,relative_l2_change,0.06494279285626751,0.06386041356336174,0.0660283630059994,147,147,2940,2940,,5000,5000,1.0,3021694564,20260901
B3_spatial_feature,2.0,all_class_maps,3plus_labels,micro,map_pearson,0.9753283315167135,0.974679844199496,0.9759287935936329,147,147,2940,2940,,5000,5000,1.0,3021694564,20260901
B3_spatial_feature,2.0,all_class_maps,3plus_labels,micro,map_spearman,0.968437262153139,0.967691644846278,0.9691710505061815,147,147,2940,2940,,5000,5000,1.0,3021694564,20260901
B3_spatial_feature,2.0,all_class_maps,3plus_labels,micro,smoothed_std_over_raw,0.8525576823219961,0.8495540964684519,0.8553201006200849,147,147,2940,2940,,5000,5000,1.0,3021694564,20260901
B3_spatial_feature,2.0,all_class_maps,3plus_labels,macro_class,fidelity,0.06494279285626754,0.06386041356336174,0.06602836300599939,147,147,2940,2940,20,5000,5000,1.0,3021694564,20260901
B3_spatial_feature,2.0,all_class_maps,3plus_labels,macro_class,relative_l2_change,0.06494279285626754,0.06386041356336174,0.06602836300599939,147,147,2940,2940,20,5000,5000,1.0,3021694564,20260901
B3_spatial_feature,2.0,all_class_maps,3plus_labels,macro_class,map_pearson,0.9753283315167135,0.974679844199496,0.975928793593633,147,147,2940,2940,20,5000,5000,1.0,3021694564,20260901
B3_spatial_feature,2.0,all_class_maps,3plus_labels,macro_class,map_spearman,0.968437262153139,0.9676916448462781,0.9691710505061816,147,147,2940,2940,20,5000,5000,1.0,3021694564,20260901
B3_spatial_feature,2.0,all_class_maps,3plus_labels,macro_class,smoothed_std_over_raw,0.852557682321996,0.8495540964684519,0.8553201006200849,147,147,2940,2940,20,5000,5000,1.0,3021694564,20260901
B3_spatial_feature,2.0,per_class,all,micro,fidelity,0.04552815715718714,0.044832022168935164,0.04628006775556242,1449,1449,1449,1449,,5000,5000,1.0,3021694564,20260901
B3_spatial_feature,2.0,per_class,all,micro,relative_l2_change,0.04552815715718714,0.044832022168935164,0.04628006775556242,1449,1449,1449,1449,,5000,5000,1.0,3021694564,20260901
B3_spatial_feature,2.0,per_class,all,micro,map_pearson,0.9750385363403068,0.974646453540888,0.9754062905187768,1449,1449,1449,1449,,5000,5000,1.0,3021694564,20260901
B3_spatial_feature,2.0,per_class,all,micro,map_spearman,0.9674874316667013,0.9669249049861568,0.9680458515532844,1449,1449,1449,1449,,5000,5000,1.0,3021694564,20260901
B3_spatial_feature,2.0,per_class,all,micro,smoothed_std_over_raw,0.8406809256601696,0.839025671833585,0.8423344584941617,1449,1449,1449,1449,,5000,5000,1.0,3021694564,20260901
B3_spatial_feature,2.0,per_class,all,micro,fidelity,0.0485516640481721,0.04745953665731965,0.049732676767368124,1449,1449,1449,1449,,5000,5000,1.0,3021694564,20260901
B3_spatial_feature,2.0,per_class,all,micro,relative_l2_change,0.0485516640481721,0.04745953665731965,0.049732676767368124,1449,1449,1449,1449,,5000,5000,1.0,3021694564,20260901
B3_spatial_feature,2.0,per_class,all,micro,map_pearson,0.9756822675322565,0.9753024439068396,0.9760479785856746,1449,1449,1449,1449,,5000,5000,1.0,3021694564,20260901
B3_spatial_feature,2.0,per_class,all,micro,map_spearman,0.9674186975566003,0.9668286464311404,0.9679883781108386,1449,1449,1449,1449,,5000,5000,1.0,3021694564,20260901
B3_spatial_feature,2.0,per_class,all,micro,smoothed_std_over_raw,0.8458478146787345,0.8441206374143303,0.8475402167577264,1449,1449,1449,1449,,5000,5000,1.0,3021694564,20260901
B3_spatial_feature,2.0,per_class,all,micro,fidelity,0.045938649790051723,0.045402815790102656,0.04653317649007419,1449,1449,1449,1449,,5000,5000,1.0,3021694564,20260901
B3_spatial_feature,2.0,per_class,all,micro,relative_l2_change,0.045938649790051723,0.045402815790102656,0.04653317649007419,1449,1449,1449,1449,,5000,5000,1.0,3021694564,20260901
B3_spatial_feature,2.0,per_class,all,micro,map_pearson,0.9719882767886602,0.9715745832691364,0.9723839121760789,1449,1449,1449,1449,,5000,5000,1.0,3021694564,20260901
B3_spatial_feature,2.0,per_class,all,micro,map_spearman,0.9636964528539248,0.9630333661796555,0.96433362345127,1449,1449,1449,1449,,5000,5000,1.0,3021694564,20260901
B3_spatial_feature,2.0,per_class,all,micro,smoothed_std_over_raw,0.8414648598930274,0.83978023775143,0.8431156668665494,1449,1449,1449,1449,,5000,5000,1.0,3021694564,20260901
B3_spatial_feature,2.0,per_class,all,micro,fidelity,0.04733772802740603,0.04636170955029688,0.04837729800691772,1449,1449,1449,1449,,5000,5000,1.0,3021694564,20260901
B3_spatial_feature,2.0,per_class,all,micro,relative_l2_change,0.04733772802740603,0.04636170955029688,0.04837729800691772,1449,1449,1449,1449,,5000,5000,1.0,3021694564,20260901
B3_spatial_feature,2.0,per_class,all,micro,map_pearson,0.9758784954427768,0.9755257924778286,0.9762284435470653,1449,1449,1449,1449,,5000,5000,1.0,3021694564,20260901
B3_spatial_feature,2.0,per_class,all,micro,map_spearman,0.9682961665736634,0.9677661682096657,0.9688213126074453,1449,1449,1449,1449,,5000,5000,1.0,3021694564,20260901
B3_spatial_feature,2.0,per_class,all,micro,smoothed_std_over_raw,0.8433225623404593,0.8415927107320562,0.8450607254124247,1449,1449,1449,1449,,5000,5000,1.0,3021694564,20260901
B3_spatial_feature,2.0,per_class,all,micro,fidelity,0.056878679624152564,0.05541827458466659,0.05834880397848533,1449,1449,1449,1449,,5000,5000,1.0,3021694564,20260901
B3_spatial_feature,2.0,per_class,all,micro,relative_l2_change,0.056878679624152564,0.05541827458466659,0.05834880397848533,1449,1449,1449,1449,,5000,5000,1.0,3021694564,20260901
B3_spatial_feature,2.0,per_class,all,micro,map_pearson,0.9730977427967669,0.972563002219975,0.9736159793801189,1449,1449,1449,1449,,5000,5000,1.0,3021694564,20260901
B3_spatial_feature,2.0,per_class,all,micro,map_spearman,0.9631823457217036,0.9623745975101957,0.9639783279423964,1449,1449,1449,1449,,5000,5000,1.0,3021694564,20260901
B3_spatial_feature,2.0,per_class,all,micro,smoothed_std_over_raw,0.8476766471290194,0.8458077496191483,0.849609335090803,1449,1449,1449,1449,,5000,5000,1.0,3021694564,20260901
B3_spatial_feature,2.0,per_class,all,micro,fidelity,0.04943381487330829,0.0485342717683232,0.05038755559590642,1449,1449,1449,1449,,5000,5000,1.0,3021694564,20260901
B3_spatial_feature,2.0,per_class,all,micro,relative_l2_change,0.04943381487330829,0.0485342717683232,0.05038755559590642,1449,1449,1449,1449,,5000,5000,1.0,3021694564,20260901
B3_spatial_feature,2.0,per_class,all,micro,map_pearson,0.9747179537661903,0.9742884222929686,0.9751299474066993,1449,1449,1449,1449,,5000,5000,1.0,3021694564,20260901
B3_spatial_feature,2.0,per_class,all,micro,map_spearman,0.9654291882195746,0.9647584651742744,0.9661208244244999,1449,1449,1449,1449,,5000,5000,1.0,3021694564,20260901
B3_spatial_feature,2.0,per_class,all,micro,smoothed_std_over_raw,0.8431596457341196,0.8413973855994914,0.8449153182833996,1449,1449,1449,1449,,5000,5000,1.0,3021694564,20260901
B3_spatial_feature,2.0,per_class,all,micro,fidelity,0.05955531958457188,0.057953198307005495,0.06123549843964143,1449,1449,1449,1449,,5000,5000,1.0,3021694564,20260901
B3_spatial_feature,2.0,per_class,all,micro,relative_l2_change,0.05955531958457188,0.057953198307005495,0.06123549843964143,1449,1449,1449,1449,,5000,5000,1.0,3021694564,20260901
B3_spatial_feature,2.0,per_class,all,micro,map_pearson,0.9748044467696327,0.9743367505092058,0.9752466376575212,1449,1449,1449,1449,,5000,5000,1.0,3021694564,20260901
B3_spatial_feature,2.0,per_class,all,micro,map_spearman,0.9663900824725176,0.9657204477518817,0.9670339399325264,1449,1449,1449,1449,,5000,5000,1.0,3021694564,20260901
B3_spatial_feature,2.0,per_class,all,micro,smoothed_std_over_raw,0.8498739068717114,0.8478627099568798,0.8518501648107342,1449,1449,1449,1449,,5000,5000,1.0,3021694564,20260901
B3_spatial_feature,2.0,per_class,all,micro,fidelity,0.04780854342352365,0.04695791395440867,0.048750815969159776,1449,1449,1449,1449,,5000,5000,1.0,3021694564,20260901
B3_spatial_feature,2.0,per_class,all,micro,relative_l2_change,0.04780854342352365,0.04695791395440867,0.048750815969159776,1449,1449,1449,1449,,5000,5000,1.0,3021694564,20260901
B3_spatial_feature,2.0,per_class,all,micro,map_pearson,0.9753072551812197,0.9748968759699473,0.9757187099642718,1449,1449,1449,1449,,5000,5000,1.0,3021694564,20260901
B3_spatial_feature,2.0,per_class,all,micro,map_spearman,0.9672588698200887,0.9666326939247245,0.9678563747171948,1449,1449,1449,1449,,5000,5000,1.0,3021694564,20260901
B3_spatial_feature,2.0,per_class,all,micro,smoothed_std_over_raw,0.8472388325023849,0.8454625556578382,0.849019582996375,1449,1449,1449,1449,,5000,5000,1.0,3021694564,20260901
B3_spatial_feature,2.0,per_class,all,micro,fidelity,0.06655601768518539,0.06467186682298394,0.06863293727699814,1449,1449,1449,1449,,5000,5000,1.0,3021694564,20260901
B3_spatial_feature,2.0,per_class,all,micro,relative_l2_change,0.06655601768518539,0.06467186682298394,0.06863293727699814,1449,1449,1449,1449,,5000,5000,1.0,3021694564,20260901
B3_spatial_feature,2.0,per_class,all,micro,map_pearson,0.9727185512510474,0.9721391540424341,0.9732735778429411,1449,1449,1449,1449,,5000,5000,1.0,3021694564,20260901
B3_spatial_feature,2.0,per_class,all,micro,map_spearman,0.9624772018774203,0.9616446357716603,0.9632955748688113,1449,1449,1449,1449,,5000,5000,1.0,3021694564,20260901
B3_spatial_feature,2.0,per_class,all,micro,smoothed_std_over_raw,0.8453435217042559,0.84333184625956,0.8472826424376811,1449,1449,1449,1449,,5000,5000,1.0,3021694564,20260901
B3_spatial_feature,2.0,per_class,all,micro,fidelity,0.04700722613900879,0.04596381001004125,0.04813078627356034,1449,1449,1449,1449,,5000,5000,1.0,3021694564,20260901
B3_spatial_feature,2.0,per_class,all,micro,relative_l2_change,0.04700722613900879,0.04596381001004125,0.04813078627356034,1449,1449,1449,1449,,5000,5000,1.0,3021694564,20260901
B3_spatial_feature,2.0,per_class,all,micro,map_pearson,0.9735793769565264,0.9731059507347947,0.9740501875113092,1449,1449,1449,1449,,5000,5000,1.0,3021694564,20260901
B3_spatial_feature,2.0,per_class,all,micro,map_spearman,0.9641557079582399,0.9634783639732601,0.9648212377339335,1449,1449,1449,1449,,5000,5000,1.0,3021694564,20260901
B3_spatial_feature,2.0,per_class,all,micro,smoothed_std_over_raw,0.8450862857454641,0.8435508597567627,0.8466883913536085,1449,1449,1449,1449,,5000,5000,1.0,3021694564,20260901
B3_spatial_feature,2.0,per_class,all,micro,fidelity,0.05168330560138178,0.050473810727222776,0.05296618941254795,1449,1449,1449,1449,,5000,5000,1.0,3021694564,20260901
B3_spatial_feature,2.0,per_class,all,micro,relative_l2_change,0.05168330560138178,0.050473810727222776,0.05296618941254795,1449,1449,1449,1449,,5000,5000,1.0,3021694564,20260901
B3_spatial_feature,2.0,per_class,all,micro,map_pearson,0.9746509544021759,0.9742132410365931,0.9750526483765218,1449,1449,1449,1449,,5000,5000,1.0,3021694564,20260901
B3_spatial_feature,2.0,per_class,all,micro,map_spearman,0.9660156498784604,0.9653016824221266,0.9667078541168844,1449,1449,1449,1449,,5000,5000,1.0,3021694564,20260901
B3_spatial_feature,2.0,per_class,all,micro,smoothed_std_over_raw,0.8433821366687245,0.8416234611230854,0.8451157154287857,1449,1449,1449,1449,,5000,5000,1.0,3021694564,20260901
B3_spatial_feature,2.0,per_class,all,micro,fidelity,0.053507437159514906,0.05256502721156588,0.054533221275886945,1449,1449,1449,1449,,5000,5000,1.0,3021694564,20260901
B3_spatial_feature,2.0,per_class,all,micro,relative_l2_change,0.053507437159514906,0.05256502721156588,0.054533221275886945,1449,1449,1449,1449,,5000,5000,1.0,3021694564,20260901
B3_spatial_feature,2.0,per_class,all,micro,map_pearson,0.972963787959805,0.9724324059278657,0.973521439876122,1449,1449,1449,1449,,5000,5000,1.0,3021694564,20260901
B3_spatial_feature,2.0,per_class,all,micro,map_spearman,0.9641460678839042,0.9633927700507632,0.9649346747311582,1449,1449,1449,1449,,5000,5000,1.0,3021694564,20260901
B3_spatial_feature,2.0,per_class,all,micro,smoothed_std_over_raw,0.8432124445486102,0.8411500343079811,0.8454219503617435,1449,1449,1449,1449,,5000,5000,1.0,3021694564,20260901
B3_spatial_feature,2.0,per_class,all,micro,fidelity,0.04859885363984182,0.04764331868477552,0.049583680056076655,1449,1449,1449,1449,,5000,5000,1.0,3021694564,20260901
B3_spatial_feature,2.0,per_class,all,micro,relative_l2_change,0.04859885363984182,0.04764331868477552,0.049583680056076655,1449,1449,1449,1449,,5000,5000,1.0,3021694564,20260901
B3_spatial_feature,2.0,per_class,all,micro,map_pearson,0.9751629457546153,0.9747932053747631,0.9755336813417856,1449,1449,1449,1449,,5000,5000,1.0,3021694564,20260901
B3_spatial_feature,2.0,per_class,all,micro,map_spearman,0.9664329344276892,0.9657930330604089,0.9670583516801531,1449,1449,1449,1449,,5000,5000,1.0,3021694564,20260901
B3_spatial_feature,2.0,per_class,all,micro,smoothed_std_over_raw,0.8409619476566486,0.8393612040598859,0.8426149238895926,1449,1449,1449,1449,,5000,5000,1.0,3021694564,20260901
B3_spatial_feature,2.0,per_class,all,micro,fidelity,0.0496115052032627,0.04868479428737019,0.05058034141184832,1449,1449,1449,1449,,5000,5000,1.0,3021694564,20260901
B3_spatial_feature,2.0,per_class,all,micro,relative_l2_change,0.0496115052032627,0.04868479428737019,0.05058034141184832,1449,1449,1449,1449,,5000,5000,1.0,3021694564,20260901
B3_spatial_feature,2.0,per_class,all,micro,map_pearson,0.9757598330433243,0.9753748439175248,0.9761474322170286,1449,1449,1449,1449,,5000,5000,1.0,3021694564,20260901
B3_spatial_feature,2.0,per_class,all,micro,map_spearman,0.9658965544095115,0.9651963670719402,0.9665453398439537,1449,1449,1449,1449,,5000,5000,1.0,3021694564,20260901
B3_spatial_feature,2.0,per_class,all,micro,smoothed_std_over_raw,0.8413722260069074,0.8394997563483058,0.8432981597988501,1449,1449,1449,1449,,5000,5000,1.0,3021694564,20260901
B3_spatial_feature,2.0,per_class,all,micro,fidelity,0.08089621989551374,0.07861889523060014,0.08318542884861994,1449,1449,1449,1449,,5000,5000,1.0,3021694564,20260901
B3_spatial_feature,2.0,per_class,all,micro,relative_l2_change,0.08089621989551374,0.07861889523060014,0.08318542884861994,1449,1449,1449,1449,,5000,5000,1.0,3021694564,20260901
B3_spatial_feature,2.0,per_class,all,micro,map_pearson,0.977190191043172,0.9766096847757871,0.9777551472176759,1449,1449,1449,1449,,5000,5000,1.0,3021694564,20260901
B3_spatial_feature,2.0,per_class,all,micro,map_spearman,0.9691772809351124,0.9684725462567649,0.9698884854251306,1449,1449,1449,1449,,5000,5000,1.0,3021694564,20260901
B3_spatial_feature,2.0,per_class,all,micro,smoothed_std_over_raw,0.8563903626118798,0.8538290368947101,0.859047805783747,1449,1449,1449,1449,,5000,5000,1.0,3021694564,20260901
B3_spatial_feature,2.0,per_class,all,micro,fidelity,0.061627123003544025,0.060249596026329504,0.06313719201268689,1449,1449,1449,1449,,5000,5000,1.0,3021694564,20260901
B3_spatial_feature,2.0,per_class,all,micro,relative_l2_change,0.061627123003544025,0.060249596026329504,0.06313719201268689,1449,1449,1449,1449,,5000,5000,1.0,3021694564,20260901
B3_spatial_feature,2.0,per_class,all,micro,map_pearson,0.9698971500061067,0.9692868080722866,0.9704722485310295,1449,1449,1449,1449,,5000,5000,1.0,3021694564,20260901
B3_spatial_feature,2.0,per_class,all,micro,map_spearman,0.9602061693548252,0.9593635375249624,0.961005340803484,1449,1449,1449,1449,,5000,5000,1.0,3021694564,20260901
B3_spatial_feature,2.0,per_class,all,micro,smoothed_std_over_raw,0.8414636434481998,0.839359358362365,0.8435051880483795,1449,1449,1449,1449,,5000,5000,1.0,3021694564,20260901
B3_spatial_feature,2.0,per_class,all,micro,fidelity,0.04530977790826884,0.044627240399127535,0.04605207547016462,1449,1449,1449,1449,,5000,5000,1.0,3021694564,20260901
B3_spatial_feature,2.0,per_class,all,micro,relative_l2_change,0.04530977790826884,0.044627240399127535,0.04605207547016462,1449,1449,1449,1449,,5000,5000,1.0,3021694564,20260901
B3_spatial_feature,2.0,per_class,all,micro,map_pearson,0.9756418271176646,0.9752431127420781,0.976015190761652,1449,1449,1449,1449,,5000,5000,1.0,3021694564,20260901
B3_spatial_feature,2.0,per_class,all,micro,map_spearman,0.9675622689386661,0.966928583484341,0.9681689000308636,1449,1449,1449,1449,,5000,5000,1.0,3021694564,20260901
B3_spatial_feature,2.0,per_class,all,micro,smoothed_std_over_raw,0.8449616001917627,0.8434028239281857,0.846581137455933,1449,1449,1449,1449,,5000,5000,1.0,3021694564,20260901
B3_spatial_feature,2.0,per_class,all,micro,fidelity,0.05589773613905561,0.054212925286630645,0.057753914626047856,1449,1449,1449,1449,,5000,5000,1.0,3021694564,20260901
B3_spatial_feature,2.0,per_class,all,micro,relative_l2_change,0.05589773613905561,0.054212925286630645,0.057753914626047856,1449,1449,1449,1449,,5000,5000,1.0,3021694564,20260901
B3_spatial_feature,2.0,per_class,all,micro,map_pearson,0.9768082430808604,0.9764319322350273,0.977180626339506,1449,1449,1449,1449,,5000,5000,1.0,3021694564,20260901
B3_spatial_feature,2.0,per_class,all,micro,map_spearman,0.9668279356426663,0.9661146183520699,0.9675334099132575,1449,1449,1449,1449,,5000,5000,1.0,3021694564,20260901
B3_spatial_feature,2.0,per_class,all,micro,smoothed_std_over_raw,0.8459798548038948,0.8442054260591543,0.847821366801354,1449,1449,1449,1449,,5000,5000,1.0,3021694564,20260901
B3_spatial_feature,2.0,per_class,all,micro,fidelity,0.043914111225696745,0.043102919412783255,0.044767556055156504,1449,1449,1449,1449,,5000,5000,1.0,3021694564,20260901
B3_spatial_feature,2.0,per_class,all,micro,relative_l2_change,0.043914111225696745,0.043102919412783255,0.044767556055156504,1449,1449,1449,1449,,5000,5000,1.0,3021694564,20260901
B3_spatial_feature,2.0,per_class,all,micro,map_pearson,0.9782240225826155,0.97793648459732,0.978490868913173,1449,1449,1449,1449,,5000,5000,1.0,3021694564,20260901
B3_spatial_feature,2.0,per_class,all,micro,map_spearman,0.9699226368534886,0.9693665156401874,0.9704672872310594,1449,1449,1449,1449,,5000,5000,1.0,3021694564,20260901
B3_spatial_feature,2.0,per_class,all,micro,smoothed_std_over_raw,0.8465348948191741,0.8449453899393911,0.8481321057136344,1449,1449,1449,1449,,5000,5000,1.0,3021694564,20260901
B3_spatial_feature,2.0,per_class,all,micro,fidelity,0.05255376421213356,0.05144829935782439,0.05372000708147688,1449,1449,1449,1449,,5000,5000,1.0,3021694564,20260901
B3_spatial_feature,2.0,per_class,all,micro,relative_l2_change,0.05255376421213356,0.05144829935782439,0.05372000708147688,1449,1449,1449,1449,,5000,5000,1.0,3021694564,20260901
B3_spatial_feature,2.0,per_class,all,micro,map_pearson,0.9751690502327998,0.9747694763502143,0.9755777547252927,1449,1449,1449,1449,,5000,5000,1.0,3021694564,20260901
B3_spatial_feature,2.0,per_class,all,micro,map_spearman,0.9655157396758812,0.9648198774049741,0.9662093081346375,1449,1449,1449,1449,,5000,5000,1.0,3021694564,20260901
B3_spatial_feature,2.0,per_class,all,micro,smoothed_std_over_raw,0.8476491459408162,0.8459442510131394,0.8493362443067848,1449,1449,1449,1449,,5000,5000,1.0,3021694564,20260901
B3_spatial_feature,4.0,all_class_maps,all,micro,fidelity,0.06925918023244029,0.0685598038471181,0.07000645541347206,1449,1449,28980,28980,,5000,5000,1.0,3021694564,20260901
B3_spatial_feature,4.0,all_class_maps,all,micro,relative_l2_change,0.06925918023244029,0.0685598038471181,0.07000645541347206,1449,1449,28980,28980,,5000,5000,1.0,3021694564,20260901
B3_spatial_feature,4.0,all_class_maps,all,micro,map_pearson,0.9578579729676164,0.9573696113011707,0.958317744956346,1449,1449,28980,28980,,5000,5000,1.0,3021694564,20260901
B3_spatial_feature,4.0,all_class_maps,all,micro,map_spearman,0.9451069526091537,0.9445688545059611,0.9456429273556478,1449,1449,28980,28980,,5000,5000,1.0,3021694564,20260901
B3_spatial_feature,4.0,all_class_maps,all,micro,smoothed_std_over_raw,0.7915184429672523,0.7903542655163424,0.7926511851474489,1449,1449,28980,28980,,5000,5000,1.0,3021694564,20260901
B3_spatial_feature,4.0,all_class_maps,all,macro_class,fidelity,0.06925918023244029,0.06855980384711809,0.07000645541347204,1449,1449,28980,28980,20,5000,5000,1.0,3021694564,20260901
B3_spatial_feature,4.0,all_class_maps,all,macro_class,relative_l2_change,0.06925918023244029,0.06855980384711809,0.07000645541347204,1449,1449,28980,28980,20,5000,5000,1.0,3021694564,20260901
B3_spatial_feature,4.0,all_class_maps,all,macro_class,map_pearson,0.9578579729676164,0.9573696113011706,0.958317744956346,1449,1449,28980,28980,20,5000,5000,1.0,3021694564,20260901
B3_spatial_feature,4.0,all_class_maps,all,macro_class,map_spearman,0.9451069526091537,0.9445688545059612,0.9456429273556478,1449,1449,28980,28980,20,5000,5000,1.0,3021694564,20260901
B3_spatial_feature,4.0,all_class_maps,all,macro_class,smoothed_std_over_raw,0.7915184429672522,0.7903542655163425,0.7926511851474489,1449,1449,28980,28980,20,5000,5000,1.0,3021694564,20260901
B3_spatial_feature,4.0,all_class_maps,single_label,micro,fidelity,0.06340091248960139,0.06263868265675265,0.0641575888489768,927,927,18540,18540,,5000,5000,1.0,3021694564,20260901
B3_spatial_feature,4.0,all_class_maps,single_label,micro,relative_l2_change,0.06340091248960139,0.06263868265675265,0.0641575888489768,927,927,18540,18540,,5000,5000,1.0,3021694564,20260901
B3_spatial_feature,4.0,all_class_maps,single_label,micro,map_pearson,0.9581623085783523,0.9575301484010527,0.9588006333142776,927,927,18540,18540,,5000,5000,1.0,3021694564,20260901
B3_spatial_feature,4.0,all_class_maps,single_label,micro,map_spearman,0.9439158878473016,0.9431368507866014,0.9446848130627197,927,927,18540,18540,,5000,5000,1.0,3021694564,20260901
B3_spatial_feature,4.0,all_class_maps,single_label,micro,smoothed_std_over_raw,0.7884419566862277,0.786961531293495,0.7898946302965235,927,927,18540,18540,,5000,5000,1.0,3021694564,20260901
B3_spatial_feature,4.0,all_class_maps,single_label,macro_class,fidelity,0.06340091248960138,0.06263868265675265,0.0641575888489768,927,927,18540,18540,20,5000,5000,1.0,3021694564,20260901
B3_spatial_feature,4.0,all_class_maps,single_label,macro_class,relative_l2_change,0.06340091248960138,0.06263868265675265,0.0641575888489768,927,927,18540,18540,20,5000,5000,1.0,3021694564,20260901
B3_spatial_feature,4.0,all_class_maps,single_label,macro_class,map_pearson,0.9581623085783523,0.9575301484010529,0.9588006333142778,927,927,18540,18540,20,5000,5000,1.0,3021694564,20260901
B3_spatial_feature,4.0,all_class_maps,single_label,macro_class,map_spearman,0.9439158878473017,0.9431368507866014,0.9446848130627196,927,927,18540,18540,20,5000,5000,1.0,3021694564,20260901
B3_spatial_feature,4.0,all_class_maps,single_label,macro_class,smoothed_std_over_raw,0.7884419566862279,0.786961531293495,0.7898946302965237,927,927,18540,18540,20,5000,5000,1.0,3021694564,20260901
B3_spatial_feature,4.0,all_class_maps,exactly_2_labels,micro,fidelity,0.07686472251713276,0.07586641065329312,0.07790223678356657,375,375,7500,7500,,5000,5000,1.0,3021694564,20260901
B3_spatial_feature,4.0,all_class_maps,exactly_2_labels,micro,relative_l2_change,0.07686472251713276,0.07586641065329312,0.07790223678356657,375,375,7500,7500,,5000,5000,1.0,3021694564,20260901
B3_spatial_feature,4.0,all_class_maps,exactly_2_labels,micro,map_pearson,0.9571252549091975,0.9562314450486501,0.9579921217813094,375,375,7500,7500,,5000,5000,1.0,3021694564,20260901
B3_spatial_feature,4.0,all_class_maps,exactly_2_labels,micro,map_spearman,0.947275309419632,0.9463743840289116,0.9481692599592606,375,375,7500,7500,,5000,5000,1.0,3021694564,20260901
B3_spatial_feature,4.0,all_class_maps,exactly_2_labels,micro,smoothed_std_over_raw,0.7964078465382258,0.7943076139312982,0.7985503992938995,375,375,7500,7500,,5000,5000,1.0,3021694564,20260901
B3_spatial_feature,4.0,all_class_maps,exactly_2_labels,macro_class,fidelity,0.07686472251713276,0.07586641065329312,0.07790223678356659,375,375,7500,7500,20,5000,5000,1.0,3021694564,20260901
B3_spatial_feature,4.0,all_class_maps,exactly_2_labels,macro_class,relative_l2_change,0.07686472251713276,0.07586641065329312,0.07790223678356659,375,375,7500,7500,20,5000,5000,1.0,3021694564,20260901
B3_spatial_feature,4.0,all_class_maps,exactly_2_labels,macro_class,map_pearson,0.9571252549091975,0.9562314450486503,0.9579921217813093,375,375,7500,7500,20,5000,5000,1.0,3021694564,20260901
B3_spatial_feature,4.0,all_class_maps,exactly_2_labels,macro_class,map_spearman,0.9472753094196321,0.9463743840289115,0.9481692599592604,375,375,7500,7500,20,5000,5000,1.0,3021694564,20260901
B3_spatial_feature,4.0,all_class_maps,exactly_2_labels,macro_class,smoothed_std_over_raw,0.7964078465382258,0.7943076139312982,0.7985503992938996,375,375,7500,7500,20,5000,5000,1.0,3021694564,20260901
B3_spatial_feature,4.0,all_class_maps,3plus_labels,micro,fidelity,0.08680024037429061,0.08526417932058146,0.08834106147761274,147,147,2940,2940,,5000,5000,1.0,3021694564,20260901
B3_spatial_feature,4.0,all_class_maps,3plus_labels,micro,relative_l2_change,0.08680024037429061,0.08526417932058146,0.08834106147761274,147,147,2940,2940,,5000,5000,1.0,3021694564,20260901
B3_spatial_feature,4.0,all_class_maps,3plus_labels,micro,map_pearson,0.9578079740611875,0.9567360833135187,0.9587897180836825,147,147,2940,2940,,5000,5000,1.0,3021694564,20260901
B3_spatial_feature,4.0,all_class_maps,3plus_labels,micro,map_spearman,0.9470864303663474,0.9458722337669864,0.948280161440778,147,147,2940,2940,,5000,5000,1.0,3021694564,20260901
B3_spatial_feature,4.0,all_class_maps,3plus_labels,micro,smoothed_std_over_raw,0.7984461738746993,0.7945584182162472,0.8021199373120353,147,147,2940,2940,,5000,5000,1.0,3021694564,20260901
B3_spatial_feature,4.0,all_class_maps,3plus_labels,macro_class,fidelity,0.08680024037429064,0.08526417932058146,0.08834106147761274,147,147,2940,2940,20,5000,5000,1.0,3021694564,20260901
B3_spatial_feature,4.0,all_class_maps,3plus_labels,macro_class,relative_l2_change,0.08680024037429064,0.08526417932058146,0.08834106147761274,147,147,2940,2940,20,5000,5000,1.0,3021694564,20260901
B3_spatial_feature,4.0,all_class_maps,3plus_labels,macro_class,map_pearson,0.9578079740611873,0.9567360833135187,0.9587897180836825,147,147,2940,2940,20,5000,5000,1.0,3021694564,20260901
B3_spatial_feature,4.0,all_class_maps,3plus_labels,macro_class,map_spearman,0.9470864303663472,0.9458722337669863,0.948280161440778,147,147,2940,2940,20,5000,5000,1.0,3021694564,20260901
B3_spatial_feature,4.0,all_class_maps,3plus_labels,macro_class,smoothed_std_over_raw,0.7984461738746994,0.7945584182162472,0.8021199373120355,147,147,2940,2940,20,5000,5000,1.0,3021694564,20260901
B3_spatial_feature,4.0,per_class,all,micro,fidelity,0.05892761481258686,0.05789479109168752,0.06004285748284426,1449,1449,1449,1449,,5000,5000,1.0,3021694564,20260901
B3_spatial_feature,4.0,per_class,all,micro,relative_l2_change,0.05892761481258686,0.05789479109168752,0.06004285748284426,1449,1449,1449,1449,,5000,5000,1.0,3021694564,20260901
B3_spatial_feature,4.0,per_class,all,micro,map_pearson,0.9585425410293726,0.9579113735483793,0.9591314079588327,1449,1449,1449,1449,,5000,5000,1.0,3021694564,20260901
B3_spatial_feature,4.0,per_class,all,micro,map_spearman,0.9475950822079897,0.9467446542654143,0.948450619792675,1449,1449,1449,1449,,5000,5000,1.0,3021694564,20260901
B3_spatial_feature,4.0,per_class,all,micro,smoothed_std_over_raw,0.7870766590018368,0.7850355838077738,0.7891148278236472,1449,1449,1449,1449,,5000,5000,1.0,3021694564,20260901
B3_spatial_feature,4.0,per_class,all,micro,fidelity,0.06308700510649701,0.06151585589632844,0.0647869588379164,1449,1449,1449,1449,,5000,5000,1.0,3021694564,20260901
B3_spatial_feature,4.0,per_class,all,micro,relative_l2_change,0.06308700510649701,0.06151585589632844,0.0647869588379164,1449,1449,1449,1449,,5000,5000,1.0,3021694564,20260901
B3_spatial_feature,4.0,per_class,all,micro,map_pearson,0.9597625820450819,0.9591498975078347,0.9603506534181026,1449,1449,1449,1449,,5000,5000,1.0,3021694564,20260901
B3_spatial_feature,4.0,per_class,all,micro,map_spearman,0.9476536220727583,0.9467562703859239,0.9485240249499278,1449,1449,1449,1449,,5000,5000,1.0,3021694564,20260901
B3_spatial_feature,4.0,per_class,all,micro,smoothed_std_over_raw,0.793651164565274,0.7914837545880455,0.7957420085569017,1449,1449,1449,1449,,5000,5000,1.0,3021694564,20260901
B3_spatial_feature,4.0,per_class,all,micro,fidelity,0.058932856859072395,0.058161543257755605,0.059791799253939015,1449,1449,1449,1449,,5000,5000,1.0,3021694564,20260901
B3_spatial_feature,4.0,per_class,all,micro,relative_l2_change,0.058932856859072395,0.058161543257755605,0.059791799253939015,1449,1449,1449,1449,,5000,5000,1.0,3021694564,20260901
B3_spatial_feature,4.0,per_class,all,micro,map_pearson,0.9536770362126736,0.9530102661091595,0.9543185504347477,1449,1449,1449,1449,,5000,5000,1.0,3021694564,20260901
B3_spatial_feature,4.0,per_class,all,micro,map_spearman,0.94183425668028,0.9408442779922995,0.9428067341580565,1449,1449,1449,1449,,5000,5000,1.0,3021694564,20260901
B3_spatial_feature,4.0,per_class,all,micro,smoothed_std_over_raw,0.7897416356105159,0.7876487684330091,0.7917840631852239,1449,1449,1449,1449,,5000,5000,1.0,3021694564,20260901
B3_spatial_feature,4.0,per_class,all,micro,fidelity,0.06169880567705985,0.06028225186728892,0.06320282485390055,1449,1449,1449,1449,,5000,5000,1.0,3021694564,20260901
B3_spatial_feature,4.0,per_class,all,micro,relative_l2_change,0.06169880567705985,0.06028225186728892,0.06320282485390055,1449,1449,1449,1449,,5000,5000,1.0,3021694564,20260901
B3_spatial_feature,4.0,per_class,all,micro,map_pearson,0.9595794259391216,0.9589948199221477,0.9601483205275506,1449,1449,1449,1449,,5000,5000,1.0,3021694564,20260901
B3_spatial_feature,4.0,per_class,all,micro,map_spearman,0.9481400167473107,0.947306639484655,0.9489480204833961,1449,1449,1449,1449,,5000,5000,1.0,3021694564,20260901
B3_spatial_feature,4.0,per_class,all,micro,smoothed_std_over_raw,0.7893220301411578,0.78719173798362,0.7914579267076907,1449,1449,1449,1449,,5000,5000,1.0,3021694564,20260901
B3_spatial_feature,4.0,per_class,all,micro,fidelity,0.07454835682891417,0.07242785342541581,0.07669001038207462,1449,1449,1449,1449,,5000,5000,1.0,3021694564,20260901
B3_spatial_feature,4.0,per_class,all,micro,relative_l2_change,0.07454835682891417,0.07242785342541581,0.07669001038207462,1449,1449,1449,1449,,5000,5000,1.0,3021694564,20260901
B3_spatial_feature,4.0,per_class,all,micro,map_pearson,0.9552763929195943,0.9544415947669453,0.9560724358391235,1449,1449,1449,1449,,5000,5000,1.0,3021694564,20260901
B3_spatial_feature,4.0,per_class,all,micro,map_spearman,0.9415188299696391,0.9404045505409326,0.9426435777962495,1449,1449,1449,1449,,5000,5000,1.0,3021694564,20260901
B3_spatial_feature,4.0,per_class,all,micro,smoothed_std_over_raw,0.7948079837281758,0.7925399030546554,0.7972039802206887,1449,1449,1449,1449,,5000,5000,1.0,3021694564,20260901
B3_spatial_feature,4.0,per_class,all,micro,fidelity,0.06439601994531577,0.063061013260022,0.06580896774182203,1449,1449,1449,1449,,5000,5000,1.0,3021694564,20260901
B3_spatial_feature,4.0,per_class,all,micro,relative_l2_change,0.06439601994531577,0.063061013260022,0.06580896774182203,1449,1449,1449,1449,,5000,5000,1.0,3021694564,20260901
B3_spatial_feature,4.0,per_class,all,micro,map_pearson,0.957809945564586,0.9571167023594088,0.958478480783144,1449,1449,1449,1449,,5000,5000,1.0,3021694564,20260901
B3_spatial_feature,4.0,per_class,all,micro,map_spearman,0.9446491520103707,0.943661652119757,0.9456569933208455,1449,1449,1449,1449,,5000,5000,1.0,3021694564,20260901
B3_spatial_feature,4.0,per_class,all,micro,smoothed_std_over_raw,0.7892791942286442,0.7871391163273792,0.7914045508583304,1449,1449,1449,1449,,5000,5000,1.0,3021694564,20260901
B3_spatial_feature,4.0,per_class,all,micro,fidelity,0.07831378843894986,0.07608178639193139,0.08066618070494848,1449,1449,1449,1449,,5000,5000,1.0,3021694564,20260901
B3_spatial_feature,4.0,per_class,all,micro,relative_l2_change,0.07831378843894986,0.07608178639193139,0.08066618070494848,1449,1449,1449,1449,,5000,5000,1.0,3021694564,20260901
B3_spatial_feature,4.0,per_class,all,micro,map_pearson,0.9575275946189981,0.9567615385309346,0.9582578507773295,1449,1449,1449,1449,,5000,5000,1.0,3021694564,20260901
B3_spatial_feature,4.0,per_class,all,micro,map_spearman,0.9451923159750023,0.9441889226025265,0.9461874521533484,1449,1449,1449,1449,,5000,5000,1.0,3021694564,20260901
B3_spatial_feature,4.0,per_class,all,micro,smoothed_std_over_raw,0.7961641029294727,0.7937354546125137,0.7985391434490311,1449,1449,1449,1449,,5000,5000,1.0,3021694564,20260901
B3_spatial_feature,4.0,per_class,all,micro,fidelity,0.06242469420015113,0.06114278474444713,0.06383854642586256,1449,1449,1449,1449,,5000,5000,1.0,3021694564,20260901
B3_spatial_feature,4.0,per_class,all,micro,relative_l2_change,0.06242469420015113,0.06114278474444713,0.06383854642586256,1449,1449,1449,1449,,5000,5000,1.0,3021694564,20260901
B3_spatial_feature,4.0,per_class,all,micro,map_pearson,0.9590162748382205,0.9583652535303039,0.9596611145305337,1449,1449,1449,1449,,5000,5000,1.0,3021694564,20260901
B3_spatial_feature,4.0,per_class,all,micro,map_spearman,0.9472835697824993,0.9463680172815991,0.9481738870764206,1449,1449,1449,1449,,5000,5000,1.0,3021694564,20260901
B3_spatial_feature,4.0,per_class,all,micro,smoothed_std_over_raw,0.7947726228715963,0.7926071807670133,0.7969275458330858,1449,1449,1449,1449,,5000,5000,1.0,3021694564,20260901
B3_spatial_feature,4.0,per_class,all,micro,fidelity,0.08795959939518165,0.08523880025729269,0.09092256767299924,1449,1449,1449,1449,,5000,5000,1.0,3021694564,20260901
B3_spatial_feature,4.0,per_class,all,micro,relative_l2_change,0.08795959939518165,0.08523880025729269,0.09092256767299924,1449,1449,1449,1449,,5000,5000,1.0,3021694564,20260901
B3_spatial_feature,4.0,per_class,all,micro,map_pearson,0.9545343823890344,0.953639282419856,0.9553860140975958,1449,1449,1449,1449,,5000,5000,1.0,3021694564,20260901
B3_spatial_feature,4.0,per_class,all,micro,map_spearman,0.9404736598085913,0.9392848888652501,0.9416165695180557,1449,1449,1449,1449,,5000,5000,1.0,3021694564,20260901
B3_spatial_feature,4.0,per_class,all,micro,smoothed_std_over_raw,0.7910138205711886,0.7885929667040592,0.7933460834285075,1449,1449,1449,1449,,5000,5000,1.0,3021694564,20260901
B3_spatial_feature,4.0,per_class,all,micro,fidelity,0.0611223594958491,0.05956819382206305,0.06277162981842399,1449,1449,1449,1449,,5000,5000,1.0,3021694564,20260901
B3_spatial_feature,4.0,per_class,all,micro,relative_l2_change,0.0611223594958491,0.05956819382206305,0.06277162981842399,1449,1449,1449,1449,,5000,5000,1.0,3021694564,20260901
B3_spatial_feature,4.0,per_class,all,micro,map_pearson,0.9564478935004104,0.9557160597667356,0.957186064366804,1449,1449,1449,1449,,5000,5000,1.0,3021694564,20260901
B3_spatial_feature,4.0,per_class,all,micro,map_spearman,0.9430910588298032,0.9421049713913615,0.9440795046922007,1449,1449,1449,1449,,5000,5000,1.0,3021694564,20260901
B3_spatial_feature,4.0,per_class,all,micro,smoothed_std_over_raw,0.7927415892944573,0.7908793866356707,0.7946809880790257,1449,1449,1449,1449,,5000,5000,1.0,3021694564,20260901
B3_spatial_feature,4.0,per_class,all,micro,fidelity,0.06739413765502683,0.06563669301838125,0.06924097864079405,1449,1449,1449,1449,,5000,5000,1.0,3021694564,20260901
B3_spatial_feature,4.0,per_class,all,micro,relative_l2_change,0.06739413765502683,0.06563669301838125,0.06924097864079405,1449,1449,1449,1449,,5000,5000,1.0,3021694564,20260901
B3_spatial_feature,4.0,per_class,all,micro,map_pearson,0.9577934174721944,0.9570998057753897,0.9584305553219498,1449,1449,1449,1449,,5000,5000,1.0,3021694564,20260901
B3_spatial_feature,4.0,per_class,all,micro,map_spearman,0.9455547142308527,0.9445195966348144,0.9465734553849228,1449,1449,1449,1449,,5000,5000,1.0,3021694564,20260901
B3_spatial_feature,4.0,per_class,all,micro,smoothed_std_over_raw,0.7897764087299218,0.7876118351625031,0.7919225892603521,1449,1449,1449,1449,,5000,5000,1.0,3021694564,20260901
B3_spatial_feature,4.0,per_class,all,micro,fidelity,0.06998325647558731,0.06852866666670439,0.0715449218401715,1449,1449,1449,1449,,5000,5000,1.0,3021694564,20260901
B3_spatial_feature,4.0,per_class,all,micro,relative_l2_change,0.06998325647558731,0.06852866666670439,0.0715449218401715,1449,1449,1449,1449,,5000,5000,1.0,3021694564,20260901
B3_spatial_feature,4.0,per_class,all,micro,map_pearson,0.9551338574407511,0.9542846016169335,0.9560130352261068,1449,1449,1449,1449,,5000,5000,1.0,3021694564,20260901
B3_spatial_feature,4.0,per_class,all,micro,map_spearman,0.942853081547202,0.9417911640862665,0.9439613993935868,1449,1449,1449,1449,,5000,5000,1.0,3021694564,20260901
B3_spatial_feature,4.0,per_class,all,micro,smoothed_std_over_raw,0.7893458699423169,0.7868808070366098,0.7919888781238376,1449,1449,1449,1449,,5000,5000,1.0,3021694564,20260901
B3_spatial_feature,4.0,per_class,all,micro,fidelity,0.06315935033921788,0.06176907676204607,0.06460285738523179,1449,1449,1449,1449,,5000,5000,1.0,3021694564,20260901
B3_spatial_feature,4.0,per_class,all,micro,relative_l2_change,0.06315935033921788,0.06176907676204607,0.06460285738523179,1449,1449,1449,1449,,5000,5000,1.0,3021694564,20260901
B3_spatial_feature,4.0,per_class,all,micro,map_pearson,0.9589072820480483,0.958330100741857,0.9594892752538722,1449,1449,1449,1449,,5000,5000,1.0,3021694564,20260901
B3_spatial_feature,4.0,per_class,all,micro,map_spearman,0.9462599092471016,0.9453067625037879,0.947190324438696,1449,1449,1449,1449,,5000,5000,1.0,3021694564,20260901
B3_spatial_feature,4.0,per_class,all,micro,smoothed_std_over_raw,0.786878382320483,0.7849479736748689,0.7889083153116365,1449,1449,1449,1449,,5000,5000,1.0,3021694564,20260901
B3_spatial_feature,4.0,per_class,all,micro,fidelity,0.06468081442938746,0.06329062958945327,0.06612813561207379,1449,1449,1449,1449,,5000,5000,1.0,3021694564,20260901
B3_spatial_feature,4.0,per_class,all,micro,relative_l2_change,0.06468081442938746,0.06329062958945327,0.06612813561207379,1449,1449,1449,1449,,5000,5000,1.0,3021694564,20260901
B3_spatial_feature,4.0,per_class,all,micro,map_pearson,0.9597777982182631,0.9591650935659909,0.9603847426986432,1449,1449,1449,1449,,5000,5000,1.0,3021694564,20260901
B3_spatial_feature,4.0,per_class,all,micro,map_spearman,0.9452559247438129,0.9442216339976809,0.9462302872256791,1449,1449,1449,1449,,5000,5000,1.0,3021694564,20260901
B3_spatial_feature,4.0,per_class,all,micro,smoothed_std_over_raw,0.7875623766762212,0.7852709238326822,0.7898918600155207,1449,1449,1449,1449,,5000,5000,1.0,3021694564,20260901
B3_spatial_feature,4.0,per_class,all,micro,fidelity,0.10969889241099111,0.10640573876873276,0.11296772979575244,1449,1449,1449,1449,,5000,5000,1.0,3021694564,20260901
B3_spatial_feature,4.0,per_class,all,micro,relative_l2_change,0.10969889241099111,0.10640573876873276,0.11296772979575244,1449,1449,1449,1449,,5000,5000,1.0,3021694564,20260901
B3_spatial_feature,4.0,per_class,all,micro,map_pearson,0.9604016950905446,0.9594299494263795,0.9613307072365177,1449,1449,1449,1449,,5000,5000,1.0,3021694564,20260901
B3_spatial_feature,4.0,per_class,all,micro,map_spearman,0.9479739723574137,0.9468630335376623,0.9490750831600054,1449,1449,1449,1449,,5000,5000,1.0,3021694564,20260901
B3_spatial_feature,4.0,per_class,all,micro,smoothed_std_over_raw,0.8002639735378505,0.7971182096746973,0.8034999255746541,1449,1449,1449,1449,,5000,5000,1.0,3021694564,20260901
B3_spatial_feature,4.0,per_class,all,micro,fidelity,0.08002671555682163,0.07804500016025824,0.08216920116353263,1449,1449,1449,1449,,5000,5000,1.0,3021694564,20260901
B3_spatial_feature,4.0,per_class,all,micro,relative_l2_change,0.08002671555682163,0.07804500016025824,0.08216920116353263,1449,1449,1449,1449,,5000,5000,1.0,3021694564,20260901
B3_spatial_feature,4.0,per_class,all,micro,map_pearson,0.9502362188921047,0.9492702836853377,0.951140345591895,1449,1449,1449,1449,,5000,5000,1.0,3021694564,20260901
B3_spatial_feature,4.0,per_class,all,micro,map_spearman,0.9371783400174254,0.9359539922175117,0.9383219176362184,1449,1449,1449,1449,,5000,5000,1.0,3021694564,20260901
B3_spatial_feature,4.0,per_class,all,micro,smoothed_std_over_raw,0.788058937089537,0.7855611240086349,0.7905052346256456,1449,1449,1449,1449,,5000,5000,1.0,3021694564,20260901
B3_spatial_feature,4.0,per_class,all,micro,fidelity,0.058780306223921316,0.057780601649838864,0.05986639090876042,1449,1449,1449,1449,,5000,5000,1.0,3021694564,20260901
B3_spatial_feature,4.0,per_class,all,micro,relative_l2_change,0.058780306223921316,0.057780601649838864,0.05986639090876042,1449,1449,1449,1449,,5000,5000,1.0,3021694564,20260901
B3_spatial_feature,4.0,per_class,all,micro,map_pearson,0.9594872402601854,0.958852874513862,0.9600766740898743,1449,1449,1449,1449,,5000,5000,1.0,3021694564,20260901
B3_spatial_feature,4.0,per_class,all,micro,map_spearman,0.9474313779482766,0.9465000726513981,0.9483398801668337,1449,1449,1449,1449,,5000,5000,1.0,3021694564,20260901
B3_spatial_feature,4.0,per_class,all,micro,smoothed_std_over_raw,0.7917861391380789,0.789847191476139,0.79380838931265,1449,1449,1449,1449,,5000,5000,1.0,3021694564,20260901
B3_spatial_feature,4.0,per_class,all,micro,fidelity,0.07414861502391952,0.07168151803990844,0.07689190238741213,1449,1449,1449,1449,,5000,5000,1.0,3021694564,20260901
B3_spatial_feature,4.0,per_class,all,micro,relative_l2_change,0.07414861502391952,0.07168151803990844,0.07689190238741213,1449,1449,1449,1449,,5000,5000,1.0,3021694564,20260901
B3_spatial_feature,4.0,per_class,all,micro,map_pearson,0.9611289886625328,0.9605386928382045,0.9617063459052638,1449,1449,1449,1449,,5000,5000,1.0,3021694564,20260901
B3_spatial_feature,4.0,per_class,all,micro,map_spearman,0.9464338509439189,0.9454086820418215,0.9474420666859181,1449,1449,1449,1449,,5000,5000,1.0,3021694564,20260901
B3_spatial_feature,4.0,per_class,all,micro,smoothed_std_over_raw,0.791512618153732,0.789357223417777,0.7937266270813241,1449,1449,1449,1449,,5000,5000,1.0,3021694564,20260901
B3_spatial_feature,4.0,per_class,all,micro,fidelity,0.05727160021950657,0.056086456340919535,0.058522450756808654,1449,1449,1449,1449,,5000,5000,1.0,3021694564,20260901
B3_spatial_feature,4.0,per_class,all,micro,relative_l2_change,0.05727160021950657,0.056086456340919535,0.058522450756808654,1449,1449,1449,1449,,5000,5000,1.0,3021694564,20260901
B3_spatial_feature,4.0,per_class,all,micro,map_pearson,0.9633994128393091,0.9629275464575566,0.9638356359797646,1449,1449,1449,1449,,5000,5000,1.0,3021694564,20260901
B3_spatial_feature,4.0,per_class,all,micro,map_spearman,0.9508713868834218,0.9500279642173634,0.951708620765071,1449,1449,1449,1449,,5000,5000,1.0,3021694564,20260901
B3_spatial_feature,4.0,per_class,all,micro,smoothed_std_over_raw,0.7929507015161139,0.790989469045232,0.7949655337867201,1449,1449,1449,1449,,5000,5000,1.0,3021694564,20260901
B3_spatial_feature,4.0,per_class,all,micro,fidelity,0.06862881555484854,0.06701342680397025,0.07030040877212412,1449,1449,1449,1449,,5000,5000,1.0,3021694564,20260901
B3_spatial_feature,4.0,per_class,all,micro,relative_l2_change,0.06862881555484854,0.06701342680397025,0.07030040877212412,1449,1449,1449,1449,,5000,5000,1.0,3021694564,20260901
B3_spatial_feature,4.0,per_class,all,micro,map_pearson,0.9587194793713019,0.9580892720649865,0.9593654381295086,1449,1449,1449,1449,,5000,5000,1.0,3021694564,20260901
B3_spatial_feature,4.0,per_class,all,micro,map_spearman,0.9448949301794037,0.9438844740760993,0.945880516639572,1449,1449,1449,1449,,5000,5000,1.0,3021694564,20260901
B3_spatial_feature,4.0,per_class,all,micro,smoothed_std_over_raw,0.7936626492984711,0.7915564277856575,0.7957736925123641,1449,1449,1449,1449,,5000,5000,1.0,3021694564,20260901
