graph,lambda,scope,stratum,aggregation,metric,estimate,ci_low,ci_high,num_images,num_images_total,num_rows,num_rows_total,num_classes,bootstrap_repeats,bootstrap_valid_repeats,bootstrap_valid_fraction,bootstrap_seed,bootstrap_base_seed
B1_spatial,0.25,all_class_maps,all,micro,fidelity,0.013623003983176637,0.013500067170080616,0.013750699927742426,1449,1449,28980,28980,,5000,5000,1.0,3021694564,20260901
B1_spatial,0.25,all_class_maps,all,micro,relative_l2_change,0.013623003983176637,0.013500067170080616,0.013750699927742426,1449,1449,28980,28980,,5000,5000,1.0,3021694564,20260901
B1_spatial,0.25,all_class_maps,all,micro,map_pearson,0.998645597632545,0.9986365693036321,0.9986544620861177,1449,1449,28980,28980,,5000,5000,1.0,3021694564,20260901
B1_spatial,0.25,all_class_maps,all,micro,map_spearman,0.9976395085608244,0.9975960324928833,0.9976817508057798,1449,1449,28980,28980,,5000,5000,1.0,3021694564,20260901
B1_spatial,0.25,all_class_maps,all,micro,energy_raw,0.008560702559979904,0.008338373786745063,0.008799121273902,1449,1449,28980,28980,,5000,5000,1.0,3021694564,20260901
B1_spatial,0.25,all_class_maps,all,micro,energy_smoothed,0.006665592021423728,0.006480901514744024,0.006860787934462413,1449,1449,28980,28980,,5000,5000,1.0,3021694564,20260901
B1_spatial,0.25,all_class_maps,all,micro,energy_retention,0.7345173676993783,0.7336656981188833,0.7353894120215176,1449,1449,28980,28980,,5000,5000,1.0,3021694564,20260901
B1_spatial,0.25,all_class_maps,all,micro,smoothed_std_over_raw,0.9566232244009145,0.9563325290589126,0.956907422739763,1449,1449,28980,28980,,5000,5000,1.0,3021694564,20260901
B1_spatial,0.25,all_class_maps,all,micro,linear_solve_relative_residual,4.831173343535012e-06,4.8057047372311275e-06,4.856628018758594e-06,1449,1449,28980,28980,,5000,5000,1.0,3021694564,20260901
B1_spatial,0.25,all_class_maps,all,micro,cg_iterations,5.0,5.0,5.0,1449,1449,28980,28980,,5000,5000,1.0,3021694564,20260901
B1_spatial,0.25,all_class_maps,all,micro,solve_runtime_ms_per_map,0.0036804966954417976,0.0036418173100164803,0.003719675662860887,1449,1449,28980,28980,,5000,5000,1.0,3021694564,20260901
B1_spatial,0.25,all_class_maps,all,macro_class,fidelity,0.013623003983176635,0.013500067170080616,0.013750699927742428,1449,1449,28980,28980,20,5000,5000,1.0,3021694564,20260901
B1_spatial,0.25,all_class_maps,all,macro_class,relative_l2_change,0.013623003983176635,0.013500067170080616,0.013750699927742428,1449,1449,28980,28980,20,5000,5000,1.0,3021694564,20260901
B1_spatial,0.25,all_class_maps,all,macro_class,map_pearson,0.998645597632545,0.9986365693036322,0.9986544620861179,1449,1449,28980,28980,20,5000,5000,1.0,3021694564,20260901
B1_spatial,0.25,all_class_maps,all,macro_class,map_spearman,0.9976395085608244,0.9975960324928834,0.9976817508057799,1449,1449,28980,28980,20,5000,5000,1.0,3021694564,20260901
B1_spatial,0.25,all_class_maps,all,macro_class,energy_raw,0.008560702559979908,0.008338373786745063,0.008799121273902,1449,1449,28980,28980,20,5000,5000,1.0,3021694564,20260901
B1_spatial,0.25,all_class_maps,all,macro_class,energy_smoothed,0.006665592021423727,0.006480901514744026,0.006860787934462413,1449,1449,28980,28980,20,5000,5000,1.0,3021694564,20260901
B1_spatial,0.25,all_class_maps,all,macro_class,energy_retention,0.7345173676993783,0.7336656981188832,0.7353894120215178,1449,1449,28980,28980,20,5000,5000,1.0,3021694564,20260901
B1_spatial,0.25,all_class_maps,all,macro_class,smoothed_std_over_raw,0.9566232244009145,0.9563325290589128,0.9569074227397635,1449,1449,28980,28980,20,5000,5000,1.0,3021694564,20260901
B1_spatial,0.25,all_class_maps,all,macro_class,linear_solve_relative_residual,4.831173343535013e-06,4.805704737231128e-06,4.856628018758594e-06,1449,1449,28980,28980,20,5000,5000,1.0,3021694564,20260901
B1_spatial,0.25,all_class_maps,all,macro_class,cg_iterations,5.0,5.0,5.0,1449,1449,28980,28980,20,5000,5000,1.0,3021694564,20260901
B1_spatial,0.25,all_class_maps,all,macro_class,solve_runtime_ms_per_map,0.0036804966954417976,0.003641817310016481,0.003719675662860887,1449,1449,28980,28980,20,5000,5000,1.0,3021694564,20260901
B1_spatial,0.25,all_class_maps,single_label,micro,fidelity,0.012676436103807065,0.01254098728346674,0.01281367135067466,927,927,18540,18540,,5000,5000,1.0,3021694564,20260901
B1_spatial,0.25,all_class_maps,single_label,micro,relative_l2_change,0.012676436103807065,0.01254098728346674,0.01281367135067466,927,927,18540,18540,,5000,5000,1.0,3021694564,20260901
B1_spatial,0.25,all_class_maps,single_label,micro,map_pearson,0.9986528630041897,0.9986409046570042,0.9986649831645633,927,927,18540,18540,,5000,5000,1.0,3021694564,20260901
B1_spatial,0.25,all_class_maps,single_label,micro,map_spearman,0.9974539132694339,0.997387648631679,0.9975134147523612,927,927,18540,18540,,5000,5000,1.0,3021694564,20260901
B1_spatial,0.25,all_class_maps,single_label,micro,energy_raw,0.006739255981066464,0.006525470391181321,0.006959116221324721,927,927,18540,18540,,5000,5000,1.0,3021694564,20260901
B1_spatial,0.25,all_class_maps,single_label,micro,energy_smoothed,0.0051335909887480205,0.004961080563711399,0.005311665177371993,927,927,18540,18540,,5000,5000,1.0,3021694564,20260901
B1_spatial,0.25,all_class_maps,single_label,micro,energy_retention,0.7292177533576146,0.7281701827863435,0.7302490389539168,927,927,18540,18540,,5000,5000,1.0,3021694564,20260901
B1_spatial,0.25,all_class_maps,single_label,micro,smoothed_std_over_raw,0.9553265778410139,0.9549671973879604,0.9556803730316661,927,927,18540,18540,,5000,5000,1.0,3021694564,20260901
B1_spatial,0.25,all_class_maps,single_label,micro,linear_solve_relative_residual,4.813315362044713e-06,4.780368539402752e-06,4.846675476548853e-06,927,927,18540,18540,,5000,5000,1.0,3021694564,20260901
B1_spatial,0.25,all_class_maps,single_label,micro,cg_iterations,5.0,5.0,5.0,927,927,18540,18540,,5000,5000,1.0,3021694564,20260901
B1_spatial,0.25,all_class_maps,single_label,micro,solve_runtime_ms_per_map,0.003651621669120589,0.00360876200979918,0.003697324264116048,927,927,18540,18540,,5000,5000,1.0,3021694564,20260901
B1_spatial,0.25,all_class_maps,single_label,macro_class,fidelity,0.012676436103807065,0.012540987283466738,0.012813671350674662,927,927,18540,18540,20,5000,5000,1.0,3021694564,20260901
B1_spatial,0.25,all_class_maps,single_label,macro_class,relative_l2_change,0.012676436103807065,0.012540987283466738,0.012813671350674662,927,927,18540,18540,20,5000,5000,1.0,3021694564,20260901
B1_spatial,0.25,all_class_maps,single_label,macro_class,map_pearson,0.9986528630041898,0.9986409046570044,0.9986649831645634,927,927,18540,18540,20,5000,5000,1.0,3021694564,20260901
B1_spatial,0.25,all_class_maps,single_label,macro_class,map_spearman,0.9974539132694341,0.997387648631679,0.9975134147523612,927,927,18540,18540,20,5000,5000,1.0,3021694564,20260901
B1_spatial,0.25,all_class_maps,single_label,macro_class,energy_raw,0.006739255981066462,0.006525470391181321,0.00695911622132472,927,927,18540,18540,20,5000,5000,1.0,3021694564,20260901
B1_spatial,0.25,all_class_maps,single_label,macro_class,energy_smoothed,0.00513359098874802,0.004961080563711399,0.005311665177371993,927,927,18540,18540,20,5000,5000,1.0,3021694564,20260901
B1_spatial,0.25,all_class_maps,single_label,macro_class,energy_retention,0.7292177533576145,0.7281701827863435,0.7302490389539168,927,927,18540,18540,20,5000,5000,1.0,3021694564,20260901
B1_spatial,0.25,all_class_maps,single_label,macro_class,smoothed_std_over_raw,0.9553265778410139,0.9549671973879604,0.9556803730316663,927,927,18540,18540,20,5000,5000,1.0,3021694564,20260901
B1_spatial,0.25,all_class_maps,single_label,macro_class,linear_solve_relative_residual,4.813315362044713e-06,4.780368539402753e-06,4.846675476548851e-06,927,927,18540,18540,20,5000,5000,1.0,3021694564,20260901
B1_spatial,0.25,all_class_maps,single_label,macro_class,cg_iterations,5.0,5.0,5.0,927,927,18540,18540,20,5000,5000,1.0,3021694564,20260901
B1_spatial,0.25,all_class_maps,single_label,macro_class,solve_runtime_ms_per_map,0.0036516216691205874,0.0036087620097991807,0.0036973242641160477,927,927,18540,18540,20,5000,5000,1.0,3021694564,20260901
B1_spatial,0.25,all_class_maps,exactly_2_labels,micro,fidelity,0.014858430241545042,0.014673412307919935,0.015045789379514753,375,375,7500,7500,,5000,5000,1.0,3021694564,20260901
B1_spatial,0.25,all_class_maps,exactly_2_labels,micro,relative_l2_change,0.014858430241545042,0.014673412307919935,0.015045789379514753,375,375,7500,7500,,5000,5000,1.0,3021694564,20260901
B1_spatial,0.25,all_class_maps,exactly_2_labels,micro,map_pearson,0.9986275933424632,0.9986111925123136,0.9986435463223854,375,375,7500,7500,,5000,5000,1.0,3021694564,20260901
B1_spatial,0.25,all_class_maps,exactly_2_labels,micro,map_spearman,0.9979482073624929,0.9979112258688609,0.9979833375447988,375,375,7500,7500,,5000,5000,1.0,3021694564,20260901
B1_spatial,0.25,all_class_maps,exactly_2_labels,micro,energy_raw,0.010749907921534031,0.010364591250340454,0.011158526960033147,375,375,7500,7500,,5000,5000,1.0,3021694564,20260901
B1_spatial,0.25,all_class_maps,exactly_2_labels,micro,energy_smoothed,0.008494182104198262,0.008172848879512942,0.008829742335167636,375,375,7500,7500,,5000,5000,1.0,3021694564,20260901
B1_spatial,0.25,all_class_maps,exactly_2_labels,micro,energy_retention,0.7418032214641571,0.7404276308560371,0.7431730450816949,375,375,7500,7500,,5000,5000,1.0,3021694564,20260901
B1_spatial,0.25,all_class_maps,exactly_2_labels,micro,smoothed_std_over_raw,0.9584909762461981,0.9579403887905676,0.9590287590998411,375,375,7500,7500,,5000,5000,1.0,3021694564,20260901
B1_spatial,0.25,all_class_maps,exactly_2_labels,micro,linear_solve_relative_residual,4.908710656491166e-06,4.863954918208719e-06,4.953921729848313e-06,375,375,7500,7500,,5000,5000,1.0,3021694564,20260901
B1_spatial,0.25,all_class_maps,exactly_2_labels,micro,cg_iterations,5.0,5.0,5.0,375,375,7500,7500,,5000,5000,1.0,3021694564,20260901
B1_spatial,0.25,all_class_maps,exactly_2_labels,micro,solve_runtime_ms_per_map,0.003751699870917946,0.003662811251415405,0.003849644064272676,375,375,7500,7500,,5000,5000,1.0,3021694564,20260901
B1_spatial,0.25,all_class_maps,exactly_2_labels,macro_class,fidelity,0.01485843024154504,0.014673412307919935,0.015045789379514755,375,375,7500,7500,20,5000,5000,1.0,3021694564,20260901
B1_spatial,0.25,all_class_maps,exactly_2_labels,macro_class,relative_l2_change,0.01485843024154504,0.014673412307919935,0.015045789379514755,375,375,7500,7500,20,5000,5000,1.0,3021694564,20260901
B1_spatial,0.25,all_class_maps,exactly_2_labels,macro_class,map_pearson,0.9986275933424631,0.9986111925123136,0.9986435463223855,375,375,7500,7500,20,5000,5000,1.0,3021694564,20260901
B1_spatial,0.25,all_class_maps,exactly_2_labels,macro_class,map_spearman,0.9979482073624929,0.9979112258688608,0.9979833375447986,375,375,7500,7500,20,5000,5000,1.0,3021694564,20260901
B1_spatial,0.25,all_class_maps,exactly_2_labels,macro_class,energy_raw,0.010749907921534033,0.010364591250340456,0.011158526960033147,375,375,7500,7500,20,5000,5000,1.0,3021694564,20260901
B1_spatial,0.25,all_class_maps,exactly_2_labels,macro_class,energy_smoothed,0.008494182104198262,0.008172848879512942,0.008829742335167638,375,375,7500,7500,20,5000,5000,1.0,3021694564,20260901
B1_spatial,0.25,all_class_maps,exactly_2_labels,macro_class,energy_retention,0.7418032214641571,0.7404276308560374,0.7431730450816947,375,375,7500,7500,20,5000,5000,1.0,3021694564,20260901
B1_spatial,0.25,all_class_maps,exactly_2_labels,macro_class,smoothed_std_over_raw,0.958490976246198,0.9579403887905678,0.9590287590998411,375,375,7500,7500,20,5000,5000,1.0,3021694564,20260901
B1_spatial,0.25,all_class_maps,exactly_2_labels,macro_class,linear_solve_relative_residual,4.908710656491166e-06,4.863954918208718e-06,4.953921729848314e-06,375,375,7500,7500,20,5000,5000,1.0,3021694564,20260901
B1_spatial,0.25,all_class_maps,exactly_2_labels,macro_class,cg_iterations,5.0,5.0,5.0,375,375,7500,7500,20,5000,5000,1.0,3021694564,20260901
B1_spatial,0.25,all_class_maps,exactly_2_labels,macro_class,solve_runtime_ms_per_map,0.003751699870917946,0.003662811251415405,0.003849644064272677,375,375,7500,7500,20,5000,5000,1.0,3021694564,20260901
B1_spatial,0.25,all_class_maps,3plus_labels,micro,fidelity,0.016440579338873527,0.016164978224313724,0.016713390025986537,147,147,2940,2940,,5000,5000,1.0,3021694564,20260901
B1_spatial,0.25,all_class_maps,3plus_labels,micro,relative_l2_change,0.016440579338873527,0.016164978224313724,0.016713390025986537,147,147,2940,2940,,5000,5000,1.0,3021694564,20260901
B1_spatial,0.25,all_class_maps,3plus_labels,micro,map_pearson,0.9986457106207504,0.9986212180103777,0.9986693262866362,147,147,2940,2940,,5000,5000,1.0,3021694564,20260901
B1_spatial,0.25,all_class_maps,3plus_labels,micro,map_spearman,0.9980223982512545,0.9979738313785824,0.9980698942616075,147,147,2940,2940,,5000,5000,1.0,3021694564,20260901
B1_spatial,0.25,all_class_maps,3plus_labels,micro,energy_raw,0.014462260165898015,0.013762959155064397,0.015164014389013812,147,147,2940,2940,,5000,5000,1.0,3021694564,20260901
B1_spatial,0.25,all_class_maps,3plus_labels,micro,energy_smoothed,0.011661807506117134,0.011071041930419571,0.012250863707572503,147,147,2940,2940,,5000,5000,1.0,3021694564,20260901
B1_spatial,0.25,all_class_maps,3plus_labels,micro,energy_retention,0.7493510230260642,0.7474452967384235,0.7512134280202746,147,147,2940,2940,,5000,5000,1.0,3021694564,20260901
B1_spatial,0.25,all_class_maps,3plus_labels,micro,smoothed_std_over_raw,0.9600353633059936,0.9592078612775219,0.9608312508899745,147,147,2940,2940,,5000,5000,1.0,3021694564,20260901
B1_spatial,0.25,all_class_maps,3plus_labels,micro,linear_solve_relative_residual,4.745988693759166e-06,4.67299818501797e-06,4.819540179256325e-06,147,147,2940,2940,,5000,5000,1.0,3021694564,20260901
B1_spatial,0.25,all_class_maps,3plus_labels,micro,cg_iterations,5.0,5.0,5.0,147,147,2940,2940,,5000,5000,1.0,3021694564,20260901
B1_spatial,0.25,all_class_maps,3plus_labels,micro,solve_runtime_ms_per_map,0.003680945393375159,0.003581086018259937,0.0038141967293611953,147,147,2940,2940,,5000,5000,1.0,3021694564,20260901
B1_spatial,0.25,all_class_maps,3plus_labels,macro_class,fidelity,0.016440579338873527,0.016164978224313724,0.016713390025986537,147,147,2940,2940,20,5000,5000,1.0,3021694564,20260901
B1_spatial,0.25,all_class_maps,3plus_labels,macro_class,relative_l2_change,0.016440579338873527,0.016164978224313724,0.016713390025986537,147,147,2940,2940,20,5000,5000,1.0,3021694564,20260901
B1_spatial,0.25,all_class_maps,3plus_labels,macro_class,map_pearson,0.9986457106207502,0.998621218010378,0.9986693262866362,147,147,2940,2940,20,5000,5000,1.0,3021694564,20260901
B1_spatial,0.25,all_class_maps,3plus_labels,macro_class,map_spearman,0.9980223982512546,0.9979738313785823,0.9980698942616077,147,147,2940,2940,20,5000,5000,1.0,3021694564,20260901
B1_spatial,0.25,all_class_maps,3plus_labels,macro_class,energy_raw,0.014462260165898019,0.013762959155064399,0.015164014389013812,147,147,2940,2940,20,5000,5000,1.0,3021694564,20260901
B1_spatial,0.25,all_class_maps,3plus_labels,macro_class,energy_smoothed,0.011661807506117132,0.01107104193041957,0.012250863707572501,147,147,2940,2940,20,5000,5000,1.0,3021694564,20260901
B1_spatial,0.25,all_class_maps,3plus_labels,macro_class,energy_retention,0.7493510230260642,0.7474452967384233,0.7512134280202746,147,147,2940,2940,20,5000,5000,1.0,3021694564,20260901
B1_spatial,0.25,all_class_maps,3plus_labels,macro_class,smoothed_std_over_raw,0.9600353633059934,0.9592078612775219,0.9608312508899745,147,147,2940,2940,20,5000,5000,1.0,3021694564,20260901
B1_spatial,0.25,all_class_maps,3plus_labels,macro_class,linear_solve_relative_residual,4.7459886937591655e-06,4.672998185017969e-06,4.819540179256326e-06,147,147,2940,2940,20,5000,5000,1.0,3021694564,20260901
B1_spatial,0.25,all_class_maps,3plus_labels,macro_class,cg_iterations,5.0,5.0,5.0,147,147,2940,2940,20,5000,5000,1.0,3021694564,20260901
B1_spatial,0.25,all_class_maps,3plus_labels,macro_class,solve_runtime_ms_per_map,0.003680945393375158,0.003581086018259937,0.0038141967293611936,147,147,2940,2940,20,5000,5000,1.0,3021694564,20260901
B1_spatial,0.25,per_class,all,micro,fidelity,0.01168907316609847,0.011534839774738403,0.011856095969781094,1449,1449,1449,1449,,5000,5000,1.0,3021694564,20260901
B1_spatial,0.25,per_class,all,micro,relative_l2_change,0.01168907316609847,0.011534839774738403,0.011856095969781094,1449,1449,1449,1449,,5000,5000,1.0,3021694564,20260901
B1_spatial,0.25,per_class,all,micro,map_pearson,0.9987272007289305,0.9987139674539892,0.9987405130211611,1449,1449,1449,1449,,5000,5000,1.0,3021694564,20260901
B1_spatial,0.25,per_class,all,micro,map_spearman,0.9978376618330029,0.9977896773368841,0.9978845326426607,1449,1449,1449,1449,,5000,5000,1.0,3021694564,20260901
B1_spatial,0.25,per_class,all,micro,energy_raw,0.00530993061514894,0.004943089206292702,0.005718123036914529,1449,1449,1449,1449,,5000,5000,1.0,3021694564,20260901
B1_spatial,0.25,per_class,all,micro,energy_smoothed,0.004032281522987458,0.0037147617738077245,0.0043875845471189594,1449,1449,1449,1449,,5000,5000,1.0,3021694564,20260901
B1_spatial,0.25,per_class,all,micro,energy_retention,0.7309296070254203,0.7292739760544564,0.7325807898516816,1449,1449,1449,1449,,5000,5000,1.0,3021694564,20260901
B1_spatial,0.25,per_class,all,micro,smoothed_std_over_raw,0.9550875461126213,0.9545539667260409,0.9556365434437722,1449,1449,1449,1449,,5000,5000,1.0,3021694564,20260901
B1_spatial,0.25,per_class,all,micro,linear_solve_relative_residual,4.969166302547319e-06,4.9106560060223804e-06,5.025940577737383e-06,1449,1449,1449,1449,,5000,5000,1.0,3021694564,20260901
B1_spatial,0.25,per_class,all,micro,cg_iterations,5.0,5.0,5.0,1449,1449,1449,1449,,5000,5000,1.0,3021694564,20260901
B1_spatial,0.25,per_class,all,micro,solve_runtime_ms_per_map,0.0036804966954417976,0.0036418173100164803,0.003719675662860887,1449,1449,1449,1449,,5000,5000,1.0,3021694564,20260901
B1_spatial,0.25,per_class,all,micro,fidelity,0.012792151607380212,0.0125323218397129,0.013071404909715057,1449,1449,1449,1449,,5000,5000,1.0,3021694564,20260901
B1_spatial,0.25,per_class,all,micro,relative_l2_change,0.012792151607380212,0.0125323218397129,0.013071404909715057,1449,1449,1449,1449,,5000,5000,1.0,3021694564,20260901
B1_spatial,0.25,per_class,all,micro,map_pearson,0.9986405549500217,0.9986237392662475,0.9986569342066536,1449,1449,1449,1449,,5000,5000,1.0,3021694564,20260901
B1_spatial,0.25,per_class,all,micro,map_spearman,0.9975939080828712,0.9975320267720499,0.9976518292594483,1449,1449,1449,1449,,5000,5000,1.0,3021694564,20260901
B1_spatial,0.25,per_class,all,micro,energy_raw,0.0070947752169637415,0.006508934517418583,0.0077445165854128336,1449,1449,1449,1449,,5000,5000,1.0,3021694564,20260901
B1_spatial,0.25,per_class,all,micro,energy_smoothed,0.005456035183771565,0.004960092173557387,0.006001847764682247,1449,1449,1449,1449,,5000,5000,1.0,3021694564,20260901
B1_spatial,0.25,per_class,all,micro,energy_retention,0.7313872668725034,0.7297678453797632,0.7330469019675024,1449,1449,1449,1449,,5000,5000,1.0,3021694564,20260901
B1_spatial,0.25,per_class,all,micro,smoothed_std_over_raw,0.9556607487203336,0.955078055963095,0.9562189532969638,1449,1449,1449,1449,,5000,5000,1.0,3021694564,20260901
B1_spatial,0.25,per_class,all,micro,linear_solve_relative_residual,4.842500242351371e-06,4.769142222437275e-06,4.914930687564973e-06,1449,1449,1449,1449,,5000,5000,1.0,3021694564,20260901
B1_spatial,0.25,per_class,all,micro,cg_iterations,5.0,5.0,5.0,1449,1449,1449,1449,,5000,5000,1.0,3021694564,20260901
B1_spatial,0.25,per_class,all,micro,solve_runtime_ms_per_map,0.0036804966954417976,0.0036418173100164803,0.003719675662860887,1449,1449,1449,1449,,5000,5000,1.0,3021694564,20260901
B1_spatial,0.25,per_class,all,micro,fidelity,0.011998476117998464,0.011863571597909808,0.01214488887070923,1449,1449,1449,1449,,5000,5000,1.0,3021694564,20260901
B1_spatial,0.25,per_class,all,micro,relative_l2_change,0.011998476117998464,0.011863571597909808,0.01214488887070923,1449,1449,1449,1449,,5000,5000,1.0,3021694564,20260901
B1_spatial,0.25,per_class,all,micro,map_pearson,0.9985321589055927,0.9985165133105631,0.9985473290898209,1449,1449,1449,1449,,5000,5000,1.0,3021694564,20260901
B1_spatial,0.25,per_class,all,micro,map_spearman,0.9976424284850095,0.9975876569192602,0.997694583540542,1449,1449,1449,1449,,5000,5000,1.0,3021694564,20260901
B1_spatial,0.25,per_class,all,micro,energy_raw,0.005048328512406081,0.004822067210172465,0.005314184360163064,1449,1449,1449,1449,,5000,5000,1.0,3021694564,20260901
B1_spatial,0.25,per_class,all,micro,energy_smoothed,0.003705100380681234,0.003518818484072855,0.003924558883891367,1449,1449,1449,1449,,5000,5000,1.0,3021694564,20260901
B1_spatial,0.25,per_class,all,micro,energy_retention,0.7200839023001034,0.7187779434976536,0.721415548347415,1449,1449,1449,1449,,5000,5000,1.0,3021694564,20260901
B1_spatial,0.25,per_class,all,micro,smoothed_std_over_raw,0.9543320256072624,0.9538000399970531,0.9548604190318728,1449,1449,1449,1449,,5000,5000,1.0,3021694564,20260901
B1_spatial,0.25,per_class,all,micro,linear_solve_relative_residual,5.020501854407668e-06,4.961109468532803e-06,5.076938967438793e-06,1449,1449,1449,1449,,5000,5000,1.0,3021694564,20260901
B1_spatial,0.25,per_class,all,micro,cg_iterations,5.0,5.0,5.0,1449,1449,1449,1449,,5000,5000,1.0,3021694564,20260901
B1_spatial,0.25,per_class,all,micro,solve_runtime_ms_per_map,0.0036804966954417976,0.0036418173100164803,0.003719675662860887,1449,1449,1449,1449,,5000,5000,1.0,3021694564,20260901
B1_spatial,0.25,per_class,all,micro,fidelity,0.012392973200803053,0.012166273733777726,0.012634969772459275,1449,1449,1449,1449,,5000,5000,1.0,3021694564,20260901
B1_spatial,0.25,per_class,all,micro,relative_l2_change,0.012392973200803053,0.012166273733777726,0.012634969772459275,1449,1449,1449,1449,,5000,5000,1.0,3021694564,20260901
B1_spatial,0.25,per_class,all,micro,map_pearson,0.9986712301575454,0.9986554556710708,0.9986866892834134,1449,1449,1449,1449,,5000,5000,1.0,3021694564,20260901
B1_spatial,0.25,per_class,all,micro,map_spearman,0.9977907105262235,0.9977415965570509,0.9978387679485636,1449,1449,1449,1449,,5000,5000,1.0,3021694564,20260901
B1_spatial,0.25,per_class,all,micro,energy_raw,0.006435917776362075,0.005913880181168942,0.007024060059068056,1449,1449,1449,1449,,5000,5000,1.0,3021694564,20260901
B1_spatial,0.25,per_class,all,micro,energy_smoothed,0.004936813976113692,0.004490190900767333,0.00544042447130366,1449,1449,1449,1449,,5000,5000,1.0,3021694564,20260901
B1_spatial,0.25,per_class,all,micro,energy_retention,0.7348897700230774,0.7333709213160251,0.7364652671243833,1449,1449,1449,1449,,5000,5000,1.0,3021694564,20260901
B1_spatial,0.25,per_class,all,micro,smoothed_std_over_raw,0.9555750476071718,0.9550194158101181,0.9561347123227751,1449,1449,1449,1449,,5000,5000,1.0,3021694564,20260901
B1_spatial,0.25,per_class,all,micro,linear_solve_relative_residual,4.916051268440269e-06,4.849134930485096e-06,4.983453926741724e-06,1449,1449,1449,1449,,5000,5000,1.0,3021694564,20260901
B1_spatial,0.25,per_class,all,micro,cg_iterations,5.0,5.0,5.0,1449,1449,1449,1449,,5000,5000,1.0,3021694564,20260901
B1_spatial,0.25,per_class,all,micro,solve_runtime_ms_per_map,0.0036804966954417976,0.0036418173100164803,0.003719675662860887,1449,1449,1449,1449,,5000,5000,1.0,3021694564,20260901
B1_spatial,0.25,per_class,all,micro,fidelity,0.014592915877514745,0.014251653631661265,0.014944181815586762,1449,1449,1449,1449,,5000,5000,1.0,3021694564,20260901
B1_spatial,0.25,per_class,all,micro,relative_l2_change,0.014592915877514745,0.014251653631661265,0.014944181815586762,1449,1449,1449,1449,,5000,5000,1.0,3021694564,20260901
B1_spatial,0.25,per_class,all,micro,map_pearson,0.998578483396929,0.9985586869677566,0.998597773825242,1449,1449,1449,1449,,5000,5000,1.0,3021694564,20260901
B1_spatial,0.25,per_class,all,micro,map_spearman,0.9974272620932985,0.9973458190625334,0.9975080652122583,1449,1449,1449,1449,,5000,5000,1.0,3021694564,20260901
B1_spatial,0.25,per_class,all,micro,energy_raw,0.009957076567099824,0.009141937668187503,0.010809139461366472,1449,1449,1449,1449,,5000,5000,1.0,3021694564,20260901
B1_spatial,0.25,per_class,all,micro,energy_smoothed,0.007784001280639123,0.00708442763231786,0.008511966793744321,1449,1449,1449,1449,,5000,5000,1.0,3021694564,20260901
B1_spatial,0.25,per_class,all,micro,energy_retention,0.7341985700869248,0.7320691363370525,0.7363190401733704,1449,1449,1449,1449,,5000,5000,1.0,3021694564,20260901
B1_spatial,0.25,per_class,all,micro,smoothed_std_over_raw,0.9573846358196583,0.9567603910479404,0.9580323114785513,1449,1449,1449,1449,,5000,5000,1.0,3021694564,20260901
B1_spatial,0.25,per_class,all,micro,linear_solve_relative_residual,4.710935432637433e-06,4.60400457281909e-06,4.813210402828899e-06,1449,1449,1449,1449,,5000,5000,1.0,3021694564,20260901
B1_spatial,0.25,per_class,all,micro,cg_iterations,5.0,5.0,5.0,1449,1449,1449,1449,,5000,5000,1.0,3021694564,20260901
B1_spatial,0.25,per_class,all,micro,solve_runtime_ms_per_map,0.0036804966954417976,0.0036418173100164803,0.003719675662860887,1449,1449,1449,1449,,5000,5000,1.0,3021694564,20260901
B1_spatial,0.25,per_class,all,micro,fidelity,0.0124941091750555,0.012292852633333205,0.012705000093029368,1449,1449,1449,1449,,5000,5000,1.0,3021694564,20260901
B1_spatial,0.25,per_class,all,micro,relative_l2_change,0.0124941091750555,0.012292852633333205,0.012705000093029368,1449,1449,1449,1449,,5000,5000,1.0,3021694564,20260901
B1_spatial,0.25,per_class,all,micro,map_pearson,0.9987135012039569,0.9986991659752906,0.9987274006615844,1449,1449,1449,1449,,5000,5000,1.0,3021694564,20260901
B1_spatial,0.25,per_class,all,micro,map_spearman,0.9976980565250784,0.9976357149390865,0.9977568381197951,1449,1449,1449,1449,,5000,5000,1.0,3021694564,20260901
B1_spatial,0.25,per_class,all,micro,energy_raw,0.006393511016680258,0.00595584542510547,0.006869880416577719,1449,1449,1449,1449,,5000,5000,1.0,3021694564,20260901
B1_spatial,0.25,per_class,all,micro,energy_smoothed,0.004901239748004878,0.004524535146655818,0.00530867116599523,1449,1449,1449,1449,,5000,5000,1.0,3021694564,20260901
B1_spatial,0.25,per_class,all,micro,energy_retention,0.7306501967401814,0.7288247027845116,0.7325359497432712,1449,1449,1449,1449,,5000,5000,1.0,3021694564,20260901
B1_spatial,0.25,per_class,all,micro,smoothed_std_over_raw,0.9567964320515171,0.9562437822873877,0.9573577310584017,1449,1449,1449,1449,,5000,5000,1.0,3021694564,20260901
B1_spatial,0.25,per_class,all,micro,linear_solve_relative_residual,4.892983570764781e-06,4.821553186016321e-06,4.963953833437626e-06,1449,1449,1449,1449,,5000,5000,1.0,3021694564,20260901
B1_spatial,0.25,per_class,all,micro,cg_iterations,5.0,5.0,5.0,1449,1449,1449,1449,,5000,5000,1.0,3021694564,20260901
B1_spatial,0.25,per_class,all,micro,solve_runtime_ms_per_map,0.0036804966954417976,0.0036418173100164803,0.003719675662860887,1449,1449,1449,1449,,5000,5000,1.0,3021694564,20260901
B1_spatial,0.25,per_class,all,micro,fidelity,0.015290165654903572,0.014889184006533518,0.01570052550115807,1449,1449,1449,1449,,5000,5000,1.0,3021694564,20260901
B1_spatial,0.25,per_class,all,micro,relative_l2_change,0.015290165654903572,0.014889184006533518,0.01570052550115807,1449,1449,1449,1449,,5000,5000,1.0,3021694564,20260901
B1_spatial,0.25,per_class,all,micro,map_pearson,0.9986077208943496,0.9985856177448569,0.9986286603546785,1449,1449,1449,1449,,5000,5000,1.0,3021694564,20260901
B1_spatial,0.25,per_class,all,micro,map_spearman,0.997785042202662,0.9977328618778863,0.997834140897373,1449,1449,1449,1449,,5000,5000,1.0,3021694564,20260901
B1_spatial,0.25,per_class,all,micro,energy_raw,0.01111014053550741,0.010239166576292216,0.01202550827914973,1449,1449,1449,1449,,5000,5000,1.0,3021694564,20260901
B1_spatial,0.25,per_class,all,micro,energy_smoothed,0.0086093454140806,0.007897245145959698,0.009358895960382571,1449,1449,1449,1449,,5000,5000,1.0,3021694564,20260901
B1_spatial,0.25,per_class,all,micro,energy_retention,0.7375656889997079,0.7354988852550525,0.7395904681666544,1449,1449,1449,1449,,5000,5000,1.0,3021694564,20260901
B1_spatial,0.25,per_class,all,micro,smoothed_std_over_raw,0.9592012255417223,0.9585643759589922,0.9598258275998881,1449,1449,1449,1449,,5000,5000,1.0,3021694564,20260901
B1_spatial,0.25,per_class,all,micro,linear_solve_relative_residual,4.848744092440122e-06,4.746310158815763e-06,4.951440467532655e-06,1449,1449,1449,1449,,5000,5000,1.0,3021694564,20260901
B1_spatial,0.25,per_class,all,micro,cg_iterations,5.0,5.0,5.0,1449,1449,1449,1449,,5000,5000,1.0,3021694564,20260901
B1_spatial,0.25,per_class,all,micro,solve_runtime_ms_per_map,0.0036804966954417976,0.0036418173100164803,0.003719675662860887,1449,1449,1449,1449,,5000,5000,1.0,3021694564,20260901
B1_spatial,0.25,per_class,all,micro,fidelity,0.012344407853512948,0.01214825008422833,0.012555642849319017,1449,1449,1449,1449,,5000,5000,1.0,3021694564,20260901
B1_spatial,0.25,per_class,all,micro,relative_l2_change,0.012344407853512948,0.01214825008422833,0.012555642849319017,1449,1449,1449,1449,,5000,5000,1.0,3021694564,20260901
B1_spatial,0.25,per_class,all,micro,map_pearson,0.9986842282070136,0.9986673945996826,0.9987010402030332,1449,1449,1449,1449,,5000,5000,1.0,3021694564,20260901
B1_spatial,0.25,per_class,all,micro,map_spearman,0.9977249116877838,0.9976668255875405,0.9977788645853826,1449,1449,1449,1449,,5000,5000,1.0,3021694564,20260901
B1_spatial,0.25,per_class,all,micro,energy_raw,0.006466636490436712,0.006023816958561011,0.006965373881337804,1449,1449,1449,1449,,5000,5000,1.0,3021694564,20260901
B1_spatial,0.25,per_class,all,micro,energy_smoothed,0.005015141417508915,0.004633154665969802,0.005446029525047975,1449,1449,1449,1449,,5000,5000,1.0,3021694564,20260901
B1_spatial,0.25,per_class,all,micro,energy_retention,0.7355686387907151,0.733454275425341,0.7377441117307333,1449,1449,1449,1449,,5000,5000,1.0,3021694564,20260901
B1_spatial,0.25,per_class,all,micro,smoothed_std_over_raw,0.9565189825081677,0.9559161360517627,0.9571269640846858,1449,1449,1449,1449,,5000,5000,1.0,3021694564,20260901
B1_spatial,0.25,per_class,all,micro,linear_solve_relative_residual,4.893976801471571e-06,4.819301297824324e-06,4.965134703218727e-06,1449,1449,1449,1449,,5000,5000,1.0,3021694564,20260901
B1_spatial,0.25,per_class,all,micro,cg_iterations,5.0,5.0,5.0,1449,1449,1449,1449,,5000,5000,1.0,3021694564,20260901
B1_spatial,0.25,per_class,all,micro,solve_runtime_ms_per_map,0.0036804966954417976,0.0036418173100164803,0.003719675662860887,1449,1449,1449,1449,,5000,5000,1.0,3021694564,20260901
B1_spatial,0.25,per_class,all,micro,fidelity,0.016794174384477428,0.016339996375890384,0.017294889453218786,1449,1449,1449,1449,,5000,5000,1.0,3021694564,20260901
B1_spatial,0.25,per_class,all,micro,relative_l2_change,0.016794174384477428,0.016339996375890384,0.017294889453218786,1449,1449,1449,1449,,5000,5000,1.0,3021694564,20260901
B1_spatial,0.25,per_class,all,micro,map_pearson,0.998593172630497,0.9985713804699866,0.9986144455559834,1449,1449,1449,1449,,5000,5000,1.0,3021694564,20260901
B1_spatial,0.25,per_class,all,micro,map_spearman,0.9974604533654892,0.9973870185930783,0.99753155936201,1449,1449,1449,1449,,5000,5000,1.0,3021694564,20260901
B1_spatial,0.25,per_class,all,micro,energy_raw,0.014805474197810158,0.013621389356630518,0.016123353357279716,1449,1449,1449,1449,,5000,5000,1.0,3021694564,20260901
B1_spatial,0.25,per_class,all,micro,energy_smoothed,0.011796219283640975,0.010789044976020004,0.01289862287654392,1449,1449,1449,1449,,5000,5000,1.0,3021694564,20260901
B1_spatial,0.25,per_class,all,micro,energy_retention,0.7380000101113171,0.735591106114715,0.7405218326228911,1449,1449,1449,1449,,5000,5000,1.0,3021694564,20260901
B1_spatial,0.25,per_class,all,micro,smoothed_std_over_raw,0.9576570798891672,0.9569914465396053,0.9583384224840327,1449,1449,1449,1449,,5000,5000,1.0,3021694564,20260901
B1_spatial,0.25,per_class,all,micro,linear_solve_relative_residual,4.677737139415084e-06,4.566335575673979e-06,4.789227821985828e-06,1449,1449,1449,1449,,5000,5000,1.0,3021694564,20260901
B1_spatial,0.25,per_class,all,micro,cg_iterations,5.0,5.0,5.0,1449,1449,1449,1449,,5000,5000,1.0,3021694564,20260901
B1_spatial,0.25,per_class,all,micro,solve_runtime_ms_per_map,0.0036804966954417976,0.0036418173100164803,0.003719675662860887,1449,1449,1449,1449,,5000,5000,1.0,3021694564,20260901
B1_spatial,0.25,per_class,all,micro,fidelity,0.011761016309456713,0.011523436838850955,0.01201882881981374,1449,1449,1449,1449,,5000,5000,1.0,3021694564,20260901
B1_spatial,0.25,per_class,all,micro,relative_l2_change,0.011761016309456713,0.011523436838850955,0.01201882881981374,1449,1449,1449,1449,,5000,5000,1.0,3021694564,20260901
B1_spatial,0.25,per_class,all,micro,map_pearson,0.9987482493544053,0.9987348374969142,0.998762200391235,1449,1449,1449,1449,,5000,5000,1.0,3021694564,20260901
B1_spatial,0.25,per_class,all,micro,map_spearman,0.9975737941684684,0.997508327252623,0.9976348184609595,1449,1449,1449,1449,,5000,5000,1.0,3021694564,20260901
B1_spatial,0.25,per_class,all,micro,energy_raw,0.006280327728773378,0.005689001639367655,0.0069325529003274496,1449,1449,1449,1449,,5000,5000,1.0,3021694564,20260901
B1_spatial,0.25,per_class,all,micro,energy_smoothed,0.004910065530104533,0.004402229356463549,0.005465968727539733,1449,1449,1449,1449,,5000,5000,1.0,3021694564,20260901
B1_spatial,0.25,per_class,all,micro,energy_retention,0.7320527366476276,0.7302027774173857,0.733970420826625,1449,1449,1449,1449,,5000,5000,1.0,3021694564,20260901
B1_spatial,0.25,per_class,all,micro,smoothed_std_over_raw,0.9563279618798988,0.9558074458045248,0.9568634666846981,1449,1449,1449,1449,,5000,5000,1.0,3021694564,20260901
B1_spatial,0.25,per_class,all,micro,linear_solve_relative_residual,4.589131032550557e-06,4.528133647573585e-06,4.6470424071849614e-06,1449,1449,1449,1449,,5000,5000,1.0,3021694564,20260901
B1_spatial,0.25,per_class,all,micro,cg_iterations,5.0,5.0,5.0,1449,1449,1449,1449,,5000,5000,1.0,3021694564,20260901
B1_spatial,0.25,per_class,all,micro,solve_runtime_ms_per_map,0.0036804966954417976,0.0036418173100164803,0.003719675662860887,1449,1449,1449,1449,,5000,5000,1.0,3021694564,20260901
B1_spatial,0.25,per_class,all,micro,fidelity,0.013283611979692907,0.01299395774938796,0.013586956034273068,1449,1449,1449,1449,,5000,5000,1.0,3021694564,20260901
B1_spatial,0.25,per_class,all,micro,relative_l2_change,0.013283611979692907,0.01299395774938796,0.013586956034273068,1449,1449,1449,1449,,5000,5000,1.0,3021694564,20260901
B1_spatial,0.25,per_class,all,micro,map_pearson,0.9986799716784923,0.9986644053259663,0.9986954555234225,1449,1449,1449,1449,,5000,5000,1.0,3021694564,20260901
B1_spatial,0.25,per_class,all,micro,map_spearman,0.9976432800622049,0.9975742628207859,0.9977095011434035,1449,1449,1449,1449,,5000,5000,1.0,3021694564,20260901
B1_spatial,0.25,per_class,all,micro,energy_raw,0.007938180970101315,0.007242717637284867,0.008696668813621472,1449,1449,1449,1449,,5000,5000,1.0,3021694564,20260901
B1_spatial,0.25,per_class,all,micro,energy_smoothed,0.0061545645108053125,0.0055628495852023,0.006791778376638575,1449,1449,1449,1449,,5000,5000,1.0,3021694564,20260901
B1_spatial,0.25,per_class,all,micro,energy_retention,0.7350358303206965,0.7333402296688905,0.736771246273613,1449,1449,1449,1449,,5000,5000,1.0,3021694564,20260901
B1_spatial,0.25,per_class,all,micro,smoothed_std_over_raw,0.9559370779102634,0.9553513084036306,0.9565065616303431,1449,1449,1449,1449,,5000,5000,1.0,3021694564,20260901
B1_spatial,0.25,per_class,all,micro,linear_solve_relative_residual,4.865386963958436e-06,4.784708240060706e-06,4.944609885614736e-06,1449,1449,1449,1449,,5000,5000,1.0,3021694564,20260901
B1_spatial,0.25,per_class,all,micro,cg_iterations,5.0,5.0,5.0,1449,1449,1449,1449,,5000,5000,1.0,3021694564,20260901
B1_spatial,0.25,per_class,all,micro,solve_runtime_ms_per_map,0.0036804966954417976,0.0036418173100164803,0.003719675662860887,1449,1449,1449,1449,,5000,5000,1.0,3021694564,20260901
B1_spatial,0.25,per_class,all,micro,fidelity,0.013668907876335358,0.013454973837505354,0.013902419452536839,1449,1449,1449,1449,,5000,5000,1.0,3021694564,20260901
B1_spatial,0.25,per_class,all,micro,relative_l2_change,0.013668907876335358,0.013454973837505354,0.013902419452536839,1449,1449,1449,1449,,5000,5000,1.0,3021694564,20260901
B1_spatial,0.25,per_class,all,micro,map_pearson,0.9985890887867919,0.998567831647898,0.9986120882005096,1449,1449,1449,1449,,5000,5000,1.0,3021694564,20260901
B1_spatial,0.25,per_class,all,micro,map_spearman,0.997609203358697,0.9975439498204869,0.9976746737319409,1449,1449,1449,1449,,5000,5000,1.0,3021694564,20260901
B1_spatial,0.25,per_class,all,micro,energy_raw,0.007945276000630174,0.007416845416562443,0.008518270449556204,1449,1449,1449,1449,,5000,5000,1.0,3021694564,20260901
B1_spatial,0.25,per_class,all,micro,energy_smoothed,0.006176429417940709,0.005717131551532277,0.006681004301436776,1449,1449,1449,1449,,5000,5000,1.0,3021694564,20260901
B1_spatial,0.25,per_class,all,micro,energy_retention,0.7346369758649396,0.7322624062210465,0.7372152413064813,1449,1449,1449,1449,,5000,5000,1.0,3021694564,20260901
B1_spatial,0.25,per_class,all,micro,smoothed_std_over_raw,0.9562779887122397,0.9555948206490282,0.9570175217946617,1449,1449,1449,1449,,5000,5000,1.0,3021694564,20260901
B1_spatial,0.25,per_class,all,micro,linear_solve_relative_residual,5.22418200441466e-06,5.137072388075406e-06,5.3071451180835166e-06,1449,1449,1449,1449,,5000,5000,1.0,3021694564,20260901
B1_spatial,0.25,per_class,all,micro,cg_iterations,5.0,5.0,5.0,1449,1449,1449,1449,,5000,5000,1.0,3021694564,20260901
B1_spatial,0.25,per_class,all,micro,solve_runtime_ms_per_map,0.0036804966954417976,0.0036418173100164803,0.003719675662860887,1449,1449,1449,1449,,5000,5000,1.0,3021694564,20260901
B1_spatial,0.25,per_class,all,micro,fidelity,0.012772968752994836,0.012552982004580465,0.013008181210009547,1449,1449,1449,1449,,5000,5000,1.0,3021694564,20260901
B1_spatial,0.25,per_class,all,micro,relative_l2_change,0.012772968752994836,0.012552982004580465,0.013008181210009547,1449,1449,1449,1449,,5000,5000,1.0,3021694564,20260901
B1_spatial,0.25,per_class,all,micro,map_pearson,0.9986244042714437,0.998608849254701,0.9986398078228705,1449,1449,1449,1449,,5000,5000,1.0,3021694564,20260901
B1_spatial,0.25,per_class,all,micro,map_spearman,0.9975428009872358,0.9974701342118288,0.9976104750704815,1449,1449,1449,1449,,5000,5000,1.0,3021694564,20260901
B1_spatial,0.25,per_class,all,micro,energy_raw,0.006688896010021163,0.006193109137774011,0.007227860219292812,1449,1449,1449,1449,,5000,5000,1.0,3021694564,20260901
B1_spatial,0.25,per_class,all,micro,energy_smoothed,0.005107067608540612,0.004691794576806504,0.005551643402733773,1449,1449,1449,1449,,5000,5000,1.0,3021694564,20260901
B1_spatial,0.25,per_class,all,micro,energy_retention,0.7303484727219107,0.7286139938885215,0.732177366109615,1449,1449,1449,1449,,5000,5000,1.0,3021694564,20260901
B1_spatial,0.25,per_class,all,micro,smoothed_std_over_raw,0.9546388427581024,0.9540876924467135,0.9552007995838951,1449,1449,1449,1449,,5000,5000,1.0,3021694564,20260901
B1_spatial,0.25,per_class,all,micro,linear_solve_relative_residual,4.938953395437663e-06,4.868946599107091e-06,5.008193372843461e-06,1449,1449,1449,1449,,5000,5000,1.0,3021694564,20260901
B1_spatial,0.25,per_class,all,micro,cg_iterations,5.0,5.0,5.0,1449,1449,1449,1449,,5000,5000,1.0,3021694564,20260901
B1_spatial,0.25,per_class,all,micro,solve_runtime_ms_per_map,0.0036804966954417976,0.0036418173100164803,0.003719675662860887,1449,1449,1449,1449,,5000,5000,1.0,3021694564,20260901
B1_spatial,0.25,per_class,all,micro,fidelity,0.012981919381507846,0.012767375192718722,0.013200986585653727,1449,1449,1449,1449,,5000,5000,1.0,3021694564,20260901
B1_spatial,0.25,per_class,all,micro,relative_l2_change,0.012981919381507846,0.012767375192718722,0.013200986585653727,1449,1449,1449,1449,,5000,5000,1.0,3021694564,20260901
B1_spatial,0.25,per_class,all,micro,map_pearson,0.9986560408043976,0.9986389601720128,0.9986725912680702,1449,1449,1449,1449,,5000,5000,1.0,3021694564,20260901
B1_spatial,0.25,per_class,all,micro,map_spearman,0.9975116227806807,0.9974431662476416,0.9975760559004451,1449,1449,1449,1449,,5000,5000,1.0,3021694564,20260901
B1_spatial,0.25,per_class,all,micro,energy_raw,0.006977521766040132,0.006507174892552207,0.007463587284641851,1449,1449,1449,1449,,5000,5000,1.0,3021694564,20260901
B1_spatial,0.25,per_class,all,micro,energy_smoothed,0.005369287207957262,0.004959807766338645,0.005791424268072428,1449,1449,1449,1449,,5000,5000,1.0,3021694564,20260901
B1_spatial,0.25,per_class,all,micro,energy_retention,0.7310701150002358,0.7290997689863663,0.7330642357766834,1449,1449,1449,1449,,5000,5000,1.0,3021694564,20260901
B1_spatial,0.25,per_class,all,micro,smoothed_std_over_raw,0.9551144267790395,0.9544954929611369,0.9557394581644432,1449,1449,1449,1449,,5000,5000,1.0,3021694564,20260901
B1_spatial,0.25,per_class,all,micro,linear_solve_relative_residual,4.900099774638171e-06,4.819173006646167e-06,4.977874022531603e-06,1449,1449,1449,1449,,5000,5000,1.0,3021694564,20260901
B1_spatial,0.25,per_class,all,micro,cg_iterations,5.0,5.0,5.0,1449,1449,1449,1449,,5000,5000,1.0,3021694564,20260901
B1_spatial,0.25,per_class,all,micro,solve_runtime_ms_per_map,0.0036804966954417976,0.0036418173100164803,0.003719675662860887,1449,1449,1449,1449,,5000,5000,1.0,3021694564,20260901
B1_spatial,0.25,per_class,all,micro,fidelity,0.02045216531414999,0.01988695081748554,0.021013039421178322,1449,1449,1449,1449,,5000,5000,1.0,3021694564,20260901
B1_spatial,0.25,per_class,all,micro,relative_l2_change,0.02045216531414999,0.01988695081748554,0.021013039421178322,1449,1449,1449,1449,,5000,5000,1.0,3021694564,20260901
B1_spatial,0.25,per_class,all,micro,map_pearson,0.998639874988132,0.9986061785017893,0.998673277255212,1449,1449,1449,1449,,5000,5000,1.0,3021694564,20260901
B1_spatial,0.25,per_class,all,micro,map_spearman,0.9979219077536778,0.9978704797298107,0.9979741886679759,1449,1449,1449,1449,,5000,5000,1.0,3021694564,20260901
B1_spatial,0.25,per_class,all,micro,energy_raw,0.0222429568860667,0.020734521377083072,0.023750811653348934,1449,1449,1449,1449,,5000,5000,1.0,3021694564,20260901
B1_spatial,0.25,per_class,all,micro,energy_smoothed,0.017964527866959935,0.01670751706875004,0.01921976908644998,1449,1449,1449,1449,,5000,5000,1.0,3021694564,20260901
B1_spatial,0.25,per_class,all,micro,energy_retention,0.7651430647730252,0.7619888975393616,0.7683669574317067,1449,1449,1449,1449,,5000,5000,1.0,3021694564,20260901
B1_spatial,0.25,per_class,all,micro,smoothed_std_over_raw,0.9629339595923677,0.9621296402779096,0.963762316074842,1449,1449,1449,1449,,5000,5000,1.0,3021694564,20260901
B1_spatial,0.25,per_class,all,micro,linear_solve_relative_residual,3.943605878919156e-06,3.8046695676308985e-06,4.085636657361952e-06,1449,1449,1449,1449,,5000,5000,1.0,3021694564,20260901
B1_spatial,0.25,per_class,all,micro,cg_iterations,5.0,5.0,5.0,1449,1449,1449,1449,,5000,5000,1.0,3021694564,20260901
B1_spatial,0.25,per_class,all,micro,solve_runtime_ms_per_map,0.0036804966954417976,0.0036418173100164803,0.003719675662860887,1449,1449,1449,1449,,5000,5000,1.0,3021694564,20260901
B1_spatial,0.25,per_class,all,micro,fidelity,0.01583203837581447,0.015493188096416678,0.01619558075085871,1449,1449,1449,1449,,5000,5000,1.0,3021694564,20260901
B1_spatial,0.25,per_class,all,micro,relative_l2_change,0.01583203837581447,0.015493188096416678,0.01619558075085871,1449,1449,1449,1449,,5000,5000,1.0,3021694564,20260901
B1_spatial,0.25,per_class,all,micro,map_pearson,0.9983995034827949,0.998374752930685,0.9984232782947351,1449,1449,1449,1449,,5000,5000,1.0,3021694564,20260901
B1_spatial,0.25,per_class,all,micro,map_spearman,0.9974980935135572,0.9974468327364566,0.9975494759423391,1449,1449,1449,1449,,5000,5000,1.0,3021694564,20260901
B1_spatial,0.25,per_class,all,micro,energy_raw,0.010750137634570224,0.009957915669991785,0.011624457153372448,1449,1449,1449,1449,,5000,5000,1.0,3021694564,20260901
B1_spatial,0.25,per_class,all,micro,energy_smoothed,0.008218990385534307,0.007555562405852798,0.008954646179364242,1449,1449,1449,1449,,5000,5000,1.0,3021694564,20260901
B1_spatial,0.25,per_class,all,micro,energy_retention,0.7232734047601436,0.7212193063584338,0.7253563913252536,1449,1449,1449,1449,,5000,5000,1.0,3021694564,20260901
B1_spatial,0.25,per_class,all,micro,smoothed_std_over_raw,0.9559958129607043,0.9553167037640135,0.9566531883273723,1449,1449,1449,1449,,5000,5000,1.0,3021694564,20260901
B1_spatial,0.25,per_class,all,micro,linear_solve_relative_residual,5.1250670669925964e-06,5.018339446951351e-06,5.2313556638897406e-06,1449,1449,1449,1449,,5000,5000,1.0,3021694564,20260901
B1_spatial,0.25,per_class,all,micro,cg_iterations,5.0,5.0,5.0,1449,1449,1449,1449,,5000,5000,1.0,3021694564,20260901
B1_spatial,0.25,per_class,all,micro,solve_runtime_ms_per_map,0.0036804966954417976,0.0036418173100164803,0.003719675662860887,1449,1449,1449,1449,,5000,5000,1.0,3021694564,20260901
B1_spatial,0.25,per_class,all,micro,fidelity,0.011812804904403236,0.01165217939233041,0.011983045231129297,1449,1449,1449,1449,,5000,5000,1.0,3021694564,20260901
B1_spatial,0.25,per_class,all,micro,relative_l2_change,0.011812804904403236,0.01165217939233041,0.011983045231129297,1449,1449,1449,1449,,5000,5000,1.0,3021694564,20260901
B1_spatial,0.25,per_class,all,micro,map_pearson,0.9987032415128066,0.9986890102498197,0.9987173830572287,1449,1449,1449,1449,,5000,5000,1.0,3021694564,20260901
B1_spatial,0.25,per_class,all,micro,map_spearman,0.9976825464833103,0.9976152132417597,0.9977446063756531,1449,1449,1449,1449,,5000,5000,1.0,3021694564,20260901
B1_spatial,0.25,per_class,all,micro,energy_raw,0.005394981875970672,0.005067931797665212,0.005758246023698309,1449,1449,1449,1449,,5000,5000,1.0,3021694564,20260901
B1_spatial,0.25,per_class,all,micro,energy_smoothed,0.004082610198615403,0.00380736111178901,0.004390001816376918,1449,1449,1449,1449,,5000,5000,1.0,3021694564,20260901
B1_spatial,0.25,per_class,all,micro,energy_retention,0.736295915990965,0.734736838145985,0.7377632904651249,1449,1449,1449,1449,,5000,5000,1.0,3021694564,20260901
B1_spatial,0.25,per_class,all,micro,smoothed_std_over_raw,0.955711535415294,0.955165438356072,0.9562497208762614,1449,1449,1449,1449,,5000,5000,1.0,3021694564,20260901
B1_spatial,0.25,per_class,all,micro,linear_solve_relative_residual,4.899283323119555e-06,4.839406305112643e-06,4.959867173105014e-06,1449,1449,1449,1449,,5000,5000,1.0,3021694564,20260901
B1_spatial,0.25,per_class,all,micro,cg_iterations,5.0,5.0,5.0,1449,1449,1449,1449,,5000,5000,1.0,3021694564,20260901
B1_spatial,0.25,per_class,all,micro,solve_runtime_ms_per_map,0.0036804966954417976,0.0036418173100164803,0.003719675662860887,1449,1449,1449,1449,,5000,5000,1.0,3021694564,20260901
B1_spatial,0.25,per_class,all,micro,fidelity,0.014401660849686694,0.014016699227951132,0.014825231955612297,1449,1449,1449,1449,,5000,5000,1.0,3021694564,20260901
B1_spatial,0.25,per_class,all,micro,relative_l2_change,0.014401660849686694,0.014016699227951132,0.014825231955612297,1449,1449,1449,1449,,5000,5000,1.0,3021694564,20260901
B1_spatial,0.25,per_class,all,micro,map_pearson,0.9987119538278889,0.9986949548639454,0.9987287592505323,1449,1449,1449,1449,,5000,5000,1.0,3021694564,20260901
B1_spatial,0.25,per_class,all,micro,map_spearman,0.9975193499531558,0.9974392279036461,0.9975947190546595,1449,1449,1449,1449,,5000,5000,1.0,3021694564,20260901
B1_spatial,0.25,per_class,all,micro,energy_raw,0.011132027114531973,0.010098342718553711,0.012299771747030277,1449,1449,1449,1449,,5000,5000,1.0,3021694564,20260901
B1_spatial,0.25,per_class,all,micro,energy_smoothed,0.008952009756670168,0.008061402289231717,0.009954147252839959,1449,1449,1449,1449,,5000,5000,1.0,3021694564,20260901
B1_spatial,0.25,per_class,all,micro,energy_retention,0.7409477737379371,0.7386720706916332,0.7433149561049446,1449,1449,1449,1449,,5000,5000,1.0,3021694564,20260901
B1_spatial,0.25,per_class,all,micro,smoothed_std_over_raw,0.956748055992166,0.9561202842749917,0.957392713362756,1449,1449,1449,1449,,5000,5000,1.0,3021694564,20260901
B1_spatial,0.25,per_class,all,micro,linear_solve_relative_residual,4.5999526595748375e-06,4.508516598177073e-06,4.690937094418582e-06,1449,1449,1449,1449,,5000,5000,1.0,3021694564,20260901
B1_spatial,0.25,per_class,all,micro,cg_iterations,5.0,5.0,5.0,1449,1449,1449,1449,,5000,5000,1.0,3021694564,20260901
B1_spatial,0.25,per_class,all,micro,solve_runtime_ms_per_map,0.0036804966954417976,0.0036418173100164803,0.003719675662860887,1449,1449,1449,1449,,5000,5000,1.0,3021694564,20260901
B1_spatial,0.25,per_class,all,micro,fidelity,0.011499603888568815,0.011313113169074561,0.01169441358970923,1449,1449,1449,1449,,5000,5000,1.0,3021694564,20260901
B1_spatial,0.25,per_class,all,micro,relative_l2_change,0.011499603888568815,0.011313113169074561,0.01169441358970923,1449,1449,1449,1449,,5000,5000,1.0,3021694564,20260901
B1_spatial,0.25,per_class,all,micro,map_pearson,0.9987803652748887,0.9987680414551451,0.9987920243424164,1449,1449,1449,1449,,5000,5000,1.0,3021694564,20260901
B1_spatial,0.25,per_class,all,micro,map_spearman,0.9978229273509124,0.997765696751117,0.9978766666127534,1449,1449,1449,1449,,5000,5000,1.0,3021694564,20260901
B1_spatial,0.25,per_class,all,micro,energy_raw,0.0053733743537118395,0.0049774016077802,0.0058076667180879385,1449,1449,1449,1449,,5000,5000,1.0,3021694564,20260901
B1_spatial,0.25,per_class,all,micro,energy_smoothed,0.004107855844778684,0.003768290717735934,0.0044780653998210095,1449,1449,1449,1449,,5000,5000,1.0,3021694564,20260901
B1_spatial,0.25,per_class,all,micro,energy_retention,0.7360434809004216,0.7345546945384488,0.7374936737125294,1449,1449,1449,1449,,5000,5000,1.0,3021694564,20260901
B1_spatial,0.25,per_class,all,micro,smoothed_std_over_raw,0.9568003738148613,0.9562891187422682,0.9573084728688187,1449,1449,1449,1449,,5000,5000,1.0,3021694564,20260901
B1_spatial,0.25,per_class,all,micro,linear_solve_relative_residual,4.75676410399936e-06,4.695720661644218e-06,4.818237183256525e-06,1449,1449,1449,1449,,5000,5000,1.0,3021694564,20260901
B1_spatial,0.25,per_class,all,micro,cg_iterations,5.0,5.0,5.0,1449,1449,1449,1449,,5000,5000,1.0,3021694564,20260901
B1_spatial,0.25,per_class,all,micro,solve_runtime_ms_per_map,0.0036804966954417976,0.0036418173100164803,0.003719675662860887,1449,1449,1449,1449,,5000,5000,1.0,3021694564,20260901
B1_spatial,0.25,per_class,all,micro,fidelity,0.013604934993177508,0.013344509871400189,0.013890118538845506,1449,1449,1449,1449,,5000,5000,1.0,3021694564,20260901
B1_spatial,0.25,per_class,all,micro,relative_l2_change,0.013604934993177508,0.013344509871400189,0.013890118538845506,1449,1449,1449,1449,,5000,5000,1.0,3021694564,20260901
B1_spatial,0.25,per_class,all,micro,map_pearson,0.9986310075940223,0.9986134245251277,0.9986488332309914,1449,1449,1449,1449,,5000,5000,1.0,3021694564,20260901
B1_spatial,0.25,per_class,all,micro,map_spearman,0.9975042100031677,0.9974238849081114,0.9975792349474935,1449,1449,1449,1449,,5000,5000,1.0,3021694564,20260901
B1_spatial,0.25,per_class,all,micro,energy_raw,0.00786857993076533,0.00728543670919918,0.008496688443451047,1449,1449,1449,1449,,5000,5000,1.0,3021694564,20260901
B1_spatial,0.25,per_class,all,micro,energy_smoothed,0.006032253893139194,0.00554076035980759,0.00655772696319727,1449,1449,1449,1449,,5000,5000,1.0,3021694564,20260901
B1_spatial,0.25,per_class,all,micro,energy_retention,0.7322259323197122,0.7303866422386149,0.7340539180621597,1449,1449,1449,1449,,5000,5000,1.0,3021694564,20260901
B1_spatial,0.25,per_class,all,micro,smoothed_std_over_raw,0.9577647283457328,0.9572139569608978,0.9583215518130196,1449,1449,1449,1449,,5000,5000,1.0,3021694564,20260901
B1_spatial,0.25,per_class,all,micro,linear_solve_relative_residual,5.008443962619643e-06,4.920013758882837e-06,5.095262894443807e-06,1449,1449,1449,1449,,5000,5000,1.0,3021694564,20260901
B1_spatial,0.25,per_class,all,micro,cg_iterations,5.0,5.0,5.0,1449,1449,1449,1449,,5000,5000,1.0,3021694564,20260901
B1_spatial,0.25,per_class,all,micro,solve_runtime_ms_per_map,0.0036804966954417976,0.0036418173100164803,0.003719675662860887,1449,1449,1449,1449,,5000,5000,1.0,3021694564,20260901
B1_spatial,0.5,all_class_maps,all,micro,fidelity,0.023138040444171577,0.0229248729629114,0.023359613582696587,1449,1449,28980,28980,,5000,5000,1.0,3021694564,20260901
B1_spatial,0.5,all_class_maps,all,micro,relative_l2_change,0.023138040444171577,0.0229248729629114,0.023359613582696587,1449,1449,28980,28980,,5000,5000,1.0,3021694564,20260901
B1_spatial,0.5,all_class_maps,all,micro,map_pearson,0.9960552237192625,0.9960283483045524,0.9960816975845458,1449,1449,28980,28980,,5000,5000,1.0,3021694564,20260901
B1_spatial,0.5,all_class_maps,all,micro,map_spearman,0.9933875166049408,0.9932732033773259,0.9934983821381386,1449,1449,28980,28980,,5000,5000,1.0,3021694564,20260901
B1_spatial,0.5,all_class_maps,all,micro,energy_raw,0.008560702559979904,0.008338373786745063,0.008799121273902,1449,1449,28980,28980,,5000,5000,1.0,3021694564,20260901
B1_spatial,0.5,all_class_maps,all,micro,energy_smoothed,0.00554932257300299,0.005387325928855463,0.005719293748253223,1449,1449,28980,28980,,5000,5000,1.0,3021694564,20260901
B1_spatial,0.5,all_class_maps,all,micro,energy_retention,0.5827643358723882,0.581529920460403,0.5840364427606687,1449,1449,28980,28980,,5000,5000,1.0,3021694564,20260901
B1_spatial,0.5,all_class_maps,all,micro,smoothed_std_over_raw,0.9258483957470985,0.9253629554604007,0.9263251518072487,1449,1449,28980,28980,,5000,5000,1.0,3021694564,20260901
B1_spatial,0.5,all_class_maps,all,micro,linear_solve_relative_residual,5.701611890557731e-06,5.663283117010629e-06,5.73788299460366e-06,1449,1449,28980,28980,,5000,5000,1.0,3021694564,20260901
B1_spatial,0.5,all_class_maps,all,micro,cg_iterations,6.0,6.0,6.0,1449,1449,28980,28980,,5000,5000,1.0,3021694564,20260901
B1_spatial,0.5,all_class_maps,all,micro,solve_runtime_ms_per_map,0.0038877766424490526,0.003867268139345577,0.003910635684847531,1449,1449,28980,28980,,5000,5000,1.0,3021694564,20260901
B1_spatial,0.5,all_class_maps,all,macro_class,fidelity,0.023138040444171573,0.0229248729629114,0.023359613582696587,1449,1449,28980,28980,20,5000,5000,1.0,3021694564,20260901
B1_spatial,0.5,all_class_maps,all,macro_class,relative_l2_change,0.023138040444171573,0.0229248729629114,0.023359613582696587,1449,1449,28980,28980,20,5000,5000,1.0,3021694564,20260901
B1_spatial,0.5,all_class_maps,all,macro_class,map_pearson,0.9960552237192626,0.9960283483045524,0.9960816975845459,1449,1449,28980,28980,20,5000,5000,1.0,3021694564,20260901
B1_spatial,0.5,all_class_maps,all,macro_class,map_spearman,0.993387516604941,0.993273203377326,0.9934983821381386,1449,1449,28980,28980,20,5000,5000,1.0,3021694564,20260901
B1_spatial,0.5,all_class_maps,all,macro_class,energy_raw,0.008560702559979908,0.008338373786745063,0.008799121273902,1449,1449,28980,28980,20,5000,5000,1.0,3021694564,20260901
B1_spatial,0.5,all_class_maps,all,macro_class,energy_smoothed,0.005549322573002991,0.005387325928855464,0.005719293748253221,1449,1449,28980,28980,20,5000,5000,1.0,3021694564,20260901
B1_spatial,0.5,all_class_maps,all,macro_class,energy_retention,0.5827643358723883,0.5815299204604031,0.5840364427606687,1449,1449,28980,28980,20,5000,5000,1.0,3021694564,20260901
B1_spatial,0.5,all_class_maps,all,macro_class,smoothed_std_over_raw,0.9258483957470987,0.9253629554604007,0.9263251518072487,1449,1449,28980,28980,20,5000,5000,1.0,3021694564,20260901
B1_spatial,0.5,all_class_maps,all,macro_class,linear_solve_relative_residual,5.70161189055773e-06,5.6632831170106295e-06,5.73788299460366e-06,1449,1449,28980,28980,20,5000,5000,1.0,3021694564,20260901
B1_spatial,0.5,all_class_maps,all,macro_class,cg_iterations,6.0,6.0,6.0,1449,1449,28980,28980,20,5000,5000,1.0,3021694564,20260901
B1_spatial,0.5,all_class_maps,all,macro_class,solve_runtime_ms_per_map,0.003887776642449049,0.003867268139345575,0.00391063568484753,1449,1449,28980,28980,20,5000,5000,1.0,3021694564,20260901
B1_spatial,0.5,all_class_maps,single_label,micro,fidelity,0.021485061718034434,0.021253665874987445,0.02171912546658023,927,927,18540,18540,,5000,5000,1.0,3021694564,20260901
B1_spatial,0.5,all_class_maps,single_label,micro,relative_l2_change,0.021485061718034434,0.021253665874987445,0.02171912546658023,927,927,18540,18540,,5000,5000,1.0,3021694564,20260901
B1_spatial,0.5,all_class_maps,single_label,micro,map_pearson,0.996079537574656,0.9960441386239943,0.9961154628497626,927,927,18540,18540,,5000,5000,1.0,3021694564,20260901
B1_spatial,0.5,all_class_maps,single_label,micro,map_spearman,0.9928961944136419,0.9927205134316588,0.9930548714403516,927,927,18540,18540,,5000,5000,1.0,3021694564,20260901
B1_spatial,0.5,all_class_maps,single_label,micro,energy_raw,0.006739255981066464,0.006525470391181321,0.006959116221324721,927,927,18540,18540,,5000,5000,1.0,3021694564,20260901
B1_spatial,0.5,all_class_maps,single_label,micro,energy_smoothed,0.0041995495869261955,0.004050129213515556,0.00435294914818246,927,927,18540,18540,,5000,5000,1.0,3021694564,20260901
B1_spatial,0.5,all_class_maps,single_label,micro,energy_retention,0.5749015420980695,0.5734171916563325,0.5763810811245246,927,927,18540,18540,,5000,5000,1.0,3021694564,20260901
B1_spatial,0.5,all_class_maps,single_label,micro,smoothed_std_over_raw,0.9237304256539772,0.9231207929742086,0.9243284016839572,927,927,18540,18540,,5000,5000,1.0,3021694564,20260901
B1_spatial,0.5,all_class_maps,single_label,micro,linear_solve_relative_residual,5.819207660837229e-06,5.774853797968305e-06,5.862879941946042e-06,927,927,18540,18540,,5000,5000,1.0,3021694564,20260901
B1_spatial,0.5,all_class_maps,single_label,micro,cg_iterations,6.0,6.0,6.0,927,927,18540,18540,,5000,5000,1.0,3021694564,20260901
B1_spatial,0.5,all_class_maps,single_label,micro,solve_runtime_ms_per_map,0.0038871870960381213,0.00386229180790989,0.003916627391829372,927,927,18540,18540,,5000,5000,1.0,3021694564,20260901
B1_spatial,0.5,all_class_maps,single_label,macro_class,fidelity,0.02148506171803443,0.021253665874987445,0.02171912546658024,927,927,18540,18540,20,5000,5000,1.0,3021694564,20260901
B1_spatial,0.5,all_class_maps,single_label,macro_class,relative_l2_change,0.02148506171803443,0.021253665874987445,0.02171912546658024,927,927,18540,18540,20,5000,5000,1.0,3021694564,20260901
B1_spatial,0.5,all_class_maps,single_label,macro_class,map_pearson,0.9960795375746561,0.9960441386239945,0.9961154628497628,927,927,18540,18540,20,5000,5000,1.0,3021694564,20260901
B1_spatial,0.5,all_class_maps,single_label,macro_class,map_spearman,0.9928961944136419,0.992720513431659,0.9930548714403516,927,927,18540,18540,20,5000,5000,1.0,3021694564,20260901
B1_spatial,0.5,all_class_maps,single_label,macro_class,energy_raw,0.006739255981066462,0.006525470391181321,0.00695911622132472,927,927,18540,18540,20,5000,5000,1.0,3021694564,20260901
B1_spatial,0.5,all_class_maps,single_label,macro_class,energy_smoothed,0.004199549586926196,0.004050129213515556,0.004352949148182459,927,927,18540,18540,20,5000,5000,1.0,3021694564,20260901
B1_spatial,0.5,all_class_maps,single_label,macro_class,energy_retention,0.5749015420980697,0.5734171916563325,0.5763810811245245,927,927,18540,18540,20,5000,5000,1.0,3021694564,20260901
B1_spatial,0.5,all_class_maps,single_label,macro_class,smoothed_std_over_raw,0.9237304256539772,0.9231207929742086,0.9243284016839572,927,927,18540,18540,20,5000,5000,1.0,3021694564,20260901
B1_spatial,0.5,all_class_maps,single_label,macro_class,linear_solve_relative_residual,5.819207660837229e-06,5.774853797968304e-06,5.862879941946043e-06,927,927,18540,18540,20,5000,5000,1.0,3021694564,20260901
B1_spatial,0.5,all_class_maps,single_label,macro_class,cg_iterations,6.0,6.0,6.0,927,927,18540,18540,20,5000,5000,1.0,3021694564,20260901
B1_spatial,0.5,all_class_maps,single_label,macro_class,solve_runtime_ms_per_map,0.003887187096038121,0.0038622918079098912,0.003916627391829372,927,927,18540,18540,20,5000,5000,1.0,3021694564,20260901
B1_spatial,0.5,all_class_maps,exactly_2_labels,micro,fidelity,0.025290680253629884,0.024972199841523542,0.025612355572550247,375,375,7500,7500,,5000,5000,1.0,3021694564,20260901
B1_spatial,0.5,all_class_maps,exactly_2_labels,micro,relative_l2_change,0.025290680253629884,0.024972199841523542,0.025612355572550247,375,375,7500,7500,,5000,5000,1.0,3021694564,20260901
B1_spatial,0.5,all_class_maps,exactly_2_labels,micro,map_pearson,0.9959988532304764,0.9959510506212712,0.9960447342503072,375,375,7500,7500,,5000,5000,1.0,3021694564,20260901
B1_spatial,0.5,all_class_maps,exactly_2_labels,micro,map_spearman,0.9942040243466695,0.9941009686674674,0.994302918981115,375,375,7500,7500,,5000,5000,1.0,3021694564,20260901
B1_spatial,0.5,all_class_maps,exactly_2_labels,micro,energy_raw,0.010749907921534031,0.010364591250340454,0.011158526960033147,375,375,7500,7500,,5000,5000,1.0,3021694564,20260901
B1_spatial,0.5,all_class_maps,exactly_2_labels,micro,energy_smoothed,0.007152228942032283,0.006869835928482935,0.0074432689866897024,375,375,7500,7500,,5000,5000,1.0,3021694564,20260901
B1_spatial,0.5,all_class_maps,exactly_2_labels,micro,energy_retention,0.5936022446711858,0.5916485764002799,0.5955604136422277,375,375,7500,7500,,5000,5000,1.0,3021694564,20260901
B1_spatial,0.5,all_class_maps,exactly_2_labels,micro,smoothed_std_over_raw,0.9289172425905864,0.9279966286204259,0.9298227442069849,375,375,7500,7500,,5000,5000,1.0,3021694564,20260901
B1_spatial,0.5,all_class_maps,exactly_2_labels,micro,linear_solve_relative_residual,5.53587167094823e-06,5.454810758928186e-06,5.610415224834924e-06,375,375,7500,7500,,5000,5000,1.0,3021694564,20260901
B1_spatial,0.5,all_class_maps,exactly_2_labels,micro,cg_iterations,6.0,6.0,6.0,375,375,7500,7500,,5000,5000,1.0,3021694564,20260901
B1_spatial,0.5,all_class_maps,exactly_2_labels,micro,solve_runtime_ms_per_map,0.0038832121573957722,0.003849700110198076,0.003929648958421442,375,375,7500,7500,,5000,5000,1.0,3021694564,20260901
B1_spatial,0.5,all_class_maps,exactly_2_labels,macro_class,fidelity,0.025290680253629884,0.02497219984152354,0.025612355572550243,375,375,7500,7500,20,5000,5000,1.0,3021694564,20260901
B1_spatial,0.5,all_class_maps,exactly_2_labels,macro_class,relative_l2_change,0.025290680253629884,0.02497219984152354,0.025612355572550243,375,375,7500,7500,20,5000,5000,1.0,3021694564,20260901
B1_spatial,0.5,all_class_maps,exactly_2_labels,macro_class,map_pearson,0.9959988532304764,0.9959510506212711,0.9960447342503069,375,375,7500,7500,20,5000,5000,1.0,3021694564,20260901
B1_spatial,0.5,all_class_maps,exactly_2_labels,macro_class,map_spearman,0.9942040243466697,0.9941009686674674,0.9943029189811151,375,375,7500,7500,20,5000,5000,1.0,3021694564,20260901
B1_spatial,0.5,all_class_maps,exactly_2_labels,macro_class,energy_raw,0.010749907921534033,0.010364591250340456,0.011158526960033147,375,375,7500,7500,20,5000,5000,1.0,3021694564,20260901
B1_spatial,0.5,all_class_maps,exactly_2_labels,macro_class,energy_smoothed,0.007152228942032285,0.006869835928482936,0.007443268986689701,375,375,7500,7500,20,5000,5000,1.0,3021694564,20260901
B1_spatial,0.5,all_class_maps,exactly_2_labels,macro_class,energy_retention,0.5936022446711859,0.5916485764002799,0.5955604136422277,375,375,7500,7500,20,5000,5000,1.0,3021694564,20260901
B1_spatial,0.5,all_class_maps,exactly_2_labels,macro_class,smoothed_std_over_raw,0.9289172425905864,0.9279966286204258,0.929822744206985,375,375,7500,7500,20,5000,5000,1.0,3021694564,20260901
B1_spatial,0.5,all_class_maps,exactly_2_labels,macro_class,linear_solve_relative_residual,5.53587167094823e-06,5.454810758928184e-06,5.610415224834924e-06,375,375,7500,7500,20,5000,5000,1.0,3021694564,20260901
B1_spatial,0.5,all_class_maps,exactly_2_labels,macro_class,cg_iterations,6.0,6.0,6.0,375,375,7500,7500,20,5000,5000,1.0,3021694564,20260901
B1_spatial,0.5,all_class_maps,exactly_2_labels,macro_class,solve_runtime_ms_per_map,0.0038832121573957727,0.003849700110198076,0.003929648958421441,375,375,7500,7500,20,5000,5000,1.0,3021694564,20260901
B1_spatial,0.5,all_class_maps,3plus_labels,micro,fidelity,0.02807049861139789,0.027595413870646995,0.028538569627602133,147,147,2940,2940,,5000,5000,1.0,3021694564,20260901
B1_spatial,0.5,all_class_maps,3plus_labels,micro,relative_l2_change,0.02807049861139789,0.027595413870646995,0.028538569627602133,147,147,2940,2940,,5000,5000,1.0,3021694564,20260901
B1_spatial,0.5,all_class_maps,3plus_labels,micro,map_pearson,0.9960456998372564,0.9959738069205056,0.9961153292225129,147,147,2940,2940,,5000,5000,1.0,3021694564,20260901
B1_spatial,0.5,all_class_maps,3plus_labels,micro,map_spearman,0.9944029265925998,0.9942651868606506,0.9945357465531145,147,147,2940,2940,,5000,5000,1.0,3021694564,20260901
B1_spatial,0.5,all_class_maps,3plus_labels,micro,energy_raw,0.014462260165898015,0.013762959155064397,0.015164014389013812,147,147,2940,2940,,5000,5000,1.0,3021694564,20260901
B1_spatial,0.5,all_class_maps,3plus_labels,micro,energy_smoothed,0.009972109441759483,0.009451991658075514,0.01049746321324579,147,147,2940,2940,,5000,5000,1.0,3021694564,20260901
B1_spatial,0.5,all_class_maps,3plus_labels,micro,energy_retention,0.6047003496767712,0.6019634015541396,0.6073572568737325,147,147,2940,2940,,5000,5000,1.0,3021694564,20260901
B1_spatial,0.5,all_class_maps,3plus_labels,micro,smoothed_std_over_raw,0.9313758835703337,0.929954292846172,0.9327265137783727,147,147,2940,2940,,5000,5000,1.0,3021694564,20260901
B1_spatial,0.5,all_class_maps,3plus_labels,micro,linear_solve_relative_residual,5.382845246370436e-06,5.2543553558036886e-06,5.4999175005088525e-06,147,147,2940,2940,,5000,5000,1.0,3021694564,20260901
B1_spatial,0.5,all_class_maps,3plus_labels,micro,cg_iterations,6.0,6.0,6.0,147,147,2940,2940,,5000,5000,1.0,3021694564,20260901
B1_spatial,0.5,all_class_maps,3plus_labels,micro,solve_runtime_ms_per_map,0.00390313848882941,0.0038484001202452583,0.0039885866311509775,147,147,2940,2940,,5000,5000,1.0,3021694564,20260901
B1_spatial,0.5,all_class_maps,3plus_labels,macro_class,fidelity,0.028070498611397893,0.027595413870646995,0.028538569627602133,147,147,2940,2940,20,5000,5000,1.0,3021694564,20260901
B1_spatial,0.5,all_class_maps,3plus_labels,macro_class,relative_l2_change,0.028070498611397893,0.027595413870646995,0.028538569627602133,147,147,2940,2940,20,5000,5000,1.0,3021694564,20260901
B1_spatial,0.5,all_class_maps,3plus_labels,macro_class,map_pearson,0.9960456998372565,0.9959738069205059,0.996115329222513,147,147,2940,2940,20,5000,5000,1.0,3021694564,20260901
B1_spatial,0.5,all_class_maps,3plus_labels,macro_class,map_spearman,0.9944029265925997,0.9942651868606507,0.9945357465531143,147,147,2940,2940,20,5000,5000,1.0,3021694564,20260901
B1_spatial,0.5,all_class_maps,3plus_labels,macro_class,energy_raw,0.014462260165898019,0.013762959155064399,0.015164014389013812,147,147,2940,2940,20,5000,5000,1.0,3021694564,20260901
B1_spatial,0.5,all_class_maps,3plus_labels,macro_class,energy_smoothed,0.009972109441759483,0.009451991658075514,0.01049746321324579,147,147,2940,2940,20,5000,5000,1.0,3021694564,20260901
B1_spatial,0.5,all_class_maps,3plus_labels,macro_class,energy_retention,0.6047003496767712,0.6019634015541395,0.6073572568737327,147,147,2940,2940,20,5000,5000,1.0,3021694564,20260901
B1_spatial,0.5,all_class_maps,3plus_labels,macro_class,smoothed_std_over_raw,0.9313758835703337,0.9299542928461719,0.9327265137783727,147,147,2940,2940,20,5000,5000,1.0,3021694564,20260901
B1_spatial,0.5,all_class_maps,3plus_labels,macro_class,linear_solve_relative_residual,5.382845246370436e-06,5.254355355803688e-06,5.499917500508851e-06,147,147,2940,2940,20,5000,5000,1.0,3021694564,20260901
B1_spatial,0.5,all_class_maps,3plus_labels,macro_class,cg_iterations,6.0,6.0,6.0,147,147,2940,2940,20,5000,5000,1.0,3021694564,20260901
B1_spatial,0.5,all_class_maps,3plus_labels,macro_class,solve_runtime_ms_per_map,0.0039031384888294092,0.003848400120245258,0.003988586631150976,147,147,2940,2940,20,5000,5000,1.0,3021694564,20260901
B1_spatial,0.5,per_class,all,micro,fidelity,0.019840611578103507,0.0195652608568327,0.02013811523696052,1449,1449,1449,1449,,5000,5000,1.0,3021694564,20260901
B1_spatial,0.5,per_class,all,micro,relative_l2_change,0.019840611578103507,0.0195652608568327,0.02013811523696052,1449,1449,1449,1449,,5000,5000,1.0,3021694564,20260901
B1_spatial,0.5,per_class,all,micro,map_pearson,0.9962891742967589,0.9962510357732358,0.9963279710567104,1449,1449,1449,1449,,5000,5000,1.0,3021694564,20260901
B1_spatial,0.5,per_class,all,micro,map_spearman,0.9939323315709274,0.9937998425680823,0.9940608892073048,1449,1449,1449,1449,,5000,5000,1.0,3021694564,20260901
B1_spatial,0.5,per_class,all,micro,energy_raw,0.00530993061514894,0.004943089206292702,0.005718123036914529,1449,1449,1449,1449,,5000,5000,1.0,3021694564,20260901
B1_spatial,0.5,per_class,all,micro,energy_smoothed,0.003285370111768182,0.0030002254122822223,0.0036042739225504404,1449,1449,1449,1449,,5000,5000,1.0,3021694564,20260901
B1_spatial,0.5,per_class,all,micro,energy_retention,0.5768601134409157,0.5744543705251276,0.5792404612059672,1449,1449,1449,1449,,5000,5000,1.0,3021694564,20260901
B1_spatial,0.5,per_class,all,micro,smoothed_std_over_raw,0.9232106655938943,0.9223147016730779,0.9241247298235807,1449,1449,1449,1449,,5000,5000,1.0,3021694564,20260901
B1_spatial,0.5,per_class,all,micro,linear_solve_relative_residual,6.141780425591564e-06,6.038006352874615e-06,6.2480296303936936e-06,1449,1449,1449,1449,,5000,5000,1.0,3021694564,20260901
B1_spatial,0.5,per_class,all,micro,cg_iterations,6.0,6.0,6.0,1449,1449,1449,1449,,5000,5000,1.0,3021694564,20260901
B1_spatial,0.5,per_class,all,micro,solve_runtime_ms_per_map,0.003887776642449049,0.003867268139345577,0.003910635684847532,1449,1449,1449,1449,,5000,5000,1.0,3021694564,20260901
B1_spatial,0.5,per_class,all,micro,fidelity,0.02171837886714417,0.021265867719583578,0.02220674224305201,1449,1449,1449,1449,,5000,5000,1.0,3021694564,20260901
B1_spatial,0.5,per_class,all,micro,relative_l2_change,0.02171837886714417,0.021265867719583578,0.02220674224305201,1449,1449,1449,1449,,5000,5000,1.0,3021694564,20260901
B1_spatial,0.5,per_class,all,micro,map_pearson,0.9960190797362186,0.9959699526038394,0.9960674981008817,1449,1449,1449,1449,,5000,5000,1.0,3021694564,20260901
B1_spatial,0.5,per_class,all,micro,map_spearman,0.9932600319838014,0.993092545655121,0.9934163272535085,1449,1449,1449,1449,,5000,5000,1.0,3021694564,20260901
B1_spatial,0.5,per_class,all,micro,energy_raw,0.0070947752169637415,0.006508934517418583,0.0077445165854128336,1449,1449,1449,1449,,5000,5000,1.0,3021694564,20260901
B1_spatial,0.5,per_class,all,micro,energy_smoothed,0.004494861807740692,0.004058645270534488,0.0049772838884993105,1449,1449,1449,1449,,5000,5000,1.0,3021694564,20260901
B1_spatial,0.5,per_class,all,micro,energy_retention,0.5773839547849672,0.5749900898824815,0.5798375337873761,1449,1449,1449,1449,,5000,5000,1.0,3021694564,20260901
B1_spatial,0.5,per_class,all,micro,smoothed_std_over_raw,0.9242890656940521,0.9233225387569293,0.9252208989095573,1449,1449,1449,1449,,5000,5000,1.0,3021694564,20260901
B1_spatial,0.5,per_class,all,micro,linear_solve_relative_residual,5.810985356058733e-06,5.696562696901466e-06,5.921457095093443e-06,1449,1449,1449,1449,,5000,5000,1.0,3021694564,20260901
B1_spatial,0.5,per_class,all,micro,cg_iterations,6.0,6.0,6.0,1449,1449,1449,1449,,5000,5000,1.0,3021694564,20260901
B1_spatial,0.5,per_class,all,micro,solve_runtime_ms_per_map,0.003887776642449049,0.003867268139345577,0.003910635684847532,1449,1449,1449,1449,,5000,5000,1.0,3021694564,20260901
B1_spatial,0.5,per_class,all,micro,fidelity,0.0202439508283237,0.020012362708457795,0.020496784445487113,1449,1449,1449,1449,,5000,5000,1.0,3021694564,20260901
B1_spatial,0.5,per_class,all,micro,relative_l2_change,0.0202439508283237,0.020012362708457795,0.020496784445487113,1449,1449,1449,1449,,5000,5000,1.0,3021694564,20260901
B1_spatial,0.5,per_class,all,micro,map_pearson,0.9957433348692558,0.9956982127206337,0.9957874650345168,1449,1449,1449,1449,,5000,5000,1.0,3021694564,20260901
B1_spatial,0.5,per_class,all,micro,map_spearman,0.9933831952537974,0.9932361079391485,0.9935237016397728,1449,1449,1449,1449,,5000,5000,1.0,3021694564,20260901
B1_spatial,0.5,per_class,all,micro,energy_raw,0.005048328512406081,0.004822067210172465,0.005314184360163064,1449,1449,1449,1449,,5000,5000,1.0,3021694564,20260901
B1_spatial,0.5,per_class,all,micro,energy_smoothed,0.002942324378122778,0.002778873806232021,0.003134633976510765,1449,1449,1449,1449,,5000,5000,1.0,3021694564,20260901
B1_spatial,0.5,per_class,all,micro,energy_retention,0.5623415380078731,0.5604718610983704,0.5643066467870261,1449,1449,1449,1449,,5000,5000,1.0,3021694564,20260901
B1_spatial,0.5,per_class,all,micro,smoothed_std_over_raw,0.9223450432159392,0.9214572869976526,0.9232327675155066,1449,1449,1449,1449,,5000,5000,1.0,3021694564,20260901
B1_spatial,0.5,per_class,all,micro,linear_solve_relative_residual,6.357994963131521e-06,6.255191661600056e-06,6.460373320383298e-06,1449,1449,1449,1449,,5000,5000,1.0,3021694564,20260901
B1_spatial,0.5,per_class,all,micro,cg_iterations,6.0,6.0,6.0,1449,1449,1449,1449,,5000,5000,1.0,3021694564,20260901
B1_spatial,0.5,per_class,all,micro,solve_runtime_ms_per_map,0.003887776642449049,0.003867268139345577,0.003910635684847532,1449,1449,1449,1449,,5000,5000,1.0,3021694564,20260901
B1_spatial,0.5,per_class,all,micro,fidelity,0.021057047287941884,0.02066328720809227,0.021477546712420262,1449,1449,1449,1449,,5000,5000,1.0,3021694564,20260901
B1_spatial,0.5,per_class,all,micro,relative_l2_change,0.021057047287941884,0.02066328720809227,0.021477546712420262,1449,1449,1449,1449,,5000,5000,1.0,3021694564,20260901
B1_spatial,0.5,per_class,all,micro,map_pearson,0.9961014942846437,0.9960547471248009,0.996146828630326,1449,1449,1449,1449,,5000,5000,1.0,3021694564,20260901
B1_spatial,0.5,per_class,all,micro,map_spearman,0.9937735705889037,0.9936406418300646,0.9939046493135624,1449,1449,1449,1449,,5000,5000,1.0,3021694564,20260901
B1_spatial,0.5,per_class,all,micro,energy_raw,0.006435917776362075,0.005913880181168942,0.007024060059068056,1449,1449,1449,1449,,5000,5000,1.0,3021694564,20260901
B1_spatial,0.5,per_class,all,micro,energy_smoothed,0.004058755727840255,0.003658617723098004,0.004509425186102193,1449,1449,1449,1449,,5000,5000,1.0,3021694564,20260901
B1_spatial,0.5,per_class,all,micro,energy_retention,0.5821343619219593,0.5798873701954892,0.5844612253460907,1449,1449,1449,1449,,5000,5000,1.0,3021694564,20260901
B1_spatial,0.5,per_class,all,micro,smoothed_std_over_raw,0.9239810783341476,0.9230459644598662,0.9249231626003919,1449,1449,1449,1449,,5000,5000,1.0,3021694564,20260901
B1_spatial,0.5,per_class,all,micro,linear_solve_relative_residual,6.012647511854148e-06,5.897695891574757e-06,6.12247105967767e-06,1449,1449,1449,1449,,5000,5000,1.0,3021694564,20260901
B1_spatial,0.5,per_class,all,micro,cg_iterations,6.0,6.0,6.0,1449,1449,1449,1449,,5000,5000,1.0,3021694564,20260901
B1_spatial,0.5,per_class,all,micro,solve_runtime_ms_per_map,0.003887776642449049,0.003867268139345577,0.003910635684847532,1449,1449,1449,1449,,5000,5000,1.0,3021694564,20260901
B1_spatial,0.5,per_class,all,micro,fidelity,0.024772225161840827,0.02417401922638531,0.02538510545366106,1449,1449,1449,1449,,5000,5000,1.0,3021694564,20260901
B1_spatial,0.5,per_class,all,micro,relative_l2_change,0.024772225161840827,0.02417401922638531,0.02538510545366106,1449,1449,1449,1449,,5000,5000,1.0,3021694564,20260901
B1_spatial,0.5,per_class,all,micro,map_pearson,0.9958670213355781,0.9958102410243987,0.9959232188848646,1449,1449,1449,1449,,5000,5000,1.0,3021694564,20260901
B1_spatial,0.5,per_class,all,micro,map_spearman,0.9927987168787923,0.9925808433163076,0.9930129640560219,1449,1449,1449,1449,,5000,5000,1.0,3021694564,20260901
B1_spatial,0.5,per_class,all,micro,energy_raw,0.009957076567099824,0.009141937668187503,0.010809139461366472,1449,1449,1449,1449,,5000,5000,1.0,3021694564,20260901
B1_spatial,0.5,per_class,all,micro,energy_smoothed,0.006503060866861358,0.0058796170367013305,0.007149895960564697,1449,1449,1449,1449,,5000,5000,1.0,3021694564,20260901
B1_spatial,0.5,per_class,all,micro,energy_retention,0.5829797081901256,0.5798961754124727,0.5860981212274587,1449,1449,1449,1449,,5000,5000,1.0,3021694564,20260901
B1_spatial,0.5,per_class,all,micro,smoothed_std_over_raw,0.9272361543361198,0.9261974205871629,0.9283178431132977,1449,1449,1449,1449,,5000,5000,1.0,3021694564,20260901
B1_spatial,0.5,per_class,all,micro,linear_solve_relative_residual,5.13320499660198e-06,5.002740077414984e-06,5.264652354572624e-06,1449,1449,1449,1449,,5000,5000,1.0,3021694564,20260901
B1_spatial,0.5,per_class,all,micro,cg_iterations,6.0,6.0,6.0,1449,1449,1449,1449,,5000,5000,1.0,3021694564,20260901
B1_spatial,0.5,per_class,all,micro,solve_runtime_ms_per_map,0.003887776642449049,0.003867268139345577,0.003910635684847532,1449,1449,1449,1449,,5000,5000,1.0,3021694564,20260901
B1_spatial,0.5,per_class,all,micro,fidelity,0.021190473766775072,0.020834333128925717,0.021566627949416467,1449,1449,1449,1449,,5000,5000,1.0,3021694564,20260901
B1_spatial,0.5,per_class,all,micro,relative_l2_change,0.021190473766775072,0.020834333128925717,0.021566627949416467,1449,1449,1449,1449,,5000,5000,1.0,3021694564,20260901
B1_spatial,0.5,per_class,all,micro,map_pearson,0.9962749500945982,0.9962337216903541,0.9963147357496991,1449,1449,1449,1449,,5000,5000,1.0,3021694564,20260901
B1_spatial,0.5,per_class,all,micro,map_spearman,0.993607367088747,0.9934421705903475,0.9937653583070177,1449,1449,1449,1449,,5000,5000,1.0,3021694564,20260901
B1_spatial,0.5,per_class,all,micro,energy_raw,0.006393511016680258,0.00595584542510547,0.006869880416577719,1449,1449,1449,1449,,5000,5000,1.0,3021694564,20260901
B1_spatial,0.5,per_class,all,micro,energy_smoothed,0.004027638885817954,0.0036931900985982765,0.004390113941575204,1449,1449,1449,1449,,5000,5000,1.0,3021694564,20260901
B1_spatial,0.5,per_class,all,micro,energy_retention,0.5774479839948229,0.5747761720466236,0.580209717201294,1449,1449,1449,1449,,5000,5000,1.0,3021694564,20260901
B1_spatial,0.5,per_class,all,micro,smoothed_std_over_raw,0.926131138067726,0.9252065823459066,0.9270683040056992,1449,1449,1449,1449,,5000,5000,1.0,3021694564,20260901
B1_spatial,0.5,per_class,all,micro,linear_solve_relative_residual,6.115562651472537e-06,6.001882381558794e-06,6.22589240621926e-06,1449,1449,1449,1449,,5000,5000,1.0,3021694564,20260901
B1_spatial,0.5,per_class,all,micro,cg_iterations,6.0,6.0,6.0,1449,1449,1449,1449,,5000,5000,1.0,3021694564,20260901
B1_spatial,0.5,per_class,all,micro,solve_runtime_ms_per_map,0.003887776642449049,0.003867268139345577,0.003910635684847532,1449,1449,1449,1449,,5000,5000,1.0,3021694564,20260901
B1_spatial,0.5,per_class,all,micro,fidelity,0.025939454551428823,0.02525117478683383,0.02664332130544332,1449,1449,1449,1449,,5000,5000,1.0,3021694564,20260901
B1_spatial,0.5,per_class,all,micro,relative_l2_change,0.025939454551428823,0.02525117478683383,0.02664332130544332,1449,1449,1449,1449,,5000,5000,1.0,3021694564,20260901
B1_spatial,0.5,per_class,all,micro,map_pearson,0.9959564076940959,0.9958925851558388,0.9960170599758584,1449,1449,1449,1449,,5000,5000,1.0,3021694564,20260901
B1_spatial,0.5,per_class,all,micro,map_spearman,0.9937746633407245,0.9936304848263229,0.9939105238243578,1449,1449,1449,1449,,5000,5000,1.0,3021694564,20260901
B1_spatial,0.5,per_class,all,micro,energy_raw,0.01111014053550741,0.010239166576292216,0.01202550827914973,1449,1449,1449,1449,,5000,5000,1.0,3021694564,20260901
B1_spatial,0.5,per_class,all,micro,energy_smoothed,0.007145362398799269,0.006528653064712556,0.007797308396113785,1449,1449,1449,1449,,5000,5000,1.0,3021694564,20260901
B1_spatial,0.5,per_class,all,micro,energy_retention,0.5878070974407564,0.584792922319442,0.59077682214165,1449,1449,1449,1449,,5000,5000,1.0,3021694564,20260901
B1_spatial,0.5,per_class,all,micro,smoothed_std_over_raw,0.9302261258668946,0.9291713445792534,0.9312705915146157,1449,1449,1449,1449,,5000,5000,1.0,3021694564,20260901
B1_spatial,0.5,per_class,all,micro,linear_solve_relative_residual,5.2531485815917225e-06,5.11168414061762e-06,5.385819944430505e-06,1449,1449,1449,1449,,5000,5000,1.0,3021694564,20260901
B1_spatial,0.5,per_class,all,micro,cg_iterations,6.0,6.0,6.0,1449,1449,1449,1449,,5000,5000,1.0,3021694564,20260901
B1_spatial,0.5,per_class,all,micro,solve_runtime_ms_per_map,0.003887776642449049,0.003867268139345577,0.003910635684847532,1449,1449,1449,1449,,5000,5000,1.0,3021694564,20260901
B1_spatial,0.5,per_class,all,micro,fidelity,0.02099258512492485,0.020645406307572896,0.021367329853430025,1449,1449,1449,1449,,5000,5000,1.0,3021694564,20260901
B1_spatial,0.5,per_class,all,micro,relative_l2_change,0.02099258512492485,0.020645406307572896,0.021367329853430025,1449,1449,1449,1449,,5000,5000,1.0,3021694564,20260901
B1_spatial,0.5,per_class,all,micro,map_pearson,0.9961561357835147,0.9961071437920185,0.9962051782343123,1449,1449,1449,1449,,5000,5000,1.0,3021694564,20260901
B1_spatial,0.5,per_class,all,micro,map_spearman,0.9936103465805554,0.9934573264184534,0.9937558324564071,1449,1449,1449,1449,,5000,5000,1.0,3021694564,20260901
B1_spatial,0.5,per_class,all,micro,energy_raw,0.006466636490436712,0.006023816958561011,0.006965373881337804,1449,1449,1449,1449,,5000,5000,1.0,3021694564,20260901
B1_spatial,0.5,per_class,all,micro,energy_smoothed,0.004159383670127391,0.003813322417712719,0.004548379320186435,1449,1449,1449,1449,,5000,5000,1.0,3021694564,20260901
B1_spatial,0.5,per_class,all,micro,energy_retention,0.583883800039298,0.5807822218212364,0.5870814505190665,1449,1449,1449,1449,,5000,5000,1.0,3021694564,20260901
B1_spatial,0.5,per_class,all,micro,smoothed_std_over_raw,0.92564681840815,0.9246478313717701,0.9266529424353827,1449,1449,1449,1449,,5000,5000,1.0,3021694564,20260901
B1_spatial,0.5,per_class,all,micro,linear_solve_relative_residual,5.969856972903922e-06,5.855132882495803e-06,6.081101796875486e-06,1449,1449,1449,1449,,5000,5000,1.0,3021694564,20260901
B1_spatial,0.5,per_class,all,micro,cg_iterations,6.0,6.0,6.0,1449,1449,1449,1449,,5000,5000,1.0,3021694564,20260901
B1_spatial,0.5,per_class,all,micro,solve_runtime_ms_per_map,0.003887776642449049,0.003867268139345577,0.003910635684847532,1449,1449,1449,1449,,5000,5000,1.0,3021694564,20260901
B1_spatial,0.5,per_class,all,micro,fidelity,0.02857181760100063,0.027774910580044197,0.029444139189597186,1449,1449,1449,1449,,5000,5000,1.0,3021694564,20260901
B1_spatial,0.5,per_class,all,micro,relative_l2_change,0.02857181760100063,0.027774910580044197,0.029444139189597186,1449,1449,1449,1449,,5000,5000,1.0,3021694564,20260901
B1_spatial,0.5,per_class,all,micro,map_pearson,0.995920287197092,0.9958580565111155,0.9959804157703971,1449,1449,1449,1449,,5000,5000,1.0,3021694564,20260901
B1_spatial,0.5,per_class,all,micro,map_spearman,0.9929123548822949,0.9927130802211225,0.9931062507538898,1449,1449,1449,1449,,5000,5000,1.0,3021694564,20260901
B1_spatial,0.5,per_class,all,micro,energy_raw,0.014805474197810158,0.013621389356630518,0.016123353357279716,1449,1449,1449,1449,,5000,5000,1.0,3021694564,20260901
B1_spatial,0.5,per_class,all,micro,energy_smoothed,0.009992503992153628,0.00909354088442146,0.010963521756439387,1449,1449,1449,1449,,5000,5000,1.0,3021694564,20260901
B1_spatial,0.5,per_class,all,micro,energy_retention,0.5888154752465098,0.5852814242320895,0.5924652478961676,1449,1449,1449,1449,,5000,5000,1.0,3021694564,20260901
B1_spatial,0.5,per_class,all,micro,smoothed_std_over_raw,0.9275999740537403,0.9264952310514581,0.9287267066666881,1449,1449,1449,1449,,5000,5000,1.0,3021694564,20260901
B1_spatial,0.5,per_class,all,micro,linear_solve_relative_residual,5.152330857817588e-06,5.01493405063736e-06,5.283284118925859e-06,1449,1449,1449,1449,,5000,5000,1.0,3021694564,20260901
B1_spatial,0.5,per_class,all,micro,cg_iterations,6.0,6.0,6.0,1449,1449,1449,1449,,5000,5000,1.0,3021694564,20260901
B1_spatial,0.5,per_class,all,micro,solve_runtime_ms_per_map,0.003887776642449049,0.003867268139345577,0.003910635684847532,1449,1449,1449,1449,,5000,5000,1.0,3021694564,20260901
B1_spatial,0.5,per_class,all,micro,fidelity,0.019967580849807414,0.019551533271122808,0.020420745031501947,1449,1449,1449,1449,,5000,5000,1.0,3021694564,20260901
B1_spatial,0.5,per_class,all,micro,relative_l2_change,0.019967580849807414,0.019551533271122808,0.020420745031501947,1449,1449,1449,1449,,5000,5000,1.0,3021694564,20260901
B1_spatial,0.5,per_class,all,micro,map_pearson,0.9963635608111685,0.9963246276721698,0.9964033739362362,1449,1449,1449,1449,,5000,5000,1.0,3021694564,20260901
B1_spatial,0.5,per_class,all,micro,map_spearman,0.9932611526251662,0.9930906985775202,0.9934237693767451,1449,1449,1449,1449,,5000,5000,1.0,3021694564,20260901
B1_spatial,0.5,per_class,all,micro,energy_raw,0.006280327728773378,0.005689001639367655,0.0069325529003274496,1449,1449,1449,1449,,5000,5000,1.0,3021694564,20260901
B1_spatial,0.5,per_class,all,micro,energy_smoothed,0.00410600589227389,0.0036526107925574924,0.004610058927670005,1449,1449,1449,1449,,5000,5000,1.0,3021694564,20260901
B1_spatial,0.5,per_class,all,micro,energy_retention,0.5791102330219013,0.5763818780293211,0.5819391983394749,1449,1449,1449,1449,,5000,5000,1.0,3021694564,20260901
B1_spatial,0.5,per_class,all,micro,smoothed_std_over_raw,0.9252804588086857,0.92440654861672,0.9261755348167147,1449,1449,1449,1449,,5000,5000,1.0,3021694564,20260901
B1_spatial,0.5,per_class,all,micro,linear_solve_relative_residual,6.156043679817768e-06,6.065704408548395e-06,6.243300951228229e-06,1449,1449,1449,1449,,5000,5000,1.0,3021694564,20260901
B1_spatial,0.5,per_class,all,micro,cg_iterations,6.0,6.0,6.0,1449,1449,1449,1449,,5000,5000,1.0,3021694564,20260901
B1_spatial,0.5,per_class,all,micro,solve_runtime_ms_per_map,0.003887776642449049,0.003867268139345577,0.003910635684847532,1449,1449,1449,1449,,5000,5000,1.0,3021694564,20260901
B1_spatial,0.5,per_class,all,micro,fidelity,0.022587133363259505,0.022082046493955388,0.02311787598596383,1449,1449,1449,1449,,5000,5000,1.0,3021694564,20260901
B1_spatial,0.5,per_class,all,micro,relative_l2_change,0.022587133363259505,0.022082046493955388,0.02311787598596383,1449,1449,1449,1449,,5000,5000,1.0,3021694564,20260901
B1_spatial,0.5,per_class,all,micro,map_pearson,0.9961367714725913,0.9960902533340322,0.9961817878024014,1449,1449,1449,1449,,5000,5000,1.0,3021694564,20260901
B1_spatial,0.5,per_class,all,micro,map_spearman,0.9933560898667619,0.9931641773530909,0.9935394225026345,1449,1449,1449,1449,,5000,5000,1.0,3021694564,20260901
B1_spatial,0.5,per_class,all,micro,energy_raw,0.007938180970101315,0.007242717637284867,0.008696668813621472,1449,1449,1449,1449,,5000,5000,1.0,3021694564,20260901
B1_spatial,0.5,per_class,all,micro,energy_smoothed,0.005098666317357307,0.004576386472179276,0.00566284732968711,1449,1449,1449,1449,,5000,5000,1.0,3021694564,20260901
B1_spatial,0.5,per_class,all,micro,energy_retention,0.5826697356129943,0.5802139276940712,0.5851908740604886,1449,1449,1449,1449,,5000,5000,1.0,3021694564,20260901
B1_spatial,0.5,per_class,all,micro,smoothed_std_over_raw,0.9245999398685637,0.9236281475140934,0.9255539351347976,1449,1449,1449,1449,,5000,5000,1.0,3021694564,20260901
B1_spatial,0.5,per_class,all,micro,linear_solve_relative_residual,5.825459278507317e-06,5.708734534682596e-06,5.942915537176502e-06,1449,1449,1449,1449,,5000,5000,1.0,3021694564,20260901
B1_spatial,0.5,per_class,all,micro,cg_iterations,6.0,6.0,6.0,1449,1449,1449,1449,,5000,5000,1.0,3021694564,20260901
B1_spatial,0.5,per_class,all,micro,solve_runtime_ms_per_map,0.003887776642449049,0.003867268139345577,0.003910635684847532,1449,1449,1449,1449,,5000,5000,1.0,3021694564,20260901
B1_spatial,0.5,per_class,all,micro,fidelity,0.023185739720470333,0.022806149505941984,0.02359532853892154,1449,1449,1449,1449,,5000,5000,1.0,3021694564,20260901
B1_spatial,0.5,per_class,all,micro,relative_l2_change,0.023185739720470333,0.022806149505941984,0.02359532853892154,1449,1449,1449,1449,,5000,5000,1.0,3021694564,20260901
B1_spatial,0.5,per_class,all,micro,map_pearson,0.9959011648423595,0.9958403197011099,0.9959679042320156,1449,1449,1449,1449,,5000,5000,1.0,3021694564,20260901
B1_spatial,0.5,per_class,all,micro,map_spearman,0.99329947483301,0.9931207095521577,0.9934792092199816,1449,1449,1449,1449,,5000,5000,1.0,3021694564,20260901
B1_spatial,0.5,per_class,all,micro,energy_raw,0.007945276000630174,0.007416845416562443,0.008518270449556204,1449,1449,1449,1449,,5000,5000,1.0,3021694564,20260901
B1_spatial,0.5,per_class,all,micro,energy_smoothed,0.005146984080671544,0.004732180713270833,0.0056057927269609715,1449,1449,1449,1449,,5000,5000,1.0,3021694564,20260901
B1_spatial,0.5,per_class,all,micro,energy_retention,0.5838067395840125,0.5803197907668258,0.5876247369040902,1449,1449,1449,1449,,5000,5000,1.0,3021694564,20260901
B1_spatial,0.5,per_class,all,micro,smoothed_std_over_raw,0.9253614273788684,0.9242263000306794,0.9265843574736676,1449,1449,1449,1449,,5000,5000,1.0,3021694564,20260901
B1_spatial,0.5,per_class,all,micro,linear_solve_relative_residual,5.62201314375455e-06,5.47961876691457e-06,5.757920556114835e-06,1449,1449,1449,1449,,5000,5000,1.0,3021694564,20260901
B1_spatial,0.5,per_class,all,micro,cg_iterations,6.0,6.0,6.0,1449,1449,1449,1449,,5000,5000,1.0,3021694564,20260901
B1_spatial,0.5,per_class,all,micro,solve_runtime_ms_per_map,0.003887776642449049,0.003867268139345577,0.003910635684847532,1449,1449,1449,1449,,5000,5000,1.0,3021694564,20260901
B1_spatial,0.5,per_class,all,micro,fidelity,0.021658296088814696,0.021274833519733527,0.022064073760177508,1449,1449,1449,1449,,5000,5000,1.0,3021694564,20260901
B1_spatial,0.5,per_class,all,micro,relative_l2_change,0.021658296088814696,0.021274833519733527,0.022064073760177508,1449,1449,1449,1449,,5000,5000,1.0,3021694564,20260901
B1_spatial,0.5,per_class,all,micro,map_pearson,0.9959935332019219,0.9959486392662803,0.996038786203101,1449,1449,1449,1449,,5000,5000,1.0,3021694564,20260901
B1_spatial,0.5,per_class,all,micro,map_spearman,0.9931469059878995,0.992960286151754,0.9933230438022222,1449,1449,1449,1449,,5000,5000,1.0,3021694564,20260901
B1_spatial,0.5,per_class,all,micro,energy_raw,0.006688896010021163,0.006193109137774011,0.007227860219292812,1449,1449,1449,1449,,5000,5000,1.0,3021694564,20260901
B1_spatial,0.5,per_class,all,micro,energy_smoothed,0.004187108106763996,0.0038222488494084736,0.00458155843025389,1449,1449,1449,1449,,5000,5000,1.0,3021694564,20260901
B1_spatial,0.5,per_class,all,micro,energy_retention,0.5764894999455714,0.5739483527875177,0.5791975936539384,1449,1449,1449,1449,,5000,5000,1.0,3021694564,20260901
B1_spatial,0.5,per_class,all,micro,smoothed_std_over_raw,0.9224922641792982,0.9215699354416753,0.9234321455232762,1449,1449,1449,1449,,5000,5000,1.0,3021694564,20260901
B1_spatial,0.5,per_class,all,micro,linear_solve_relative_residual,6.17295097236651e-06,6.0661690291480375e-06,6.282650978521764e-06,1449,1449,1449,1449,,5000,5000,1.0,3021694564,20260901
B1_spatial,0.5,per_class,all,micro,cg_iterations,6.0,6.0,6.0,1449,1449,1449,1449,,5000,5000,1.0,3021694564,20260901
B1_spatial,0.5,per_class,all,micro,solve_runtime_ms_per_map,0.003887776642449049,0.003867268139345577,0.003910635684847532,1449,1449,1449,1449,,5000,5000,1.0,3021694564,20260901
B1_spatial,0.5,per_class,all,micro,fidelity,0.022035030910348054,0.021658954405713648,0.022420625183413163,1449,1449,1449,1449,,5000,5000,1.0,3021694564,20260901
B1_spatial,0.5,per_class,all,micro,relative_l2_change,0.022035030910348054,0.021658954405713648,0.022420625183413163,1449,1449,1449,1449,,5000,5000,1.0,3021694564,20260901
B1_spatial,0.5,per_class,all,micro,map_pearson,0.9960785753320546,0.9960284821005259,0.9961269549722093,1449,1449,1449,1449,,5000,5000,1.0,3021694564,20260901
B1_spatial,0.5,per_class,all,micro,map_spearman,0.9930199079056128,0.9928339969112265,0.99319487020651,1449,1449,1449,1449,,5000,5000,1.0,3021694564,20260901
B1_spatial,0.5,per_class,all,micro,energy_raw,0.006977521766040132,0.006507174892552207,0.007463587284641851,1449,1449,1449,1449,,5000,5000,1.0,3021694564,20260901
B1_spatial,0.5,per_class,all,micro,energy_smoothed,0.004429349682201922,0.0040600228059254045,0.004808443806940313,1449,1449,1449,1449,,5000,5000,1.0,3021694564,20260901
B1_spatial,0.5,per_class,all,micro,energy_retention,0.5773543078089847,0.5744470167686562,0.5803115935012791,1449,1449,1449,1449,,5000,5000,1.0,3021694564,20260901
B1_spatial,0.5,per_class,all,micro,smoothed_std_over_raw,0.9233415603966776,0.9223076405218341,0.924388309212863,1449,1449,1449,1449,,5000,5000,1.0,3021694564,20260901
B1_spatial,0.5,per_class,all,micro,linear_solve_relative_residual,5.8546844896310895e-06,5.735711579224402e-06,5.974922640345914e-06,1449,1449,1449,1449,,5000,5000,1.0,3021694564,20260901
B1_spatial,0.5,per_class,all,micro,cg_iterations,6.0,6.0,6.0,1449,1449,1449,1449,,5000,5000,1.0,3021694564,20260901
B1_spatial,0.5,per_class,all,micro,solve_runtime_ms_per_map,0.003887776642449049,0.003867268139345577,0.003910635684847532,1449,1449,1449,1449,,5000,5000,1.0,3021694564,20260901
B1_spatial,0.5,per_class,all,micro,fidelity,0.03501198237621739,0.03404400495052585,0.035974080601207055,1449,1449,1449,1449,,5000,5000,1.0,3021694564,20260901
B1_spatial,0.5,per_class,all,micro,relative_l2_change,0.03501198237621739,0.03404400495052585,0.035974080601207055,1449,1449,1449,1449,,5000,5000,1.0,3021694564,20260901
B1_spatial,0.5,per_class,all,micro,map_pearson,0.996028148568524,0.9959312209236039,0.9961236142717287,1449,1449,1449,1449,,5000,5000,1.0,3021694564,20260901
B1_spatial,0.5,per_class,all,micro,map_spearman,0.9941235362784133,0.9939805017782953,0.9942655615236037,1449,1449,1449,1449,,5000,5000,1.0,3021694564,20260901
B1_spatial,0.5,per_class,all,micro,energy_raw,0.0222429568860667,0.020734521377083072,0.023750811653348934,1449,1449,1449,1449,,5000,5000,1.0,3021694564,20260901
B1_spatial,0.5,per_class,all,micro,energy_smoothed,0.015374251311288837,0.014283014391723674,0.016476832511719105,1449,1449,1449,1449,,5000,5000,1.0,3021694564,20260901
B1_spatial,0.5,per_class,all,micro,energy_retention,0.6284857314154557,0.6238420628335165,0.6332247415108875,1449,1449,1449,1449,,5000,5000,1.0,3021694564,20260901
B1_spatial,0.5,per_class,all,micro,smoothed_std_over_raw,0.9361970182366829,0.9348674699324752,0.9375794455511888,1449,1449,1449,1449,,5000,5000,1.0,3021694564,20260901
B1_spatial,0.5,per_class,all,micro,linear_solve_relative_residual,3.882297533628694e-06,3.7533232537931812e-06,4.00997354067451e-06,1449,1449,1449,1449,,5000,5000,1.0,3021694564,20260901
B1_spatial,0.5,per_class,all,micro,cg_iterations,6.0,6.0,6.0,1449,1449,1449,1449,,5000,5000,1.0,3021694564,20260901
B1_spatial,0.5,per_class,all,micro,solve_runtime_ms_per_map,0.003887776642449049,0.003867268139345577,0.003910635684847532,1449,1449,1449,1449,,5000,5000,1.0,3021694564,20260901
B1_spatial,0.5,per_class,all,micro,fidelity,0.026728755266137622,0.026141119025566654,0.027365106642114487,1449,1449,1449,1449,,5000,5000,1.0,3021694564,20260901
B1_spatial,0.5,per_class,all,micro,relative_l2_change,0.026728755266137622,0.026141119025566654,0.027365106642114487,1449,1449,1449,1449,,5000,5000,1.0,3021694564,20260901
B1_spatial,0.5,per_class,all,micro,map_pearson,0.9953892926580746,0.9953184682317978,0.9954567733820427,1449,1449,1449,1449,,5000,5000,1.0,3021694564,20260901
B1_spatial,0.5,per_class,all,micro,map_spearman,0.9929761412309893,0.9928298573686469,0.9931208663855938,1449,1449,1449,1449,,5000,5000,1.0,3021694564,20260901
B1_spatial,0.5,per_class,all,micro,energy_raw,0.010750137634570224,0.009957915669991785,0.011624457153372448,1449,1449,1449,1449,,5000,5000,1.0,3021694564,20260901
B1_spatial,0.5,per_class,all,micro,energy_smoothed,0.006756015482109253,0.0061773138487068975,0.007398800768545142,1449,1449,1449,1449,,5000,5000,1.0,3021694564,20260901
B1_spatial,0.5,per_class,all,micro,energy_retention,0.5684901656900463,0.5655187347820292,0.5715198974292841,1449,1449,1449,1449,,5000,5000,1.0,3021694564,20260901
B1_spatial,0.5,per_class,all,micro,smoothed_std_over_raw,0.9252568870844554,0.9241318502071975,0.9263392039748864,1449,1449,1449,1449,,5000,5000,1.0,3021694564,20260901
B1_spatial,0.5,per_class,all,micro,linear_solve_relative_residual,5.028457961495592e-06,4.882793001372354e-06,5.172623467230034e-06,1449,1449,1449,1449,,5000,5000,1.0,3021694564,20260901
B1_spatial,0.5,per_class,all,micro,cg_iterations,6.0,6.0,6.0,1449,1449,1449,1449,,5000,5000,1.0,3021694564,20260901
B1_spatial,0.5,per_class,all,micro,solve_runtime_ms_per_map,0.003887776642449049,0.003867268139345577,0.003910635684847532,1449,1449,1449,1449,,5000,5000,1.0,3021694564,20260901
B1_spatial,0.5,per_class,all,micro,fidelity,0.02009311489750592,0.019811168482836938,0.020391058978406755,1449,1449,1449,1449,,5000,5000,1.0,3021694564,20260901
B1_spatial,0.5,per_class,all,micro,relative_l2_change,0.02009311489750592,0.019811168482836938,0.020391058978406755,1449,1449,1449,1449,,5000,5000,1.0,3021694564,20260901
B1_spatial,0.5,per_class,all,micro,map_pearson,0.9961838981379634,0.9961426386181612,0.996225199085873,1449,1449,1449,1449,,5000,5000,1.0,3021694564,20260901
B1_spatial,0.5,per_class,all,micro,map_spearman,0.9934843185443233,0.993306562211943,0.9936502107284741,1449,1449,1449,1449,,5000,5000,1.0,3021694564,20260901
B1_spatial,0.5,per_class,all,micro,energy_raw,0.005394981875970672,0.005067931797665212,0.005758246023698309,1449,1449,1449,1449,,5000,5000,1.0,3021694564,20260901
B1_spatial,0.5,per_class,all,micro,energy_smoothed,0.0033129308125443803,0.003071391774642585,0.0035835635925812984,1449,1449,1449,1449,,5000,5000,1.0,3021694564,20260901
B1_spatial,0.5,per_class,all,micro,energy_retention,0.5835652842325865,0.5812825253393997,0.5857165991205894,1449,1449,1449,1449,,5000,5000,1.0,3021694564,20260901
B1_spatial,0.5,per_class,all,micro,smoothed_std_over_raw,0.9241496382128214,0.9232393338175953,0.9250500181056122,1449,1449,1449,1449,,5000,5000,1.0,3021694564,20260901
B1_spatial,0.5,per_class,all,micro,linear_solve_relative_residual,6.258588465300638e-06,6.154628274600429e-06,6.363218398084033e-06,1449,1449,1449,1449,,5000,5000,1.0,3021694564,20260901
B1_spatial,0.5,per_class,all,micro,cg_iterations,6.0,6.0,6.0,1449,1449,1449,1449,,5000,5000,1.0,3021694564,20260901
B1_spatial,0.5,per_class,all,micro,solve_runtime_ms_per_map,0.003887776642449049,0.003867268139345577,0.003910635684847532,1449,1449,1449,1449,,5000,5000,1.0,3021694564,20260901
B1_spatial,0.5,per_class,all,micro,fidelity,0.024573499124093536,0.02389485133579483,0.025320175314290618,1449,1449,1449,1449,,5000,5000,1.0,3021694564,20260901
B1_spatial,0.5,per_class,all,micro,relative_l2_change,0.024573499124093536,0.02389485133579483,0.025320175314290618,1449,1449,1449,1449,,5000,5000,1.0,3021694564,20260901
B1_spatial,0.5,per_class,all,micro,map_pearson,0.99623180468219,0.9961828697202862,0.9962800810611026,1449,1449,1449,1449,,5000,5000,1.0,3021694564,20260901
B1_spatial,0.5,per_class,all,micro,map_spearman,0.993053492469735,0.992838117376412,0.9932582278809851,1449,1449,1449,1449,,5000,5000,1.0,3021694564,20260901
B1_spatial,0.5,per_class,all,micro,energy_raw,0.011132027114531973,0.010098342718553711,0.012299771747030277,1449,1449,1449,1449,,5000,5000,1.0,3021694564,20260901
B1_spatial,0.5,per_class,all,micro,energy_smoothed,0.007634774671936262,0.006830749398360034,0.00852782937947608,1449,1449,1449,1449,,5000,5000,1.0,3021694564,20260901
B1_spatial,0.5,per_class,all,micro,energy_retention,0.5917038786732138,0.5883474376024338,0.5952261126590564,1449,1449,1449,1449,,5000,5000,1.0,3021694564,20260901
B1_spatial,0.5,per_class,all,micro,smoothed_std_over_raw,0.9258910423727016,0.9248486998113704,0.9269605327991471,1449,1449,1449,1449,,5000,5000,1.0,3021694564,20260901
B1_spatial,0.5,per_class,all,micro,linear_solve_relative_residual,5.674946768543545e-06,5.552419876583056e-06,5.79162808678939e-06,1449,1449,1449,1449,,5000,5000,1.0,3021694564,20260901
B1_spatial,0.5,per_class,all,micro,cg_iterations,6.0,6.0,6.0,1449,1449,1449,1449,,5000,5000,1.0,3021694564,20260901
B1_spatial,0.5,per_class,all,micro,solve_runtime_ms_per_map,0.003887776642449049,0.003867268139345577,0.003910635684847532,1449,1449,1449,1449,,5000,5000,1.0,3021694564,20260901
B1_spatial,0.5,per_class,all,micro,fidelity,0.01955054603578758,0.019224382226861205,0.019889822772596728,1449,1449,1449,1449,,5000,5000,1.0,3021694564,20260901
B1_spatial,0.5,per_class,all,micro,relative_l2_change,0.01955054603578758,0.019224382226861205,0.019889822772596728,1449,1449,1449,1449,,5000,5000,1.0,3021694564,20260901
B1_spatial,0.5,per_class,all,micro,map_pearson,0.996430986827616,0.996394484278825,0.9964650768619557,1449,1449,1449,1449,,5000,5000,1.0,3021694564,20260901
B1_spatial,0.5,per_class,all,micro,map_spearman,0.9938863339384644,0.9937328683858991,0.9940333495475738,1449,1449,1449,1449,,5000,5000,1.0,3021694564,20260901
B1_spatial,0.5,per_class,all,micro,energy_raw,0.0053733743537118395,0.0049774016077802,0.0058076667180879385,1449,1449,1449,1449,,5000,5000,1.0,3021694564,20260901
B1_spatial,0.5,per_class,all,micro,energy_smoothed,0.003365117632612018,0.0030626337097077105,0.0036971482319180567,1449,1449,1449,1449,,5000,5000,1.0,3021694564,20260901
B1_spatial,0.5,per_class,all,micro,energy_retention,0.5837080919635633,0.5815179662654283,0.5858253884636344,1449,1449,1449,1449,,5000,5000,1.0,3021694564,20260901
B1_spatial,0.5,per_class,all,micro,smoothed_std_over_raw,0.9259414917604935,0.9250819009026221,0.9267904571114202,1449,1449,1449,1449,,5000,5000,1.0,3021694564,20260901
B1_spatial,0.5,per_class,all,micro,linear_solve_relative_residual,6.1228271536274886e-06,6.026052103784388e-06,6.217992311655546e-06,1449,1449,1449,1449,,5000,5000,1.0,3021694564,20260901
B1_spatial,0.5,per_class,all,micro,cg_iterations,6.0,6.0,6.0,1449,1449,1449,1449,,5000,5000,1.0,3021694564,20260901
B1_spatial,0.5,per_class,all,micro,solve_runtime_ms_per_map,0.003887776642449049,0.003867268139345577,0.003910635684847532,1449,1449,1449,1449,,5000,5000,1.0,3021694564,20260901
B1_spatial,0.5,per_class,all,micro,fidelity,0.023042585483506024,0.02258746609139321,0.02353427819359734,1449,1449,1449,1449,,5000,5000,1.0,3021694564,20260901
B1_spatial,0.5,per_class,all,micro,relative_l2_change,0.023042585483506024,0.02258746609139321,0.02353427819359734,1449,1449,1449,1449,,5000,5000,1.0,3021694564,20260901
B1_spatial,0.5,per_class,all,micro,map_pearson,0.9960388525590311,0.9959883120931617,0.9960898017918266,1449,1449,1449,1449,,5000,5000,1.0,3021694564,20260901
B1_spatial,0.5,per_class,all,micro,map_spearman,0.9930904002498971,0.9928778263784591,0.9932863724013704,1449,1449,1449,1449,,5000,5000,1.0,3021694564,20260901
B1_spatial,0.5,per_class,all,micro,energy_raw,0.00786857993076533,0.00728543670919918,0.008496688443451047,1449,1449,1449,1449,,5000,5000,1.0,3021694564,20260901
B1_spatial,0.5,per_class,all,micro,energy_smoothed,0.004965985631068887,0.00453057589749232,0.005429886751546311,1449,1449,1449,1449,,5000,5000,1.0,3021694564,20260901
B1_spatial,0.5,per_class,all,micro,energy_retention,0.580249016432206,0.5775880312867169,0.58293972890477,1449,1449,1449,1449,,5000,5000,1.0,3021694564,20260901
B1_spatial,0.5,per_class,all,micro,smoothed_std_over_raw,0.9277901230720589,0.9268732358230403,0.9287156969977297,1449,1449,1449,1449,,5000,5000,1.0,3021694564,20260901
B1_spatial,0.5,per_class,all,micro,linear_solve_relative_residual,5.486456047457703e-06,5.353498094870898e-06,5.620559215915052e-06,1449,1449,1449,1449,,5000,5000,1.0,3021694564,20260901
B1_spatial,0.5,per_class,all,micro,cg_iterations,6.0,6.0,6.0,1449,1449,1449,1449,,5000,5000,1.0,3021694564,20260901
B1_spatial,0.5,per_class,all,micro,solve_runtime_ms_per_map,0.003887776642449049,0.003867268139345577,0.003910635684847532,1449,1449,1449,1449,,5000,5000,1.0,3021694564,20260901
B1_spatial,1.0,all_class_maps,all,micro,fidelity,0.03617762316209878,0.03583494125873434,0.03653540621739006,1449,1449,28980,28980,,5000,5000,1.0,3021694564,20260901
B1_spatial,1.0,all_class_maps,all,micro,relative_l2_change,0.03617762316209878,0.03583494125873434,0.03653540621739006,1449,1449,28980,28980,,5000,5000,1.0,3021694564,20260901
B1_spatial,1.0,all_class_maps,all,micro,map_pearson,0.990281147188446,0.9902131751095882,0.9903496093473675,1449,1449,28980,28980,,5000,5000,1.0,3021694564,20260901
B1_spatial,1.0,all_class_maps,all,micro,map_spearman,0.9843411500574063,0.9841051184264152,0.9845711215264618,1449,1449,28980,28980,,5000,5000,1.0,3021694564,20260901
B1_spatial,1.0,all_class_maps,all,micro,energy_raw,0.008560702559979904,0.008338373786745063,0.008799121273902,1449,1449,28980,28980,,5000,5000,1.0,3021694564,20260901
B1_spatial,1.0,all_class_maps,all,micro,energy_smoothed,0.00426784981498649,0.004134959666549872,0.004406412499644056,1449,1449,28980,28980,,5000,5000,1.0,3021694564,20260901
B1_spatial,1.0,all_class_maps,all,micro,energy_retention,0.41548440852829144,0.4139849517458961,0.4170188140673235,1449,1449,28980,28980,,5000,5000,1.0,3021694564,20260901
B1_spatial,1.0,all_class_maps,all,micro,smoothed_std_over_raw,0.8829046430404306,0.8821647921872497,0.8836253956901237,1449,1449,28980,28980,,5000,5000,1.0,3021694564,20260901
B1_spatial,1.0,all_class_maps,all,micro,linear_solve_relative_residual,4.656466723339762e-06,4.62903129890948e-06,4.683726330108894e-06,1449,1449,28980,28980,,5000,5000,1.0,3021694564,20260901
B1_spatial,1.0,all_class_maps,all,micro,cg_iterations,8.0,8.0,8.0,1449,1449,28980,28980,,5000,5000,1.0,3021694564,20260901
B1_spatial,1.0,all_class_maps,all,micro,solve_runtime_ms_per_map,0.004731320835176912,0.004707605682741778,0.004757822199026157,1449,1449,28980,28980,,5000,5000,1.0,3021694564,20260901
B1_spatial,1.0,all_class_maps,all,macro_class,fidelity,0.036177623162098785,0.03583494125873434,0.03653540621739005,1449,1449,28980,28980,20,5000,5000,1.0,3021694564,20260901
B1_spatial,1.0,all_class_maps,all,macro_class,relative_l2_change,0.036177623162098785,0.03583494125873434,0.03653540621739005,1449,1449,28980,28980,20,5000,5000,1.0,3021694564,20260901
B1_spatial,1.0,all_class_maps,all,macro_class,map_pearson,0.9902811471884458,0.9902131751095884,0.9903496093473676,1449,1449,28980,28980,20,5000,5000,1.0,3021694564,20260901
B1_spatial,1.0,all_class_maps,all,macro_class,map_spearman,0.9843411500574064,0.984105118426415,0.9845711215264619,1449,1449,28980,28980,20,5000,5000,1.0,3021694564,20260901
B1_spatial,1.0,all_class_maps,all,macro_class,energy_raw,0.008560702559979908,0.008338373786745063,0.008799121273902,1449,1449,28980,28980,20,5000,5000,1.0,3021694564,20260901
B1_spatial,1.0,all_class_maps,all,macro_class,energy_smoothed,0.00426784981498649,0.004134959666549872,0.004406412499644056,1449,1449,28980,28980,20,5000,5000,1.0,3021694564,20260901
B1_spatial,1.0,all_class_maps,all,macro_class,energy_retention,0.4154844085282915,0.41398495174589617,0.41701881406732355,1449,1449,28980,28980,20,5000,5000,1.0,3021694564,20260901
B1_spatial,1.0,all_class_maps,all,macro_class,smoothed_std_over_raw,0.8829046430404306,0.8821647921872497,0.8836253956901238,1449,1449,28980,28980,20,5000,5000,1.0,3021694564,20260901
B1_spatial,1.0,all_class_maps,all,macro_class,linear_solve_relative_residual,4.656466723339761e-06,4.629031298909481e-06,4.683726330108895e-06,1449,1449,28980,28980,20,5000,5000,1.0,3021694564,20260901
B1_spatial,1.0,all_class_maps,all,macro_class,cg_iterations,8.0,8.0,8.0,1449,1449,28980,28980,20,5000,5000,1.0,3021694564,20260901
B1_spatial,1.0,all_class_maps,all,macro_class,solve_runtime_ms_per_map,0.004731320835176913,0.00470760568274178,0.004757822199026158,1449,1449,28980,28980,20,5000,5000,1.0,3021694564,20260901
B1_spatial,1.0,all_class_maps,single_label,micro,fidelity,0.033469249179713355,0.03309593209843357,0.03384394090653305,927,927,18540,18540,,5000,5000,1.0,3021694564,20260901
B1_spatial,1.0,all_class_maps,single_label,micro,relative_l2_change,0.033469249179713355,0.03309593209843357,0.03384394090653305,927,927,18540,18540,,5000,5000,1.0,3021694564,20260901
B1_spatial,1.0,all_class_maps,single_label,micro,map_pearson,0.9903593033166379,0.9902682913199243,0.9904525276830474,927,927,18540,18540,,5000,5000,1.0,3021694564,20260901
B1_spatial,1.0,all_class_maps,single_label,micro,map_spearman,0.9833234177213143,0.9829635747539799,0.9836542483515628,927,927,18540,18540,,5000,5000,1.0,3021694564,20260901
B1_spatial,1.0,all_class_maps,single_label,micro,energy_raw,0.006739255981066464,0.006525470391181321,0.006959116221324721,927,927,18540,18540,,5000,5000,1.0,3021694564,20260901
B1_spatial,1.0,all_class_maps,single_label,micro,energy_smoothed,0.0031448243985212777,0.0030230390976109084,0.0032693892408386773,927,927,18540,18540,,5000,5000,1.0,3021694564,20260901
B1_spatial,1.0,all_class_maps,single_label,micro,energy_retention,0.40558745478156316,0.4038066379953389,0.40738937303588646,927,927,18540,18540,,5000,5000,1.0,3021694564,20260901
B1_spatial,1.0,all_class_maps,single_label,micro,smoothed_std_over_raw,0.8798457617287754,0.8789101228202335,0.8807584433481821,927,927,18540,18540,,5000,5000,1.0,3021694564,20260901
B1_spatial,1.0,all_class_maps,single_label,micro,linear_solve_relative_residual,4.542447872906815e-06,4.5056679383224615e-06,4.5784887622766596e-06,927,927,18540,18540,,5000,5000,1.0,3021694564,20260901
B1_spatial,1.0,all_class_maps,single_label,micro,cg_iterations,8.0,8.0,8.0,927,927,18540,18540,,5000,5000,1.0,3021694564,20260901
B1_spatial,1.0,all_class_maps,single_label,micro,solve_runtime_ms_per_map,0.004730370473958671,0.004701623399960854,0.004764647619032547,927,927,18540,18540,,5000,5000,1.0,3021694564,20260901
B1_spatial,1.0,all_class_maps,single_label,macro_class,fidelity,0.03346924917971336,0.033095932098433575,0.033843940906533046,927,927,18540,18540,20,5000,5000,1.0,3021694564,20260901
B1_spatial,1.0,all_class_maps,single_label,macro_class,relative_l2_change,0.03346924917971336,0.033095932098433575,0.033843940906533046,927,927,18540,18540,20,5000,5000,1.0,3021694564,20260901
B1_spatial,1.0,all_class_maps,single_label,macro_class,map_pearson,0.9903593033166377,0.9902682913199244,0.9904525276830474,927,927,18540,18540,20,5000,5000,1.0,3021694564,20260901
B1_spatial,1.0,all_class_maps,single_label,macro_class,map_spearman,0.9833234177213142,0.9829635747539798,0.983654248351563,927,927,18540,18540,20,5000,5000,1.0,3021694564,20260901
B1_spatial,1.0,all_class_maps,single_label,macro_class,energy_raw,0.006739255981066462,0.006525470391181321,0.00695911622132472,927,927,18540,18540,20,5000,5000,1.0,3021694564,20260901
B1_spatial,1.0,all_class_maps,single_label,macro_class,energy_smoothed,0.0031448243985212772,0.0030230390976109093,0.0032693892408386773,927,927,18540,18540,20,5000,5000,1.0,3021694564,20260901
B1_spatial,1.0,all_class_maps,single_label,macro_class,energy_retention,0.40558745478156305,0.4038066379953389,0.4073893730358865,927,927,18540,18540,20,5000,5000,1.0,3021694564,20260901
B1_spatial,1.0,all_class_maps,single_label,macro_class,smoothed_std_over_raw,0.8798457617287753,0.8789101228202334,0.8807584433481821,927,927,18540,18540,20,5000,5000,1.0,3021694564,20260901
B1_spatial,1.0,all_class_maps,single_label,macro_class,linear_solve_relative_residual,4.542447872906815e-06,4.505667938322461e-06,4.5784887622766596e-06,927,927,18540,18540,20,5000,5000,1.0,3021694564,20260901
B1_spatial,1.0,all_class_maps,single_label,macro_class,cg_iterations,8.0,8.0,8.0,927,927,18540,18540,20,5000,5000,1.0,3021694564,20260901
B1_spatial,1.0,all_class_maps,single_label,macro_class,solve_runtime_ms_per_map,0.004730370473958671,0.0047016233999608555,0.004764647619032545,927,927,18540,18540,20,5000,5000,1.0,3021694564,20260901
B1_spatial,1.0,all_class_maps,exactly_2_labels,micro,fidelity,0.03969423228080074,0.03918520011874537,0.040211999229012675,375,375,7500,7500,,5000,5000,1.0,3021694564,20260901
B1_spatial,1.0,all_class_maps,exactly_2_labels,micro,relative_l2_change,0.03969423228080074,0.03918520011874537,0.040211999229012675,375,375,7500,7500,,5000,5000,1.0,3021694564,20260901
B1_spatial,1.0,all_class_maps,exactly_2_labels,micro,map_pearson,0.9901189414024353,0.990003758929968,0.9902338051968813,375,375,7500,7500,,5000,5000,1.0,3021694564,20260901
B1_spatial,1.0,all_class_maps,exactly_2_labels,micro,map_spearman,0.986033664782842,0.9857943555084864,0.986260017038981,375,375,7500,7500,,5000,5000,1.0,3021694564,20260901
B1_spatial,1.0,all_class_maps,exactly_2_labels,micro,energy_raw,0.010749907921534031,0.010364591250340454,0.011158526960033147,375,375,7500,7500,,5000,5000,1.0,3021694564,20260901
B1_spatial,1.0,all_class_maps,exactly_2_labels,micro,energy_smoothed,0.005591772132941211,0.005360669584398468,0.00583416565157085,375,375,7500,7500,,5000,5000,1.0,3021694564,20260901
B1_spatial,1.0,all_class_maps,exactly_2_labels,micro,energy_retention,0.4291614147504171,0.4267941524016857,0.43151106988529364,375,375,7500,7500,,5000,5000,1.0,3021694564,20260901
B1_spatial,1.0,all_class_maps,exactly_2_labels,micro,smoothed_std_over_raw,0.8873740267356237,0.8859854616260529,0.8887568428858121,375,375,7500,7500,,5000,5000,1.0,3021694564,20260901
B1_spatial,1.0,all_class_maps,exactly_2_labels,micro,linear_solve_relative_residual,4.848481954301557e-06,4.8060316019226925e-06,4.892819302957227e-06,375,375,7500,7500,,5000,5000,1.0,3021694564,20260901
B1_spatial,1.0,all_class_maps,exactly_2_labels,micro,cg_iterations,8.0,8.0,8.0,375,375,7500,7500,,5000,5000,1.0,3021694564,20260901
B1_spatial,1.0,all_class_maps,exactly_2_labels,micro,solve_runtime_ms_per_map,0.004723674672681631,0.004684518242938794,0.004778520711762313,375,375,7500,7500,,5000,5000,1.0,3021694564,20260901
B1_spatial,1.0,all_class_maps,exactly_2_labels,macro_class,fidelity,0.03969423228080074,0.03918520011874537,0.04021199922901268,375,375,7500,7500,20,5000,5000,1.0,3021694564,20260901
B1_spatial,1.0,all_class_maps,exactly_2_labels,macro_class,relative_l2_change,0.03969423228080074,0.03918520011874537,0.04021199922901268,375,375,7500,7500,20,5000,5000,1.0,3021694564,20260901
B1_spatial,1.0,all_class_maps,exactly_2_labels,macro_class,map_pearson,0.9901189414024353,0.9900037589299678,0.9902338051968812,375,375,7500,7500,20,5000,5000,1.0,3021694564,20260901
B1_spatial,1.0,all_class_maps,exactly_2_labels,macro_class,map_spearman,0.9860336647828418,0.9857943555084865,0.986260017038981,375,375,7500,7500,20,5000,5000,1.0,3021694564,20260901
B1_spatial,1.0,all_class_maps,exactly_2_labels,macro_class,energy_raw,0.010749907921534033,0.010364591250340456,0.011158526960033147,375,375,7500,7500,20,5000,5000,1.0,3021694564,20260901
B1_spatial,1.0,all_class_maps,exactly_2_labels,macro_class,energy_smoothed,0.005591772132941211,0.005360669584398468,0.00583416565157085,375,375,7500,7500,20,5000,5000,1.0,3021694564,20260901
B1_spatial,1.0,all_class_maps,exactly_2_labels,macro_class,energy_retention,0.42916141475041697,0.42679415240168567,0.43151106988529364,375,375,7500,7500,20,5000,5000,1.0,3021694564,20260901
B1_spatial,1.0,all_class_maps,exactly_2_labels,macro_class,smoothed_std_over_raw,0.8873740267356238,0.8859854616260526,0.8887568428858122,375,375,7500,7500,20,5000,5000,1.0,3021694564,20260901
B1_spatial,1.0,all_class_maps,exactly_2_labels,macro_class,linear_solve_relative_residual,4.848481954301557e-06,4.806031601922692e-06,4.892819302957226e-06,375,375,7500,7500,20,5000,5000,1.0,3021694564,20260901
B1_spatial,1.0,all_class_maps,exactly_2_labels,macro_class,cg_iterations,8.0,8.0,8.0,375,375,7500,7500,20,5000,5000,1.0,3021694564,20260901
B1_spatial,1.0,all_class_maps,exactly_2_labels,macro_class,solve_runtime_ms_per_map,0.004723674672681631,0.0046845182429387944,0.0047785207117623145,375,375,7500,7500,20,5000,5000,1.0,3021694564,20260901
B1_spatial,1.0,all_class_maps,3plus_labels,micro,fidelity,0.04428601950331002,0.04351802649592575,0.04504369491996358,147,147,2940,2940,,5000,5000,1.0,3021694564,20260901
B1_spatial,1.0,all_class_maps,3plus_labels,micro,relative_l2_change,0.04428601950331002,0.04351802649592575,0.04504369491996358,147,147,2940,2940,,5000,5000,1.0,3021694564,20260901
B1_spatial,1.0,all_class_maps,3plus_labels,micro,map_pearson,0.9902020753443647,0.9900250431322524,0.9903763140824173,147,147,2940,2940,,5000,5000,1.0,3021694564,20260901
B1_spatial,1.0,all_class_maps,3plus_labels,micro,map_spearman,0.986441455183386,0.9861206303450729,0.9867528124285393,147,147,2940,2940,,5000,5000,1.0,3021694564,20260901
B1_spatial,1.0,all_class_maps,3plus_labels,micro,energy_raw,0.014462260165898015,0.013762959155064397,0.015164014389013812,147,147,2940,2940,,5000,5000,1.0,3021694564,20260901
B1_spatial,1.0,all_class_maps,3plus_labels,micro,energy_smoothed,0.007972432752607112,0.007534841251083203,0.008414010351891415,147,147,2940,2940,,5000,5000,1.0,3021694564,20260901
B1_spatial,1.0,all_class_maps,3plus_labels,micro,energy_retention,0.44300548873182866,0.4397059207906326,0.4462374581984517,147,147,2940,2940,,5000,5000,1.0,3021694564,20260901
B1_spatial,1.0,all_class_maps,3plus_labels,micro,smoothed_std_over_raw,0.8907928341302742,0.8885780707908933,0.8929059312269598,147,147,2940,2940,,5000,5000,1.0,3021694564,20260901
B1_spatial,1.0,all_class_maps,3plus_labels,micro,linear_solve_relative_residual,4.885648782800097e-06,4.826336342986309e-06,4.945335332792729e-06,147,147,2940,2940,,5000,5000,1.0,3021694564,20260901
B1_spatial,1.0,all_class_maps,3plus_labels,micro,cg_iterations,8.0,8.0,8.0,147,147,2940,2940,,5000,5000,1.0,3021694564,20260901
B1_spatial,1.0,all_class_maps,3plus_labels,micro,solve_runtime_ms_per_map,0.004756819445959529,0.0046885609489294025,0.0048609946354970035,147,147,2940,2940,,5000,5000,1.0,3021694564,20260901
B1_spatial,1.0,all_class_maps,3plus_labels,macro_class,fidelity,0.04428601950331003,0.04351802649592575,0.04504369491996358,147,147,2940,2940,20,5000,5000,1.0,3021694564,20260901
B1_spatial,1.0,all_class_maps,3plus_labels,macro_class,relative_l2_change,0.04428601950331003,0.04351802649592575,0.04504369491996358,147,147,2940,2940,20,5000,5000,1.0,3021694564,20260901
B1_spatial,1.0,all_class_maps,3plus_labels,macro_class,map_pearson,0.9902020753443646,0.9900250431322524,0.9903763140824173,147,147,2940,2940,20,5000,5000,1.0,3021694564,20260901
B1_spatial,1.0,all_class_maps,3plus_labels,macro_class,map_spearman,0.986441455183386,0.986120630345073,0.9867528124285393,147,147,2940,2940,20,5000,5000,1.0,3021694564,20260901
B1_spatial,1.0,all_class_maps,3plus_labels,macro_class,energy_raw,0.014462260165898019,0.013762959155064399,0.015164014389013812,147,147,2940,2940,20,5000,5000,1.0,3021694564,20260901
B1_spatial,1.0,all_class_maps,3plus_labels,macro_class,energy_smoothed,0.007972432752607114,0.007534841251083203,0.008414010351891415,147,147,2940,2940,20,5000,5000,1.0,3021694564,20260901
B1_spatial,1.0,all_class_maps,3plus_labels,macro_class,energy_retention,0.44300548873182866,0.4397059207906326,0.4462374581984517,147,147,2940,2940,20,5000,5000,1.0,3021694564,20260901
B1_spatial,1.0,all_class_maps,3plus_labels,macro_class,smoothed_std_over_raw,0.8907928341302741,0.888578070790893,0.8929059312269596,147,147,2940,2940,20,5000,5000,1.0,3021694564,20260901
B1_spatial,1.0,all_class_maps,3plus_labels,macro_class,linear_solve_relative_residual,4.885648782800097e-06,4.826336342986308e-06,4.945335332792729e-06,147,147,2940,2940,20,5000,5000,1.0,3021694564,20260901
B1_spatial,1.0,all_class_maps,3plus_labels,macro_class,cg_iterations,8.0,8.0,8.0,147,147,2940,2940,20,5000,5000,1.0,3021694564,20260901
B1_spatial,1.0,all_class_maps,3plus_labels,macro_class,solve_runtime_ms_per_map,0.004756819445959529,0.004688560948929402,0.0048609946354970035,147,147,2940,2940,20,5000,5000,1.0,3021694564,20260901
B1_spatial,1.0,per_class,all,micro,fidelity,0.030958812237762846,0.03049372667555997,0.031465836896113104,1449,1449,1449,1449,,5000,5000,1.0,3021694564,20260901
B1_spatial,1.0,per_class,all,micro,relative_l2_change,0.030958812237762846,0.03049372667555997,0.031465836896113104,1449,1449,1449,1449,,5000,5000,1.0,3021694564,20260901
B1_spatial,1.0,per_class,all,micro,map_pearson,0.9908439131586037,0.9907498680646458,0.9909398713621541,1449,1449,1449,1449,,5000,5000,1.0,3021694564,20260901
B1_spatial,1.0,per_class,all,micro,map_spearman,0.9855403048240209,0.9852454660595328,0.9858282562275851,1449,1449,1449,1449,,5000,5000,1.0,3021694564,20260901
B1_spatial,1.0,per_class,all,micro,energy_raw,0.00530993061514894,0.004943089206292702,0.005718123036914529,1449,1449,1449,1449,,5000,5000,1.0,3021694564,20260901
B1_spatial,1.0,per_class,all,micro,energy_smoothed,0.002439264746449034,0.0021979791173354136,0.0027073980704983686,1449,1449,1449,1449,,5000,5000,1.0,3021694564,20260901
B1_spatial,1.0,per_class,all,micro,energy_retention,0.4070308752887573,0.4040982438170392,0.4099589997916653,1449,1449,1449,1449,,5000,5000,1.0,3021694564,20260901
B1_spatial,1.0,per_class,all,micro,smoothed_std_over_raw,0.8788497154674833,0.8774982252898013,0.8802302055991543,1449,1449,1449,1449,,5000,5000,1.0,3021694564,20260901
B1_spatial,1.0,per_class,all,micro,linear_solve_relative_residual,4.5655930506760915e-06,4.512236468224093e-06,4.620199934285506e-06,1449,1449,1449,1449,,5000,5000,1.0,3021694564,20260901
B1_spatial,1.0,per_class,all,micro,cg_iterations,8.0,8.0,8.0,1449,1449,1449,1449,,5000,5000,1.0,3021694564,20260901
B1_spatial,1.0,per_class,all,micro,solve_runtime_ms_per_map,0.004731320835176913,0.004707605682741779,0.004757822199026156,1449,1449,1449,1449,,5000,5000,1.0,3021694564,20260901
B1_spatial,1.0,per_class,all,micro,fidelity,0.033910322510184214,0.03317083055346309,0.034706214992194506,1449,1449,1449,1449,,5000,5000,1.0,3021694564,20260901
B1_spatial,1.0,per_class,all,micro,relative_l2_change,0.033910322510184214,0.03317083055346309,0.034706214992194506,1449,1449,1449,1449,,5000,5000,1.0,3021694564,20260901
B1_spatial,1.0,per_class,all,micro,map_pearson,0.9901192356505174,0.9899949518327387,0.9902414395459115,1449,1449,1449,1449,,5000,5000,1.0,3021694564,20260901
B1_spatial,1.0,per_class,all,micro,map_spearman,0.9840244014481991,0.9836547036060718,0.9843612172732771,1449,1449,1449,1449,,5000,5000,1.0,3021694564,20260901
B1_spatial,1.0,per_class,all,micro,energy_raw,0.0070947752169637415,0.006508934517418583,0.0077445165854128336,1449,1449,1449,1449,,5000,5000,1.0,3021694564,20260901
B1_spatial,1.0,per_class,all,micro,energy_smoothed,0.0033999054802834263,0.0030345023907685695,0.003796923594540501,1449,1449,1449,1449,,5000,5000,1.0,3021694564,20260901
B1_spatial,1.0,per_class,all,micro,energy_retention,0.40753348810332163,0.40452285827368273,0.4106327647485965,1449,1449,1449,1449,,5000,5000,1.0,3021694564,20260901
B1_spatial,1.0,per_class,all,micro,smoothed_std_over_raw,0.8807642936624273,0.8792954796455991,0.8821886938890562,1449,1449,1449,1449,,5000,5000,1.0,3021694564,20260901
B1_spatial,1.0,per_class,all,micro,linear_solve_relative_residual,4.562034673760829e-06,4.506299341783095e-06,4.618909669266348e-06,1449,1449,1449,1449,,5000,5000,1.0,3021694564,20260901
B1_spatial,1.0,per_class,all,micro,cg_iterations,8.0,8.0,8.0,1449,1449,1449,1449,,5000,5000,1.0,3021694564,20260901
B1_spatial,1.0,per_class,all,micro,solve_runtime_ms_per_map,0.004731320835176913,0.004707605682741779,0.004757822199026156,1449,1449,1449,1449,,5000,5000,1.0,3021694564,20260901
B1_spatial,1.0,per_class,all,micro,fidelity,0.031314853550525594,0.030941642709513464,0.03171785560946236,1449,1449,1449,1449,,5000,5000,1.0,3021694564,20260901
B1_spatial,1.0,per_class,all,micro,relative_l2_change,0.031314853550525594,0.030941642709513464,0.03171785560946236,1449,1449,1449,1449,,5000,5000,1.0,3021694564,20260901
B1_spatial,1.0,per_class,all,micro,map_pearson,0.9895931446116245,0.9894844660621581,0.9896999727104187,1449,1449,1449,1449,,5000,5000,1.0,3021694564,20260901
B1_spatial,1.0,per_class,all,micro,map_spearman,0.9842641405025954,0.9839392828285242,0.9845772465892789,1449,1449,1449,1449,,5000,5000,1.0,3021694564,20260901
B1_spatial,1.0,per_class,all,micro,energy_raw,0.005048328512406081,0.004822067210172465,0.005314184360163064,1449,1449,1449,1449,,5000,5000,1.0,3021694564,20260901
B1_spatial,1.0,per_class,all,micro,energy_smoothed,0.0021056924188018536,0.0019721222595548145,0.002261702486313799,1449,1449,1449,1449,,5000,5000,1.0,3021694564,20260901
B1_spatial,1.0,per_class,all,micro,energy_retention,0.39133813576175064,0.389020508139544,0.3937583666508201,1449,1449,1449,1449,,5000,5000,1.0,3021694564,20260901
B1_spatial,1.0,per_class,all,micro,smoothed_std_over_raw,0.8783273859794095,0.876956516135101,0.8796681053838786,1449,1449,1449,1449,,5000,5000,1.0,3021694564,20260901
B1_spatial,1.0,per_class,all,micro,linear_solve_relative_residual,4.588944530823222e-06,4.537156754902726e-06,4.640439254856168e-06,1449,1449,1449,1449,,5000,5000,1.0,3021694564,20260901
B1_spatial,1.0,per_class,all,micro,cg_iterations,8.0,8.0,8.0,1449,1449,1449,1449,,5000,5000,1.0,3021694564,20260901
B1_spatial,1.0,per_class,all,micro,solve_runtime_ms_per_map,0.004731320835176913,0.004707605682741779,0.004757822199026156,1449,1449,1449,1449,,5000,5000,1.0,3021694564,20260901
B1_spatial,1.0,per_class,all,micro,fidelity,0.032913051541763556,0.03227020763551715,0.03359882166960101,1449,1449,1449,1449,,5000,5000,1.0,3021694564,20260901
B1_spatial,1.0,per_class,all,micro,relative_l2_change,0.032913051541763556,0.03227020763551715,0.03359882166960101,1449,1449,1449,1449,,5000,5000,1.0,3021694564,20260901
B1_spatial,1.0,per_class,all,micro,map_pearson,0.9902953688566893,0.9901770285783841,0.9904106110365247,1449,1449,1449,1449,,5000,5000,1.0,3021694564,20260901
B1_spatial,1.0,per_class,all,micro,map_spearman,0.9850901606331371,0.9847987157813921,0.9853815968043644,1449,1449,1449,1449,,5000,5000,1.0,3021694564,20260901
B1_spatial,1.0,per_class,all,micro,energy_raw,0.006435917776362075,0.005913880181168942,0.007024060059068056,1449,1449,1449,1449,,5000,5000,1.0,3021694564,20260901
B1_spatial,1.0,per_class,all,micro,energy_smoothed,0.003060212270295655,0.002720968731804115,0.0034411397849476253,1449,1449,1449,1449,,5000,5000,1.0,3021694564,20260901
B1_spatial,1.0,per_class,all,micro,energy_retention,0.4127891290755499,0.40994051709730017,0.41572891037738924,1449,1449,1449,1449,,5000,5000,1.0,3021694564,20260901
B1_spatial,1.0,per_class,all,micro,smoothed_std_over_raw,0.8799212371340449,0.8785016113423001,0.8813308935810402,1449,1449,1449,1449,,5000,5000,1.0,3021694564,20260901
B1_spatial,1.0,per_class,all,micro,linear_solve_relative_residual,4.628009265961975e-06,4.572316998727056e-06,4.685336156608631e-06,1449,1449,1449,1449,,5000,5000,1.0,3021694564,20260901
B1_spatial,1.0,per_class,all,micro,cg_iterations,8.0,8.0,8.0,1449,1449,1449,1449,,5000,5000,1.0,3021694564,20260901
B1_spatial,1.0,per_class,all,micro,solve_runtime_ms_per_map,0.004731320835176913,0.004707605682741779,0.004757822199026156,1449,1449,1449,1449,,5000,5000,1.0,3021694564,20260901
B1_spatial,1.0,per_class,all,micro,fidelity,0.03872342912250136,0.037741100570615034,0.03973159466827066,1449,1449,1449,1449,,5000,5000,1.0,3021694564,20260901
B1_spatial,1.0,per_class,all,micro,relative_l2_change,0.03872342912250136,0.037741100570615034,0.03973159466827066,1449,1449,1449,1449,,5000,5000,1.0,3021694564,20260901
B1_spatial,1.0,per_class,all,micro,map_pearson,0.989838389094901,0.9896994904125863,0.9899733918855895,1449,1449,1449,1449,,5000,5000,1.0,3021694564,20260901
B1_spatial,1.0,per_class,all,micro,map_spearman,0.9830412930089741,0.982586737554019,0.9834913043975007,1449,1449,1449,1449,,5000,5000,1.0,3021694564,20260901
B1_spatial,1.0,per_class,all,micro,energy_raw,0.009957076567099824,0.009141937668187503,0.010809139461366472,1449,1449,1449,1449,,5000,5000,1.0,3021694564,20260901
B1_spatial,1.0,per_class,all,micro,energy_smoothed,0.005027720508479955,0.0045020795417993345,0.005572372342769695,1449,1449,1449,1449,,5000,5000,1.0,3021694564,20260901
B1_spatial,1.0,per_class,all,micro,energy_retention,0.4168612950007779,0.4130241395081628,0.42072577540260747,1449,1449,1449,1449,,5000,5000,1.0,3021694564,20260901
B1_spatial,1.0,per_class,all,micro,smoothed_std_over_raw,0.8851943432750005,0.8836395850792023,0.8868202784262582,1449,1449,1449,1449,,5000,5000,1.0,3021694564,20260901
B1_spatial,1.0,per_class,all,micro,linear_solve_relative_residual,4.7794284188061415e-06,4.699753633350063e-06,4.860391464995767e-06,1449,1449,1449,1449,,5000,5000,1.0,3021694564,20260901
B1_spatial,1.0,per_class,all,micro,cg_iterations,8.0,8.0,8.0,1449,1449,1449,1449,,5000,5000,1.0,3021694564,20260901
B1_spatial,1.0,per_class,all,micro,solve_runtime_ms_per_map,0.004731320835176913,0.004707605682741779,0.004757822199026156,1449,1449,1449,1449,,5000,5000,1.0,3021694564,20260901
B1_spatial,1.0,per_class,all,micro,fidelity,0.033050023165857326,0.0324510426418001,0.033685764192595176,1449,1449,1449,1449,,5000,5000,1.0,3021694564,20260901
B1_spatial,1.0,per_class,all,micro,relative_l2_change,0.033050023165857326,0.0324510426418001,0.033685764192595176,1449,1449,1449,1449,,5000,5000,1.0,3021694564,20260901
B1_spatial,1.0,per_class,all,micro,map_pearson,0.9909064353458465,0.9908066066731414,0.9910025595703398,1449,1449,1449,1449,,5000,5000,1.0,3021694564,20260901
B1_spatial,1.0,per_class,all,micro,map_spearman,0.9850105412093585,0.9846621052304821,0.9853498111034854,1449,1449,1449,1449,,5000,5000,1.0,3021694564,20260901
B1_spatial,1.0,per_class,all,micro,energy_raw,0.006393511016680258,0.00595584542510547,0.006869880416577719,1449,1449,1449,1449,,5000,5000,1.0,3021694564,20260901
B1_spatial,1.0,per_class,all,micro,energy_smoothed,0.003033559510289589,0.0027517575494873303,0.003334650119761852,1449,1449,1449,1449,,5000,5000,1.0,3021694564,20260901
B1_spatial,1.0,per_class,all,micro,energy_retention,0.4094329936246036,0.40613407693427955,0.41283219961245116,1449,1449,1449,1449,,5000,5000,1.0,3021694564,20260901
B1_spatial,1.0,per_class,all,micro,smoothed_std_over_raw,0.8833044748869001,0.8818969016973112,0.8847203975601227,1449,1449,1449,1449,,5000,5000,1.0,3021694564,20260901
B1_spatial,1.0,per_class,all,micro,linear_solve_relative_residual,4.60259601248108e-06,4.547070125976319e-06,4.65747648321048e-06,1449,1449,1449,1449,,5000,5000,1.0,3021694564,20260901
B1_spatial,1.0,per_class,all,micro,cg_iterations,8.0,8.0,8.0,1449,1449,1449,1449,,5000,5000,1.0,3021694564,20260901
B1_spatial,1.0,per_class,all,micro,solve_runtime_ms_per_map,0.004731320835176913,0.004707605682741779,0.004757822199026156,1449,1449,1449,1449,,5000,5000,1.0,3021694564,20260901
B1_spatial,1.0,per_class,all,micro,fidelity,0.04050908203630755,0.03940930957018974,0.0416443345305337,1449,1449,1449,1449,,5000,5000,1.0,3021694564,20260901
B1_spatial,1.0,per_class,all,micro,relative_l2_change,0.04050908203630755,0.03940930957018974,0.0416443345305337,1449,1449,1449,1449,,5000,5000,1.0,3021694564,20260901
B1_spatial,1.0,per_class,all,micro,map_pearson,0.9900808841134039,0.989927317727591,0.9902297014744632,1449,1449,1449,1449,,5000,5000,1.0,3021694564,20260901
B1_spatial,1.0,per_class,all,micro,map_spearman,0.9851402129445758,0.9848155131508269,0.9854464223080047,1449,1449,1449,1449,,5000,5000,1.0,3021694564,20260901
B1_spatial,1.0,per_class,all,micro,energy_raw,0.01111014053550741,0.010239166576292216,0.01202550827914973,1449,1449,1449,1449,,5000,5000,1.0,3021694564,20260901
B1_spatial,1.0,per_class,all,micro,energy_smoothed,0.00547569733779245,0.004965952682381401,0.006009270300951667,1449,1449,1449,1449,,5000,5000,1.0,3021694564,20260901
B1_spatial,1.0,per_class,all,micro,energy_retention,0.42280740333557787,0.4190550532102009,0.4265395494958218,1449,1449,1449,1449,,5000,5000,1.0,3021694564,20260901
B1_spatial,1.0,per_class,all,micro,smoothed_std_over_raw,0.8895981564367121,0.8880020733164293,0.8912002256866403,1449,1449,1449,1449,,5000,5000,1.0,3021694564,20260901
B1_spatial,1.0,per_class,all,micro,linear_solve_relative_residual,4.810333721321435e-06,4.7374186818929735e-06,4.8838844460342935e-06,1449,1449,1449,1449,,5000,5000,1.0,3021694564,20260901
B1_spatial,1.0,per_class,all,micro,cg_iterations,8.0,8.0,8.0,1449,1449,1449,1449,,5000,5000,1.0,3021694564,20260901
B1_spatial,1.0,per_class,all,micro,solve_runtime_ms_per_map,0.004731320835176913,0.004707605682741779,0.004757822199026156,1449,1449,1449,1449,,5000,5000,1.0,3021694564,20260901
B1_spatial,1.0,per_class,all,micro,fidelity,0.03286740512010597,0.032290203906782104,0.033496496073189504,1449,1449,1449,1449,,5000,5000,1.0,3021694564,20260901
B1_spatial,1.0,per_class,all,micro,relative_l2_change,0.03286740512010597,0.032290203906782104,0.033496496073189504,1449,1449,1449,1449,,5000,5000,1.0,3021694564,20260901
B1_spatial,1.0,per_class,all,micro,map_pearson,0.9904898796680469,0.9903698827683145,0.9906062986076989,1449,1449,1449,1449,,5000,5000,1.0,3021694564,20260901
B1_spatial,1.0,per_class,all,micro,map_spearman,0.9847687610352426,0.9844302957739972,0.9850865700096406,1449,1449,1449,1449,,5000,5000,1.0,3021694564,20260901
B1_spatial,1.0,per_class,all,micro,energy_raw,0.006466636490436712,0.006023816958561011,0.006965373881337804,1449,1449,1449,1449,,5000,5000,1.0,3021694564,20260901
B1_spatial,1.0,per_class,all,micro,energy_smoothed,0.003178237276699708,0.0028791016354130774,0.003509319948332053,1449,1449,1449,1449,,5000,5000,1.0,3021694564,20260901
B1_spatial,1.0,per_class,all,micro,energy_retention,0.4162105791851765,0.4123629088712158,0.42018630335646057,1449,1449,1449,1449,,5000,5000,1.0,3021694564,20260901
B1_spatial,1.0,per_class,all,micro,smoothed_std_over_raw,0.88260243011393,0.8811067738219982,0.8841084126287941,1449,1449,1449,1449,,5000,5000,1.0,3021694564,20260901
B1_spatial,1.0,per_class,all,micro,linear_solve_relative_residual,4.54373361125902e-06,4.485169293151598e-06,4.601374381786799e-06,1449,1449,1449,1449,,5000,5000,1.0,3021694564,20260901
B1_spatial,1.0,per_class,all,micro,cg_iterations,8.0,8.0,8.0,1449,1449,1449,1449,,5000,5000,1.0,3021694564,20260901
B1_spatial,1.0,per_class,all,micro,solve_runtime_ms_per_map,0.004731320835176913,0.004707605682741779,0.004757822199026156,1449,1449,1449,1449,,5000,5000,1.0,3021694564,20260901
B1_spatial,1.0,per_class,all,micro,fidelity,0.04482281229248575,0.04352695589250094,0.04623926576404344,1449,1449,1449,1449,,5000,5000,1.0,3021694564,20260901
B1_spatial,1.0,per_class,all,micro,relative_l2_change,0.04482281229248575,0.04352695589250094,0.04623926576404344,1449,1449,1449,1449,,5000,5000,1.0,3021694564,20260901
B1_spatial,1.0,per_class,all,micro,map_pearson,0.9900071458457831,0.9898590566013252,0.9901520074503927,1449,1449,1449,1449,,5000,5000,1.0,3021694564,20260901
B1_spatial,1.0,per_class,all,micro,map_spearman,0.983382339104033,0.9829489954571793,0.9837931882952557,1449,1449,1449,1449,,5000,5000,1.0,3021694564,20260901
B1_spatial,1.0,per_class,all,micro,energy_raw,0.014805474197810158,0.013621389356630518,0.016123353357279716,1449,1449,1449,1449,,5000,5000,1.0,3021694564,20260901
B1_spatial,1.0,per_class,all,micro,energy_smoothed,0.007877296259203505,0.007121640634627803,0.008695212932844008,1449,1449,1449,1449,,5000,5000,1.0,3021694564,20260901
B1_spatial,1.0,per_class,all,micro,energy_retention,0.42456827692692656,0.42021485229014444,0.42913280373671864,1449,1449,1449,1449,,5000,5000,1.0,3021694564,20260901
B1_spatial,1.0,per_class,all,micro,smoothed_std_over_raw,0.8854809993295689,0.8838368349553718,0.8871651407837703,1449,1449,1449,1449,,5000,5000,1.0,3021694564,20260901
B1_spatial,1.0,per_class,all,micro,linear_solve_relative_residual,4.813738418503545e-06,4.735466782513786e-06,4.891140223132436e-06,1449,1449,1449,1449,,5000,5000,1.0,3021694564,20260901
B1_spatial,1.0,per_class,all,micro,cg_iterations,8.0,8.0,8.0,1449,1449,1449,1449,,5000,5000,1.0,3021694564,20260901
B1_spatial,1.0,per_class,all,micro,solve_runtime_ms_per_map,0.004731320835176913,0.004707605682741779,0.004757822199026156,1449,1449,1449,1449,,5000,5000,1.0,3021694564,20260901
B1_spatial,1.0,per_class,all,micro,fidelity,0.031204635476638237,0.03051433142289401,0.03194616965209105,1449,1449,1449,1449,,5000,5000,1.0,3021694564,20260901
B1_spatial,1.0,per_class,all,micro,relative_l2_change,0.031204635476638237,0.03051433142289401,0.03194616965209105,1449,1449,1449,1449,,5000,5000,1.0,3021694564,20260901
B1_spatial,1.0,per_class,all,micro,map_pearson,0.99106649693495,0.990972114006267,0.9911644053621651,1449,1449,1449,1449,,5000,5000,1.0,3021694564,20260901
B1_spatial,1.0,per_class,all,micro,map_spearman,0.9841632355978935,0.9837977621362406,0.9845206700579062,1449,1449,1449,1449,,5000,5000,1.0,3021694564,20260901
B1_spatial,1.0,per_class,all,micro,energy_raw,0.006280327728773378,0.005689001639367655,0.0069325529003274496,1449,1449,1449,1449,,5000,5000,1.0,3021694564,20260901
B1_spatial,1.0,per_class,all,micro,energy_smoothed,0.003185801048701394,0.002795638799593605,0.0036138612425890833,1449,1449,1449,1449,,5000,5000,1.0,3021694564,20260901
B1_spatial,1.0,per_class,all,micro,energy_retention,0.4107365137630697,0.40724756241544025,0.41433539362180805,1449,1449,1449,1449,,5000,5000,1.0,3021694564,20260901
B1_spatial,1.0,per_class,all,micro,smoothed_std_over_raw,0.8819280708551901,0.8806009773728023,0.8832874420523807,1449,1449,1449,1449,,5000,5000,1.0,3021694564,20260901
B1_spatial,1.0,per_class,all,micro,linear_solve_relative_residual,4.246922042083798e-06,4.20285301632187e-06,4.292984349857591e-06,1449,1449,1449,1449,,5000,5000,1.0,3021694564,20260901
B1_spatial,1.0,per_class,all,micro,cg_iterations,8.0,8.0,8.0,1449,1449,1449,1449,,5000,5000,1.0,3021694564,20260901
B1_spatial,1.0,per_class,all,micro,solve_runtime_ms_per_map,0.004731320835176913,0.004707605682741779,0.004757822199026156,1449,1449,1449,1449,,5000,5000,1.0,3021694564,20260901
B1_spatial,1.0,per_class,all,micro,fidelity,0.03535393211448127,0.03452947191856133,0.03622282487359554,1449,1449,1449,1449,,5000,5000,1.0,3021694564,20260901
B1_spatial,1.0,per_class,all,micro,relative_l2_change,0.03535393211448127,0.03452947191856133,0.03622282487359554,1449,1449,1449,1449,,5000,5000,1.0,3021694564,20260901
B1_spatial,1.0,per_class,all,micro,map_pearson,0.9904103845954353,0.9902916966387945,0.9905241187839281,1449,1449,1449,1449,,5000,5000,1.0,3021694564,20260901
B1_spatial,1.0,per_class,all,micro,map_spearman,0.9842549731519158,0.9838404234007689,0.9846613165960384,1449,1449,1449,1449,,5000,5000,1.0,3021694564,20260901
B1_spatial,1.0,per_class,all,micro,energy_raw,0.007938180970101315,0.007242717637284867,0.008696668813621472,1449,1449,1449,1449,,5000,5000,1.0,3021694564,20260901
B1_spatial,1.0,per_class,all,micro,energy_smoothed,0.0038830273793293633,0.003449781704871789,0.004355714806736195,1449,1449,1449,1449,,5000,5000,1.0,3021694564,20260901
B1_spatial,1.0,per_class,all,micro,energy_retention,0.4138944086492103,0.4108605341367511,0.41697394733000326,1449,1449,1449,1449,,5000,5000,1.0,3021694564,20260901
B1_spatial,1.0,per_class,all,micro,smoothed_std_over_raw,0.8808701195496375,0.8793996251415104,0.8823174073541469,1449,1449,1449,1449,,5000,5000,1.0,3021694564,20260901
B1_spatial,1.0,per_class,all,micro,linear_solve_relative_residual,4.681240535288619e-06,4.61878854277452e-06,4.7436870542051605e-06,1449,1449,1449,1449,,5000,5000,1.0,3021694564,20260901
B1_spatial,1.0,per_class,all,micro,cg_iterations,8.0,8.0,8.0,1449,1449,1449,1449,,5000,5000,1.0,3021694564,20260901
B1_spatial,1.0,per_class,all,micro,solve_runtime_ms_per_map,0.004731320835176913,0.004707605682741779,0.004757822199026156,1449,1449,1449,1449,,5000,5000,1.0,3021694564,20260901
B1_spatial,1.0,per_class,all,micro,fidelity,0.03620260146371326,0.03556897303541342,0.036882432092693325,1449,1449,1449,1449,,5000,5000,1.0,3021694564,20260901
B1_spatial,1.0,per_class,all,micro,relative_l2_change,0.03620260146371326,0.03556897303541342,0.036882432092693325,1449,1449,1449,1449,,5000,5000,1.0,3021694564,20260901
B1_spatial,1.0,per_class,all,micro,map_pearson,0.9899410116335209,0.9897944753080751,0.9901005757233453,1449,1449,1449,1449,,5000,5000,1.0,3021694564,20260901
B1_spatial,1.0,per_class,all,micro,map_spearman,0.9841382577963909,0.9837490738548847,0.9845398823595031,1449,1449,1449,1449,,5000,5000,1.0,3021694564,20260901
B1_spatial,1.0,per_class,all,micro,energy_raw,0.007945276000630174,0.007416845416562443,0.008518270449556204,1449,1449,1449,1449,,5000,5000,1.0,3021694564,20260901
B1_spatial,1.0,per_class,all,micro,energy_smoothed,0.003978614248227703,0.003615551251361148,0.004380715058410398,1449,1449,1449,1449,,5000,5000,1.0,3021694564,20260901
B1_spatial,1.0,per_class,all,micro,energy_retention,0.418268423746009,0.41384356079932905,0.42309815766555925,1449,1449,1449,1449,,5000,5000,1.0,3021694564,20260901
B1_spatial,1.0,per_class,all,micro,smoothed_std_over_raw,0.8822932876003784,0.8805879354178701,0.8841369938323874,1449,1449,1449,1449,,5000,5000,1.0,3021694564,20260901
B1_spatial,1.0,per_class,all,micro,linear_solve_relative_residual,4.923250201652719e-06,4.8585175312103804e-06,4.985899349441427e-06,1449,1449,1449,1449,,5000,5000,1.0,3021694564,20260901
B1_spatial,1.0,per_class,all,micro,cg_iterations,8.0,8.0,8.0,1449,1449,1449,1449,,5000,5000,1.0,3021694564,20260901
B1_spatial,1.0,per_class,all,micro,solve_runtime_ms_per_map,0.004731320835176913,0.004707605682741779,0.004757822199026156,1449,1449,1449,1449,,5000,5000,1.0,3021694564,20260901
B1_spatial,1.0,per_class,all,micro,fidelity,0.033776469447690506,0.03314604686211288,0.034438894616646905,1449,1449,1449,1449,,5000,5000,1.0,3021694564,20260901
B1_spatial,1.0,per_class,all,micro,relative_l2_change,0.033776469447690506,0.03314604686211288,0.034438894616646905,1449,1449,1449,1449,,5000,5000,1.0,3021694564,20260901
B1_spatial,1.0,per_class,all,micro,map_pearson,0.9901229580819318,0.99001253635987,0.9902338099333645,1449,1449,1449,1449,,5000,5000,1.0,3021694564,20260901
B1_spatial,1.0,per_class,all,micro,map_spearman,0.983837320156308,0.9834461316517751,0.9842113174143291,1449,1449,1449,1449,,5000,5000,1.0,3021694564,20260901
B1_spatial,1.0,per_class,all,micro,energy_raw,0.006688896010021163,0.006193109137774011,0.007227860219292812,1449,1449,1449,1449,,5000,5000,1.0,3021694564,20260901
B1_spatial,1.0,per_class,all,micro,energy_smoothed,0.003146365133395034,0.0028425075593112832,0.0034674698727989854,1449,1449,1449,1449,,5000,5000,1.0,3021694564,20260901
B1_spatial,1.0,per_class,all,micro,energy_retention,0.40722947341972915,0.4039935559147469,0.41063602932769316,1449,1449,1449,1449,,5000,5000,1.0,3021694564,20260901
B1_spatial,1.0,per_class,all,micro,smoothed_std_over_raw,0.8777550744385124,0.8763792783453844,0.8791758567002249,1449,1449,1449,1449,,5000,5000,1.0,3021694564,20260901
B1_spatial,1.0,per_class,all,micro,linear_solve_relative_residual,4.611465633755621e-06,4.558734845154469e-06,4.6662321305272295e-06,1449,1449,1449,1449,,5000,5000,1.0,3021694564,20260901
B1_spatial,1.0,per_class,all,micro,cg_iterations,8.0,8.0,8.0,1449,1449,1449,1449,,5000,5000,1.0,3021694564,20260901
B1_spatial,1.0,per_class,all,micro,solve_runtime_ms_per_map,0.004731320835176913,0.004707605682741779,0.004757822199026156,1449,1449,1449,1449,,5000,5000,1.0,3021694564,20260901
B1_spatial,1.0,per_class,all,micro,fidelity,0.03439923211819061,0.03377545268697121,0.035034981434599204,1449,1449,1449,1449,,5000,5000,1.0,3021694564,20260901
B1_spatial,1.0,per_class,all,micro,relative_l2_change,0.03439923211819061,0.03377545268697121,0.035034981434599204,1449,1449,1449,1449,,5000,5000,1.0,3021694564,20260901
B1_spatial,1.0,per_class,all,micro,map_pearson,0.9903228776960064,0.9901998408349568,0.9904428760714578,1449,1449,1449,1449,,5000,5000,1.0,3021694564,20260901
B1_spatial,1.0,per_class,all,micro,map_spearman,0.9835221938547223,0.9831184302962509,0.983906973627948,1449,1449,1449,1449,,5000,5000,1.0,3021694564,20260901
B1_spatial,1.0,per_class,all,micro,energy_raw,0.006977521766040132,0.006507174892552207,0.007463587284641851,1449,1449,1449,1449,,5000,5000,1.0,3021694564,20260901
B1_spatial,1.0,per_class,all,micro,energy_smoothed,0.0033620549098741497,0.0030431441473989526,0.0036845925984556045,1449,1449,1449,1449,,5000,5000,1.0,3021694564,20260901
B1_spatial,1.0,per_class,all,micro,energy_retention,0.40828765209910783,0.40459512233312495,0.4119723128955721,1449,1449,1449,1449,,5000,5000,1.0,3021694564,20260901
B1_spatial,1.0,per_class,all,micro,smoothed_std_over_raw,0.8792140610140714,0.8776368933743325,0.8808140300342838,1449,1449,1449,1449,,5000,5000,1.0,3021694564,20260901
B1_spatial,1.0,per_class,all,micro,linear_solve_relative_residual,4.623785506896905e-06,4.563483704620213e-06,4.6839103313570986e-06,1449,1449,1449,1449,,5000,5000,1.0,3021694564,20260901
B1_spatial,1.0,per_class,all,micro,cg_iterations,8.0,8.0,8.0,1449,1449,1449,1449,,5000,5000,1.0,3021694564,20260901
B1_spatial,1.0,per_class,all,micro,solve_runtime_ms_per_map,0.004731320835176913,0.004707605682741779,0.004757822199026156,1449,1449,1449,1449,,5000,5000,1.0,3021694564,20260901
B1_spatial,1.0,per_class,all,micro,fidelity,0.05548983703067255,0.05394047686760747,0.05703531416400424,1449,1449,1449,1449,,5000,5000,1.0,3021694564,20260901
B1_spatial,1.0,per_class,all,micro,relative_l2_change,0.05548983703067255,0.05394047686760747,0.05703531416400424,1449,1449,1449,1449,,5000,5000,1.0,3021694564,20260901
B1_spatial,1.0,per_class,all,micro,map_pearson,0.990165965198401,0.9899336969373224,0.9903941434362661,1449,1449,1449,1449,,5000,5000,1.0,3021694564,20260901
B1_spatial,1.0,per_class,all,micro,map_spearman,0.9858065212982289,0.9854831115737959,0.9861382873511627,1449,1449,1449,1449,,5000,5000,1.0,3021694564,20260901
B1_spatial,1.0,per_class,all,micro,energy_raw,0.0222429568860667,0.020734521377083072,0.023750811653348934,1449,1449,1449,1449,,5000,5000,1.0,3021694564,20260901
B1_spatial,1.0,per_class,all,micro,energy_smoothed,0.012298780778571423,0.011392244443325426,0.013212065241105584,1449,1449,1449,1449,,5000,5000,1.0,3021694564,20260901
B1_spatial,1.0,per_class,all,micro,energy_retention,0.4739709532491251,0.46808907275182615,0.4799704218749921,1449,1449,1449,1449,,5000,5000,1.0,3021694564,20260901
B1_spatial,1.0,per_class,all,micro,smoothed_std_over_raw,0.897920322549845,0.8959079802601893,0.8999591351943727,1449,1449,1449,1449,,5000,5000,1.0,3021694564,20260901
B1_spatial,1.0,per_class,all,micro,linear_solve_relative_residual,4.7206552596333045e-06,4.628270642289811e-06,4.817447357939683e-06,1449,1449,1449,1449,,5000,5000,1.0,3021694564,20260901
B1_spatial,1.0,per_class,all,micro,cg_iterations,8.0,8.0,8.0,1449,1449,1449,1449,,5000,5000,1.0,3021694564,20260901
B1_spatial,1.0,per_class,all,micro,solve_runtime_ms_per_map,0.004731320835176913,0.004707605682741779,0.004757822199026156,1449,1449,1449,1449,,5000,5000,1.0,3021694564,20260901
B1_spatial,1.0,per_class,all,micro,fidelity,0.041442124926330225,0.040495876815193184,0.04246854903076803,1449,1449,1449,1449,,5000,5000,1.0,3021694564,20260901
B1_spatial,1.0,per_class,all,micro,relative_l2_change,0.041442124926330225,0.040495876815193184,0.04246854903076803,1449,1449,1449,1449,,5000,5000,1.0,3021694564,20260901
B1_spatial,1.0,per_class,all,micro,map_pearson,0.9888406878425962,0.9886718323995444,0.9890014070655001,1449,1449,1449,1449,,5000,5000,1.0,3021694564,20260901
B1_spatial,1.0,per_class,all,micro,map_spearman,0.9833911491147891,0.9830526567075152,0.9837178101892962,1449,1449,1449,1449,,5000,5000,1.0,3021694564,20260901
B1_spatial,1.0,per_class,all,micro,energy_raw,0.010750137634570224,0.009957915669991785,0.011624457153372448,1449,1449,1449,1449,,5000,5000,1.0,3021694564,20260901
B1_spatial,1.0,per_class,all,micro,energy_smoothed,0.005108760581571953,0.004636381856296422,0.005641601371109957,1449,1449,1449,1449,,5000,5000,1.0,3021694564,20260901
B1_spatial,1.0,per_class,all,micro,energy_retention,0.40142652439692666,0.39777044236063547,0.4051103442984461,1449,1449,1449,1449,,5000,5000,1.0,3021694564,20260901
B1_spatial,1.0,per_class,all,micro,smoothed_std_over_raw,0.8828091243779437,0.8811216812398287,0.8844289762592052,1449,1449,1449,1449,,5000,5000,1.0,3021694564,20260901
B1_spatial,1.0,per_class,all,micro,linear_solve_relative_residual,5.0456843260009825e-06,4.971186222077662e-06,5.117921909415789e-06,1449,1449,1449,1449,,5000,5000,1.0,3021694564,20260901
B1_spatial,1.0,per_class,all,micro,cg_iterations,8.0,8.0,8.0,1449,1449,1449,1449,,5000,5000,1.0,3021694564,20260901
B1_spatial,1.0,per_class,all,micro,solve_runtime_ms_per_map,0.004731320835176913,0.004707605682741779,0.004757822199026156,1449,1449,1449,1449,,5000,5000,1.0,3021694564,20260901
B1_spatial,1.0,per_class,all,micro,fidelity,0.03143911961057295,0.030973118272776476,0.03192829603034928,1449,1449,1449,1449,,5000,5000,1.0,3021694564,20260901
B1_spatial,1.0,per_class,all,micro,relative_l2_change,0.03143911961057295,0.030973118272776476,0.03192829603034928,1449,1449,1449,1449,,5000,5000,1.0,3021694564,20260901
B1_spatial,1.0,per_class,all,micro,map_pearson,0.9904579075144603,0.9903533536557744,0.9905612465788612,1449,1449,1449,1449,,5000,5000,1.0,3021694564,20260901
B1_spatial,1.0,per_class,all,micro,map_spearman,0.984419057828299,0.984037209395255,0.9847763455082746,1449,1449,1449,1449,,5000,5000,1.0,3021694564,20260901
B1_spatial,1.0,per_class,all,micro,energy_raw,0.005394981875970672,0.005067931797665212,0.005758246023698309,1449,1449,1449,1449,,5000,5000,1.0,3021694564,20260901
B1_spatial,1.0,per_class,all,micro,energy_smoothed,0.002439954929547725,0.0022382166706367617,0.0026668038003324927,1449,1449,1449,1449,,5000,5000,1.0,3021694564,20260901
B1_spatial,1.0,per_class,all,micro,energy_retention,0.4134314736676595,0.41057025162854055,0.41614426312835734,1449,1449,1449,1449,,5000,5000,1.0,3021694564,20260901
B1_spatial,1.0,per_class,all,micro,smoothed_std_over_raw,0.8800904630709715,0.8787118597564161,0.8814507783189405,1449,1449,1449,1449,,5000,5000,1.0,3021694564,20260901
B1_spatial,1.0,per_class,all,micro,linear_solve_relative_residual,4.538574860335456e-06,4.4854425011467715e-06,4.592220666402163e-06,1449,1449,1449,1449,,5000,5000,1.0,3021694564,20260901
B1_spatial,1.0,per_class,all,micro,cg_iterations,8.0,8.0,8.0,1449,1449,1449,1449,,5000,5000,1.0,3021694564,20260901
B1_spatial,1.0,per_class,all,micro,solve_runtime_ms_per_map,0.004731320835176913,0.004707605682741779,0.004757822199026156,1449,1449,1449,1449,,5000,5000,1.0,3021694564,20260901
B1_spatial,1.0,per_class,all,micro,fidelity,0.03869310101228101,0.0375723426566402,0.03993802678001964,1449,1449,1449,1449,,5000,5000,1.0,3021694564,20260901
B1_spatial,1.0,per_class,all,micro,relative_l2_change,0.03869310101228101,0.0375723426566402,0.03993802678001964,1449,1449,1449,1449,,5000,5000,1.0,3021694564,20260901
B1_spatial,1.0,per_class,all,micro,map_pearson,0.9906493527795464,0.9905317443066256,0.9907677330606308,1449,1449,1449,1449,,5000,5000,1.0,3021694564,20260901
B1_spatial,1.0,per_class,all,micro,map_spearman,0.9836541596900356,0.9832056878732351,0.9840897163156397,1449,1449,1449,1449,,5000,5000,1.0,3021694564,20260901
B1_spatial,1.0,per_class,all,micro,energy_raw,0.011132027114531973,0.010098342718553711,0.012299771747030277,1449,1449,1449,1449,,5000,5000,1.0,3021694564,20260901
B1_spatial,1.0,per_class,all,micro,energy_smoothed,0.006077055253284187,0.005389224866086092,0.006846274625888145,1449,1449,1449,1449,,5000,5000,1.0,3021694564,20260901
B1_spatial,1.0,per_class,all,micro,energy_retention,0.4258403259363563,0.42164518029742026,0.4303106660191728,1449,1449,1449,1449,,5000,5000,1.0,3021694564,20260901
B1_spatial,1.0,per_class,all,micro,smoothed_std_over_raw,0.8826371439989062,0.8810851333407059,0.8842173936656625,1449,1449,1449,1449,,5000,5000,1.0,3021694564,20260901
B1_spatial,1.0,per_class,all,micro,linear_solve_relative_residual,4.548009799963281e-06,4.485975874910913e-06,4.610554775774878e-06,1449,1449,1449,1449,,5000,5000,1.0,3021694564,20260901
B1_spatial,1.0,per_class,all,micro,cg_iterations,8.0,8.0,8.0,1449,1449,1449,1449,,5000,5000,1.0,3021694564,20260901
B1_spatial,1.0,per_class,all,micro,solve_runtime_ms_per_map,0.004731320835176913,0.004707605682741779,0.004757822199026156,1449,1449,1449,1449,,5000,5000,1.0,3021694564,20260901
B1_spatial,1.0,per_class,all,micro,fidelity,0.030581829092465984,0.03004239018250635,0.031138173062380037,1449,1449,1449,1449,,5000,5000,1.0,3021694564,20260901
B1_spatial,1.0,per_class,all,micro,relative_l2_change,0.030581829092465984,0.03004239018250635,0.031138173062380037,1449,1449,1449,1449,,5000,5000,1.0,3021694564,20260901
B1_spatial,1.0,per_class,all,micro,map_pearson,0.9911440774191652,0.9910514057351031,0.9912307295462359,1449,1449,1449,1449,,5000,5000,1.0,3021694564,20260901
B1_spatial,1.0,per_class,all,micro,map_spearman,0.9854641367930063,0.9851335458092396,0.9857868806710319,1449,1449,1449,1449,,5000,5000,1.0,3021694564,20260901
B1_spatial,1.0,per_class,all,micro,energy_raw,0.0053733743537118395,0.0049774016077802,0.0058076667180879385,1449,1449,1449,1449,,5000,5000,1.0,3021694564,20260901
B1_spatial,1.0,per_class,all,micro,energy_smoothed,0.002519796432063094,0.002261121635238042,0.002801735559091757,1449,1449,1449,1449,,5000,5000,1.0,3021694564,20260901
B1_spatial,1.0,per_class,all,micro,energy_retention,0.41443941194571815,0.4116911640551437,0.4170770414297008,1449,1449,1449,1449,,5000,5000,1.0,3021694564,20260901
B1_spatial,1.0,per_class,all,micro,smoothed_std_over_raw,0.8827131768191083,0.8813989442985909,0.8840263214396805,1449,1449,1449,1449,,5000,5000,1.0,3021694564,20260901
B1_spatial,1.0,per_class,all,micro,linear_solve_relative_residual,4.449265630743187e-06,4.394401805069245e-06,4.502872668178125e-06,1449,1449,1449,1449,,5000,5000,1.0,3021694564,20260901
B1_spatial,1.0,per_class,all,micro,cg_iterations,8.0,8.0,8.0,1449,1449,1449,1449,,5000,5000,1.0,3021694564,20260901
B1_spatial,1.0,per_class,all,micro,solve_runtime_ms_per_map,0.004731320835176913,0.004707605682741779,0.004757822199026156,1449,1449,1449,1449,,5000,5000,1.0,3021694564,20260901
B1_spatial,1.0,per_class,all,micro,fidelity,0.03589978937144482,0.035156620443837806,0.03669843467886337,1449,1449,1449,1449,,5000,5000,1.0,3021694564,20260901
B1_spatial,1.0,per_class,all,micro,relative_l2_change,0.03589978937144482,0.035156620443837806,0.03669843467886337,1449,1449,1449,1449,,5000,5000,1.0,3021694564,20260901
B1_spatial,1.0,per_class,all,micro,map_pearson,0.9903268277274896,0.9902036167892034,0.990449625405877,1449,1449,1449,1449,,5000,5000,1.0,3021694564,20260901
B1_spatial,1.0,per_class,all,micro,map_spearman,0.9839098411564008,0.9834866845500807,0.9843180026563386,1449,1449,1449,1449,,5000,5000,1.0,3021694564,20260901
B1_spatial,1.0,per_class,all,micro,energy_raw,0.00786857993076533,0.00728543670919918,0.008496688443451047,1449,1449,1449,1449,,5000,5000,1.0,3021694564,20260901
B1_spatial,1.0,per_class,all,micro,energy_smoothed,0.0037591997968685975,0.0033934439448692374,0.004148527425438867,1449,1449,1449,1449,,5000,5000,1.0,3021694564,20260901
B1_spatial,1.0,per_class,all,micro,energy_retention,0.4135908333904748,0.4103072517365731,0.41693084139384595,1449,1449,1449,1449,,5000,5000,1.0,3021694564,20260901
B1_spatial,1.0,per_class,all,micro,smoothed_std_over_raw,0.8858189802485716,0.8844457272334787,0.887210971944862,1449,1449,1449,1449,,5000,5000,1.0,3021694564,20260901
B1_spatial,1.0,per_class,all,micro,linear_solve_relative_residual,4.846068966848024e-06,4.779757818423486e-06,4.913419289572614e-06,1449,1449,1449,1449,,5000,5000,1.0,3021694564,20260901
B1_spatial,1.0,per_class,all,micro,cg_iterations,8.0,8.0,8.0,1449,1449,1449,1449,,5000,5000,1.0,3021694564,20260901
B1_spatial,1.0,per_class,all,micro,solve_runtime_ms_per_map,0.004731320835176913,0.004707605682741779,0.004757822199026156,1449,1449,1449,1449,,5000,5000,1.0,3021694564,20260901
B1_spatial,2.0,all_class_maps,all,micro,fidelity,0.051893870536690444,0.05138702352487066,0.052425384150006214,1449,1449,28980,28980,,5000,5000,1.0,3021694564,20260901
B1_spatial,2.0,all_class_maps,all,micro,relative_l2_change,0.051893870536690444,0.05138702352487066,0.052425384150006214,1449,1449,28980,28980,,5000,5000,1.0,3021694564,20260901
B1_spatial,2.0,all_class_maps,all,micro,map_pearson,0.9799679773276719,0.9798172951767349,0.9801203514914252,1449,1449,28980,28980,,5000,5000,1.0,3021694564,20260901
B1_spatial,2.0,all_class_maps,all,micro,map_spearman,0.9690093738897823,0.9686142271536026,0.9693984359469371,1449,1449,28980,28980,,5000,5000,1.0,3021694564,20260901
B1_spatial,2.0,all_class_maps,all,micro,energy_raw,0.008560702559979904,0.008338373786745063,0.008799121273902,1449,1449,28980,28980,,5000,5000,1.0,3021694564,20260901
B1_spatial,2.0,all_class_maps,all,micro,energy_smoothed,0.0030542794538424346,0.002951604532359893,0.0031616983684918127,1449,1449,28980,28980,,5000,5000,1.0,3021694564,20260901
B1_spatial,2.0,all_class_maps,all,micro,energy_retention,0.2678093646115028,0.2663077996902584,0.26936092588799865,1449,1449,28980,28980,,5000,5000,1.0,3021694564,20260901
B1_spatial,2.0,all_class_maps,all,micro,smoothed_std_over_raw,0.8298688749266625,0.8288485528517893,0.8308562782967787,1449,1449,28980,28980,,5000,5000,1.0,3021694564,20260901
B1_spatial,2.0,all_class_maps,all,micro,linear_solve_relative_residual,5.857392150081607e-06,5.818185964893364e-06,5.89764084882889e-06,1449,1449,28980,28980,,5000,5000,1.0,3021694564,20260901
B1_spatial,2.0,all_class_maps,all,micro,cg_iterations,11.0,11.0,11.0,1449,1449,28980,28980,,5000,5000,1.0,3021694564,20260901
B1_spatial,2.0,all_class_maps,all,micro,solve_runtime_ms_per_map,0.006191003426531521,0.006162879912743316,0.0062239090681838185,1449,1449,28980,28980,,5000,5000,1.0,3021694564,20260901
B1_spatial,2.0,all_class_maps,all,macro_class,fidelity,0.051893870536690444,0.05138702352487066,0.05242538415000622,1449,1449,28980,28980,20,5000,5000,1.0,3021694564,20260901
B1_spatial,2.0,all_class_maps,all,macro_class,relative_l2_change,0.051893870536690444,0.05138702352487066,0.05242538415000622,1449,1449,28980,28980,20,5000,5000,1.0,3021694564,20260901
B1_spatial,2.0,all_class_maps,all,macro_class,map_pearson,0.9799679773276718,0.9798172951767348,0.9801203514914251,1449,1449,28980,28980,20,5000,5000,1.0,3021694564,20260901
B1_spatial,2.0,all_class_maps,all,macro_class,map_spearman,0.9690093738897823,0.9686142271536026,0.9693984359469368,1449,1449,28980,28980,20,5000,5000,1.0,3021694564,20260901
B1_spatial,2.0,all_class_maps,all,macro_class,energy_raw,0.008560702559979908,0.008338373786745063,0.008799121273902,1449,1449,28980,28980,20,5000,5000,1.0,3021694564,20260901
B1_spatial,2.0,all_class_maps,all,macro_class,energy_smoothed,0.003054279453842435,0.002951604532359893,0.003161698368491813,1449,1449,28980,28980,20,5000,5000,1.0,3021694564,20260901
B1_spatial,2.0,all_class_maps,all,macro_class,energy_retention,0.26780936461150284,0.2663077996902584,0.26936092588799865,1449,1449,28980,28980,20,5000,5000,1.0,3021694564,20260901
B1_spatial,2.0,all_class_maps,all,macro_class,smoothed_std_over_raw,0.8298688749266624,0.8288485528517893,0.8308562782967789,1449,1449,28980,28980,20,5000,5000,1.0,3021694564,20260901
B1_spatial,2.0,all_class_maps,all,macro_class,linear_solve_relative_residual,5.857392150081606e-06,5.818185964893363e-06,5.89764084882889e-06,1449,1449,28980,28980,20,5000,5000,1.0,3021694564,20260901
B1_spatial,2.0,all_class_maps,all,macro_class,cg_iterations,11.0,11.0,11.0,1449,1449,28980,28980,20,5000,5000,1.0,3021694564,20260901
B1_spatial,2.0,all_class_maps,all,macro_class,solve_runtime_ms_per_map,0.006191003426531519,0.006162879912743319,0.006223909068183817,1449,1449,28980,28980,20,5000,5000,1.0,3021694564,20260901
B1_spatial,2.0,all_class_maps,single_label,micro,fidelity,0.04773696188231229,0.04718497756048796,0.04829194899291522,927,927,18540,18540,,5000,5000,1.0,3021694564,20260901
B1_spatial,2.0,all_class_maps,single_label,micro,relative_l2_change,0.04773696188231229,0.04718497756048796,0.04829194899291522,927,927,18540,18540,,5000,5000,1.0,3021694564,20260901
B1_spatial,2.0,all_class_maps,single_label,micro,map_pearson,0.9802029136893818,0.9799974674927603,0.9804114344029686,927,927,18540,18540,,5000,5000,1.0,3021694564,20260901
B1_spatial,2.0,all_class_maps,single_label,micro,map_spearman,0.9673880689706102,0.9667976288544065,0.9679438382146845,927,927,18540,18540,,5000,5000,1.0,3021694564,20260901
B1_spatial,2.0,all_class_maps,single_label,micro,energy_raw,0.006739255981066464,0.006525470391181321,0.006959116221324721,927,927,18540,18540,,5000,5000,1.0,3021694564,20260901
B1_spatial,2.0,all_class_maps,single_label,micro,energy_smoothed,0.0021732008121325007,0.0020810367183377505,0.0022679949613645203,927,927,18540,18540,,5000,5000,1.0,3021694564,20260901
B1_spatial,2.0,all_class_maps,single_label,micro,energy_retention,0.2574333576395095,0.25567812474002455,0.2592391779263099,927,927,18540,18540,,5000,5000,1.0,3021694564,20260901
B1_spatial,2.0,all_class_maps,single_label,micro,smoothed_std_over_raw,0.8260831615717794,0.8247764725455092,0.8273432269894961,927,927,18540,18540,,5000,5000,1.0,3021694564,20260901
B1_spatial,2.0,all_class_maps,single_label,micro,linear_solve_relative_residual,6.030950750273219e-06,5.983873488405143e-06,6.078945231924091e-06,927,927,18540,18540,,5000,5000,1.0,3021694564,20260901
B1_spatial,2.0,all_class_maps,single_label,micro,cg_iterations,11.0,11.0,11.0,927,927,18540,18540,,5000,5000,1.0,3021694564,20260901
B1_spatial,2.0,all_class_maps,single_label,micro,solve_runtime_ms_per_map,0.006198135301165509,0.006162920824215277,0.006241268700132487,927,927,18540,18540,,5000,5000,1.0,3021694564,20260901
B1_spatial,2.0,all_class_maps,single_label,macro_class,fidelity,0.047736961882312294,0.04718497756048796,0.04829194899291522,927,927,18540,18540,20,5000,5000,1.0,3021694564,20260901
B1_spatial,2.0,all_class_maps,single_label,macro_class,relative_l2_change,0.047736961882312294,0.04718497756048796,0.04829194899291522,927,927,18540,18540,20,5000,5000,1.0,3021694564,20260901
B1_spatial,2.0,all_class_maps,single_label,macro_class,map_pearson,0.9802029136893818,0.9799974674927604,0.9804114344029685,927,927,18540,18540,20,5000,5000,1.0,3021694564,20260901
B1_spatial,2.0,all_class_maps,single_label,macro_class,map_spearman,0.9673880689706105,0.9667976288544065,0.9679438382146848,927,927,18540,18540,20,5000,5000,1.0,3021694564,20260901
B1_spatial,2.0,all_class_maps,single_label,macro_class,energy_raw,0.006739255981066462,0.006525470391181321,0.00695911622132472,927,927,18540,18540,20,5000,5000,1.0,3021694564,20260901
B1_spatial,2.0,all_class_maps,single_label,macro_class,energy_smoothed,0.002173200812132501,0.0020810367183377496,0.0022679949613645203,927,927,18540,18540,20,5000,5000,1.0,3021694564,20260901
B1_spatial,2.0,all_class_maps,single_label,macro_class,energy_retention,0.2574333576395095,0.2556781247400246,0.25923917792630996,927,927,18540,18540,20,5000,5000,1.0,3021694564,20260901
B1_spatial,2.0,all_class_maps,single_label,macro_class,smoothed_std_over_raw,0.8260831615717794,0.8247764725455091,0.8273432269894959,927,927,18540,18540,20,5000,5000,1.0,3021694564,20260901
B1_spatial,2.0,all_class_maps,single_label,macro_class,linear_solve_relative_residual,6.030950750273218e-06,5.9838734884051434e-06,6.07894523192409e-06,927,927,18540,18540,20,5000,5000,1.0,3021694564,20260901
B1_spatial,2.0,all_class_maps,single_label,macro_class,cg_iterations,11.0,11.0,11.0,927,927,18540,18540,20,5000,5000,1.0,3021694564,20260901
B1_spatial,2.0,all_class_maps,single_label,macro_class,solve_runtime_ms_per_map,0.006198135301165505,0.0061629208242152764,0.006241268700132487,927,927,18540,18540,20,5000,5000,1.0,3021694564,20260901
B1_spatial,2.0,all_class_maps,exactly_2_labels,micro,fidelity,0.05727459008346001,0.05652063195550193,0.05805025473849847,375,375,7500,7500,,5000,5000,1.0,3021694564,20260901
B1_spatial,2.0,all_class_maps,exactly_2_labels,micro,relative_l2_change,0.05727459008346001,0.05652063195550193,0.05805025473849847,375,375,7500,7500,,5000,5000,1.0,3021694564,20260901
B1_spatial,2.0,all_class_maps,exactly_2_labels,micro,map_pearson,0.9795375241041183,0.9792994768178462,0.9797791803022226,375,375,7500,7500,,5000,5000,1.0,3021694564,20260901
B1_spatial,2.0,all_class_maps,exactly_2_labels,micro,map_spearman,0.9717217544476191,0.9712526195230087,0.9721660287471612,375,375,7500,7500,,5000,5000,1.0,3021694564,20260901
B1_spatial,2.0,all_class_maps,exactly_2_labels,micro,energy_raw,0.010749907921534031,0.010364591250340454,0.011158526960033147,375,375,7500,7500,,5000,5000,1.0,3021694564,20260901
B1_spatial,2.0,all_class_maps,exactly_2_labels,micro,energy_smoothed,0.004083396171157559,0.003904664869029366,0.004271949653409441,375,375,7500,7500,,5000,5000,1.0,3021694564,20260901
B1_spatial,2.0,all_class_maps,exactly_2_labels,micro,energy_retention,0.28216686533292135,0.2797874131426215,0.2845510320532322,375,375,7500,7500,,5000,5000,1.0,3021694564,20260901
B1_spatial,2.0,all_class_maps,exactly_2_labels,micro,smoothed_std_over_raw,0.8354577553828557,0.8335561842832963,0.8373676982369026,375,375,7500,7500,,5000,5000,1.0,3021694564,20260901
B1_spatial,2.0,all_class_maps,exactly_2_labels,micro,linear_solve_relative_residual,5.576521281909663e-06,5.502780864658234e-06,5.65169874818821e-06,375,375,7500,7500,,5000,5000,1.0,3021694564,20260901
B1_spatial,2.0,all_class_maps,exactly_2_labels,micro,cg_iterations,11.0,11.0,11.0,375,375,7500,7500,,5000,5000,1.0,3021694564,20260901
B1_spatial,2.0,all_class_maps,exactly_2_labels,micro,solve_runtime_ms_per_map,0.006176722620040419,0.0061317384756451555,0.006242691916604935,375,375,7500,7500,,5000,5000,1.0,3021694564,20260901
B1_spatial,2.0,all_class_maps,exactly_2_labels,macro_class,fidelity,0.05727459008346001,0.056520631955501936,0.05805025473849847,375,375,7500,7500,20,5000,5000,1.0,3021694564,20260901
B1_spatial,2.0,all_class_maps,exactly_2_labels,macro_class,relative_l2_change,0.05727459008346001,0.056520631955501936,0.05805025473849847,375,375,7500,7500,20,5000,5000,1.0,3021694564,20260901
B1_spatial,2.0,all_class_maps,exactly_2_labels,macro_class,map_pearson,0.9795375241041185,0.9792994768178462,0.9797791803022228,375,375,7500,7500,20,5000,5000,1.0,3021694564,20260901
B1_spatial,2.0,all_class_maps,exactly_2_labels,macro_class,map_spearman,0.9717217544476192,0.9712526195230089,0.9721660287471612,375,375,7500,7500,20,5000,5000,1.0,3021694564,20260901
B1_spatial,2.0,all_class_maps,exactly_2_labels,macro_class,energy_raw,0.010749907921534033,0.010364591250340456,0.011158526960033147,375,375,7500,7500,20,5000,5000,1.0,3021694564,20260901
B1_spatial,2.0,all_class_maps,exactly_2_labels,macro_class,energy_smoothed,0.004083396171157558,0.0039046648690293667,0.004271949653409441,375,375,7500,7500,20,5000,5000,1.0,3021694564,20260901
B1_spatial,2.0,all_class_maps,exactly_2_labels,macro_class,energy_retention,0.28216686533292135,0.2797874131426216,0.2845510320532322,375,375,7500,7500,20,5000,5000,1.0,3021694564,20260901
B1_spatial,2.0,all_class_maps,exactly_2_labels,macro_class,smoothed_std_over_raw,0.8354577553828557,0.8335561842832963,0.8373676982369024,375,375,7500,7500,20,5000,5000,1.0,3021694564,20260901
B1_spatial,2.0,all_class_maps,exactly_2_labels,macro_class,linear_solve_relative_residual,5.576521281909664e-06,5.502780864658234e-06,5.65169874818821e-06,375,375,7500,7500,20,5000,5000,1.0,3021694564,20260901
B1_spatial,2.0,all_class_maps,exactly_2_labels,macro_class,cg_iterations,11.0,11.0,11.0,375,375,7500,7500,20,5000,5000,1.0,3021694564,20260901
B1_spatial,2.0,all_class_maps,exactly_2_labels,macro_class,solve_runtime_ms_per_map,0.006176722620040418,0.006131738475645156,0.006242691916604937,375,375,7500,7500,20,5000,5000,1.0,3021694564,20260901
B1_spatial,2.0,all_class_maps,3plus_labels,micro,fidelity,0.06438152014600987,0.06322089422630388,0.06551885711330109,147,147,2940,2940,,5000,5000,1.0,3021694564,20260901
B1_spatial,2.0,all_class_maps,3plus_labels,micro,relative_l2_change,0.06438152014600987,0.06322089422630388,0.06551885711330109,147,147,2940,2940,,5000,5000,1.0,3021694564,20260901
B1_spatial,2.0,all_class_maps,3plus_labels,micro,map_pearson,0.9795845348210562,0.9792094528735901,0.979956282756361,147,147,2940,2940,,5000,5000,1.0,3021694564,20260901
B1_spatial,2.0,all_class_maps,3plus_labels,micro,map_spearman,0.9723141830794665,0.9716990148651155,0.9729226591047787,147,147,2940,2940,,5000,5000,1.0,3021694564,20260901
B1_spatial,2.0,all_class_maps,3plus_labels,micro,energy_raw,0.014462260165898015,0.013762959155064397,0.015164014389013812,147,147,2940,2940,,5000,5000,1.0,3021694564,20260901
B1_spatial,2.0,all_class_maps,3plus_labels,micro,energy_smoothed,0.005985171507393029,0.0056369596886064275,0.006337062329892643,147,147,2940,2940,,5000,5000,1.0,3021694564,20260901
B1_spatial,2.0,all_class_maps,3plus_labels,micro,energy_retention,0.2966154577578006,0.293158137604949,0.2999825171149355,147,147,2940,2940,,5000,5000,1.0,3021694564,20260901
B1_spatial,2.0,all_class_maps,3plus_labels,micro,smoothed_std_over_raw,0.8394846987967588,0.836337056134631,0.8425276662510675,147,147,2940,2940,,5000,5000,1.0,3021694564,20260901
B1_spatial,2.0,all_class_maps,3plus_labels,micro,linear_solve_relative_residual,5.4794176819649735e-06,5.374748086286237e-06,5.5804169322789915e-06,147,147,2940,2940,,5000,5000,1.0,3021694564,20260901
B1_spatial,2.0,all_class_maps,3plus_labels,micro,cg_iterations,11.0,11.0,11.0,147,147,2940,2940,,5000,5000,1.0,3021694564,20260901
B1_spatial,2.0,all_class_maps,3plus_labels,micro,solve_runtime_ms_per_map,0.0061824595806026445,0.006115737948991353,0.006298273756844441,147,147,2940,2940,,5000,5000,1.0,3021694564,20260901
B1_spatial,2.0,all_class_maps,3plus_labels,macro_class,fidelity,0.06438152014600987,0.06322089422630385,0.0655188571133011,147,147,2940,2940,20,5000,5000,1.0,3021694564,20260901
B1_spatial,2.0,all_class_maps,3plus_labels,macro_class,relative_l2_change,0.06438152014600987,0.06322089422630385,0.0655188571133011,147,147,2940,2940,20,5000,5000,1.0,3021694564,20260901
B1_spatial,2.0,all_class_maps,3plus_labels,macro_class,map_pearson,0.9795845348210562,0.9792094528735901,0.9799562827563609,147,147,2940,2940,20,5000,5000,1.0,3021694564,20260901
B1_spatial,2.0,all_class_maps,3plus_labels,macro_class,map_spearman,0.9723141830794667,0.9716990148651156,0.9729226591047788,147,147,2940,2940,20,5000,5000,1.0,3021694564,20260901
B1_spatial,2.0,all_class_maps,3plus_labels,macro_class,energy_raw,0.014462260165898019,0.013762959155064399,0.015164014389013812,147,147,2940,2940,20,5000,5000,1.0,3021694564,20260901
B1_spatial,2.0,all_class_maps,3plus_labels,macro_class,energy_smoothed,0.005985171507393029,0.005636959688606426,0.006337062329892644,147,147,2940,2940,20,5000,5000,1.0,3021694564,20260901
B1_spatial,2.0,all_class_maps,3plus_labels,macro_class,energy_retention,0.29661545775780057,0.2931581376049491,0.2999825171149355,147,147,2940,2940,20,5000,5000,1.0,3021694564,20260901
B1_spatial,2.0,all_class_maps,3plus_labels,macro_class,smoothed_std_over_raw,0.8394846987967588,0.836337056134631,0.8425276662510675,147,147,2940,2940,20,5000,5000,1.0,3021694564,20260901
B1_spatial,2.0,all_class_maps,3plus_labels,macro_class,linear_solve_relative_residual,5.479417681964974e-06,5.374748086286237e-06,5.5804169322789915e-06,147,147,2940,2940,20,5000,5000,1.0,3021694564,20260901
B1_spatial,2.0,all_class_maps,3plus_labels,macro_class,cg_iterations,11.0,11.0,11.0,147,147,2940,2940,20,5000,5000,1.0,3021694564,20260901
B1_spatial,2.0,all_class_maps,3plus_labels,macro_class,solve_runtime_ms_per_map,0.006182459580602647,0.006115737948991353,0.006298273756844444,147,147,2940,2940,20,5000,5000,1.0,3021694564,20260901
B1_spatial,2.0,per_class,all,micro,fidelity,0.04420482428465489,0.04346960036044206,0.04499944303193746,1449,1449,1449,1449,,5000,5000,1.0,3021694564,20260901
B1_spatial,2.0,per_class,all,micro,relative_l2_change,0.04420482428465489,0.04346960036044206,0.04499944303193746,1449,1449,1449,1449,,5000,5000,1.0,3021694564,20260901
B1_spatial,2.0,per_class,all,micro,map_pearson,0.9810965772412249,0.9808960328859407,0.9813002560172023,1449,1449,1449,1449,,5000,5000,1.0,3021694564,20260901
B1_spatial,2.0,per_class,all,micro,map_spearman,0.9711675665722459,0.9706321926745075,0.9717018645177058,1449,1449,1449,1449,,5000,5000,1.0,3021694564,20260901
B1_spatial,2.0,per_class,all,micro,energy_raw,0.00530993061514894,0.004943089206292702,0.005718123036914529,1449,1449,1449,1449,,5000,5000,1.0,3021694564,20260901
B1_spatial,2.0,per_class,all,micro,energy_smoothed,0.0016602421646360551,0.001468464431372778,0.001875898122055943,1449,1449,1449,1449,,5000,5000,1.0,3021694564,20260901
B1_spatial,2.0,per_class,all,micro,energy_retention,0.25768145739908793,0.2546938023144949,0.2607283790543768,1449,1449,1449,1449,,5000,5000,1.0,3021694564,20260901
B1_spatial,2.0,per_class,all,micro,smoothed_std_over_raw,0.824523321137583,0.8226786559865423,0.8264114266977465,1449,1449,1449,1449,,5000,5000,1.0,3021694564,20260901
B1_spatial,2.0,per_class,all,micro,linear_solve_relative_residual,6.1822264256804465e-06,6.076613706895832e-06,6.290418125781089e-06,1449,1449,1449,1449,,5000,5000,1.0,3021694564,20260901
B1_spatial,2.0,per_class,all,micro,cg_iterations,11.0,11.0,11.0,1449,1449,1449,1449,,5000,5000,1.0,3021694564,20260901
B1_spatial,2.0,per_class,all,micro,solve_runtime_ms_per_map,0.006191003426531516,0.006162879912743316,0.0062239090681838185,1449,1449,1449,1449,,5000,5000,1.0,3021694564,20260901
B1_spatial,2.0,per_class,all,micro,fidelity,0.04848199737630399,0.047352005376302485,0.04969148343783116,1449,1449,1449,1449,,5000,5000,1.0,3021694564,20260901
B1_spatial,2.0,per_class,all,micro,relative_l2_change,0.04848199737630399,0.047352005376302485,0.04969148343783116,1449,1449,1449,1449,,5000,5000,1.0,3021694564,20260901
B1_spatial,2.0,per_class,all,micro,map_pearson,0.9794737011749551,0.9792073077954778,0.9797365493028636,1449,1449,1449,1449,,5000,5000,1.0,3021694564,20260901
B1_spatial,2.0,per_class,all,micro,map_spearman,0.9683374404249067,0.9676999577752388,0.9689394626558196,1449,1449,1449,1449,,5000,5000,1.0,3021694564,20260901
B1_spatial,2.0,per_class,all,micro,energy_raw,0.0070947752169637415,0.006508934517418583,0.0077445165854128336,1449,1449,1449,1449,,5000,5000,1.0,3021694564,20260901
B1_spatial,2.0,per_class,all,micro,energy_smoothed,0.0023801309505731105,0.002090757427842726,0.002691410496796032,1449,1449,1449,1449,,5000,5000,1.0,3021694564,20260901
B1_spatial,2.0,per_class,all,micro,energy_retention,0.2581931868654189,0.2550120591561987,0.2614725917269231,1449,1449,1449,1449,,5000,5000,1.0,3021694564,20260901
B1_spatial,2.0,per_class,all,micro,smoothed_std_over_raw,0.8276236892733762,0.8256440043521389,0.829543454221111,1449,1449,1449,1449,,5000,5000,1.0,3021694564,20260901
B1_spatial,2.0,per_class,all,micro,linear_solve_relative_residual,5.907808347335311e-06,5.804574542765428e-06,6.010553969906541e-06,1449,1449,1449,1449,,5000,5000,1.0,3021694564,20260901
B1_spatial,2.0,per_class,all,micro,cg_iterations,11.0,11.0,11.0,1449,1449,1449,1449,,5000,5000,1.0,3021694564,20260901
B1_spatial,2.0,per_class,all,micro,solve_runtime_ms_per_map,0.006191003426531516,0.006162879912743316,0.0062239090681838185,1449,1449,1449,1449,,5000,5000,1.0,3021694564,20260901
B1_spatial,2.0,per_class,all,micro,fidelity,0.044244941144029874,0.04367906238775754,0.04486217872715916,1449,1449,1449,1449,,5000,5000,1.0,3021694564,20260901
B1_spatial,2.0,per_class,all,micro,relative_l2_change,0.044244941144029874,0.04367906238775754,0.04486217872715916,1449,1449,1449,1449,,5000,5000,1.0,3021694564,20260901
B1_spatial,2.0,per_class,all,micro,map_pearson,0.9787913676868067,0.9785677419963831,0.9790112446307149,1449,1449,1449,1449,,5000,5000,1.0,3021694564,20260901
B1_spatial,2.0,per_class,all,micro,map_spearman,0.968721816422941,0.9681366792171062,0.9692868463545934,1449,1449,1449,1449,,5000,5000,1.0,3021694564,20260901
B1_spatial,2.0,per_class,all,micro,energy_raw,0.005048328512406081,0.004822067210172465,0.005314184360163064,1449,1449,1449,1449,,5000,5000,1.0,3021694564,20260901
B1_spatial,2.0,per_class,all,micro,energy_smoothed,0.0013691528477423854,0.0012656261843209677,0.0014926123312673902,1449,1449,1449,1449,,5000,5000,1.0,3021694564,20260901
B1_spatial,2.0,per_class,all,micro,energy_retention,0.24414421208691317,0.24175716904220168,0.2466357447199261,1449,1449,1449,1449,,5000,5000,1.0,3021694564,20260901
B1_spatial,2.0,per_class,all,micro,smoothed_std_over_raw,0.8250073536747156,0.8231721556674126,0.826816810583188,1449,1449,1449,1449,,5000,5000,1.0,3021694564,20260901
B1_spatial,2.0,per_class,all,micro,linear_solve_relative_residual,6.020598177861773e-06,5.912169366168598e-06,6.1295043095647675e-06,1449,1449,1449,1449,,5000,5000,1.0,3021694564,20260901
B1_spatial,2.0,per_class,all,micro,cg_iterations,11.0,11.0,11.0,1449,1449,1449,1449,,5000,5000,1.0,3021694564,20260901
B1_spatial,2.0,per_class,all,micro,solve_runtime_ms_per_map,0.006191003426531516,0.006162879912743316,0.0062239090681838185,1449,1449,1449,1449,,5000,5000,1.0,3021694564,20260901
B1_spatial,2.0,per_class,all,micro,fidelity,0.04711855502813293,0.04612682890857193,0.04818026733194562,1449,1449,1449,1449,,5000,5000,1.0,3021694564,20260901
B1_spatial,2.0,per_class,all,micro,relative_l2_change,0.04711855502813293,0.04612682890857193,0.04818026733194562,1449,1449,1449,1449,,5000,5000,1.0,3021694564,20260901
B1_spatial,2.0,per_class,all,micro,map_pearson,0.9797586632071075,0.9795083744534959,0.9800085508551903,1449,1449,1449,1449,,5000,5000,1.0,3021694564,20260901
B1_spatial,2.0,per_class,all,micro,map_spearman,0.9701123995316941,0.969577791265696,0.9706511108195724,1449,1449,1449,1449,,5000,5000,1.0,3021694564,20260901
B1_spatial,2.0,per_class,all,micro,energy_raw,0.006435917776362075,0.005913880181168942,0.007024060059068056,1449,1449,1449,1449,,5000,5000,1.0,3021694564,20260901
B1_spatial,2.0,per_class,all,micro,energy_smoothed,0.002131779247875119,0.0018563383139270275,0.0024443686835416917,1449,1449,1449,1449,,5000,5000,1.0,3021694564,20260901
B1_spatial,2.0,per_class,all,micro,energy_retention,0.2628443310020544,0.25981303894978464,0.2660134558349313,1449,1449,1449,1449,,5000,5000,1.0,3021694564,20260901
B1_spatial,2.0,per_class,all,micro,smoothed_std_over_raw,0.8257802099174594,0.8238430454514617,0.8277213590835356,1449,1449,1449,1449,,5000,5000,1.0,3021694564,20260901
B1_spatial,2.0,per_class,all,micro,linear_solve_relative_residual,6.0374407123007444e-06,5.9287079380945605e-06,6.14470506167534e-06,1449,1449,1449,1449,,5000,5000,1.0,3021694564,20260901
B1_spatial,2.0,per_class,all,micro,cg_iterations,11.0,11.0,11.0,1449,1449,1449,1449,,5000,5000,1.0,3021694564,20260901
B1_spatial,2.0,per_class,all,micro,solve_runtime_ms_per_map,0.006191003426531516,0.006162879912743316,0.0062239090681838185,1449,1449,1449,1449,,5000,5000,1.0,3021694564,20260901
B1_spatial,2.0,per_class,all,micro,fidelity,0.055582022095154365,0.05407498109760502,0.05713052366464286,1449,1449,1449,1449,,5000,5000,1.0,3021694564,20260901
B1_spatial,2.0,per_class,all,micro,relative_l2_change,0.055582022095154365,0.05407498109760502,0.05713052366464286,1449,1449,1449,1449,,5000,5000,1.0,3021694564,20260901
B1_spatial,2.0,per_class,all,micro,map_pearson,0.9790823329638579,0.9788004350392797,0.9793598591890559,1449,1449,1449,1449,,5000,5000,1.0,3021694564,20260901
B1_spatial,2.0,per_class,all,micro,map_spearman,0.9667010657782387,0.9659288917875767,0.9674592694202071,1449,1449,1449,1449,,5000,5000,1.0,3021694564,20260901
B1_spatial,2.0,per_class,all,micro,energy_raw,0.009957076567099824,0.009141937668187503,0.010809139461366472,1449,1449,1449,1449,,5000,5000,1.0,3021694564,20260901
B1_spatial,2.0,per_class,all,micro,energy_smoothed,0.0036187963620680813,0.003203976857453039,0.0040565552950286255,1449,1449,1449,1449,,5000,5000,1.0,3021694564,20260901
B1_spatial,2.0,per_class,all,micro,energy_retention,0.27043946628285903,0.26643224175816327,0.27445735478834127,1449,1449,1449,1449,,5000,5000,1.0,3021694564,20260901
B1_spatial,2.0,per_class,all,micro,smoothed_std_over_raw,0.8331337112077275,0.8310200046503684,0.8353427389681628,1449,1449,1449,1449,,5000,5000,1.0,3021694564,20260901
B1_spatial,2.0,per_class,all,micro,linear_solve_relative_residual,5.715680447173182e-06,5.622351415252626e-06,5.809138392651428e-06,1449,1449,1449,1449,,5000,5000,1.0,3021694564,20260901
B1_spatial,2.0,per_class,all,micro,cg_iterations,11.0,11.0,11.0,1449,1449,1449,1449,,5000,5000,1.0,3021694564,20260901
B1_spatial,2.0,per_class,all,micro,solve_runtime_ms_per_map,0.006191003426531516,0.006162879912743316,0.0062239090681838185,1449,1449,1449,1449,,5000,5000,1.0,3021694564,20260901
B1_spatial,2.0,per_class,all,micro,fidelity,0.04723099868402677,0.04628507754957629,0.048231546774672396,1449,1449,1449,1449,,5000,5000,1.0,3021694564,20260901
B1_spatial,2.0,per_class,all,micro,relative_l2_change,0.04723099868402677,0.04628507754957629,0.048231546774672396,1449,1449,1449,1449,,5000,5000,1.0,3021694564,20260901
B1_spatial,2.0,per_class,all,micro,map_pearson,0.981484509937676,0.9812834395744868,0.9816799138150106,1449,1449,1449,1449,,5000,5000,1.0,3021694564,20260901
B1_spatial,2.0,per_class,all,micro,map_spearman,0.9706168427312678,0.9700148890672922,0.9712210778792288,1449,1449,1449,1449,,5000,5000,1.0,3021694564,20260901
B1_spatial,2.0,per_class,all,micro,energy_raw,0.006393511016680258,0.00595584542510547,0.006869880416577719,1449,1449,1449,1449,,5000,5000,1.0,3021694564,20260901
B1_spatial,2.0,per_class,all,micro,energy_smoothed,0.002107531238057097,0.0018842929145663104,0.002348859977001654,1449,1449,1449,1449,,5000,5000,1.0,3021694564,20260901
B1_spatial,2.0,per_class,all,micro,energy_retention,0.2620598845250694,0.25862812110685,0.2655748072733975,1449,1449,1449,1449,,5000,5000,1.0,3021694564,20260901
B1_spatial,2.0,per_class,all,micro,smoothed_std_over_raw,0.8303316893702626,0.8283886948635119,0.8322538826601764,1449,1449,1449,1449,,5000,5000,1.0,3021694564,20260901
B1_spatial,2.0,per_class,all,micro,linear_solve_relative_residual,5.968309999462772e-06,5.859200012776243e-06,6.0760770316510155e-06,1449,1449,1449,1449,,5000,5000,1.0,3021694564,20260901
B1_spatial,2.0,per_class,all,micro,cg_iterations,11.0,11.0,11.0,1449,1449,1449,1449,,5000,5000,1.0,3021694564,20260901
B1_spatial,2.0,per_class,all,micro,solve_runtime_ms_per_map,0.006191003426531516,0.006162879912743316,0.0062239090681838185,1449,1449,1449,1449,,5000,5000,1.0,3021694564,20260901
B1_spatial,2.0,per_class,all,micro,fidelity,0.05808415148198975,0.05644175153157531,0.05978657445337513,1449,1449,1449,1449,,5000,5000,1.0,3021694564,20260901
B1_spatial,2.0,per_class,all,micro,relative_l2_change,0.05808415148198975,0.05644175153157531,0.05978657445337513,1449,1449,1449,1449,,5000,5000,1.0,3021694564,20260901
B1_spatial,2.0,per_class,all,micro,map_pearson,0.9796620633291162,0.9793497700622116,0.9799561780267456,1449,1449,1449,1449,,5000,5000,1.0,3021694564,20260901
B1_spatial,2.0,per_class,all,micro,map_spearman,0.970324270720314,0.9697215930265012,0.970896963320616,1449,1449,1449,1449,,5000,5000,1.0,3021694564,20260901
B1_spatial,2.0,per_class,all,micro,energy_raw,0.01111014053550741,0.010239166576292216,0.01202550827914973,1449,1449,1449,1449,,5000,5000,1.0,3021694564,20260901
B1_spatial,2.0,per_class,all,micro,energy_smoothed,0.003906076277287714,0.003513069481740666,0.00431872751486599,1449,1449,1449,1449,,5000,5000,1.0,3021694564,20260901
B1_spatial,2.0,per_class,all,micro,energy_retention,0.27675387767202037,0.27281486013758954,0.28074704714201704,1449,1449,1449,1449,,5000,5000,1.0,3021694564,20260901
B1_spatial,2.0,per_class,all,micro,smoothed_std_over_raw,0.8387980306452928,0.8366268519803193,0.8409545405012645,1449,1449,1449,1449,,5000,5000,1.0,3021694564,20260901
B1_spatial,2.0,per_class,all,micro,linear_solve_relative_residual,5.3349304272430755e-06,5.232398968415344e-06,5.438042780415288e-06,1449,1449,1449,1449,,5000,5000,1.0,3021694564,20260901
B1_spatial,2.0,per_class,all,micro,cg_iterations,11.0,11.0,11.0,1449,1449,1449,1449,,5000,5000,1.0,3021694564,20260901
B1_spatial,2.0,per_class,all,micro,solve_runtime_ms_per_map,0.006191003426531516,0.006162879912743316,0.0062239090681838185,1449,1449,1449,1449,,5000,5000,1.0,3021694564,20260901
B1_spatial,2.0,per_class,all,micro,fidelity,0.047186895463232584,0.046266425014142486,0.04817493839267824,1449,1449,1449,1449,,5000,5000,1.0,3021694564,20260901
B1_spatial,2.0,per_class,all,micro,relative_l2_change,0.047186895463232584,0.046266425014142486,0.04817493839267824,1449,1449,1449,1449,,5000,5000,1.0,3021694564,20260901
B1_spatial,2.0,per_class,all,micro,map_pearson,0.980306817507892,0.9800592194751594,0.9805470809381611,1449,1449,1449,1449,,5000,5000,1.0,3021694564,20260901
B1_spatial,2.0,per_class,all,micro,map_spearman,0.9696045425779002,0.9690097299421796,0.9701811338875769,1449,1449,1449,1449,,5000,5000,1.0,3021694564,20260901
B1_spatial,2.0,per_class,all,micro,energy_raw,0.006466636490436712,0.006023816958561011,0.006965373881337804,1449,1449,1449,1449,,5000,5000,1.0,3021694564,20260901
B1_spatial,2.0,per_class,all,micro,energy_smoothed,0.002254710915754565,0.002010621783807284,0.0025241781468949074,1449,1449,1449,1449,,5000,5000,1.0,3021694564,20260901
B1_spatial,2.0,per_class,all,micro,energy_retention,0.2678862554994923,0.2638351966878251,0.27213586946143375,1449,1449,1449,1449,,5000,5000,1.0,3021694564,20260901
B1_spatial,2.0,per_class,all,micro,smoothed_std_over_raw,0.829614187825376,0.8275985915910548,0.8316428118446434,1449,1449,1449,1449,,5000,5000,1.0,3021694564,20260901
B1_spatial,2.0,per_class,all,micro,linear_solve_relative_residual,6.09531318628562e-06,5.993425651271997e-06,6.2001461968708104e-06,1449,1449,1449,1449,,5000,5000,1.0,3021694564,20260901
B1_spatial,2.0,per_class,all,micro,cg_iterations,11.0,11.0,11.0,1449,1449,1449,1449,,5000,5000,1.0,3021694564,20260901
B1_spatial,2.0,per_class,all,micro,solve_runtime_ms_per_map,0.006191003426531516,0.006162879912743316,0.0062239090681838185,1449,1449,1449,1449,,5000,5000,1.0,3021694564,20260901
B1_spatial,2.0,per_class,all,micro,fidelity,0.06466136218335934,0.06269009449220989,0.06682303144077188,1449,1449,1449,1449,,5000,5000,1.0,3021694564,20260901
B1_spatial,2.0,per_class,all,micro,relative_l2_change,0.06466136218335934,0.06269009449220989,0.06682303144077188,1449,1449,1449,1449,,5000,5000,1.0,3021694564,20260901
B1_spatial,2.0,per_class,all,micro,map_pearson,0.9795270740286575,0.9792383981324871,0.9798147726914568,1449,1449,1449,1449,,5000,5000,1.0,3021694564,20260901
B1_spatial,2.0,per_class,all,micro,map_spearman,0.9675172063052202,0.9667670724997034,0.9682218056843147,1449,1449,1449,1449,,5000,5000,1.0,3021694564,20260901
B1_spatial,2.0,per_class,all,micro,energy_raw,0.014805474197810158,0.013621389356630518,0.016123353357279716,1449,1449,1449,1449,,5000,5000,1.0,3021694564,20260901
B1_spatial,2.0,per_class,all,micro,energy_smoothed,0.005807343282178623,0.005207412086127215,0.006454566764438639,1449,1449,1449,1449,,5000,5000,1.0,3021694564,20260901
B1_spatial,2.0,per_class,all,micro,energy_retention,0.2790481757097527,0.27446222143842897,0.28380383652441454,1449,1449,1449,1449,,5000,5000,1.0,3021694564,20260901
B1_spatial,2.0,per_class,all,micro,smoothed_std_over_raw,0.8329108918922535,0.830712923000318,0.8351330147736067,1449,1449,1449,1449,,5000,5000,1.0,3021694564,20260901
B1_spatial,2.0,per_class,all,micro,linear_solve_relative_residual,5.516053910697526e-06,5.415180268286936e-06,5.618492171684065e-06,1449,1449,1449,1449,,5000,5000,1.0,3021694564,20260901
B1_spatial,2.0,per_class,all,micro,cg_iterations,11.0,11.0,11.0,1449,1449,1449,1449,,5000,5000,1.0,3021694564,20260901
B1_spatial,2.0,per_class,all,micro,solve_runtime_ms_per_map,0.006191003426531516,0.006162879912743316,0.0062239090681838185,1449,1449,1449,1449,,5000,5000,1.0,3021694564,20260901
B1_spatial,2.0,per_class,all,micro,fidelity,0.044732891581052744,0.0436550889923279,0.04588960055782465,1449,1449,1449,1449,,5000,5000,1.0,3021694564,20260901
B1_spatial,2.0,per_class,all,micro,relative_l2_change,0.044732891581052744,0.0436550889923279,0.04588960055782465,1449,1449,1449,1449,,5000,5000,1.0,3021694564,20260901
B1_spatial,2.0,per_class,all,micro,map_pearson,0.9816291213776014,0.9814319405589045,0.98183003000406,1449,1449,1449,1449,,5000,5000,1.0,3021694564,20260901
B1_spatial,2.0,per_class,all,micro,map_spearman,0.9688361910312566,0.9681834278464975,0.9694864575033191,1449,1449,1449,1449,,5000,5000,1.0,3021694564,20260901
B1_spatial,2.0,per_class,all,micro,energy_raw,0.006280327728773378,0.005689001639367655,0.0069325529003274496,1449,1449,1449,1449,,5000,5000,1.0,3021694564,20260901
B1_spatial,2.0,per_class,all,micro,energy_smoothed,0.0023168095720856687,0.001995418886461359,0.002672439356263967,1449,1449,1449,1449,,5000,5000,1.0,3021694564,20260901
B1_spatial,2.0,per_class,all,micro,energy_retention,0.26244607553389915,0.25868815782514004,0.2663026717904726,1449,1449,1449,1449,,5000,5000,1.0,3021694564,20260901
B1_spatial,2.0,per_class,all,micro,smoothed_std_over_raw,0.8285068228295789,0.8267240402871695,0.8303417420021166,1449,1449,1449,1449,,5000,5000,1.0,3021694564,20260901
B1_spatial,2.0,per_class,all,micro,linear_solve_relative_residual,6.47559020714525e-06,6.385239401569447e-06,6.569165116144981e-06,1449,1449,1449,1449,,5000,5000,1.0,3021694564,20260901
B1_spatial,2.0,per_class,all,micro,cg_iterations,11.0,11.0,11.0,1449,1449,1449,1449,,5000,5000,1.0,3021694564,20260901
B1_spatial,2.0,per_class,all,micro,solve_runtime_ms_per_map,0.006191003426531516,0.006162879912743316,0.0062239090681838185,1449,1449,1449,1449,,5000,5000,1.0,3021694564,20260901
B1_spatial,2.0,per_class,all,micro,fidelity,0.05071870106985192,0.049473151103371665,0.052046346438475326,1449,1449,1449,1449,,5000,5000,1.0,3021694564,20260901
B1_spatial,2.0,per_class,all,micro,relative_l2_change,0.05071870106985192,0.049473151103371665,0.052046346438475326,1449,1449,1449,1449,,5000,5000,1.0,3021694564,20260901
B1_spatial,2.0,per_class,all,micro,map_pearson,0.9800450319746924,0.9797893363537666,0.9802887431099713,1449,1449,1449,1449,,5000,5000,1.0,3021694564,20260901
B1_spatial,2.0,per_class,all,micro,map_spearman,0.968935667810315,0.9682219968696065,0.9696460104722907,1449,1449,1449,1449,,5000,5000,1.0,3021694564,20260901
B1_spatial,2.0,per_class,all,micro,energy_raw,0.007938180970101315,0.007242717637284867,0.008696668813621472,1449,1449,1449,1449,,5000,5000,1.0,3021694564,20260901
B1_spatial,2.0,per_class,all,micro,energy_smoothed,0.0027333328301463664,0.0023955877134329787,0.0031069912560938683,1449,1449,1449,1449,,5000,5000,1.0,3021694564,20260901
B1_spatial,2.0,per_class,all,micro,energy_retention,0.2643926745245916,0.26120430905862957,0.2676180782342899,1449,1449,1449,1449,,5000,5000,1.0,3021694564,20260901
B1_spatial,2.0,per_class,all,micro,smoothed_std_over_raw,0.8270648778760079,0.8250796051005647,0.8290339879069434,1449,1449,1449,1449,,5000,5000,1.0,3021694564,20260901
B1_spatial,2.0,per_class,all,micro,linear_solve_relative_residual,5.758149922097187e-06,5.654244698131739e-06,5.867751525886268e-06,1449,1449,1449,1449,,5000,5000,1.0,3021694564,20260901
B1_spatial,2.0,per_class,all,micro,cg_iterations,11.0,11.0,11.0,1449,1449,1449,1449,,5000,5000,1.0,3021694564,20260901
B1_spatial,2.0,per_class,all,micro,solve_runtime_ms_per_map,0.006191003426531516,0.006162879912743316,0.0062239090681838185,1449,1449,1449,1449,,5000,5000,1.0,3021694564,20260901
B1_spatial,2.0,per_class,all,micro,fidelity,0.05189801546249454,0.05090220224789072,0.05298128169308897,1449,1449,1449,1449,,5000,5000,1.0,3021694564,20260901
B1_spatial,2.0,per_class,all,micro,relative_l2_change,0.05189801546249454,0.05090220224789072,0.05298128169308897,1449,1449,1449,1449,,5000,5000,1.0,3021694564,20260901
B1_spatial,2.0,per_class,all,micro,map_pearson,0.9793671311140884,0.9790721707164295,0.9796842464851955,1449,1449,1449,1449,,5000,5000,1.0,3021694564,20260901
B1_spatial,2.0,per_class,all,micro,map_spearman,0.9686800979843956,0.9679959354429841,0.9693780258184799,1449,1449,1449,1449,,5000,5000,1.0,3021694564,20260901
B1_spatial,2.0,per_class,all,micro,energy_raw,0.007945276000630174,0.007416845416562443,0.008518270449556204,1449,1449,1449,1449,,5000,5000,1.0,3021694564,20260901
B1_spatial,2.0,per_class,all,micro,energy_smoothed,0.0028858449086874693,0.002580220653649727,0.0032201682452092633,1449,1449,1449,1449,,5000,5000,1.0,3021694564,20260901
B1_spatial,2.0,per_class,all,micro,energy_retention,0.2725534614836289,0.26779455203097635,0.2777563408066006,1449,1449,1449,1449,,5000,5000,1.0,3021694564,20260901
B1_spatial,2.0,per_class,all,micro,smoothed_std_over_raw,0.829076417937124,0.8267669762451949,0.8315400256585713,1449,1449,1449,1449,,5000,5000,1.0,3021694564,20260901
B1_spatial,2.0,per_class,all,micro,linear_solve_relative_residual,5.4589063389826e-06,5.349635344081045e-06,5.568815314485408e-06,1449,1449,1449,1449,,5000,5000,1.0,3021694564,20260901
B1_spatial,2.0,per_class,all,micro,cg_iterations,11.0,11.0,11.0,1449,1449,1449,1449,,5000,5000,1.0,3021694564,20260901
B1_spatial,2.0,per_class,all,micro,solve_runtime_ms_per_map,0.006191003426531516,0.006162879912743316,0.0062239090681838185,1449,1449,1449,1449,,5000,5000,1.0,3021694564,20260901
B1_spatial,2.0,per_class,all,micro,fidelity,0.04826668985290845,0.04728641564523309,0.04928337920761138,1449,1449,1449,1449,,5000,5000,1.0,3021694564,20260901
B1_spatial,2.0,per_class,all,micro,relative_l2_change,0.04826668985290845,0.04728641564523309,0.04928337920761138,1449,1449,1449,1449,,5000,5000,1.0,3021694564,20260901
B1_spatial,2.0,per_class,all,micro,map_pearson,0.9796122451170796,0.9793817242305389,0.9798414554572911,1449,1449,1449,1449,,5000,5000,1.0,3021694564,20260901
B1_spatial,2.0,per_class,all,micro,map_spearman,0.968113871135738,0.9674289910401699,0.9687632169021747,1449,1449,1449,1449,,5000,5000,1.0,3021694564,20260901
B1_spatial,2.0,per_class,all,micro,energy_raw,0.006688896010021163,0.006193109137774011,0.007227860219292812,1449,1449,1449,1449,,5000,5000,1.0,3021694564,20260901
B1_spatial,2.0,per_class,all,micro,energy_smoothed,0.0021830265004879725,0.0019412451497538771,0.0024387403828878425,1449,1449,1449,1449,,5000,5000,1.0,3021694564,20260901
B1_spatial,2.0,per_class,all,micro,energy_retention,0.25842734840181136,0.2549578573030283,0.26200905240907635,1449,1449,1449,1449,,5000,5000,1.0,3021694564,20260901
B1_spatial,2.0,per_class,all,micro,smoothed_std_over_raw,0.8228766315554322,0.8210440499575653,0.8247697982183813,1449,1449,1449,1449,,5000,5000,1.0,3021694564,20260901
B1_spatial,2.0,per_class,all,micro,linear_solve_relative_residual,6.035697843178659e-06,5.923356324955388e-06,6.142862816436564e-06,1449,1449,1449,1449,,5000,5000,1.0,3021694564,20260901
B1_spatial,2.0,per_class,all,micro,cg_iterations,11.0,11.0,11.0,1449,1449,1449,1449,,5000,5000,1.0,3021694564,20260901
B1_spatial,2.0,per_class,all,micro,solve_runtime_ms_per_map,0.006191003426531516,0.006162879912743316,0.0062239090681838185,1449,1449,1449,1449,,5000,5000,1.0,3021694564,20260901
B1_spatial,2.0,per_class,all,micro,fidelity,0.049196123971434774,0.04821999222049817,0.05019885170960566,1449,1449,1449,1449,,5000,5000,1.0,3021694564,20260901
B1_spatial,2.0,per_class,all,micro,relative_l2_change,0.049196123971434774,0.04821999222049817,0.05019885170960566,1449,1449,1449,1449,,5000,5000,1.0,3021694564,20260901
B1_spatial,2.0,per_class,all,micro,map_pearson,0.9800531961656258,0.9797973733336207,0.9803083531553372,1449,1449,1449,1449,,5000,5000,1.0,3021694564,20260901
B1_spatial,2.0,per_class,all,micro,map_spearman,0.967613991249669,0.966889729437703,0.9682903594790532,1449,1449,1449,1449,,5000,5000,1.0,3021694564,20260901
B1_spatial,2.0,per_class,all,micro,energy_raw,0.006977521766040132,0.006507174892552207,0.007463587284641851,1449,1449,1449,1449,,5000,5000,1.0,3021694564,20260901
B1_spatial,2.0,per_class,all,micro,energy_smoothed,0.002370595321770413,0.0021108615931889835,0.002632082668254898,1449,1449,1449,1449,,5000,5000,1.0,3021694564,20260901
B1_spatial,2.0,per_class,all,micro,energy_retention,0.26000789379645745,0.25603745681914364,0.263951964840149,1449,1449,1449,1449,,5000,5000,1.0,3021694564,20260901
B1_spatial,2.0,per_class,all,micro,smoothed_std_over_raw,0.8252234709435615,0.8230715754589103,0.8273754334567003,1449,1449,1449,1449,,5000,5000,1.0,3021694564,20260901
B1_spatial,2.0,per_class,all,micro,linear_solve_relative_residual,6.053217685195034e-06,5.949524768260677e-06,6.15926347306298e-06,1449,1449,1449,1449,,5000,5000,1.0,3021694564,20260901
B1_spatial,2.0,per_class,all,micro,cg_iterations,11.0,11.0,11.0,1449,1449,1449,1449,,5000,5000,1.0,3021694564,20260901
B1_spatial,2.0,per_class,all,micro,solve_runtime_ms_per_map,0.006191003426531516,0.006162879912743316,0.0062239090681838185,1449,1449,1449,1449,,5000,5000,1.0,3021694564,20260901
B1_spatial,2.0,per_class,all,micro,fidelity,0.08123658316208626,0.07888094591217218,0.08355928233042463,1449,1449,1449,1449,,5000,5000,1.0,3021694564,20260901
B1_spatial,2.0,per_class,all,micro,relative_l2_change,0.08123658316208626,0.07888094591217218,0.08355928233042463,1449,1449,1449,1449,,5000,5000,1.0,3021694564,20260901
B1_spatial,2.0,per_class,all,micro,map_pearson,0.9795518805027995,0.9791006083022405,0.9800001772191296,1449,1449,1449,1449,,5000,5000,1.0,3021694564,20260901
B1_spatial,2.0,per_class,all,micro,map_spearman,0.971176264531206,0.9705672008403833,0.9718014533084536,1449,1449,1449,1449,,5000,5000,1.0,3021694564,20260901
B1_spatial,2.0,per_class,all,micro,energy_raw,0.0222429568860667,0.020734521377083072,0.023750811653348934,1449,1449,1449,1449,,5000,5000,1.0,3021694564,20260901
B1_spatial,2.0,per_class,all,micro,energy_smoothed,0.009227340606902034,0.00851452076534697,0.009943732690073771,1449,1449,1449,1449,,5000,5000,1.0,3021694564,20260901
B1_spatial,2.0,per_class,all,micro,energy_retention,0.33098220130013467,0.32469283370693197,0.3373588303033342,1449,1449,1449,1449,,5000,5000,1.0,3021694564,20260901
B1_spatial,2.0,per_class,all,micro,smoothed_std_over_raw,0.8484376311878076,0.845710561260468,0.8511997374596063,1449,1449,1449,1449,,5000,5000,1.0,3021694564,20260901
B1_spatial,2.0,per_class,all,micro,linear_solve_relative_residual,5.41123681523396e-06,5.3150647864303886e-06,5.509241766524091e-06,1449,1449,1449,1449,,5000,5000,1.0,3021694564,20260901
B1_spatial,2.0,per_class,all,micro,cg_iterations,11.0,11.0,11.0,1449,1449,1449,1449,,5000,5000,1.0,3021694564,20260901
B1_spatial,2.0,per_class,all,micro,solve_runtime_ms_per_map,0.006191003426531516,0.006162879912743316,0.0062239090681838185,1449,1449,1449,1449,,5000,5000,1.0,3021694564,20260901
B1_spatial,2.0,per_class,all,micro,fidelity,0.05887123310181336,0.05744531077928609,0.060426777721497724,1449,1449,1449,1449,,5000,5000,1.0,3021694564,20260901
B1_spatial,2.0,per_class,all,micro,relative_l2_change,0.05887123310181336,0.05744531077928609,0.060426777721497724,1449,1449,1449,1449,,5000,5000,1.0,3021694564,20260901
B1_spatial,2.0,per_class,all,micro,map_pearson,0.9775495697828389,0.9772205574356991,0.9778665337986663,1449,1449,1449,1449,,5000,5000,1.0,3021694564,20260901
B1_spatial,2.0,per_class,all,micro,map_spearman,0.9673751058292192,0.9667354592131778,0.9679832220159784,1449,1449,1449,1449,,5000,5000,1.0,3021694564,20260901
B1_spatial,2.0,per_class,all,micro,energy_raw,0.010750137634570224,0.009957915669991785,0.011624457153372448,1449,1449,1449,1449,,5000,5000,1.0,3021694564,20260901
B1_spatial,2.0,per_class,all,micro,energy_smoothed,0.0035868486344887893,0.003222096733365642,0.004004008279871872,1449,1449,1449,1449,,5000,5000,1.0,3021694564,20260901
B1_spatial,2.0,per_class,all,micro,energy_retention,0.25747904661731774,0.25372463733605716,0.2612701191325859,1449,1449,1449,1449,,5000,5000,1.0,3021694564,20260901
B1_spatial,2.0,per_class,all,micro,smoothed_std_over_raw,0.830648036147908,0.828364216071972,0.8328205929820993,1449,1449,1449,1449,,5000,5000,1.0,3021694564,20260901
B1_spatial,2.0,per_class,all,micro,linear_solve_relative_residual,5.31240916841299e-06,5.208844257291254e-06,5.414319138378538e-06,1449,1449,1449,1449,,5000,5000,1.0,3021694564,20260901
B1_spatial,2.0,per_class,all,micro,cg_iterations,11.0,11.0,11.0,1449,1449,1449,1449,,5000,5000,1.0,3021694564,20260901
B1_spatial,2.0,per_class,all,micro,solve_runtime_ms_per_map,0.006191003426531516,0.006162879912743316,0.0062239090681838185,1449,1449,1449,1449,,5000,5000,1.0,3021694564,20260901
B1_spatial,2.0,per_class,all,micro,fidelity,0.04502010887027239,0.0443047531247666,0.04577313284537504,1449,1449,1449,1449,,5000,5000,1.0,3021694564,20260901
B1_spatial,2.0,per_class,all,micro,relative_l2_change,0.04502010887027239,0.0443047531247666,0.04577313284537504,1449,1449,1449,1449,,5000,5000,1.0,3021694564,20260901
B1_spatial,2.0,per_class,all,micro,map_pearson,0.9799919493696951,0.979773439882417,0.980207915150601,1449,1449,1449,1449,,5000,5000,1.0,3021694564,20260901
B1_spatial,2.0,per_class,all,micro,map_spearman,0.9687259252356035,0.968027137403985,0.9693780816387028,1449,1449,1449,1449,,5000,5000,1.0,3021694564,20260901
B1_spatial,2.0,per_class,all,micro,energy_raw,0.005394981875970672,0.005067931797665212,0.005758246023698309,1449,1449,1449,1449,,5000,5000,1.0,3021694564,20260901
B1_spatial,2.0,per_class,all,micro,energy_smoothed,0.001637414650136079,0.0014790259043729998,0.0018170733044221116,1449,1449,1449,1449,,5000,5000,1.0,3021694564,20260901
B1_spatial,2.0,per_class,all,micro,energy_retention,0.2620519278911659,0.2590267305601108,0.2649465937375652,1449,1449,1449,1449,,5000,5000,1.0,3021694564,20260901
B1_spatial,2.0,per_class,all,micro,smoothed_std_over_raw,0.825980381894885,0.8241301478045492,0.8278433513844976,1449,1449,1449,1449,,5000,5000,1.0,3021694564,20260901
B1_spatial,2.0,per_class,all,micro,linear_solve_relative_residual,6.112250680382242e-06,6.009365260472549e-06,6.219809829722705e-06,1449,1449,1449,1449,,5000,5000,1.0,3021694564,20260901
B1_spatial,2.0,per_class,all,micro,cg_iterations,11.0,11.0,11.0,1449,1449,1449,1449,,5000,5000,1.0,3021694564,20260901
B1_spatial,2.0,per_class,all,micro,solve_runtime_ms_per_map,0.006191003426531516,0.006162879912743316,0.0062239090681838185,1449,1449,1449,1449,,5000,5000,1.0,3021694564,20260901
B1_spatial,2.0,per_class,all,micro,fidelity,0.056016099268379006,0.05428616952901774,0.05795445320681072,1449,1449,1449,1449,,5000,5000,1.0,3021694564,20260901
B1_spatial,2.0,per_class,all,micro,relative_l2_change,0.056016099268379006,0.05428616952901774,0.05795445320681072,1449,1449,1449,1449,,5000,5000,1.0,3021694564,20260901
B1_spatial,2.0,per_class,all,micro,map_pearson,0.9805377088307182,0.9802954079294056,0.9807823264964949,1449,1449,1449,1449,,5000,5000,1.0,3021694564,20260901
B1_spatial,2.0,per_class,all,micro,map_spearman,0.9679268124681082,0.967173826430196,0.9686733034991494,1449,1449,1449,1449,,5000,5000,1.0,3021694564,20260901
B1_spatial,2.0,per_class,all,micro,energy_raw,0.011132027114531973,0.010098342718553711,0.012299771747030277,1449,1449,1449,1449,,5000,5000,1.0,3021694564,20260901
B1_spatial,2.0,per_class,all,micro,energy_smoothed,0.004536055327109347,0.003979082483196465,0.005165954031716098,1449,1449,1449,1449,,5000,5000,1.0,3021694564,20260901
B1_spatial,2.0,per_class,all,micro,energy_retention,0.27782366615562626,0.2734188148652874,0.28267202120302587,1449,1449,1449,1449,,5000,5000,1.0,3021694564,20260901
B1_spatial,2.0,per_class,all,micro,smoothed_std_over_raw,0.8289893307383098,0.8269269819677987,0.8311046150057294,1449,1449,1449,1449,,5000,5000,1.0,3021694564,20260901
B1_spatial,2.0,per_class,all,micro,linear_solve_relative_residual,5.89343457098656e-06,5.79394043604449e-06,5.998472716352103e-06,1449,1449,1449,1449,,5000,5000,1.0,3021694564,20260901
B1_spatial,2.0,per_class,all,micro,cg_iterations,11.0,11.0,11.0,1449,1449,1449,1449,,5000,5000,1.0,3021694564,20260901
B1_spatial,2.0,per_class,all,micro,solve_runtime_ms_per_map,0.006191003426531516,0.006162879912743316,0.0062239090681838185,1449,1449,1449,1449,,5000,5000,1.0,3021694564,20260901
B1_spatial,2.0,per_class,all,micro,fidelity,0.04381300994497772,0.042972486095054344,0.044676835330433276,1449,1449,1449,1449,,5000,5000,1.0,3021694564,20260901
B1_spatial,2.0,per_class,all,micro,relative_l2_change,0.04381300994497772,0.042972486095054344,0.044676835330433276,1449,1449,1449,1449,,5000,5000,1.0,3021694564,20260901
B1_spatial,2.0,per_class,all,micro,map_pearson,0.9815845208138413,0.9813858234991363,0.9817749812458613,1449,1449,1449,1449,,5000,5000,1.0,3021694564,20260901
B1_spatial,2.0,per_class,all,micro,map_spearman,0.9710450735974098,0.970461363220437,0.971626033039032,1449,1449,1449,1449,,5000,5000,1.0,3021694564,20260901
B1_spatial,2.0,per_class,all,micro,energy_raw,0.0053733743537118395,0.0049774016077802,0.0058076667180879385,1449,1449,1449,1449,,5000,5000,1.0,3021694564,20260901
B1_spatial,2.0,per_class,all,micro,energy_smoothed,0.0017357155522342844,0.0015269226924568644,0.0019643260731921665,1449,1449,1449,1449,,5000,5000,1.0,3021694564,20260901
B1_spatial,2.0,per_class,all,micro,energy_retention,0.2640193207272996,0.26113506631579914,0.26685486947378473,1449,1449,1449,1449,,5000,5000,1.0,3021694564,20260901
B1_spatial,2.0,per_class,all,micro,smoothed_std_over_raw,0.8293176816199219,0.8275120331870431,0.831124852358102,1449,1449,1449,1449,,5000,5000,1.0,3021694564,20260901
B1_spatial,2.0,per_class,all,micro,linear_solve_relative_residual,6.244668936676974e-06,6.143878494146555e-06,6.346483086550472e-06,1449,1449,1449,1449,,5000,5000,1.0,3021694564,20260901
B1_spatial,2.0,per_class,all,micro,cg_iterations,11.0,11.0,11.0,1449,1449,1449,1449,,5000,5000,1.0,3021694564,20260901
B1_spatial,2.0,per_class,all,micro,solve_runtime_ms_per_map,0.006191003426531516,0.006162879912743316,0.0062239090681838185,1449,1449,1449,1449,,5000,5000,1.0,3021694564,20260901
B1_spatial,2.0,per_class,all,micro,fidelity,0.05131220670765314,0.05015665468710987,0.052530690791082794,1449,1449,1449,1449,,5000,5000,1.0,3021694564,20260901
B1_spatial,2.0,per_class,all,micro,relative_l2_change,0.05131220670765314,0.05015665468710987,0.052530690791082794,1449,1449,1449,1449,,5000,5000,1.0,3021694564,20260901
B1_spatial,2.0,per_class,all,micro,map_pearson,0.9802540844271642,0.9800016602466566,0.9804988186757592,1449,1449,1449,1449,,5000,5000,1.0,3021694564,20260901
B1_spatial,2.0,per_class,all,micro,map_spearman,0.9686553258579957,0.9679553569247593,0.9693347125844431,1449,1449,1449,1449,,5000,5000,1.0,3021694564,20260901
B1_spatial,2.0,per_class,all,micro,energy_raw,0.00786857993076533,0.00728543670919918,0.008496688443451047,1449,1449,1449,1449,,5000,5000,1.0,3021694564,20260901
B1_spatial,2.0,per_class,all,micro,energy_smoothed,0.002636841886627518,0.0023484083475683276,0.0029489083030551978,1449,1449,1449,1449,,5000,5000,1.0,3021694564,20260901
B1_spatial,2.0,per_class,all,micro,energy_retention,0.2669528287554544,0.2635570855372893,0.27040043165168115,1449,1449,1449,1449,,5000,5000,1.0,3021694564,20260901
B1_spatial,2.0,per_class,all,micro,smoothed_std_over_raw,0.8335331308586669,0.8316570548773882,0.8354327945060529,1449,1449,1449,1449,,5000,5000,1.0,3021694564,20260901
B1_spatial,2.0,per_class,all,micro,linear_solve_relative_residual,5.6139191993002304e-06,5.5072217308452654e-06,5.718523170034828e-06,1449,1449,1449,1449,,5000,5000,1.0,3021694564,20260901
B1_spatial,2.0,per_class,all,micro,cg_iterations,11.0,11.0,11.0,1449,1449,1449,1449,,5000,5000,1.0,3021694564,20260901
B1_spatial,2.0,per_class,all,micro,solve_runtime_ms_per_map,0.006191003426531516,0.006162879912743316,0.0062239090681838185,1449,1449,1449,1449,,5000,5000,1.0,3021694564,20260901
B1_spatial,4.0,all_class_maps,all,micro,fidelity,0.06902013966624719,0.06830824109261599,0.06977897160506587,1449,1449,28980,28980,,5000,5000,1.0,3021694564,20260901
B1_spatial,4.0,all_class_maps,all,micro,relative_l2_change,0.06902013966624719,0.06830824109261599,0.06977897160506587,1449,1449,28980,28980,,5000,5000,1.0,3021694564,20260901
B1_spatial,4.0,all_class_maps,all,micro,map_pearson,0.9647771084427916,0.9644855198176197,0.9650765465361916,1449,1449,28980,28980,,5000,5000,1.0,3021694564,20260901
B1_spatial,4.0,all_class_maps,all,micro,map_spearman,0.9473799515646684,0.9468171063432659,0.9479443521945229,1449,1449,28980,28980,,5000,5000,1.0,3021694564,20260901
B1_spatial,4.0,all_class_maps,all,micro,energy_raw,0.008560702559979904,0.008338373786745063,0.008799121273902,1449,1449,28980,28980,,5000,5000,1.0,3021694564,20260901
B1_spatial,4.0,all_class_maps,all,micro,energy_smoothed,0.0020699401625315058,0.001993576527626839,0.0021491049290715135,1449,1449,28980,28980,,5000,5000,1.0,3021694564,20260901
B1_spatial,4.0,all_class_maps,all,micro,energy_retention,0.15997515000978818,0.15867931025685053,0.16130393427540213,1449,1449,28980,28980,,5000,5000,1.0,3021694564,20260901
B1_spatial,4.0,all_class_maps,all,micro,smoothed_std_over_raw,0.7704112056105444,0.7691011685222449,0.7716497717869227,1449,1449,28980,28980,,5000,5000,1.0,3021694564,20260901
B1_spatial,4.0,all_class_maps,all,micro,linear_solve_relative_residual,6.122849320065854e-06,6.098155044619475e-06,6.146349161079384e-06,1449,1449,28980,28980,,5000,5000,1.0,3021694564,20260901
B1_spatial,4.0,all_class_maps,all,micro,cg_iterations,15.0,15.0,15.0,1449,1449,28980,28980,,5000,5000,1.0,3021694564,20260901
B1_spatial,4.0,all_class_maps,all,micro,solve_runtime_ms_per_map,0.007876409510159547,0.00784266708916641,0.007915387771633161,1449,1449,28980,28980,,5000,5000,1.0,3021694564,20260901
B1_spatial,4.0,all_class_maps,all,macro_class,fidelity,0.0690201396662472,0.068308241092616,0.06977897160506587,1449,1449,28980,28980,20,5000,5000,1.0,3021694564,20260901
B1_spatial,4.0,all_class_maps,all,macro_class,relative_l2_change,0.0690201396662472,0.068308241092616,0.06977897160506587,1449,1449,28980,28980,20,5000,5000,1.0,3021694564,20260901
B1_spatial,4.0,all_class_maps,all,macro_class,map_pearson,0.9647771084427916,0.9644855198176197,0.9650765465361915,1449,1449,28980,28980,20,5000,5000,1.0,3021694564,20260901
B1_spatial,4.0,all_class_maps,all,macro_class,map_spearman,0.9473799515646683,0.946817106343266,0.9479443521945229,1449,1449,28980,28980,20,5000,5000,1.0,3021694564,20260901
B1_spatial,4.0,all_class_maps,all,macro_class,energy_raw,0.008560702559979908,0.008338373786745063,0.008799121273902,1449,1449,28980,28980,20,5000,5000,1.0,3021694564,20260901
B1_spatial,4.0,all_class_maps,all,macro_class,energy_smoothed,0.0020699401625315058,0.001993576527626839,0.0021491049290715135,1449,1449,28980,28980,20,5000,5000,1.0,3021694564,20260901
B1_spatial,4.0,all_class_maps,all,macro_class,energy_retention,0.15997515000978818,0.15867931025685053,0.16130393427540213,1449,1449,28980,28980,20,5000,5000,1.0,3021694564,20260901
B1_spatial,4.0,all_class_maps,all,macro_class,smoothed_std_over_raw,0.7704112056105444,0.7691011685222449,0.7716497717869228,1449,1449,28980,28980,20,5000,5000,1.0,3021694564,20260901
B1_spatial,4.0,all_class_maps,all,macro_class,linear_solve_relative_residual,6.122849320065854e-06,6.098155044619475e-06,6.146349161079385e-06,1449,1449,28980,28980,20,5000,5000,1.0,3021694564,20260901
B1_spatial,4.0,all_class_maps,all,macro_class,cg_iterations,15.0,15.0,15.0,1449,1449,28980,28980,20,5000,5000,1.0,3021694564,20260901
B1_spatial,4.0,all_class_maps,all,macro_class,solve_runtime_ms_per_map,0.007876409510159553,0.007842667089166411,0.007915387771633158,1449,1449,28980,28980,20,5000,5000,1.0,3021694564,20260901
B1_spatial,4.0,all_class_maps,single_label,micro,fidelity,0.06302137560760673,0.06225850407789163,0.06380012491182951,927,927,18540,18540,,5000,5000,1.0,3021694564,20260901
B1_spatial,4.0,all_class_maps,single_label,micro,relative_l2_change,0.06302137560760673,0.06225850407789163,0.06380012491182951,927,927,18540,18540,,5000,5000,1.0,3021694564,20260901
B1_spatial,4.0,all_class_maps,single_label,micro,map_pearson,0.9653973225218836,0.9649895954514656,0.9658095395863217,927,927,18540,18540,,5000,5000,1.0,3021694564,20260901
B1_spatial,4.0,all_class_maps,single_label,micro,map_spearman,0.9453282854510743,0.944507245755681,0.9461302996475849,927,927,18540,18540,,5000,5000,1.0,3021694564,20260901
B1_spatial,4.0,all_class_maps,single_label,micro,energy_raw,0.006739255981066464,0.006525470391181321,0.006959116221324721,927,927,18540,18540,,5000,5000,1.0,3021694564,20260901
B1_spatial,4.0,all_class_maps,single_label,micro,energy_smoothed,0.001415567113458746,0.0013500936605519746,0.0014838161438534643,927,927,18540,18540,,5000,5000,1.0,3021694564,20260901
B1_spatial,4.0,all_class_maps,single_label,micro,energy_retention,0.15077945052002112,0.14927609304362002,0.15229680925285186,927,927,18540,18540,,5000,5000,1.0,3021694564,20260901
B1_spatial,4.0,all_class_maps,single_label,micro,smoothed_std_over_raw,0.7664911575816339,0.764829246115498,0.7680546736287229,927,927,18540,18540,,5000,5000,1.0,3021694564,20260901
B1_spatial,4.0,all_class_maps,single_label,micro,linear_solve_relative_residual,6.052633084046827e-06,6.020445559413048e-06,6.084142929338933e-06,927,927,18540,18540,,5000,5000,1.0,3021694564,20260901
B1_spatial,4.0,all_class_maps,single_label,micro,cg_iterations,15.0,15.0,15.0,927,927,18540,18540,,5000,5000,1.0,3021694564,20260901
B1_spatial,4.0,all_class_maps,single_label,micro,solve_runtime_ms_per_map,0.00787790933915283,0.007837273529958793,0.007928440457542719,927,927,18540,18540,,5000,5000,1.0,3021694564,20260901
B1_spatial,4.0,all_class_maps,single_label,macro_class,fidelity,0.06302137560760673,0.06225850407789162,0.0638001249118295,927,927,18540,18540,20,5000,5000,1.0,3021694564,20260901
B1_spatial,4.0,all_class_maps,single_label,macro_class,relative_l2_change,0.06302137560760673,0.06225850407789162,0.0638001249118295,927,927,18540,18540,20,5000,5000,1.0,3021694564,20260901
B1_spatial,4.0,all_class_maps,single_label,macro_class,map_pearson,0.9653973225218836,0.9649895954514659,0.9658095395863219,927,927,18540,18540,20,5000,5000,1.0,3021694564,20260901
B1_spatial,4.0,all_class_maps,single_label,macro_class,map_spearman,0.9453282854510746,0.9445072457556811,0.9461302996475848,927,927,18540,18540,20,5000,5000,1.0,3021694564,20260901
B1_spatial,4.0,all_class_maps,single_label,macro_class,energy_raw,0.006739255981066462,0.006525470391181321,0.00695911622132472,927,927,18540,18540,20,5000,5000,1.0,3021694564,20260901
B1_spatial,4.0,all_class_maps,single_label,macro_class,energy_smoothed,0.0014155671134587463,0.0013500936605519746,0.0014838161438534647,927,927,18540,18540,20,5000,5000,1.0,3021694564,20260901
B1_spatial,4.0,all_class_maps,single_label,macro_class,energy_retention,0.1507794505200211,0.14927609304362,0.15229680925285183,927,927,18540,18540,20,5000,5000,1.0,3021694564,20260901
B1_spatial,4.0,all_class_maps,single_label,macro_class,smoothed_std_over_raw,0.766491157581634,0.764829246115498,0.7680546736287227,927,927,18540,18540,20,5000,5000,1.0,3021694564,20260901
B1_spatial,4.0,all_class_maps,single_label,macro_class,linear_solve_relative_residual,6.052633084046826e-06,6.020445559413048e-06,6.084142929338933e-06,927,927,18540,18540,20,5000,5000,1.0,3021694564,20260901
B1_spatial,4.0,all_class_maps,single_label,macro_class,cg_iterations,15.0,15.0,15.0,927,927,18540,18540,20,5000,5000,1.0,3021694564,20260901
B1_spatial,4.0,all_class_maps,single_label,macro_class,solve_runtime_ms_per_map,0.007877909339152831,0.007837273529958791,0.007928440457542723,927,927,18540,18540,20,5000,5000,1.0,3021694564,20260901
B1_spatial,4.0,all_class_maps,exactly_2_labels,micro,fidelity,0.07676840628584226,0.07571144697416574,0.07784713254439334,375,375,7500,7500,,5000,5000,1.0,3021694564,20260901
B1_spatial,4.0,all_class_maps,exactly_2_labels,micro,relative_l2_change,0.07676840628584226,0.07571144697416574,0.07784713254439334,375,375,7500,7500,,5000,5000,1.0,3021694564,20260901
B1_spatial,4.0,all_class_maps,exactly_2_labels,micro,map_pearson,0.9637457451740901,0.963305982482632,0.9641988328307867,375,375,7500,7500,,5000,5000,1.0,3021694564,20260901
B1_spatial,4.0,all_class_maps,exactly_2_labels,micro,map_spearman,0.9508708626747131,0.9500815619186561,0.9516106330347062,375,375,7500,7500,,5000,5000,1.0,3021694564,20260901
B1_spatial,4.0,all_class_maps,exactly_2_labels,micro,energy_raw,0.010749907921534031,0.010364591250340454,0.011158526960033147,375,375,7500,7500,,5000,5000,1.0,3021694564,20260901
B1_spatial,4.0,all_class_maps,exactly_2_labels,micro,energy_smoothed,0.0028263637471497836,0.002692492903653474,0.00296393639532369,375,375,7500,7500,,5000,5000,1.0,3021694564,20260901
B1_spatial,4.0,all_class_maps,exactly_2_labels,micro,energy_retention,0.1726794269889593,0.17058737630799414,0.17481516995064914,375,375,7500,7500,,5000,5000,1.0,3021694564,20260901
B1_spatial,4.0,all_class_maps,exactly_2_labels,micro,smoothed_std_over_raw,0.7762651657819748,0.77389151398321,0.778672136913538,375,375,7500,7500,,5000,5000,1.0,3021694564,20260901
B1_spatial,4.0,all_class_maps,exactly_2_labels,micro,linear_solve_relative_residual,6.230478893606535e-06,6.192078739797277e-06,6.268102614661378e-06,375,375,7500,7500,,5000,5000,1.0,3021694564,20260901
B1_spatial,4.0,all_class_maps,exactly_2_labels,micro,cg_iterations,15.0,15.0,15.0,375,375,7500,7500,,5000,5000,1.0,3021694564,20260901
B1_spatial,4.0,all_class_maps,exactly_2_labels,micro,solve_runtime_ms_per_map,0.00786952650437511,0.007817676074870786,0.007945550385195895,375,375,7500,7500,,5000,5000,1.0,3021694564,20260901
B1_spatial,4.0,all_class_maps,exactly_2_labels,macro_class,fidelity,0.07676840628584225,0.07571144697416574,0.07784713254439334,375,375,7500,7500,20,5000,5000,1.0,3021694564,20260901
B1_spatial,4.0,all_class_maps,exactly_2_labels,macro_class,relative_l2_change,0.07676840628584225,0.07571144697416574,0.07784713254439334,375,375,7500,7500,20,5000,5000,1.0,3021694564,20260901
B1_spatial,4.0,all_class_maps,exactly_2_labels,macro_class,map_pearson,0.9637457451740901,0.9633059824826321,0.9641988328307868,375,375,7500,7500,20,5000,5000,1.0,3021694564,20260901
B1_spatial,4.0,all_class_maps,exactly_2_labels,macro_class,map_spearman,0.9508708626747131,0.950081561918656,0.9516106330347064,375,375,7500,7500,20,5000,5000,1.0,3021694564,20260901
B1_spatial,4.0,all_class_maps,exactly_2_labels,macro_class,energy_raw,0.010749907921534033,0.010364591250340456,0.011158526960033147,375,375,7500,7500,20,5000,5000,1.0,3021694564,20260901
B1_spatial,4.0,all_class_maps,exactly_2_labels,macro_class,energy_smoothed,0.0028263637471497827,0.002692492903653474,0.00296393639532369,375,375,7500,7500,20,5000,5000,1.0,3021694564,20260901
B1_spatial,4.0,all_class_maps,exactly_2_labels,macro_class,energy_retention,0.17267942698895933,0.17058737630799414,0.17481516995064914,375,375,7500,7500,20,5000,5000,1.0,3021694564,20260901
B1_spatial,4.0,all_class_maps,exactly_2_labels,macro_class,smoothed_std_over_raw,0.7762651657819749,0.7738915139832098,0.7786721369135379,375,375,7500,7500,20,5000,5000,1.0,3021694564,20260901
B1_spatial,4.0,all_class_maps,exactly_2_labels,macro_class,linear_solve_relative_residual,6.230478893606535e-06,6.192078739797278e-06,6.268102614661377e-06,375,375,7500,7500,20,5000,5000,1.0,3021694564,20260901
B1_spatial,4.0,all_class_maps,exactly_2_labels,macro_class,cg_iterations,15.0,15.0,15.0,375,375,7500,7500,20,5000,5000,1.0,3021694564,20260901
B1_spatial,4.0,all_class_maps,exactly_2_labels,macro_class,solve_runtime_ms_per_map,0.007869526504375111,0.007817676074870787,0.007945550385195895,375,375,7500,7500,20,5000,5000,1.0,3021694564,20260901
B1_spatial,4.0,all_class_maps,3plus_labels,micro,fidelity,0.08708309408809457,0.08546101255073105,0.08869262256602548,147,147,2940,2940,,5000,5000,1.0,3021694564,20260901
B1_spatial,4.0,all_class_maps,3plus_labels,micro,relative_l2_change,0.08708309408809457,0.08546101255073105,0.08869262256602548,147,147,2940,2940,,5000,5000,1.0,3021694564,20260901
B1_spatial,4.0,all_class_maps,3plus_labels,micro,map_pearson,0.9634969912621439,0.9627849222496658,0.9641902380173101,147,147,2940,2940,,5000,5000,1.0,3021694564,20260901
B1_spatial,4.0,all_class_maps,3plus_labels,micro,map_spearman,0.951412623816607,0.9503960557281971,0.9524375631538581,147,147,2940,2940,,5000,5000,1.0,3021694564,20260901
B1_spatial,4.0,all_class_maps,3plus_labels,micro,energy_raw,0.014462260165898015,0.013762959155064397,0.015164014389013812,147,147,2940,2940,,5000,5000,1.0,3021694564,20260901
B1_spatial,4.0,all_class_maps,3plus_labels,micro,energy_smoothed,0.00426684473571922,0.004002716301116367,0.004538402415192668,147,147,2940,2940,,5000,5000,1.0,3021694564,20260901
B1_spatial,4.0,all_class_maps,3plus_labels,micro,energy_retention,0.1855554871514541,0.1824334599952638,0.18858933125774624,147,147,2940,2940,,5000,5000,1.0,3021694564,20260901
B1_spatial,4.0,all_class_maps,3plus_labels,micro,smoothed_std_over_raw,0.780197936620842,0.776146323262226,0.7841786369275885,147,147,2940,2940,,5000,5000,1.0,3021694564,20260901
B1_spatial,4.0,all_class_maps,3plus_labels,micro,linear_solve_relative_residual,6.2910762636840975e-06,6.233956741968485e-06,6.3487559162903145e-06,147,147,2940,2940,,5000,5000,1.0,3021694564,20260901
B1_spatial,4.0,all_class_maps,3plus_labels,micro,cg_iterations,15.0,15.0,15.0,147,147,2940,2940,,5000,5000,1.0,3021694564,20260901
B1_spatial,4.0,all_class_maps,3plus_labels,micro,solve_runtime_ms_per_map,0.007884510093101002,0.007812779634701148,0.008017180698990652,147,147,2940,2940,,5000,5000,1.0,3021694564,20260901
B1_spatial,4.0,all_class_maps,3plus_labels,macro_class,fidelity,0.08708309408809457,0.08546101255073102,0.08869262256602548,147,147,2940,2940,20,5000,5000,1.0,3021694564,20260901
B1_spatial,4.0,all_class_maps,3plus_labels,macro_class,relative_l2_change,0.08708309408809457,0.08546101255073102,0.08869262256602548,147,147,2940,2940,20,5000,5000,1.0,3021694564,20260901
B1_spatial,4.0,all_class_maps,3plus_labels,macro_class,map_pearson,0.9634969912621438,0.9627849222496658,0.9641902380173103,147,147,2940,2940,20,5000,5000,1.0,3021694564,20260901
B1_spatial,4.0,all_class_maps,3plus_labels,macro_class,map_spearman,0.951412623816607,0.9503960557281972,0.952437563153858,147,147,2940,2940,20,5000,5000,1.0,3021694564,20260901
B1_spatial,4.0,all_class_maps,3plus_labels,macro_class,energy_raw,0.014462260165898019,0.013762959155064399,0.015164014389013812,147,147,2940,2940,20,5000,5000,1.0,3021694564,20260901
B1_spatial,4.0,all_class_maps,3plus_labels,macro_class,energy_smoothed,0.004266844735719219,0.004002716301116366,0.004538402415192668,147,147,2940,2940,20,5000,5000,1.0,3021694564,20260901
B1_spatial,4.0,all_class_maps,3plus_labels,macro_class,energy_retention,0.18555548715145412,0.1824334599952638,0.18858933125774624,147,147,2940,2940,20,5000,5000,1.0,3021694564,20260901
B1_spatial,4.0,all_class_maps,3plus_labels,macro_class,smoothed_std_over_raw,0.7801979366208421,0.776146323262226,0.7841786369275885,147,147,2940,2940,20,5000,5000,1.0,3021694564,20260901
B1_spatial,4.0,all_class_maps,3plus_labels,macro_class,linear_solve_relative_residual,6.2910762636840975e-06,6.233956741968485e-06,6.348755916290314e-06,147,147,2940,2940,20,5000,5000,1.0,3021694564,20260901
B1_spatial,4.0,all_class_maps,3plus_labels,macro_class,cg_iterations,15.0,15.0,15.0,147,147,2940,2940,20,5000,5000,1.0,3021694564,20260901
B1_spatial,4.0,all_class_maps,3plus_labels,macro_class,solve_runtime_ms_per_map,0.007884510093101002,0.007812779634701148,0.008017180698990652,147,147,2940,2940,20,5000,5000,1.0,3021694564,20260901
B1_spatial,4.0,per_class,all,micro,fidelity,0.05833923252359845,0.05724639075128856,0.05951898894719445,1449,1449,1449,1449,,5000,5000,1.0,3021694564,20260901
B1_spatial,4.0,per_class,all,micro,relative_l2_change,0.05833923252359845,0.05724639075128856,0.05951898894719445,1449,1449,1449,1449,,5000,5000,1.0,3021694564,20260901
B1_spatial,4.0,per_class,all,micro,map_pearson,0.9667224147304985,0.9663387689808881,0.9671050870177909,1449,1449,1449,1449,,5000,5000,1.0,3021694564,20260901
B1_spatial,4.0,per_class,all,micro,map_spearman,0.9507269420403296,0.9499026169976009,0.9515585224368475,1449,1449,1449,1449,,5000,5000,1.0,3021694564,20260901
B1_spatial,4.0,per_class,all,micro,energy_raw,0.00530993061514894,0.004943089206292702,0.005718123036914529,1449,1449,1449,1449,,5000,5000,1.0,3021694564,20260901
B1_spatial,4.0,per_class,all,micro,energy_smoothed,0.0010587236807809203,0.0009129869644549099,0.0012202240406680622,1449,1449,1449,1449,,5000,5000,1.0,3021694564,20260901
B1_spatial,4.0,per_class,all,micro,energy_retention,0.14988920684926998,0.1472516992256004,0.1526022197015383,1449,1449,1449,1449,,5000,5000,1.0,3021694564,20260901
B1_spatial,4.0,per_class,all,micro,smoothed_std_over_raw,0.7646057076335694,0.7623292241890814,0.7668588783995623,1449,1449,1449,1449,,5000,5000,1.0,3021694564,20260901
B1_spatial,4.0,per_class,all,micro,linear_solve_relative_residual,6.022306974199084e-06,5.9603901772042035e-06,6.084395384919848e-06,1449,1449,1449,1449,,5000,5000,1.0,3021694564,20260901
B1_spatial,4.0,per_class,all,micro,cg_iterations,15.0,15.0,15.0,1449,1449,1449,1449,,5000,5000,1.0,3021694564,20260901
B1_spatial,4.0,per_class,all,micro,solve_runtime_ms_per_map,0.007876409510159553,0.00784266708916641,0.00791538777163316,1449,1449,1449,1449,,5000,5000,1.0,3021694564,20260901
B1_spatial,4.0,per_class,all,micro,fidelity,0.06411809844444998,0.06249209317057975,0.06585370046186233,1449,1449,1449,1449,,5000,5000,1.0,3021694564,20260901
B1_spatial,4.0,per_class,all,micro,relative_l2_change,0.06411809844444998,0.06249209317057975,0.06585370046186233,1449,1449,1449,1449,,5000,5000,1.0,3021694564,20260901
B1_spatial,4.0,per_class,all,micro,map_pearson,0.9637059481741231,0.9632146044300703,0.9642006317393956,1449,1449,1449,1449,,5000,5000,1.0,3021694564,20260901
B1_spatial,4.0,per_class,all,micro,map_spearman,0.9462068572876945,0.9452455233435453,0.9471480859660789,1449,1449,1449,1449,,5000,5000,1.0,3021694564,20260901
B1_spatial,4.0,per_class,all,micro,energy_raw,0.0070947752169637415,0.006508934517418583,0.0077445165854128336,1449,1449,1449,1449,,5000,5000,1.0,3021694564,20260901
B1_spatial,4.0,per_class,all,micro,energy_smoothed,0.0015774364840589416,0.00135694131391741,0.0018137095135434087,1449,1449,1449,1449,,5000,5000,1.0,3021694564,20260901
B1_spatial,4.0,per_class,all,micro,energy_retention,0.15054030827997963,0.14762100980811854,0.153568469073554,1449,1449,1449,1449,,5000,5000,1.0,3021694564,20260901
B1_spatial,4.0,per_class,all,micro,smoothed_std_over_raw,0.7690658821493613,0.7666414721257692,0.7714271357947584,1449,1449,1449,1449,,5000,5000,1.0,3021694564,20260901
B1_spatial,4.0,per_class,all,micro,linear_solve_relative_residual,6.10463019704242e-06,6.037608688655877e-06,6.1738317304133595e-06,1449,1449,1449,1449,,5000,5000,1.0,3021694564,20260901
B1_spatial,4.0,per_class,all,micro,cg_iterations,15.0,15.0,15.0,1449,1449,1449,1449,,5000,5000,1.0,3021694564,20260901
B1_spatial,4.0,per_class,all,micro,solve_runtime_ms_per_map,0.007876409510159553,0.00784266708916641,0.00791538777163316,1449,1449,1449,1449,,5000,5000,1.0,3021694564,20260901
B1_spatial,4.0,per_class,all,micro,fidelity,0.057778968615232455,0.056968959904705824,0.05867100390133218,1449,1449,1449,1449,,5000,5000,1.0,3021694564,20260901
B1_spatial,4.0,per_class,all,micro,relative_l2_change,0.057778968615232455,0.056968959904705824,0.05867100390133218,1449,1449,1449,1449,,5000,5000,1.0,3021694564,20260901
B1_spatial,4.0,per_class,all,micro,map_pearson,0.9632059771739836,0.9628062582770819,0.9636096650810386,1449,1449,1449,1449,,5000,5000,1.0,3021694564,20260901
B1_spatial,4.0,per_class,all,micro,map_spearman,0.946755489865363,0.9458478125294296,0.9476392057844488,1449,1449,1449,1449,,5000,5000,1.0,3021694564,20260901
B1_spatial,4.0,per_class,all,micro,energy_raw,0.005048328512406081,0.004822067210172465,0.005314184360163064,1449,1449,1449,1449,,5000,5000,1.0,3021694564,20260901
B1_spatial,4.0,per_class,all,micro,energy_smoothed,0.0008289928570352951,0.0007531286674033199,0.0009195206929197981,1449,1449,1449,1449,,5000,5000,1.0,3021694564,20260901
B1_spatial,4.0,per_class,all,micro,energy_retention,0.14020090179454878,0.138119934120693,0.14240818266301133,1449,1449,1449,1449,,5000,5000,1.0,3021694564,20260901
B1_spatial,4.0,per_class,all,micro,smoothed_std_over_raw,0.7666154744462197,0.7643808425871399,0.7688413999630221,1449,1449,1449,1449,,5000,5000,1.0,3021694564,20260901
B1_spatial,4.0,per_class,all,micro,linear_solve_relative_residual,6.114932768645864e-06,6.052165158007137e-06,6.177011884506525e-06,1449,1449,1449,1449,,5000,5000,1.0,3021694564,20260901
B1_spatial,4.0,per_class,all,micro,cg_iterations,15.0,15.0,15.0,1449,1449,1449,1449,,5000,5000,1.0,3021694564,20260901
B1_spatial,4.0,per_class,all,micro,solve_runtime_ms_per_map,0.007876409510159553,0.00784266708916641,0.00791538777163316,1449,1449,1449,1449,,5000,5000,1.0,3021694564,20260901
B1_spatial,4.0,per_class,all,micro,fidelity,0.062407340872402926,0.06096228620608185,0.06395023665259147,1449,1449,1449,1449,,5000,5000,1.0,3021694564,20260901
B1_spatial,4.0,per_class,all,micro,relative_l2_change,0.062407340872402926,0.06096228620608185,0.06395023665259147,1449,1449,1449,1449,,5000,5000,1.0,3021694564,20260901
B1_spatial,4.0,per_class,all,micro,map_pearson,0.9640289206517985,0.9635649059119514,0.9644850134520468,1449,1449,1449,1449,,5000,5000,1.0,3021694564,20260901
B1_spatial,4.0,per_class,all,micro,map_spearman,0.9486301868763194,0.9477749555068974,0.949479778771198,1449,1449,1449,1449,,5000,5000,1.0,3021694564,20260901
B1_spatial,4.0,per_class,all,micro,energy_raw,0.006435917776362075,0.005913880181168942,0.007024060059068056,1449,1449,1449,1449,,5000,5000,1.0,3021694564,20260901
B1_spatial,4.0,per_class,all,micro,energy_smoothed,0.0013996485357999184,0.0011863594459796654,0.0016434366291189339,1449,1449,1449,1449,,5000,5000,1.0,3021694564,20260901
B1_spatial,4.0,per_class,all,micro,energy_retention,0.15381819952287043,0.1511218465088235,0.15670710649223082,1449,1449,1449,1449,,5000,5000,1.0,3021694564,20260901
B1_spatial,4.0,per_class,all,micro,smoothed_std_over_raw,0.7657431873722352,0.7633552068920281,0.7681577086911439,1449,1449,1449,1449,,5000,5000,1.0,3021694564,20260901
B1_spatial,4.0,per_class,all,micro,linear_solve_relative_residual,6.0687595513551505e-06,6.004547558983764e-06,6.132495800409578e-06,1449,1449,1449,1449,,5000,5000,1.0,3021694564,20260901
B1_spatial,4.0,per_class,all,micro,cg_iterations,15.0,15.0,15.0,1449,1449,1449,1449,,5000,5000,1.0,3021694564,20260901
B1_spatial,4.0,per_class,all,micro,solve_runtime_ms_per_map,0.007876409510159553,0.00784266708916641,0.00791538777163316,1449,1449,1449,1449,,5000,5000,1.0,3021694564,20260901
B1_spatial,4.0,per_class,all,micro,fidelity,0.07406776446239795,0.07190120889830325,0.07630356521100794,1449,1449,1449,1449,,5000,5000,1.0,3021694564,20260901
B1_spatial,4.0,per_class,all,micro,relative_l2_change,0.07406776446239795,0.07190120889830325,0.07630356521100794,1449,1449,1449,1449,,5000,5000,1.0,3021694564,20260901
B1_spatial,4.0,per_class,all,micro,map_pearson,0.9631771352309206,0.9626806844660872,0.9636693645770011,1449,1449,1449,1449,,5000,5000,1.0,3021694564,20260901
B1_spatial,4.0,per_class,all,micro,map_spearman,0.9439140658200897,0.942776175201186,0.9450379905565349,1449,1449,1449,1449,,5000,5000,1.0,3021694564,20260901
B1_spatial,4.0,per_class,all,micro,energy_raw,0.009957076567099824,0.009141937668187503,0.010809139461366472,1449,1449,1449,1449,,5000,5000,1.0,3021694564,20260901
B1_spatial,4.0,per_class,all,micro,energy_smoothed,0.0024586294796390927,0.002142192043603949,0.002792647694166287,1449,1449,1449,1449,,5000,5000,1.0,3021694564,20260901
B1_spatial,4.0,per_class,all,micro,energy_retention,0.16310270837128285,0.15948430401799474,0.1666872826842572,1449,1449,1449,1449,,5000,5000,1.0,3021694564,20260901
B1_spatial,4.0,per_class,all,micro,smoothed_std_over_raw,0.7743132903380094,0.7716967902486287,0.7770257603811592,1449,1449,1449,1449,,5000,5000,1.0,3021694564,20260901
B1_spatial,4.0,per_class,all,micro,linear_solve_relative_residual,5.989736542704071e-06,5.920426433428818e-06,6.057192462478911e-06,1449,1449,1449,1449,,5000,5000,1.0,3021694564,20260901
B1_spatial,4.0,per_class,all,micro,cg_iterations,15.0,15.0,15.0,1449,1449,1449,1449,,5000,5000,1.0,3021694564,20260901
B1_spatial,4.0,per_class,all,micro,solve_runtime_ms_per_map,0.007876409510159553,0.00784266708916641,0.00791538777163316,1449,1449,1449,1449,,5000,5000,1.0,3021694564,20260901
B1_spatial,4.0,per_class,all,micro,fidelity,0.06252792503831303,0.06112321667049242,0.06401028666115675,1449,1449,1449,1449,,5000,5000,1.0,3021694564,20260901
B1_spatial,4.0,per_class,all,micro,relative_l2_change,0.06252792503831303,0.06112321667049242,0.06401028666115675,1449,1449,1449,1449,,5000,5000,1.0,3021694564,20260901
B1_spatial,4.0,per_class,all,micro,map_pearson,0.9678759589698744,0.9675186529395661,0.9682314435167918,1449,1449,1449,1449,,5000,5000,1.0,3021694564,20260901
B1_spatial,4.0,per_class,all,micro,map_spearman,0.9505085667879356,0.9496062741444553,0.9514314633544105,1449,1449,1449,1449,,5000,5000,1.0,3021694564,20260901
B1_spatial,4.0,per_class,all,micro,energy_raw,0.006393511016680258,0.00595584542510547,0.006869880416577719,1449,1449,1449,1449,,5000,5000,1.0,3021694564,20260901
B1_spatial,4.0,per_class,all,micro,energy_smoothed,0.001376482092993854,0.0012104100979154033,0.001557439858732284,1449,1449,1449,1449,,5000,5000,1.0,3021694564,20260901
B1_spatial,4.0,per_class,all,micro,energy_retention,0.15512644440408738,0.15207748291930448,0.15828291959482135,1449,1449,1449,1449,,5000,5000,1.0,3021694564,20260901
B1_spatial,4.0,per_class,all,micro,smoothed_std_over_raw,0.7708316874800262,0.7684639092938418,0.7731967483258313,1449,1449,1449,1449,,5000,5000,1.0,3021694564,20260901
B1_spatial,4.0,per_class,all,micro,linear_solve_relative_residual,6.0620379059687096e-06,6.00074855330806e-06,6.124850302332814e-06,1449,1449,1449,1449,,5000,5000,1.0,3021694564,20260901
B1_spatial,4.0,per_class,all,micro,cg_iterations,15.0,15.0,15.0,1449,1449,1449,1449,,5000,5000,1.0,3021694564,20260901
B1_spatial,4.0,per_class,all,micro,solve_runtime_ms_per_map,0.007876409510159553,0.00784266708916641,0.00791538777163316,1449,1449,1449,1449,,5000,5000,1.0,3021694564,20260901
B1_spatial,4.0,per_class,all,micro,fidelity,0.07736212704420665,0.0750414245863483,0.07974716821560743,1449,1449,1449,1449,,5000,5000,1.0,3021694564,20260901
B1_spatial,4.0,per_class,all,micro,relative_l2_change,0.07736212704420665,0.0750414245863483,0.07974716821560743,1449,1449,1449,1449,,5000,5000,1.0,3021694564,20260901
B1_spatial,4.0,per_class,all,micro,map_pearson,0.9643890666418687,0.963850420591048,0.9649041876114591,1449,1449,1449,1449,,5000,5000,1.0,3021694564,20260901
B1_spatial,4.0,per_class,all,micro,map_spearman,0.9492712988781057,0.9483285192562186,0.9501756153512281,1449,1449,1449,1449,,5000,5000,1.0,3021694564,20260901
B1_spatial,4.0,per_class,all,micro,energy_raw,0.01111014053550741,0.010239166576292216,0.01202550827914973,1449,1449,1449,1449,,5000,5000,1.0,3021694564,20260901
B1_spatial,4.0,per_class,all,micro,energy_smoothed,0.0026394073457470463,0.002350782506140713,0.002941537778831447,1449,1449,1449,1449,,5000,5000,1.0,3021694564,20260901
B1_spatial,4.0,per_class,all,micro,energy_retention,0.16901714057552972,0.16540833459145102,0.17270540209760885,1449,1449,1449,1449,,5000,5000,1.0,3021694564,20260901
B1_spatial,4.0,per_class,all,micro,smoothed_std_over_raw,0.7805705794060617,0.7779271851435787,0.7832097422005062,1449,1449,1449,1449,,5000,5000,1.0,3021694564,20260901
B1_spatial,4.0,per_class,all,micro,linear_solve_relative_residual,6.3260002612405185e-06,6.253416547573945e-06,6.394108939206881e-06,1449,1449,1449,1449,,5000,5000,1.0,3021694564,20260901
B1_spatial,4.0,per_class,all,micro,cg_iterations,15.0,15.0,15.0,1449,1449,1449,1449,,5000,5000,1.0,3021694564,20260901
B1_spatial,4.0,per_class,all,micro,solve_runtime_ms_per_map,0.007876409510159553,0.00784266708916641,0.00791538777163316,1449,1449,1449,1449,,5000,5000,1.0,3021694564,20260901
B1_spatial,4.0,per_class,all,micro,fidelity,0.06275882389399,0.061379002157876394,0.06425305707399458,1449,1449,1449,1449,,5000,5000,1.0,3021694564,20260901
B1_spatial,4.0,per_class,all,micro,relative_l2_change,0.06275882389399,0.061379002157876394,0.06425305707399458,1449,1449,1449,1449,,5000,5000,1.0,3021694564,20260901
B1_spatial,4.0,per_class,all,micro,map_pearson,0.9652433647954768,0.9647939774632618,0.9656791202616001,1449,1449,1449,1449,,5000,5000,1.0,3021694564,20260901
B1_spatial,4.0,per_class,all,micro,map_spearman,0.9480104090181855,0.9471028771027769,0.9489061376466843,1449,1449,1449,1449,,5000,5000,1.0,3021694564,20260901
B1_spatial,4.0,per_class,all,micro,energy_raw,0.006466636490436712,0.006023816958561011,0.006965373881337804,1449,1449,1449,1449,,5000,5000,1.0,3021694564,20260901
B1_spatial,4.0,per_class,all,micro,energy_smoothed,0.001515558365126413,0.0013272128296525879,0.001724159794548886,1449,1449,1449,1449,,5000,5000,1.0,3021694564,20260901
B1_spatial,4.0,per_class,all,micro,energy_retention,0.15963789794447505,0.15589893775355143,0.1635735754039347,1449,1449,1449,1449,,5000,5000,1.0,3021694564,20260901
B1_spatial,4.0,per_class,all,micro,smoothed_std_over_raw,0.7705585988658802,0.7681425918487536,0.7729923672588469,1449,1449,1449,1449,,5000,5000,1.0,3021694564,20260901
B1_spatial,4.0,per_class,all,micro,linear_solve_relative_residual,6.081894781867503e-06,6.016750678269082e-06,6.145490746973988e-06,1449,1449,1449,1449,,5000,5000,1.0,3021694564,20260901
B1_spatial,4.0,per_class,all,micro,cg_iterations,15.0,15.0,15.0,1449,1449,1449,1449,,5000,5000,1.0,3021694564,20260901
B1_spatial,4.0,per_class,all,micro,solve_runtime_ms_per_map,0.007876409510159553,0.00784266708916641,0.00791538777163316,1449,1449,1449,1449,,5000,5000,1.0,3021694564,20260901
B1_spatial,4.0,per_class,all,micro,fidelity,0.08669035071397832,0.0838515427655793,0.08977577597136802,1449,1449,1449,1449,,5000,5000,1.0,3021694564,20260901
B1_spatial,4.0,per_class,all,micro,relative_l2_change,0.08669035071397832,0.0838515427655793,0.08977577597136802,1449,1449,1449,1449,,5000,5000,1.0,3021694564,20260901
B1_spatial,4.0,per_class,all,micro,map_pearson,0.9641518721998437,0.9636447551097846,0.9646459166472167,1449,1449,1449,1449,,5000,5000,1.0,3021694564,20260901
B1_spatial,4.0,per_class,all,micro,map_spearman,0.9454586149249264,0.9443637638656824,0.9464897518202384,1449,1449,1449,1449,,5000,5000,1.0,3021694564,20260901
B1_spatial,4.0,per_class,all,micro,energy_raw,0.014805474197810158,0.013621389356630518,0.016123353357279716,1449,1449,1449,1449,,5000,5000,1.0,3021694564,20260901
B1_spatial,4.0,per_class,all,micro,energy_smoothed,0.004056148246264332,0.003601537770370636,0.004543081955532402,1449,1449,1449,1449,,5000,5000,1.0,3021694564,20260901
B1_spatial,4.0,per_class,all,micro,energy_retention,0.1713861027479254,0.16726281378942678,0.17575025377297623,1449,1449,1449,1449,,5000,5000,1.0,3021694564,20260901
B1_spatial,4.0,per_class,all,micro,smoothed_std_over_raw,0.7729099342706205,0.7702340639207264,0.7755636110140834,1449,1449,1449,1449,,5000,5000,1.0,3021694564,20260901
B1_spatial,4.0,per_class,all,micro,linear_solve_relative_residual,6.262148131529775e-06,6.191832231148941e-06,6.329023798588561e-06,1449,1449,1449,1449,,5000,5000,1.0,3021694564,20260901
B1_spatial,4.0,per_class,all,micro,cg_iterations,15.0,15.0,15.0,1449,1449,1449,1449,,5000,5000,1.0,3021694564,20260901
B1_spatial,4.0,per_class,all,micro,solve_runtime_ms_per_map,0.007876409510159553,0.00784266708916641,0.00791538777163316,1449,1449,1449,1449,,5000,5000,1.0,3021694564,20260901
B1_spatial,4.0,per_class,all,micro,fidelity,0.05944865064282842,0.05785202311828805,0.06117450267094489,1449,1449,1449,1449,,5000,5000,1.0,3021694564,20260901
B1_spatial,4.0,per_class,all,micro,relative_l2_change,0.05944865064282842,0.05785202311828805,0.06117450267094489,1449,1449,1449,1449,,5000,5000,1.0,3021694564,20260901
B1_spatial,4.0,per_class,all,micro,map_pearson,0.9677404382872203,0.9673916814551837,0.9681072711594932,1449,1449,1449,1449,,5000,5000,1.0,3021694564,20260901
B1_spatial,4.0,per_class,all,micro,map_spearman,0.9472065986313435,0.9462046516350914,0.9481992677327186,1449,1449,1449,1449,,5000,5000,1.0,3021694564,20260901
B1_spatial,4.0,per_class,all,micro,energy_raw,0.006280327728773378,0.005689001639367655,0.0069325529003274496,1449,1449,1449,1449,,5000,5000,1.0,3021694564,20260901
B1_spatial,4.0,per_class,all,micro,energy_smoothed,0.0016119848263270484,0.0013558652353425566,0.001890014690968098,1449,1449,1449,1449,,5000,5000,1.0,3021694564,20260901
B1_spatial,4.0,per_class,all,micro,energy_retention,0.15474307977737764,0.15121617304782073,0.15841573888128732,1449,1449,1449,1449,,5000,5000,1.0,3021694564,20260901
B1_spatial,4.0,per_class,all,micro,smoothed_std_over_raw,0.7690874505980908,0.766926916484548,0.7712907709474396,1449,1449,1449,1449,,5000,5000,1.0,3021694564,20260901
B1_spatial,4.0,per_class,all,micro,linear_solve_relative_residual,5.848325349986964e-06,5.788441946780191e-06,5.908667926085273e-06,1449,1449,1449,1449,,5000,5000,1.0,3021694564,20260901
B1_spatial,4.0,per_class,all,micro,cg_iterations,15.0,15.0,15.0,1449,1449,1449,1449,,5000,5000,1.0,3021694564,20260901
B1_spatial,4.0,per_class,all,micro,solve_runtime_ms_per_map,0.007876409510159553,0.00784266708916641,0.00791538777163316,1449,1449,1449,1449,,5000,5000,1.0,3021694564,20260901
B1_spatial,4.0,per_class,all,micro,fidelity,0.06733668049227953,0.065532726289099,0.06925413615184048,1449,1449,1449,1449,,5000,5000,1.0,3021694564,20260901
B1_spatial,4.0,per_class,all,micro,relative_l2_change,0.06733668049227953,0.065532726289099,0.06925413615184048,1449,1449,1449,1449,,5000,5000,1.0,3021694564,20260901
B1_spatial,4.0,per_class,all,micro,map_pearson,0.9645861301691965,0.9641046084551008,0.9650558443059997,1449,1449,1449,1449,,5000,5000,1.0,3021694564,20260901
B1_spatial,4.0,per_class,all,micro,map_spearman,0.9474451985336156,0.9463721594485931,0.9485047314570557,1449,1449,1449,1449,,5000,5000,1.0,3021694564,20260901
B1_spatial,4.0,per_class,all,micro,energy_raw,0.007938180970101315,0.007242717637284867,0.008696668813621472,1449,1449,1449,1449,,5000,5000,1.0,3021694564,20260901
B1_spatial,4.0,per_class,all,micro,energy_smoothed,0.0018110055820852533,0.0015635065013376204,0.002088626552087465,1449,1449,1449,1449,,5000,5000,1.0,3021694564,20260901
B1_spatial,4.0,per_class,all,micro,energy_retention,0.1554913011767109,0.1526245630096215,0.15840013035328185,1449,1449,1449,1449,,5000,5000,1.0,3021694564,20260901
B1_spatial,4.0,per_class,all,micro,smoothed_std_over_raw,0.7672906826495137,0.7648230816760172,0.7697391576895309,1449,1449,1449,1449,,5000,5000,1.0,3021694564,20260901
B1_spatial,4.0,per_class,all,micro,linear_solve_relative_residual,6.1378686197570144e-06,6.070612592944107e-06,6.20432898559256e-06,1449,1449,1449,1449,,5000,5000,1.0,3021694564,20260901
B1_spatial,4.0,per_class,all,micro,cg_iterations,15.0,15.0,15.0,1449,1449,1449,1449,,5000,5000,1.0,3021694564,20260901
B1_spatial,4.0,per_class,all,micro,solve_runtime_ms_per_map,0.007876409510159553,0.00784266708916641,0.00791538777163316,1449,1449,1449,1449,,5000,5000,1.0,3021694564,20260901
B1_spatial,4.0,per_class,all,micro,fidelity,0.06910594302345918,0.0675958513297665,0.0707366229549148,1449,1449,1449,1449,,5000,5000,1.0,3021694564,20260901
B1_spatial,4.0,per_class,all,micro,relative_l2_change,0.06910594302345918,0.0675958513297665,0.0707366229549148,1449,1449,1449,1449,,5000,5000,1.0,3021694564,20260901
B1_spatial,4.0,per_class,all,micro,map_pearson,0.963885511917604,0.9633725160860126,0.9644187355171079,1449,1449,1449,1449,,5000,5000,1.0,3021694564,20260901
B1_spatial,4.0,per_class,all,micro,map_spearman,0.9469534759689315,0.9459184417597503,0.9479999596812216,1449,1449,1449,1449,,5000,5000,1.0,3021694564,20260901
B1_spatial,4.0,per_class,all,micro,energy_raw,0.007945276000630174,0.007416845416562443,0.008518270449556204,1449,1449,1449,1449,,5000,5000,1.0,3021694564,20260901
B1_spatial,4.0,per_class,all,micro,energy_smoothed,0.0020057033753500425,0.0017620410107375259,0.002272809301607145,1449,1449,1449,1449,,5000,5000,1.0,3021694564,20260901
B1_spatial,4.0,per_class,all,micro,energy_retention,0.1659129034853788,0.16151413228851277,0.1707805784443603,1449,1449,1449,1449,,5000,5000,1.0,3021694564,20260901
B1_spatial,4.0,per_class,all,micro,smoothed_std_over_raw,0.7691669915773853,0.7663898499681261,0.7720796702770301,1449,1449,1449,1449,,5000,5000,1.0,3021694564,20260901
B1_spatial,4.0,per_class,all,micro,linear_solve_relative_residual,6.382662257719877e-06,6.312955140277006e-06,6.4493989457696695e-06,1449,1449,1449,1449,,5000,5000,1.0,3021694564,20260901
B1_spatial,4.0,per_class,all,micro,cg_iterations,15.0,15.0,15.0,1449,1449,1449,1449,,5000,5000,1.0,3021694564,20260901
B1_spatial,4.0,per_class,all,micro,solve_runtime_ms_per_map,0.007876409510159553,0.00784266708916641,0.00791538777163316,1449,1449,1449,1449,,5000,5000,1.0,3021694564,20260901
B1_spatial,4.0,per_class,all,micro,fidelity,0.06386316362241369,0.06242893547696377,0.06534895372594365,1449,1449,1449,1449,,5000,5000,1.0,3021694564,20260901
B1_spatial,4.0,per_class,all,micro,relative_l2_change,0.06386316362241369,0.06242893547696377,0.06534895372594365,1449,1449,1449,1449,,5000,5000,1.0,3021694564,20260901
B1_spatial,4.0,per_class,all,micro,map_pearson,0.9641001354504487,0.9636743243189826,0.9645108719677082,1449,1449,1449,1449,,5000,5000,1.0,3021694564,20260901
B1_spatial,4.0,per_class,all,micro,map_spearman,0.9459323996177947,0.9448994568344063,0.9469165252582051,1449,1449,1449,1449,,5000,5000,1.0,3021694564,20260901
B1_spatial,4.0,per_class,all,micro,energy_raw,0.006688896010021163,0.006193109137774011,0.007227860219292812,1449,1449,1449,1449,,5000,5000,1.0,3021694564,20260901
B1_spatial,4.0,per_class,all,micro,energy_smoothed,0.0014263851123069316,0.0012441783848071112,0.001616879268337029,1449,1449,1449,1449,,5000,5000,1.0,3021694564,20260901
B1_spatial,4.0,per_class,all,micro,energy_retention,0.150769769651796,0.1476234899570277,0.1540526559976173,1449,1449,1449,1449,,5000,5000,1.0,3021694564,20260901
B1_spatial,4.0,per_class,all,micro,smoothed_std_over_raw,0.7621582114260471,0.7599367677743802,0.7644877239845801,1449,1449,1449,1449,,5000,5000,1.0,3021694564,20260901
B1_spatial,4.0,per_class,all,micro,linear_solve_relative_residual,6.150118620528465e-06,6.089067081117623e-06,6.212945222733765e-06,1449,1449,1449,1449,,5000,5000,1.0,3021694564,20260901
B1_spatial,4.0,per_class,all,micro,cg_iterations,15.0,15.0,15.0,1449,1449,1449,1449,,5000,5000,1.0,3021694564,20260901
B1_spatial,4.0,per_class,all,micro,solve_runtime_ms_per_map,0.007876409510159553,0.00784266708916641,0.00791538777163316,1449,1449,1449,1449,,5000,5000,1.0,3021694564,20260901
B1_spatial,4.0,per_class,all,micro,fidelity,0.06514562944077557,0.06368629488871633,0.06663355740176719,1449,1449,1449,1449,,5000,5000,1.0,3021694564,20260901
B1_spatial,4.0,per_class,all,micro,relative_l2_change,0.06514562944077557,0.06368629488871633,0.06663355740176719,1449,1449,1449,1449,,5000,5000,1.0,3021694564,20260901
B1_spatial,4.0,per_class,all,micro,map_pearson,0.9650359349550256,0.9645719501768992,0.9654965068808171,1449,1449,1449,1449,,5000,5000,1.0,3021694564,20260901
B1_spatial,4.0,per_class,all,micro,map_spearman,0.9455390934947444,0.9444567815230335,0.9465705306191458,1449,1449,1449,1449,,5000,5000,1.0,3021694564,20260901
B1_spatial,4.0,per_class,all,micro,energy_raw,0.006977521766040132,0.006507174892552207,0.007463587284641851,1449,1449,1449,1449,,5000,5000,1.0,3021694564,20260901
B1_spatial,4.0,per_class,all,micro,energy_smoothed,0.0015886182731650242,0.001389477341449307,0.0017884400458301228,1449,1449,1449,1449,,5000,5000,1.0,3021694564,20260901
B1_spatial,4.0,per_class,all,micro,energy_retention,0.1531176589496223,0.14947360084064978,0.15677482465846404,1449,1449,1449,1449,,5000,5000,1.0,3021694564,20260901
B1_spatial,4.0,per_class,all,micro,smoothed_std_over_raw,0.7655507385771878,0.7629238896940889,0.7681848757529439,1449,1449,1449,1449,,5000,5000,1.0,3021694564,20260901
B1_spatial,4.0,per_class,all,micro,linear_solve_relative_residual,6.036361658191893e-06,5.97177823945099e-06,6.099164662685477e-06,1449,1449,1449,1449,,5000,5000,1.0,3021694564,20260901
B1_spatial,4.0,per_class,all,micro,cg_iterations,15.0,15.0,15.0,1449,1449,1449,1449,,5000,5000,1.0,3021694564,20260901
B1_spatial,4.0,per_class,all,micro,solve_runtime_ms_per_map,0.007876409510159553,0.00784266708916641,0.00791538777163316,1449,1449,1449,1449,,5000,5000,1.0,3021694564,20260901
B1_spatial,4.0,per_class,all,micro,fidelity,0.11092426056611776,0.10751303704744726,0.11425631580304861,1449,1449,1449,1449,,5000,5000,1.0,3021694564,20260901
B1_spatial,4.0,per_class,all,micro,relative_l2_change,0.11092426056611776,0.10751303704744726,0.11425631580304861,1449,1449,1449,1449,,5000,5000,1.0,3021694564,20260901
B1_spatial,4.0,per_class,all,micro,map_pearson,0.9635257514860812,0.962783700272986,0.9642679341286523,1449,1449,1449,1449,,5000,5000,1.0,3021694564,20260901
B1_spatial,4.0,per_class,all,micro,map_spearman,0.9496935188893699,0.9487019173888357,0.9506829772028864,1449,1449,1449,1449,,5000,5000,1.0,3021694564,20260901
B1_spatial,4.0,per_class,all,micro,energy_raw,0.0222429568860667,0.020734521377083072,0.023750811653348934,1449,1449,1449,1449,,5000,5000,1.0,3021694564,20260901
B1_spatial,4.0,per_class,all,micro,energy_smoothed,0.006553104714809591,0.0060216413256681325,0.007091616968723676,1449,1449,1449,1449,,5000,5000,1.0,3021694564,20260901
B1_spatial,4.0,per_class,all,micro,energy_retention,0.21823821616859745,0.21244547040393902,0.22414224209640563,1449,1449,1449,1449,,5000,5000,1.0,3021694564,20260901
B1_spatial,4.0,per_class,all,micro,smoothed_std_over_raw,0.7891670038487847,0.7858241686087135,0.792583650674509,1449,1449,1449,1449,,5000,5000,1.0,3021694564,20260901
B1_spatial,4.0,per_class,all,micro,linear_solve_relative_residual,6.194024149141746e-06,6.119706300354203e-06,6.26987574964221e-06,1449,1449,1449,1449,,5000,5000,1.0,3021694564,20260901
B1_spatial,4.0,per_class,all,micro,cg_iterations,15.0,15.0,15.0,1449,1449,1449,1449,,5000,5000,1.0,3021694564,20260901
B1_spatial,4.0,per_class,all,micro,solve_runtime_ms_per_map,0.007876409510159553,0.00784266708916641,0.00791538777163316,1449,1449,1449,1449,,5000,5000,1.0,3021694564,20260901
B1_spatial,4.0,per_class,all,micro,fidelity,0.07759246755882408,0.07556778989170515,0.07980331051818322,1449,1449,1449,1449,,5000,5000,1.0,3021694564,20260901
B1_spatial,4.0,per_class,all,micro,relative_l2_change,0.07759246755882408,0.07556778989170515,0.07980331051818322,1449,1449,1449,1449,,5000,5000,1.0,3021694564,20260901
B1_spatial,4.0,per_class,all,micro,map_pearson,0.9615645287282061,0.9610053937339718,0.9621011636631912,1449,1449,1449,1449,,5000,5000,1.0,3021694564,20260901
B1_spatial,4.0,per_class,all,micro,map_spearman,0.9453096016675872,0.9442975846023458,0.9462632207715405,1449,1449,1449,1449,,5000,5000,1.0,3021694564,20260901
B1_spatial,4.0,per_class,all,micro,energy_raw,0.010750137634570224,0.009957915669991785,0.011624457153372448,1449,1449,1449,1449,,5000,5000,1.0,3021694564,20260901
B1_spatial,4.0,per_class,all,micro,energy_smoothed,0.0023850912078168195,0.0021174550505257063,0.002689694143098299,1449,1449,1449,1449,,5000,5000,1.0,3021694564,20260901
B1_spatial,4.0,per_class,all,micro,energy_retention,0.15439896077287862,0.15104729042518975,0.15776689722491305,1449,1449,1449,1449,,5000,5000,1.0,3021694564,20260901
B1_spatial,4.0,per_class,all,micro,smoothed_std_over_raw,0.7718445020268258,0.7690437053517278,0.7745202549640025,1449,1449,1449,1449,,5000,5000,1.0,3021694564,20260901
B1_spatial,4.0,per_class,all,micro,linear_solve_relative_residual,6.272964550849533e-06,6.203833458070776e-06,6.343194158801448e-06,1449,1449,1449,1449,,5000,5000,1.0,3021694564,20260901
B1_spatial,4.0,per_class,all,micro,cg_iterations,15.0,15.0,15.0,1449,1449,1449,1449,,5000,5000,1.0,3021694564,20260901
B1_spatial,4.0,per_class,all,micro,solve_runtime_ms_per_map,0.007876409510159553,0.00784266708916641,0.00791538777163316,1449,1449,1449,1449,,5000,5000,1.0,3021694564,20260901
B1_spatial,4.0,per_class,all,micro,fidelity,0.059551382436062894,0.05850693448591306,0.06065611641698506,1449,1449,1449,1449,,5000,5000,1.0,3021694564,20260901
B1_spatial,4.0,per_class,all,micro,relative_l2_change,0.059551382436062894,0.05850693448591306,0.06065611641698506,1449,1449,1449,1449,,5000,5000,1.0,3021694564,20260901
B1_spatial,4.0,per_class,all,micro,map_pearson,0.9642897906428456,0.9638888684622661,0.9646886217287691,1449,1449,1449,1449,,5000,5000,1.0,3021694564,20260901
B1_spatial,4.0,per_class,all,micro,map_spearman,0.946223557201067,0.9451579425224277,0.9472331849962288,1449,1449,1449,1449,,5000,5000,1.0,3021694564,20260901
B1_spatial,4.0,per_class,all,micro,energy_raw,0.005394981875970672,0.005067931797665212,0.005758246023698309,1449,1449,1449,1449,,5000,5000,1.0,3021694564,20260901
B1_spatial,4.0,per_class,all,micro,energy_smoothed,0.0010218285525900879,0.0009049210628368725,0.0011550958018513927,1449,1449,1449,1449,,5000,5000,1.0,3021694564,20260901
B1_spatial,4.0,per_class,all,micro,energy_retention,0.15177718556651254,0.14909566811345687,0.15439654813052311,1449,1449,1449,1449,,5000,5000,1.0,3021694564,20260901
B1_spatial,4.0,per_class,all,micro,smoothed_std_over_raw,0.7661638206823519,0.7639212642458901,0.7684688316461462,1449,1449,1449,1449,,5000,5000,1.0,3021694564,20260901
B1_spatial,4.0,per_class,all,micro,linear_solve_relative_residual,6.129956727473134e-06,6.067711825506061e-06,6.194591971590816e-06,1449,1449,1449,1449,,5000,5000,1.0,3021694564,20260901
B1_spatial,4.0,per_class,all,micro,cg_iterations,15.0,15.0,15.0,1449,1449,1449,1449,,5000,5000,1.0,3021694564,20260901
B1_spatial,4.0,per_class,all,micro,solve_runtime_ms_per_map,0.007876409510159553,0.00784266708916641,0.00791538777163316,1449,1449,1449,1449,,5000,5000,1.0,3021694564,20260901
B1_spatial,4.0,per_class,all,micro,fidelity,0.07527168537313318,0.07273848323476693,0.0780902426569029,1449,1449,1449,1449,,5000,5000,1.0,3021694564,20260901
B1_spatial,4.0,per_class,all,micro,relative_l2_change,0.07527168537313318,0.07273848323476693,0.0780902426569029,1449,1449,1449,1449,,5000,5000,1.0,3021694564,20260901
B1_spatial,4.0,per_class,all,micro,map_pearson,0.9654056731382676,0.9649662237092492,0.9658503337676481,1449,1449,1449,1449,,5000,5000,1.0,3021694564,20260901
B1_spatial,4.0,per_class,all,micro,map_spearman,0.9458820020601287,0.944772907014836,0.9469679869706257,1449,1449,1449,1449,,5000,5000,1.0,3021694564,20260901
B1_spatial,4.0,per_class,all,micro,energy_raw,0.011132027114531973,0.010098342718553711,0.012299771747030277,1449,1449,1449,1449,,5000,5000,1.0,3021694564,20260901
B1_spatial,4.0,per_class,all,micro,energy_smoothed,0.0032155766911517694,0.0027847615854237574,0.0037079310448891235,1449,1449,1449,1449,,5000,5000,1.0,3021694564,20260901
B1_spatial,4.0,per_class,all,micro,energy_retention,0.16839493591058163,0.1642231170564962,0.17287627251637525,1449,1449,1449,1449,,5000,5000,1.0,3021694564,20260901
B1_spatial,4.0,per_class,all,micro,smoothed_std_over_raw,0.7686561304507706,0.7661659465607814,0.7711530671973652,1449,1449,1449,1449,,5000,5000,1.0,3021694564,20260901
B1_spatial,4.0,per_class,all,micro,linear_solve_relative_residual,6.097751548642367e-06,6.032026920189533e-06,6.162547161465038e-06,1449,1449,1449,1449,,5000,5000,1.0,3021694564,20260901
B1_spatial,4.0,per_class,all,micro,cg_iterations,15.0,15.0,15.0,1449,1449,1449,1449,,5000,5000,1.0,3021694564,20260901
B1_spatial,4.0,per_class,all,micro,solve_runtime_ms_per_map,0.007876409510159553,0.00784266708916641,0.00791538777163316,1449,1449,1449,1449,,5000,5000,1.0,3021694564,20260901
B1_spatial,4.0,per_class,all,micro,fidelity,0.05804935630135819,0.056829965813888855,0.059311885805061415,1449,1449,1449,1449,,5000,5000,1.0,3021694564,20260901
B1_spatial,4.0,per_class,all,micro,relative_l2_change,0.05804935630135819,0.056829965813888855,0.059311885805061415,1449,1449,1449,1449,,5000,5000,1.0,3021694564,20260901
B1_spatial,4.0,per_class,all,micro,map_pearson,0.9673412510902821,0.9669687771865053,0.9677091803537968,1449,1449,1449,1449,,5000,5000,1.0,3021694564,20260901
B1_spatial,4.0,per_class,all,micro,map_spearman,0.950466827823015,0.9495569392030941,0.951351732930864,1449,1449,1449,1449,,5000,5000,1.0,3021694564,20260901
B1_spatial,4.0,per_class,all,micro,energy_raw,0.0053733743537118395,0.0049774016077802,0.0058076667180879385,1449,1449,1449,1449,,5000,5000,1.0,3021694564,20260901
B1_spatial,4.0,per_class,all,micro,energy_smoothed,0.0011238579617132251,0.0009630038923203064,0.001300739064071798,1449,1449,1449,1449,,5000,5000,1.0,3021694564,20260901
B1_spatial,4.0,per_class,all,micro,energy_retention,0.1542304490684558,0.15156405403544218,0.15686147935236008,1449,1449,1449,1449,,5000,5000,1.0,3021694564,20260901
B1_spatial,4.0,per_class,all,micro,smoothed_std_over_raw,0.7698656806376493,0.7676194319988713,0.7721311134930888,1449,1449,1449,1449,,5000,5000,1.0,3021694564,20260901
B1_spatial,4.0,per_class,all,micro,linear_solve_relative_residual,5.928286254493036e-06,5.868301608241826e-06,5.989592569300486e-06,1449,1449,1449,1449,,5000,5000,1.0,3021694564,20260901
B1_spatial,4.0,per_class,all,micro,cg_iterations,15.0,15.0,15.0,1449,1449,1449,1449,,5000,5000,1.0,3021694564,20260901
B1_spatial,4.0,per_class,all,micro,solve_runtime_ms_per_map,0.007876409510159553,0.00784266708916641,0.00791538777163316,1449,1449,1449,1449,,5000,5000,1.0,3021694564,20260901
B1_spatial,4.0,per_class,all,micro,fidelity,0.06806294225912163,0.0663741167817905,0.06978346402438716,1449,1449,1449,1449,,5000,5000,1.0,3021694564,20260901
B1_spatial,4.0,per_class,all,micro,relative_l2_change,0.06806294225912163,0.0663741167817905,0.06978346402438716,1449,1449,1449,1449,,5000,5000,1.0,3021694564,20260901
B1_spatial,4.0,per_class,all,micro,map_pearson,0.9655663644222657,0.9651168573984531,0.9659999314754728,1449,1449,1449,1449,,5000,5000,1.0,3021694564,20260901
B1_spatial,4.0,per_class,all,micro,map_spearman,0.9474643259068207,0.9464574350446483,0.9484659100181485,1449,1449,1449,1449,,5000,5000,1.0,3021694564,20260901
B1_spatial,4.0,per_class,all,micro,energy_raw,0.00786857993076533,0.00728543670919918,0.008496688443451047,1449,1449,1449,1449,,5000,5000,1.0,3021694564,20260901
B1_spatial,4.0,per_class,all,micro,energy_smoothed,0.0017446198658685067,0.001525820088361702,0.001979835585795449,1449,1449,1449,1449,,5000,5000,1.0,3021694564,20260901
B1_spatial,4.0,per_class,all,micro,energy_retention,0.15970962917788264,0.15670898943545594,0.16277439519467335,1449,1449,1449,1449,,5000,5000,1.0,3021694564,20260901
B1_spatial,4.0,per_class,all,micro,smoothed_std_over_raw,0.7740585577742982,0.7717281739390085,0.7763975837349563,1449,1449,1449,1449,,5000,5000,1.0,3021694564,20260901
B1_spatial,4.0,per_class,all,micro,linear_solve_relative_residual,6.246219549979943e-06,6.174005877233412e-06,6.315379557091478e-06,1449,1449,1449,1449,,5000,5000,1.0,3021694564,20260901
B1_spatial,4.0,per_class,all,micro,cg_iterations,15.0,15.0,15.0,1449,1449,1449,1449,,5000,5000,1.0,3021694564,20260901
B1_spatial,4.0,per_class,all,micro,solve_runtime_ms_per_map,0.007876409510159553,0.00784266708916641,0.00791538777163316,1449,1449,1449,1449,,5000,5000,1.0,3021694564,20260901
B2_feature,0.25,all_class_maps,all,micro,fidelity,0.014591497014610263,0.014464094219595937,0.014728892478402792,1449,1449,28980,28980,,5000,5000,1.0,3021694564,20260901
B2_feature,0.25,all_class_maps,all,micro,relative_l2_change,0.014591497014610263,0.014464094219595937,0.014728892478402792,1449,1449,28980,28980,,5000,5000,1.0,3021694564,20260901
B2_feature,0.25,all_class_maps,all,micro,map_pearson,0.998110010372597,0.9980866206648681,0.9981323331260759,1449,1449,28980,28980,,5000,5000,1.0,3021694564,20260901
B2_feature,0.25,all_class_maps,all,micro,map_spearman,0.996993407140196,0.9969457699718395,0.9970398032781459,1449,1449,28980,28980,,5000,5000,1.0,3021694564,20260901
B2_feature,0.25,all_class_maps,all,micro,energy_raw,0.008956597696880028,0.008721826173557897,0.009209081520289037,1449,1449,28980,28980,,5000,5000,1.0,3021694564,20260901
B2_feature,0.25,all_class_maps,all,micro,energy_smoothed,0.00678351507155807,0.006591937092678569,0.006988427935059806,1449,1449,28980,28980,,5000,5000,1.0,3021694564,20260901
B2_feature,0.25,all_class_maps,all,micro,energy_retention,0.7032421944098608,0.7021092812389937,0.7043683024471159,1449,1449,28980,28980,,5000,5000,1.0,3021694564,20260901
B2_feature,0.25,all_class_maps,all,micro,smoothed_std_over_raw,0.9592175762146568,0.9589612110583349,0.9594751524682535,1449,1449,28980,28980,,5000,5000,1.0,3021694564,20260901
B2_feature,0.25,all_class_maps,all,micro,linear_solve_relative_residual,5.239949007952056e-06,5.2115386907320384e-06,5.268398643267471e-06,1449,1449,28980,28980,,5000,5000,1.0,3021694564,20260901
B2_feature,0.25,all_class_maps,all,micro,cg_iterations,5.0,5.0,5.0,1449,1449,28980,28980,,5000,5000,1.0,3021694564,20260901
B2_feature,0.25,all_class_maps,all,micro,solve_runtime_ms_per_map,0.003304701802057899,0.003290499138503329,0.0033208765213995693,1449,1449,28980,28980,,5000,5000,1.0,3021694564,20260901
B2_feature,0.25,all_class_maps,all,macro_class,fidelity,0.014591497014610266,0.01446409421959594,0.014728892478402792,1449,1449,28980,28980,20,5000,5000,1.0,3021694564,20260901
B2_feature,0.25,all_class_maps,all,macro_class,relative_l2_change,0.014591497014610266,0.01446409421959594,0.014728892478402792,1449,1449,28980,28980,20,5000,5000,1.0,3021694564,20260901
B2_feature,0.25,all_class_maps,all,macro_class,map_pearson,0.998110010372597,0.998086620664868,0.9981323331260759,1449,1449,28980,28980,20,5000,5000,1.0,3021694564,20260901
B2_feature,0.25,all_class_maps,all,macro_class,map_spearman,0.996993407140196,0.9969457699718395,0.9970398032781459,1449,1449,28980,28980,20,5000,5000,1.0,3021694564,20260901
B2_feature,0.25,all_class_maps,all,macro_class,energy_raw,0.008956597696880026,0.008721826173557897,0.009209081520289037,1449,1449,28980,28980,20,5000,5000,1.0,3021694564,20260901
B2_feature,0.25,all_class_maps,all,macro_class,energy_smoothed,0.006783515071558069,0.00659193709267857,0.006988427935059807,1449,1449,28980,28980,20,5000,5000,1.0,3021694564,20260901
B2_feature,0.25,all_class_maps,all,macro_class,energy_retention,0.7032421944098607,0.7021092812389937,0.7043683024471159,1449,1449,28980,28980,20,5000,5000,1.0,3021694564,20260901
B2_feature,0.25,all_class_maps,all,macro_class,smoothed_std_over_raw,0.9592175762146568,0.9589612110583351,0.9594751524682537,1449,1449,28980,28980,20,5000,5000,1.0,3021694564,20260901
B2_feature,0.25,all_class_maps,all,macro_class,linear_solve_relative_residual,5.2399490079520566e-06,5.211538690732038e-06,5.26839864326747e-06,1449,1449,28980,28980,20,5000,5000,1.0,3021694564,20260901
B2_feature,0.25,all_class_maps,all,macro_class,cg_iterations,5.0,5.0,5.0,1449,1449,28980,28980,20,5000,5000,1.0,3021694564,20260901
B2_feature,0.25,all_class_maps,all,macro_class,solve_runtime_ms_per_map,0.0033047018020579003,0.0032904991385033283,0.0033208765213995693,1449,1449,28980,28980,20,5000,5000,1.0,3021694564,20260901
B2_feature,0.25,all_class_maps,single_label,micro,fidelity,0.013615050389629336,0.013465199651915687,0.013762803726724476,927,927,18540,18540,,5000,5000,1.0,3021694564,20260901
B2_feature,0.25,all_class_maps,single_label,micro,relative_l2_change,0.013615050389629336,0.013465199651915687,0.013762803726724476,927,927,18540,18540,,5000,5000,1.0,3021694564,20260901
B2_feature,0.25,all_class_maps,single_label,micro,map_pearson,0.9980934844690876,0.9980629132474254,0.9981236084841569,927,927,18540,18540,,5000,5000,1.0,3021694564,20260901
B2_feature,0.25,all_class_maps,single_label,micro,map_spearman,0.9968026878571433,0.9967344199671554,0.9968662514949083,927,927,18540,18540,,5000,5000,1.0,3021694564,20260901
B2_feature,0.25,all_class_maps,single_label,micro,energy_raw,0.007069171715664407,0.006839880156581145,0.00729974142602533,927,927,18540,18540,,5000,5000,1.0,3021694564,20260901
B2_feature,0.25,all_class_maps,single_label,micro,energy_smoothed,0.005208996312330832,0.005026461370303139,0.005393067256753404,927,927,18540,18540,,5000,5000,1.0,3021694564,20260901
B2_feature,0.25,all_class_maps,single_label,micro,energy_retention,0.6960090076749764,0.6946869242475836,0.6973472366744838,927,927,18540,18540,,5000,5000,1.0,3021694564,20260901
B2_feature,0.25,all_class_maps,single_label,micro,smoothed_std_over_raw,0.9581707729651575,0.9578470181594195,0.9584908123592472,927,927,18540,18540,,5000,5000,1.0,3021694564,20260901
B2_feature,0.25,all_class_maps,single_label,micro,linear_solve_relative_residual,5.261671683433682e-06,5.22699478219351e-06,5.295546478812703e-06,927,927,18540,18540,,5000,5000,1.0,3021694564,20260901
B2_feature,0.25,all_class_maps,single_label,micro,cg_iterations,5.0,5.0,5.0,927,927,18540,18540,,5000,5000,1.0,3021694564,20260901
B2_feature,0.25,all_class_maps,single_label,micro,solve_runtime_ms_per_map,0.0033057179982301423,0.003288586798270051,0.0033271122911715527,927,927,18540,18540,,5000,5000,1.0,3021694564,20260901
B2_feature,0.25,all_class_maps,single_label,macro_class,fidelity,0.013615050389629336,0.013465199651915685,0.01376280372672448,927,927,18540,18540,20,5000,5000,1.0,3021694564,20260901
B2_feature,0.25,all_class_maps,single_label,macro_class,relative_l2_change,0.013615050389629336,0.013465199651915685,0.01376280372672448,927,927,18540,18540,20,5000,5000,1.0,3021694564,20260901
B2_feature,0.25,all_class_maps,single_label,macro_class,map_pearson,0.9980934844690879,0.9980629132474254,0.9981236084841569,927,927,18540,18540,20,5000,5000,1.0,3021694564,20260901
B2_feature,0.25,all_class_maps,single_label,macro_class,map_spearman,0.9968026878571432,0.9967344199671553,0.9968662514949082,927,927,18540,18540,20,5000,5000,1.0,3021694564,20260901
B2_feature,0.25,all_class_maps,single_label,macro_class,energy_raw,0.007069171715664407,0.006839880156581145,0.007299741426025329,927,927,18540,18540,20,5000,5000,1.0,3021694564,20260901
B2_feature,0.25,all_class_maps,single_label,macro_class,energy_smoothed,0.005208996312330833,0.005026461370303139,0.005393067256753404,927,927,18540,18540,20,5000,5000,1.0,3021694564,20260901
B2_feature,0.25,all_class_maps,single_label,macro_class,energy_retention,0.6960090076749763,0.6946869242475836,0.6973472366744838,927,927,18540,18540,20,5000,5000,1.0,3021694564,20260901
B2_feature,0.25,all_class_maps,single_label,macro_class,smoothed_std_over_raw,0.9581707729651576,0.9578470181594196,0.9584908123592473,927,927,18540,18540,20,5000,5000,1.0,3021694564,20260901
B2_feature,0.25,all_class_maps,single_label,macro_class,linear_solve_relative_residual,5.261671683433682e-06,5.226994782193511e-06,5.295546478812703e-06,927,927,18540,18540,20,5000,5000,1.0,3021694564,20260901
B2_feature,0.25,all_class_maps,single_label,macro_class,cg_iterations,5.0,5.0,5.0,927,927,18540,18540,20,5000,5000,1.0,3021694564,20260901
B2_feature,0.25,all_class_maps,single_label,macro_class,solve_runtime_ms_per_map,0.003305717998230143,0.0032885867982700516,0.0033271122911715523,927,927,18540,18540,20,5000,5000,1.0,3021694564,20260901
B2_feature,0.25,all_class_maps,exactly_2_labels,micro,fidelity,0.015878888718783856,0.01568958470302013,0.016071639097193256,375,375,7500,7500,,5000,5000,1.0,3021694564,20260901
B2_feature,0.25,all_class_maps,exactly_2_labels,micro,relative_l2_change,0.015878888718783856,0.01568958470302013,0.016071639097193256,375,375,7500,7500,,5000,5000,1.0,3021694564,20260901
B2_feature,0.25,all_class_maps,exactly_2_labels,micro,map_pearson,0.9981182600816091,0.998073199134469,0.9981610689298311,375,375,7500,7500,,5000,5000,1.0,3021694564,20260901
B2_feature,0.25,all_class_maps,exactly_2_labels,micro,map_spearman,0.9972945827643077,0.9972245758839448,0.997360186931491,375,375,7500,7500,,5000,5000,1.0,3021694564,20260901
B2_feature,0.25,all_class_maps,exactly_2_labels,micro,energy_raw,0.011238184535394734,0.010844686388792083,0.011660325369330045,375,375,7500,7500,,5000,5000,1.0,3021694564,20260901
B2_feature,0.25,all_class_maps,exactly_2_labels,micro,energy_smoothed,0.008670550017540033,0.008343632965746025,0.009020751475558307,375,375,7500,7500,,5000,5000,1.0,3021694564,20260901
B2_feature,0.25,all_class_maps,exactly_2_labels,micro,energy_retention,0.7132582359075547,0.7114378623960416,0.7150717363782724,375,375,7500,7500,,5000,5000,1.0,3021694564,20260901
B2_feature,0.25,all_class_maps,exactly_2_labels,micro,smoothed_std_over_raw,0.9607495089292526,0.9602568657958508,0.9612338644876083,375,375,7500,7500,,5000,5000,1.0,3021694564,20260901
B2_feature,0.25,all_class_maps,exactly_2_labels,micro,linear_solve_relative_residual,5.25782863905988e-06,5.200680779124506e-06,5.311672878737757e-06,375,375,7500,7500,,5000,5000,1.0,3021694564,20260901
B2_feature,0.25,all_class_maps,exactly_2_labels,micro,cg_iterations,5.0,5.0,5.0,375,375,7500,7500,,5000,5000,1.0,3021694564,20260901
B2_feature,0.25,all_class_maps,exactly_2_labels,micro,solve_runtime_ms_per_map,0.003300745390933352,0.0032790401899789384,0.003332623112960223,375,375,7500,7500,,5000,5000,1.0,3021694564,20260901
B2_feature,0.25,all_class_maps,exactly_2_labels,macro_class,fidelity,0.015878888718783856,0.015689584703020128,0.016071639097193256,375,375,7500,7500,20,5000,5000,1.0,3021694564,20260901
B2_feature,0.25,all_class_maps,exactly_2_labels,macro_class,relative_l2_change,0.015878888718783856,0.015689584703020128,0.016071639097193256,375,375,7500,7500,20,5000,5000,1.0,3021694564,20260901
B2_feature,0.25,all_class_maps,exactly_2_labels,macro_class,map_pearson,0.9981182600816089,0.9980731991344691,0.9981610689298311,375,375,7500,7500,20,5000,5000,1.0,3021694564,20260901
B2_feature,0.25,all_class_maps,exactly_2_labels,macro_class,map_spearman,0.9972945827643078,0.9972245758839448,0.9973601869314911,375,375,7500,7500,20,5000,5000,1.0,3021694564,20260901
B2_feature,0.25,all_class_maps,exactly_2_labels,macro_class,energy_raw,0.01123818453539473,0.010844686388792086,0.011660325369330043,375,375,7500,7500,20,5000,5000,1.0,3021694564,20260901
B2_feature,0.25,all_class_maps,exactly_2_labels,macro_class,energy_smoothed,0.008670550017540034,0.008343632965746027,0.009020751475558307,375,375,7500,7500,20,5000,5000,1.0,3021694564,20260901
B2_feature,0.25,all_class_maps,exactly_2_labels,macro_class,energy_retention,0.7132582359075547,0.7114378623960416,0.7150717363782725,375,375,7500,7500,20,5000,5000,1.0,3021694564,20260901
B2_feature,0.25,all_class_maps,exactly_2_labels,macro_class,smoothed_std_over_raw,0.9607495089292526,0.9602568657958507,0.9612338644876085,375,375,7500,7500,20,5000,5000,1.0,3021694564,20260901
B2_feature,0.25,all_class_maps,exactly_2_labels,macro_class,linear_solve_relative_residual,5.25782863905988e-06,5.200680779124506e-06,5.311672878737757e-06,375,375,7500,7500,20,5000,5000,1.0,3021694564,20260901
B2_feature,0.25,all_class_maps,exactly_2_labels,macro_class,cg_iterations,5.0,5.0,5.0,375,375,7500,7500,20,5000,5000,1.0,3021694564,20260901
B2_feature,0.25,all_class_maps,exactly_2_labels,macro_class,solve_runtime_ms_per_map,0.0033007453909333503,0.0032790401899789393,0.0033326231129602235,375,375,7500,7500,20,5000,5000,1.0,3021694564,20260901
B2_feature,0.25,all_class_maps,3plus_labels,micro,fidelity,0.017464926485985924,0.017189517261493686,0.017738506464853084,147,147,2940,2940,,5000,5000,1.0,3021694564,20260901
B2_feature,0.25,all_class_maps,3plus_labels,micro,relative_l2_change,0.017464926485985924,0.017189517261493686,0.017738506464853084,147,147,2940,2940,,5000,5000,1.0,3021694564,20260901
B2_feature,0.25,all_class_maps,3plus_labels,micro,map_pearson,0.998193179567655,0.9981429615525568,0.9982393399996011,147,147,2940,2940,,5000,5000,1.0,3021694564,20260901
B2_feature,0.25,all_class_maps,3plus_labels,micro,map_spearman,0.9974278011289583,0.9973501836417281,0.9975011986042975,147,147,2940,2940,,5000,5000,1.0,3021694564,20260901
B2_feature,0.25,all_class_maps,3plus_labels,micro,energy_raw,0.015038562459763469,0.014316180872184076,0.01575168666814899,147,147,2940,2940,,5000,5000,1.0,3021694564,20260901
B2_feature,0.25,all_class_maps,3plus_labels,micro,energy_smoothed,0.0118987585073432,0.011297854357674246,0.012500268075651596,147,147,2940,2940,,5000,5000,1.0,3021694564,20260901
B2_feature,0.25,all_class_maps,3plus_labels,micro,energy_retention,0.7233044293867488,0.720912712095242,0.7256342385638328,147,147,2940,2940,,5000,5000,1.0,3021694564,20260901
B2_feature,0.25,all_class_maps,3plus_labels,micro,smoothed_std_over_raw,0.9619108540671212,0.9611109371138673,0.962664560341612,147,147,2940,2940,,5000,5000,1.0,3021694564,20260901
B2_feature,0.25,all_class_maps,3plus_labels,micro,linear_solve_relative_residual,5.057351852598981e-06,4.967203379476011e-06,5.148466084832427e-06,147,147,2940,2940,,5000,5000,1.0,3021694564,20260901
B2_feature,0.25,all_class_maps,3plus_labels,micro,cg_iterations,5.0,5.0,5.0,147,147,2940,2940,,5000,5000,1.0,3021694564,20260901
B2_feature,0.25,all_class_maps,3plus_labels,micro,solve_runtime_ms_per_map,0.0033083864300853544,0.0032774513672439772,0.003364601197622062,147,147,2940,2940,,5000,5000,1.0,3021694564,20260901
B2_feature,0.25,all_class_maps,3plus_labels,macro_class,fidelity,0.017464926485985924,0.017189517261493682,0.017738506464853084,147,147,2940,2940,20,5000,5000,1.0,3021694564,20260901
B2_feature,0.25,all_class_maps,3plus_labels,macro_class,relative_l2_change,0.017464926485985924,0.017189517261493682,0.017738506464853084,147,147,2940,2940,20,5000,5000,1.0,3021694564,20260901
B2_feature,0.25,all_class_maps,3plus_labels,macro_class,map_pearson,0.998193179567655,0.9981429615525567,0.9982393399996009,147,147,2940,2940,20,5000,5000,1.0,3021694564,20260901
B2_feature,0.25,all_class_maps,3plus_labels,macro_class,map_spearman,0.9974278011289585,0.9973501836417281,0.9975011986042974,147,147,2940,2940,20,5000,5000,1.0,3021694564,20260901
B2_feature,0.25,all_class_maps,3plus_labels,macro_class,energy_raw,0.015038562459763469,0.014316180872184076,0.015751686668148985,147,147,2940,2940,20,5000,5000,1.0,3021694564,20260901
B2_feature,0.25,all_class_maps,3plus_labels,macro_class,energy_smoothed,0.011898758507343196,0.011297854357674246,0.0125002680756516,147,147,2940,2940,20,5000,5000,1.0,3021694564,20260901
B2_feature,0.25,all_class_maps,3plus_labels,macro_class,energy_retention,0.7233044293867488,0.7209127120952419,0.7256342385638329,147,147,2940,2940,20,5000,5000,1.0,3021694564,20260901
B2_feature,0.25,all_class_maps,3plus_labels,macro_class,smoothed_std_over_raw,0.9619108540671213,0.9611109371138672,0.9626645603416121,147,147,2940,2940,20,5000,5000,1.0,3021694564,20260901
B2_feature,0.25,all_class_maps,3plus_labels,macro_class,linear_solve_relative_residual,5.057351852598981e-06,4.967203379476011e-06,5.148466084832428e-06,147,147,2940,2940,20,5000,5000,1.0,3021694564,20260901
B2_feature,0.25,all_class_maps,3plus_labels,macro_class,cg_iterations,5.0,5.0,5.0,147,147,2940,2940,20,5000,5000,1.0,3021694564,20260901
B2_feature,0.25,all_class_maps,3plus_labels,macro_class,solve_runtime_ms_per_map,0.0033083864300853536,0.003277451367243978,0.003364601197622062,147,147,2940,2940,20,5000,5000,1.0,3021694564,20260901
B2_feature,0.25,per_class,all,micro,fidelity,0.012672963046023378,0.012513840283855946,0.01284464611524036,1449,1449,1449,1449,,5000,5000,1.0,3021694564,20260901
B2_feature,0.25,per_class,all,micro,relative_l2_change,0.012672963046023378,0.012513840283855946,0.01284464611524036,1449,1449,1449,1449,,5000,5000,1.0,3021694564,20260901
B2_feature,0.25,per_class,all,micro,map_pearson,0.9981336687827127,0.9981034109023129,0.9981618848924311,1449,1449,1449,1449,,5000,5000,1.0,3021694564,20260901
B2_feature,0.25,per_class,all,micro,map_spearman,0.9971634937698385,0.9971057932898454,0.9972205110033107,1449,1449,1449,1449,,5000,5000,1.0,3021694564,20260901
B2_feature,0.25,per_class,all,micro,energy_raw,0.005577722238874856,0.005200935301698794,0.005999642234260899,1449,1449,1449,1449,,5000,5000,1.0,3021694564,20260901
B2_feature,0.25,per_class,all,micro,energy_smoothed,0.004059578216952201,0.0037347195546744193,0.004420986751261089,1449,1449,1449,1449,,5000,5000,1.0,3021694564,20260901
B2_feature,0.25,per_class,all,micro,energy_retention,0.6954572501060796,0.693508174449843,0.6974242101904851,1449,1449,1449,1449,,5000,5000,1.0,3021694564,20260901
B2_feature,0.25,per_class,all,micro,smoothed_std_over_raw,0.9580168401150148,0.9575299928894201,0.9585145521711036,1449,1449,1449,1449,,5000,5000,1.0,3021694564,20260901
B2_feature,0.25,per_class,all,micro,linear_solve_relative_residual,5.629299950537395e-06,5.546973971438471e-06,5.710189644138483e-06,1449,1449,1449,1449,,5000,5000,1.0,3021694564,20260901
B2_feature,0.25,per_class,all,micro,cg_iterations,5.0,5.0,5.0,1449,1449,1449,1449,,5000,5000,1.0,3021694564,20260901
B2_feature,0.25,per_class,all,micro,solve_runtime_ms_per_map,0.003304701802057901,0.003290499138503329,0.0033208765213995684,1449,1449,1449,1449,,5000,5000,1.0,3021694564,20260901
B2_feature,0.25,per_class,all,micro,fidelity,0.01348497057841349,0.013216486281321337,0.01377259150005715,1449,1449,1449,1449,,5000,5000,1.0,3021694564,20260901
B2_feature,0.25,per_class,all,micro,relative_l2_change,0.01348497057841349,0.013216486281321337,0.01377259150005715,1449,1449,1449,1449,,5000,5000,1.0,3021694564,20260901
B2_feature,0.25,per_class,all,micro,map_pearson,0.9981678432641645,0.9981378747480668,0.9981963226894331,1449,1449,1449,1449,,5000,5000,1.0,3021694564,20260901
B2_feature,0.25,per_class,all,micro,map_spearman,0.9971689546083565,0.9971091809603492,0.9972275532560977,1449,1449,1449,1449,,5000,5000,1.0,3021694564,20260901
B2_feature,0.25,per_class,all,micro,energy_raw,0.007209772725584432,0.006601334033033241,0.007877625366264334,1449,1449,1449,1449,,5000,5000,1.0,3021694564,20260901
B2_feature,0.25,per_class,all,micro,energy_smoothed,0.00537562437217009,0.004869215412127974,0.00593823197024911,1449,1449,1449,1449,,5000,5000,1.0,3021694564,20260901
B2_feature,0.25,per_class,all,micro,energy_retention,0.6965308792842841,0.6944597365940086,0.6986700110800765,1449,1449,1449,1449,,5000,5000,1.0,3021694564,20260901
B2_feature,0.25,per_class,all,micro,smoothed_std_over_raw,0.9593749001899862,0.958866255674344,0.9598706919039176,1449,1449,1449,1449,,5000,5000,1.0,3021694564,20260901
B2_feature,0.25,per_class,all,micro,linear_solve_relative_residual,5.321530879775926e-06,5.225901368326024e-06,5.4166453650108844e-06,1449,1449,1449,1449,,5000,5000,1.0,3021694564,20260901
B2_feature,0.25,per_class,all,micro,cg_iterations,5.0,5.0,5.0,1449,1449,1449,1449,,5000,5000,1.0,3021694564,20260901
B2_feature,0.25,per_class,all,micro,solve_runtime_ms_per_map,0.003304701802057901,0.003290499138503329,0.0033208765213995684,1449,1449,1449,1449,,5000,5000,1.0,3021694564,20260901
B2_feature,0.25,per_class,all,micro,fidelity,0.012992561519726997,0.012856656201524446,0.013143358845327994,1449,1449,1449,1449,,5000,5000,1.0,3021694564,20260901
B2_feature,0.25,per_class,all,micro,relative_l2_change,0.012992561519726997,0.012856656201524446,0.013143358845327994,1449,1449,1449,1449,,5000,5000,1.0,3021694564,20260901
B2_feature,0.25,per_class,all,micro,map_pearson,0.9978941958307644,0.9978632187559492,0.9979244532442817,1449,1449,1449,1449,,5000,5000,1.0,3021694564,20260901
B2_feature,0.25,per_class,all,micro,map_spearman,0.9967762964852849,0.996702138800881,0.9968485561196272,1449,1449,1449,1449,,5000,5000,1.0,3021694564,20260901
B2_feature,0.25,per_class,all,micro,energy_raw,0.005383211009177393,0.005148118020731408,0.0056604553572576445,1449,1449,1449,1449,,5000,5000,1.0,3021694564,20260901
B2_feature,0.25,per_class,all,micro,energy_smoothed,0.003800124010479938,0.0036084741417277927,0.004024605238869232,1449,1449,1449,1449,,5000,5000,1.0,3021694564,20260901
B2_feature,0.25,per_class,all,micro,energy_retention,0.6894864224005437,0.6878871859415718,0.6911402274846126,1449,1449,1449,1449,,5000,5000,1.0,3021694564,20260901
B2_feature,0.25,per_class,all,micro,smoothed_std_over_raw,0.9573225937603752,0.9568244897276471,0.9578174427305937,1449,1449,1449,1449,,5000,5000,1.0,3021694564,20260901
B2_feature,0.25,per_class,all,micro,linear_solve_relative_residual,5.661783638426015e-06,5.582652432799287e-06,5.740570642085486e-06,1449,1449,1449,1449,,5000,5000,1.0,3021694564,20260901
B2_feature,0.25,per_class,all,micro,cg_iterations,5.0,5.0,5.0,1449,1449,1449,1449,,5000,5000,1.0,3021694564,20260901
B2_feature,0.25,per_class,all,micro,solve_runtime_ms_per_map,0.003304701802057901,0.003290499138503329,0.0033208765213995684,1449,1449,1449,1449,,5000,5000,1.0,3021694564,20260901
B2_feature,0.25,per_class,all,micro,fidelity,0.013067267976541862,0.012830334942832235,0.013320301695382307,1449,1449,1449,1449,,5000,5000,1.0,3021694564,20260901
B2_feature,0.25,per_class,all,micro,relative_l2_change,0.013067267976541862,0.012830334942832235,0.013320301695382307,1449,1449,1449,1449,,5000,5000,1.0,3021694564,20260901
B2_feature,0.25,per_class,all,micro,map_pearson,0.9982135082788514,0.9981862060319481,0.9982410527832596,1449,1449,1449,1449,,5000,5000,1.0,3021694564,20260901
B2_feature,0.25,per_class,all,micro,map_spearman,0.9973414444034885,0.9972907009558319,0.9973915333148116,1449,1449,1449,1449,,5000,5000,1.0,3021694564,20260901
B2_feature,0.25,per_class,all,micro,energy_raw,0.006574670967917177,0.006032473684603983,0.007189257692589358,1449,1449,1449,1449,,5000,5000,1.0,3021694564,20260901
B2_feature,0.25,per_class,all,micro,energy_smoothed,0.004892299064946682,0.004431545325708601,0.005413453924459848,1449,1449,1449,1449,,5000,5000,1.0,3021694564,20260901
B2_feature,0.25,per_class,all,micro,energy_retention,0.7037922713656192,0.7018772707047588,0.7057714871717701,1449,1449,1449,1449,,5000,5000,1.0,3021694564,20260901
B2_feature,0.25,per_class,all,micro,smoothed_std_over_raw,0.9591938961037609,0.9587080155511492,0.9596941971959864,1449,1449,1449,1449,,5000,5000,1.0,3021694564,20260901
B2_feature,0.25,per_class,all,micro,linear_solve_relative_residual,5.502491846601284e-06,5.414444141151183e-06,5.5911990179183456e-06,1449,1449,1449,1449,,5000,5000,1.0,3021694564,20260901
B2_feature,0.25,per_class,all,micro,cg_iterations,5.0,5.0,5.0,1449,1449,1449,1449,,5000,5000,1.0,3021694564,20260901
B2_feature,0.25,per_class,all,micro,solve_runtime_ms_per_map,0.003304701802057901,0.003290499138503329,0.0033208765213995684,1449,1449,1449,1449,,5000,5000,1.0,3021694564,20260901
B2_feature,0.25,per_class,all,micro,fidelity,0.015720955155959535,0.015367716032943545,0.01607716113084373,1449,1449,1449,1449,,5000,5000,1.0,3021694564,20260901
B2_feature,0.25,per_class,all,micro,relative_l2_change,0.015720955155959535,0.015367716032943545,0.01607716113084373,1449,1449,1449,1449,,5000,5000,1.0,3021694564,20260901
B2_feature,0.25,per_class,all,micro,map_pearson,0.9979766307410246,0.9979350978481597,0.9980174067196885,1449,1449,1449,1449,,5000,5000,1.0,3021694564,20260901
B2_feature,0.25,per_class,all,micro,map_spearman,0.9965977131538839,0.9964892975096459,0.9966991323522654,1449,1449,1449,1449,,5000,5000,1.0,3021694564,20260901
B2_feature,0.25,per_class,all,micro,energy_raw,0.010478428331813713,0.009637760239132835,0.011359181032932875,1449,1449,1449,1449,,5000,5000,1.0,3021694564,20260901
B2_feature,0.25,per_class,all,micro,energy_smoothed,0.007974958879531865,0.007257619039192901,0.00872145291194728,1449,1449,1449,1449,,5000,5000,1.0,3021694564,20260901
B2_feature,0.25,per_class,all,micro,energy_retention,0.703615719528343,0.7009959542130173,0.7062255348694003,1449,1449,1449,1449,,5000,5000,1.0,3021694564,20260901
B2_feature,0.25,per_class,all,micro,smoothed_std_over_raw,0.9595723018471828,0.9589959610065895,0.9601699381069203,1449,1449,1449,1449,,5000,5000,1.0,3021694564,20260901
B2_feature,0.25,per_class,all,micro,linear_solve_relative_residual,4.8555701768402465e-06,4.730842722659405e-06,4.9821782176205605e-06,1449,1449,1449,1449,,5000,5000,1.0,3021694564,20260901
B2_feature,0.25,per_class,all,micro,cg_iterations,5.0,5.0,5.0,1449,1449,1449,1449,,5000,5000,1.0,3021694564,20260901
B2_feature,0.25,per_class,all,micro,solve_runtime_ms_per_map,0.003304701802057901,0.003290499138503329,0.0033208765213995684,1449,1449,1449,1449,,5000,5000,1.0,3021694564,20260901
B2_feature,0.25,per_class,all,micro,fidelity,0.013656953001347305,0.013450724047752003,0.013875050870929842,1449,1449,1449,1449,,5000,5000,1.0,3021694564,20260901
B2_feature,0.25,per_class,all,micro,relative_l2_change,0.013656953001347305,0.013450724047752003,0.013875050870929842,1449,1449,1449,1449,,5000,5000,1.0,3021694564,20260901
B2_feature,0.25,per_class,all,micro,map_pearson,0.9981262680988957,0.9980939262700212,0.998157464534435,1449,1449,1449,1449,,5000,5000,1.0,3021694564,20260901
B2_feature,0.25,per_class,all,micro,map_spearman,0.9968604079767126,0.9967790877463243,0.9969408873342662,1449,1449,1449,1449,,5000,5000,1.0,3021694564,20260901
B2_feature,0.25,per_class,all,micro,energy_raw,0.006906399086536808,0.006454728713769754,0.007393478762766242,1449,1449,1449,1449,,5000,5000,1.0,3021694564,20260901
B2_feature,0.25,per_class,all,micro,energy_smoothed,0.005114988307307909,0.004729467186029712,0.0055303687996454695,1449,1449,1449,1449,,5000,5000,1.0,3021694564,20260901
B2_feature,0.25,per_class,all,micro,energy_retention,0.7004020442791524,0.6981980235885965,0.7026280030813852,1449,1449,1449,1449,,5000,5000,1.0,3021694564,20260901
B2_feature,0.25,per_class,all,micro,smoothed_std_over_raw,0.958679277293019,0.9581673607219903,0.9591954741768379,1449,1449,1449,1449,,5000,5000,1.0,3021694564,20260901
B2_feature,0.25,per_class,all,micro,linear_solve_relative_residual,5.594712335192781e-06,5.49781659435631e-06,5.693971402476115e-06,1449,1449,1449,1449,,5000,5000,1.0,3021694564,20260901
B2_feature,0.25,per_class,all,micro,cg_iterations,5.0,5.0,5.0,1449,1449,1449,1449,,5000,5000,1.0,3021694564,20260901
B2_feature,0.25,per_class,all,micro,solve_runtime_ms_per_map,0.003304701802057901,0.003290499138503329,0.0033208765213995684,1449,1449,1449,1449,,5000,5000,1.0,3021694564,20260901
B2_feature,0.25,per_class,all,micro,fidelity,0.016380577451010216,0.015963897507848556,0.01680799672220049,1449,1449,1449,1449,,5000,5000,1.0,3021694564,20260901
B2_feature,0.25,per_class,all,micro,relative_l2_change,0.016380577451010216,0.015963897507848556,0.01680799672220049,1449,1449,1449,1449,,5000,5000,1.0,3021694564,20260901
B2_feature,0.25,per_class,all,micro,map_pearson,0.998138245629639,0.9981027724826805,0.9981712422797069,1449,1449,1449,1449,,5000,5000,1.0,3021694564,20260901
B2_feature,0.25,per_class,all,micro,map_spearman,0.9971539617160669,0.9970857517525111,0.9972192778813173,1449,1449,1449,1449,,5000,5000,1.0,3021694564,20260901
B2_feature,0.25,per_class,all,micro,energy_raw,0.011820598098264945,0.010897819219469468,0.012781903412942006,1449,1449,1449,1449,,5000,5000,1.0,3021694564,20260901
B2_feature,0.25,per_class,all,micro,energy_smoothed,0.008962822174431668,0.00821880764225146,0.009744359636809445,1449,1449,1449,1449,,5000,5000,1.0,3021694564,20260901
B2_feature,0.25,per_class,all,micro,energy_retention,0.7126829080371053,0.7103029404470557,0.7150964058786528,1449,1449,1449,1449,,5000,5000,1.0,3021694564,20260901
B2_feature,0.25,per_class,all,micro,smoothed_std_over_raw,0.9607301328081851,0.9601306789235217,0.9613119440172523,1449,1449,1449,1449,,5000,5000,1.0,3021694564,20260901
B2_feature,0.25,per_class,all,micro,linear_solve_relative_residual,5.1010276186751886e-06,4.974345398995643e-06,5.234532328130437e-06,1449,1449,1449,1449,,5000,5000,1.0,3021694564,20260901
B2_feature,0.25,per_class,all,micro,cg_iterations,5.0,5.0,5.0,1449,1449,1449,1449,,5000,5000,1.0,3021694564,20260901
B2_feature,0.25,per_class,all,micro,solve_runtime_ms_per_map,0.003304701802057901,0.003290499138503329,0.0033208765213995684,1449,1449,1449,1449,,5000,5000,1.0,3021694564,20260901
B2_feature,0.25,per_class,all,micro,fidelity,0.013195534774698085,0.012997648918138672,0.013413318669875947,1449,1449,1449,1449,,5000,5000,1.0,3021694564,20260901
B2_feature,0.25,per_class,all,micro,relative_l2_change,0.013195534774698085,0.012997648918138672,0.013413318669875947,1449,1449,1449,1449,,5000,5000,1.0,3021694564,20260901
B2_feature,0.25,per_class,all,micro,map_pearson,0.9981458259912258,0.9981129315997338,0.9981775655077604,1449,1449,1449,1449,,5000,5000,1.0,3021694564,20260901
B2_feature,0.25,per_class,all,micro,map_spearman,0.99714583076223,0.9970809411907953,0.9972071631920181,1449,1449,1449,1449,,5000,5000,1.0,3021694564,20260901
B2_feature,0.25,per_class,all,micro,energy_raw,0.006650235861111779,0.006195138155739321,0.007165926370754956,1449,1449,1449,1449,,5000,5000,1.0,3021694564,20260901
B2_feature,0.25,per_class,all,micro,energy_smoothed,0.004980925078442085,0.004590287264425236,0.005423721135674292,1449,1449,1449,1449,,5000,5000,1.0,3021694564,20260901
B2_feature,0.25,per_class,all,micro,energy_retention,0.7015094505333752,0.699011723465801,0.704096169967212,1449,1449,1449,1449,,5000,5000,1.0,3021694564,20260901
B2_feature,0.25,per_class,all,micro,smoothed_std_over_raw,0.959893682646373,0.9593532277488396,0.9604375284465944,1449,1449,1449,1449,,5000,5000,1.0,3021694564,20260901
B2_feature,0.25,per_class,all,micro,linear_solve_relative_residual,5.4058273870300675e-06,5.311018407693243e-06,5.501748374269965e-06,1449,1449,1449,1449,,5000,5000,1.0,3021694564,20260901
B2_feature,0.25,per_class,all,micro,cg_iterations,5.0,5.0,5.0,1449,1449,1449,1449,,5000,5000,1.0,3021694564,20260901
B2_feature,0.25,per_class,all,micro,solve_runtime_ms_per_map,0.003304701802057901,0.003290499138503329,0.0033208765213995684,1449,1449,1449,1449,,5000,5000,1.0,3021694564,20260901
B2_feature,0.25,per_class,all,micro,fidelity,0.01819012957072982,0.017729183741629233,0.018694258743708756,1449,1449,1449,1449,,5000,5000,1.0,3021694564,20260901
B2_feature,0.25,per_class,all,micro,relative_l2_change,0.01819012957072982,0.017729183741629233,0.018694258743708756,1449,1449,1449,1449,,5000,5000,1.0,3021694564,20260901
B2_feature,0.25,per_class,all,micro,map_pearson,0.9979588802803624,0.9979134665955092,0.9980025755507606,1449,1449,1449,1449,,5000,5000,1.0,3021694564,20260901
B2_feature,0.25,per_class,all,micro,map_spearman,0.9965653672063655,0.9964658566102066,0.9966641703696395,1449,1449,1449,1449,,5000,5000,1.0,3021694564,20260901
B2_feature,0.25,per_class,all,micro,energy_raw,0.01570258402062183,0.014479523251258805,0.017069417916641946,1449,1449,1449,1449,,5000,5000,1.0,3021694564,20260901
B2_feature,0.25,per_class,all,micro,energy_smoothed,0.012239337536690176,0.011203071264633805,0.01337739138089405,1449,1449,1449,1449,,5000,5000,1.0,3021694564,20260901
B2_feature,0.25,per_class,all,micro,energy_retention,0.7085124048551582,0.7055373830660365,0.7115621621636294,1449,1449,1449,1449,,5000,5000,1.0,3021694564,20260901
B2_feature,0.25,per_class,all,micro,smoothed_std_over_raw,0.9588942526948295,0.9582619702069409,0.9595257548452082,1449,1449,1449,1449,,5000,5000,1.0,3021694564,20260901
B2_feature,0.25,per_class,all,micro,linear_solve_relative_residual,4.7383829069879876e-06,4.6087068581013235e-06,4.872718293776704e-06,1449,1449,1449,1449,,5000,5000,1.0,3021694564,20260901
B2_feature,0.25,per_class,all,micro,cg_iterations,5.0,5.0,5.0,1449,1449,1449,1449,,5000,5000,1.0,3021694564,20260901
B2_feature,0.25,per_class,all,micro,solve_runtime_ms_per_map,0.003304701802057901,0.003290499138503329,0.0033208765213995684,1449,1449,1449,1449,,5000,5000,1.0,3021694564,20260901
B2_feature,0.25,per_class,all,micro,fidelity,0.013044755039460253,0.012800982557339986,0.013304732191672688,1449,1449,1449,1449,,5000,5000,1.0,3021694564,20260901
B2_feature,0.25,per_class,all,micro,relative_l2_change,0.013044755039460253,0.012800982557339986,0.013304732191672688,1449,1449,1449,1449,,5000,5000,1.0,3021694564,20260901
B2_feature,0.25,per_class,all,micro,map_pearson,0.998009140899545,0.9979725011325524,0.9980454561605874,1449,1449,1449,1449,,5000,5000,1.0,3021694564,20260901
B2_feature,0.25,per_class,all,micro,map_spearman,0.9965508929444149,0.9964632896131858,0.9966371324687189,1449,1449,1449,1449,,5000,5000,1.0,3021694564,20260901
B2_feature,0.25,per_class,all,micro,energy_raw,0.00679435096917323,0.006186409915521117,0.007465021501636642,1449,1449,1449,1449,,5000,5000,1.0,3021694564,20260901
B2_feature,0.25,per_class,all,micro,energy_smoothed,0.00512078853424965,0.004595478877274633,0.005695939516541233,1449,1449,1449,1449,,5000,5000,1.0,3021694564,20260901
B2_feature,0.25,per_class,all,micro,energy_retention,0.695035589695635,0.6927716800093322,0.6973997368503637,1449,1449,1449,1449,,5000,5000,1.0,3021694564,20260901
B2_feature,0.25,per_class,all,micro,smoothed_std_over_raw,0.9590133109365849,0.9585420261505475,0.9594982937533663,1449,1449,1449,1449,,5000,5000,1.0,3021694564,20260901
B2_feature,0.25,per_class,all,micro,linear_solve_relative_residual,5.288968064161388e-06,5.209898657306019e-06,5.363734112714706e-06,1449,1449,1449,1449,,5000,5000,1.0,3021694564,20260901
B2_feature,0.25,per_class,all,micro,cg_iterations,5.0,5.0,5.0,1449,1449,1449,1449,,5000,5000,1.0,3021694564,20260901
B2_feature,0.25,per_class,all,micro,solve_runtime_ms_per_map,0.003304701802057901,0.003290499138503329,0.0033208765213995684,1449,1449,1449,1449,,5000,5000,1.0,3021694564,20260901
B2_feature,0.25,per_class,all,micro,fidelity,0.014293979165665523,0.014000585955487959,0.014603036054406184,1449,1449,1449,1449,,5000,5000,1.0,3021694564,20260901
B2_feature,0.25,per_class,all,micro,relative_l2_change,0.014293979165665523,0.014000585955487959,0.014603036054406184,1449,1449,1449,1449,,5000,5000,1.0,3021694564,20260901
B2_feature,0.25,per_class,all,micro,map_pearson,0.9981066037902674,0.9980727696908269,0.9981376326746412,1449,1449,1449,1449,,5000,5000,1.0,3021694564,20260901
B2_feature,0.25,per_class,all,micro,map_spearman,0.9970245635287361,0.9969479872367562,0.9970991012914745,1449,1449,1449,1449,,5000,5000,1.0,3021694564,20260901
B2_feature,0.25,per_class,all,micro,energy_raw,0.008282832249473931,0.0075700517012735275,0.009059911169352914,1449,1449,1449,1449,,5000,5000,1.0,3021694564,20260901
B2_feature,0.25,per_class,all,micro,energy_smoothed,0.006220217085082863,0.0056200531649733,0.006878548958749745,1449,1449,1449,1449,,5000,5000,1.0,3021694564,20260901
B2_feature,0.25,per_class,all,micro,energy_retention,0.7001266268880882,0.6979225904932098,0.7023058276595208,1449,1449,1449,1449,,5000,5000,1.0,3021694564,20260901
B2_feature,0.25,per_class,all,micro,smoothed_std_over_raw,0.958737217655998,0.958215441215935,0.9592510634450931,1449,1449,1449,1449,,5000,5000,1.0,3021694564,20260901
B2_feature,0.25,per_class,all,micro,linear_solve_relative_residual,5.296654791385754e-06,5.189147266449789e-06,5.400357278177416e-06,1449,1449,1449,1449,,5000,5000,1.0,3021694564,20260901
B2_feature,0.25,per_class,all,micro,cg_iterations,5.0,5.0,5.0,1449,1449,1449,1449,,5000,5000,1.0,3021694564,20260901
B2_feature,0.25,per_class,all,micro,solve_runtime_ms_per_map,0.003304701802057901,0.003290499138503329,0.0033208765213995684,1449,1449,1449,1449,,5000,5000,1.0,3021694564,20260901
B2_feature,0.25,per_class,all,micro,fidelity,0.014854568689855895,0.014638179329688628,0.015092620955863062,1449,1449,1449,1449,,5000,5000,1.0,3021694564,20260901
B2_feature,0.25,per_class,all,micro,relative_l2_change,0.014854568689855895,0.014638179329688628,0.015092620955863062,1449,1449,1449,1449,,5000,5000,1.0,3021694564,20260901
B2_feature,0.25,per_class,all,micro,map_pearson,0.9979658772650877,0.9979245289666558,0.9980086221725386,1449,1449,1449,1449,,5000,5000,1.0,3021694564,20260901
B2_feature,0.25,per_class,all,micro,map_spearman,0.9967443824554822,0.9966530771605963,0.9968370128235298,1449,1449,1449,1449,,5000,5000,1.0,3021694564,20260901
B2_feature,0.25,per_class,all,micro,energy_raw,0.008446614035123059,0.007901572864802343,0.009037839440877785,1449,1449,1449,1449,,5000,5000,1.0,3021694564,20260901
B2_feature,0.25,per_class,all,micro,energy_smoothed,0.006353866266024995,0.005881998644027541,0.006865799667095887,1449,1449,1449,1449,,5000,5000,1.0,3021694564,20260901
B2_feature,0.25,per_class,all,micro,energy_retention,0.7034121826651015,0.7006279113109232,0.7064331027702927,1449,1449,1449,1449,,5000,5000,1.0,3021694564,20260901
B2_feature,0.25,per_class,all,micro,smoothed_std_over_raw,0.9581229247415041,0.957486472428462,0.9588188395233217,1449,1449,1449,1449,,5000,5000,1.0,3021694564,20260901
B2_feature,0.25,per_class,all,micro,linear_solve_relative_residual,5.60550194548503e-06,5.486610402084843e-06,5.717488997108283e-06,1449,1449,1449,1449,,5000,5000,1.0,3021694564,20260901
B2_feature,0.25,per_class,all,micro,cg_iterations,5.0,5.0,5.0,1449,1449,1449,1449,,5000,5000,1.0,3021694564,20260901
B2_feature,0.25,per_class,all,micro,solve_runtime_ms_per_map,0.003304701802057901,0.003290499138503329,0.0033208765213995684,1449,1449,1449,1449,,5000,5000,1.0,3021694564,20260901
B2_feature,0.25,per_class,all,micro,fidelity,0.013535532936469245,0.0133072148893463,0.013778253308634913,1449,1449,1449,1449,,5000,5000,1.0,3021694564,20260901
B2_feature,0.25,per_class,all,micro,relative_l2_change,0.013535532936469245,0.0133072148893463,0.013778253308634913,1449,1449,1449,1449,,5000,5000,1.0,3021694564,20260901
B2_feature,0.25,per_class,all,micro,map_pearson,0.9981187173956587,0.9980891813577414,0.9981480670384574,1449,1449,1449,1449,,5000,5000,1.0,3021694564,20260901
B2_feature,0.25,per_class,all,micro,map_spearman,0.9970507340401596,0.996980466995468,0.9971174078657349,1449,1449,1449,1449,,5000,5000,1.0,3021694564,20260901
B2_feature,0.25,per_class,all,micro,energy_raw,0.006817095325051391,0.006302442568622008,0.007376192711010733,1449,1449,1449,1449,,5000,5000,1.0,3021694564,20260901
B2_feature,0.25,per_class,all,micro,energy_smoothed,0.0050251170018465454,0.0045995601690357445,0.005485627826142479,1449,1449,1449,1449,,5000,5000,1.0,3021694564,20260901
B2_feature,0.25,per_class,all,micro,energy_retention,0.6948341081436953,0.6926446840948611,0.6971185687947389,1449,1449,1449,1449,,5000,5000,1.0,3021694564,20260901
B2_feature,0.25,per_class,all,micro,smoothed_std_over_raw,0.9580736748509114,0.9575906617619647,0.9585655767262352,1449,1449,1449,1449,,5000,5000,1.0,3021694564,20260901
B2_feature,0.25,per_class,all,micro,linear_solve_relative_residual,5.486358220522284e-06,5.396253223568371e-06,5.574808878787675e-06,1449,1449,1449,1449,,5000,5000,1.0,3021694564,20260901
B2_feature,0.25,per_class,all,micro,cg_iterations,5.0,5.0,5.0,1449,1449,1449,1449,,5000,5000,1.0,3021694564,20260901
B2_feature,0.25,per_class,all,micro,solve_runtime_ms_per_map,0.003304701802057901,0.003290499138503329,0.0033208765213995684,1449,1449,1449,1449,,5000,5000,1.0,3021694564,20260901
B2_feature,0.25,per_class,all,micro,fidelity,0.013735543537352766,0.013518384785495514,0.013958181510470536,1449,1449,1449,1449,,5000,5000,1.0,3021694564,20260901
B2_feature,0.25,per_class,all,micro,relative_l2_change,0.013735543537352766,0.013518384785495514,0.013958181510470536,1449,1449,1449,1449,,5000,5000,1.0,3021694564,20260901
B2_feature,0.25,per_class,all,micro,map_pearson,0.998182395600384,0.9981519841022785,0.9982123414644543,1449,1449,1449,1449,,5000,5000,1.0,3021694564,20260901
B2_feature,0.25,per_class,all,micro,map_spearman,0.9970431970348845,0.9969748375660967,0.9971091648127969,1449,1449,1449,1449,,5000,5000,1.0,3021694564,20260901
B2_feature,0.25,per_class,all,micro,energy_raw,0.007134925980111899,0.006654879319443149,0.007629530862397324,1449,1449,1449,1449,,5000,5000,1.0,3021694564,20260901
B2_feature,0.25,per_class,all,micro,energy_smoothed,0.005321964480222593,0.004908784331638238,0.005747315364567549,1449,1449,1449,1449,,5000,5000,1.0,3021694564,20260901
B2_feature,0.25,per_class,all,micro,energy_retention,0.6988840969452946,0.6965166395310289,0.701315454790064,1449,1449,1449,1449,,5000,5000,1.0,3021694564,20260901
B2_feature,0.25,per_class,all,micro,smoothed_std_over_raw,0.9581006606584421,0.9575468323913996,0.9586637810026883,1449,1449,1449,1449,,5000,5000,1.0,3021694564,20260901
B2_feature,0.25,per_class,all,micro,linear_solve_relative_residual,5.306358001469347e-06,5.204015803977672e-06,5.404947118252451e-06,1449,1449,1449,1449,,5000,5000,1.0,3021694564,20260901
B2_feature,0.25,per_class,all,micro,cg_iterations,5.0,5.0,5.0,1449,1449,1449,1449,,5000,5000,1.0,3021694564,20260901
B2_feature,0.25,per_class,all,micro,solve_runtime_ms_per_map,0.003304701802057901,0.003290499138503329,0.0033208765213995684,1449,1449,1449,1449,,5000,5000,1.0,3021694564,20260901
B2_feature,0.25,per_class,all,micro,fidelity,0.021435912520469797,0.020858825050009026,0.02201426716439755,1449,1449,1449,1449,,5000,5000,1.0,3021694564,20260901
B2_feature,0.25,per_class,all,micro,relative_l2_change,0.021435912520469797,0.020858825050009026,0.02201426716439755,1449,1449,1449,1449,,5000,5000,1.0,3021694564,20260901
B2_feature,0.25,per_class,all,micro,map_pearson,0.9983485719514271,0.9983039363498849,0.9983919140684185,1449,1449,1449,1449,,5000,5000,1.0,3021694564,20260901
B2_feature,0.25,per_class,all,micro,map_spearman,0.9975283871937654,0.9974638960520262,0.9975931171047597,1449,1449,1449,1449,,5000,5000,1.0,3021694564,20260901
B2_feature,0.25,per_class,all,micro,energy_raw,0.023121428540814604,0.02153782951630288,0.024726441739222005,1449,1449,1449,1449,,5000,5000,1.0,3021694564,20260901
B2_feature,0.25,per_class,all,micro,energy_smoothed,0.018404854420496036,0.01709192748626977,0.01971880357926096,1449,1449,1449,1449,,5000,5000,1.0,3021694564,20260901
B2_feature,0.25,per_class,all,micro,energy_retention,0.7465551659269445,0.7430690387905343,0.750122109263251,1449,1449,1449,1449,,5000,5000,1.0,3021694564,20260901
B2_feature,0.25,per_class,all,micro,smoothed_std_over_raw,0.9634621700720593,0.9626690246972073,0.964270048209558,1449,1449,1449,1449,,5000,5000,1.0,3021694564,20260901
B2_feature,0.25,per_class,all,micro,linear_solve_relative_residual,3.633472930922025e-06,3.4861029006888084e-06,3.7810282002957006e-06,1449,1449,1449,1449,,5000,5000,1.0,3021694564,20260901
B2_feature,0.25,per_class,all,micro,cg_iterations,5.0,5.0,5.0,1449,1449,1449,1449,,5000,5000,1.0,3021694564,20260901
B2_feature,0.25,per_class,all,micro,solve_runtime_ms_per_map,0.003304701802057901,0.003290499138503329,0.0033208765213995684,1449,1449,1449,1449,,5000,5000,1.0,3021694564,20260901
B2_feature,0.25,per_class,all,micro,fidelity,0.017302656571301738,0.016956274850863456,0.017672392693406074,1449,1449,1449,1449,,5000,5000,1.0,3021694564,20260901
B2_feature,0.25,per_class,all,micro,relative_l2_change,0.017302656571301738,0.016956274850863456,0.017672392693406074,1449,1449,1449,1449,,5000,5000,1.0,3021694564,20260901
B2_feature,0.25,per_class,all,micro,map_pearson,0.9977302737199825,0.9976840299941738,0.9977735829433545,1449,1449,1449,1449,,5000,5000,1.0,3021694564,20260901
B2_feature,0.25,per_class,all,micro,map_spearman,0.9964198895040424,0.9963244364591118,0.9965125080570836,1449,1449,1449,1449,,5000,5000,1.0,3021694564,20260901
B2_feature,0.25,per_class,all,micro,energy_raw,0.011691366307073632,0.010869653674906757,0.012603399661753495,1449,1449,1449,1449,,5000,5000,1.0,3021694564,20260901
B2_feature,0.25,per_class,all,micro,energy_smoothed,0.008695491534973359,0.008010895014441253,0.009451520701870242,1449,1449,1449,1449,,5000,5000,1.0,3021694564,20260901
B2_feature,0.25,per_class,all,micro,energy_retention,0.6969455463298853,0.6945660397585217,0.6993498123498354,1449,1449,1449,1449,,5000,5000,1.0,3021694564,20260901
B2_feature,0.25,per_class,all,micro,smoothed_std_over_raw,0.9567739426308126,0.9561144455187564,0.9574130659569453,1449,1449,1449,1449,,5000,5000,1.0,3021694564,20260901
B2_feature,0.25,per_class,all,micro,linear_solve_relative_residual,5.0758082405997095e-06,4.93705628846165e-06,5.2118082128377685e-06,1449,1449,1449,1449,,5000,5000,1.0,3021694564,20260901
B2_feature,0.25,per_class,all,micro,cg_iterations,5.0,5.0,5.0,1449,1449,1449,1449,,5000,5000,1.0,3021694564,20260901
B2_feature,0.25,per_class,all,micro,solve_runtime_ms_per_map,0.003304701802057901,0.003290499138503329,0.0033208765213995684,1449,1449,1449,1449,,5000,5000,1.0,3021694564,20260901
B2_feature,0.25,per_class,all,micro,fidelity,0.012549986931051239,0.012385603919444673,0.01272948124522139,1449,1449,1449,1449,,5000,5000,1.0,3021694564,20260901
B2_feature,0.25,per_class,all,micro,relative_l2_change,0.012549986931051239,0.012385603919444673,0.01272948124522139,1449,1449,1449,1449,,5000,5000,1.0,3021694564,20260901
B2_feature,0.25,per_class,all,micro,map_pearson,0.9981882956786514,0.9981568843496512,0.9982176698235251,1449,1449,1449,1449,,5000,5000,1.0,3021694564,20260901
B2_feature,0.25,per_class,all,micro,map_spearman,0.9971632046317791,0.9970945638200183,0.9972283204324579,1449,1449,1449,1449,,5000,5000,1.0,3021694564,20260901
B2_feature,0.25,per_class,all,micro,energy_raw,0.0055052777602041,0.005166313751205642,0.005885994024776012,1449,1449,1449,1449,,5000,5000,1.0,3021694564,20260901
B2_feature,0.25,per_class,all,micro,energy_smoothed,0.004010488378948399,0.003726429292386873,0.0043298474975020105,1449,1449,1449,1449,,5000,5000,1.0,3021694564,20260901
B2_feature,0.25,per_class,all,micro,energy_retention,0.7015296560143338,0.699490852214864,0.7034278389470096,1449,1449,1449,1449,,5000,5000,1.0,3021694564,20260901
B2_feature,0.25,per_class,all,micro,smoothed_std_over_raw,0.9594687098383986,0.9590015335883907,0.9599362905505527,1449,1449,1449,1449,,5000,5000,1.0,3021694564,20260901
B2_feature,0.25,per_class,all,micro,linear_solve_relative_residual,5.462438082814271e-06,5.379246560436246e-06,5.541768956974405e-06,1449,1449,1449,1449,,5000,5000,1.0,3021694564,20260901
B2_feature,0.25,per_class,all,micro,cg_iterations,5.0,5.0,5.0,1449,1449,1449,1449,,5000,5000,1.0,3021694564,20260901
B2_feature,0.25,per_class,all,micro,solve_runtime_ms_per_map,0.003304701802057901,0.003290499138503329,0.0033208765213995684,1449,1449,1449,1449,,5000,5000,1.0,3021694564,20260901
B2_feature,0.25,per_class,all,micro,fidelity,0.015097461715392033,0.014704978934780349,0.015528239019223462,1449,1449,1449,1449,,5000,5000,1.0,3021694564,20260901
B2_feature,0.25,per_class,all,micro,relative_l2_change,0.015097461715392033,0.014704978934780349,0.015528239019223462,1449,1449,1449,1449,,5000,5000,1.0,3021694564,20260901
B2_feature,0.25,per_class,all,micro,map_pearson,0.9982744161222128,0.9982433633291368,0.9983043481916538,1449,1449,1449,1449,,5000,5000,1.0,3021694564,20260901
B2_feature,0.25,per_class,all,micro,map_spearman,0.9971628101880671,0.9970881435441675,0.9972366334334417,1449,1449,1449,1449,,5000,5000,1.0,3021694564,20260901
B2_feature,0.25,per_class,all,micro,energy_raw,0.011357959520166227,0.01029763885255634,0.012552135889790405,1449,1449,1449,1449,,5000,5000,1.0,3021694564,20260901
B2_feature,0.25,per_class,all,micro,energy_smoothed,0.008962866653279472,0.00805041434632899,0.009987685921986946,1449,1449,1449,1449,,5000,5000,1.0,3021694564,20260901
B2_feature,0.25,per_class,all,micro,energy_retention,0.7096615624148077,0.7068183988055087,0.7126429835790762,1449,1449,1449,1449,,5000,5000,1.0,3021694564,20260901
B2_feature,0.25,per_class,all,micro,smoothed_std_over_raw,0.9600927552903743,0.9595537405494495,0.9606515235802977,1449,1449,1449,1449,,5000,5000,1.0,3021694564,20260901
B2_feature,0.25,per_class,all,micro,linear_solve_relative_residual,5.023141775367978e-06,4.914856294579067e-06,5.128671248053306e-06,1449,1449,1449,1449,,5000,5000,1.0,3021694564,20260901
B2_feature,0.25,per_class,all,micro,cg_iterations,5.0,5.0,5.0,1449,1449,1449,1449,,5000,5000,1.0,3021694564,20260901
B2_feature,0.25,per_class,all,micro,solve_runtime_ms_per_map,0.003304701802057901,0.003290499138503329,0.0033208765213995684,1449,1449,1449,1449,,5000,5000,1.0,3021694564,20260901
B2_feature,0.25,per_class,all,micro,fidelity,0.012031297962675533,0.011831535159661953,0.012240661287344759,1449,1449,1449,1449,,5000,5000,1.0,3021694564,20260901
B2_feature,0.25,per_class,all,micro,relative_l2_change,0.012031297962675533,0.011831535159661953,0.012240661287344759,1449,1449,1449,1449,,5000,5000,1.0,3021694564,20260901
B2_feature,0.25,per_class,all,micro,map_pearson,0.998399893895275,0.9983777755649029,0.9984202966546503,1449,1449,1449,1449,,5000,5000,1.0,3021694564,20260901
B2_feature,0.25,per_class,all,micro,map_spearman,0.9974911940188306,0.9974371360233111,0.9975434932865465,1449,1449,1449,1449,,5000,5000,1.0,3021694564,20260901
B2_feature,0.25,per_class,all,micro,energy_raw,0.005415498798927118,0.00500072500412738,0.005870199664954637,1449,1449,1449,1449,,5000,5000,1.0,3021694564,20260901
B2_feature,0.25,per_class,all,micro,energy_smoothed,0.0040047520675533825,0.0036537742921647896,0.004386717219842393,1449,1449,1449,1449,,5000,5000,1.0,3021694564,20260901
B2_feature,0.25,per_class,all,micro,energy_retention,0.7046023214414582,0.7027723233491244,0.7063475290913678,1449,1449,1449,1449,,5000,5000,1.0,3021694564,20260901
B2_feature,0.25,per_class,all,micro,smoothed_std_over_raw,0.9607026848486985,0.9602528861642213,0.9611381507150217,1449,1449,1449,1449,,5000,5000,1.0,3021694564,20260901
B2_feature,0.25,per_class,all,micro,linear_solve_relative_residual,5.39790841670096e-06,5.315742316678841e-06,5.475973099655533e-06,1449,1449,1449,1449,,5000,5000,1.0,3021694564,20260901
B2_feature,0.25,per_class,all,micro,cg_iterations,5.0,5.0,5.0,1449,1449,1449,1449,,5000,5000,1.0,3021694564,20260901
B2_feature,0.25,per_class,all,micro,solve_runtime_ms_per_map,0.003304701802057901,0.003290499138503329,0.0033208765213995684,1449,1449,1449,1449,,5000,5000,1.0,3021694564,20260901
B2_feature,0.25,per_class,all,micro,fidelity,0.014586332148060542,0.014320205590813668,0.014876612592787398,1449,1449,1449,1449,,5000,5000,1.0,3021694564,20260901
B2_feature,0.25,per_class,all,micro,relative_l2_change,0.014586332148060542,0.014320205590813668,0.014876612592787398,1449,1449,1449,1449,,5000,5000,1.0,3021694564,20260901
B2_feature,0.25,per_class,all,micro,map_pearson,0.9981209542358062,0.9980898862135171,0.9981524204152712,1449,1449,1449,1449,,5000,5000,1.0,3021694564,20260901
B2_feature,0.25,per_class,all,micro,map_spearman,0.9969154171815323,0.996833204074388,0.9969943952599503,1449,1449,1449,1449,,5000,5000,1.0,3021694564,20260901
B2_feature,0.25,per_class,all,micro,energy_raw,0.008260982111578432,0.007654230379528578,0.008914693494538184,1449,1449,1449,1449,,5000,5000,1.0,3021694564,20260901
B2_feature,0.25,per_class,all,micro,energy_smoothed,0.0061492373675314915,0.005643408240219292,0.00669335257791645,1449,1449,1449,1449,,5000,5000,1.0,3021694564,20260901
B2_feature,0.25,per_class,all,micro,energy_retention,0.7012676813423099,0.6990230991983923,0.7035533811519111,1449,1449,1449,1449,,5000,5000,1.0,3021694564,20260901
B2_feature,0.25,per_class,all,micro,smoothed_std_over_raw,0.9601255953106245,0.9596237744408447,0.9606338455357825,1449,1449,1449,1449,,5000,5000,1.0,3021694564,20260901
B2_feature,0.25,per_class,all,micro,linear_solve_relative_residual,5.411742949545479e-06,5.292897142562138e-06,5.524822809523513e-06,1449,1449,1449,1449,,5000,5000,1.0,3021694564,20260901
B2_feature,0.25,per_class,all,micro,cg_iterations,5.0,5.0,5.0,1449,1449,1449,1449,,5000,5000,1.0,3021694564,20260901
B2_feature,0.25,per_class,all,micro,solve_runtime_ms_per_map,0.003304701802057901,0.003290499138503329,0.0033208765213995684,1449,1449,1449,1449,,5000,5000,1.0,3021694564,20260901
B2_feature,0.5,all_class_maps,all,micro,fidelity,0.02445297141329966,0.024232975974016337,0.024688487621621995,1449,1449,28980,28980,,5000,5000,1.0,3021694564,20260901
B2_feature,0.5,all_class_maps,all,micro,relative_l2_change,0.02445297141329966,0.024232975974016337,0.024688487621621995,1449,1449,28980,28980,,5000,5000,1.0,3021694564,20260901
B2_feature,0.5,all_class_maps,all,micro,map_pearson,0.9946261810096401,0.9945590231056005,0.9946895126083685,1449,1449,28980,28980,,5000,5000,1.0,3021694564,20260901
B2_feature,0.5,all_class_maps,all,micro,map_spearman,0.9919586469174418,0.9918433708707841,0.9920722949579409,1449,1449,28980,28980,,5000,5000,1.0,3021694564,20260901
B2_feature,0.5,all_class_maps,all,micro,energy_raw,0.008956597696880028,0.008721826173557897,0.009209081520289037,1449,1449,28980,28980,,5000,5000,1.0,3021694564,20260901
B2_feature,0.5,all_class_maps,all,micro,energy_smoothed,0.005558620207075973,0.005391612551750506,0.005734487157644768,1449,1449,28980,28980,,5000,5000,1.0,3021694564,20260901
B2_feature,0.5,all_class_maps,all,micro,energy_retention,0.5426785375236478,0.541074855262073,0.54424518448426,1449,1449,28980,28980,,5000,5000,1.0,3021694564,20260901
B2_feature,0.5,all_class_maps,all,micro,smoothed_std_over_raw,0.9315507932808418,0.9311323501769224,0.9319680278581163,1449,1449,28980,28980,,5000,5000,1.0,3021694564,20260901
B2_feature,0.5,all_class_maps,all,micro,linear_solve_relative_residual,5.173692022771332e-06,5.114510546076492e-06,5.233702898284543e-06,1449,1449,28980,28980,,5000,5000,1.0,3021694564,20260901
B2_feature,0.5,all_class_maps,all,micro,cg_iterations,6.0,6.0,6.0,1449,1449,28980,28980,,5000,5000,1.0,3021694564,20260901
B2_feature,0.5,all_class_maps,all,micro,solve_runtime_ms_per_map,0.003639835531047555,0.003623906268391432,0.0036584160037539007,1449,1449,28980,28980,,5000,5000,1.0,3021694564,20260901
B2_feature,0.5,all_class_maps,all,macro_class,fidelity,0.024452971413299655,0.02423297597401633,0.02468848762162199,1449,1449,28980,28980,20,5000,5000,1.0,3021694564,20260901
B2_feature,0.5,all_class_maps,all,macro_class,relative_l2_change,0.024452971413299655,0.02423297597401633,0.02468848762162199,1449,1449,28980,28980,20,5000,5000,1.0,3021694564,20260901
B2_feature,0.5,all_class_maps,all,macro_class,map_pearson,0.9946261810096401,0.9945590231056003,0.9946895126083684,1449,1449,28980,28980,20,5000,5000,1.0,3021694564,20260901
B2_feature,0.5,all_class_maps,all,macro_class,map_spearman,0.991958646917442,0.991843370870784,0.992072294957941,1449,1449,28980,28980,20,5000,5000,1.0,3021694564,20260901
B2_feature,0.5,all_class_maps,all,macro_class,energy_raw,0.008956597696880026,0.008721826173557897,0.009209081520289037,1449,1449,28980,28980,20,5000,5000,1.0,3021694564,20260901
B2_feature,0.5,all_class_maps,all,macro_class,energy_smoothed,0.005558620207075973,0.005391612551750507,0.005734487157644769,1449,1449,28980,28980,20,5000,5000,1.0,3021694564,20260901
B2_feature,0.5,all_class_maps,all,macro_class,energy_retention,0.5426785375236477,0.5410748552620729,0.54424518448426,1449,1449,28980,28980,20,5000,5000,1.0,3021694564,20260901
B2_feature,0.5,all_class_maps,all,macro_class,smoothed_std_over_raw,0.9315507932808418,0.9311323501769224,0.9319680278581162,1449,1449,28980,28980,20,5000,5000,1.0,3021694564,20260901
B2_feature,0.5,all_class_maps,all,macro_class,linear_solve_relative_residual,5.173692022771332e-06,5.114510546076492e-06,5.2337028982845435e-06,1449,1449,28980,28980,20,5000,5000,1.0,3021694564,20260901
B2_feature,0.5,all_class_maps,all,macro_class,cg_iterations,6.0,6.0,6.0,1449,1449,28980,28980,20,5000,5000,1.0,3021694564,20260901
B2_feature,0.5,all_class_maps,all,macro_class,solve_runtime_ms_per_map,0.0036398355310475563,0.003623906268391431,0.0036584160037539015,1449,1449,28980,28980,20,5000,5000,1.0,3021694564,20260901
B2_feature,0.5,all_class_maps,single_label,micro,fidelity,0.022747331079971667,0.02249439656024421,0.022999725399571274,927,927,18540,18540,,5000,5000,1.0,3021694564,20260901
B2_feature,0.5,all_class_maps,single_label,micro,relative_l2_change,0.022747331079971667,0.02249439656024421,0.022999725399571274,927,927,18540,18540,,5000,5000,1.0,3021694564,20260901
B2_feature,0.5,all_class_maps,single_label,micro,map_pearson,0.9945899469181172,0.9945023692274686,0.9946767626115258,927,927,18540,18540,,5000,5000,1.0,3021694564,20260901
B2_feature,0.5,all_class_maps,single_label,micro,map_spearman,0.9915158322135221,0.991350500526423,0.9916726815350104,927,927,18540,18540,,5000,5000,1.0,3021694564,20260901
B2_feature,0.5,all_class_maps,single_label,micro,energy_raw,0.007069171715664407,0.006839880156581145,0.00729974142602533,927,927,18540,18540,,5000,5000,1.0,3021694564,20260901
B2_feature,0.5,all_class_maps,single_label,micro,energy_smoothed,0.004177448746457293,0.0040220090090983,0.00433571590819151,927,927,18540,18540,,5000,5000,1.0,3021694564,20260901
B2_feature,0.5,all_class_maps,single_label,micro,energy_retention,0.5324301343069622,0.5305889283923156,0.5343078021199604,927,927,18540,18540,,5000,5000,1.0,3021694564,20260901
B2_feature,0.5,all_class_maps,single_label,micro,smoothed_std_over_raw,0.9299384664756195,0.9294092394157585,0.9304554214668506,927,927,18540,18540,,5000,5000,1.0,3021694564,20260901
B2_feature,0.5,all_class_maps,single_label,micro,linear_solve_relative_residual,5.449759312106017e-06,5.377624375279537e-06,5.521075813186261e-06,927,927,18540,18540,,5000,5000,1.0,3021694564,20260901
B2_feature,0.5,all_class_maps,single_label,micro,cg_iterations,6.0,6.0,6.0,927,927,18540,18540,,5000,5000,1.0,3021694564,20260901
B2_feature,0.5,all_class_maps,single_label,micro,solve_runtime_ms_per_map,0.0036402177228554646,0.0036206565741642095,0.003664623080551392,927,927,18540,18540,,5000,5000,1.0,3021694564,20260901
B2_feature,0.5,all_class_maps,single_label,macro_class,fidelity,0.022747331079971667,0.02249439656024421,0.022999725399571277,927,927,18540,18540,20,5000,5000,1.0,3021694564,20260901
B2_feature,0.5,all_class_maps,single_label,macro_class,relative_l2_change,0.022747331079971667,0.02249439656024421,0.022999725399571277,927,927,18540,18540,20,5000,5000,1.0,3021694564,20260901
B2_feature,0.5,all_class_maps,single_label,macro_class,map_pearson,0.9945899469181173,0.9945023692274685,0.9946767626115258,927,927,18540,18540,20,5000,5000,1.0,3021694564,20260901
B2_feature,0.5,all_class_maps,single_label,macro_class,map_spearman,0.991515832213522,0.9913505005264229,0.9916726815350102,927,927,18540,18540,20,5000,5000,1.0,3021694564,20260901
B2_feature,0.5,all_class_maps,single_label,macro_class,energy_raw,0.007069171715664407,0.006839880156581145,0.007299741426025329,927,927,18540,18540,20,5000,5000,1.0,3021694564,20260901
B2_feature,0.5,all_class_maps,single_label,macro_class,energy_smoothed,0.004177448746457294,0.0040220090090983,0.004335715908191511,927,927,18540,18540,20,5000,5000,1.0,3021694564,20260901
B2_feature,0.5,all_class_maps,single_label,macro_class,energy_retention,0.5324301343069622,0.5305889283923156,0.5343078021199603,927,927,18540,18540,20,5000,5000,1.0,3021694564,20260901
B2_feature,0.5,all_class_maps,single_label,macro_class,smoothed_std_over_raw,0.9299384664756193,0.9294092394157584,0.9304554214668505,927,927,18540,18540,20,5000,5000,1.0,3021694564,20260901
B2_feature,0.5,all_class_maps,single_label,macro_class,linear_solve_relative_residual,5.449759312106016e-06,5.377624375279537e-06,5.521075813186261e-06,927,927,18540,18540,20,5000,5000,1.0,3021694564,20260901
B2_feature,0.5,all_class_maps,single_label,macro_class,cg_iterations,6.0,6.0,6.0,927,927,18540,18540,20,5000,5000,1.0,3021694564,20260901
B2_feature,0.5,all_class_maps,single_label,macro_class,solve_runtime_ms_per_map,0.0036402177228554663,0.003620656574164209,0.0036646230805513916,927,927,18540,18540,20,5000,5000,1.0,3021694564,20260901
B2_feature,0.5,all_class_maps,exactly_2_labels,micro,fidelity,0.026696140635261933,0.02637289232701684,0.02702703075131712,375,375,7500,7500,,5000,5000,1.0,3021694564,20260901
B2_feature,0.5,all_class_maps,exactly_2_labels,micro,relative_l2_change,0.026696140635261933,0.02637289232701684,0.02702703075131712,375,375,7500,7500,,5000,5000,1.0,3021694564,20260901
B2_feature,0.5,all_class_maps,exactly_2_labels,micro,map_pearson,0.99463402197361,0.9945054553170999,0.9947559613851706,375,375,7500,7500,,5000,5000,1.0,3021694564,20260901
B2_feature,0.5,all_class_maps,exactly_2_labels,micro,map_spearman,0.9926666001796722,0.9924935308061044,0.9928292206656932,375,375,7500,7500,,5000,5000,1.0,3021694564,20260901
B2_feature,0.5,all_class_maps,exactly_2_labels,micro,energy_raw,0.011238184535394734,0.010844686388792083,0.011660325369330045,375,375,7500,7500,,5000,5000,1.0,3021694564,20260901
B2_feature,0.5,all_class_maps,exactly_2_labels,micro,energy_smoothed,0.00720367614835656,0.006917184761398821,0.00750586315368244,375,375,7500,7500,,5000,5000,1.0,3021694564,20260901
B2_feature,0.5,all_class_maps,exactly_2_labels,micro,energy_retention,0.556856815135479,0.5542870208189884,0.5594064872334401,375,375,7500,7500,,5000,5000,1.0,3021694564,20260901
B2_feature,0.5,all_class_maps,exactly_2_labels,micro,smoothed_std_over_raw,0.9339410959323248,0.9331469271232684,0.9347216354393959,375,375,7500,7500,,5000,5000,1.0,3021694564,20260901
B2_feature,0.5,all_class_maps,exactly_2_labels,micro,linear_solve_relative_residual,4.728689674432947e-06,4.614255745287134e-06,4.840709597596439e-06,375,375,7500,7500,,5000,5000,1.0,3021694564,20260901
B2_feature,0.5,all_class_maps,exactly_2_labels,micro,cg_iterations,6.0,6.0,6.0,375,375,7500,7500,,5000,5000,1.0,3021694564,20260901
B2_feature,0.5,all_class_maps,exactly_2_labels,micro,solve_runtime_ms_per_map,0.003637913743861847,0.0036132342028577114,0.0036742377278601956,375,375,7500,7500,,5000,5000,1.0,3021694564,20260901
B2_feature,0.5,all_class_maps,exactly_2_labels,macro_class,fidelity,0.026696140635261927,0.026372892327016836,0.027027030751317117,375,375,7500,7500,20,5000,5000,1.0,3021694564,20260901
B2_feature,0.5,all_class_maps,exactly_2_labels,macro_class,relative_l2_change,0.026696140635261927,0.026372892327016836,0.027027030751317117,375,375,7500,7500,20,5000,5000,1.0,3021694564,20260901
B2_feature,0.5,all_class_maps,exactly_2_labels,macro_class,map_pearson,0.9946340219736097,0.9945054553170999,0.9947559613851706,375,375,7500,7500,20,5000,5000,1.0,3021694564,20260901
B2_feature,0.5,all_class_maps,exactly_2_labels,macro_class,map_spearman,0.9926666001796722,0.9924935308061044,0.9928292206656931,375,375,7500,7500,20,5000,5000,1.0,3021694564,20260901
B2_feature,0.5,all_class_maps,exactly_2_labels,macro_class,energy_raw,0.01123818453539473,0.010844686388792086,0.011660325369330043,375,375,7500,7500,20,5000,5000,1.0,3021694564,20260901
B2_feature,0.5,all_class_maps,exactly_2_labels,macro_class,energy_smoothed,0.0072036761483565605,0.006917184761398822,0.00750586315368244,375,375,7500,7500,20,5000,5000,1.0,3021694564,20260901
B2_feature,0.5,all_class_maps,exactly_2_labels,macro_class,energy_retention,0.5568568151354789,0.5542870208189884,0.5594064872334401,375,375,7500,7500,20,5000,5000,1.0,3021694564,20260901
B2_feature,0.5,all_class_maps,exactly_2_labels,macro_class,smoothed_std_over_raw,0.9339410959323248,0.9331469271232683,0.9347216354393957,375,375,7500,7500,20,5000,5000,1.0,3021694564,20260901
B2_feature,0.5,all_class_maps,exactly_2_labels,macro_class,linear_solve_relative_residual,4.728689674432947e-06,4.614255745287133e-06,4.840709597596439e-06,375,375,7500,7500,20,5000,5000,1.0,3021694564,20260901
B2_feature,0.5,all_class_maps,exactly_2_labels,macro_class,cg_iterations,6.0,6.0,6.0,375,375,7500,7500,20,5000,5000,1.0,3021694564,20260901
B2_feature,0.5,all_class_maps,exactly_2_labels,macro_class,solve_runtime_ms_per_map,0.003637913743861848,0.0036132342028577114,0.0036742377278601956,375,375,7500,7500,20,5000,5000,1.0,3021694564,20260901
B2_feature,0.5,all_class_maps,3plus_labels,micro,fidelity,0.029486577744994844,0.029013661132273296,0.029960100599659645,147,147,2940,2940,,5000,5000,1.0,3021694564,20260901
B2_feature,0.5,all_class_maps,3plus_labels,micro,relative_l2_change,0.029486577744994844,0.029013661132273296,0.029960100599659645,147,147,2940,2940,,5000,5000,1.0,3021694564,20260901
B2_feature,0.5,all_class_maps,3plus_labels,micro,map_pearson,0.9948346751685045,0.9946915570519814,0.9949668593496895,147,147,2940,2940,,5000,5000,1.0,3021694564,20260901
B2_feature,0.5,all_class_maps,3plus_labels,micro,map_spearman,0.9929450874425927,0.9927450850276518,0.9931342477620054,147,147,2940,2940,,5000,5000,1.0,3021694564,20260901
B2_feature,0.5,all_class_maps,3plus_labels,micro,energy_raw,0.015038562459763469,0.014316180872184076,0.01575168666814899,147,147,2940,2940,,5000,5000,1.0,3021694564,20260901
B2_feature,0.5,all_class_maps,3plus_labels,micro,energy_smoothed,0.010071885281996358,0.009540217221494,0.010603293821696337,147,147,2940,2940,,5000,5000,1.0,3021694564,20260901
B2_feature,0.5,all_class_maps,3plus_labels,micro,energy_retention,0.5711371475741976,0.5677920903067808,0.5743973581685501,147,147,2940,2940,,5000,5000,1.0,3021694564,20260901
B2_feature,0.5,all_class_maps,3plus_labels,micro,smoothed_std_over_raw,0.9356206126967255,0.9342837460212359,0.9368962748977198,147,147,2940,2940,,5000,5000,1.0,3021694564,20260901
B2_feature,0.5,all_class_maps,3plus_labels,micro,linear_solve_relative_residual,4.567987964360729e-06,4.397480472988491e-06,4.732446560956034e-06,147,147,2940,2940,,5000,5000,1.0,3021694564,20260901
B2_feature,0.5,all_class_maps,3plus_labels,micro,cg_iterations,6.0,6.0,6.0,147,147,2940,2940,,5000,5000,1.0,3021694564,20260901
B2_feature,0.5,all_class_maps,3plus_labels,micro,solve_runtime_ms_per_map,0.00364232790103877,0.0036095423816039415,0.00370489991293071,147,147,2940,2940,,5000,5000,1.0,3021694564,20260901
B2_feature,0.5,all_class_maps,3plus_labels,macro_class,fidelity,0.029486577744994847,0.029013661132273296,0.029960100599659645,147,147,2940,2940,20,5000,5000,1.0,3021694564,20260901
B2_feature,0.5,all_class_maps,3plus_labels,macro_class,relative_l2_change,0.029486577744994847,0.029013661132273296,0.029960100599659645,147,147,2940,2940,20,5000,5000,1.0,3021694564,20260901
B2_feature,0.5,all_class_maps,3plus_labels,macro_class,map_pearson,0.9948346751685044,0.9946915570519812,0.9949668593496898,147,147,2940,2940,20,5000,5000,1.0,3021694564,20260901
B2_feature,0.5,all_class_maps,3plus_labels,macro_class,map_spearman,0.9929450874425927,0.9927450850276519,0.9931342477620057,147,147,2940,2940,20,5000,5000,1.0,3021694564,20260901
B2_feature,0.5,all_class_maps,3plus_labels,macro_class,energy_raw,0.015038562459763469,0.014316180872184076,0.015751686668148985,147,147,2940,2940,20,5000,5000,1.0,3021694564,20260901
B2_feature,0.5,all_class_maps,3plus_labels,macro_class,energy_smoothed,0.010071885281996356,0.009540217221494,0.010603293821696337,147,147,2940,2940,20,5000,5000,1.0,3021694564,20260901
B2_feature,0.5,all_class_maps,3plus_labels,macro_class,energy_retention,0.5711371475741975,0.5677920903067807,0.5743973581685501,147,147,2940,2940,20,5000,5000,1.0,3021694564,20260901
B2_feature,0.5,all_class_maps,3plus_labels,macro_class,smoothed_std_over_raw,0.9356206126967255,0.9342837460212361,0.9368962748977196,147,147,2940,2940,20,5000,5000,1.0,3021694564,20260901
B2_feature,0.5,all_class_maps,3plus_labels,macro_class,linear_solve_relative_residual,4.567987964360729e-06,4.397480472988491e-06,4.7324465609560335e-06,147,147,2940,2940,20,5000,5000,1.0,3021694564,20260901
B2_feature,0.5,all_class_maps,3plus_labels,macro_class,cg_iterations,6.0,6.0,6.0,147,147,2940,2940,20,5000,5000,1.0,3021694564,20260901
B2_feature,0.5,all_class_maps,3plus_labels,macro_class,solve_runtime_ms_per_map,0.0036423279010387713,0.003609542381603941,0.00370489991293071,147,147,2940,2940,20,5000,5000,1.0,3021694564,20260901
B2_feature,0.5,per_class,all,micro,fidelity,0.021154762673133237,0.02087249097899901,0.02145797606090661,1449,1449,1449,1449,,5000,5000,1.0,3021694564,20260901
B2_feature,0.5,per_class,all,micro,relative_l2_change,0.021154762673133237,0.02087249097899901,0.02145797606090661,1449,1449,1449,1449,,5000,5000,1.0,3021694564,20260901
B2_feature,0.5,per_class,all,micro,map_pearson,0.9947089310182712,0.994623140678108,0.994789173672576,1449,1449,1449,1449,,5000,5000,1.0,3021694564,20260901
B2_feature,0.5,per_class,all,micro,map_spearman,0.9924255018402084,0.992277797458088,0.9925702934422684,1449,1449,1449,1449,,5000,5000,1.0,3021694564,20260901
B2_feature,0.5,per_class,all,micro,energy_raw,0.005577722238874856,0.005200935301698794,0.005999642234260899,1449,1449,1449,1449,,5000,5000,1.0,3021694564,20260901
B2_feature,0.5,per_class,all,micro,energy_smoothed,0.003224743641066134,0.0029355400130386903,0.0035486488227597984,1449,1449,1449,1449,,5000,5000,1.0,3021694564,20260901
B2_feature,0.5,per_class,all,micro,energy_retention,0.5316703544558123,0.5289249214357225,0.534462945921677,1449,1449,1449,1449,,5000,5000,1.0,3021694564,20260901
B2_feature,0.5,per_class,all,micro,smoothed_std_over_raw,0.9296381429938138,0.9288494513292326,0.9304328028192349,1449,1449,1449,1449,,5000,5000,1.0,3021694564,20260901
B2_feature,0.5,per_class,all,micro,linear_solve_relative_residual,5.816235357498987e-06,5.671569755710903e-06,5.955547050566245e-06,1449,1449,1449,1449,,5000,5000,1.0,3021694564,20260901
B2_feature,0.5,per_class,all,micro,cg_iterations,6.0,6.0,6.0,1449,1449,1449,1449,,5000,5000,1.0,3021694564,20260901
B2_feature,0.5,per_class,all,micro,solve_runtime_ms_per_map,0.003639835531047558,0.003623906268391432,0.0036584160037539007,1449,1449,1449,1449,,5000,5000,1.0,3021694564,20260901
B2_feature,0.5,per_class,all,micro,fidelity,0.02254988121355995,0.02208353717425122,0.02304932357797372,1449,1449,1449,1449,,5000,5000,1.0,3021694564,20260901
B2_feature,0.5,per_class,all,micro,relative_l2_change,0.02254988121355995,0.02208353717425122,0.02304932357797372,1449,1449,1449,1449,,5000,5000,1.0,3021694564,20260901
B2_feature,0.5,per_class,all,micro,map_pearson,0.994802328905128,0.9947171260512147,0.9948831635407122,1449,1449,1449,1449,,5000,5000,1.0,3021694564,20260901
B2_feature,0.5,per_class,all,micro,map_spearman,0.9924134156718758,0.9922595979901657,0.9925646656593263,1449,1449,1449,1449,,5000,5000,1.0,3021694564,20260901
B2_feature,0.5,per_class,all,micro,energy_raw,0.007209772725584432,0.006601334033033241,0.007877625366264334,1449,1449,1449,1449,,5000,5000,1.0,3021694564,20260901
B2_feature,0.5,per_class,all,micro,energy_smoothed,0.004352447866613857,0.0039045799693183574,0.004849513211569799,1449,1449,1449,1449,,5000,5000,1.0,3021694564,20260901
B2_feature,0.5,per_class,all,micro,energy_retention,0.5329491431092788,0.5299881671906916,0.535999610852463,1449,1449,1449,1449,,5000,5000,1.0,3021694564,20260901
B2_feature,0.5,per_class,all,micro,smoothed_std_over_raw,0.9318859796839964,0.9310636326547241,0.9326886447227519,1449,1449,1449,1449,,5000,5000,1.0,3021694564,20260901
B2_feature,0.5,per_class,all,micro,linear_solve_relative_residual,5.616228714220462e-06,5.481941531941587e-06,5.752379532781639e-06,1449,1449,1449,1449,,5000,5000,1.0,3021694564,20260901
B2_feature,0.5,per_class,all,micro,cg_iterations,6.0,6.0,6.0,1449,1449,1449,1449,,5000,5000,1.0,3021694564,20260901
B2_feature,0.5,per_class,all,micro,solve_runtime_ms_per_map,0.003639835531047558,0.003623906268391432,0.0036584160037539007,1449,1449,1449,1449,,5000,5000,1.0,3021694564,20260901
B2_feature,0.5,per_class,all,micro,fidelity,0.02163656191608571,0.021402484498303603,0.02189751328419048,1449,1449,1449,1449,,5000,5000,1.0,3021694564,20260901
B2_feature,0.5,per_class,all,micro,relative_l2_change,0.02163656191608571,0.021402484498303603,0.02189751328419048,1449,1449,1449,1449,,5000,5000,1.0,3021694564,20260901
B2_feature,0.5,per_class,all,micro,map_pearson,0.99400795513881,0.9939185802621049,0.9940942589293849,1449,1449,1449,1449,,5000,5000,1.0,3021694564,20260901
B2_feature,0.5,per_class,all,micro,map_spearman,0.9913627161825007,0.991176327481979,0.9915425278467503,1449,1449,1449,1449,,5000,5000,1.0,3021694564,20260901
B2_feature,0.5,per_class,all,micro,energy_raw,0.005383211009177393,0.005148118020731408,0.0056604553572576445,1449,1449,1449,1449,,5000,5000,1.0,3021694564,20260901
B2_feature,0.5,per_class,all,micro,energy_smoothed,0.002942352247018858,0.002774377991720935,0.0031389343563237968,1449,1449,1449,1449,,5000,5000,1.0,3021694564,20260901
B2_feature,0.5,per_class,all,micro,energy_retention,0.5229794387573864,0.5207069165336213,0.5253295488079677,1449,1449,1449,1449,,5000,5000,1.0,3021694564,20260901
B2_feature,0.5,per_class,all,micro,smoothed_std_over_raw,0.928876647421045,0.9280676734980178,0.9296755946385934,1449,1449,1449,1449,,5000,5000,1.0,3021694564,20260901
B2_feature,0.5,per_class,all,micro,linear_solve_relative_residual,5.770891082568008e-06,5.6231636466456045e-06,5.913657439330016e-06,1449,1449,1449,1449,,5000,5000,1.0,3021694564,20260901
B2_feature,0.5,per_class,all,micro,cg_iterations,6.0,6.0,6.0,1449,1449,1449,1449,,5000,5000,1.0,3021694564,20260901
B2_feature,0.5,per_class,all,micro,solve_runtime_ms_per_map,0.003639835531047558,0.003623906268391432,0.0036584160037539007,1449,1449,1449,1449,,5000,5000,1.0,3021694564,20260901
B2_feature,0.5,per_class,all,micro,fidelity,0.021884210872431104,0.021473544777539388,0.022322206172961653,1449,1449,1449,1449,,5000,5000,1.0,3021694564,20260901
B2_feature,0.5,per_class,all,micro,relative_l2_change,0.021884210872431104,0.021473544777539388,0.022322206172961653,1449,1449,1449,1449,,5000,5000,1.0,3021694564,20260901
B2_feature,0.5,per_class,all,micro,map_pearson,0.9949082444666829,0.9948300917501117,0.9949870583546664,1449,1449,1449,1449,,5000,5000,1.0,3021694564,20260901
B2_feature,0.5,per_class,all,micro,map_spearman,0.9927877790768284,0.9926555969731161,0.992921587538933,1449,1449,1449,1449,,5000,5000,1.0,3021694564,20260901
B2_feature,0.5,per_class,all,micro,energy_raw,0.006574670967917177,0.006032473684603983,0.007189257692589358,1449,1449,1449,1449,,5000,5000,1.0,3021694564,20260901
B2_feature,0.5,per_class,all,micro,energy_smoothed,0.003954182249838403,0.0035449904470212083,0.004420663164565209,1449,1449,1449,1449,,5000,5000,1.0,3021694564,20260901
B2_feature,0.5,per_class,all,micro,energy_retention,0.542627582618333,0.5398771274040451,0.5454617813538073,1449,1449,1449,1449,,5000,5000,1.0,3021694564,20260901
B2_feature,0.5,per_class,all,micro,smoothed_std_over_raw,0.9313452026612024,0.9305463332104387,0.9321673357019842,1449,1449,1449,1449,,5000,5000,1.0,3021694564,20260901
B2_feature,0.5,per_class,all,micro,linear_solve_relative_residual,5.651166481651529e-06,5.508063499328141e-06,5.791233431649015e-06,1449,1449,1449,1449,,5000,5000,1.0,3021694564,20260901
B2_feature,0.5,per_class,all,micro,cg_iterations,6.0,6.0,6.0,1449,1449,1449,1449,,5000,5000,1.0,3021694564,20260901
B2_feature,0.5,per_class,all,micro,solve_runtime_ms_per_map,0.003639835531047558,0.003623906268391432,0.0036584160037539007,1449,1449,1449,1449,,5000,5000,1.0,3021694564,20260901
B2_feature,0.5,per_class,all,micro,fidelity,0.026357874393159765,0.02574190642042606,0.02697690113703415,1449,1449,1449,1449,,5000,5000,1.0,3021694564,20260901
B2_feature,0.5,per_class,all,micro,relative_l2_change,0.026357874393159765,0.02574190642042606,0.02697690113703415,1449,1449,1449,1449,,5000,5000,1.0,3021694564,20260901
B2_feature,0.5,per_class,all,micro,map_pearson,0.9942378514877593,0.9941186233151773,0.9943547365283292,1449,1449,1449,1449,,5000,5000,1.0,3021694564,20260901
B2_feature,0.5,per_class,all,micro,map_spearman,0.9910308619545936,0.9907726294402833,0.9912723999596448,1449,1449,1449,1449,,5000,5000,1.0,3021694564,20260901
B2_feature,0.5,per_class,all,micro,energy_raw,0.010478428331813713,0.009637760239132835,0.011359181032932875,1449,1449,1449,1449,,5000,5000,1.0,3021694564,20260901
B2_feature,0.5,per_class,all,micro,energy_smoothed,0.006559398740236284,0.005916453378050963,0.007220950189003659,1449,1449,1449,1449,,5000,5000,1.0,3021694564,20260901
B2_feature,0.5,per_class,all,micro,energy_retention,0.5433974850992238,0.539657025921028,0.547140197916081,1449,1449,1449,1449,,5000,5000,1.0,3021694564,20260901
B2_feature,0.5,per_class,all,micro,smoothed_std_over_raw,0.9323013740378959,0.9313783000509355,0.9332547830622142,1449,1449,1449,1449,,5000,5000,1.0,3021694564,20260901
B2_feature,0.5,per_class,all,micro,linear_solve_relative_residual,4.747977868411182e-06,4.609176469434474e-06,4.887016543995024e-06,1449,1449,1449,1449,,5000,5000,1.0,3021694564,20260901
B2_feature,0.5,per_class,all,micro,cg_iterations,6.0,6.0,6.0,1449,1449,1449,1449,,5000,5000,1.0,3021694564,20260901
B2_feature,0.5,per_class,all,micro,solve_runtime_ms_per_map,0.003639835531047558,0.003623906268391432,0.0036584160037539007,1449,1449,1449,1449,,5000,5000,1.0,3021694564,20260901
B2_feature,0.5,per_class,all,micro,fidelity,0.02285263809363253,0.022486166358463275,0.023238489972321433,1449,1449,1449,1449,,5000,5000,1.0,3021694564,20260901
B2_feature,0.5,per_class,all,micro,relative_l2_change,0.02285263809363253,0.022486166358463275,0.023238489972321433,1449,1449,1449,1449,,5000,5000,1.0,3021694564,20260901
B2_feature,0.5,per_class,all,micro,map_pearson,0.9946775484940692,0.9945854620091499,0.9947663500925604,1449,1449,1449,1449,,5000,5000,1.0,3021694564,20260901
B2_feature,0.5,per_class,all,micro,map_spearman,0.9917035573840224,0.9915064989409832,0.9919019952426704,1449,1449,1449,1449,,5000,5000,1.0,3021694564,20260901
B2_feature,0.5,per_class,all,micro,energy_raw,0.006906399086536808,0.006454728713769754,0.007393478762766242,1449,1449,1449,1449,,5000,5000,1.0,3021694564,20260901
B2_feature,0.5,per_class,all,micro,energy_smoothed,0.0041159792598195535,0.0037751010667108156,0.004483446235558563,1449,1449,1449,1449,,5000,5000,1.0,3021694564,20260901
B2_feature,0.5,per_class,all,micro,energy_retention,0.5386324697852217,0.5355271864864972,0.5417924454580965,1449,1449,1449,1449,,5000,5000,1.0,3021694564,20260901
B2_feature,0.5,per_class,all,micro,smoothed_std_over_raw,0.9306789411192026,0.9298391858171067,0.9315146098194902,1449,1449,1449,1449,,5000,5000,1.0,3021694564,20260901
B2_feature,0.5,per_class,all,micro,linear_solve_relative_residual,5.280105259978021e-06,5.128157593682095e-06,5.4306298843394295e-06,1449,1449,1449,1449,,5000,5000,1.0,3021694564,20260901
B2_feature,0.5,per_class,all,micro,cg_iterations,6.0,6.0,6.0,1449,1449,1449,1449,,5000,5000,1.0,3021694564,20260901
B2_feature,0.5,per_class,all,micro,solve_runtime_ms_per_map,0.003639835531047558,0.003623906268391432,0.0036584160037539007,1449,1449,1449,1449,,5000,5000,1.0,3021694564,20260901
B2_feature,0.5,per_class,all,micro,fidelity,0.027506885649038644,0.02679207417672067,0.02824122112848859,1449,1449,1449,1449,,5000,5000,1.0,3021694564,20260901
B2_feature,0.5,per_class,all,micro,relative_l2_change,0.027506885649038644,0.02679207417672067,0.02824122112848859,1449,1449,1449,1449,,5000,5000,1.0,3021694564,20260901
B2_feature,0.5,per_class,all,micro,map_pearson,0.9946824022208188,0.9945809128748869,0.9947775071986878,1449,1449,1449,1449,,5000,5000,1.0,3021694564,20260901
B2_feature,0.5,per_class,all,micro,map_spearman,0.992259410967738,0.9920810377427098,0.992428588611122,1449,1449,1449,1449,,5000,5000,1.0,3021694564,20260901
B2_feature,0.5,per_class,all,micro,energy_raw,0.011820598098264945,0.010897819219469468,0.012781903412942006,1449,1449,1449,1449,,5000,5000,1.0,3021694564,20260901
B2_feature,0.5,per_class,all,micro,energy_smoothed,0.007341101586631016,0.006698332089593578,0.008014399899384957,1449,1449,1449,1449,,5000,5000,1.0,3021694564,20260901
B2_feature,0.5,per_class,all,micro,energy_retention,0.5557028697925737,0.5522680826623988,0.5591773872157678,1449,1449,1449,1449,,5000,5000,1.0,3021694564,20260901
B2_feature,0.5,per_class,all,micro,smoothed_std_over_raw,0.9338893294334412,0.9329162763543504,0.9348369575414762,1449,1449,1449,1449,,5000,5000,1.0,3021694564,20260901
B2_feature,0.5,per_class,all,micro,linear_solve_relative_residual,4.334143671423139e-06,4.1918396120518074e-06,4.4795193596893e-06,1449,1449,1449,1449,,5000,5000,1.0,3021694564,20260901
B2_feature,0.5,per_class,all,micro,cg_iterations,6.0,6.0,6.0,1449,1449,1449,1449,,5000,5000,1.0,3021694564,20260901
B2_feature,0.5,per_class,all,micro,solve_runtime_ms_per_map,0.003639835531047558,0.003623906268391432,0.0036584160037539007,1449,1449,1449,1449,,5000,5000,1.0,3021694564,20260901
B2_feature,0.5,per_class,all,micro,fidelity,0.022096125625608667,0.021746737311537628,0.02247971849047802,1449,1449,1449,1449,,5000,5000,1.0,3021694564,20260901
B2_feature,0.5,per_class,all,micro,relative_l2_change,0.022096125625608667,0.021746737311537628,0.02247971849047802,1449,1449,1449,1449,,5000,5000,1.0,3021694564,20260901
B2_feature,0.5,per_class,all,micro,map_pearson,0.9947349625344603,0.9946424465762738,0.9948249502119071,1449,1449,1449,1449,,5000,5000,1.0,3021694564,20260901
B2_feature,0.5,per_class,all,micro,map_spearman,0.9923515240022279,0.9921905129510341,0.9925080109940387,1449,1449,1449,1449,,5000,5000,1.0,3021694564,20260901
B2_feature,0.5,per_class,all,micro,energy_raw,0.006650235861111779,0.006195138155739321,0.007165926370754956,1449,1449,1449,1449,,5000,5000,1.0,3021694564,20260901
B2_feature,0.5,per_class,all,micro,energy_smoothed,0.00404910972769153,0.00370001421425037,0.00444459849166741,1449,1449,1449,1449,,5000,5000,1.0,3021694564,20260901
B2_feature,0.5,per_class,all,micro,energy_retention,0.5402346284040671,0.5366882930641507,0.5439578524837624,1449,1449,1449,1449,,5000,5000,1.0,3021694564,20260901
B2_feature,0.5,per_class,all,micro,smoothed_std_over_raw,0.9327210985108686,0.9318481665600818,0.9335821218001916,1449,1449,1449,1449,,5000,5000,1.0,3021694564,20260901
B2_feature,0.5,per_class,all,micro,linear_solve_relative_residual,5.630826107165353e-06,5.485933452808298e-06,5.769299543260762e-06,1449,1449,1449,1449,,5000,5000,1.0,3021694564,20260901
B2_feature,0.5,per_class,all,micro,cg_iterations,6.0,6.0,6.0,1449,1449,1449,1449,,5000,5000,1.0,3021694564,20260901
B2_feature,0.5,per_class,all,micro,solve_runtime_ms_per_map,0.003639835531047558,0.003623906268391432,0.0036584160037539007,1449,1449,1449,1449,,5000,5000,1.0,3021694564,20260901
B2_feature,0.5,per_class,all,micro,fidelity,0.030606487617436527,0.02980283685640758,0.031488655996316076,1449,1449,1449,1449,,5000,5000,1.0,3021694564,20260901
B2_feature,0.5,per_class,all,micro,relative_l2_change,0.030606487617436527,0.02980283685640758,0.031488655996316076,1449,1449,1449,1449,,5000,5000,1.0,3021694564,20260901
B2_feature,0.5,per_class,all,micro,map_pearson,0.9941821190058733,0.9940527099013081,0.9943073419927317,1449,1449,1449,1449,,5000,5000,1.0,3021694564,20260901
B2_feature,0.5,per_class,all,micro,map_spearman,0.9908399592192935,0.9905927292390723,0.9910861086956463,1449,1449,1449,1449,,5000,5000,1.0,3021694564,20260901
B2_feature,0.5,per_class,all,micro,energy_raw,0.01570258402062183,0.014479523251258805,0.017069417916641946,1449,1449,1449,1449,,5000,5000,1.0,3021694564,20260901
B2_feature,0.5,per_class,all,micro,energy_smoothed,0.010235570502710728,0.00931255061481806,0.011234048830941288,1449,1449,1449,1449,,5000,5000,1.0,3021694564,20260901
B2_feature,0.5,per_class,all,micro,energy_retention,0.5503639683302227,0.5461056019007913,0.5547330000642828,1449,1449,1449,1449,,5000,5000,1.0,3021694564,20260901
B2_feature,0.5,per_class,all,micro,smoothed_std_over_raw,0.931071752881576,0.9300583989631315,0.932078437974035,1449,1449,1449,1449,,5000,5000,1.0,3021694564,20260901
B2_feature,0.5,per_class,all,micro,linear_solve_relative_residual,4.380571059216456e-06,4.240607555667709e-06,4.528681468183839e-06,1449,1449,1449,1449,,5000,5000,1.0,3021694564,20260901
B2_feature,0.5,per_class,all,micro,cg_iterations,6.0,6.0,6.0,1449,1449,1449,1449,,5000,5000,1.0,3021694564,20260901
B2_feature,0.5,per_class,all,micro,solve_runtime_ms_per_map,0.003639835531047558,0.003623906268391432,0.0036584160037539007,1449,1449,1449,1449,,5000,5000,1.0,3021694564,20260901
B2_feature,0.5,per_class,all,micro,fidelity,0.02181442329895299,0.02138668742098989,0.022273229117253945,1449,1449,1449,1449,,5000,5000,1.0,3021694564,20260901
B2_feature,0.5,per_class,all,micro,relative_l2_change,0.02181442329895299,0.02138668742098989,0.022273229117253945,1449,1449,1449,1449,,5000,5000,1.0,3021694564,20260901
B2_feature,0.5,per_class,all,micro,map_pearson,0.9943437924296219,0.9942393095833503,0.9944484141734323,1449,1449,1449,1449,,5000,5000,1.0,3021694564,20260901
B2_feature,0.5,per_class,all,micro,map_spearman,0.9910595931621812,0.9908585200059241,0.991260679922818,1449,1449,1449,1449,,5000,5000,1.0,3021694564,20260901
B2_feature,0.5,per_class,all,micro,energy_raw,0.00679435096917323,0.006186409915521117,0.007465021501636642,1449,1449,1449,1449,,5000,5000,1.0,3021694564,20260901
B2_feature,0.5,per_class,all,micro,energy_smoothed,0.00418883189828128,0.003719030561775338,0.00470654386112233,1449,1449,1449,1449,,5000,5000,1.0,3021694564,20260901
B2_feature,0.5,per_class,all,micro,energy_retention,0.5309036235055733,0.5276243767382937,0.534316849420612,1449,1449,1449,1449,,5000,5000,1.0,3021694564,20260901
B2_feature,0.5,per_class,all,micro,smoothed_std_over_raw,0.9314459817750114,0.930695381853151,0.9322262818059319,1449,1449,1449,1449,,5000,5000,1.0,3021694564,20260901
B2_feature,0.5,per_class,all,micro,linear_solve_relative_residual,6.202651744319861e-06,6.075746074010089e-06,6.325429739696057e-06,1449,1449,1449,1449,,5000,5000,1.0,3021694564,20260901
B2_feature,0.5,per_class,all,micro,cg_iterations,6.0,6.0,6.0,1449,1449,1449,1449,,5000,5000,1.0,3021694564,20260901
B2_feature,0.5,per_class,all,micro,solve_runtime_ms_per_map,0.003639835531047558,0.003623906268391432,0.0036584160037539007,1449,1449,1449,1449,,5000,5000,1.0,3021694564,20260901
B2_feature,0.5,per_class,all,micro,fidelity,0.023938826364359008,0.023426464158724132,0.024477813637888042,1449,1449,1449,1449,,5000,5000,1.0,3021694564,20260901
B2_feature,0.5,per_class,all,micro,relative_l2_change,0.023938826364359008,0.023426464158724132,0.024477813637888042,1449,1449,1449,1449,,5000,5000,1.0,3021694564,20260901
B2_feature,0.5,per_class,all,micro,map_pearson,0.9946173369432005,0.9945202088133889,0.9947058598293034,1449,1449,1449,1449,,5000,5000,1.0,3021694564,20260901
B2_feature,0.5,per_class,all,micro,map_spearman,0.9920393671966405,0.991847147160641,0.9922269184324888,1449,1449,1449,1449,,5000,5000,1.0,3021694564,20260901
B2_feature,0.5,per_class,all,micro,energy_raw,0.008282832249473931,0.0075700517012735275,0.009059911169352914,1449,1449,1449,1449,,5000,5000,1.0,3021694564,20260901
B2_feature,0.5,per_class,all,micro,energy_smoothed,0.005059326949077507,0.0045280130654182975,0.005640260952007761,1449,1449,1449,1449,,5000,5000,1.0,3021694564,20260901
B2_feature,0.5,per_class,all,micro,energy_retention,0.5379919687001931,0.5348580293326521,0.5410773886919146,1449,1449,1449,1449,,5000,5000,1.0,3021694564,20260901
B2_feature,0.5,per_class,all,micro,smoothed_std_over_raw,0.9307520662693421,0.9298929162184644,0.9315825917099244,1449,1449,1449,1449,,5000,5000,1.0,3021694564,20260901
B2_feature,0.5,per_class,all,micro,linear_solve_relative_residual,5.2311444727314444e-06,5.08913247791396e-06,5.3751141953851335e-06,1449,1449,1449,1449,,5000,5000,1.0,3021694564,20260901
B2_feature,0.5,per_class,all,micro,cg_iterations,6.0,6.0,6.0,1449,1449,1449,1449,,5000,5000,1.0,3021694564,20260901
B2_feature,0.5,per_class,all,micro,solve_runtime_ms_per_map,0.003639835531047558,0.003623906268391432,0.0036584160037539007,1449,1449,1449,1449,,5000,5000,1.0,3021694564,20260901
B2_feature,0.5,per_class,all,micro,fidelity,0.024864882448002994,0.024485892589571016,0.0252806834920886,1449,1449,1449,1449,,5000,5000,1.0,3021694564,20260901
B2_feature,0.5,per_class,all,micro,relative_l2_change,0.024864882448002994,0.024485892589571016,0.0252806834920886,1449,1449,1449,1449,,5000,5000,1.0,3021694564,20260901
B2_feature,0.5,per_class,all,micro,map_pearson,0.9942074089399118,0.9940900577511189,0.9943293596934746,1449,1449,1449,1449,,5000,5000,1.0,3021694564,20260901
B2_feature,0.5,per_class,all,micro,map_spearman,0.9913391437178402,0.9911116869275614,0.99156357614006,1449,1449,1449,1449,,5000,5000,1.0,3021694564,20260901
B2_feature,0.5,per_class,all,micro,energy_raw,0.008446614035123059,0.007901572864802343,0.009037839440877785,1449,1449,1449,1449,,5000,5000,1.0,3021694564,20260901
B2_feature,0.5,per_class,all,micro,energy_smoothed,0.005192118115032836,0.0047639420157941335,0.005656200057851922,1449,1449,1449,1449,,5000,5000,1.0,3021694564,20260901
B2_feature,0.5,per_class,all,micro,energy_retention,0.5433200365761546,0.5392694359523128,0.5477364375066396,1449,1449,1449,1449,,5000,5000,1.0,3021694564,20260901
B2_feature,0.5,per_class,all,micro,smoothed_std_over_raw,0.929908745942073,0.928876612544718,0.9310190581191483,1449,1449,1449,1449,,5000,5000,1.0,3021694564,20260901
B2_feature,0.5,per_class,all,micro,linear_solve_relative_residual,4.424425409844186e-06,4.2651778734534014e-06,4.580943953349669e-06,1449,1449,1449,1449,,5000,5000,1.0,3021694564,20260901
B2_feature,0.5,per_class,all,micro,cg_iterations,6.0,6.0,6.0,1449,1449,1449,1449,,5000,5000,1.0,3021694564,20260901
B2_feature,0.5,per_class,all,micro,solve_runtime_ms_per_map,0.003639835531047558,0.003623906268391432,0.0036584160037539007,1449,1449,1449,1449,,5000,5000,1.0,3021694564,20260901
B2_feature,0.5,per_class,all,micro,fidelity,0.022589350536367948,0.022189507822925836,0.023007787541670145,1449,1449,1449,1449,,5000,5000,1.0,3021694564,20260901
B2_feature,0.5,per_class,all,micro,relative_l2_change,0.022589350536367948,0.022189507822925836,0.023007787541670145,1449,1449,1449,1449,,5000,5000,1.0,3021694564,20260901
B2_feature,0.5,per_class,all,micro,map_pearson,0.994687225055168,0.994603735933516,0.9947697222500197,1449,1449,1449,1449,,5000,5000,1.0,3021694564,20260901
B2_feature,0.5,per_class,all,micro,map_spearman,0.9921396078941656,0.9919657606053056,0.9923082350717898,1449,1449,1449,1449,,5000,5000,1.0,3021694564,20260901
B2_feature,0.5,per_class,all,micro,energy_raw,0.006817095325051391,0.006302442568622008,0.007376192711010733,1449,1449,1449,1449,,5000,5000,1.0,3021694564,20260901
B2_feature,0.5,per_class,all,micro,energy_smoothed,0.00403843698851196,0.0036669629419939444,0.0044415512405860695,1449,1449,1449,1449,,5000,5000,1.0,3021694564,20260901
B2_feature,0.5,per_class,all,micro,energy_retention,0.5313647222609418,0.5282344133026893,0.5345944956289521,1449,1449,1449,1449,,5000,5000,1.0,3021694564,20260901
B2_feature,0.5,per_class,all,micro,smoothed_std_over_raw,0.9296903534952404,0.9289128282867768,0.9304922102421542,1449,1449,1449,1449,,5000,5000,1.0,3021694564,20260901
B2_feature,0.5,per_class,all,micro,linear_solve_relative_residual,5.671449976627786e-06,5.525913935734811e-06,5.814063552055304e-06,1449,1449,1449,1449,,5000,5000,1.0,3021694564,20260901
B2_feature,0.5,per_class,all,micro,cg_iterations,6.0,6.0,6.0,1449,1449,1449,1449,,5000,5000,1.0,3021694564,20260901
B2_feature,0.5,per_class,all,micro,solve_runtime_ms_per_map,0.003639835531047558,0.003623906268391432,0.0036584160037539007,1449,1449,1449,1449,,5000,5000,1.0,3021694564,20260901
B2_feature,0.5,per_class,all,micro,fidelity,0.022977616217596683,0.02259636167064052,0.02336934358029375,1449,1449,1449,1449,,5000,5000,1.0,3021694564,20260901
B2_feature,0.5,per_class,all,micro,relative_l2_change,0.022977616217596683,0.02259636167064052,0.02336934358029375,1449,1449,1449,1449,,5000,5000,1.0,3021694564,20260901
B2_feature,0.5,per_class,all,micro,map_pearson,0.9948448558936372,0.9947586728960501,0.9949296766268624,1449,1449,1449,1449,,5000,5000,1.0,3021694564,20260901
B2_feature,0.5,per_class,all,micro,map_spearman,0.9920695559414112,0.9918906298545083,0.9922383003579575,1449,1449,1449,1449,,5000,5000,1.0,3021694564,20260901
B2_feature,0.5,per_class,all,micro,energy_raw,0.007134925980111899,0.006654879319443149,0.007629530862397324,1449,1449,1449,1449,,5000,5000,1.0,3021694564,20260901
B2_feature,0.5,per_class,all,micro,energy_smoothed,0.00431451961038836,0.003942884291445318,0.004695617038968068,1449,1449,1449,1449,,5000,5000,1.0,3021694564,20260901
B2_feature,0.5,per_class,all,micro,energy_retention,0.5365445947466101,0.5331536282427233,0.5400159014415914,1449,1449,1449,1449,,5000,5000,1.0,3021694564,20260901
B2_feature,0.5,per_class,all,micro,smoothed_std_over_raw,0.9296982744959323,0.9287891025570774,0.9306201819883205,1449,1449,1449,1449,,5000,5000,1.0,3021694564,20260901
B2_feature,0.5,per_class,all,micro,linear_solve_relative_residual,5.378349264857835e-06,5.233479072340545e-06,5.522391305089874e-06,1449,1449,1449,1449,,5000,5000,1.0,3021694564,20260901
B2_feature,0.5,per_class,all,micro,cg_iterations,6.0,6.0,6.0,1449,1449,1449,1449,,5000,5000,1.0,3021694564,20260901
B2_feature,0.5,per_class,all,micro,solve_runtime_ms_per_map,0.003639835531047558,0.003623906268391432,0.0036584160037539007,1449,1449,1449,1449,,5000,5000,1.0,3021694564,20260901
B2_feature,0.5,per_class,all,micro,fidelity,0.03636051784157033,0.03535954079639264,0.03735827321279537,1449,1449,1449,1449,,5000,5000,1.0,3021694564,20260901
B2_feature,0.5,per_class,all,micro,relative_l2_change,0.03636051784157033,0.03535954079639264,0.03735827321279537,1449,1449,1449,1449,,5000,5000,1.0,3021694564,20260901
B2_feature,0.5,per_class,all,micro,map_pearson,0.9952556989865932,0.9951282035921918,0.9953790616843107,1449,1449,1449,1449,,5000,5000,1.0,3021694564,20260901
B2_feature,0.5,per_class,all,micro,map_spearman,0.9931679616885978,0.9929944626416233,0.9933439352970603,1449,1449,1449,1449,,5000,5000,1.0,3021694564,20260901
B2_feature,0.5,per_class,all,micro,energy_raw,0.023121428540814604,0.02153782951630288,0.024726441739222005,1449,1449,1449,1449,,5000,5000,1.0,3021694564,20260901
B2_feature,0.5,per_class,all,micro,energy_smoothed,0.015630527911257845,0.014492992234784754,0.01677806713842532,1449,1449,1449,1449,,5000,5000,1.0,3021694564,20260901
B2_feature,0.5,per_class,all,micro,energy_retention,0.6047525972930047,0.5996462434283448,0.6099183770018746,1449,1449,1449,1449,,5000,5000,1.0,3021694564,20260901
B2_feature,0.5,per_class,all,micro,smoothed_std_over_raw,0.9378164497797369,0.9365352023482898,0.9391332504747653,1449,1449,1449,1449,,5000,5000,1.0,3021694564,20260901
B2_feature,0.5,per_class,all,micro,linear_solve_relative_residual,3.654577852491003e-06,3.5397629839314746e-06,3.7728701365570944e-06,1449,1449,1449,1449,,5000,5000,1.0,3021694564,20260901
B2_feature,0.5,per_class,all,micro,cg_iterations,6.0,6.0,6.0,1449,1449,1449,1449,,5000,5000,1.0,3021694564,20260901
B2_feature,0.5,per_class,all,micro,solve_runtime_ms_per_map,0.003639835531047558,0.003623906268391432,0.0036584160037539007,1449,1449,1449,1449,,5000,5000,1.0,3021694564,20260901
B2_feature,0.5,per_class,all,micro,fidelity,0.028922262962771294,0.028323275448138688,0.029566039734284136,1449,1449,1449,1449,,5000,5000,1.0,3021694564,20260901
B2_feature,0.5,per_class,all,micro,relative_l2_change,0.028922262962771294,0.028323275448138688,0.029566039734284136,1449,1449,1449,1449,,5000,5000,1.0,3021694564,20260901
B2_feature,0.5,per_class,all,micro,map_pearson,0.993531530523728,0.9933981501527537,0.9936568534851403,1449,1449,1449,1449,,5000,5000,1.0,3021694564,20260901
B2_feature,0.5,per_class,all,micro,map_spearman,0.9903379328255821,0.9900933881796089,0.9905717509441988,1449,1449,1449,1449,,5000,5000,1.0,3021694564,20260901
B2_feature,0.5,per_class,all,micro,energy_raw,0.011691366307073632,0.010869653674906757,0.012603399661753495,1449,1449,1449,1449,,5000,5000,1.0,3021694564,20260901
B2_feature,0.5,per_class,all,micro,energy_smoothed,0.007021826134192493,0.006430045052003623,0.007677096986345847,1449,1449,1449,1449,,5000,5000,1.0,3021694564,20260901
B2_feature,0.5,per_class,all,micro,energy_retention,0.5340292111933849,0.5306634590729011,0.5374674868951839,1449,1449,1449,1449,,5000,5000,1.0,3021694564,20260901
B2_feature,0.5,per_class,all,micro,smoothed_std_over_raw,0.92797415161067,0.9269170374110125,0.9289964351142334,1449,1449,1449,1449,,5000,5000,1.0,3021694564,20260901
B2_feature,0.5,per_class,all,micro,linear_solve_relative_residual,3.941083709120631e-06,3.7934636705941046e-06,4.0864057557117476e-06,1449,1449,1449,1449,,5000,5000,1.0,3021694564,20260901
B2_feature,0.5,per_class,all,micro,cg_iterations,6.0,6.0,6.0,1449,1449,1449,1449,,5000,5000,1.0,3021694564,20260901
B2_feature,0.5,per_class,all,micro,solve_runtime_ms_per_map,0.003639835531047558,0.003623906268391432,0.0036584160037539007,1449,1449,1449,1449,,5000,5000,1.0,3021694564,20260901
B2_feature,0.5,per_class,all,micro,fidelity,0.02101403043789852,0.02072787771079872,0.021325823465626358,1449,1449,1449,1449,,5000,5000,1.0,3021694564,20260901
B2_feature,0.5,per_class,all,micro,relative_l2_change,0.02101403043789852,0.02072787771079872,0.021325823465626358,1449,1449,1449,1449,,5000,5000,1.0,3021694564,20260901
B2_feature,0.5,per_class,all,micro,map_pearson,0.9948319576377289,0.9947418626894039,0.9949163760180059,1449,1449,1449,1449,,5000,5000,1.0,3021694564,20260901
B2_feature,0.5,per_class,all,micro,map_spearman,0.9924206434240663,0.9922488239878535,0.9925827515123218,1449,1449,1449,1449,,5000,5000,1.0,3021694564,20260901
B2_feature,0.5,per_class,all,micro,energy_raw,0.0055052777602041,0.005166313751205642,0.005885994024776012,1449,1449,1449,1449,,5000,5000,1.0,3021694564,20260901
B2_feature,0.5,per_class,all,micro,energy_smoothed,0.0031804894834285727,0.0029307218669931624,0.0034602290279118035,1449,1449,1449,1449,,5000,5000,1.0,3021694564,20260901
B2_feature,0.5,per_class,all,micro,energy_retention,0.5389180758478231,0.5359956900463835,0.5416283785294178,1449,1449,1449,1449,,5000,5000,1.0,3021694564,20260901
B2_feature,0.5,per_class,all,micro,smoothed_std_over_raw,0.9318594117260045,0.9311102499934704,0.9326230183058644,1449,1449,1449,1449,,5000,5000,1.0,3021694564,20260901
B2_feature,0.5,per_class,all,micro,linear_solve_relative_residual,5.938101284212e-06,5.8017161375459545e-06,6.070373180054195e-06,1449,1449,1449,1449,,5000,5000,1.0,3021694564,20260901
B2_feature,0.5,per_class,all,micro,cg_iterations,6.0,6.0,6.0,1449,1449,1449,1449,,5000,5000,1.0,3021694564,20260901
B2_feature,0.5,per_class,all,micro,solve_runtime_ms_per_map,0.003639835531047558,0.003623906268391432,0.0036584160037539007,1449,1449,1449,1449,,5000,5000,1.0,3021694564,20260901
B2_feature,0.5,per_class,all,micro,fidelity,0.025416606641904784,0.02472508576400694,0.026176415860564226,1449,1449,1449,1449,,5000,5000,1.0,3021694564,20260901
B2_feature,0.5,per_class,all,micro,relative_l2_change,0.025416606641904784,0.02472508576400694,0.026176415860564226,1449,1449,1449,1449,,5000,5000,1.0,3021694564,20260901
B2_feature,0.5,per_class,all,micro,map_pearson,0.9951060102922165,0.9950189624308224,0.9951901658186837,1449,1449,1449,1449,,5000,5000,1.0,3021694564,20260901
B2_feature,0.5,per_class,all,micro,map_spearman,0.9923654510861352,0.9921765675167942,0.9925533463979196,1449,1449,1449,1449,,5000,5000,1.0,3021694564,20260901
B2_feature,0.5,per_class,all,micro,energy_raw,0.011357959520166227,0.01029763885255634,0.012552135889790405,1449,1449,1449,1449,,5000,5000,1.0,3021694564,20260901
B2_feature,0.5,per_class,all,micro,energy_smoothed,0.00757374745659309,0.006754277183032465,0.008490734143250162,1449,1449,1449,1449,,5000,5000,1.0,3021694564,20260901
B2_feature,0.5,per_class,all,micro,energy_retention,0.5522390963539244,0.5481704827266944,0.5565517075313544,1449,1449,1449,1449,,5000,5000,1.0,3021694564,20260901
B2_feature,0.5,per_class,all,micro,smoothed_std_over_raw,0.9327557012901543,0.9318871834139892,0.93364783409569,1449,1449,1449,1449,,5000,5000,1.0,3021694564,20260901
B2_feature,0.5,per_class,all,micro,linear_solve_relative_residual,5.271083985247947e-06,5.133973243173345e-06,5.412626677207864e-06,1449,1449,1449,1449,,5000,5000,1.0,3021694564,20260901
B2_feature,0.5,per_class,all,micro,cg_iterations,6.0,6.0,6.0,1449,1449,1449,1449,,5000,5000,1.0,3021694564,20260901
B2_feature,0.5,per_class,all,micro,solve_runtime_ms_per_map,0.003639835531047558,0.003623906268391432,0.0036584160037539007,1449,1449,1449,1449,,5000,5000,1.0,3021694564,20260901
B2_feature,0.5,per_class,all,micro,fidelity,0.02014203174290388,0.01979572688963064,0.020505595311739084,1449,1449,1449,1449,,5000,5000,1.0,3021694564,20260901
B2_feature,0.5,per_class,all,micro,relative_l2_change,0.02014203174290388,0.01979572688963064,0.020505595311739084,1449,1449,1449,1449,,5000,5000,1.0,3021694564,20260901
B2_feature,0.5,per_class,all,micro,map_pearson,0.995461766928784,0.9953993133722379,0.9955198106280766,1449,1449,1449,1449,,5000,5000,1.0,3021694564,20260901
B2_feature,0.5,per_class,all,micro,map_spearman,0.9932404508913196,0.9931000736055496,0.9933748072503022,1449,1449,1449,1449,,5000,5000,1.0,3021694564,20260901
B2_feature,0.5,per_class,all,micro,energy_raw,0.005415498798927118,0.00500072500412738,0.005870199664954637,1449,1449,1449,1449,,5000,5000,1.0,3021694564,20260901
B2_feature,0.5,per_class,all,micro,energy_smoothed,0.0032202591993036153,0.0029094543498028084,0.0035617522549183348,1449,1449,1449,1449,,5000,5000,1.0,3021694564,20260901
B2_feature,0.5,per_class,all,micro,energy_retention,0.5440769579140707,0.5414342536869298,0.5465717486271041,1449,1449,1449,1449,,5000,5000,1.0,3021694564,20260901
B2_feature,0.5,per_class,all,micro,smoothed_std_over_raw,0.9336813617114613,0.9329456235280195,0.9344033547203404,1449,1449,1449,1449,,5000,5000,1.0,3021694564,20260901
B2_feature,0.5,per_class,all,micro,linear_solve_relative_residual,5.945660733490189e-06,5.820819436241472e-06,6.071748292683006e-06,1449,1449,1449,1449,,5000,5000,1.0,3021694564,20260901
B2_feature,0.5,per_class,all,micro,cg_iterations,6.0,6.0,6.0,1449,1449,1449,1449,,5000,5000,1.0,3021694564,20260901
B2_feature,0.5,per_class,all,micro,solve_runtime_ms_per_map,0.003639835531047558,0.003623906268391432,0.0036584160037539007,1449,1449,1449,1449,,5000,5000,1.0,3021694564,20260901
B2_feature,0.5,per_class,all,micro,fidelity,0.024373451719578585,0.023910127299371142,0.024874871421966566,1449,1449,1449,1449,,5000,5000,1.0,3021694564,20260901
B2_feature,0.5,per_class,all,micro,relative_l2_change,0.024373451719578585,0.023910127299371142,0.024874871421966566,1449,1449,1449,1449,,5000,5000,1.0,3021694564,20260901
B2_feature,0.5,per_class,all,micro,map_pearson,0.9946936932903393,0.9946050243749135,0.9947829701844538,1449,1449,1449,1449,,5000,5000,1.0,3021694564,20260901
B2_feature,0.5,per_class,all,micro,map_spearman,0.9918185042216089,0.9916170413840467,0.9920142240827458,1449,1449,1449,1449,,5000,5000,1.0,3021694564,20260901
B2_feature,0.5,per_class,all,micro,energy_raw,0.008260982111578432,0.007654230379528578,0.008914693494538184,1449,1449,1449,1449,,5000,5000,1.0,3021694564,20260901
B2_feature,0.5,per_class,all,micro,energy_smoothed,0.0049774345738255385,0.004530961202201899,0.005452128305039889,1449,1449,1449,1449,,5000,5000,1.0,3021694564,20260901
B2_feature,0.5,per_class,all,micro,energy_retention,0.5408719257291553,0.5376847999498218,0.5441130124618672,1449,1449,1449,1449,,5000,5000,1.0,3021694564,20260901
B2_feature,0.5,per_class,all,micro,smoothed_std_over_raw,0.9330248987781664,0.9322168112819239,0.9338486274093739,1449,1449,1449,1449,,5000,5000,1.0,3021694564,20260901
B2_feature,0.5,per_class,all,micro,linear_solve_relative_residual,4.58716642035062e-06,4.438294817866001e-06,4.737471603814217e-06,1449,1449,1449,1449,,5000,5000,1.0,3021694564,20260901
B2_feature,0.5,per_class,all,micro,cg_iterations,6.0,6.0,6.0,1449,1449,1449,1449,,5000,5000,1.0,3021694564,20260901
B2_feature,0.5,per_class,all,micro,solve_runtime_ms_per_map,0.003639835531047558,0.003623906268391432,0.0036584160037539007,1449,1449,1449,1449,,5000,5000,1.0,3021694564,20260901
B2_feature,1.0,all_class_maps,all,micro,fidelity,0.03754392970678589,0.03719427172433144,0.03791822893350926,1449,1449,28980,28980,,5000,5000,1.0,3021694564,20260901
B2_feature,1.0,all_class_maps,all,micro,relative_l2_change,0.03754392970678589,0.03719427172433144,0.03791822893350926,1449,1449,28980,28980,,5000,5000,1.0,3021694564,20260901
B2_feature,1.0,all_class_maps,all,micro,map_pearson,0.9872621719285156,0.9871037613034372,0.9874132568148538,1449,1449,28980,28980,,5000,5000,1.0,3021694564,20260901
B2_feature,1.0,all_class_maps,all,micro,map_spearman,0.9820525803324928,0.981828077465625,0.9822726609212332,1449,1449,28980,28980,,5000,5000,1.0,3021694564,20260901
B2_feature,1.0,all_class_maps,all,micro,energy_raw,0.008956597696880028,0.008721826173557897,0.009209081520289037,1449,1449,28980,28980,,5000,5000,1.0,3021694564,20260901
B2_feature,1.0,all_class_maps,all,micro,energy_smoothed,0.004208316491698487,0.004072654959648692,0.004351283749370929,1449,1449,28980,28980,,5000,5000,1.0,3021694564,20260901
B2_feature,1.0,all_class_maps,all,micro,energy_retention,0.3748987303397588,0.37303166069373167,0.376734000555374,1449,1449,28980,28980,,5000,5000,1.0,3021694564,20260901
B2_feature,1.0,all_class_maps,all,micro,smoothed_std_over_raw,0.8941225361132967,0.8934949712047522,0.8947414898217301,1449,1449,28980,28980,,5000,5000,1.0,3021694564,20260901
B2_feature,1.0,all_class_maps,all,micro,linear_solve_relative_residual,5.004977147886984e-06,4.975626493692782e-06,5.035013889859498e-06,1449,1449,28980,28980,,5000,5000,1.0,3021694564,20260901
B2_feature,1.0,all_class_maps,all,micro,cg_iterations,8.0,8.0,8.0,1449,1449,28980,28980,,5000,5000,1.0,3021694564,20260901
B2_feature,1.0,all_class_maps,all,micro,solve_runtime_ms_per_map,0.0045529923583666875,0.004533520945236315,0.004575564911130871,1449,1449,28980,28980,,5000,5000,1.0,3021694564,20260901
B2_feature,1.0,all_class_maps,all,macro_class,fidelity,0.037543929706785883,0.037194271724331436,0.037918228933509254,1449,1449,28980,28980,20,5000,5000,1.0,3021694564,20260901
B2_feature,1.0,all_class_maps,all,macro_class,relative_l2_change,0.037543929706785883,0.037194271724331436,0.037918228933509254,1449,1449,28980,28980,20,5000,5000,1.0,3021694564,20260901
B2_feature,1.0,all_class_maps,all,macro_class,map_pearson,0.9872621719285156,0.9871037613034372,0.9874132568148538,1449,1449,28980,28980,20,5000,5000,1.0,3021694564,20260901
B2_feature,1.0,all_class_maps,all,macro_class,map_spearman,0.9820525803324927,0.981828077465625,0.9822726609212334,1449,1449,28980,28980,20,5000,5000,1.0,3021694564,20260901
B2_feature,1.0,all_class_maps,all,macro_class,energy_raw,0.008956597696880026,0.008721826173557897,0.009209081520289037,1449,1449,28980,28980,20,5000,5000,1.0,3021694564,20260901
B2_feature,1.0,all_class_maps,all,macro_class,energy_smoothed,0.004208316491698487,0.004072654959648693,0.004351283749370929,1449,1449,28980,28980,20,5000,5000,1.0,3021694564,20260901
B2_feature,1.0,all_class_maps,all,macro_class,energy_retention,0.3748987303397588,0.3730316606937317,0.376734000555374,1449,1449,28980,28980,20,5000,5000,1.0,3021694564,20260901
B2_feature,1.0,all_class_maps,all,macro_class,smoothed_std_over_raw,0.8941225361132968,0.8934949712047522,0.89474148982173,1449,1449,28980,28980,20,5000,5000,1.0,3021694564,20260901
B2_feature,1.0,all_class_maps,all,macro_class,linear_solve_relative_residual,5.004977147886985e-06,4.975626493692782e-06,5.035013889859499e-06,1449,1449,28980,28980,20,5000,5000,1.0,3021694564,20260901
B2_feature,1.0,all_class_maps,all,macro_class,cg_iterations,8.0,8.0,8.0,1449,1449,28980,28980,20,5000,5000,1.0,3021694564,20260901
B2_feature,1.0,all_class_maps,all,macro_class,solve_runtime_ms_per_map,0.004552992358366689,0.004533520945236315,0.004575564911130872,1449,1449,28980,28980,20,5000,5000,1.0,3021694564,20260901
B2_feature,1.0,all_class_maps,single_label,micro,fidelity,0.034747242297728055,0.03435046352395093,0.03514675573370005,927,927,18540,18540,,5000,5000,1.0,3021694564,20260901
B2_feature,1.0,all_class_maps,single_label,micro,relative_l2_change,0.034747242297728055,0.03435046352395093,0.03514675573370005,927,927,18540,18540,,5000,5000,1.0,3021694564,20260901
B2_feature,1.0,all_class_maps,single_label,micro,map_pearson,0.9872267195643474,0.9870198641065608,0.9874310698606146,927,927,18540,18540,,5000,5000,1.0,3021694564,20260901
B2_feature,1.0,all_class_maps,single_label,micro,map_spearman,0.9812852257181526,0.9809655203905756,0.9815948985227682,927,927,18540,18540,,5000,5000,1.0,3021694564,20260901
B2_feature,1.0,all_class_maps,single_label,micro,energy_raw,0.007069171715664407,0.006839880156581145,0.00729974142602533,927,927,18540,18540,,5000,5000,1.0,3021694564,20260901
B2_feature,1.0,all_class_maps,single_label,micro,energy_smoothed,0.003063942677833184,0.0029389569196708655,0.003190836000052937,927,927,18540,18540,,5000,5000,1.0,3021694564,20260901
B2_feature,1.0,all_class_maps,single_label,micro,energy_retention,0.3627437786778843,0.36059898142965097,0.3649425903853218,927,927,18540,18540,,5000,5000,1.0,3021694564,20260901
B2_feature,1.0,all_class_maps,single_label,micro,smoothed_std_over_raw,0.8919916755848332,0.8911926659416034,0.8927709771835014,927,927,18540,18540,,5000,5000,1.0,3021694564,20260901
B2_feature,1.0,all_class_maps,single_label,micro,linear_solve_relative_residual,4.8644305483178904e-06,4.82593283328488e-06,4.902833685524981e-06,927,927,18540,18540,,5000,5000,1.0,3021694564,20260901
B2_feature,1.0,all_class_maps,single_label,micro,cg_iterations,8.0,8.0,8.0,927,927,18540,18540,,5000,5000,1.0,3021694564,20260901
B2_feature,1.0,all_class_maps,single_label,micro,solve_runtime_ms_per_map,0.00455335415810171,0.004529518548980482,0.00458292148328722,927,927,18540,18540,,5000,5000,1.0,3021694564,20260901
B2_feature,1.0,all_class_maps,single_label,macro_class,fidelity,0.034747242297728055,0.03435046352395093,0.03514675573370004,927,927,18540,18540,20,5000,5000,1.0,3021694564,20260901
B2_feature,1.0,all_class_maps,single_label,macro_class,relative_l2_change,0.034747242297728055,0.03435046352395093,0.03514675573370004,927,927,18540,18540,20,5000,5000,1.0,3021694564,20260901
B2_feature,1.0,all_class_maps,single_label,macro_class,map_pearson,0.9872267195643474,0.9870198641065607,0.9874310698606146,927,927,18540,18540,20,5000,5000,1.0,3021694564,20260901
B2_feature,1.0,all_class_maps,single_label,macro_class,map_spearman,0.9812852257181526,0.9809655203905757,0.981594898522768,927,927,18540,18540,20,5000,5000,1.0,3021694564,20260901
B2_feature,1.0,all_class_maps,single_label,macro_class,energy_raw,0.007069171715664407,0.006839880156581145,0.007299741426025329,927,927,18540,18540,20,5000,5000,1.0,3021694564,20260901
B2_feature,1.0,all_class_maps,single_label,macro_class,energy_smoothed,0.003063942677833184,0.0029389569196708655,0.0031908360000529367,927,927,18540,18540,20,5000,5000,1.0,3021694564,20260901
B2_feature,1.0,all_class_maps,single_label,macro_class,energy_retention,0.3627437786778842,0.3605989814296509,0.3649425903853218,927,927,18540,18540,20,5000,5000,1.0,3021694564,20260901
B2_feature,1.0,all_class_maps,single_label,macro_class,smoothed_std_over_raw,0.8919916755848332,0.8911926659416032,0.8927709771835012,927,927,18540,18540,20,5000,5000,1.0,3021694564,20260901
B2_feature,1.0,all_class_maps,single_label,macro_class,linear_solve_relative_residual,4.86443054831789e-06,4.825932833284881e-06,4.90283368552498e-06,927,927,18540,18540,20,5000,5000,1.0,3021694564,20260901
B2_feature,1.0,all_class_maps,single_label,macro_class,cg_iterations,8.0,8.0,8.0,927,927,18540,18540,20,5000,5000,1.0,3021694564,20260901
B2_feature,1.0,all_class_maps,single_label,macro_class,solve_runtime_ms_per_map,0.00455335415810171,0.004529518548980483,0.00458292148328722,927,927,18540,18540,20,5000,5000,1.0,3021694564,20260901
B2_feature,1.0,all_class_maps,exactly_2_labels,micro,fidelity,0.0412085717027386,0.04069503235264371,0.04173257471857593,375,375,7500,7500,,5000,5000,1.0,3021694564,20260901
B2_feature,1.0,all_class_maps,exactly_2_labels,micro,relative_l2_change,0.0412085717027386,0.04069503235264371,0.04173257471857593,375,375,7500,7500,,5000,5000,1.0,3021694564,20260901
B2_feature,1.0,all_class_maps,exactly_2_labels,micro,map_pearson,0.9872099043369293,0.9869084131642183,0.9874967567571005,375,375,7500,7500,,5000,5000,1.0,3021694564,20260901
B2_feature,1.0,all_class_maps,exactly_2_labels,micro,map_spearman,0.9833064153750738,0.9829620720092456,0.9836406062589089,375,375,7500,7500,,5000,5000,1.0,3021694564,20260901
B2_feature,1.0,all_class_maps,exactly_2_labels,micro,energy_raw,0.011238184535394734,0.010844686388792083,0.011660325369330045,375,375,7500,7500,,5000,5000,1.0,3021694564,20260901
B2_feature,1.0,all_class_maps,exactly_2_labels,micro,energy_smoothed,0.005559512631036341,0.005323343237458806,0.0058069670513854355,375,375,7500,7500,,5000,5000,1.0,3021694564,20260901
B2_feature,1.0,all_class_maps,exactly_2_labels,micro,energy_retention,0.39168878117402395,0.3886958840833108,0.39468524935414395,375,375,7500,7500,,5000,5000,1.0,3021694564,20260901
B2_feature,1.0,all_class_maps,exactly_2_labels,micro,smoothed_std_over_raw,0.8973492998758952,0.8961767826141914,0.8985136090203126,375,375,7500,7500,,5000,5000,1.0,3021694564,20260901
B2_feature,1.0,all_class_maps,exactly_2_labels,micro,linear_solve_relative_residual,5.245108052895376e-06,5.20039018796903e-06,5.2903589912110275e-06,375,375,7500,7500,,5000,5000,1.0,3021694564,20260901
B2_feature,1.0,all_class_maps,exactly_2_labels,micro,cg_iterations,8.0,8.0,8.0,375,375,7500,7500,,5000,5000,1.0,3021694564,20260901
B2_feature,1.0,all_class_maps,exactly_2_labels,micro,solve_runtime_ms_per_map,0.004550407610669801,0.0045201775113673645,0.004594987010037855,375,375,7500,7500,,5000,5000,1.0,3021694564,20260901
B2_feature,1.0,all_class_maps,exactly_2_labels,macro_class,fidelity,0.041208571702738596,0.04069503235264371,0.04173257471857593,375,375,7500,7500,20,5000,5000,1.0,3021694564,20260901
B2_feature,1.0,all_class_maps,exactly_2_labels,macro_class,relative_l2_change,0.041208571702738596,0.04069503235264371,0.04173257471857593,375,375,7500,7500,20,5000,5000,1.0,3021694564,20260901
B2_feature,1.0,all_class_maps,exactly_2_labels,macro_class,map_pearson,0.9872099043369295,0.9869084131642187,0.9874967567571005,375,375,7500,7500,20,5000,5000,1.0,3021694564,20260901
B2_feature,1.0,all_class_maps,exactly_2_labels,macro_class,map_spearman,0.9833064153750737,0.9829620720092453,0.9836406062589089,375,375,7500,7500,20,5000,5000,1.0,3021694564,20260901
B2_feature,1.0,all_class_maps,exactly_2_labels,macro_class,energy_raw,0.01123818453539473,0.010844686388792086,0.011660325369330043,375,375,7500,7500,20,5000,5000,1.0,3021694564,20260901
B2_feature,1.0,all_class_maps,exactly_2_labels,macro_class,energy_smoothed,0.005559512631036342,0.0053233432374588064,0.0058069670513854355,375,375,7500,7500,20,5000,5000,1.0,3021694564,20260901
B2_feature,1.0,all_class_maps,exactly_2_labels,macro_class,energy_retention,0.39168878117402395,0.38869588408331074,0.39468524935414395,375,375,7500,7500,20,5000,5000,1.0,3021694564,20260901
B2_feature,1.0,all_class_maps,exactly_2_labels,macro_class,smoothed_std_over_raw,0.8973492998758952,0.8961767826141916,0.8985136090203126,375,375,7500,7500,20,5000,5000,1.0,3021694564,20260901
B2_feature,1.0,all_class_maps,exactly_2_labels,macro_class,linear_solve_relative_residual,5.2451080528953765e-06,5.2003901879690306e-06,5.2903589912110275e-06,375,375,7500,7500,20,5000,5000,1.0,3021694564,20260901
B2_feature,1.0,all_class_maps,exactly_2_labels,macro_class,cg_iterations,8.0,8.0,8.0,375,375,7500,7500,20,5000,5000,1.0,3021694564,20260901
B2_feature,1.0,all_class_maps,exactly_2_labels,macro_class,solve_runtime_ms_per_map,0.0045504076106698,0.004520177511367364,0.004594987010037854,375,375,7500,7500,20,5000,5000,1.0,3021694564,20260901
B2_feature,1.0,all_class_maps,3plus_labels,micro,fidelity,0.04583160643953653,0.04507413684746858,0.04658367502682076,147,147,2940,2940,,5000,5000,1.0,3021694564,20260901
B2_feature,1.0,all_class_maps,3plus_labels,micro,relative_l2_change,0.04583160643953653,0.04507413684746858,0.04658367502682076,147,147,2940,2940,,5000,5000,1.0,3021694564,20260901
B2_feature,1.0,all_class_maps,3plus_labels,micro,map_pearson,0.9876190745708894,0.987283148116806,0.9879306020344398,147,147,2940,2940,,5000,5000,1.0,3021694564,20260901
B2_feature,1.0,all_class_maps,3plus_labels,micro,map_spearman,0.9836930537102174,0.9832697890425215,0.9840980090160354,147,147,2940,2940,,5000,5000,1.0,3021694564,20260901
B2_feature,1.0,all_class_maps,3plus_labels,micro,energy_raw,0.015038562459763469,0.014316180872184076,0.01575168666814899,147,147,2940,2940,,5000,5000,1.0,3021694564,20260901
B2_feature,1.0,all_class_maps,3plus_labels,micro,energy_smoothed,0.007977948962456585,0.007530217838361162,0.008431300687281233,147,147,2940,2940,,5000,5000,1.0,3021694564,20260901
B2_feature,1.0,all_class_maps,3plus_labels,micro,energy_retention,0.40871758154865834,0.40476544953325166,0.41253541994333065,147,147,2940,2940,,5000,5000,1.0,3021694564,20260901
B2_feature,1.0,all_class_maps,3plus_labels,micro,smoothed_std_over_raw,0.8993284633167747,0.897260047897291,0.9012873029404757,147,147,2940,2940,,5000,5000,1.0,3021694564,20260901
B2_feature,1.0,all_class_maps,3plus_labels,micro,linear_solve_relative_residual,5.278702375250271e-06,5.214202102697728e-06,5.346252502767791e-06,147,147,2940,2940,,5000,5000,1.0,3021694564,20260901
B2_feature,1.0,all_class_maps,3plus_labels,micro,cg_iterations,8.0,8.0,8.0,147,147,2940,2940,,5000,5000,1.0,3021694564,20260901
B2_feature,1.0,all_class_maps,3plus_labels,micro,solve_runtime_ms_per_map,0.00455730454906035,0.0045163528849196544,0.004634550421917719,147,147,2940,2940,,5000,5000,1.0,3021694564,20260901
B2_feature,1.0,all_class_maps,3plus_labels,macro_class,fidelity,0.04583160643953653,0.045074136847468575,0.04658367502682075,147,147,2940,2940,20,5000,5000,1.0,3021694564,20260901
B2_feature,1.0,all_class_maps,3plus_labels,macro_class,relative_l2_change,0.04583160643953653,0.045074136847468575,0.04658367502682075,147,147,2940,2940,20,5000,5000,1.0,3021694564,20260901
B2_feature,1.0,all_class_maps,3plus_labels,macro_class,map_pearson,0.9876190745708893,0.9872831481168058,0.9879306020344397,147,147,2940,2940,20,5000,5000,1.0,3021694564,20260901
B2_feature,1.0,all_class_maps,3plus_labels,macro_class,map_spearman,0.9836930537102171,0.9832697890425215,0.9840980090160352,147,147,2940,2940,20,5000,5000,1.0,3021694564,20260901
B2_feature,1.0,all_class_maps,3plus_labels,macro_class,energy_raw,0.015038562459763469,0.014316180872184076,0.015751686668148985,147,147,2940,2940,20,5000,5000,1.0,3021694564,20260901
B2_feature,1.0,all_class_maps,3plus_labels,macro_class,energy_smoothed,0.007977948962456584,0.007530217838361164,0.008431300687281235,147,147,2940,2940,20,5000,5000,1.0,3021694564,20260901
B2_feature,1.0,all_class_maps,3plus_labels,macro_class,energy_retention,0.40871758154865834,0.4047654495332516,0.4125354199433306,147,147,2940,2940,20,5000,5000,1.0,3021694564,20260901
B2_feature,1.0,all_class_maps,3plus_labels,macro_class,smoothed_std_over_raw,0.8993284633167746,0.8972600478972911,0.9012873029404757,147,147,2940,2940,20,5000,5000,1.0,3021694564,20260901
B2_feature,1.0,all_class_maps,3plus_labels,macro_class,linear_solve_relative_residual,5.278702375250271e-06,5.214202102697729e-06,5.346252502767791e-06,147,147,2940,2940,20,5000,5000,1.0,3021694564,20260901
B2_feature,1.0,all_class_maps,3plus_labels,macro_class,cg_iterations,8.0,8.0,8.0,147,147,2940,2940,20,5000,5000,1.0,3021694564,20260901
B2_feature,1.0,all_class_maps,3plus_labels,macro_class,solve_runtime_ms_per_map,0.00455730454906035,0.004516352884919654,0.004634550421917719,147,147,2940,2940,20,5000,5000,1.0,3021694564,20260901
B2_feature,1.0,per_class,all,micro,fidelity,0.032272124839104646,0.031798303613228385,0.032781393240958585,1449,1449,1449,1449,,5000,5000,1.0,3021694564,20260901
B2_feature,1.0,per_class,all,micro,relative_l2_change,0.032272124839104646,0.031798303613228385,0.032781393240958585,1449,1449,1449,1449,,5000,5000,1.0,3021694564,20260901
B2_feature,1.0,per_class,all,micro,map_pearson,0.9875072427171111,0.9873074376260189,0.9876937378822647,1449,1449,1449,1449,,5000,5000,1.0,3021694564,20260901
B2_feature,1.0,per_class,all,micro,map_spearman,0.9830848589446974,0.9827826408464964,0.9833833832332314,1449,1449,1449,1449,,5000,5000,1.0,3021694564,20260901
B2_feature,1.0,per_class,all,micro,energy_raw,0.005577722238874856,0.005200935301698794,0.005999642234260899,1449,1449,1449,1449,,5000,5000,1.0,3021694564,20260901
B2_feature,1.0,per_class,all,micro,energy_smoothed,0.0023316389024148395,0.0020856768356711207,0.0026045613949665695,1449,1449,1449,1449,,5000,5000,1.0,3021694564,20260901
B2_feature,1.0,per_class,all,micro,energy_retention,0.361704935527325,0.3584375263324806,0.3650551295582799,1449,1449,1449,1449,,5000,5000,1.0,3021694564,20260901
B2_feature,1.0,per_class,all,micro,smoothed_std_over_raw,0.8914685256321567,0.8903087790883187,0.8926275062460255,1449,1449,1449,1449,,5000,5000,1.0,3021694564,20260901
B2_feature,1.0,per_class,all,micro,linear_solve_relative_residual,5.03596403288123e-06,4.973732962549909e-06,5.0997867746032666e-06,1449,1449,1449,1449,,5000,5000,1.0,3021694564,20260901
B2_feature,1.0,per_class,all,micro,cg_iterations,8.0,8.0,8.0,1449,1449,1449,1449,,5000,5000,1.0,3021694564,20260901
B2_feature,1.0,per_class,all,micro,solve_runtime_ms_per_map,0.004552992358366692,0.004533520945236315,0.00457556491113087,1449,1449,1449,1449,,5000,5000,1.0,3021694564,20260901
B2_feature,1.0,per_class,all,micro,fidelity,0.03449510557614292,0.03373967587521712,0.03531570960957174,1449,1449,1449,1449,,5000,5000,1.0,3021694564,20260901
B2_feature,1.0,per_class,all,micro,relative_l2_change,0.03449510557614292,0.03373967587521712,0.03531570960957174,1449,1449,1449,1449,,5000,5000,1.0,3021694564,20260901
B2_feature,1.0,per_class,all,micro,map_pearson,0.9877214091576075,0.9875215118623669,0.987911048621001,1449,1449,1449,1449,,5000,5000,1.0,3021694564,20260901
B2_feature,1.0,per_class,all,micro,map_spearman,0.9829790123254369,0.9826600213372517,0.9832867819401954,1449,1449,1449,1449,,5000,5000,1.0,3021694564,20260901
B2_feature,1.0,per_class,all,micro,energy_raw,0.007209772725584432,0.006601334033033241,0.007877625366264334,1449,1449,1449,1449,,5000,5000,1.0,3021694564,20260901
B2_feature,1.0,per_class,all,micro,energy_smoothed,0.003238672849573092,0.00286414372950383,0.003648550027816378,1449,1449,1449,1449,,5000,5000,1.0,3021694564,20260901
B2_feature,1.0,per_class,all,micro,energy_retention,0.3629580973715022,0.35942549124987394,0.3666239018514084,1449,1449,1449,1449,,5000,5000,1.0,3021694564,20260901
B2_feature,1.0,per_class,all,micro,smoothed_std_over_raw,0.8948688108481729,0.8936516320051366,0.8960562021784572,1449,1449,1449,1449,,5000,5000,1.0,3021694564,20260901
B2_feature,1.0,per_class,all,micro,linear_solve_relative_residual,4.900476162767331e-06,4.835791596109393e-06,4.965818881692406e-06,1449,1449,1449,1449,,5000,5000,1.0,3021694564,20260901
B2_feature,1.0,per_class,all,micro,cg_iterations,8.0,8.0,8.0,1449,1449,1449,1449,,5000,5000,1.0,3021694564,20260901
B2_feature,1.0,per_class,all,micro,solve_runtime_ms_per_map,0.004552992358366692,0.004533520945236315,0.00457556491113087,1449,1449,1449,1449,,5000,5000,1.0,3021694564,20260901
B2_feature,1.0,per_class,all,micro,fidelity,0.03286273070219634,0.032484630558587066,0.03328396838079313,1449,1449,1449,1449,,5000,5000,1.0,3021694564,20260901
B2_feature,1.0,per_class,all,micro,relative_l2_change,0.03286273070219634,0.032484630558587066,0.03328396838079313,1449,1449,1449,1449,,5000,5000,1.0,3021694564,20260901
B2_feature,1.0,per_class,all,micro,map_pearson,0.985808245225805,0.9855939923524034,0.9860129530652793,1449,1449,1449,1449,,5000,5000,1.0,3021694564,20260901
B2_feature,1.0,per_class,all,micro,map_spearman,0.9807195157080045,0.9803416672597843,0.9810875322610613,1449,1449,1449,1449,,5000,5000,1.0,3021694564,20260901
B2_feature,1.0,per_class,all,micro,energy_raw,0.005383211009177393,0.005148118020731408,0.0056604553572576445,1449,1449,1449,1449,,5000,5000,1.0,3021694564,20260901
B2_feature,1.0,per_class,all,micro,energy_smoothed,0.0020443361671609334,0.0019085948451253356,0.0022058527246026404,1449,1449,1449,1449,,5000,5000,1.0,3021694564,20260901
B2_feature,1.0,per_class,all,micro,energy_retention,0.3512740896602101,0.34855454955031495,0.35408268851286545,1449,1449,1449,1449,,5000,5000,1.0,3021694564,20260901
B2_feature,1.0,per_class,all,micro,smoothed_std_over_raw,0.89115591992009,0.8899592076543283,0.8923275170077778,1449,1449,1449,1449,,5000,5000,1.0,3021694564,20260901
B2_feature,1.0,per_class,all,micro,linear_solve_relative_residual,5.046974906750222e-06,4.987879243910182e-06,5.104937079249919e-06,1449,1449,1449,1449,,5000,5000,1.0,3021694564,20260901
B2_feature,1.0,per_class,all,micro,cg_iterations,8.0,8.0,8.0,1449,1449,1449,1449,,5000,5000,1.0,3021694564,20260901
B2_feature,1.0,per_class,all,micro,solve_runtime_ms_per_map,0.004552992358366692,0.004533520945236315,0.00457556491113087,1449,1449,1449,1449,,5000,5000,1.0,3021694564,20260901
B2_feature,1.0,per_class,all,micro,fidelity,0.03355002739280977,0.032876779261450724,0.034261703781052144,1449,1449,1449,1449,,5000,5000,1.0,3021694564,20260901
B2_feature,1.0,per_class,all,micro,relative_l2_change,0.03355002739280977,0.032876779261450724,0.034261703781052144,1449,1449,1449,1449,,5000,5000,1.0,3021694564,20260901
B2_feature,1.0,per_class,all,micro,map_pearson,0.9878794625761428,0.9876945691151072,0.9880635893750058,1449,1449,1449,1449,,5000,5000,1.0,3021694564,20260901
B2_feature,1.0,per_class,all,micro,map_spearman,0.9835521760605548,0.9832661041428172,0.9838389537740033,1449,1449,1449,1449,,5000,5000,1.0,3021694564,20260901
B2_feature,1.0,per_class,all,micro,energy_raw,0.006574670967917177,0.006032473684603983,0.007189257692589358,1449,1449,1449,1449,,5000,5000,1.0,3021694564,20260901
B2_feature,1.0,per_class,all,micro,energy_smoothed,0.002934113057020774,0.0025861483592077017,0.0033289138392713275,1449,1449,1449,1449,,5000,5000,1.0,3021694564,20260901
B2_feature,1.0,per_class,all,micro,energy_retention,0.3734410257689948,0.3701092029215345,0.37686979524570136,1449,1449,1449,1449,,5000,5000,1.0,3021694564,20260901
B2_feature,1.0,per_class,all,micro,smoothed_std_over_raw,0.8935470362627729,0.8923466894371992,0.8947727888236382,1449,1449,1449,1449,,5000,5000,1.0,3021694564,20260901
B2_feature,1.0,per_class,all,micro,linear_solve_relative_residual,4.984557544239397e-06,4.923367627433988e-06,5.047950200121935e-06,1449,1449,1449,1449,,5000,5000,1.0,3021694564,20260901
B2_feature,1.0,per_class,all,micro,cg_iterations,8.0,8.0,8.0,1449,1449,1449,1449,,5000,5000,1.0,3021694564,20260901
B2_feature,1.0,per_class,all,micro,solve_runtime_ms_per_map,0.004552992358366692,0.004533520945236315,0.00457556491113087,1449,1449,1449,1449,,5000,5000,1.0,3021694564,20260901
B2_feature,1.0,per_class,all,micro,fidelity,0.04049682241701891,0.039487705360763826,0.041512642891594224,1449,1449,1449,1449,,5000,5000,1.0,3021694564,20260901
B2_feature,1.0,per_class,all,micro,relative_l2_change,0.04049682241701891,0.039487705360763826,0.041512642891594224,1449,1449,1449,1449,,5000,5000,1.0,3021694564,20260901
B2_feature,1.0,per_class,all,micro,map_pearson,0.9863308285580905,0.9860521574105535,0.9866025306454109,1449,1449,1449,1449,,5000,5000,1.0,3021694564,20260901
B2_feature,1.0,per_class,all,micro,map_spearman,0.9803242044172426,0.9798459755368608,0.9807801597997844,1449,1449,1449,1449,,5000,5000,1.0,3021694564,20260901
B2_feature,1.0,per_class,all,micro,energy_raw,0.010478428331813713,0.009637760239132835,0.011359181032932875,1449,1449,1449,1449,,5000,5000,1.0,3021694564,20260901
B2_feature,1.0,per_class,all,micro,energy_smoothed,0.004991932282577159,0.004454624381119341,0.00554839080379806,1449,1449,1449,1449,,5000,5000,1.0,3021694564,20260901
B2_feature,1.0,per_class,all,micro,energy_retention,0.3762608063146935,0.37178254819599166,0.3807542896028055,1449,1449,1449,1449,,5000,5000,1.0,3021694564,20260901
B2_feature,1.0,per_class,all,micro,smoothed_std_over_raw,0.8955329363719606,0.8942088437253151,0.8969019532008283,1449,1449,1449,1449,,5000,5000,1.0,3021694564,20260901
B2_feature,1.0,per_class,all,micro,linear_solve_relative_residual,4.9139005239363746e-06,4.82886095131586e-06,4.9993595302339135e-06,1449,1449,1449,1449,,5000,5000,1.0,3021694564,20260901
B2_feature,1.0,per_class,all,micro,cg_iterations,8.0,8.0,8.0,1449,1449,1449,1449,,5000,5000,1.0,3021694564,20260901
B2_feature,1.0,per_class,all,micro,solve_runtime_ms_per_map,0.004552992358366692,0.004533520945236315,0.00457556491113087,1449,1449,1449,1449,,5000,5000,1.0,3021694564,20260901
B2_feature,1.0,per_class,all,micro,fidelity,0.03499508276967405,0.03438487819221135,0.03564810963267855,1449,1449,1449,1449,,5000,5000,1.0,3021694564,20260901
B2_feature,1.0,per_class,all,micro,relative_l2_change,0.03499508276967405,0.03438487819221135,0.03564810963267855,1449,1449,1449,1449,,5000,5000,1.0,3021694564,20260901
B2_feature,1.0,per_class,all,micro,map_pearson,0.9873967630604862,0.9871793372095083,0.9876046244175867,1449,1449,1449,1449,,5000,5000,1.0,3021694564,20260901
B2_feature,1.0,per_class,all,micro,map_spearman,0.9817684921747738,0.981383133634894,0.982159671070166,1449,1449,1449,1449,,5000,5000,1.0,3021694564,20260901
B2_feature,1.0,per_class,all,micro,energy_raw,0.006906399086536808,0.006454728713769754,0.007393478762766242,1449,1449,1449,1449,,5000,5000,1.0,3021694564,20260901
B2_feature,1.0,per_class,all,micro,energy_smoothed,0.0030298670566238444,0.0027429585601671134,0.0033350457819833887,1449,1449,1449,1449,,5000,5000,1.0,3021694564,20260901
B2_feature,1.0,per_class,all,micro,energy_retention,0.3699124748950337,0.3661702052278096,0.37370704812395567,1449,1449,1449,1449,,5000,5000,1.0,3021694564,20260901
B2_feature,1.0,per_class,all,micro,smoothed_std_over_raw,0.8928638931551499,0.8916323740577763,0.8940922035954589,1449,1449,1449,1449,,5000,5000,1.0,3021694564,20260901
B2_feature,1.0,per_class,all,micro,linear_solve_relative_residual,5.1258249359740325e-06,5.062198691135447e-06,5.189930344322376e-06,1449,1449,1449,1449,,5000,5000,1.0,3021694564,20260901
B2_feature,1.0,per_class,all,micro,cg_iterations,8.0,8.0,8.0,1449,1449,1449,1449,,5000,5000,1.0,3021694564,20260901
B2_feature,1.0,per_class,all,micro,solve_runtime_ms_per_map,0.004552992358366692,0.004533520945236315,0.00457556491113087,1449,1449,1449,1449,,5000,5000,1.0,3021694564,20260901
B2_feature,1.0,per_class,all,micro,fidelity,0.04235906480940726,0.041223498047962576,0.043540603841389504,1449,1449,1449,1449,,5000,5000,1.0,3021694564,20260901
B2_feature,1.0,per_class,all,micro,relative_l2_change,0.04235906480940726,0.041223498047962576,0.043540603841389504,1449,1449,1449,1449,,5000,5000,1.0,3021694564,20260901
B2_feature,1.0,per_class,all,micro,map_pearson,0.9873030012521027,0.9870609663020669,0.9875317115971678,1449,1449,1449,1449,,5000,5000,1.0,3021694564,20260901
B2_feature,1.0,per_class,all,micro,map_spearman,0.98239552114979,0.9820185402833732,0.9827533323222641,1449,1449,1449,1449,,5000,5000,1.0,3021694564,20260901
B2_feature,1.0,per_class,all,micro,energy_raw,0.011820598098264945,0.010897819219469468,0.012781903412942006,1449,1449,1449,1449,,5000,5000,1.0,3021694564,20260901
B2_feature,1.0,per_class,all,micro,energy_smoothed,0.005545755627348484,0.005021945339234251,0.006098527839685348,1449,1449,1449,1449,,5000,5000,1.0,3021694564,20260901
B2_feature,1.0,per_class,all,micro,energy_retention,0.3899676361274851,0.3857671226871639,0.3941815750394467,1449,1449,1449,1449,,5000,5000,1.0,3021694564,20260901
B2_feature,1.0,per_class,all,micro,smoothed_std_over_raw,0.8972470869764614,0.8958184275084565,0.8986355219805051,1449,1449,1449,1449,,5000,5000,1.0,3021694564,20260901
B2_feature,1.0,per_class,all,micro,linear_solve_relative_residual,5.203246541158565e-06,5.123660320714815e-06,5.2843774084999984e-06,1449,1449,1449,1449,,5000,5000,1.0,3021694564,20260901
B2_feature,1.0,per_class,all,micro,cg_iterations,8.0,8.0,8.0,1449,1449,1449,1449,,5000,5000,1.0,3021694564,20260901
B2_feature,1.0,per_class,all,micro,solve_runtime_ms_per_map,0.004552992358366692,0.004533520945236315,0.00457556491113087,1449,1449,1449,1449,,5000,5000,1.0,3021694564,20260901
B2_feature,1.0,per_class,all,micro,fidelity,0.03387745093808781,0.03329687524976413,0.034515647106309694,1449,1449,1449,1449,,5000,5000,1.0,3021694564,20260901
B2_feature,1.0,per_class,all,micro,relative_l2_change,0.03387745093808781,0.03329687524976413,0.034515647106309694,1449,1449,1449,1449,,5000,5000,1.0,3021694564,20260901
B2_feature,1.0,per_class,all,micro,map_pearson,0.9875463953998848,0.9873315821914035,0.9877597393764965,1449,1449,1449,1449,,5000,5000,1.0,3021694564,20260901
B2_feature,1.0,per_class,all,micro,map_spearman,0.9828667435422282,0.9825346316383821,0.9831922827073835,1449,1449,1449,1449,,5000,5000,1.0,3021694564,20260901
B2_feature,1.0,per_class,all,micro,energy_raw,0.006650235861111779,0.006195138155739321,0.007165926370754956,1449,1449,1449,1449,,5000,5000,1.0,3021694564,20260901
B2_feature,1.0,per_class,all,micro,energy_smoothed,0.0030336277824929377,0.0027324565882972354,0.003370932467437119,1449,1449,1449,1449,,5000,5000,1.0,3021694564,20260901
B2_feature,1.0,per_class,all,micro,energy_retention,0.37205509340623233,0.3677142489884046,0.3765923203256436,1449,1449,1449,1449,,5000,5000,1.0,3021694564,20260901
B2_feature,1.0,per_class,all,micro,smoothed_std_over_raw,0.8960272633182007,0.8947686300216419,0.8972849865240258,1449,1449,1449,1449,,5000,5000,1.0,3021694564,20260901
B2_feature,1.0,per_class,all,micro,linear_solve_relative_residual,4.905059397024135e-06,4.841705213477534e-06,4.9681704016984064e-06,1449,1449,1449,1449,,5000,5000,1.0,3021694564,20260901
B2_feature,1.0,per_class,all,micro,cg_iterations,8.0,8.0,8.0,1449,1449,1449,1449,,5000,5000,1.0,3021694564,20260901
B2_feature,1.0,per_class,all,micro,solve_runtime_ms_per_map,0.004552992358366692,0.004533520945236315,0.00457556491113087,1449,1449,1449,1449,,5000,5000,1.0,3021694564,20260901
B2_feature,1.0,per_class,all,micro,fidelity,0.04728200375195657,0.04597848706140863,0.04872321382748558,1449,1449,1449,1449,,5000,5000,1.0,3021694564,20260901
B2_feature,1.0,per_class,all,micro,relative_l2_change,0.04728200375195657,0.04597848706140863,0.04872321382748558,1449,1449,1449,1449,,5000,5000,1.0,3021694564,20260901
B2_feature,1.0,per_class,all,micro,map_pearson,0.986181184124996,0.9858768539409377,0.9864737662407675,1449,1449,1449,1449,,5000,5000,1.0,3021694564,20260901
B2_feature,1.0,per_class,all,micro,map_spearman,0.9798551393509569,0.979372837974994,0.9803336389614764,1449,1449,1449,1449,,5000,5000,1.0,3021694564,20260901
B2_feature,1.0,per_class,all,micro,energy_raw,0.01570258402062183,0.014479523251258805,0.017069417916641946,1449,1449,1449,1449,,5000,5000,1.0,3021694564,20260901
B2_feature,1.0,per_class,all,micro,energy_smoothed,0.007961830680224507,0.00718579956847881,0.00880164409230266,1449,1449,1449,1449,,5000,5000,1.0,3021694564,20260901
B2_feature,1.0,per_class,all,micro,energy_retention,0.38458436947596164,0.3794740588814946,0.3898388032366318,1449,1449,1449,1449,,5000,5000,1.0,3021694564,20260901
B2_feature,1.0,per_class,all,micro,smoothed_std_over_raw,0.8934163910672943,0.8919569364039959,0.8948549020395269,1449,1449,1449,1449,,5000,5000,1.0,3021694564,20260901
B2_feature,1.0,per_class,all,micro,linear_solve_relative_residual,5.060408050913994e-06,4.97833335662268e-06,5.140261915774855e-06,1449,1449,1449,1449,,5000,5000,1.0,3021694564,20260901
B2_feature,1.0,per_class,all,micro,cg_iterations,8.0,8.0,8.0,1449,1449,1449,1449,,5000,5000,1.0,3021694564,20260901
B2_feature,1.0,per_class,all,micro,solve_runtime_ms_per_map,0.004552992358366692,0.004533520945236315,0.00457556491113087,1449,1449,1449,1449,,5000,5000,1.0,3021694564,20260901
B2_feature,1.0,per_class,all,micro,fidelity,0.03336811385370066,0.03266298537023026,0.03412206644591476,1449,1449,1449,1449,,5000,5000,1.0,3021694564,20260901
B2_feature,1.0,per_class,all,micro,relative_l2_change,0.03336811385370066,0.03266298537023026,0.03412206644591476,1449,1449,1449,1449,,5000,5000,1.0,3021694564,20260901
B2_feature,1.0,per_class,all,micro,map_pearson,0.9866356198914386,0.9863897324317978,0.9868807627753278,1449,1449,1449,1449,,5000,5000,1.0,3021694564,20260901
B2_feature,1.0,per_class,all,micro,map_spearman,0.9807255953817716,0.9803402023069854,0.981106908907349,1449,1449,1449,1449,,5000,5000,1.0,3021694564,20260901
B2_feature,1.0,per_class,all,micro,energy_raw,0.00679435096917323,0.006186409915521117,0.007465021501636642,1449,1449,1449,1449,,5000,5000,1.0,3021694564,20260901
B2_feature,1.0,per_class,all,micro,energy_smoothed,0.003175863474970613,0.0027746140389384097,0.0036169506866101883,1449,1449,1449,1449,,5000,5000,1.0,3021694564,20260901
B2_feature,1.0,per_class,all,micro,energy_retention,0.3608305302054574,0.3568306577219027,0.36501233328655724,1449,1449,1449,1449,,5000,5000,1.0,3021694564,20260901
B2_feature,1.0,per_class,all,micro,smoothed_std_over_raw,0.894484163646948,0.8933900273251402,0.8956175965418315,1449,1449,1449,1449,,5000,5000,1.0,3021694564,20260901
B2_feature,1.0,per_class,all,micro,linear_solve_relative_residual,4.716290243534713e-06,4.665574354262242e-06,4.769303732260167e-06,1449,1449,1449,1449,,5000,5000,1.0,3021694564,20260901
B2_feature,1.0,per_class,all,micro,cg_iterations,8.0,8.0,8.0,1449,1449,1449,1449,,5000,5000,1.0,3021694564,20260901
B2_feature,1.0,per_class,all,micro,solve_runtime_ms_per_map,0.004552992358366692,0.004533520945236315,0.00457556491113087,1449,1449,1449,1449,,5000,5000,1.0,3021694564,20260901
B2_feature,1.0,per_class,all,micro,fidelity,0.03670232379365535,0.03586410917171385,0.03758766910201356,1449,1449,1449,1449,,5000,5000,1.0,3021694564,20260901
B2_feature,1.0,per_class,all,micro,relative_l2_change,0.03670232379365535,0.03586410917171385,0.03758766910201356,1449,1449,1449,1449,,5000,5000,1.0,3021694564,20260901
B2_feature,1.0,per_class,all,micro,map_pearson,0.9872458496120077,0.9870185818165808,0.9874542439781937,1449,1449,1449,1449,,5000,5000,1.0,3021694564,20260901
B2_feature,1.0,per_class,all,micro,map_spearman,0.9822313150839611,0.9818423239381828,0.9826131735467516,1449,1449,1449,1449,,5000,5000,1.0,3021694564,20260901
B2_feature,1.0,per_class,all,micro,energy_raw,0.008282832249473931,0.0075700517012735275,0.009059911169352914,1449,1449,1449,1449,,5000,5000,1.0,3021694564,20260901
B2_feature,1.0,per_class,all,micro,energy_smoothed,0.0037837886873596034,0.003344316650979803,0.004264870732584023,1449,1449,1449,1449,,5000,5000,1.0,3021694564,20260901
B2_feature,1.0,per_class,all,micro,energy_retention,0.3688665325268126,0.3651483609655382,0.37252220272441994,1449,1449,1449,1449,,5000,5000,1.0,3021694564,20260901
B2_feature,1.0,per_class,all,micro,smoothed_std_over_raw,0.8929477604279606,0.8917088858335902,0.8941560358539213,1449,1449,1449,1449,,5000,5000,1.0,3021694564,20260901
B2_feature,1.0,per_class,all,micro,linear_solve_relative_residual,5.044620867074357e-06,4.9743195397063296e-06,5.115080974226706e-06,1449,1449,1449,1449,,5000,5000,1.0,3021694564,20260901
B2_feature,1.0,per_class,all,micro,cg_iterations,8.0,8.0,8.0,1449,1449,1449,1449,,5000,5000,1.0,3021694564,20260901
B2_feature,1.0,per_class,all,micro,solve_runtime_ms_per_map,0.004552992358366692,0.004533520945236315,0.00457556491113087,1449,1449,1449,1449,,5000,5000,1.0,3021694564,20260901
B2_feature,1.0,per_class,all,micro,fidelity,0.038113134858514044,0.037475806349159584,0.03881147184548674,1449,1449,1449,1449,,5000,5000,1.0,3021694564,20260901
B2_feature,1.0,per_class,all,micro,relative_l2_change,0.038113134858514044,0.037475806349159584,0.03881147184548674,1449,1449,1449,1449,,5000,5000,1.0,3021694564,20260901
B2_feature,1.0,per_class,all,micro,map_pearson,0.9862619651194849,0.9859856291443335,0.9865511586721228,1449,1449,1449,1449,,5000,5000,1.0,3021694564,20260901
B2_feature,1.0,per_class,all,micro,map_spearman,0.9808509810535229,0.9804081042288829,0.981293426992936,1449,1449,1449,1449,,5000,5000,1.0,3021694564,20260901
B2_feature,1.0,per_class,all,micro,energy_raw,0.008446614035123059,0.007901572864802343,0.009037839440877785,1449,1449,1449,1449,,5000,5000,1.0,3021694564,20260901
B2_feature,1.0,per_class,all,micro,energy_smoothed,0.003933004894727048,0.0035646891387842235,0.004341113284945717,1449,1449,1449,1449,,5000,5000,1.0,3021694564,20260901
B2_feature,1.0,per_class,all,micro,energy_retention,0.3765499200427672,0.3715519787649848,0.38201499096252245,1449,1449,1449,1449,,5000,5000,1.0,3021694564,20260901
B2_feature,1.0,per_class,all,micro,smoothed_std_over_raw,0.8919708697527667,0.890470096456585,0.8935757758403088,1449,1449,1449,1449,,5000,5000,1.0,3021694564,20260901
B2_feature,1.0,per_class,all,micro,linear_solve_relative_residual,5.296197550417255e-06,5.2241355528828894e-06,5.368085157316844e-06,1449,1449,1449,1449,,5000,5000,1.0,3021694564,20260901
B2_feature,1.0,per_class,all,micro,cg_iterations,8.0,8.0,8.0,1449,1449,1449,1449,,5000,5000,1.0,3021694564,20260901
B2_feature,1.0,per_class,all,micro,solve_runtime_ms_per_map,0.004552992358366692,0.004533520945236315,0.00457556491113087,1449,1449,1449,1449,,5000,5000,1.0,3021694564,20260901
B2_feature,1.0,per_class,all,micro,fidelity,0.03448428625460737,0.03383020105658599,0.035164367518560634,1449,1449,1449,1449,,5000,5000,1.0,3021694564,20260901
B2_feature,1.0,per_class,all,micro,relative_l2_change,0.03448428625460737,0.03383020105658599,0.035164367518560634,1449,1449,1449,1449,,5000,5000,1.0,3021694564,20260901
B2_feature,1.0,per_class,all,micro,map_pearson,0.9875152864647043,0.9873231460990125,0.9877062503112194,1449,1449,1449,1449,,5000,5000,1.0,3021694564,20260901
B2_feature,1.0,per_class,all,micro,map_spearman,0.9825060637018613,0.9821527960991102,0.9828477540659526,1449,1449,1449,1449,,5000,5000,1.0,3021694564,20260901
B2_feature,1.0,per_class,all,micro,energy_raw,0.006817095325051391,0.006302442568622008,0.007376192711010733,1449,1449,1449,1449,,5000,5000,1.0,3021694564,20260901
B2_feature,1.0,per_class,all,micro,energy_smoothed,0.002976354681407895,0.0026654900224830215,0.0033067894037371467,1449,1449,1449,1449,,5000,5000,1.0,3021694564,20260901
B2_feature,1.0,per_class,all,micro,energy_retention,0.36205942958613935,0.35832078420114233,0.3660049587508742,1449,1449,1449,1449,,5000,5000,1.0,3021694564,20260901
B2_feature,1.0,per_class,all,micro,smoothed_std_over_raw,0.8913895537147364,0.8902651542431326,0.89255124900035,1449,1449,1449,1449,,5000,5000,1.0,3021694564,20260901
B2_feature,1.0,per_class,all,micro,linear_solve_relative_residual,4.9459237569084095e-06,4.888014566966858e-06,5.006450593114419e-06,1449,1449,1449,1449,,5000,5000,1.0,3021694564,20260901
B2_feature,1.0,per_class,all,micro,cg_iterations,8.0,8.0,8.0,1449,1449,1449,1449,,5000,5000,1.0,3021694564,20260901
B2_feature,1.0,per_class,all,micro,solve_runtime_ms_per_map,0.004552992358366692,0.004533520945236315,0.00457556491113087,1449,1449,1449,1449,,5000,5000,1.0,3021694564,20260901
B2_feature,1.0,per_class,all,micro,fidelity,0.03518238711364315,0.034552912977334496,0.03584041877674149,1449,1449,1449,1449,,5000,5000,1.0,3021694564,20260901
B2_feature,1.0,per_class,all,micro,relative_l2_change,0.03518238711364315,0.034552912977334496,0.03584041877674149,1449,1449,1449,1449,,5000,5000,1.0,3021694564,20260901
B2_feature,1.0,per_class,all,micro,map_pearson,0.9878223313801531,0.9876214973098907,0.9880213904701651,1449,1449,1449,1449,,5000,5000,1.0,3021694564,20260901
B2_feature,1.0,per_class,all,micro,map_spearman,0.9822144948917887,0.9818397338932099,0.9825655972406402,1449,1449,1449,1449,,5000,5000,1.0,3021694564,20260901
B2_feature,1.0,per_class,all,micro,energy_raw,0.007134925980111899,0.006654879319443149,0.007629530862397324,1449,1449,1449,1449,,5000,5000,1.0,3021694564,20260901
B2_feature,1.0,per_class,all,micro,energy_smoothed,0.003221497481645151,0.0029003276099655597,0.00354878472075616,1449,1449,1449,1449,,5000,5000,1.0,3021694564,20260901
B2_feature,1.0,per_class,all,micro,energy_retention,0.3676063108641662,0.36346580651534105,0.3718604202812256,1449,1449,1449,1449,,5000,5000,1.0,3021694564,20260901
B2_feature,1.0,per_class,all,micro,smoothed_std_over_raw,0.891401023269111,0.8900699469408058,0.8927568351753503,1449,1449,1449,1449,,5000,5000,1.0,3021694564,20260901
B2_feature,1.0,per_class,all,micro,linear_solve_relative_residual,4.968247526401902e-06,4.901076013623106e-06,5.033155814633887e-06,1449,1449,1449,1449,,5000,5000,1.0,3021694564,20260901
B2_feature,1.0,per_class,all,micro,cg_iterations,8.0,8.0,8.0,1449,1449,1449,1449,,5000,5000,1.0,3021694564,20260901
B2_feature,1.0,per_class,all,micro,solve_runtime_ms_per_map,0.004552992358366692,0.004533520945236315,0.00457556491113087,1449,1449,1449,1449,,5000,5000,1.0,3021694564,20260901
B2_feature,1.0,per_class,all,micro,fidelity,0.05696287421089275,0.05536818320758826,0.05857452031297595,1449,1449,1449,1449,,5000,5000,1.0,3021694564,20260901
B2_feature,1.0,per_class,all,micro,relative_l2_change,0.05696287421089275,0.05536818320758826,0.05857452031297595,1449,1449,1449,1449,,5000,5000,1.0,3021694564,20260901
B2_feature,1.0,per_class,all,micro,map_pearson,0.9885347583443647,0.9882313034960614,0.9888274801032472,1449,1449,1449,1449,,5000,5000,1.0,3021694564,20260901
B2_feature,1.0,per_class,all,micro,map_spearman,0.9840475835003797,0.983668251500161,0.9844331030149638,1449,1449,1449,1449,,5000,5000,1.0,3021694564,20260901
B2_feature,1.0,per_class,all,micro,energy_raw,0.023121428540814604,0.02153782951630288,0.024726441739222005,1449,1449,1449,1449,,5000,5000,1.0,3021694564,20260901
B2_feature,1.0,per_class,all,micro,energy_smoothed,0.012415655278420786,0.011475726311233288,0.013370956590619605,1449,1449,1449,1449,,5000,5000,1.0,3021694564,20260901
B2_feature,1.0,per_class,all,micro,energy_retention,0.4499687343280508,0.4436522099933104,0.45635241010194816,1449,1449,1449,1449,,5000,5000,1.0,3021694564,20260901
B2_feature,1.0,per_class,all,micro,smoothed_std_over_raw,0.9017393063314213,0.899864069886089,0.903662645370488,1449,1449,1449,1449,,5000,5000,1.0,3021694564,20260901
B2_feature,1.0,per_class,all,micro,linear_solve_relative_residual,4.7840464291526294e-06,4.688109904006428e-06,4.878072547394678e-06,1449,1449,1449,1449,,5000,5000,1.0,3021694564,20260901
B2_feature,1.0,per_class,all,micro,cg_iterations,8.0,8.0,8.0,1449,1449,1449,1449,,5000,5000,1.0,3021694564,20260901
B2_feature,1.0,per_class,all,micro,solve_runtime_ms_per_map,0.004552992358366692,0.004533520945236315,0.00457556491113087,1449,1449,1449,1449,,5000,5000,1.0,3021694564,20260901
B2_feature,1.0,per_class,all,micro,fidelity,0.044205889679116164,0.04324115158371715,0.04525591263925468,1449,1449,1449,1449,,5000,5000,1.0,3021694564,20260901
B2_feature,1.0,per_class,all,micro,relative_l2_change,0.044205889679116164,0.04324115158371715,0.04525591263925468,1449,1449,1449,1449,,5000,5000,1.0,3021694564,20260901
B2_feature,1.0,per_class,all,micro,map_pearson,0.9846646796431189,0.9843460347403157,0.9849651314950632,1449,1449,1449,1449,,5000,5000,1.0,3021694564,20260901
B2_feature,1.0,per_class,all,micro,map_spearman,0.9785437140899168,0.978048080358117,0.9790133405186292,1449,1449,1449,1449,,5000,5000,1.0,3021694564,20260901
B2_feature,1.0,per_class,all,micro,energy_raw,0.011691366307073632,0.010869653674906757,0.012603399661753495,1449,1449,1449,1449,,5000,5000,1.0,3021694564,20260901
B2_feature,1.0,per_class,all,micro,energy_smoothed,0.005201187695722366,0.004719819577599098,0.00574297652261851,1449,1449,1449,1449,,5000,5000,1.0,3021694564,20260901
B2_feature,1.0,per_class,all,micro,energy_retention,0.3653652060229339,0.3613569224473112,0.36946388319432943,1449,1449,1449,1449,,5000,5000,1.0,3021694564,20260901
B2_feature,1.0,per_class,all,micro,smoothed_std_over_raw,0.8896439705247136,0.88812350467557,0.891111481861257,1449,1449,1449,1449,,5000,5000,1.0,3021694564,20260901
B2_feature,1.0,per_class,all,micro,linear_solve_relative_residual,5.390330000354842e-06,5.304950059702677e-06,5.476242142117701e-06,1449,1449,1449,1449,,5000,5000,1.0,3021694564,20260901
B2_feature,1.0,per_class,all,micro,cg_iterations,8.0,8.0,8.0,1449,1449,1449,1449,,5000,5000,1.0,3021694564,20260901
B2_feature,1.0,per_class,all,micro,solve_runtime_ms_per_map,0.004552992358366692,0.004533520945236315,0.00457556491113087,1449,1449,1449,1449,,5000,5000,1.0,3021694564,20260901
B2_feature,1.0,per_class,all,micro,fidelity,0.03217909465691112,0.031706806157025966,0.03268891703478833,1449,1449,1449,1449,,5000,5000,1.0,3021694564,20260901
B2_feature,1.0,per_class,all,micro,relative_l2_change,0.03217909465691112,0.031706806157025966,0.03268891703478833,1449,1449,1449,1449,,5000,5000,1.0,3021694564,20260901
B2_feature,1.0,per_class,all,micro,map_pearson,0.9877041899557357,0.9874940882260179,0.9879030170432036,1449,1449,1449,1449,,5000,5000,1.0,3021694564,20260901
B2_feature,1.0,per_class,all,micro,map_spearman,0.9829576019585914,0.9826100703218298,0.983293046149778,1449,1449,1449,1449,,5000,5000,1.0,3021694564,20260901
B2_feature,1.0,per_class,all,micro,energy_raw,0.0055052777602041,0.005166313751205642,0.005885994024776012,1449,1449,1449,1449,,5000,5000,1.0,3021694564,20260901
B2_feature,1.0,per_class,all,micro,energy_smoothed,0.0022866947085434654,0.0020787716933291177,0.002522693118682458,1449,1449,1449,1449,,5000,5000,1.0,3021694564,20260901
B2_feature,1.0,per_class,all,micro,energy_retention,0.3683012666539376,0.36478150449976005,0.3715522523082438,1449,1449,1449,1449,,5000,5000,1.0,3021694564,20260901
B2_feature,1.0,per_class,all,micro,smoothed_std_over_raw,0.8944717656340246,0.8933800583413504,0.895608850582416,1449,1449,1449,1449,,5000,5000,1.0,3021694564,20260901
B2_feature,1.0,per_class,all,micro,linear_solve_relative_residual,4.876064485305398e-06,4.8162329043409745e-06,4.936940941160582e-06,1449,1449,1449,1449,,5000,5000,1.0,3021694564,20260901
B2_feature,1.0,per_class,all,micro,cg_iterations,8.0,8.0,8.0,1449,1449,1449,1449,,5000,5000,1.0,3021694564,20260901
B2_feature,1.0,per_class,all,micro,solve_runtime_ms_per_map,0.004552992358366692,0.004533520945236315,0.00457556491113087,1449,1449,1449,1449,,5000,5000,1.0,3021694564,20260901
B2_feature,1.0,per_class,all,micro,fidelity,0.03932550042260919,0.038186462848942816,0.04058205130875748,1449,1449,1449,1449,,5000,5000,1.0,3021694564,20260901
B2_feature,1.0,per_class,all,micro,relative_l2_change,0.03932550042260919,0.038186462848942816,0.04058205130875748,1449,1449,1449,1449,,5000,5000,1.0,3021694564,20260901
B2_feature,1.0,per_class,all,micro,map_pearson,0.9884165266285772,0.9882211777292258,0.9886086399942697,1449,1449,1449,1449,,5000,5000,1.0,3021694564,20260901
B2_feature,1.0,per_class,all,micro,map_spearman,0.982822250834492,0.98243569418572,0.9832094658677787,1449,1449,1449,1449,,5000,5000,1.0,3021694564,20260901
B2_feature,1.0,per_class,all,micro,energy_raw,0.011357959520166227,0.01029763885255634,0.012552135889790405,1449,1449,1449,1449,,5000,5000,1.0,3021694564,20260901
B2_feature,1.0,per_class,all,micro,energy_smoothed,0.005986159275063513,0.005286409755177064,0.006766167676894856,1449,1449,1449,1449,,5000,5000,1.0,3021694564,20260901
B2_feature,1.0,per_class,all,micro,energy_retention,0.38688321618313126,0.3819581714661225,0.3921391473485323,1449,1449,1449,1449,,5000,5000,1.0,3021694564,20260901
B2_feature,1.0,per_class,all,micro,smoothed_std_over_raw,0.8953988486277473,0.8941342578870498,0.8966913003276511,1449,1449,1449,1449,,5000,5000,1.0,3021694564,20260901
B2_feature,1.0,per_class,all,micro,linear_solve_relative_residual,4.8648704671975775e-06,4.794536427124587e-06,4.935338248376237e-06,1449,1449,1449,1449,,5000,5000,1.0,3021694564,20260901
B2_feature,1.0,per_class,all,micro,cg_iterations,8.0,8.0,8.0,1449,1449,1449,1449,,5000,5000,1.0,3021694564,20260901
B2_feature,1.0,per_class,all,micro,solve_runtime_ms_per_map,0.004552992358366692,0.004533520945236315,0.00457556491113087,1449,1449,1449,1449,,5000,5000,1.0,3021694564,20260901
B2_feature,1.0,per_class,all,micro,fidelity,0.03087671647289237,0.030315371898174532,0.031468741813503606,1449,1449,1449,1449,,5000,5000,1.0,3021694564,20260901
B2_feature,1.0,per_class,all,micro,relative_l2_change,0.03087671647289237,0.030315371898174532,0.031468741813503606,1449,1449,1449,1449,,5000,5000,1.0,3021694564,20260901
B2_feature,1.0,per_class,all,micro,map_pearson,0.9892444307430601,0.9890985044839055,0.9893791942153412,1449,1449,1449,1449,,5000,5000,1.0,3021694564,20260901
B2_feature,1.0,per_class,all,micro,map_spearman,0.9846907162600504,0.9843930968926067,0.9849752766591174,1449,1449,1449,1449,,5000,5000,1.0,3021694564,20260901
B2_feature,1.0,per_class,all,micro,energy_raw,0.005415498798927118,0.00500072500412738,0.005870199664954637,1449,1449,1449,1449,,5000,5000,1.0,3021694564,20260901
B2_feature,1.0,per_class,all,micro,energy_smoothed,0.0023692070474858433,0.0021048025806775345,0.0026592006797004587,1449,1449,1449,1449,,5000,5000,1.0,3021694564,20260901
B2_feature,1.0,per_class,all,micro,energy_retention,0.3752767247031523,0.37213140987348275,0.3782635436721758,1449,1449,1449,1449,,5000,5000,1.0,3021694564,20260901
B2_feature,1.0,per_class,all,micro,smoothed_std_over_raw,0.8967267775469767,0.8956274980292228,0.8978144115604476,1449,1449,1449,1449,,5000,5000,1.0,3021694564,20260901
B2_feature,1.0,per_class,all,micro,linear_solve_relative_residual,4.806603109474694e-06,4.74638477210228e-06,4.866861904183478e-06,1449,1449,1449,1449,,5000,5000,1.0,3021694564,20260901
B2_feature,1.0,per_class,all,micro,cg_iterations,8.0,8.0,8.0,1449,1449,1449,1449,,5000,5000,1.0,3021694564,20260901
B2_feature,1.0,per_class,all,micro,solve_runtime_ms_per_map,0.004552992358366692,0.004533520945236315,0.00457556491113087,1449,1449,1449,1449,,5000,5000,1.0,3021694564,20260901
B2_feature,1.0,per_class,all,micro,fidelity,0.03728785962277729,0.03652294488508689,0.038102027699556985,1449,1449,1449,1449,,5000,5000,1.0,3021694564,20260901
B2_feature,1.0,per_class,all,micro,relative_l2_change,0.03728785962277729,0.03652294488508689,0.038102027699556985,1449,1449,1449,1449,,5000,5000,1.0,3021694564,20260901
B2_feature,1.0,per_class,all,micro,map_pearson,0.9875232687154418,0.9873192270226607,0.9877336330058823,1449,1449,1449,1449,,5000,5000,1.0,3021694564,20260901
B2_feature,1.0,per_class,all,micro,map_spearman,0.9819156262198343,0.9815170745857014,0.9823048785853337,1449,1449,1449,1449,,5000,5000,1.0,3021694564,20260901
B2_feature,1.0,per_class,all,micro,energy_raw,0.008260982111578432,0.007654230379528578,0.008914693494538184,1449,1449,1449,1449,,5000,5000,1.0,3021694564,20260901
B2_feature,1.0,per_class,all,micro,energy_smoothed,0.003705142203186882,0.003330845930374962,0.004101857836103766,1449,1449,1449,1449,,5000,5000,1.0,3021694564,20260901
B2_feature,1.0,per_class,all,micro,energy_retention,0.37410820713118903,0.3703111827219248,0.3779676519581126,1449,1449,1449,1449,,5000,5000,1.0,3021694564,20260901
B2_feature,1.0,per_class,all,micro,smoothed_std_over_raw,0.8961488192372687,0.8949499558567424,0.8973502659063408,1449,1449,1449,1449,,5000,5000,1.0,3021694564,20260901
B2_feature,1.0,per_class,all,micro,linear_solve_relative_residual,5.2299364262726255e-06,5.154808128796263e-06,5.308610470378262e-06,1449,1449,1449,1449,,5000,5000,1.0,3021694564,20260901
B2_feature,1.0,per_class,all,micro,cg_iterations,8.0,8.0,8.0,1449,1449,1449,1449,,5000,5000,1.0,3021694564,20260901
B2_feature,1.0,per_class,all,micro,solve_runtime_ms_per_map,0.004552992358366692,0.004533520945236315,0.00457556491113087,1449,1449,1449,1449,,5000,5000,1.0,3021694564,20260901
B2_feature,2.0,all_class_maps,all,micro,fidelity,0.05276498644682787,0.05224594018343172,0.053326799711500145,1449,1449,28980,28980,,5000,5000,1.0,3021694564,20260901
B2_feature,2.0,all_class_maps,all,micro,relative_l2_change,0.05276498644682787,0.05224594018343172,0.053326799711500145,1449,1449,28980,28980,,5000,5000,1.0,3021694564,20260901
B2_feature,2.0,all_class_maps,all,micro,map_pearson,0.9750813323641909,0.9747790851852786,0.9753688797780445,1449,1449,28980,28980,,5000,5000,1.0,3021694564,20260901
B2_feature,2.0,all_class_maps,all,micro,map_spearman,0.9665153097600424,0.9661590554102937,0.9668660842822164,1449,1449,28980,28980,,5000,5000,1.0,3021694564,20260901
B2_feature,2.0,all_class_maps,all,micro,energy_raw,0.008956597696880028,0.008721826173557897,0.009209081520289037,1449,1449,28980,28980,,5000,5000,1.0,3021694564,20260901
B2_feature,2.0,all_class_maps,all,micro,energy_smoothed,0.002985125317216599,0.0028791587239359647,0.0030955735462924855,1449,1449,28980,28980,,5000,5000,1.0,3021694564,20260901
B2_feature,2.0,all_class_maps,all,micro,energy_retention,0.2359718430450532,0.23417550060188486,0.23775606780365016,1449,1449,28980,28980,,5000,5000,1.0,3021694564,20260901
B2_feature,2.0,all_class_maps,all,micro,smoothed_std_over_raw,0.8487763464018918,0.8479154454247243,0.8496117782540327,1449,1449,28980,28980,,5000,5000,1.0,3021694564,20260901
B2_feature,2.0,all_class_maps,all,micro,linear_solve_relative_residual,5.346599505542556e-06,5.304107159892775e-06,5.388235893624911e-06,1449,1449,28980,28980,,5000,5000,1.0,3021694564,20260901
B2_feature,2.0,all_class_maps,all,micro,cg_iterations,11.0,11.0,11.0,1449,1449,28980,28980,,5000,5000,1.0,3021694564,20260901
B2_feature,2.0,all_class_maps,all,micro,solve_runtime_ms_per_map,0.006014870137768092,0.0059890783299229484,0.006045159694808061,1449,1449,28980,28980,,5000,5000,1.0,3021694564,20260901
B2_feature,2.0,all_class_maps,all,macro_class,fidelity,0.052764986446827866,0.05224594018343171,0.053326799711500145,1449,1449,28980,28980,20,5000,5000,1.0,3021694564,20260901
B2_feature,2.0,all_class_maps,all,macro_class,relative_l2_change,0.052764986446827866,0.05224594018343171,0.053326799711500145,1449,1449,28980,28980,20,5000,5000,1.0,3021694564,20260901
B2_feature,2.0,all_class_maps,all,macro_class,map_pearson,0.975081332364191,0.9747790851852782,0.9753688797780445,1449,1449,28980,28980,20,5000,5000,1.0,3021694564,20260901
B2_feature,2.0,all_class_maps,all,macro_class,map_spearman,0.9665153097600422,0.9661590554102937,0.9668660842822164,1449,1449,28980,28980,20,5000,5000,1.0,3021694564,20260901
B2_feature,2.0,all_class_maps,all,macro_class,energy_raw,0.008956597696880026,0.008721826173557897,0.009209081520289037,1449,1449,28980,28980,20,5000,5000,1.0,3021694564,20260901
B2_feature,2.0,all_class_maps,all,macro_class,energy_smoothed,0.0029851253172165993,0.002879158723935965,0.003095573546292485,1449,1449,28980,28980,20,5000,5000,1.0,3021694564,20260901
B2_feature,2.0,all_class_maps,all,macro_class,energy_retention,0.2359718430450532,0.2341755006018849,0.2377560678036502,1449,1449,28980,28980,20,5000,5000,1.0,3021694564,20260901
B2_feature,2.0,all_class_maps,all,macro_class,smoothed_std_over_raw,0.8487763464018917,0.8479154454247242,0.8496117782540326,1449,1449,28980,28980,20,5000,5000,1.0,3021694564,20260901
B2_feature,2.0,all_class_maps,all,macro_class,linear_solve_relative_residual,5.346599505542555e-06,5.304107159892775e-06,5.388235893624912e-06,1449,1449,28980,28980,20,5000,5000,1.0,3021694564,20260901
B2_feature,2.0,all_class_maps,all,macro_class,cg_iterations,11.0,11.0,11.0,1449,1449,28980,28980,20,5000,5000,1.0,3021694564,20260901
B2_feature,2.0,all_class_maps,all,macro_class,solve_runtime_ms_per_map,0.006014870137768093,0.005989078329922945,0.006045159694808059,1449,1449,28980,28980,20,5000,5000,1.0,3021694564,20260901
B2_feature,2.0,all_class_maps,single_label,micro,fidelity,0.04846881477457613,0.047887320678679623,0.049053224874617676,927,927,18540,18540,,5000,5000,1.0,3021694564,20260901
B2_feature,2.0,all_class_maps,single_label,micro,relative_l2_change,0.04846881477457613,0.047887320678679623,0.049053224874617676,927,927,18540,18540,,5000,5000,1.0,3021694564,20260901
B2_feature,2.0,all_class_maps,single_label,micro,map_pearson,0.9751798023555143,0.9747860433048736,0.9755785646514632,927,927,18540,18540,,5000,5000,1.0,3021694564,20260901
B2_feature,2.0,all_class_maps,single_label,micro,map_spearman,0.9655634606058158,0.9650577174804646,0.9660622889148283,927,927,18540,18540,,5000,5000,1.0,3021694564,20260901
B2_feature,2.0,all_class_maps,single_label,micro,energy_raw,0.007069171715664407,0.006839880156581145,0.00729974142602533,927,927,18540,18540,,5000,5000,1.0,3021694564,20260901
B2_feature,2.0,all_class_maps,single_label,micro,energy_smoothed,0.0020893414758762483,0.001995107232096916,0.00218504715877517,927,927,18540,18540,,5000,5000,1.0,3021694564,20260901
B2_feature,2.0,all_class_maps,single_label,micro,energy_retention,0.2240071236866224,0.22194153579686363,0.22611754850732582,927,927,18540,18540,,5000,5000,1.0,3021694564,20260901
B2_feature,2.0,all_class_maps,single_label,micro,smoothed_std_over_raw,0.8464719233035785,0.8453693208323456,0.8475533230770721,927,927,18540,18540,,5000,5000,1.0,3021694564,20260901
B2_feature,2.0,all_class_maps,single_label,micro,linear_solve_relative_residual,5.568147509202312e-06,5.516339860397087e-06,5.6226639771011345e-06,927,927,18540,18540,,5000,5000,1.0,3021694564,20260901
B2_feature,2.0,all_class_maps,single_label,micro,cg_iterations,11.0,11.0,11.0,927,927,18540,18540,,5000,5000,1.0,3021694564,20260901
B2_feature,2.0,all_class_maps,single_label,micro,solve_runtime_ms_per_map,0.0060147775402047314,0.00598357097439631,0.0060546289665694445,927,927,18540,18540,,5000,5000,1.0,3021694564,20260901
B2_feature,2.0,all_class_maps,single_label,macro_class,fidelity,0.04846881477457613,0.04788732067867963,0.049053224874617676,927,927,18540,18540,20,5000,5000,1.0,3021694564,20260901
B2_feature,2.0,all_class_maps,single_label,macro_class,relative_l2_change,0.04846881477457613,0.04788732067867963,0.049053224874617676,927,927,18540,18540,20,5000,5000,1.0,3021694564,20260901
B2_feature,2.0,all_class_maps,single_label,macro_class,map_pearson,0.975179802355514,0.9747860433048734,0.9755785646514631,927,927,18540,18540,20,5000,5000,1.0,3021694564,20260901
B2_feature,2.0,all_class_maps,single_label,macro_class,map_spearman,0.9655634606058158,0.9650577174804646,0.9660622889148283,927,927,18540,18540,20,5000,5000,1.0,3021694564,20260901
B2_feature,2.0,all_class_maps,single_label,macro_class,energy_raw,0.007069171715664407,0.006839880156581145,0.007299741426025329,927,927,18540,18540,20,5000,5000,1.0,3021694564,20260901
B2_feature,2.0,all_class_maps,single_label,macro_class,energy_smoothed,0.0020893414758762483,0.001995107232096916,0.0021850471587751704,927,927,18540,18540,20,5000,5000,1.0,3021694564,20260901
B2_feature,2.0,all_class_maps,single_label,macro_class,energy_retention,0.22400712368662234,0.22194153579686365,0.22611754850732585,927,927,18540,18540,20,5000,5000,1.0,3021694564,20260901
B2_feature,2.0,all_class_maps,single_label,macro_class,smoothed_std_over_raw,0.8464719233035787,0.8453693208323456,0.8475533230770721,927,927,18540,18540,20,5000,5000,1.0,3021694564,20260901
B2_feature,2.0,all_class_maps,single_label,macro_class,linear_solve_relative_residual,5.568147509202312e-06,5.516339860397087e-06,5.622663977101133e-06,927,927,18540,18540,20,5000,5000,1.0,3021694564,20260901
B2_feature,2.0,all_class_maps,single_label,macro_class,cg_iterations,11.0,11.0,11.0,927,927,18540,18540,20,5000,5000,1.0,3021694564,20260901
B2_feature,2.0,all_class_maps,single_label,macro_class,solve_runtime_ms_per_map,0.00601477754020473,0.005983570974396307,0.006054628966569443,927,927,18540,18540,20,5000,5000,1.0,3021694564,20260901
B2_feature,2.0,all_class_maps,exactly_2_labels,micro,fidelity,0.0583703860104084,0.05761135087472076,0.05915656993384163,375,375,7500,7500,,5000,5000,1.0,3021694564,20260901
B2_feature,2.0,all_class_maps,exactly_2_labels,micro,relative_l2_change,0.0583703860104084,0.05761135087472076,0.05915656993384163,375,375,7500,7500,,5000,5000,1.0,3021694564,20260901
B2_feature,2.0,all_class_maps,exactly_2_labels,micro,map_pearson,0.9747490340391795,0.974184210191369,0.9752933592100937,375,375,7500,7500,,5000,5000,1.0,3021694564,20260901
B2_feature,2.0,all_class_maps,exactly_2_labels,micro,map_spearman,0.9681475775003433,0.9675507043335836,0.9687329094455639,375,375,7500,7500,,5000,5000,1.0,3021694564,20260901
B2_feature,2.0,all_class_maps,exactly_2_labels,micro,energy_raw,0.011238184535394734,0.010844686388792083,0.011660325369330045,375,375,7500,7500,,5000,5000,1.0,3021694564,20260901
B2_feature,2.0,all_class_maps,exactly_2_labels,micro,energy_smoothed,0.004031632878646875,0.003846695580840363,0.0042225094687992045,375,375,7500,7500,,5000,5000,1.0,3021694564,20260901
B2_feature,2.0,all_class_maps,exactly_2_labels,micro,energy_retention,0.25245698431233565,0.2495949631315718,0.2553172216747701,375,375,7500,7500,,5000,5000,1.0,3021694564,20260901
B2_feature,2.0,all_class_maps,exactly_2_labels,micro,smoothed_std_over_raw,0.8523860474904378,0.8507967312037944,0.8539884138156971,375,375,7500,7500,,5000,5000,1.0,3021694564,20260901
B2_feature,2.0,all_class_maps,exactly_2_labels,micro,linear_solve_relative_residual,5.010843741547433e-06,4.948157343554461e-06,5.075468257087626e-06,375,375,7500,7500,,5000,5000,1.0,3021694564,20260901
B2_feature,2.0,all_class_maps,exactly_2_labels,micro,cg_iterations,11.0,11.0,11.0,375,375,7500,7500,,5000,5000,1.0,3021694564,20260901
B2_feature,2.0,all_class_maps,exactly_2_labels,micro,solve_runtime_ms_per_map,0.006012534026565307,0.005971969960543599,0.0060717313200061825,375,375,7500,7500,,5000,5000,1.0,3021694564,20260901
B2_feature,2.0,all_class_maps,exactly_2_labels,macro_class,fidelity,0.058370386010408414,0.057611350874720746,0.059156569933841635,375,375,7500,7500,20,5000,5000,1.0,3021694564,20260901
B2_feature,2.0,all_class_maps,exactly_2_labels,macro_class,relative_l2_change,0.058370386010408414,0.057611350874720746,0.059156569933841635,375,375,7500,7500,20,5000,5000,1.0,3021694564,20260901
B2_feature,2.0,all_class_maps,exactly_2_labels,macro_class,map_pearson,0.9747490340391796,0.974184210191369,0.9752933592100937,375,375,7500,7500,20,5000,5000,1.0,3021694564,20260901
B2_feature,2.0,all_class_maps,exactly_2_labels,macro_class,map_spearman,0.9681475775003434,0.9675507043335836,0.9687329094455638,375,375,7500,7500,20,5000,5000,1.0,3021694564,20260901
B2_feature,2.0,all_class_maps,exactly_2_labels,macro_class,energy_raw,0.01123818453539473,0.010844686388792086,0.011660325369330043,375,375,7500,7500,20,5000,5000,1.0,3021694564,20260901
B2_feature,2.0,all_class_maps,exactly_2_labels,macro_class,energy_smoothed,0.004031632878646875,0.003846695580840364,0.0042225094687992045,375,375,7500,7500,20,5000,5000,1.0,3021694564,20260901
B2_feature,2.0,all_class_maps,exactly_2_labels,macro_class,energy_retention,0.25245698431233576,0.24959496313157187,0.2553172216747701,375,375,7500,7500,20,5000,5000,1.0,3021694564,20260901
B2_feature,2.0,all_class_maps,exactly_2_labels,macro_class,smoothed_std_over_raw,0.8523860474904378,0.8507967312037942,0.8539884138156971,375,375,7500,7500,20,5000,5000,1.0,3021694564,20260901
B2_feature,2.0,all_class_maps,exactly_2_labels,macro_class,linear_solve_relative_residual,5.010843741547433e-06,4.948157343554461e-06,5.075468257087625e-06,375,375,7500,7500,20,5000,5000,1.0,3021694564,20260901
B2_feature,2.0,all_class_maps,exactly_2_labels,macro_class,cg_iterations,11.0,11.0,11.0,375,375,7500,7500,20,5000,5000,1.0,3021694564,20260901
B2_feature,2.0,all_class_maps,exactly_2_labels,macro_class,solve_runtime_ms_per_map,0.006012534026565306,0.005971969960543601,0.0060717313200061825,375,375,7500,7500,20,5000,5000,1.0,3021694564,20260901
B2_feature,2.0,all_class_maps,3plus_labels,micro,fidelity,0.06555768239128143,0.06441971208288835,0.06669444847699939,147,147,2940,2940,,5000,5000,1.0,3021694564,20260901
B2_feature,2.0,all_class_maps,3plus_labels,micro,relative_l2_change,0.06555768239128143,0.06441971208288835,0.06669444847699939,147,147,2940,2940,,5000,5000,1.0,3021694564,20260901
B2_feature,2.0,all_class_maps,3plus_labels,micro,map_pearson,0.9753080683500588,0.9746604437735819,0.9759096567165486,147,147,2940,2940,,5000,5000,1.0,3021694564,20260901
B2_feature,2.0,all_class_maps,3plus_labels,micro,map_spearman,0.9683538387624585,0.9676132539923296,0.9690947169268211,147,147,2940,2940,,5000,5000,1.0,3021694564,20260901
B2_feature,2.0,all_class_maps,3plus_labels,micro,energy_raw,0.015038562459763469,0.014316180872184076,0.01575168666814899,147,147,2940,2940,,5000,5000,1.0,3021694564,20260901
B2_feature,2.0,all_class_maps,3plus_labels,micro,energy_smoothed,0.00596438576202035,0.005606852131535388,0.006326608609158283,147,147,2940,2940,,5000,5000,1.0,3021694564,20260901
B2_feature,2.0,all_class_maps,3plus_labels,micro,energy_retention,0.2693688965827024,0.265508888196707,0.2731306201908864,147,147,2940,2940,,5000,5000,1.0,3021694564,20260901
B2_feature,2.0,all_class_maps,3plus_labels,micro,smoothed_std_over_raw,0.8540998994898634,0.8511562421411073,0.856849819290496,147,147,2940,2940,,5000,5000,1.0,3021694564,20260901
B2_feature,2.0,all_class_maps,3plus_labels,micro,linear_solve_relative_residual,4.806010472247162e-06,4.72560629880209e-06,4.8947371459037014e-06,147,147,2940,2940,,5000,5000,1.0,3021694564,20260901
B2_feature,2.0,all_class_maps,3plus_labels,micro,cg_iterations,11.0,11.0,11.0,147,147,2940,2940,,5000,5000,1.0,3021694564,20260901
B2_feature,2.0,all_class_maps,3plus_labels,micro,solve_runtime_ms_per_map,0.006021413536695165,0.00596454775107731,0.006126369169644533,147,147,2940,2940,,5000,5000,1.0,3021694564,20260901
B2_feature,2.0,all_class_maps,3plus_labels,macro_class,fidelity,0.06555768239128143,0.06441971208288834,0.0666944484769994,147,147,2940,2940,20,5000,5000,1.0,3021694564,20260901
B2_feature,2.0,all_class_maps,3plus_labels,macro_class,relative_l2_change,0.06555768239128143,0.06441971208288834,0.0666944484769994,147,147,2940,2940,20,5000,5000,1.0,3021694564,20260901
B2_feature,2.0,all_class_maps,3plus_labels,macro_class,map_pearson,0.9753080683500588,0.9746604437735819,0.9759096567165487,147,147,2940,2940,20,5000,5000,1.0,3021694564,20260901
B2_feature,2.0,all_class_maps,3plus_labels,macro_class,map_spearman,0.9683538387624585,0.9676132539923296,0.9690947169268215,147,147,2940,2940,20,5000,5000,1.0,3021694564,20260901
B2_feature,2.0,all_class_maps,3plus_labels,macro_class,energy_raw,0.015038562459763469,0.014316180872184076,0.015751686668148985,147,147,2940,2940,20,5000,5000,1.0,3021694564,20260901
B2_feature,2.0,all_class_maps,3plus_labels,macro_class,energy_smoothed,0.0059643857620203505,0.0056068521315353875,0.006326608609158282,147,147,2940,2940,20,5000,5000,1.0,3021694564,20260901
B2_feature,2.0,all_class_maps,3plus_labels,macro_class,energy_retention,0.26936889658270236,0.26550888819670704,0.27313062019088635,147,147,2940,2940,20,5000,5000,1.0,3021694564,20260901
B2_feature,2.0,all_class_maps,3plus_labels,macro_class,smoothed_std_over_raw,0.8540998994898634,0.8511562421411072,0.8568498192904961,147,147,2940,2940,20,5000,5000,1.0,3021694564,20260901
B2_feature,2.0,all_class_maps,3plus_labels,macro_class,linear_solve_relative_residual,4.806010472247162e-06,4.725606298802091e-06,4.8947371459037014e-06,147,147,2940,2940,20,5000,5000,1.0,3021694564,20260901
B2_feature,2.0,all_class_maps,3plus_labels,macro_class,cg_iterations,11.0,11.0,11.0,147,147,2940,2940,20,5000,5000,1.0,3021694564,20260901
B2_feature,2.0,all_class_maps,3plus_labels,macro_class,solve_runtime_ms_per_map,0.006021413536695165,0.005964547751077309,0.006126369169644536,147,147,2940,2940,20,5000,5000,1.0,3021694564,20260901
B2_feature,2.0,per_class,all,micro,fidelity,0.04493175143102188,0.04418772519488991,0.04573628281711056,1449,1449,1449,1449,,5000,5000,1.0,3021694564,20260901
B2_feature,2.0,per_class,all,micro,relative_l2_change,0.04493175143102188,0.04418772519488991,0.04573628281711056,1449,1449,1449,1449,,5000,5000,1.0,3021694564,20260901
B2_feature,2.0,per_class,all,micro,map_pearson,0.9756695674237422,0.9752854571713095,0.9760280111839312,1449,1449,1449,1449,,5000,5000,1.0,3021694564,20260901
B2_feature,2.0,per_class,all,micro,map_spearman,0.9683820766115946,0.9678497209713078,0.9689074308945032,1449,1449,1449,1449,,5000,5000,1.0,3021694564,20260901
B2_feature,2.0,per_class,all,micro,energy_raw,0.005577722238874856,0.005200935301698794,0.005999642234260899,1449,1449,1449,1449,,5000,5000,1.0,3021694564,20260901
B2_feature,2.0,per_class,all,micro,energy_smoothed,0.001560532435787015,0.001363363992196958,0.001779511024406139,1449,1449,1449,1449,,5000,5000,1.0,3021694564,20260901
B2_feature,2.0,per_class,all,micro,energy_retention,0.22259147383987368,0.2193200630993885,0.22592985905202978,1449,1449,1449,1449,,5000,5000,1.0,3021694564,20260901
B2_feature,2.0,per_class,all,micro,smoothed_std_over_raw,0.8457563823465646,0.8442199066826357,0.847301945947959,1449,1449,1449,1449,,5000,5000,1.0,3021694564,20260901
B2_feature,2.0,per_class,all,micro,linear_solve_relative_residual,5.306561660886414e-06,5.1999710306140094e-06,5.414433671696756e-06,1449,1449,1449,1449,,5000,5000,1.0,3021694564,20260901
B2_feature,2.0,per_class,all,micro,cg_iterations,11.0,11.0,11.0,1449,1449,1449,1449,,5000,5000,1.0,3021694564,20260901
B2_feature,2.0,per_class,all,micro,solve_runtime_ms_per_map,0.00601487013776809,0.005989078329922948,0.006045159694808061,1449,1449,1449,1449,,5000,5000,1.0,3021694564,20260901
B2_feature,2.0,per_class,all,micro,fidelity,0.048209669873159534,0.047046881256107016,0.04945870517139896,1449,1449,1449,1449,,5000,5000,1.0,3021694564,20260901
B2_feature,2.0,per_class,all,micro,relative_l2_change,0.048209669873159534,0.047046881256107016,0.04945870517139896,1449,1449,1449,1449,,5000,5000,1.0,3021694564,20260901
B2_feature,2.0,per_class,all,micro,map_pearson,0.9760904990450278,0.9757129067949709,0.976454031709106,1449,1449,1449,1449,,5000,5000,1.0,3021694564,20260901
B2_feature,2.0,per_class,all,micro,map_spearman,0.9681147816182828,0.9675520732628633,0.9686541670803533,1449,1449,1449,1449,,5000,5000,1.0,3021694564,20260901
B2_feature,2.0,per_class,all,micro,energy_raw,0.007209772725584432,0.006601334033033241,0.007877625366264334,1449,1449,1449,1449,,5000,5000,1.0,3021694564,20260901
B2_feature,2.0,per_class,all,micro,energy_smoothed,0.002250690838702703,0.001953471965188271,0.0025694812779568123,1449,1449,1449,1449,,5000,5000,1.0,3021694564,20260901
B2_feature,2.0,per_class,all,micro,energy_retention,0.2236943812288853,0.22013003245070628,0.22742795863036475,1449,1449,1449,1449,,5000,5000,1.0,3021694564,20260901
B2_feature,2.0,per_class,all,micro,smoothed_std_over_raw,0.8504349398481345,0.8488040225383657,0.8520076739512451,1449,1449,1449,1449,,5000,5000,1.0,3021694564,20260901
B2_feature,2.0,per_class,all,micro,linear_solve_relative_residual,5.465239495966794e-06,5.36285388140118e-06,5.566996670932286e-06,1449,1449,1449,1449,,5000,5000,1.0,3021694564,20260901
B2_feature,2.0,per_class,all,micro,cg_iterations,11.0,11.0,11.0,1449,1449,1449,1449,,5000,5000,1.0,3021694564,20260901
B2_feature,2.0,per_class,all,micro,solve_runtime_ms_per_map,0.00601487013776809,0.005989078329922948,0.006045159694808061,1449,1449,1449,1449,,5000,5000,1.0,3021694564,20260901
B2_feature,2.0,per_class,all,micro,fidelity,0.045445595792731885,0.04487753809986314,0.046074409229556204,1449,1449,1449,1449,,5000,5000,1.0,3021694564,20260901
B2_feature,2.0,per_class,all,micro,relative_l2_change,0.045445595792731885,0.04487753809986314,0.046074409229556204,1449,1449,1449,1449,,5000,5000,1.0,3021694564,20260901
B2_feature,2.0,per_class,all,micro,map_pearson,0.972349038446583,0.9719372527981068,0.9727427814811407,1449,1449,1449,1449,,5000,5000,1.0,3021694564,20260901
B2_feature,2.0,per_class,all,micro,map_spearman,0.9641543791325361,0.9635054572069538,0.9647741446511922,1449,1449,1449,1449,,5000,5000,1.0,3021694564,20260901
B2_feature,2.0,per_class,all,micro,energy_raw,0.005383211009177393,0.005148118020731408,0.0056604553572576445,1449,1449,1449,1449,,5000,5000,1.0,3021694564,20260901
B2_feature,2.0,per_class,all,micro,energy_smoothed,0.0012978242089471531,0.001192801007221855,0.0014231584619412276,1449,1449,1449,1449,,5000,5000,1.0,3021694564,20260901
B2_feature,2.0,per_class,all,micro,energy_retention,0.2125141854077228,0.209804720504838,0.21534097649470701,1449,1449,1449,1449,,5000,5000,1.0,3021694564,20260901
B2_feature,2.0,per_class,all,micro,smoothed_std_over_raw,0.8466746993028682,0.8450947057499485,0.8482380067103068,1449,1449,1449,1449,,5000,5000,1.0,3021694564,20260901
B2_feature,2.0,per_class,all,micro,linear_solve_relative_residual,5.304368796193731e-06,5.1953322855457985e-06,5.412178193797743e-06,1449,1449,1449,1449,,5000,5000,1.0,3021694564,20260901
B2_feature,2.0,per_class,all,micro,cg_iterations,11.0,11.0,11.0,1449,1449,1449,1449,,5000,5000,1.0,3021694564,20260901
B2_feature,2.0,per_class,all,micro,solve_runtime_ms_per_map,0.00601487013776809,0.005989078329922948,0.006045159694808061,1449,1449,1449,1449,,5000,5000,1.0,3021694564,20260901
B2_feature,2.0,per_class,all,micro,fidelity,0.047024218618787514,0.0459907008413408,0.048123232478930196,1449,1449,1449,1449,,5000,5000,1.0,3021694564,20260901
B2_feature,2.0,per_class,all,micro,relative_l2_change,0.047024218618787514,0.0459907008413408,0.048123232478930196,1449,1449,1449,1449,,5000,5000,1.0,3021694564,20260901
B2_feature,2.0,per_class,all,micro,map_pearson,0.9761338047606111,0.9757723801203066,0.9764909616816119,1449,1449,1449,1449,,5000,5000,1.0,3021694564,20260901
B2_feature,2.0,per_class,all,micro,map_spearman,0.9686573963892551,0.9681457684112468,0.9691654059406064,1449,1449,1449,1449,,5000,5000,1.0,3021694564,20260901
B2_feature,2.0,per_class,all,micro,energy_raw,0.006574670967917177,0.006032473684603983,0.007189257692589358,1449,1449,1449,1449,,5000,5000,1.0,3021694564,20260901
B2_feature,2.0,per_class,all,micro,energy_smoothed,0.0020300216420156415,0.001747750528506847,0.0023518582566401766,1449,1449,1449,1449,,5000,5000,1.0,3021694564,20260901
B2_feature,2.0,per_class,all,micro,energy_retention,0.2328088883287418,0.22948108475277387,0.2363350309048483,1449,1449,1449,1449,,5000,5000,1.0,3021694564,20260901
B2_feature,2.0,per_class,all,micro,smoothed_std_over_raw,0.8477893099034548,0.846161573988516,0.849398239904062,1449,1449,1449,1449,,5000,5000,1.0,3021694564,20260901
B2_feature,2.0,per_class,all,micro,linear_solve_relative_residual,5.410824397831531e-06,5.305635070049781e-06,5.515887344706468e-06,1449,1449,1449,1449,,5000,5000,1.0,3021694564,20260901
B2_feature,2.0,per_class,all,micro,cg_iterations,11.0,11.0,11.0,1449,1449,1449,1449,,5000,5000,1.0,3021694564,20260901
B2_feature,2.0,per_class,all,micro,solve_runtime_ms_per_map,0.00601487013776809,0.005989078329922948,0.006045159694808061,1449,1449,1449,1449,,5000,5000,1.0,3021694564,20260901
B2_feature,2.0,per_class,all,micro,fidelity,0.05698051063370877,0.055437630035010156,0.05853477712878745,1449,1449,1449,1449,,5000,5000,1.0,3021694564,20260901
B2_feature,2.0,per_class,all,micro,relative_l2_change,0.05698051063370877,0.055437630035010156,0.05853477712878745,1449,1449,1449,1449,,5000,5000,1.0,3021694564,20260901
B2_feature,2.0,per_class,all,micro,map_pearson,0.9732787959570717,0.9727547166777776,0.9737833758267228,1449,1449,1449,1449,,5000,5000,1.0,3021694564,20260901
B2_feature,2.0,per_class,all,micro,map_spearman,0.9637541600636074,0.9630023740339971,0.9644971775691866,1449,1449,1449,1449,,5000,5000,1.0,3021694564,20260901
B2_feature,2.0,per_class,all,micro,energy_raw,0.010478428331813713,0.009637760239132835,0.011359181032932875,1449,1449,1449,1449,,5000,5000,1.0,3021694564,20260901
B2_feature,2.0,per_class,all,micro,energy_smoothed,0.003559279313856984,0.003134826647155876,0.004008176425124664,1449,1449,1449,1449,,5000,5000,1.0,3021694564,20260901
B2_feature,2.0,per_class,all,micro,energy_retention,0.23810210637876789,0.23362387354152112,0.2425909354002456,1449,1449,1449,1449,,5000,5000,1.0,3021694564,20260901
B2_feature,2.0,per_class,all,micro,smoothed_std_over_raw,0.8509411969375742,0.8491957545959185,0.8527364977192599,1449,1449,1449,1449,,5000,5000,1.0,3021694564,20260901
B2_feature,2.0,per_class,all,micro,linear_solve_relative_residual,5.632467295689902e-06,5.5352341948850835e-06,5.728835903386013e-06,1449,1449,1449,1449,,5000,5000,1.0,3021694564,20260901
B2_feature,2.0,per_class,all,micro,cg_iterations,11.0,11.0,11.0,1449,1449,1449,1449,,5000,5000,1.0,3021694564,20260901
B2_feature,2.0,per_class,all,micro,solve_runtime_ms_per_map,0.00601487013776809,0.005989078329922948,0.006045159694808061,1449,1449,1449,1449,,5000,5000,1.0,3021694564,20260901
B2_feature,2.0,per_class,all,micro,fidelity,0.04897985363660639,0.048017414752651054,0.05000184655014048,1449,1449,1449,1449,,5000,5000,1.0,3021694564,20260901
B2_feature,2.0,per_class,all,micro,relative_l2_change,0.04897985363660639,0.048017414752651054,0.05000184655014048,1449,1449,1449,1449,,5000,5000,1.0,3021694564,20260901
B2_feature,2.0,per_class,all,micro,map_pearson,0.9753702027868452,0.9749511416345896,0.9757685970023964,1449,1449,1449,1449,,5000,5000,1.0,3021694564,20260901
B2_feature,2.0,per_class,all,micro,map_spearman,0.9664395835335458,0.9658088063179747,0.967092537110719,1449,1449,1449,1449,,5000,5000,1.0,3021694564,20260901
B2_feature,2.0,per_class,all,micro,energy_raw,0.006906399086536808,0.006454728713769754,0.007393478762766242,1449,1449,1449,1449,,5000,5000,1.0,3021694564,20260901
B2_feature,2.0,per_class,all,micro,energy_smoothed,0.00206967697549853,0.0018433913587650149,0.0023128964863947336,1449,1449,1449,1449,,5000,5000,1.0,3021694564,20260901
B2_feature,2.0,per_class,all,micro,energy_retention,0.23063793801043755,0.22690046753238158,0.23435993289679105,1449,1449,1449,1449,,5000,5000,1.0,3021694564,20260901
B2_feature,2.0,per_class,all,micro,smoothed_std_over_raw,0.8471819948047666,0.8455634516413826,0.848819921867571,1449,1449,1449,1449,,5000,5000,1.0,3021694564,20260901
B2_feature,2.0,per_class,all,micro,linear_solve_relative_residual,5.2094830533464594e-06,5.103479202516943e-06,5.315535732508015e-06,1449,1449,1449,1449,,5000,5000,1.0,3021694564,20260901
B2_feature,2.0,per_class,all,micro,cg_iterations,11.0,11.0,11.0,1449,1449,1449,1449,,5000,5000,1.0,3021694564,20260901
B2_feature,2.0,per_class,all,micro,solve_runtime_ms_per_map,0.00601487013776809,0.005989078329922948,0.006045159694808061,1449,1449,1449,1449,,5000,5000,1.0,3021694564,20260901
B2_feature,2.0,per_class,all,micro,fidelity,0.059774579350458004,0.05808747988155663,0.0615395304196745,1449,1449,1449,1449,,5000,5000,1.0,3021694564,20260901
B2_feature,2.0,per_class,all,micro,relative_l2_change,0.059774579350458004,0.05808747988155663,0.0615395304196745,1449,1449,1449,1449,,5000,5000,1.0,3021694564,20260901
B2_feature,2.0,per_class,all,micro,map_pearson,0.9749002861844992,0.9744285494294802,0.975345479253245,1449,1449,1449,1449,,5000,5000,1.0,3021694564,20260901
B2_feature,2.0,per_class,all,micro,map_spearman,0.9666059941485308,0.9659594284657201,0.9672480261607611,1449,1449,1449,1449,,5000,5000,1.0,3021694564,20260901
B2_feature,2.0,per_class,all,micro,energy_raw,0.011820598098264945,0.010897819219469468,0.012781903412942006,1449,1449,1449,1449,,5000,5000,1.0,3021694564,20260901
B2_feature,2.0,per_class,all,micro,energy_smoothed,0.003915526412192506,0.003514157094371414,0.004341039530711521,1449,1449,1449,1449,,5000,5000,1.0,3021694564,20260901
B2_feature,2.0,per_class,all,micro,energy_retention,0.25062067462729126,0.24634070178086365,0.2549328757695509,1449,1449,1449,1449,,5000,5000,1.0,3021694564,20260901
B2_feature,2.0,per_class,all,micro,smoothed_std_over_raw,0.8521829733690613,0.8502943238764076,0.8540165494677525,1449,1449,1449,1449,,5000,5000,1.0,3021694564,20260901
B2_feature,2.0,per_class,all,micro,linear_solve_relative_residual,5.148684927287021e-06,5.059287995239132e-06,5.238190451154596e-06,1449,1449,1449,1449,,5000,5000,1.0,3021694564,20260901
B2_feature,2.0,per_class,all,micro,cg_iterations,11.0,11.0,11.0,1449,1449,1449,1449,,5000,5000,1.0,3021694564,20260901
B2_feature,2.0,per_class,all,micro,solve_runtime_ms_per_map,0.00601487013776809,0.005989078329922948,0.006045159694808061,1449,1449,1449,1449,,5000,5000,1.0,3021694564,20260901
B2_feature,2.0,per_class,all,micro,fidelity,0.04751017761948275,0.04659486876519781,0.04852069542641071,1449,1449,1449,1449,,5000,5000,1.0,3021694564,20260901
B2_feature,2.0,per_class,all,micro,relative_l2_change,0.04751017761948275,0.04659486876519781,0.04852069542641071,1449,1449,1449,1449,,5000,5000,1.0,3021694564,20260901
B2_feature,2.0,per_class,all,micro,map_pearson,0.9757113276554684,0.9753079175229235,0.976115386595267,1449,1449,1449,1449,,5000,5000,1.0,3021694564,20260901
B2_feature,2.0,per_class,all,micro,map_spearman,0.9679062429010827,0.9673226460002059,0.9684672778314192,1449,1449,1449,1449,,5000,5000,1.0,3021694564,20260901
B2_feature,2.0,per_class,all,micro,energy_raw,0.006650235861111779,0.006195138155739321,0.007165926370754956,1449,1449,1449,1449,,5000,5000,1.0,3021694564,20260901
B2_feature,2.0,per_class,all,micro,energy_smoothed,0.0021296530406466722,0.0018861875851914629,0.002400374388564123,1449,1449,1449,1449,,5000,5000,1.0,3021694564,20260901
B2_feature,2.0,per_class,all,micro,energy_retention,0.23331849959860843,0.22886265070068992,0.23797941036738346,1449,1449,1449,1449,,5000,5000,1.0,3021694564,20260901
B2_feature,2.0,per_class,all,micro,smoothed_std_over_raw,0.8517111972169764,0.8500509051339966,0.8533686242293209,1449,1449,1449,1449,,5000,5000,1.0,3021694564,20260901
B2_feature,2.0,per_class,all,micro,linear_solve_relative_residual,5.478352171449912e-06,5.3758971757804766e-06,5.584544384496964e-06,1449,1449,1449,1449,,5000,5000,1.0,3021694564,20260901
B2_feature,2.0,per_class,all,micro,cg_iterations,11.0,11.0,11.0,1449,1449,1449,1449,,5000,5000,1.0,3021694564,20260901
B2_feature,2.0,per_class,all,micro,solve_runtime_ms_per_map,0.00601487013776809,0.005989078329922948,0.006045159694808061,1449,1449,1449,1449,,5000,5000,1.0,3021694564,20260901
B2_feature,2.0,per_class,all,micro,fidelity,0.06699899196871566,0.06500398355534236,0.06917596362628238,1449,1449,1449,1449,,5000,5000,1.0,3021694564,20260901
B2_feature,2.0,per_class,all,micro,relative_l2_change,0.06699899196871566,0.06500398355534236,0.06917596362628238,1449,1449,1449,1449,,5000,5000,1.0,3021694564,20260901
B2_feature,2.0,per_class,all,micro,map_pearson,0.972954617565134,0.9723862280191183,0.9734989584109305,1449,1449,1449,1449,,5000,5000,1.0,3021694564,20260901
B2_feature,2.0,per_class,all,micro,map_spearman,0.9630911238362988,0.9623056365034348,0.9638548370350468,1449,1449,1449,1449,,5000,5000,1.0,3021694564,20260901
B2_feature,2.0,per_class,all,micro,energy_raw,0.01570258402062183,0.014479523251258805,0.017069417916641946,1449,1449,1449,1449,,5000,5000,1.0,3021694564,20260901
B2_feature,2.0,per_class,all,micro,energy_smoothed,0.005816895898720449,0.00520315429893149,0.006479623611028877,1449,1449,1449,1449,,5000,5000,1.0,3021694564,20260901
B2_feature,2.0,per_class,all,micro,energy_retention,0.24647549385033943,0.24133586120747386,0.25177322750701586,1449,1449,1449,1449,,5000,5000,1.0,3021694564,20260901
B2_feature,2.0,per_class,all,micro,smoothed_std_over_raw,0.8475097667109646,0.8456179534292699,0.8493120766070648,1449,1449,1449,1449,,5000,5000,1.0,3021694564,20260901
B2_feature,2.0,per_class,all,micro,linear_solve_relative_residual,5.130310905139066e-06,5.0419424117054105e-06,5.224699238131417e-06,1449,1449,1449,1449,,5000,5000,1.0,3021694564,20260901
B2_feature,2.0,per_class,all,micro,cg_iterations,11.0,11.0,11.0,1449,1449,1449,1449,,5000,5000,1.0,3021694564,20260901
B2_feature,2.0,per_class,all,micro,solve_runtime_ms_per_map,0.00601487013776809,0.005989078329922948,0.006045159694808061,1449,1449,1449,1449,,5000,5000,1.0,3021694564,20260901
B2_feature,2.0,per_class,all,micro,fidelity,0.04663765492538611,0.045533502558464785,0.04782077721490417,1449,1449,1449,1449,,5000,5000,1.0,3021694564,20260901
B2_feature,2.0,per_class,all,micro,relative_l2_change,0.04663765492538611,0.045533502558464785,0.04782077721490417,1449,1449,1449,1449,,5000,5000,1.0,3021694564,20260901
B2_feature,2.0,per_class,all,micro,map_pearson,0.974037125902064,0.9735761389876745,0.9745015425793955,1449,1449,1449,1449,,5000,5000,1.0,3021694564,20260901
B2_feature,2.0,per_class,all,micro,map_spearman,0.9648673943686765,0.9642310891678367,0.9654936469037257,1449,1449,1449,1449,,5000,5000,1.0,3021694564,20260901
B2_feature,2.0,per_class,all,micro,energy_raw,0.00679435096917323,0.006186409915521117,0.007465021501636642,1449,1449,1449,1449,,5000,5000,1.0,3021694564,20260901
B2_feature,2.0,per_class,all,micro,energy_smoothed,0.0022756908564506005,0.0019449080733034126,0.0026402743982605562,1449,1449,1449,1449,,5000,5000,1.0,3021694564,20260901
B2_feature,2.0,per_class,all,micro,energy_retention,0.2221846745353966,0.21801319341988318,0.22651611207987601,1449,1449,1449,1449,,5000,5000,1.0,3021694564,20260901
B2_feature,2.0,per_class,all,micro,smoothed_std_over_raw,0.8502187125842434,0.8487823541109688,0.8517024970912292,1449,1449,1449,1449,,5000,5000,1.0,3021694564,20260901
B2_feature,2.0,per_class,all,micro,linear_solve_relative_residual,5.6811904725027345e-06,5.568036605459123e-06,5.790481069796478e-06,1449,1449,1449,1449,,5000,5000,1.0,3021694564,20260901
B2_feature,2.0,per_class,all,micro,cg_iterations,11.0,11.0,11.0,1449,1449,1449,1449,,5000,5000,1.0,3021694564,20260901
B2_feature,2.0,per_class,all,micro,solve_runtime_ms_per_map,0.00601487013776809,0.005989078329922948,0.006045159694808061,1449,1449,1449,1449,,5000,5000,1.0,3021694564,20260901
B2_feature,2.0,per_class,all,micro,fidelity,0.05144570558347975,0.05017112584905461,0.05279991754662988,1449,1449,1449,1449,,5000,5000,1.0,3021694564,20260901
B2_feature,2.0,per_class,all,micro,relative_l2_change,0.05144570558347975,0.05017112584905461,0.05279991754662988,1449,1449,1449,1449,,5000,5000,1.0,3021694564,20260901
B2_feature,2.0,per_class,all,micro,map_pearson,0.9750664696519008,0.9746351132913653,0.9754654143815455,1449,1449,1449,1449,,5000,5000,1.0,3021694564,20260901
B2_feature,2.0,per_class,all,micro,map_spearman,0.9668641239301841,0.9662107348431794,0.9675040395692597,1449,1449,1449,1449,,5000,5000,1.0,3021694564,20260901
B2_feature,2.0,per_class,all,micro,energy_raw,0.008282832249473931,0.0075700517012735275,0.009059911169352914,1449,1449,1449,1449,,5000,5000,1.0,3021694564,20260901
B2_feature,2.0,per_class,all,micro,energy_smoothed,0.00263738055492374,0.002296435991563043,0.0030181738690190857,1449,1449,1449,1449,,5000,5000,1.0,3021694564,20260901
B2_feature,2.0,per_class,all,micro,energy_retention,0.2294329706144958,0.22574785429781227,0.2330923494835962,1449,1449,1449,1449,,5000,5000,1.0,3021694564,20260901
B2_feature,2.0,per_class,all,micro,smoothed_std_over_raw,0.8473327262307793,0.8456777304740014,0.848970964819378,1449,1449,1449,1449,,5000,5000,1.0,3021694564,20260901
B2_feature,2.0,per_class,all,micro,linear_solve_relative_residual,5.348735261617701e-06,5.251402157029514e-06,5.449186791484524e-06,1449,1449,1449,1449,,5000,5000,1.0,3021694564,20260901
B2_feature,2.0,per_class,all,micro,cg_iterations,11.0,11.0,11.0,1449,1449,1449,1449,,5000,5000,1.0,3021694564,20260901
B2_feature,2.0,per_class,all,micro,solve_runtime_ms_per_map,0.00601487013776809,0.005989078329922948,0.006045159694808061,1449,1449,1449,1449,,5000,5000,1.0,3021694564,20260901
B2_feature,2.0,per_class,all,micro,fidelity,0.05347559414932529,0.05247040670242976,0.054575538326869795,1449,1449,1449,1449,,5000,5000,1.0,3021694564,20260901
B2_feature,2.0,per_class,all,micro,relative_l2_change,0.05347559414932529,0.05247040670242976,0.054575538326869795,1449,1449,1449,1449,,5000,5000,1.0,3021694564,20260901
B2_feature,2.0,per_class,all,micro,map_pearson,0.9731738221818123,0.9726466230055725,0.9737229250068085,1449,1449,1449,1449,,5000,5000,1.0,3021694564,20260901
B2_feature,2.0,per_class,all,micro,map_spearman,0.9646260174823021,0.9639180032928456,0.9653709567615375,1449,1449,1449,1449,,5000,5000,1.0,3021694564,20260901
B2_feature,2.0,per_class,all,micro,energy_raw,0.008446614035123059,0.007901572864802343,0.009037839440877785,1449,1449,1449,1449,,5000,5000,1.0,3021694564,20260901
B2_feature,2.0,per_class,all,micro,energy_smoothed,0.0028173174515096285,0.002508431252766713,0.0031595238134869874,1449,1449,1449,1449,,5000,5000,1.0,3021694564,20260901
B2_feature,2.0,per_class,all,micro,energy_retention,0.23901652936547932,0.2338372721031483,0.24475459709938352,1449,1449,1449,1449,,5000,5000,1.0,3021694564,20260901
B2_feature,2.0,per_class,all,micro,smoothed_std_over_raw,0.8462100768188019,0.8442935793748636,0.8482726857415802,1449,1449,1449,1449,,5000,5000,1.0,3021694564,20260901
B2_feature,2.0,per_class,all,micro,linear_solve_relative_residual,5.035562112955777e-06,4.94502434562501e-06,5.13056633747534e-06,1449,1449,1449,1449,,5000,5000,1.0,3021694564,20260901
B2_feature,2.0,per_class,all,micro,cg_iterations,11.0,11.0,11.0,1449,1449,1449,1449,,5000,5000,1.0,3021694564,20260901
B2_feature,2.0,per_class,all,micro,solve_runtime_ms_per_map,0.00601487013776809,0.005989078329922948,0.006045159694808061,1449,1449,1449,1449,,5000,5000,1.0,3021694564,20260901
B2_feature,2.0,per_class,all,micro,fidelity,0.04812601745241753,0.047110883311610834,0.0491707677551236,1449,1449,1449,1449,,5000,5000,1.0,3021694564,20260901
B2_feature,2.0,per_class,all,micro,relative_l2_change,0.04812601745241753,0.047110883311610834,0.0491707677551236,1449,1449,1449,1449,,5000,5000,1.0,3021694564,20260901
B2_feature,2.0,per_class,all,micro,map_pearson,0.975803471993709,0.9754465543119311,0.9761602440050671,1449,1449,1449,1449,,5000,5000,1.0,3021694564,20260901
B2_feature,2.0,per_class,all,micro,map_spearman,0.9675435982875943,0.9669537239224028,0.9681259633252093,1449,1449,1449,1449,,5000,5000,1.0,3021694564,20260901
B2_feature,2.0,per_class,all,micro,energy_raw,0.006817095325051391,0.006302442568622008,0.007376192711010733,1449,1449,1449,1449,,5000,5000,1.0,3021694564,20260901
B2_feature,2.0,per_class,all,micro,energy_smoothed,0.0020447591673545835,0.001800446438944074,0.002303920263087521,1449,1449,1449,1449,,5000,5000,1.0,3021694564,20260901
B2_feature,2.0,per_class,all,micro,energy_retention,0.2234591351368248,0.2196348168896839,0.22745640209501286,1449,1449,1449,1449,,5000,5000,1.0,3021694564,20260901
B2_feature,2.0,per_class,all,micro,smoothed_std_over_raw,0.8452658031297766,0.8437788408961766,0.8467792495704668,1449,1449,1449,1449,,5000,5000,1.0,3021694564,20260901
B2_feature,2.0,per_class,all,micro,linear_solve_relative_residual,5.341018026777578e-06,5.232302196904119e-06,5.444786321341385e-06,1449,1449,1449,1449,,5000,5000,1.0,3021694564,20260901
B2_feature,2.0,per_class,all,micro,cg_iterations,11.0,11.0,11.0,1449,1449,1449,1449,,5000,5000,1.0,3021694564,20260901
B2_feature,2.0,per_class,all,micro,solve_runtime_ms_per_map,0.00601487013776809,0.005989078329922948,0.006045159694808061,1449,1449,1449,1449,,5000,5000,1.0,3021694564,20260901
B2_feature,2.0,per_class,all,micro,fidelity,0.049260056115496643,0.04826813819104763,0.050298097782097935,1449,1449,1449,1449,,5000,5000,1.0,3021694564,20260901
B2_feature,2.0,per_class,all,micro,relative_l2_change,0.049260056115496643,0.04826813819104763,0.050298097782097935,1449,1449,1449,1449,,5000,5000,1.0,3021694564,20260901
B2_feature,2.0,per_class,all,micro,map_pearson,0.9762825131251781,0.9759056760133177,0.9766583702414509,1449,1449,1449,1449,,5000,5000,1.0,3021694564,20260901
B2_feature,2.0,per_class,all,micro,map_spearman,0.9667572335920472,0.9661130673674322,0.9673645417276048,1449,1449,1449,1449,,5000,5000,1.0,3021694564,20260901
B2_feature,2.0,per_class,all,micro,energy_raw,0.007134925980111899,0.006654879319443149,0.007629530862397324,1449,1449,1449,1449,,5000,5000,1.0,3021694564,20260901
B2_feature,2.0,per_class,all,micro,energy_smoothed,0.0022544734437429017,0.0019927373756808016,0.0025184566521424755,1449,1449,1449,1449,,5000,5000,1.0,3021694564,20260901
B2_feature,2.0,per_class,all,micro,energy_retention,0.2287153626018923,0.22445315797347254,0.23305420196050194,1449,1449,1449,1449,,5000,5000,1.0,3021694564,20260901
B2_feature,2.0,per_class,all,micro,smoothed_std_over_raw,0.845395344878329,0.8436298285191268,0.8471743074509915,1449,1449,1449,1449,,5000,5000,1.0,3021694564,20260901
B2_feature,2.0,per_class,all,micro,linear_solve_relative_residual,5.345765358451887e-06,5.2453322506858395e-06,5.447471411471044e-06,1449,1449,1449,1449,,5000,5000,1.0,3021694564,20260901
B2_feature,2.0,per_class,all,micro,cg_iterations,11.0,11.0,11.0,1449,1449,1449,1449,,5000,5000,1.0,3021694564,20260901
B2_feature,2.0,per_class,all,micro,solve_runtime_ms_per_map,0.00601487013776809,0.005989078329922948,0.006045159694808061,1449,1449,1449,1449,,5000,5000,1.0,3021694564,20260901
B2_feature,2.0,per_class,all,micro,fidelity,0.08241286333534659,0.08001917273566524,0.0848260754360088,1449,1449,1449,1449,,5000,5000,1.0,3021694564,20260901
B2_feature,2.0,per_class,all,micro,relative_l2_change,0.08241286333534659,0.08001917273566524,0.0848260754360088,1449,1449,1449,1449,,5000,5000,1.0,3021694564,20260901
B2_feature,2.0,per_class,all,micro,map_pearson,0.9768706834094124,0.9762787277489551,0.9774423512437986,1449,1449,1449,1449,,5000,5000,1.0,3021694564,20260901
B2_feature,2.0,per_class,all,micro,map_spearman,0.9688000769101808,0.9680971376057984,0.9695012466353412,1449,1449,1449,1449,,5000,5000,1.0,3021694564,20260901
B2_feature,2.0,per_class,all,micro,energy_raw,0.023121428540814604,0.02153782951630288,0.024726441739222005,1449,1449,1449,1449,,5000,5000,1.0,3021694564,20260901
B2_feature,2.0,per_class,all,micro,energy_smoothed,0.009282082660109887,0.008546547886119499,0.010029288924046727,1449,1449,1449,1449,,5000,5000,1.0,3021694564,20260901
B2_feature,2.0,per_class,all,micro,energy_retention,0.3120723747030631,0.305475356026435,0.31875862623336726,1449,1449,1449,1449,,5000,5000,1.0,3021694564,20260901
B2_feature,2.0,per_class,all,micro,smoothed_std_over_raw,0.8555384920826445,0.8530614695059916,0.8581115522596078,1449,1449,1449,1449,,5000,5000,1.0,3021694564,20260901
B2_feature,2.0,per_class,all,micro,linear_solve_relative_residual,5.2429347850505735e-06,5.1518293235273755e-06,5.33410379291837e-06,1449,1449,1449,1449,,5000,5000,1.0,3021694564,20260901
B2_feature,2.0,per_class,all,micro,cg_iterations,11.0,11.0,11.0,1449,1449,1449,1449,,5000,5000,1.0,3021694564,20260901
B2_feature,2.0,per_class,all,micro,solve_runtime_ms_per_map,0.00601487013776809,0.005989078329922948,0.006045159694808061,1449,1449,1449,1449,,5000,5000,1.0,3021694564,20260901
B2_feature,2.0,per_class,all,micro,fidelity,0.061708151823677136,0.06024993346692972,0.06330031358114371,1449,1449,1449,1449,,5000,5000,1.0,3021694564,20260901
B2_feature,2.0,per_class,all,micro,relative_l2_change,0.061708151823677136,0.06024993346692972,0.06330031358114371,1449,1449,1449,1449,,5000,5000,1.0,3021694564,20260901
B2_feature,2.0,per_class,all,micro,map_pearson,0.9701400153220646,0.9695365428790872,0.9707079503692949,1449,1449,1449,1449,,5000,5000,1.0,3021694564,20260901
B2_feature,2.0,per_class,all,micro,map_spearman,0.9606742638814358,0.9598510305426136,0.9614486001982123,1449,1449,1449,1449,,5000,5000,1.0,3021694564,20260901
B2_feature,2.0,per_class,all,micro,energy_raw,0.011691366307073632,0.010869653674906757,0.012603399661753495,1449,1449,1449,1449,,5000,5000,1.0,3021694564,20260901
B2_feature,2.0,per_class,all,micro,energy_smoothed,0.003590113204161381,0.003217637659440745,0.004011364782716458,1449,1449,1449,1449,,5000,5000,1.0,3021694564,20260901
B2_feature,2.0,per_class,all,micro,energy_retention,0.22783955506944426,0.22380583148791594,0.2319369278151447,1449,1449,1449,1449,,5000,5000,1.0,3021694564,20260901
B2_feature,2.0,per_class,all,micro,smoothed_std_over_raw,0.8438420503858536,0.84186870677871,0.8457677880079686,1449,1449,1449,1449,,5000,5000,1.0,3021694564,20260901
B2_feature,2.0,per_class,all,micro,linear_solve_relative_residual,5.074199308145837e-06,4.985658371237147e-06,5.16061623514033e-06,1449,1449,1449,1449,,5000,5000,1.0,3021694564,20260901
B2_feature,2.0,per_class,all,micro,cg_iterations,11.0,11.0,11.0,1449,1449,1449,1449,,5000,5000,1.0,3021694564,20260901
B2_feature,2.0,per_class,all,micro,solve_runtime_ms_per_map,0.00601487013776809,0.005989078329922948,0.006045159694808061,1449,1449,1449,1449,,5000,5000,1.0,3021694564,20260901
B2_feature,2.0,per_class,all,micro,fidelity,0.04497438068890506,0.04424856397640821,0.045768812413181495,1449,1449,1449,1449,,5000,5000,1.0,3021694564,20260901
B2_feature,2.0,per_class,all,micro,relative_l2_change,0.04497438068890506,0.04424856397640821,0.045768812413181495,1449,1449,1449,1449,,5000,5000,1.0,3021694564,20260901
B2_feature,2.0,per_class,all,micro,map_pearson,0.975870880980258,0.975476738853731,0.9762455819134798,1449,1449,1449,1449,,5000,5000,1.0,3021694564,20260901
B2_feature,2.0,per_class,all,micro,map_spearman,0.9678232712199394,0.9672311779587247,0.9684032858179058,1449,1449,1449,1449,,5000,5000,1.0,3021694564,20260901
B2_feature,2.0,per_class,all,micro,energy_raw,0.0055052777602041,0.005166313751205642,0.005885994024776012,1449,1449,1449,1449,,5000,5000,1.0,3021694564,20260901
B2_feature,2.0,per_class,all,micro,energy_smoothed,0.0015118155500739414,0.001349362199965569,0.0016968000431610477,1449,1449,1449,1449,,5000,5000,1.0,3021694564,20260901
B2_feature,2.0,per_class,all,micro,energy_retention,0.22695853884587047,0.22346004226763674,0.23020390022913695,1449,1449,1449,1449,,5000,5000,1.0,3021694564,20260901
B2_feature,2.0,per_class,all,micro,smoothed_std_over_raw,0.849352386756302,0.8478923536646852,0.8508756610835478,1449,1449,1449,1449,,5000,5000,1.0,3021694564,20260901
B2_feature,2.0,per_class,all,micro,linear_solve_relative_residual,5.508609252486564e-06,5.4015533943687094e-06,5.617079276490078e-06,1449,1449,1449,1449,,5000,5000,1.0,3021694564,20260901
B2_feature,2.0,per_class,all,micro,cg_iterations,11.0,11.0,11.0,1449,1449,1449,1449,,5000,5000,1.0,3021694564,20260901
B2_feature,2.0,per_class,all,micro,solve_runtime_ms_per_map,0.00601487013776809,0.005989078329922948,0.006045159694808061,1449,1449,1449,1449,,5000,5000,1.0,3021694564,20260901
B2_feature,2.0,per_class,all,micro,fidelity,0.05589063965771386,0.054109072605189094,0.05785507167875252,1449,1449,1449,1449,,5000,5000,1.0,3021694564,20260901
B2_feature,2.0,per_class,all,micro,relative_l2_change,0.05589063965771386,0.054109072605189094,0.05785507167875252,1449,1449,1449,1449,,5000,5000,1.0,3021694564,20260901
B2_feature,2.0,per_class,all,micro,map_pearson,0.9773005336379084,0.9769388014691052,0.9776567118570179,1449,1449,1449,1449,,5000,5000,1.0,3021694564,20260901
B2_feature,2.0,per_class,all,micro,map_spearman,0.9677584596219928,0.9671084655316391,0.9683982447756415,1449,1449,1449,1449,,5000,5000,1.0,3021694564,20260901
B2_feature,2.0,per_class,all,micro,energy_raw,0.011357959520166227,0.01029763885255634,0.012552135889790405,1449,1449,1449,1449,,5000,5000,1.0,3021694564,20260901
B2_feature,2.0,per_class,all,micro,energy_smoothed,0.004465447026114491,0.0038970229692422385,0.005105733953910769,1449,1449,1449,1449,,5000,5000,1.0,3021694564,20260901
B2_feature,2.0,per_class,all,micro,energy_retention,0.24839534873259816,0.24334056872213766,0.2537100868192909,1449,1449,1449,1449,,5000,5000,1.0,3021694564,20260901
B2_feature,2.0,per_class,all,micro,smoothed_std_over_raw,0.8496142009606108,0.8479628842635102,0.8513117831480593,1449,1449,1449,1449,,5000,5000,1.0,3021694564,20260901
B2_feature,2.0,per_class,all,micro,linear_solve_relative_residual,5.5706814146043135e-06,5.469135922169048e-06,5.6730767946849086e-06,1449,1449,1449,1449,,5000,5000,1.0,3021694564,20260901
B2_feature,2.0,per_class,all,micro,cg_iterations,11.0,11.0,11.0,1449,1449,1449,1449,,5000,5000,1.0,3021694564,20260901
B2_feature,2.0,per_class,all,micro,solve_runtime_ms_per_map,0.00601487013776809,0.005989078329922948,0.006045159694808061,1449,1449,1449,1449,,5000,5000,1.0,3021694564,20260901
B2_feature,2.0,per_class,all,micro,fidelity,0.04328825078349306,0.042420096578252596,0.04419910511862567,1449,1449,1449,1449,,5000,5000,1.0,3021694564,20260901
B2_feature,2.0,per_class,all,micro,relative_l2_change,0.04328825078349306,0.042420096578252596,0.04419910511862567,1449,1449,1449,1449,,5000,5000,1.0,3021694564,20260901
B2_feature,2.0,per_class,all,micro,map_pearson,0.9788586249674,0.9785789052162029,0.9791172137099599,1449,1449,1449,1449,,5000,5000,1.0,3021694564,20260901
B2_feature,2.0,per_class,all,micro,map_spearman,0.9709210093881937,0.9704021151946939,0.9714318225441759,1449,1449,1449,1449,,5000,5000,1.0,3021694564,20260901
B2_feature,2.0,per_class,all,micro,energy_raw,0.005415498798927118,0.00500072500412738,0.005870199664954637,1449,1449,1449,1449,,5000,5000,1.0,3021694564,20260901
B2_feature,2.0,per_class,all,micro,energy_smoothed,0.00161874842693381,0.0014061044695299115,0.001852673642387174,1449,1449,1449,1449,,5000,5000,1.0,3021694564,20260901
B2_feature,2.0,per_class,all,micro,energy_retention,0.23426454981661732,0.2311145834802162,0.23729561737939725,1449,1449,1449,1449,,5000,5000,1.0,3021694564,20260901
B2_feature,2.0,per_class,all,micro,smoothed_std_over_raw,0.8516496400573157,0.8501753162091316,0.8531174270889939,1449,1449,1449,1449,,5000,5000,1.0,3021694564,20260901
B2_feature,2.0,per_class,all,micro,linear_solve_relative_residual,5.4612821279155645e-06,5.354860324421345e-06,5.565213538369126e-06,1449,1449,1449,1449,,5000,5000,1.0,3021694564,20260901
B2_feature,2.0,per_class,all,micro,cg_iterations,11.0,11.0,11.0,1449,1449,1449,1449,,5000,5000,1.0,3021694564,20260901
B2_feature,2.0,per_class,all,micro,solve_runtime_ms_per_map,0.00601487013776809,0.005989078329922948,0.006045159694808061,1449,1449,1449,1449,,5000,5000,1.0,3021694564,20260901
B2_feature,2.0,per_class,all,micro,fidelity,0.05222506549664412,0.0510536855346349,0.05346104419729791,1449,1449,1449,1449,,5000,5000,1.0,3021694564,20260901
B2_feature,2.0,per_class,all,micro,relative_l2_change,0.05222506549664412,0.0510536855346349,0.05346104419729791,1449,1449,1449,1449,,5000,5000,1.0,3021694564,20260901
B2_feature,2.0,per_class,all,micro,map_pearson,0.9757643662871288,0.9753846313303054,0.976161099278244,1449,1449,1449,1449,,5000,5000,1.0,3021694564,20260901
B2_feature,2.0,per_class,all,micro,map_spearman,0.9665650082835664,0.9659177296784024,0.967199246259374,1449,1449,1449,1449,,5000,5000,1.0,3021694564,20260901
B2_feature,2.0,per_class,all,micro,energy_raw,0.008260982111578432,0.007654230379528578,0.008914693494538184,1449,1449,1449,1449,,5000,5000,1.0,3021694564,20260901
B2_feature,2.0,per_class,all,micro,energy_smoothed,0.002574577236589362,0.0022767193419116253,0.0028918688440271964,1449,1449,1449,1449,,5000,5000,1.0,3021694564,20260901
B2_feature,2.0,per_class,all,micro,energy_retention,0.2363341802087136,0.23255325856395553,0.24017378873248976,1449,1449,1449,1449,,5000,5000,1.0,3021694564,20260901
B2_feature,2.0,per_class,all,micro,smoothed_std_over_raw,0.8509250337128149,0.8493164009250717,0.8525189144065086,1449,1449,1449,1449,,5000,5000,1.0,3021694564,20260901
B2_feature,2.0,per_class,all,micro,linear_solve_relative_residual,5.235719286551752e-06,5.1393574888619825e-06,5.329130595209865e-06,1449,1449,1449,1449,,5000,5000,1.0,3021694564,20260901
B2_feature,2.0,per_class,all,micro,cg_iterations,11.0,11.0,11.0,1449,1449,1449,1449,,5000,5000,1.0,3021694564,20260901
B2_feature,2.0,per_class,all,micro,solve_runtime_ms_per_map,0.00601487013776809,0.005989078329922948,0.006045159694808061,1449,1449,1449,1449,,5000,5000,1.0,3021694564,20260901
B2_feature,4.0,all_class_maps,all,micro,fidelity,0.0689007925544528,0.06816537884053092,0.06968821305333296,1449,1449,28980,28980,,5000,5000,1.0,3021694564,20260901
B2_feature,4.0,all_class_maps,all,micro,relative_l2_change,0.0689007925544528,0.06816537884053092,0.06968821305333296,1449,1449,28980,28980,,5000,5000,1.0,3021694564,20260901
B2_feature,4.0,all_class_maps,all,micro,map_pearson,0.9585837191265151,0.958098098599886,0.9590393664333596,1449,1449,28980,28980,,5000,5000,1.0,3021694564,20260901
B2_feature,4.0,all_class_maps,all,micro,map_spearman,0.9460190897484826,0.9455071735373339,0.9465188093995065,1449,1449,28980,28980,,5000,5000,1.0,3021694564,20260901
B2_feature,4.0,all_class_maps,all,micro,energy_raw,0.008956597696880028,0.008721826173557897,0.009209081520289037,1449,1449,28980,28980,,5000,5000,1.0,3021694564,20260901
B2_feature,4.0,all_class_maps,all,micro,energy_smoothed,0.0020251940911735038,0.0019470832735382694,0.0021062860824502777,1449,1449,28980,28980,,5000,5000,1.0,3021694564,20260901
B2_feature,4.0,all_class_maps,all,micro,energy_retention,0.1400864831685475,0.13862388043541313,0.1415667978612535,1449,1449,28980,28980,,5000,5000,1.0,3021694564,20260901
B2_feature,4.0,all_class_maps,all,micro,smoothed_std_over_raw,0.7978705243931876,0.7967645007785309,0.798963042806456,1449,1449,28980,28980,,5000,5000,1.0,3021694564,20260901
B2_feature,4.0,all_class_maps,all,micro,linear_solve_relative_residual,6.293614801070688e-06,6.270597769198598e-06,6.316492904603083e-06,1449,1449,28980,28980,,5000,5000,1.0,3021694564,20260901
B2_feature,4.0,all_class_maps,all,micro,cg_iterations,15.662525879917185,15.638371290545203,15.687370600414079,1449,1449,28980,28980,,5000,5000,1.0,3021694564,20260901
B2_feature,4.0,all_class_maps,all,micro,solve_runtime_ms_per_map,0.008120048974992241,0.008085584584786452,0.008159343458318848,1449,1449,28980,28980,,5000,5000,1.0,3021694564,20260901
B2_feature,4.0,all_class_maps,all,macro_class,fidelity,0.0689007925544528,0.06816537884053092,0.06968821305333295,1449,1449,28980,28980,20,5000,5000,1.0,3021694564,20260901
B2_feature,4.0,all_class_maps,all,macro_class,relative_l2_change,0.0689007925544528,0.06816537884053092,0.06968821305333295,1449,1449,28980,28980,20,5000,5000,1.0,3021694564,20260901
B2_feature,4.0,all_class_maps,all,macro_class,map_pearson,0.9585837191265151,0.958098098599886,0.9590393664333593,1449,1449,28980,28980,20,5000,5000,1.0,3021694564,20260901
B2_feature,4.0,all_class_maps,all,macro_class,map_spearman,0.9460190897484827,0.945507173537334,0.9465188093995062,1449,1449,28980,28980,20,5000,5000,1.0,3021694564,20260901
B2_feature,4.0,all_class_maps,all,macro_class,energy_raw,0.008956597696880026,0.008721826173557897,0.009209081520289037,1449,1449,28980,28980,20,5000,5000,1.0,3021694564,20260901
B2_feature,4.0,all_class_maps,all,macro_class,energy_smoothed,0.0020251940911735038,0.0019470832735382696,0.002106286082450278,1449,1449,28980,28980,20,5000,5000,1.0,3021694564,20260901
B2_feature,4.0,all_class_maps,all,macro_class,energy_retention,0.1400864831685475,0.13862388043541313,0.1415667978612535,1449,1449,28980,28980,20,5000,5000,1.0,3021694564,20260901
B2_feature,4.0,all_class_maps,all,macro_class,smoothed_std_over_raw,0.7978705243931876,0.7967645007785309,0.798963042806456,1449,1449,28980,28980,20,5000,5000,1.0,3021694564,20260901
B2_feature,4.0,all_class_maps,all,macro_class,linear_solve_relative_residual,6.293614801070689e-06,6.270597769198599e-06,6.3164929046030825e-06,1449,1449,28980,28980,20,5000,5000,1.0,3021694564,20260901
B2_feature,4.0,all_class_maps,all,macro_class,cg_iterations,15.662525879917188,15.6383712905452,15.687370600414079,1449,1449,28980,28980,20,5000,5000,1.0,3021694564,20260901
B2_feature,4.0,all_class_maps,all,macro_class,solve_runtime_ms_per_map,0.008120048974992243,0.008085584584786453,0.008159343458318848,1449,1449,28980,28980,20,5000,5000,1.0,3021694564,20260901
B2_feature,4.0,all_class_maps,single_label,micro,fidelity,0.06269822562678025,0.061894242463607294,0.06349653252042797,927,927,18540,18540,,5000,5000,1.0,3021694564,20260901
B2_feature,4.0,all_class_maps,single_label,micro,relative_l2_change,0.06269822562678025,0.061894242463607294,0.06349653252042797,927,927,18540,18540,,5000,5000,1.0,3021694564,20260901
B2_feature,4.0,all_class_maps,single_label,micro,map_pearson,0.9591396040418773,0.958497016750911,0.9597854326468488,927,927,18540,18540,,5000,5000,1.0,3021694564,20260901
B2_feature,4.0,all_class_maps,single_label,micro,map_spearman,0.9452776982174722,0.9445450482220905,0.9460032717869923,927,927,18540,18540,,5000,5000,1.0,3021694564,20260901
B2_feature,4.0,all_class_maps,single_label,micro,energy_raw,0.007069171715664407,0.006839880156581145,0.00729974142602533,927,927,18540,18540,,5000,5000,1.0,3021694564,20260901
B2_feature,4.0,all_class_maps,single_label,micro,energy_smoothed,0.0013596636003046165,0.0012925036200847639,0.0014289730244355584,927,927,18540,18540,,5000,5000,1.0,3021694564,20260901
B2_feature,4.0,all_class_maps,single_label,micro,energy_retention,0.1300455164998175,0.1283872796120544,0.13172986768527176,927,927,18540,18540,,5000,5000,1.0,3021694564,20260901
B2_feature,4.0,all_class_maps,single_label,micro,smoothed_std_over_raw,0.7960108436652115,0.7945915411040589,0.7973881158972924,927,927,18540,18540,,5000,5000,1.0,3021694564,20260901
B2_feature,4.0,all_class_maps,single_label,micro,linear_solve_relative_residual,6.21089396813909e-06,6.181177111541247e-06,6.239824254961991e-06,927,927,18540,18540,,5000,5000,1.0,3021694564,20260901
B2_feature,4.0,all_class_maps,single_label,micro,cg_iterations,15.636461704422869,15.605177993527509,15.666666666666666,927,927,18540,18540,,5000,5000,1.0,3021694564,20260901
B2_feature,4.0,all_class_maps,single_label,micro,solve_runtime_ms_per_map,0.008111200705809217,0.008068411125052789,0.008163232813923409,927,927,18540,18540,,5000,5000,1.0,3021694564,20260901
B2_feature,4.0,all_class_maps,single_label,macro_class,fidelity,0.06269822562678026,0.061894242463607294,0.06349653252042796,927,927,18540,18540,20,5000,5000,1.0,3021694564,20260901
B2_feature,4.0,all_class_maps,single_label,macro_class,relative_l2_change,0.06269822562678026,0.061894242463607294,0.06349653252042796,927,927,18540,18540,20,5000,5000,1.0,3021694564,20260901
B2_feature,4.0,all_class_maps,single_label,macro_class,map_pearson,0.9591396040418771,0.9584970167509113,0.9597854326468489,927,927,18540,18540,20,5000,5000,1.0,3021694564,20260901
B2_feature,4.0,all_class_maps,single_label,macro_class,map_spearman,0.9452776982174724,0.9445450482220904,0.9460032717869921,927,927,18540,18540,20,5000,5000,1.0,3021694564,20260901
B2_feature,4.0,all_class_maps,single_label,macro_class,energy_raw,0.007069171715664407,0.006839880156581145,0.007299741426025329,927,927,18540,18540,20,5000,5000,1.0,3021694564,20260901
B2_feature,4.0,all_class_maps,single_label,macro_class,energy_smoothed,0.001359663600304616,0.0012925036200847637,0.0014289730244355584,927,927,18540,18540,20,5000,5000,1.0,3021694564,20260901
B2_feature,4.0,all_class_maps,single_label,macro_class,energy_retention,0.1300455164998175,0.1283872796120544,0.13172986768527173,927,927,18540,18540,20,5000,5000,1.0,3021694564,20260901
B2_feature,4.0,all_class_maps,single_label,macro_class,smoothed_std_over_raw,0.7960108436652115,0.7945915411040588,0.7973881158972925,927,927,18540,18540,20,5000,5000,1.0,3021694564,20260901
B2_feature,4.0,all_class_maps,single_label,macro_class,linear_solve_relative_residual,6.21089396813909e-06,6.181177111541246e-06,6.2398242549619915e-06,927,927,18540,18540,20,5000,5000,1.0,3021694564,20260901
B2_feature,4.0,all_class_maps,single_label,macro_class,cg_iterations,15.636461704422862,15.605177993527509,15.666666666666666,927,927,18540,18540,20,5000,5000,1.0,3021694564,20260901
B2_feature,4.0,all_class_maps,single_label,macro_class,solve_runtime_ms_per_map,0.00811120070580922,0.008068411125052789,0.008163232813923409,927,927,18540,18540,20,5000,5000,1.0,3021694564,20260901
B2_feature,4.0,all_class_maps,exactly_2_labels,micro,fidelity,0.076963576177756,0.07591269366489102,0.07805550039832791,375,375,7500,7500,,5000,5000,1.0,3021694564,20260901
B2_feature,4.0,all_class_maps,exactly_2_labels,micro,relative_l2_change,0.076963576177756,0.07591269366489102,0.07805550039832791,375,375,7500,7500,,5000,5000,1.0,3021694564,20260901
B2_feature,4.0,all_class_maps,exactly_2_labels,micro,map_pearson,0.957502061343193,0.9566173479415974,0.9583567280803124,375,375,7500,7500,,5000,5000,1.0,3021694564,20260901
B2_feature,4.0,all_class_maps,exactly_2_labels,micro,map_spearman,0.9475051071802775,0.9466068665804466,0.9483954819122951,375,375,7500,7500,,5000,5000,1.0,3021694564,20260901
B2_feature,4.0,all_class_maps,exactly_2_labels,micro,energy_raw,0.011238184535394734,0.010844686388792083,0.011660325369330045,375,375,7500,7500,,5000,5000,1.0,3021694564,20260901
B2_feature,4.0,all_class_maps,exactly_2_labels,micro,energy_smoothed,0.0027938780154897055,0.002656901274129972,0.0029335746246751415,375,375,7500,7500,,5000,5000,1.0,3021694564,20260901
B2_feature,4.0,all_class_maps,exactly_2_labels,micro,energy_retention,0.15386181701322396,0.15145253327577063,0.15622249767225238,375,375,7500,7500,,5000,5000,1.0,3021694564,20260901
B2_feature,4.0,all_class_maps,exactly_2_labels,micro,smoothed_std_over_raw,0.8009770730892817,0.7989446783771117,0.8030536365097761,375,375,7500,7500,,5000,5000,1.0,3021694564,20260901
B2_feature,4.0,all_class_maps,exactly_2_labels,micro,linear_solve_relative_residual,6.419480489330454e-06,6.382601491110714e-06,6.455747152801905e-06,375,375,7500,7500,,5000,5000,1.0,3021694564,20260901
B2_feature,4.0,all_class_maps,exactly_2_labels,micro,cg_iterations,15.704,15.658666666666667,15.749333333333333,375,375,7500,7500,,5000,5000,1.0,3021694564,20260901
B2_feature,4.0,all_class_maps,exactly_2_labels,micro,solve_runtime_ms_per_map,0.008129451606914194,0.008073648219190849,0.008207980425617684,375,375,7500,7500,,5000,5000,1.0,3021694564,20260901
B2_feature,4.0,all_class_maps,exactly_2_labels,macro_class,fidelity,0.076963576177756,0.07591269366489102,0.0780555003983279,375,375,7500,7500,20,5000,5000,1.0,3021694564,20260901
B2_feature,4.0,all_class_maps,exactly_2_labels,macro_class,relative_l2_change,0.076963576177756,0.07591269366489102,0.0780555003983279,375,375,7500,7500,20,5000,5000,1.0,3021694564,20260901
B2_feature,4.0,all_class_maps,exactly_2_labels,macro_class,map_pearson,0.9575020613431929,0.9566173479415975,0.9583567280803124,375,375,7500,7500,20,5000,5000,1.0,3021694564,20260901
B2_feature,4.0,all_class_maps,exactly_2_labels,macro_class,map_spearman,0.9475051071802773,0.9466068665804466,0.9483954819122948,375,375,7500,7500,20,5000,5000,1.0,3021694564,20260901
B2_feature,4.0,all_class_maps,exactly_2_labels,macro_class,energy_raw,0.01123818453539473,0.010844686388792086,0.011660325369330043,375,375,7500,7500,20,5000,5000,1.0,3021694564,20260901
B2_feature,4.0,all_class_maps,exactly_2_labels,macro_class,energy_smoothed,0.0027938780154897055,0.0026569012741299715,0.0029335746246751415,375,375,7500,7500,20,5000,5000,1.0,3021694564,20260901
B2_feature,4.0,all_class_maps,exactly_2_labels,macro_class,energy_retention,0.15386181701322393,0.15145253327577066,0.15622249767225238,375,375,7500,7500,20,5000,5000,1.0,3021694564,20260901
B2_feature,4.0,all_class_maps,exactly_2_labels,macro_class,smoothed_std_over_raw,0.8009770730892816,0.7989446783771117,0.8030536365097762,375,375,7500,7500,20,5000,5000,1.0,3021694564,20260901
B2_feature,4.0,all_class_maps,exactly_2_labels,macro_class,linear_solve_relative_residual,6.419480489330453e-06,6.382601491110715e-06,6.455747152801908e-06,375,375,7500,7500,20,5000,5000,1.0,3021694564,20260901
B2_feature,4.0,all_class_maps,exactly_2_labels,macro_class,cg_iterations,15.704000000000004,15.658666666666667,15.749333333333334,375,375,7500,7500,20,5000,5000,1.0,3021694564,20260901
B2_feature,4.0,all_class_maps,exactly_2_labels,macro_class,solve_runtime_ms_per_map,0.008129451606914195,0.00807364821919085,0.008207980425617684,375,375,7500,7500,20,5000,5000,1.0,3021694564,20260901
B2_feature,4.0,all_class_maps,3plus_labels,micro,fidelity,0.08744661352869605,0.08584387748011191,0.08905320175688992,147,147,2940,2940,,5000,5000,1.0,3021694564,20260901
B2_feature,4.0,all_class_maps,3plus_labels,micro,relative_l2_change,0.08744661352869605,0.08584387748011191,0.08905320175688992,147,147,2940,2940,,5000,5000,1.0,3021694564,20260901
B2_feature,4.0,all_class_maps,3plus_labels,micro,map_pearson,0.9578375718626035,0.9567771277581754,0.9588225730224734,147,147,2940,2940,,5000,5000,1.0,3021694564,20260901
B2_feature,4.0,all_class_maps,3plus_labels,micro,map_spearman,0.9469035347302754,0.9456735491848925,0.9481338098660416,147,147,2940,2940,,5000,5000,1.0,3021694564,20260901
B2_feature,4.0,all_class_maps,3plus_labels,micro,energy_raw,0.015038562459763469,0.014316180872184076,0.01575168666814899,147,147,2940,2940,,5000,5000,1.0,3021694564,20260901
B2_feature,4.0,all_class_maps,3plus_labels,micro,energy_smoothed,0.004261182481764545,0.00398913874482657,0.004537317286314003,147,147,2940,2940,,5000,5000,1.0,3021694564,20260901
B2_feature,4.0,all_class_maps,3plus_labels,micro,energy_retention,0.16826489072064965,0.16494750693142668,0.17151970522148774,147,147,2940,2940,,5000,5000,1.0,3021694564,20260901
B2_feature,4.0,all_class_maps,3plus_labels,micro,smoothed_std_over_raw,0.8016730296571238,0.7978641812640185,0.8052617642709187,147,147,2940,2940,,5000,5000,1.0,3021694564,20260901
B2_feature,4.0,all_class_maps,3plus_labels,micro,linear_solve_relative_residual,6.494176563180753e-06,6.4332981880357495e-06,6.552246079238666e-06,147,147,2940,2940,,5000,5000,1.0,3021694564,20260901
B2_feature,4.0,all_class_maps,3plus_labels,micro,cg_iterations,15.72108843537415,15.646258503401361,15.789115646258503,147,147,2940,2940,,5000,5000,1.0,3021694564,20260901
B2_feature,4.0,all_class_maps,3plus_labels,micro,solve_runtime_ms_per_map,0.008151860937998575,0.00806610766668033,0.008292412091831385,147,147,2940,2940,,5000,5000,1.0,3021694564,20260901
B2_feature,4.0,all_class_maps,3plus_labels,macro_class,fidelity,0.08744661352869604,0.08584387748011192,0.0890532017568899,147,147,2940,2940,20,5000,5000,1.0,3021694564,20260901
B2_feature,4.0,all_class_maps,3plus_labels,macro_class,relative_l2_change,0.08744661352869604,0.08584387748011192,0.0890532017568899,147,147,2940,2940,20,5000,5000,1.0,3021694564,20260901
B2_feature,4.0,all_class_maps,3plus_labels,macro_class,map_pearson,0.9578375718626034,0.9567771277581751,0.9588225730224734,147,147,2940,2940,20,5000,5000,1.0,3021694564,20260901
B2_feature,4.0,all_class_maps,3plus_labels,macro_class,map_spearman,0.9469035347302756,0.9456735491848927,0.9481338098660416,147,147,2940,2940,20,5000,5000,1.0,3021694564,20260901
B2_feature,4.0,all_class_maps,3plus_labels,macro_class,energy_raw,0.015038562459763469,0.014316180872184076,0.015751686668148985,147,147,2940,2940,20,5000,5000,1.0,3021694564,20260901
B2_feature,4.0,all_class_maps,3plus_labels,macro_class,energy_smoothed,0.004261182481764545,0.00398913874482657,0.004537317286314004,147,147,2940,2940,20,5000,5000,1.0,3021694564,20260901
B2_feature,4.0,all_class_maps,3plus_labels,macro_class,energy_retention,0.16826489072064965,0.16494750693142665,0.17151970522148777,147,147,2940,2940,20,5000,5000,1.0,3021694564,20260901
B2_feature,4.0,all_class_maps,3plus_labels,macro_class,smoothed_std_over_raw,0.801673029657124,0.7978641812640185,0.8052617642709189,147,147,2940,2940,20,5000,5000,1.0,3021694564,20260901
B2_feature,4.0,all_class_maps,3plus_labels,macro_class,linear_solve_relative_residual,6.494176563180752e-06,6.4332981880357495e-06,6.552246079238664e-06,147,147,2940,2940,20,5000,5000,1.0,3021694564,20260901
B2_feature,4.0,all_class_maps,3plus_labels,macro_class,cg_iterations,15.721088435374153,15.646258503401361,15.7891156462585,147,147,2940,2940,20,5000,5000,1.0,3021694564,20260901
B2_feature,4.0,all_class_maps,3plus_labels,macro_class,solve_runtime_ms_per_map,0.008151860937998577,0.008066107666680327,0.008292412091831384,147,147,2940,2940,20,5000,5000,1.0,3021694564,20260901
B2_feature,4.0,per_class,all,micro,fidelity,0.05797149447416996,0.05687486075765978,0.05915558426181372,1449,1449,1449,1449,,5000,5000,1.0,3021694564,20260901
B2_feature,4.0,per_class,all,micro,relative_l2_change,0.05797149447416996,0.05687486075765978,0.05915558426181372,1449,1449,1449,1449,,5000,5000,1.0,3021694564,20260901
B2_feature,4.0,per_class,all,micro,map_pearson,0.9597416754176981,0.9591333894091199,0.9603180062871625,1449,1449,1449,1449,,5000,5000,1.0,3021694564,20260901
B2_feature,4.0,per_class,all,micro,map_spearman,0.948952649567685,0.948141500942044,0.9497694911351692,1449,1449,1449,1449,,5000,5000,1.0,3021694564,20260901
B2_feature,4.0,per_class,all,micro,energy_raw,0.005577722238874856,0.005200935301698794,0.005999642234260899,1449,1449,1449,1449,,5000,5000,1.0,3021694564,20260901
B2_feature,4.0,per_class,all,micro,energy_smoothed,0.0009944008339940892,0.0008465713828323694,0.0011591763628191374,1449,1449,1449,1449,,5000,5000,1.0,3021694564,20260901
B2_feature,4.0,per_class,all,micro,energy_retention,0.12834943051201217,0.1255201988616988,0.13121158551878515,1449,1449,1449,1449,,5000,5000,1.0,3021694564,20260901
B2_feature,4.0,per_class,all,micro,smoothed_std_over_raw,0.7954027086311246,0.7935164084253103,0.7973153495054315,1449,1449,1449,1449,,5000,5000,1.0,3021694564,20260901
B2_feature,4.0,per_class,all,micro,linear_solve_relative_residual,6.354495273809806e-06,6.287358569182893e-06,6.420724252675464e-06,1449,1449,1449,1449,,5000,5000,1.0,3021694564,20260901
B2_feature,4.0,per_class,all,micro,cg_iterations,15.662525879917185,15.638371290545203,15.687370600414079,1449,1449,1449,1449,,5000,5000,1.0,3021694564,20260901
B2_feature,4.0,per_class,all,micro,solve_runtime_ms_per_map,0.008120048974992246,0.008085584584786452,0.008159343458318848,1449,1449,1449,1449,,5000,5000,1.0,3021694564,20260901
B2_feature,4.0,per_class,all,micro,fidelity,0.062483598032723305,0.060824397656092204,0.06426545335712609,1449,1449,1449,1449,,5000,5000,1.0,3021694564,20260901
B2_feature,4.0,per_class,all,micro,relative_l2_change,0.062483598032723305,0.060824397656092204,0.06426545335712609,1449,1449,1449,1449,,5000,5000,1.0,3021694564,20260901
B2_feature,4.0,per_class,all,micro,map_pearson,0.9605029021319724,0.959888723499821,0.9610900661754477,1449,1449,1449,1449,,5000,5000,1.0,3021694564,20260901
B2_feature,4.0,per_class,all,micro,map_spearman,0.9485861039967929,0.9477159980394003,0.9494269311942257,1449,1449,1449,1449,,5000,5000,1.0,3021694564,20260901
B2_feature,4.0,per_class,all,micro,energy_raw,0.007209772725584432,0.006601334033033241,0.007877625366264334,1449,1449,1449,1449,,5000,5000,1.0,3021694564,20260901
B2_feature,4.0,per_class,all,micro,energy_smoothed,0.0014995697462571182,0.0012737189214387086,0.00174236092457579,1449,1449,1449,1449,,5000,5000,1.0,3021694564,20260901
B2_feature,4.0,per_class,all,micro,energy_retention,0.12935088315735693,0.12625072292252099,0.1325964316635748,1449,1449,1449,1449,,5000,5000,1.0,3021694564,20260901
B2_feature,4.0,per_class,all,micro,smoothed_std_over_raw,0.80127432541324,0.7992572377958407,0.8032170091140591,1449,1449,1449,1449,,5000,5000,1.0,3021694564,20260901
B2_feature,4.0,per_class,all,micro,linear_solve_relative_residual,6.121531301622078e-06,6.053430702968932e-06,6.1886058532978205e-06,1449,1449,1449,1449,,5000,5000,1.0,3021694564,20260901
B2_feature,4.0,per_class,all,micro,cg_iterations,15.662525879917185,15.638371290545203,15.687370600414079,1449,1449,1449,1449,,5000,5000,1.0,3021694564,20260901
B2_feature,4.0,per_class,all,micro,solve_runtime_ms_per_map,0.008120048974992246,0.008085584584786452,0.008159343458318848,1449,1449,1449,1449,,5000,5000,1.0,3021694564,20260901
B2_feature,4.0,per_class,all,micro,fidelity,0.05813811404991759,0.057322744451517214,0.05904695774024266,1449,1449,1449,1449,,5000,5000,1.0,3021694564,20260901
B2_feature,4.0,per_class,all,micro,relative_l2_change,0.05813811404991759,0.057322744451517214,0.05904695774024266,1449,1449,1449,1449,,5000,5000,1.0,3021694564,20260901
B2_feature,4.0,per_class,all,micro,map_pearson,0.9544077677262742,0.9537513586140403,0.9550498574324275,1449,1449,1449,1449,,5000,5000,1.0,3021694564,20260901
B2_feature,4.0,per_class,all,micro,map_spearman,0.9424701048802967,0.9414991906813871,0.9434172499079059,1449,1449,1449,1449,,5000,5000,1.0,3021694564,20260901
B2_feature,4.0,per_class,all,micro,energy_raw,0.005383211009177393,0.005148118020731408,0.0056604553572576445,1449,1449,1449,1449,,5000,5000,1.0,3021694564,20260901
B2_feature,4.0,per_class,all,micro,energy_smoothed,0.0007783702303195248,0.0007009774080565509,0.000870114873342002,1449,1449,1449,1449,,5000,5000,1.0,3021694564,20260901
B2_feature,4.0,per_class,all,micro,energy_retention,0.12031062095431808,0.11802799912623346,0.12267423525845968,1449,1449,1449,1449,,5000,5000,1.0,3021694564,20260901
B2_feature,4.0,per_class,all,micro,smoothed_std_over_raw,0.7981968449262852,0.7962606273802336,0.8001347694039509,1449,1449,1449,1449,,5000,5000,1.0,3021694564,20260901
B2_feature,4.0,per_class,all,micro,linear_solve_relative_residual,6.351618178019149e-06,6.283010567986815e-06,6.422075767631791e-06,1449,1449,1449,1449,,5000,5000,1.0,3021694564,20260901
B2_feature,4.0,per_class,all,micro,cg_iterations,15.662525879917185,15.638371290545203,15.687370600414079,1449,1449,1449,1449,,5000,5000,1.0,3021694564,20260901
B2_feature,4.0,per_class,all,micro,solve_runtime_ms_per_map,0.008120048974992246,0.008085584584786452,0.008159343458318848,1449,1449,1449,1449,,5000,5000,1.0,3021694564,20260901
B2_feature,4.0,per_class,all,micro,fidelity,0.06115580836325123,0.059659109883501434,0.06274286366271573,1449,1449,1449,1449,,5000,5000,1.0,3021694564,20260901
B2_feature,4.0,per_class,all,micro,relative_l2_change,0.06115580836325123,0.059659109883501434,0.06274286366271573,1449,1449,1449,1449,,5000,5000,1.0,3021694564,20260901
B2_feature,4.0,per_class,all,micro,map_pearson,0.9600027086736417,0.9594099469775985,0.9605816800833735,1449,1449,1449,1449,,5000,5000,1.0,3021694564,20260901
B2_feature,4.0,per_class,all,micro,map_spearman,0.9484703767044615,0.9476538810886704,0.9492705854281959,1449,1449,1449,1449,,5000,5000,1.0,3021694564,20260901
B2_feature,4.0,per_class,all,micro,energy_raw,0.006574670967917177,0.006032473684603983,0.007189257692589358,1449,1449,1449,1449,,5000,5000,1.0,3021694564,20260901
B2_feature,4.0,per_class,all,micro,energy_smoothed,0.0013400884274824515,0.001121756253349861,0.0015894138424034003,1449,1449,1449,1449,,5000,5000,1.0,3021694564,20260901
B2_feature,4.0,per_class,all,micro,energy_retention,0.13580520488861678,0.1328989448577932,0.13888332096987074,1449,1449,1449,1449,,5000,5000,1.0,3021694564,20260901
B2_feature,4.0,per_class,all,micro,smoothed_std_over_raw,0.7968403697013855,0.7948379744972912,0.7988099516569294,1449,1449,1449,1449,,5000,5000,1.0,3021694564,20260901
B2_feature,4.0,per_class,all,micro,linear_solve_relative_residual,6.2883994230235525e-06,6.218871196590133e-06,6.356551399124198e-06,1449,1449,1449,1449,,5000,5000,1.0,3021694564,20260901
B2_feature,4.0,per_class,all,micro,cg_iterations,15.662525879917185,15.638371290545203,15.687370600414079,1449,1449,1449,1449,,5000,5000,1.0,3021694564,20260901
B2_feature,4.0,per_class,all,micro,solve_runtime_ms_per_map,0.008120048974992246,0.008085584584786452,0.008159343458318848,1449,1449,1449,1449,,5000,5000,1.0,3021694564,20260901
B2_feature,4.0,per_class,all,micro,fidelity,0.07454247682710777,0.0723090439372207,0.0767914598898318,1449,1449,1449,1449,,5000,5000,1.0,3021694564,20260901
B2_feature,4.0,per_class,all,micro,relative_l2_change,0.07454247682710777,0.0723090439372207,0.0767914598898318,1449,1449,1449,1449,,5000,5000,1.0,3021694564,20260901
B2_feature,4.0,per_class,all,micro,map_pearson,0.9556520668863017,0.9548386009820089,0.956436398053597,1449,1449,1449,1449,,5000,5000,1.0,3021694564,20260901
B2_feature,4.0,per_class,all,micro,map_spearman,0.9422787930160823,0.9412179844977117,0.9433388221687576,1449,1449,1449,1449,,5000,5000,1.0,3021694564,20260901
B2_feature,4.0,per_class,all,micro,energy_raw,0.010478428331813713,0.009637760239132835,0.011359181032932875,1449,1449,1449,1449,,5000,5000,1.0,3021694564,20260901
B2_feature,4.0,per_class,all,micro,energy_smoothed,0.002417573396270671,0.002095438143887045,0.0027583867646520694,1449,1449,1449,1449,,5000,5000,1.0,3021694564,20260901
B2_feature,4.0,per_class,all,micro,energy_retention,0.14256014532214858,0.13871369641916947,0.1464542073783837,1449,1449,1449,1449,,5000,5000,1.0,3021694564,20260901
B2_feature,4.0,per_class,all,micro,smoothed_std_over_raw,0.800422950273057,0.7983202226156609,0.8026257535901622,1449,1449,1449,1449,,5000,5000,1.0,3021694564,20260901
B2_feature,4.0,per_class,all,micro,linear_solve_relative_residual,6.163226419324843e-06,6.094473341840669e-06,6.231146390725733e-06,1449,1449,1449,1449,,5000,5000,1.0,3021694564,20260901
B2_feature,4.0,per_class,all,micro,cg_iterations,15.662525879917185,15.638371290545203,15.687370600414079,1449,1449,1449,1449,,5000,5000,1.0,3021694564,20260901
B2_feature,4.0,per_class,all,micro,solve_runtime_ms_per_map,0.008120048974992246,0.008085584584786452,0.008159343458318848,1449,1449,1449,1449,,5000,5000,1.0,3021694564,20260901
B2_feature,4.0,per_class,all,micro,fidelity,0.06360228137055951,0.062184228259990385,0.06508766874321335,1449,1449,1449,1449,,5000,5000,1.0,3021694564,20260901
B2_feature,4.0,per_class,all,micro,relative_l2_change,0.06360228137055951,0.062184228259990385,0.06508766874321335,1449,1449,1449,1449,,5000,5000,1.0,3021694564,20260901
B2_feature,4.0,per_class,all,micro,map_pearson,0.9591092319633321,0.9584396459496457,0.9597507292922816,1449,1449,1449,1449,,5000,5000,1.0,3021694564,20260901
B2_feature,4.0,per_class,all,micro,map_spearman,0.9462572358821161,0.9453211036281309,0.9471990515068534,1449,1449,1449,1449,,5000,5000,1.0,3021694564,20260901
B2_feature,4.0,per_class,all,micro,energy_raw,0.006906399086536808,0.006454728713769754,0.007393478762766242,1449,1449,1449,1449,,5000,5000,1.0,3021694564,20260901
B2_feature,4.0,per_class,all,micro,energy_smoothed,0.0013441376341293933,0.001176278430063141,0.0015261311300287172,1449,1449,1449,1449,,5000,5000,1.0,3021694564,20260901
B2_feature,4.0,per_class,all,micro,energy_retention,0.1350368864685194,0.1318283494626184,0.13831970737257224,1449,1449,1449,1449,,5000,5000,1.0,3021694564,20260901
B2_feature,4.0,per_class,all,micro,smoothed_std_over_raw,0.7961038506137987,0.7941141774205606,0.7980735407894114,1449,1449,1449,1449,,5000,5000,1.0,3021694564,20260901
B2_feature,4.0,per_class,all,micro,linear_solve_relative_residual,6.379631887278982e-06,6.312576772070705e-06,6.450927037184411e-06,1449,1449,1449,1449,,5000,5000,1.0,3021694564,20260901
B2_feature,4.0,per_class,all,micro,cg_iterations,15.662525879917185,15.638371290545203,15.687370600414079,1449,1449,1449,1449,,5000,5000,1.0,3021694564,20260901
B2_feature,4.0,per_class,all,micro,solve_runtime_ms_per_map,0.008120048974992246,0.008085584584786452,0.008159343458318848,1449,1449,1449,1449,,5000,5000,1.0,3021694564,20260901
B2_feature,4.0,per_class,all,micro,fidelity,0.07845796315864582,0.07611428821283303,0.0809207291150783,1449,1449,1449,1449,,5000,5000,1.0,3021694564,20260901
B2_feature,4.0,per_class,all,micro,relative_l2_change,0.07845796315864582,0.07611428821283303,0.0809207291150783,1449,1449,1449,1449,,5000,5000,1.0,3021694564,20260901
B2_feature,4.0,per_class,all,micro,map_pearson,0.9577243041383389,0.9569447705196956,0.9584644293840628,1449,1449,1449,1449,,5000,5000,1.0,3021694564,20260901
B2_feature,4.0,per_class,all,micro,map_spearman,0.9454135139536414,0.9444252936016535,0.9464087828109394,1449,1449,1449,1449,,5000,5000,1.0,3021694564,20260901
B2_feature,4.0,per_class,all,micro,energy_raw,0.011820598098264945,0.010897819219469468,0.012781903412942006,1449,1449,1449,1449,,5000,5000,1.0,3021694564,20260901
B2_feature,4.0,per_class,all,micro,energy_smoothed,0.0026375522085123554,0.0023416554502667976,0.0029473022395456834,1449,1449,1449,1449,,5000,5000,1.0,3021694564,20260901
B2_feature,4.0,per_class,all,micro,energy_retention,0.1523828306707783,0.14855410653032142,0.1562479348827521,1449,1449,1449,1449,,5000,5000,1.0,3021694564,20260901
B2_feature,4.0,per_class,all,micro,smoothed_std_over_raw,0.800474032399735,0.7981931989103699,0.8026874630985135,1449,1449,1449,1449,,5000,5000,1.0,3021694564,20260901
B2_feature,4.0,per_class,all,micro,linear_solve_relative_residual,6.321249100304787e-06,6.243975853552273e-06,6.395929684228638e-06,1449,1449,1449,1449,,5000,5000,1.0,3021694564,20260901
B2_feature,4.0,per_class,all,micro,cg_iterations,15.662525879917185,15.638371290545203,15.687370600414079,1449,1449,1449,1449,,5000,5000,1.0,3021694564,20260901
B2_feature,4.0,per_class,all,micro,solve_runtime_ms_per_map,0.008120048974992246,0.008085584584786452,0.008159343458318848,1449,1449,1449,1449,,5000,5000,1.0,3021694564,20260901
B2_feature,4.0,per_class,all,micro,fidelity,0.061879730532093655,0.0605090086728211,0.06337438382342037,1449,1449,1449,1449,,5000,5000,1.0,3021694564,20260901
B2_feature,4.0,per_class,all,micro,relative_l2_change,0.061879730532093655,0.0605090086728211,0.06337438382342037,1449,1449,1449,1449,,5000,5000,1.0,3021694564,20260901
B2_feature,4.0,per_class,all,micro,map_pearson,0.9597947465048896,0.9591501748247176,0.9604274379304147,1449,1449,1449,1449,,5000,5000,1.0,3021694564,20260901
B2_feature,4.0,per_class,all,micro,map_spearman,0.9481857047153391,0.9473145070787213,0.9490314512313688,1449,1449,1449,1449,,5000,5000,1.0,3021694564,20260901
B2_feature,4.0,per_class,all,micro,energy_raw,0.006650235861111779,0.006195138155739321,0.007165926370754956,1449,1449,1449,1449,,5000,5000,1.0,3021694564,20260901
B2_feature,4.0,per_class,all,micro,energy_smoothed,0.0014354485520179363,0.0012447259237437253,0.001646612606675125,1449,1449,1449,1449,,5000,5000,1.0,3021694564,20260901
B2_feature,4.0,per_class,all,micro,energy_retention,0.13811248054199585,0.13414930433113312,0.14224904325396706,1449,1449,1449,1449,,5000,5000,1.0,3021694564,20260901
B2_feature,4.0,per_class,all,micro,smoothed_std_over_raw,0.8021828594744165,0.8002066202425726,0.8041516578417551,1449,1449,1449,1449,,5000,5000,1.0,3021694564,20260901
B2_feature,4.0,per_class,all,micro,linear_solve_relative_residual,6.233880481651696e-06,6.168022475310479e-06,6.300778418537963e-06,1449,1449,1449,1449,,5000,5000,1.0,3021694564,20260901
B2_feature,4.0,per_class,all,micro,cg_iterations,15.662525879917185,15.638371290545203,15.687370600414079,1449,1449,1449,1449,,5000,5000,1.0,3021694564,20260901
B2_feature,4.0,per_class,all,micro,solve_runtime_ms_per_map,0.008120048974992246,0.008085584584786452,0.008159343458318848,1449,1449,1449,1449,,5000,5000,1.0,3021694564,20260901
B2_feature,4.0,per_class,all,micro,fidelity,0.08831465266146192,0.08545876495640409,0.09142233838717369,1449,1449,1449,1449,,5000,5000,1.0,3021694564,20260901
B2_feature,4.0,per_class,all,micro,relative_l2_change,0.08831465266146192,0.08545876495640409,0.09142233838717369,1449,1449,1449,1449,,5000,5000,1.0,3021694564,20260901
B2_feature,4.0,per_class,all,micro,map_pearson,0.955114271617742,0.9542387786735906,0.9559473497393297,1449,1449,1449,1449,,5000,5000,1.0,3021694564,20260901
B2_feature,4.0,per_class,all,micro,map_spearman,0.9414308408032293,0.9403320856613484,0.942495351533095,1449,1449,1449,1449,,5000,5000,1.0,3021694564,20260901
B2_feature,4.0,per_class,all,micro,energy_raw,0.01570258402062183,0.014479523251258805,0.017069417916641946,1449,1449,1449,1449,,5000,5000,1.0,3021694564,20260901
B2_feature,4.0,per_class,all,micro,energy_smoothed,0.004053711741527602,0.0035895778739391867,0.004552226383672525,1449,1449,1449,1449,,5000,5000,1.0,3021694564,20260901
B2_feature,4.0,per_class,all,micro,energy_retention,0.1499930989714513,0.14556609162696996,0.15462738134421977,1449,1449,1449,1449,,5000,5000,1.0,3021694564,20260901
B2_feature,4.0,per_class,all,micro,smoothed_std_over_raw,0.7951976311790935,0.792927004940926,0.7973681303552301,1449,1449,1449,1449,,5000,5000,1.0,3021694564,20260901
B2_feature,4.0,per_class,all,micro,linear_solve_relative_residual,6.429740089102683e-06,6.357145288835351e-06,6.502166879783646e-06,1449,1449,1449,1449,,5000,5000,1.0,3021694564,20260901
B2_feature,4.0,per_class,all,micro,cg_iterations,15.662525879917185,15.638371290545203,15.687370600414079,1449,1449,1449,1449,,5000,5000,1.0,3021694564,20260901
B2_feature,4.0,per_class,all,micro,solve_runtime_ms_per_map,0.008120048974992246,0.008085584584786452,0.008159343458318848,1449,1449,1449,1449,,5000,5000,1.0,3021694564,20260901
B2_feature,4.0,per_class,all,micro,fidelity,0.06049315150366971,0.058856639435310415,0.0622382803373373,1449,1449,1449,1449,,5000,5000,1.0,3021694564,20260901
B2_feature,4.0,per_class,all,micro,relative_l2_change,0.06049315150366971,0.058856639435310415,0.0622382803373373,1449,1449,1449,1449,,5000,5000,1.0,3021694564,20260901
B2_feature,4.0,per_class,all,micro,map_pearson,0.9573075401527953,0.95658852416968,0.9580224632167914,1449,1449,1449,1449,,5000,5000,1.0,3021694564,20260901
B2_feature,4.0,per_class,all,micro,map_spearman,0.9439812437512284,0.9430447375747646,0.9449259251921732,1449,1449,1449,1449,,5000,5000,1.0,3021694564,20260901
B2_feature,4.0,per_class,all,micro,energy_raw,0.00679435096917323,0.006186409915521117,0.007465021501636642,1449,1449,1449,1449,,5000,5000,1.0,3021694564,20260901
B2_feature,4.0,per_class,all,micro,energy_smoothed,0.0015812714623358504,0.001317845869412119,0.0018684320435799204,1449,1449,1449,1449,,5000,5000,1.0,3021694564,20260901
B2_feature,4.0,per_class,all,micro,energy_retention,0.12874889850431348,0.1250037166736043,0.13270395293457754,1449,1449,1449,1449,,5000,5000,1.0,3021694564,20260901
B2_feature,4.0,per_class,all,micro,smoothed_std_over_raw,0.8012098508345168,0.7994858022833216,0.8029909263753825,1449,1449,1449,1449,,5000,5000,1.0,3021694564,20260901
B2_feature,4.0,per_class,all,micro,linear_solve_relative_residual,6.2611830518886976e-06,6.199606837000372e-06,6.3245712768953875e-06,1449,1449,1449,1449,,5000,5000,1.0,3021694564,20260901
B2_feature,4.0,per_class,all,micro,cg_iterations,15.662525879917185,15.638371290545203,15.687370600414079,1449,1449,1449,1449,,5000,5000,1.0,3021694564,20260901
B2_feature,4.0,per_class,all,micro,solve_runtime_ms_per_map,0.008120048974992246,0.008085584584786452,0.008159343458318848,1449,1449,1449,1449,,5000,5000,1.0,3021694564,20260901
B2_feature,4.0,per_class,all,micro,fidelity,0.06689999149977296,0.06504467032763663,0.06884971845533835,1449,1449,1449,1449,,5000,5000,1.0,3021694564,20260901
B2_feature,4.0,per_class,all,micro,relative_l2_change,0.06689999149977296,0.06504467032763663,0.06884971845533835,1449,1449,1449,1449,,5000,5000,1.0,3021694564,20260901
B2_feature,4.0,per_class,all,micro,map_pearson,0.9586087591570768,0.9579164873698072,0.9592452097630155,1449,1449,1449,1449,,5000,5000,1.0,3021694564,20260901
B2_feature,4.0,per_class,all,micro,map_spearman,0.9467766634590301,0.9458001855717106,0.9477486296675796,1449,1449,1449,1449,,5000,5000,1.0,3021694564,20260901
B2_feature,4.0,per_class,all,micro,energy_raw,0.008282832249473931,0.0075700517012735275,0.009059911169352914,1449,1449,1449,1449,,5000,5000,1.0,3021694564,20260901
B2_feature,4.0,per_class,all,micro,energy_smoothed,0.001751613546847115,0.0015002340915297393,0.0020326217021911226,1449,1449,1449,1449,,5000,5000,1.0,3021694564,20260901
B2_feature,4.0,per_class,all,micro,energy_retention,0.13406316454479247,0.13087418212120216,0.13718303271111043,1449,1449,1449,1449,,5000,5000,1.0,3021694564,20260901
B2_feature,4.0,per_class,all,micro,smoothed_std_over_raw,0.796523580352054,0.7945018779005651,0.7985295832475932,1449,1449,1449,1449,,5000,5000,1.0,3021694564,20260901
B2_feature,4.0,per_class,all,micro,linear_solve_relative_residual,6.292150992164011e-06,6.221873966887493e-06,6.363274249355743e-06,1449,1449,1449,1449,,5000,5000,1.0,3021694564,20260901
B2_feature,4.0,per_class,all,micro,cg_iterations,15.662525879917185,15.638371290545203,15.687370600414079,1449,1449,1449,1449,,5000,5000,1.0,3021694564,20260901
B2_feature,4.0,per_class,all,micro,solve_runtime_ms_per_map,0.008120048974992246,0.008085584584786452,0.008159343458318848,1449,1449,1449,1449,,5000,5000,1.0,3021694564,20260901
B2_feature,4.0,per_class,all,micro,fidelity,0.06978560224936452,0.06824751564567,0.07144487002392713,1449,1449,1449,1449,,5000,5000,1.0,3021694564,20260901
B2_feature,4.0,per_class,all,micro,relative_l2_change,0.06978560224936452,0.06824751564567,0.07144487002392713,1449,1449,1449,1449,,5000,5000,1.0,3021694564,20260901
B2_feature,4.0,per_class,all,micro,map_pearson,0.9556128026864873,0.9547835084139848,0.9564742018984794,1449,1449,1449,1449,,5000,5000,1.0,3021694564,20260901
B2_feature,4.0,per_class,all,micro,map_spearman,0.9435321562367526,0.9425206234438243,0.9445893408389977,1449,1449,1449,1449,,5000,5000,1.0,3021694564,20260901
B2_feature,4.0,per_class,all,micro,energy_raw,0.008446614035123059,0.007901572864802343,0.009037839440877785,1449,1449,1449,1449,,5000,5000,1.0,3021694564,20260901
B2_feature,4.0,per_class,all,micro,energy_smoothed,0.001957444688734284,0.0017090991328519035,0.00223128521203782,1449,1449,1449,1449,,5000,5000,1.0,3021694564,20260901
B2_feature,4.0,per_class,all,micro,energy_retention,0.1442768138629597,0.13961892628777461,0.14949862409159387,1449,1449,1449,1449,,5000,5000,1.0,3021694564,20260901
B2_feature,4.0,per_class,all,micro,smoothed_std_over_raw,0.7948046436056423,0.7925293494784642,0.7971922014708187,1449,1449,1449,1449,,5000,5000,1.0,3021694564,20260901
B2_feature,4.0,per_class,all,micro,linear_solve_relative_residual,6.412003750628555e-06,6.337359016817247e-06,6.487822322741051e-06,1449,1449,1449,1449,,5000,5000,1.0,3021694564,20260901
B2_feature,4.0,per_class,all,micro,cg_iterations,15.662525879917185,15.638371290545203,15.687370600414079,1449,1449,1449,1449,,5000,5000,1.0,3021694564,20260901
B2_feature,4.0,per_class,all,micro,solve_runtime_ms_per_map,0.008120048974992246,0.008085584584786452,0.008159343458318848,1449,1449,1449,1449,,5000,5000,1.0,3021694564,20260901
B2_feature,4.0,per_class,all,micro,fidelity,0.0623508759686213,0.06087658433963495,0.06388033927624609,1449,1449,1449,1449,,5000,5000,1.0,3021694564,20260901
B2_feature,4.0,per_class,all,micro,relative_l2_change,0.0623508759686213,0.06087658433963495,0.06388033927624609,1449,1449,1449,1449,,5000,5000,1.0,3021694564,20260901
B2_feature,4.0,per_class,all,micro,map_pearson,0.9601599704487065,0.9595932308314503,0.9607180036774086,1449,1449,1449,1449,,5000,5000,1.0,3021694564,20260901
B2_feature,4.0,per_class,all,micro,map_spearman,0.9480194818405878,0.9471370206270406,0.9488762155535141,1449,1449,1449,1449,,5000,5000,1.0,3021694564,20260901
B2_feature,4.0,per_class,all,micro,energy_raw,0.006817095325051391,0.006302442568622008,0.007376192711010733,1449,1449,1449,1449,,5000,5000,1.0,3021694564,20260901
B2_feature,4.0,per_class,all,micro,energy_smoothed,0.0013411068238018773,0.0011563191265351038,0.0015366687309363875,1449,1449,1449,1449,,5000,5000,1.0,3021694564,20260901
B2_feature,4.0,per_class,all,micro,energy_retention,0.12925526143159022,0.12589695561726066,0.1327231123286966,1449,1449,1449,1449,,5000,5000,1.0,3021694564,20260901
B2_feature,4.0,per_class,all,micro,smoothed_std_over_raw,0.7941322922295254,0.7923343244731796,0.7960101864064785,1449,1449,1449,1449,,5000,5000,1.0,3021694564,20260901
B2_feature,4.0,per_class,all,micro,linear_solve_relative_residual,6.37689414832756e-06,6.309436336494612e-06,6.444177258016735e-06,1449,1449,1449,1449,,5000,5000,1.0,3021694564,20260901
B2_feature,4.0,per_class,all,micro,cg_iterations,15.662525879917185,15.638371290545203,15.687370600414079,1449,1449,1449,1449,,5000,5000,1.0,3021694564,20260901
B2_feature,4.0,per_class,all,micro,solve_runtime_ms_per_map,0.008120048974992246,0.008085584584786452,0.008159343458318848,1449,1449,1449,1449,,5000,5000,1.0,3021694564,20260901
B2_feature,4.0,per_class,all,micro,fidelity,0.064031716927197,0.0625536510883461,0.06556916380329399,1449,1449,1449,1449,,5000,5000,1.0,3021694564,20260901
B2_feature,4.0,per_class,all,micro,relative_l2_change,0.064031716927197,0.0625536510883461,0.06556916380329399,1449,1449,1449,1449,,5000,5000,1.0,3021694564,20260901
B2_feature,4.0,per_class,all,micro,map_pearson,0.9608085871236418,0.9601962695169481,0.9613913763363333,1449,1449,1449,1449,,5000,5000,1.0,3021694564,20260901
B2_feature,4.0,per_class,all,micro,map_spearman,0.9465372397045665,0.9455492933971706,0.9474735291580894,1449,1449,1449,1449,,5000,5000,1.0,3021694564,20260901
B2_feature,4.0,per_class,all,micro,energy_raw,0.007134925980111899,0.006654879319443149,0.007629530862397324,1449,1449,1449,1449,,5000,5000,1.0,3021694564,20260901
B2_feature,4.0,per_class,all,micro,energy_smoothed,0.0015177912506979638,0.0013161541508947105,0.0017205236270336967,1449,1449,1449,1449,,5000,5000,1.0,3021694564,20260901
B2_feature,4.0,per_class,all,micro,energy_retention,0.13399849466984645,0.13017192636401212,0.13786353529138481,1449,1449,1449,1449,,5000,5000,1.0,3021694564,20260901
B2_feature,4.0,per_class,all,micro,smoothed_std_over_raw,0.7945132807586175,0.7923969376624,0.7966525244365239,1449,1449,1449,1449,,5000,5000,1.0,3021694564,20260901
B2_feature,4.0,per_class,all,micro,linear_solve_relative_residual,6.220993530011845e-06,6.153739339413976e-06,6.285812771486469e-06,1449,1449,1449,1449,,5000,5000,1.0,3021694564,20260901
B2_feature,4.0,per_class,all,micro,cg_iterations,15.662525879917185,15.638371290545203,15.687370600414079,1449,1449,1449,1449,,5000,5000,1.0,3021694564,20260901
B2_feature,4.0,per_class,all,micro,solve_runtime_ms_per_map,0.008120048974992246,0.008085584584786452,0.008159343458318848,1449,1449,1449,1449,,5000,5000,1.0,3021694564,20260901
B2_feature,4.0,per_class,all,micro,fidelity,0.1114682884818731,0.10800961782600475,0.11487550839371695,1449,1449,1449,1449,,5000,5000,1.0,3021694564,20260901
B2_feature,4.0,per_class,all,micro,relative_l2_change,0.1114682884818731,0.10800961782600475,0.11487550839371695,1449,1449,1449,1449,,5000,5000,1.0,3021694564,20260901
B2_feature,4.0,per_class,all,micro,map_pearson,0.9599700144770393,0.9590008138170565,0.9609100321949228,1449,1449,1449,1449,,5000,5000,1.0,3021694564,20260901
B2_feature,4.0,per_class,all,micro,map_spearman,0.9473758068802112,0.946259160053944,0.9484792073063805,1449,1449,1449,1449,,5000,5000,1.0,3021694564,20260901
B2_feature,4.0,per_class,all,micro,energy_raw,0.023121428540814604,0.02153782951630288,0.024726441739222005,1449,1449,1449,1449,,5000,5000,1.0,3021694564,20260901
B2_feature,4.0,per_class,all,micro,energy_smoothed,0.0065971371252913245,0.00604521691415391,0.007156064660205983,1449,1449,1449,1449,,5000,5000,1.0,3021694564,20260901
B2_feature,4.0,per_class,all,micro,energy_retention,0.20630939846525445,0.20031157179135928,0.21243780592631284,1449,1449,1449,1449,,5000,5000,1.0,3021694564,20260901
B2_feature,4.0,per_class,all,micro,smoothed_std_over_raw,0.8000719867713538,0.7970489449516257,0.8031241093897836,1449,1449,1449,1449,,5000,5000,1.0,3021694564,20260901
B2_feature,4.0,per_class,all,micro,linear_solve_relative_residual,6.238426356012785e-06,6.166384297058829e-06,6.311452727239256e-06,1449,1449,1449,1449,,5000,5000,1.0,3021694564,20260901
B2_feature,4.0,per_class,all,micro,cg_iterations,15.662525879917185,15.638371290545203,15.687370600414079,1449,1449,1449,1449,,5000,5000,1.0,3021694564,20260901
B2_feature,4.0,per_class,all,micro,solve_runtime_ms_per_map,0.008120048974992246,0.008085584584786452,0.008159343458318848,1449,1449,1449,1449,,5000,5000,1.0,3021694564,20260901
B2_feature,4.0,per_class,all,micro,fidelity,0.07991266979728591,0.07782598184575915,0.08215548596026735,1449,1449,1449,1449,,5000,5000,1.0,3021694564,20260901
B2_feature,4.0,per_class,all,micro,relative_l2_change,0.07991266979728591,0.07782598184575915,0.08215548596026735,1449,1449,1449,1449,,5000,5000,1.0,3021694564,20260901
B2_feature,4.0,per_class,all,micro,map_pearson,0.9508813591230483,0.9499173076996892,0.9517827267489243,1449,1449,1449,1449,,5000,5000,1.0,3021694564,20260901
B2_feature,4.0,per_class,all,micro,map_spearman,0.9380122797500684,0.9368173933681164,0.9391329954643756,1449,1449,1449,1449,,5000,5000,1.0,3021694564,20260901
B2_feature,4.0,per_class,all,micro,energy_raw,0.011691366307073632,0.010869653674906757,0.012603399661753495,1449,1449,1449,1449,,5000,5000,1.0,3021694564,20260901
B2_feature,4.0,per_class,all,micro,energy_smoothed,0.0023681016660386535,0.002095388486214218,0.00267845026762199,1449,1449,1449,1449,,5000,5000,1.0,3021694564,20260901
B2_feature,4.0,per_class,all,micro,energy_retention,0.13472077693453405,0.13123330432366326,0.13827469032797693,1449,1449,1449,1449,,5000,5000,1.0,3021694564,20260901
B2_feature,4.0,per_class,all,micro,smoothed_std_over_raw,0.7925316166515758,0.790152781177505,0.7948372239672455,1449,1449,1449,1449,,5000,5000,1.0,3021694564,20260901
B2_feature,4.0,per_class,all,micro,linear_solve_relative_residual,6.244230154598593e-06,6.170529660187366e-06,6.316354037009938e-06,1449,1449,1449,1449,,5000,5000,1.0,3021694564,20260901
B2_feature,4.0,per_class,all,micro,cg_iterations,15.662525879917185,15.638371290545203,15.687370600414079,1449,1449,1449,1449,,5000,5000,1.0,3021694564,20260901
B2_feature,4.0,per_class,all,micro,solve_runtime_ms_per_map,0.008120048974992246,0.008085584584786452,0.008159343458318848,1449,1449,1449,1449,,5000,5000,1.0,3021694564,20260901
B2_feature,4.0,per_class,all,micro,fidelity,0.05820741826312307,0.05714985337757535,0.059359615653871545,1449,1449,1449,1449,,5000,5000,1.0,3021694564,20260901
B2_feature,4.0,per_class,all,micro,relative_l2_change,0.05820741826312307,0.05714985337757535,0.059359615653871545,1449,1449,1449,1449,,5000,5000,1.0,3021694564,20260901
B2_feature,4.0,per_class,all,micro,map_pearson,0.9598522697587603,0.9592212953079643,0.9604475281726418,1449,1449,1449,1449,,5000,5000,1.0,3021694564,20260901
B2_feature,4.0,per_class,all,micro,map_spearman,0.94757433399157,0.9466713104610446,0.9484664254255587,1449,1449,1449,1449,,5000,5000,1.0,3021694564,20260901
B2_feature,4.0,per_class,all,micro,energy_raw,0.0055052777602041,0.005166313751205642,0.005885994024776012,1449,1449,1449,1449,,5000,5000,1.0,3021694564,20260901
B2_feature,4.0,per_class,all,micro,energy_smoothed,0.0009440912476669595,0.0008244547100324313,0.001081260330714045,1449,1449,1449,1449,,5000,5000,1.0,3021694564,20260901
B2_feature,4.0,per_class,all,micro,energy_retention,0.13024390013753503,0.12730751004535384,0.13306625824668455,1449,1449,1449,1449,,5000,5000,1.0,3021694564,20260901
B2_feature,4.0,per_class,all,micro,smoothed_std_over_raw,0.7992949076074004,0.797481133068447,0.8011831809182345,1449,1449,1449,1449,,5000,5000,1.0,3021694564,20260901
B2_feature,4.0,per_class,all,micro,linear_solve_relative_residual,6.3302497274181264e-06,6.260670463267843e-06,6.398071774425969e-06,1449,1449,1449,1449,,5000,5000,1.0,3021694564,20260901
B2_feature,4.0,per_class,all,micro,cg_iterations,15.662525879917185,15.638371290545203,15.687370600414079,1449,1449,1449,1449,,5000,5000,1.0,3021694564,20260901
B2_feature,4.0,per_class,all,micro,solve_runtime_ms_per_map,0.008120048974992246,0.008085584584786452,0.008159343458318848,1449,1449,1449,1449,,5000,5000,1.0,3021694564,20260901
B2_feature,4.0,per_class,all,micro,fidelity,0.07397640909899342,0.07138348426412741,0.07684686759106295,1449,1449,1449,1449,,5000,5000,1.0,3021694564,20260901
B2_feature,4.0,per_class,all,micro,relative_l2_change,0.07397640909899342,0.07138348426412741,0.07684686759106295,1449,1449,1449,1449,,5000,5000,1.0,3021694564,20260901
B2_feature,4.0,per_class,all,micro,map_pearson,0.9620425008016261,0.9614701861714888,0.9626052858687172,1449,1449,1449,1449,,5000,5000,1.0,3021694564,20260901
B2_feature,4.0,per_class,all,micro,map_spearman,0.9477492658083319,0.9468100710798331,0.948684331247155,1449,1449,1449,1449,,5000,5000,1.0,3021694564,20260901
B2_feature,4.0,per_class,all,micro,energy_raw,0.011357959520166227,0.01029763885255634,0.012552135889790405,1449,1449,1449,1449,,5000,5000,1.0,3021694564,20260901
B2_feature,4.0,per_class,all,micro,energy_smoothed,0.0031849279087059743,0.0027432357800257043,0.003688644953867229,1449,1449,1449,1449,,5000,5000,1.0,3021694564,20260901
B2_feature,4.0,per_class,all,micro,energy_retention,0.1509856573383795,0.14656074165146132,0.15578582965793938,1449,1449,1449,1449,,5000,5000,1.0,3021694564,20260901
B2_feature,4.0,per_class,all,micro,smoothed_std_over_raw,0.7977175221433304,0.7957001442124385,0.7997228880610197,1449,1449,1449,1449,,5000,5000,1.0,3021694564,20260901
B2_feature,4.0,per_class,all,micro,linear_solve_relative_residual,6.295391607306548e-06,6.225218055172421e-06,6.365733924138312e-06,1449,1449,1449,1449,,5000,5000,1.0,3021694564,20260901
B2_feature,4.0,per_class,all,micro,cg_iterations,15.662525879917185,15.638371290545203,15.687370600414079,1449,1449,1449,1449,,5000,5000,1.0,3021694564,20260901
B2_feature,4.0,per_class,all,micro,solve_runtime_ms_per_map,0.008120048974992246,0.008085584584786452,0.008159343458318848,1449,1449,1449,1449,,5000,5000,1.0,3021694564,20260901
B2_feature,4.0,per_class,all,micro,fidelity,0.056310885834582845,0.055052399928530504,0.05762875069272135,1449,1449,1449,1449,,5000,5000,1.0,3021694564,20260901
B2_feature,4.0,per_class,all,micro,relative_l2_change,0.056310885834582845,0.055052399928530504,0.05762875069272135,1449,1449,1449,1449,,5000,5000,1.0,3021694564,20260901
B2_feature,4.0,per_class,all,micro,map_pearson,0.9645142437590658,0.964044304867709,0.9649466871217747,1449,1449,1449,1449,,5000,5000,1.0,3021694564,20260901
B2_feature,4.0,per_class,all,micro,map_spearman,0.9522548167766416,0.9514551046451591,0.9530431277921398,1449,1449,1449,1449,,5000,5000,1.0,3021694564,20260901
B2_feature,4.0,per_class,all,micro,energy_raw,0.005415498798927118,0.00500072500412738,0.005870199664954637,1449,1449,1449,1449,,5000,5000,1.0,3021694564,20260901
B2_feature,4.0,per_class,all,micro,energy_smoothed,0.0010536123368111144,0.000889185343099903,0.0012347027668209863,1449,1449,1449,1449,,5000,5000,1.0,3021694564,20260901
B2_feature,4.0,per_class,all,micro,energy_retention,0.13636793293896998,0.1336223240662816,0.13903914616116064,1449,1449,1449,1449,,5000,5000,1.0,3021694564,20260901
B2_feature,4.0,per_class,all,micro,smoothed_std_over_raw,0.8012602216132844,0.7994458386606393,0.8031102051985436,1449,1449,1449,1449,,5000,5000,1.0,3021694564,20260901
B2_feature,4.0,per_class,all,micro,linear_solve_relative_residual,6.320554985277849e-06,6.255290884080636e-06,6.387053380286426e-06,1449,1449,1449,1449,,5000,5000,1.0,3021694564,20260901
B2_feature,4.0,per_class,all,micro,cg_iterations,15.662525879917185,15.638371290545203,15.687370600414079,1449,1449,1449,1449,,5000,5000,1.0,3021694564,20260901
B2_feature,4.0,per_class,all,micro,solve_runtime_ms_per_map,0.008120048974992246,0.008085584584786452,0.008159343458318848,1449,1449,1449,1449,,5000,5000,1.0,3021694564,20260901
B2_feature,4.0,per_class,all,micro,fidelity,0.0680327219946414,0.06631287028068218,0.0697929902804991,1449,1449,1449,1449,,5000,5000,1.0,3021694564,20260901
B2_feature,4.0,per_class,all,micro,relative_l2_change,0.0680327219946414,0.06631287028068218,0.0697929902804991,1449,1449,1449,1449,,5000,5000,1.0,3021694564,20260901
B2_feature,4.0,per_class,all,micro,map_pearson,0.9598666599818638,0.9592477444824142,0.960499542636901,1449,1449,1449,1449,,5000,5000,1.0,3021694564,20260901
B2_feature,4.0,per_class,all,micro,map_spearman,0.9465231832510196,0.9455640143180732,0.947446426468483,1449,1449,1449,1449,,5000,5000,1.0,3021694564,20260901
B2_feature,4.0,per_class,all,micro,energy_raw,0.008260982111578432,0.007654230379528578,0.008914693494538184,1449,1449,1449,1449,,5000,5000,1.0,3021694564,20260901
B2_feature,4.0,per_class,all,micro,energy_smoothed,0.0017059309960278188,0.001482036687046964,0.0019469693913736301,1449,1449,1449,1449,,5000,5000,1.0,3021694564,20260901
B2_feature,4.0,per_class,all,micro,energy_retention,0.14085778305557697,0.13763664378318613,0.14413746470235816,1449,1449,1449,1449,,5000,5000,1.0,3021694564,20260901
B2_feature,4.0,per_class,all,micro,smoothed_std_over_raw,0.799255012684316,0.797275661068838,0.8012533819535587,1449,1449,1449,1449,,5000,5000,1.0,3021694564,20260901
B2_feature,4.0,per_class,all,micro,linear_solve_relative_residual,6.236445563641619e-06,6.165061012780387e-06,6.310909142757297e-06,1449,1449,1449,1449,,5000,5000,1.0,3021694564,20260901
B2_feature,4.0,per_class,all,micro,cg_iterations,15.662525879917185,15.638371290545203,15.687370600414079,1449,1449,1449,1449,,5000,5000,1.0,3021694564,20260901
B2_feature,4.0,per_class,all,micro,solve_runtime_ms_per_map,0.008120048974992246,0.008085584584786452,0.008159343458318848,1449,1449,1449,1449,,5000,5000,1.0,3021694564,20260901
B3_spatial_feature,0.25,all_class_maps,all,micro,fidelity,0.014451357192315516,0.014329680938257922,0.014581897782940023,1449,1449,28980,28980,,5000,5000,1.0,3021694564,20260901
B3_spatial_feature,0.25,all_class_maps,all,micro,relative_l2_change,0.014451357192315516,0.014329680938257922,0.014581897782940023,1449,1449,28980,28980,,5000,5000,1.0,3021694564,20260901
B3_spatial_feature,0.25,all_class_maps,all,micro,map_pearson,0.9981264660406146,0.9981032726224165,0.9981486052490149,1449,1449,28980,28980,,5000,5000,1.0,3021694564,20260901
B3_spatial_feature,0.25,all_class_maps,all,micro,map_spearman,0.9969885739295379,0.9969379286206307,0.9970374434543138,1449,1449,28980,28980,,5000,5000,1.0,3021694564,20260901
B3_spatial_feature,0.25,all_class_maps,all,micro,energy_raw,0.008761968170279017,0.008541722966292808,0.008999939468717221,1449,1449,28980,28980,,5000,5000,1.0,3021694564,20260901
B3_spatial_feature,0.25,all_class_maps,all,micro,energy_smoothed,0.0066625423292721656,0.0064827535190855375,0.006854907797062585,1449,1449,28980,28980,,5000,5000,1.0,3021694564,20260901
B3_spatial_feature,0.25,all_class_maps,all,micro,energy_retention,0.7112644450984551,0.710216524717292,0.7123048817375103,1449,1449,28980,28980,,5000,5000,1.0,3021694564,20260901
B3_spatial_feature,0.25,all_class_maps,all,micro,smoothed_std_over_raw,0.959214451911122,0.9589525376104996,0.9594790533092452,1449,1449,28980,28980,,5000,5000,1.0,3021694564,20260901
B3_spatial_feature,0.25,all_class_maps,all,micro,linear_solve_relative_residual,4.875024082767746e-06,4.848008467551674e-06,4.901908557409005e-06,1449,1449,28980,28980,,5000,5000,1.0,3021694564,20260901
B3_spatial_feature,0.25,all_class_maps,all,micro,cg_iterations,5.0,5.0,5.0,1449,1449,28980,28980,,5000,5000,1.0,3021694564,20260901
B3_spatial_feature,0.25,all_class_maps,all,micro,solve_runtime_ms_per_map,0.003284353520554085,0.00327123330048568,0.003299664479470865,1449,1449,28980,28980,,5000,5000,1.0,3021694564,20260901
B3_spatial_feature,0.25,all_class_maps,all,macro_class,fidelity,0.014451357192315514,0.014329680938257925,0.01458189778294002,1449,1449,28980,28980,20,5000,5000,1.0,3021694564,20260901
B3_spatial_feature,0.25,all_class_maps,all,macro_class,relative_l2_change,0.014451357192315514,0.014329680938257925,0.01458189778294002,1449,1449,28980,28980,20,5000,5000,1.0,3021694564,20260901
B3_spatial_feature,0.25,all_class_maps,all,macro_class,map_pearson,0.9981264660406144,0.9981032726224163,0.9981486052490148,1449,1449,28980,28980,20,5000,5000,1.0,3021694564,20260901
B3_spatial_feature,0.25,all_class_maps,all,macro_class,map_spearman,0.9969885739295379,0.9969379286206307,0.9970374434543138,1449,1449,28980,28980,20,5000,5000,1.0,3021694564,20260901
B3_spatial_feature,0.25,all_class_maps,all,macro_class,energy_raw,0.008761968170279019,0.008541722966292806,0.008999939468717223,1449,1449,28980,28980,20,5000,5000,1.0,3021694564,20260901
B3_spatial_feature,0.25,all_class_maps,all,macro_class,energy_smoothed,0.006662542329272167,0.0064827535190855375,0.006854907797062585,1449,1449,28980,28980,20,5000,5000,1.0,3021694564,20260901
B3_spatial_feature,0.25,all_class_maps,all,macro_class,energy_retention,0.7112644450984551,0.7102165247172921,0.7123048817375102,1449,1449,28980,28980,20,5000,5000,1.0,3021694564,20260901
B3_spatial_feature,0.25,all_class_maps,all,macro_class,smoothed_std_over_raw,0.9592144519111219,0.9589525376104994,0.9594790533092454,1449,1449,28980,28980,20,5000,5000,1.0,3021694564,20260901
B3_spatial_feature,0.25,all_class_maps,all,macro_class,linear_solve_relative_residual,4.875024082767747e-06,4.848008467551675e-06,4.9019085574090035e-06,1449,1449,28980,28980,20,5000,5000,1.0,3021694564,20260901
B3_spatial_feature,0.25,all_class_maps,all,macro_class,cg_iterations,5.0,5.0,5.0,1449,1449,28980,28980,20,5000,5000,1.0,3021694564,20260901
B3_spatial_feature,0.25,all_class_maps,all,macro_class,solve_runtime_ms_per_map,0.0032843535205540875,0.0032712333004856807,0.0032996644794708657,1449,1449,28980,28980,20,5000,5000,1.0,3021694564,20260901
B3_spatial_feature,0.25,all_class_maps,single_label,micro,fidelity,0.013535429806596205,0.01339357113518286,0.01367676857904734,927,927,18540,18540,,5000,5000,1.0,3021694564,20260901
B3_spatial_feature,0.25,all_class_maps,single_label,micro,relative_l2_change,0.013535429806596205,0.01339357113518286,0.01367676857904734,927,927,18540,18540,,5000,5000,1.0,3021694564,20260901
B3_spatial_feature,0.25,all_class_maps,single_label,micro,map_pearson,0.9981036367186193,0.9980733092105922,0.9981333202546404,927,927,18540,18540,,5000,5000,1.0,3021694564,20260901
B3_spatial_feature,0.25,all_class_maps,single_label,micro,map_spearman,0.9967793978565848,0.9967072473338604,0.9968464402286205,927,927,18540,18540,,5000,5000,1.0,3021694564,20260901
B3_spatial_feature,0.25,all_class_maps,single_label,micro,energy_raw,0.00699637461628362,0.006780651942556804,0.007211999195736686,927,927,18540,18540,,5000,5000,1.0,3021694564,20260901
B3_spatial_feature,0.25,all_class_maps,single_label,micro,energy_smoothed,0.005184234373754708,0.005011908910094873,0.005357415917438873,927,927,18540,18540,,5000,5000,1.0,3021694564,20260901
B3_spatial_feature,0.25,all_class_maps,single_label,micro,energy_retention,0.7047152580631075,0.7034892623528372,0.7059457909029697,927,927,18540,18540,,5000,5000,1.0,3021694564,20260901
B3_spatial_feature,0.25,all_class_maps,single_label,micro,smoothed_std_over_raw,0.9580342775570407,0.9577025216403935,0.9583641560864358,927,927,18540,18540,,5000,5000,1.0,3021694564,20260901
B3_spatial_feature,0.25,all_class_maps,single_label,micro,linear_solve_relative_residual,4.852709613001339e-06,4.818293651970068e-06,4.887382268772886e-06,927,927,18540,18540,,5000,5000,1.0,3021694564,20260901
B3_spatial_feature,0.25,all_class_maps,single_label,micro,cg_iterations,5.0,5.0,5.0,927,927,18540,18540,,5000,5000,1.0,3021694564,20260901
B3_spatial_feature,0.25,all_class_maps,single_label,micro,solve_runtime_ms_per_map,0.0032846839990792,0.003268588288201884,0.003304793247785465,927,927,18540,18540,,5000,5000,1.0,3021694564,20260901
B3_spatial_feature,0.25,all_class_maps,single_label,macro_class,fidelity,0.013535429806596205,0.013393571135182865,0.01367676857904734,927,927,18540,18540,20,5000,5000,1.0,3021694564,20260901
B3_spatial_feature,0.25,all_class_maps,single_label,macro_class,relative_l2_change,0.013535429806596205,0.013393571135182865,0.01367676857904734,927,927,18540,18540,20,5000,5000,1.0,3021694564,20260901
B3_spatial_feature,0.25,all_class_maps,single_label,macro_class,map_pearson,0.9981036367186196,0.9980733092105922,0.9981333202546404,927,927,18540,18540,20,5000,5000,1.0,3021694564,20260901
B3_spatial_feature,0.25,all_class_maps,single_label,macro_class,map_spearman,0.9967793978565849,0.9967072473338603,0.9968464402286206,927,927,18540,18540,20,5000,5000,1.0,3021694564,20260901
B3_spatial_feature,0.25,all_class_maps,single_label,macro_class,energy_raw,0.006996374616283618,0.006780651942556804,0.007211999195736687,927,927,18540,18540,20,5000,5000,1.0,3021694564,20260901
B3_spatial_feature,0.25,all_class_maps,single_label,macro_class,energy_smoothed,0.005184234373754709,0.005011908910094873,0.005357415917438874,927,927,18540,18540,20,5000,5000,1.0,3021694564,20260901
B3_spatial_feature,0.25,all_class_maps,single_label,macro_class,energy_retention,0.7047152580631076,0.703489262352837,0.7059457909029697,927,927,18540,18540,20,5000,5000,1.0,3021694564,20260901
B3_spatial_feature,0.25,all_class_maps,single_label,macro_class,smoothed_std_over_raw,0.9580342775570407,0.9577025216403935,0.9583641560864358,927,927,18540,18540,20,5000,5000,1.0,3021694564,20260901
B3_spatial_feature,0.25,all_class_maps,single_label,macro_class,linear_solve_relative_residual,4.852709613001338e-06,4.818293651970068e-06,4.887382268772887e-06,927,927,18540,18540,20,5000,5000,1.0,3021694564,20260901
B3_spatial_feature,0.25,all_class_maps,single_label,macro_class,cg_iterations,5.0,5.0,5.0,927,927,18540,18540,20,5000,5000,1.0,3021694564,20260901
B3_spatial_feature,0.25,all_class_maps,single_label,macro_class,solve_runtime_ms_per_map,0.003284683999079199,0.003268588288201884,0.0033047932477854635,927,927,18540,18540,20,5000,5000,1.0,3021694564,20260901
B3_spatial_feature,0.25,all_class_maps,exactly_2_labels,micro,fidelity,0.01565972156537076,0.015481381382523104,0.015843545467592774,375,375,7500,7500,,5000,5000,1.0,3021694564,20260901
B3_spatial_feature,0.25,all_class_maps,exactly_2_labels,micro,relative_l2_change,0.01565972156537076,0.015481381382523104,0.015843545467592774,375,375,7500,7500,,5000,5000,1.0,3021694564,20260901
B3_spatial_feature,0.25,all_class_maps,exactly_2_labels,micro,map_pearson,0.998143678911527,0.9980979716696342,0.9981866289410989,375,375,7500,7500,,5000,5000,1.0,3021694564,20260901
B3_spatial_feature,0.25,all_class_maps,exactly_2_labels,micro,map_spearman,0.9973184849341711,0.9972474120889107,0.997384296280543,375,375,7500,7500,,5000,5000,1.0,3021694564,20260901
B3_spatial_feature,0.25,all_class_maps,exactly_2_labels,micro,energy_raw,0.010898557301983237,0.010527640851814455,0.011293764832814534,375,375,7500,7500,,5000,5000,1.0,3021694564,20260901
B3_spatial_feature,0.25,all_class_maps,exactly_2_labels,micro,energy_smoothed,0.008436353201046586,0.008130414315575811,0.008764338856519121,375,375,7500,7500,,5000,5000,1.0,3021694564,20260901
B3_spatial_feature,0.25,all_class_maps,exactly_2_labels,micro,energy_retention,0.7202157389640809,0.7184560420872769,0.7219530734270811,375,375,7500,7500,,5000,5000,1.0,3021694564,20260901
B3_spatial_feature,0.25,all_class_maps,exactly_2_labels,micro,smoothed_std_over_raw,0.960937732799848,0.9604378939612707,0.9614351837128401,375,375,7500,7500,,5000,5000,1.0,3021694564,20260901
B3_spatial_feature,0.25,all_class_maps,exactly_2_labels,micro,linear_solve_relative_residual,4.957560626644408e-06,4.910769349393907e-06,5.004923573927348e-06,375,375,7500,7500,,5000,5000,1.0,3021694564,20260901
B3_spatial_feature,0.25,all_class_maps,exactly_2_labels,micro,cg_iterations,5.0,5.0,5.0,375,375,7500,7500,,5000,5000,1.0,3021694564,20260901
B3_spatial_feature,0.25,all_class_maps,exactly_2_labels,micro,solve_runtime_ms_per_map,0.003282860035499282,0.003262470455398822,0.0033129126674746787,375,375,7500,7500,,5000,5000,1.0,3021694564,20260901
B3_spatial_feature,0.25,all_class_maps,exactly_2_labels,macro_class,fidelity,0.015659721565370755,0.015481381382523108,0.015843545467592774,375,375,7500,7500,20,5000,5000,1.0,3021694564,20260901
B3_spatial_feature,0.25,all_class_maps,exactly_2_labels,macro_class,relative_l2_change,0.015659721565370755,0.015481381382523108,0.015843545467592774,375,375,7500,7500,20,5000,5000,1.0,3021694564,20260901
B3_spatial_feature,0.25,all_class_maps,exactly_2_labels,macro_class,map_pearson,0.9981436789115268,0.9980979716696341,0.9981866289410988,375,375,7500,7500,20,5000,5000,1.0,3021694564,20260901
B3_spatial_feature,0.25,all_class_maps,exactly_2_labels,macro_class,map_spearman,0.997318484934171,0.9972474120889108,0.9973842962805431,375,375,7500,7500,20,5000,5000,1.0,3021694564,20260901
B3_spatial_feature,0.25,all_class_maps,exactly_2_labels,macro_class,energy_raw,0.010898557301983237,0.010527640851814452,0.011293764832814536,375,375,7500,7500,20,5000,5000,1.0,3021694564,20260901
B3_spatial_feature,0.25,all_class_maps,exactly_2_labels,macro_class,energy_smoothed,0.008436353201046586,0.008130414315575813,0.008764338856519121,375,375,7500,7500,20,5000,5000,1.0,3021694564,20260901
B3_spatial_feature,0.25,all_class_maps,exactly_2_labels,macro_class,energy_retention,0.7202157389640809,0.7184560420872768,0.721953073427081,375,375,7500,7500,20,5000,5000,1.0,3021694564,20260901
B3_spatial_feature,0.25,all_class_maps,exactly_2_labels,macro_class,smoothed_std_over_raw,0.9609377327998481,0.9604378939612704,0.9614351837128401,375,375,7500,7500,20,5000,5000,1.0,3021694564,20260901
B3_spatial_feature,0.25,all_class_maps,exactly_2_labels,macro_class,linear_solve_relative_residual,4.957560626644409e-06,4.910769349393907e-06,5.004923573927348e-06,375,375,7500,7500,20,5000,5000,1.0,3021694564,20260901
B3_spatial_feature,0.25,all_class_maps,exactly_2_labels,macro_class,cg_iterations,5.0,5.0,5.0,375,375,7500,7500,20,5000,5000,1.0,3021694564,20260901
B3_spatial_feature,0.25,all_class_maps,exactly_2_labels,macro_class,solve_runtime_ms_per_map,0.0032828600354992818,0.003262470455398822,0.0033129126674746796,375,375,7500,7500,20,5000,5000,1.0,3021694564,20260901
B3_spatial_feature,0.25,all_class_maps,3plus_labels,micro,fidelity,0.01714474526487392,0.016879588715204664,0.017409929198095715,147,147,2940,2940,,5000,5000,1.0,3021694564,20260901
B3_spatial_feature,0.25,all_class_maps,3plus_labels,micro,relative_l2_change,0.01714474526487392,0.016879588715204664,0.017409929198095715,147,147,2940,2940,,5000,5000,1.0,3021694564,20260901
B3_spatial_feature,0.25,all_class_maps,3plus_labels,micro,map_pearson,0.9982265201555628,0.9981766655605262,0.9982725324344878,147,147,2940,2940,,5000,5000,1.0,3021694564,20260901
B3_spatial_feature,0.25,all_class_maps,3plus_labels,micro,map_spearman,0.9974660541532802,0.9973881878110827,0.9975392304082104,147,147,2940,2940,,5000,5000,1.0,3021694564,20260901
B3_spatial_feature,0.25,all_class_maps,3plus_labels,micro,energy_raw,0.014445534838065759,0.01377103283415512,0.015114006454104852,147,147,2940,2940,,5000,5000,1.0,3021694564,20260901
B3_spatial_feature,0.25,all_class_maps,3plus_labels,micro,energy_smoothed,0.011459905579947506,0.010895069250040077,0.012025629495517835,147,147,2940,2940,,5000,5000,1.0,3021694564,20260901
B3_spatial_feature,0.25,all_class_maps,3plus_labels,micro,energy_retention,0.7297294871539486,0.7274173736197203,0.7319823374477576,147,147,2940,2940,,5000,5000,1.0,3021694564,20260901
B3_spatial_feature,0.25,all_class_maps,3plus_labels,micro,smoothed_std_over_raw,0.9622606511829662,0.9614698399512136,0.9630087063547705,147,147,2940,2940,,5000,5000,1.0,3021694564,20260901
B3_spatial_feature,0.25,all_class_maps,3plus_labels,micro,linear_solve_relative_residual,4.805189453650138e-06,4.731271361921711e-06,4.880676955309195e-06,147,147,2940,2940,,5000,5000,1.0,3021694564,20260901
B3_spatial_feature,0.25,all_class_maps,3plus_labels,micro,cg_iterations,5.0,5.0,5.0,147,147,2940,2940,,5000,5000,1.0,3021694564,20260901
B3_spatial_feature,0.25,all_class_maps,3plus_labels,micro,solve_runtime_ms_per_map,0.0032860793933620464,0.0032590751449052256,0.003337438904050454,147,147,2940,2940,,5000,5000,1.0,3021694564,20260901
B3_spatial_feature,0.25,all_class_maps,3plus_labels,macro_class,fidelity,0.017144745264873924,0.016879588715204664,0.017409929198095715,147,147,2940,2940,20,5000,5000,1.0,3021694564,20260901
B3_spatial_feature,0.25,all_class_maps,3plus_labels,macro_class,relative_l2_change,0.017144745264873924,0.016879588715204664,0.017409929198095715,147,147,2940,2940,20,5000,5000,1.0,3021694564,20260901
B3_spatial_feature,0.25,all_class_maps,3plus_labels,macro_class,map_pearson,0.9982265201555629,0.9981766655605261,0.9982725324344878,147,147,2940,2940,20,5000,5000,1.0,3021694564,20260901
B3_spatial_feature,0.25,all_class_maps,3plus_labels,macro_class,map_spearman,0.9974660541532805,0.997388187811083,0.9975392304082101,147,147,2940,2940,20,5000,5000,1.0,3021694564,20260901
B3_spatial_feature,0.25,all_class_maps,3plus_labels,macro_class,energy_raw,0.014445534838065757,0.013771032834155124,0.015114006454104852,147,147,2940,2940,20,5000,5000,1.0,3021694564,20260901
B3_spatial_feature,0.25,all_class_maps,3plus_labels,macro_class,energy_smoothed,0.011459905579947506,0.010895069250040077,0.012025629495517835,147,147,2940,2940,20,5000,5000,1.0,3021694564,20260901
B3_spatial_feature,0.25,all_class_maps,3plus_labels,macro_class,energy_retention,0.7297294871539485,0.7274173736197204,0.7319823374477576,147,147,2940,2940,20,5000,5000,1.0,3021694564,20260901
B3_spatial_feature,0.25,all_class_maps,3plus_labels,macro_class,smoothed_std_over_raw,0.9622606511829662,0.9614698399512137,0.9630087063547705,147,147,2940,2940,20,5000,5000,1.0,3021694564,20260901
B3_spatial_feature,0.25,all_class_maps,3plus_labels,macro_class,linear_solve_relative_residual,4.805189453650139e-06,4.731271361921713e-06,4.880676955309194e-06,147,147,2940,2940,20,5000,5000,1.0,3021694564,20260901
B3_spatial_feature,0.25,all_class_maps,3plus_labels,macro_class,cg_iterations,5.0,5.0,5.0,147,147,2940,2940,20,5000,5000,1.0,3021694564,20260901
B3_spatial_feature,0.25,all_class_maps,3plus_labels,macro_class,solve_runtime_ms_per_map,0.0032860793933620473,0.0032590751449052256,0.0033374389040504546,147,147,2940,2940,20,5000,5000,1.0,3021694564,20260901
B3_spatial_feature,0.25,per_class,all,micro,fidelity,0.012622025201394074,0.01247416061249268,0.012781578070163377,1449,1449,1449,1449,,5000,5000,1.0,3021694564,20260901
B3_spatial_feature,0.25,per_class,all,micro,relative_l2_change,0.012622025201394074,0.01247416061249268,0.012781578070163377,1449,1449,1449,1449,,5000,5000,1.0,3021694564,20260901
B3_spatial_feature,0.25,per_class,all,micro,map_pearson,0.9981454443405051,0.998115098785951,0.9981740193697319,1449,1449,1449,1449,,5000,5000,1.0,3021694564,20260901
B3_spatial_feature,0.25,per_class,all,micro,map_spearman,0.9971550988937099,0.9970951402481463,0.9972144291884657,1449,1449,1449,1449,,5000,5000,1.0,3021694564,20260901
B3_spatial_feature,0.25,per_class,all,micro,energy_raw,0.005584940945860088,0.005235611773196854,0.0059771386402620716,1449,1449,1449,1449,,5000,5000,1.0,3021694564,20260901
B3_spatial_feature,0.25,per_class,all,micro,energy_smoothed,0.004096783104521692,0.003793839177404697,0.004434382129420241,1449,1449,1449,1449,,5000,5000,1.0,3021694564,20260901
B3_spatial_feature,0.25,per_class,all,micro,energy_retention,0.7051067149087921,0.7032615648858953,0.7069377683941211,1449,1449,1449,1449,,5000,5000,1.0,3021694564,20260901
B3_spatial_feature,0.25,per_class,all,micro,smoothed_std_over_raw,0.9577914819049375,0.9572953145398281,0.9583019022420408,1449,1449,1449,1449,,5000,5000,1.0,3021694564,20260901
B3_spatial_feature,0.25,per_class,all,micro,linear_solve_relative_residual,5.073013976811486e-06,5.009412485139889e-06,5.134200902255515e-06,1449,1449,1449,1449,,5000,5000,1.0,3021694564,20260901
B3_spatial_feature,0.25,per_class,all,micro,cg_iterations,5.0,5.0,5.0,1449,1449,1449,1449,,5000,5000,1.0,3021694564,20260901
B3_spatial_feature,0.25,per_class,all,micro,solve_runtime_ms_per_map,0.0032843535205540875,0.00327123330048568,0.0032996644794708644,1449,1449,1449,1449,,5000,5000,1.0,3021694564,20260901
B3_spatial_feature,0.25,per_class,all,micro,fidelity,0.01341198802153722,0.013159990534565576,0.013683592462513706,1449,1449,1449,1449,,5000,5000,1.0,3021694564,20260901
B3_spatial_feature,0.25,per_class,all,micro,relative_l2_change,0.01341198802153722,0.013159990534565576,0.013683592462513706,1449,1449,1449,1449,,5000,5000,1.0,3021694564,20260901
B3_spatial_feature,0.25,per_class,all,micro,map_pearson,0.9981742592578595,0.9981440536333331,0.9982027314978686,1449,1449,1449,1449,,5000,5000,1.0,3021694564,20260901
B3_spatial_feature,0.25,per_class,all,micro,map_spearman,0.9971514285392313,0.997089332402822,0.9972124364301613,1449,1449,1449,1449,,5000,5000,1.0,3021694564,20260901
B3_spatial_feature,0.25,per_class,all,micro,energy_raw,0.00711112421101089,0.006543097257202143,0.007737061707929594,1449,1449,1449,1449,,5000,5000,1.0,3021694564,20260901
B3_spatial_feature,0.25,per_class,all,micro,energy_smoothed,0.005324809756573467,0.004849296705047725,0.005851361660088821,1449,1449,1449,1449,,5000,5000,1.0,3021694564,20260901
B3_spatial_feature,0.25,per_class,all,micro,energy_retention,0.7043911447353902,0.7024178817600856,0.70641560930787,1449,1449,1449,1449,,5000,5000,1.0,3021694564,20260901
B3_spatial_feature,0.25,per_class,all,micro,smoothed_std_over_raw,0.9591746331495281,0.9586494583232884,0.9596903135481993,1449,1449,1449,1449,,5000,5000,1.0,3021694564,20260901
B3_spatial_feature,0.25,per_class,all,micro,linear_solve_relative_residual,4.827160723619845e-06,4.751925611956571e-06,4.9016573660768985e-06,1449,1449,1449,1449,,5000,5000,1.0,3021694564,20260901
B3_spatial_feature,0.25,per_class,all,micro,cg_iterations,5.0,5.0,5.0,1449,1449,1449,1449,,5000,5000,1.0,3021694564,20260901
B3_spatial_feature,0.25,per_class,all,micro,solve_runtime_ms_per_map,0.0032843535205540875,0.00327123330048568,0.0032996644794708644,1449,1449,1449,1449,,5000,5000,1.0,3021694564,20260901
B3_spatial_feature,0.25,per_class,all,micro,fidelity,0.012959382575830564,0.012830386039774589,0.013101435797623236,1449,1449,1449,1449,,5000,5000,1.0,3021694564,20260901
B3_spatial_feature,0.25,per_class,all,micro,relative_l2_change,0.012959382575830564,0.012830386039774589,0.013101435797623236,1449,1449,1449,1449,,5000,5000,1.0,3021694564,20260901
B3_spatial_feature,0.25,per_class,all,micro,map_pearson,0.9979101424796405,0.9978794252382961,0.9979402141418022,1449,1449,1449,1449,,5000,5000,1.0,3021694564,20260901
B3_spatial_feature,0.25,per_class,all,micro,map_spearman,0.9967833347284358,0.9967082702101634,0.9968567342440205,1449,1449,1449,1449,,5000,5000,1.0,3021694564,20260901
B3_spatial_feature,0.25,per_class,all,micro,energy_raw,0.005411394378151089,0.0051918731471358144,0.005670479117280317,1449,1449,1449,1449,,5000,5000,1.0,3021694564,20260901
B3_spatial_feature,0.25,per_class,all,micro,energy_smoothed,0.003849102072742317,0.0036688682761516042,0.004060155616346807,1449,1449,1449,1449,,5000,5000,1.0,3021694564,20260901
B3_spatial_feature,0.25,per_class,all,micro,energy_retention,0.6969282185726943,0.6954301509016378,0.6984647193762908,1449,1449,1449,1449,,5000,5000,1.0,3021694564,20260901
B3_spatial_feature,0.25,per_class,all,micro,smoothed_std_over_raw,0.9570195119162113,0.956510622200882,0.9575273775309839,1449,1449,1449,1449,,5000,5000,1.0,3021694564,20260901
B3_spatial_feature,0.25,per_class,all,micro,linear_solve_relative_residual,5.1059940950672055e-06,5.044744106982139e-06,5.1642940143696235e-06,1449,1449,1449,1449,,5000,5000,1.0,3021694564,20260901
B3_spatial_feature,0.25,per_class,all,micro,cg_iterations,5.0,5.0,5.0,1449,1449,1449,1449,,5000,5000,1.0,3021694564,20260901
B3_spatial_feature,0.25,per_class,all,micro,solve_runtime_ms_per_map,0.0032843535205540875,0.00327123330048568,0.0032996644794708644,1449,1449,1449,1449,,5000,5000,1.0,3021694564,20260901
B3_spatial_feature,0.25,per_class,all,micro,fidelity,0.013010261395883157,0.012788662610185415,0.01324893662115023,1449,1449,1449,1449,,5000,5000,1.0,3021694564,20260901
B3_spatial_feature,0.25,per_class,all,micro,relative_l2_change,0.013010261395883157,0.012788662610185415,0.01324893662115023,1449,1449,1449,1449,,5000,5000,1.0,3021694564,20260901
B3_spatial_feature,0.25,per_class,all,micro,map_pearson,0.9982188290526244,0.9981915904333708,0.9982464383128102,1449,1449,1449,1449,,5000,5000,1.0,3021694564,20260901
B3_spatial_feature,0.25,per_class,all,micro,map_spearman,0.9973297458915895,0.9972767035618907,0.9973822531852745,1449,1449,1449,1449,,5000,5000,1.0,3021694564,20260901
B3_spatial_feature,0.25,per_class,all,micro,energy_raw,0.00650339352504946,0.00599689694471208,0.007076558137556449,1449,1449,1449,1449,,5000,5000,1.0,3021694564,20260901
B3_spatial_feature,0.25,per_class,all,micro,energy_smoothed,0.004858095361722609,0.004426619003125479,0.005346716545707642,1449,1449,1449,1449,,5000,5000,1.0,3021694564,20260901
B3_spatial_feature,0.25,per_class,all,micro,energy_retention,0.7104077087014687,0.7085864892318136,0.7122983459534935,1449,1449,1449,1449,,5000,5000,1.0,3021694564,20260901
B3_spatial_feature,0.25,per_class,all,micro,smoothed_std_over_raw,0.9590199186194758,0.9585185997398908,0.9595348899264925,1449,1449,1449,1449,,5000,5000,1.0,3021694564,20260901
B3_spatial_feature,0.25,per_class,all,micro,linear_solve_relative_residual,4.944754143112824e-06,4.876868967475167e-06,5.0153126884919325e-06,1449,1449,1449,1449,,5000,5000,1.0,3021694564,20260901
B3_spatial_feature,0.25,per_class,all,micro,cg_iterations,5.0,5.0,5.0,1449,1449,1449,1449,,5000,5000,1.0,3021694564,20260901
B3_spatial_feature,0.25,per_class,all,micro,solve_runtime_ms_per_map,0.0032843535205540875,0.00327123330048568,0.0032996644794708644,1449,1449,1449,1449,,5000,5000,1.0,3021694564,20260901
B3_spatial_feature,0.25,per_class,all,micro,fidelity,0.015541164995041941,0.015210573006070394,0.015876911419043363,1449,1449,1449,1449,,5000,5000,1.0,3021694564,20260901
B3_spatial_feature,0.25,per_class,all,micro,relative_l2_change,0.015541164995041941,0.015210573006070394,0.015876911419043363,1449,1449,1449,1449,,5000,5000,1.0,3021694564,20260901
B3_spatial_feature,0.25,per_class,all,micro,map_pearson,0.9980005173127021,0.9979592618344157,0.9980416537925159,1449,1449,1449,1449,,5000,5000,1.0,3021694564,20260901
B3_spatial_feature,0.25,per_class,all,micro,map_spearman,0.996594704703021,0.9964830524443017,0.9966995529763611,1449,1449,1449,1449,,5000,5000,1.0,3021694564,20260901
B3_spatial_feature,0.25,per_class,all,micro,energy_raw,0.010192204752372638,0.00940900484687765,0.011011853013900279,1449,1449,1449,1449,,5000,5000,1.0,3021694564,20260901
B3_spatial_feature,0.25,per_class,all,micro,energy_smoothed,0.007778758631670157,0.007108146286561261,0.008478127918809121,1449,1449,1449,1449,,5000,5000,1.0,3021694564,20260901
B3_spatial_feature,0.25,per_class,all,micro,energy_retention,0.7103950709125105,0.7079221718275522,0.7128675861357409,1449,1449,1449,1449,,5000,5000,1.0,3021694564,20260901
B3_spatial_feature,0.25,per_class,all,micro,smoothed_std_over_raw,0.9596000565505176,0.9590102774036432,0.9602188866464659,1449,1449,1449,1449,,5000,5000,1.0,3021694564,20260901
B3_spatial_feature,0.25,per_class,all,micro,linear_solve_relative_residual,4.724271682701989e-06,4.616106031270649e-06,4.832743465477757e-06,1449,1449,1449,1449,,5000,5000,1.0,3021694564,20260901
B3_spatial_feature,0.25,per_class,all,micro,cg_iterations,5.0,5.0,5.0,1449,1449,1449,1449,,5000,5000,1.0,3021694564,20260901
B3_spatial_feature,0.25,per_class,all,micro,solve_runtime_ms_per_map,0.0032843535205540875,0.00327123330048568,0.0032996644794708644,1449,1449,1449,1449,,5000,5000,1.0,3021694564,20260901
B3_spatial_feature,0.25,per_class,all,micro,fidelity,0.013557427731169719,0.013364290079989537,0.013760589855739795,1449,1449,1449,1449,,5000,5000,1.0,3021694564,20260901
B3_spatial_feature,0.25,per_class,all,micro,relative_l2_change,0.013557427731169719,0.013364290079989537,0.013760589855739795,1449,1449,1449,1449,,5000,5000,1.0,3021694564,20260901
B3_spatial_feature,0.25,per_class,all,micro,map_pearson,0.9981409214215907,0.9981086818214693,0.998172282147317,1449,1449,1449,1449,,5000,5000,1.0,3021694564,20260901
B3_spatial_feature,0.25,per_class,all,micro,map_spearman,0.9968547230346027,0.9967708448065076,0.9969372482300627,1449,1449,1449,1449,,5000,5000,1.0,3021694564,20260901
B3_spatial_feature,0.25,per_class,all,micro,energy_raw,0.0068524456125015,0.006432922064275928,0.0073006491970240015,1449,1449,1449,1449,,5000,5000,1.0,3021694564,20260901
B3_spatial_feature,0.25,per_class,all,micro,energy_smoothed,0.005110175330821731,0.004751228319587147,0.0054967179156407125,1449,1449,1449,1449,,5000,5000,1.0,3021694564,20260901
B3_spatial_feature,0.25,per_class,all,micro,energy_retention,0.7101542089543234,0.7080781993154742,0.7122590635740568,1449,1449,1449,1449,,5000,5000,1.0,3021694564,20260901
B3_spatial_feature,0.25,per_class,all,micro,smoothed_std_over_raw,0.958657669807155,0.9581255273357434,0.9591907670573583,1449,1449,1449,1449,,5000,5000,1.0,3021694564,20260901
B3_spatial_feature,0.25,per_class,all,micro,linear_solve_relative_residual,5.03973972736508e-06,4.959316544672111e-06,5.115705714570697e-06,1449,1449,1449,1449,,5000,5000,1.0,3021694564,20260901
B3_spatial_feature,0.25,per_class,all,micro,cg_iterations,5.0,5.0,5.0,1449,1449,1449,1449,,5000,5000,1.0,3021694564,20260901
B3_spatial_feature,0.25,per_class,all,micro,solve_runtime_ms_per_map,0.0032843535205540875,0.00327123330048568,0.0032996644794708644,1449,1449,1449,1449,,5000,5000,1.0,3021694564,20260901
B3_spatial_feature,0.25,per_class,all,micro,fidelity,0.016186214151121855,0.01578953442428251,0.016593986087905473,1449,1449,1449,1449,,5000,5000,1.0,3021694564,20260901
B3_spatial_feature,0.25,per_class,all,micro,relative_l2_change,0.016186214151121855,0.01578953442428251,0.016593986087905473,1449,1449,1449,1449,,5000,5000,1.0,3021694564,20260901
B3_spatial_feature,0.25,per_class,all,micro,map_pearson,0.9981556528185548,0.9981211522320289,0.9981886887443403,1449,1449,1449,1449,,5000,5000,1.0,3021694564,20260901
B3_spatial_feature,0.25,per_class,all,micro,map_spearman,0.9971582772322076,0.9970888264338422,0.9972258106007751,1449,1449,1449,1449,,5000,5000,1.0,3021694564,20260901
B3_spatial_feature,0.25,per_class,all,micro,energy_raw,0.011481013256359751,0.010615790698234939,0.012382722470676046,1449,1449,1449,1449,,5000,5000,1.0,3021694564,20260901
B3_spatial_feature,0.25,per_class,all,micro,energy_smoothed,0.008727892195122038,0.008026147679770603,0.009463863767426571,1449,1449,1449,1449,,5000,5000,1.0,3021694564,20260901
B3_spatial_feature,0.25,per_class,all,micro,energy_retention,0.718555866725861,0.7162914813768049,0.7208416125336706,1449,1449,1449,1449,,5000,5000,1.0,3021694564,20260901
B3_spatial_feature,0.25,per_class,all,micro,smoothed_std_over_raw,0.9609261069978986,0.9603122945239908,0.9615205411256141,1449,1449,1449,1449,,5000,5000,1.0,3021694564,20260901
B3_spatial_feature,0.25,per_class,all,micro,linear_solve_relative_residual,4.8981172895178515e-06,4.790118180512462e-06,5.004963055689474e-06,1449,1449,1449,1449,,5000,5000,1.0,3021694564,20260901
B3_spatial_feature,0.25,per_class,all,micro,cg_iterations,5.0,5.0,5.0,1449,1449,1449,1449,,5000,5000,1.0,3021694564,20260901
B3_spatial_feature,0.25,per_class,all,micro,solve_runtime_ms_per_map,0.0032843535205540875,0.00327123330048568,0.0032996644794708644,1449,1449,1449,1449,,5000,5000,1.0,3021694564,20260901
B3_spatial_feature,0.25,per_class,all,micro,fidelity,0.013107001883015706,0.012920532089653583,0.013308717962482968,1449,1449,1449,1449,,5000,5000,1.0,3021694564,20260901
B3_spatial_feature,0.25,per_class,all,micro,relative_l2_change,0.013107001883015706,0.012920532089653583,0.013308717962482968,1449,1449,1449,1449,,5000,5000,1.0,3021694564,20260901
B3_spatial_feature,0.25,per_class,all,micro,map_pearson,0.9981585173791158,0.9981255278258673,0.9981907097716591,1449,1449,1449,1449,,5000,5000,1.0,3021694564,20260901
B3_spatial_feature,0.25,per_class,all,micro,map_spearman,0.9971384622871341,0.997070954809977,0.9972022701350469,1449,1449,1449,1449,,5000,5000,1.0,3021694564,20260901
B3_spatial_feature,0.25,per_class,all,micro,energy_raw,0.0065699590021696804,0.006147801392679402,0.007050189713626429,1449,1449,1449,1449,,5000,5000,1.0,3021694564,20260901
B3_spatial_feature,0.25,per_class,all,micro,energy_smoothed,0.004942889880643498,0.0045773246873604305,0.00535753100057659,1449,1449,1449,1449,,5000,5000,1.0,3021694564,20260901
B3_spatial_feature,0.25,per_class,all,micro,energy_retention,0.7096497109629023,0.7072695030949706,0.7121319315232352,1449,1449,1449,1449,,5000,5000,1.0,3021694564,20260901
B3_spatial_feature,0.25,per_class,all,micro,smoothed_std_over_raw,0.9597065308079216,0.9591520763794827,0.9602754922171064,1449,1449,1449,1449,,5000,5000,1.0,3021694564,20260901
B3_spatial_feature,0.25,per_class,all,micro,linear_solve_relative_residual,4.9046571549467465e-06,4.829409506989195e-06,4.979704798367052e-06,1449,1449,1449,1449,,5000,5000,1.0,3021694564,20260901
B3_spatial_feature,0.25,per_class,all,micro,cg_iterations,5.0,5.0,5.0,1449,1449,1449,1449,,5000,5000,1.0,3021694564,20260901
B3_spatial_feature,0.25,per_class,all,micro,solve_runtime_ms_per_map,0.0032843535205540875,0.00327123330048568,0.0032996644794708644,1449,1449,1449,1449,,5000,5000,1.0,3021694564,20260901
B3_spatial_feature,0.25,per_class,all,micro,fidelity,0.017868245390081215,0.0174333180942662,0.018346648139758916,1449,1449,1449,1449,,5000,5000,1.0,3021694564,20260901
B3_spatial_feature,0.25,per_class,all,micro,relative_l2_change,0.017868245390081215,0.0174333180942662,0.018346648139758916,1449,1449,1449,1449,,5000,5000,1.0,3021694564,20260901
B3_spatial_feature,0.25,per_class,all,micro,map_pearson,0.9979913840629546,0.9979460938232697,0.9980348820374537,1449,1449,1449,1449,,5000,5000,1.0,3021694564,20260901
B3_spatial_feature,0.25,per_class,all,micro,map_spearman,0.9965738897244629,0.996470855089037,0.9966742120626633,1449,1449,1449,1449,,5000,5000,1.0,3021694564,20260901
B3_spatial_feature,0.25,per_class,all,micro,energy_raw,0.015118487143928919,0.013971878564595185,0.01640039174442306,1449,1449,1449,1449,,5000,5000,1.0,3021694564,20260901
B3_spatial_feature,0.25,per_class,all,micro,energy_smoothed,0.0118260043223303,0.010851739271817243,0.012896497867473374,1449,1449,1449,1449,,5000,5000,1.0,3021694564,20260901
B3_spatial_feature,0.25,per_class,all,micro,energy_retention,0.7166949022301647,0.7138626970417586,0.719582966807137,1449,1449,1449,1449,,5000,5000,1.0,3021694564,20260901
B3_spatial_feature,0.25,per_class,all,micro,smoothed_std_over_raw,0.9592308274542899,0.9585866518714578,0.9598849413136188,1449,1449,1449,1449,,5000,5000,1.0,3021694564,20260901
B3_spatial_feature,0.25,per_class,all,micro,linear_solve_relative_residual,4.667444055131242e-06,4.5522236587367995e-06,4.779562289322776e-06,1449,1449,1449,1449,,5000,5000,1.0,3021694564,20260901
B3_spatial_feature,0.25,per_class,all,micro,cg_iterations,5.0,5.0,5.0,1449,1449,1449,1449,,5000,5000,1.0,3021694564,20260901
B3_spatial_feature,0.25,per_class,all,micro,solve_runtime_ms_per_map,0.0032843535205540875,0.00327123330048568,0.0032996644794708644,1449,1449,1449,1449,,5000,5000,1.0,3021694564,20260901
B3_spatial_feature,0.25,per_class,all,micro,fidelity,0.012991791630897791,0.012762243805544448,0.013236026781475528,1449,1449,1449,1449,,5000,5000,1.0,3021694564,20260901
B3_spatial_feature,0.25,per_class,all,micro,relative_l2_change,0.012991791630897791,0.012762243805544448,0.013236026781475528,1449,1449,1449,1449,,5000,5000,1.0,3021694564,20260901
B3_spatial_feature,0.25,per_class,all,micro,map_pearson,0.9980138324720437,0.9979769175487851,0.9980503502798705,1449,1449,1449,1449,,5000,5000,1.0,3021694564,20260901
B3_spatial_feature,0.25,per_class,all,micro,map_spearman,0.9965224315002921,0.996431654444886,0.996611944452864,1449,1449,1449,1449,,5000,5000,1.0,3021694564,20260901
B3_spatial_feature,0.25,per_class,all,micro,energy_raw,0.0067092568305558205,0.00614135054300571,0.007337864645536002,1449,1449,1449,1449,,5000,5000,1.0,3021694564,20260901
B3_spatial_feature,0.25,per_class,all,micro,energy_smoothed,0.005070955387468972,0.004580541360869282,0.005609698008167527,1449,1449,1449,1449,,5000,5000,1.0,3021694564,20260901
B3_spatial_feature,0.25,per_class,all,micro,energy_retention,0.7028688163573039,0.7007048418854663,0.705138501200987,1449,1449,1449,1449,,5000,5000,1.0,3021694564,20260901
B3_spatial_feature,0.25,per_class,all,micro,smoothed_std_over_raw,0.9587240646920424,0.958235135960365,0.9592323580740073,1449,1449,1449,1449,,5000,5000,1.0,3021694564,20260901
B3_spatial_feature,0.25,per_class,all,micro,linear_solve_relative_residual,4.750054785239717e-06,4.683507538043695e-06,4.813321106733681e-06,1449,1449,1449,1449,,5000,5000,1.0,3021694564,20260901
B3_spatial_feature,0.25,per_class,all,micro,cg_iterations,5.0,5.0,5.0,1449,1449,1449,1449,,5000,5000,1.0,3021694564,20260901
B3_spatial_feature,0.25,per_class,all,micro,solve_runtime_ms_per_map,0.0032843535205540875,0.00327123330048568,0.0032996644794708644,1449,1449,1449,1449,,5000,5000,1.0,3021694564,20260901
B3_spatial_feature,0.25,per_class,all,micro,fidelity,0.014171764113168374,0.013895191515913506,0.014463645915836328,1449,1449,1449,1449,,5000,5000,1.0,3021694564,20260901
B3_spatial_feature,0.25,per_class,all,micro,relative_l2_change,0.014171764113168374,0.013895191515913506,0.014463645915836328,1449,1449,1449,1449,,5000,5000,1.0,3021694564,20260901
B3_spatial_feature,0.25,per_class,all,micro,map_pearson,0.9981219213612743,0.9980883114014188,0.9981528800487354,1449,1449,1449,1449,,5000,5000,1.0,3021694564,20260901
B3_spatial_feature,0.25,per_class,all,micro,map_spearman,0.9970100821915621,0.996929180422596,0.997087889336939,1449,1449,1449,1449,,5000,5000,1.0,3021694564,20260901
B3_spatial_feature,0.25,per_class,all,micro,energy_raw,0.008128713067618422,0.007463190351574141,0.008857740438145568,1449,1449,1449,1449,,5000,5000,1.0,3021694564,20260901
B3_spatial_feature,0.25,per_class,all,micro,energy_smoothed,0.006132158697271055,0.005570329196044592,0.006749005923364208,1449,1449,1449,1449,,5000,5000,1.0,3021694564,20260901
B3_spatial_feature,0.25,per_class,all,micro,energy_retention,0.7085076655249006,0.7064566513293361,0.7105299864465652,1449,1449,1449,1449,,5000,5000,1.0,3021694564,20260901
B3_spatial_feature,0.25,per_class,all,micro,smoothed_std_over_raw,0.9587170963784265,0.9581759879636798,0.9592464050253644,1449,1449,1449,1449,,5000,5000,1.0,3021694564,20260901
B3_spatial_feature,0.25,per_class,all,micro,linear_solve_relative_residual,4.900773042056829e-06,4.814588367244763e-06,4.9840897603162435e-06,1449,1449,1449,1449,,5000,5000,1.0,3021694564,20260901
B3_spatial_feature,0.25,per_class,all,micro,cg_iterations,5.0,5.0,5.0,1449,1449,1449,1449,,5000,5000,1.0,3021694564,20260901
B3_spatial_feature,0.25,per_class,all,micro,solve_runtime_ms_per_map,0.0032843535205540875,0.00327123330048568,0.0032996644794708644,1449,1449,1449,1449,,5000,5000,1.0,3021694564,20260901
B3_spatial_feature,0.25,per_class,all,micro,fidelity,0.01469025169573133,0.01448604706430575,0.014914510471378681,1449,1449,1449,1449,,5000,5000,1.0,3021694564,20260901
B3_spatial_feature,0.25,per_class,all,micro,relative_l2_change,0.01469025169573133,0.01448604706430575,0.014914510471378681,1449,1449,1449,1449,,5000,5000,1.0,3021694564,20260901
B3_spatial_feature,0.25,per_class,all,micro,map_pearson,0.9979932459985247,0.9979520997398882,0.9980360278287701,1449,1449,1449,1449,,5000,5000,1.0,3021694564,20260901
B3_spatial_feature,0.25,per_class,all,micro,map_spearman,0.9967559622105769,0.9966620016069228,0.9968512366688441,1449,1449,1449,1449,,5000,5000,1.0,3021694564,20260901
B3_spatial_feature,0.25,per_class,all,micro,energy_raw,0.008283017577122694,0.007776296444769417,0.008831988973639458,1449,1449,1449,1449,,5000,5000,1.0,3021694564,20260901
B3_spatial_feature,0.25,per_class,all,micro,energy_smoothed,0.006254745217080674,0.0058145095680454196,0.0067343590329953145,1449,1449,1449,1449,,5000,5000,1.0,3021694564,20260901
B3_spatial_feature,0.25,per_class,all,micro,energy_retention,0.7111074190208877,0.7084602227985982,0.7139965430128319,1449,1449,1449,1449,,5000,5000,1.0,3021694564,20260901
B3_spatial_feature,0.25,per_class,all,micro,smoothed_std_over_raw,0.9583246981052796,0.9576694263928179,0.9590326133341605,1449,1449,1449,1449,,5000,5000,1.0,3021694564,20260901
B3_spatial_feature,0.25,per_class,all,micro,linear_solve_relative_residual,5.2510868525087345e-06,5.159239473440394e-06,5.337957403904333e-06,1449,1449,1449,1449,,5000,5000,1.0,3021694564,20260901
B3_spatial_feature,0.25,per_class,all,micro,cg_iterations,5.0,5.0,5.0,1449,1449,1449,1449,,5000,5000,1.0,3021694564,20260901
B3_spatial_feature,0.25,per_class,all,micro,solve_runtime_ms_per_map,0.0032843535205540875,0.00327123330048568,0.0032996644794708644,1449,1449,1449,1449,,5000,5000,1.0,3021694564,20260901
B3_spatial_feature,0.25,per_class,all,micro,fidelity,0.013440383521080264,0.013226730772004874,0.013668067706700638,1449,1449,1449,1449,,5000,5000,1.0,3021694564,20260901
B3_spatial_feature,0.25,per_class,all,micro,relative_l2_change,0.013440383521080264,0.013226730772004874,0.013668067706700638,1449,1449,1449,1449,,5000,5000,1.0,3021694564,20260901
B3_spatial_feature,0.25,per_class,all,micro,map_pearson,0.9981349430633792,0.9981053243800638,0.9981643824586792,1449,1449,1449,1449,,5000,5000,1.0,3021694564,20260901
B3_spatial_feature,0.25,per_class,all,micro,map_spearman,0.9970342415706959,0.9969609416944147,0.9971038503090294,1449,1449,1449,1449,,5000,5000,1.0,3021694564,20260901
B3_spatial_feature,0.25,per_class,all,micro,energy_raw,0.006759637093918335,0.006281849364638411,0.00728001882940122,1449,1449,1449,1449,,5000,5000,1.0,3021694564,20260901
B3_spatial_feature,0.25,per_class,all,micro,energy_smoothed,0.005018412011091934,0.004619898388881395,0.005448625329118659,1449,1449,1449,1449,,5000,5000,1.0,3021694564,20260901
B3_spatial_feature,0.25,per_class,all,micro,energy_retention,0.7049619504465903,0.7029109909760286,0.7070976376081023,1449,1449,1449,1449,,5000,5000,1.0,3021694564,20260901
B3_spatial_feature,0.25,per_class,all,micro,smoothed_std_over_raw,0.9579928439596425,0.9574906101580156,0.9585051415509978,1449,1449,1449,1449,,5000,5000,1.0,3021694564,20260901
B3_spatial_feature,0.25,per_class,all,micro,linear_solve_relative_residual,4.943778602713499e-06,4.872325853501504e-06,5.0155424230248095e-06,1449,1449,1449,1449,,5000,5000,1.0,3021694564,20260901
B3_spatial_feature,0.25,per_class,all,micro,cg_iterations,5.0,5.0,5.0,1449,1449,1449,1449,,5000,5000,1.0,3021694564,20260901
B3_spatial_feature,0.25,per_class,all,micro,solve_runtime_ms_per_map,0.0032843535205540875,0.00327123330048568,0.0032996644794708644,1449,1449,1449,1449,,5000,5000,1.0,3021694564,20260901
B3_spatial_feature,0.25,per_class,all,micro,fidelity,0.013625683134397283,0.013421737872918308,0.013832932678960762,1449,1449,1449,1449,,5000,5000,1.0,3021694564,20260901
B3_spatial_feature,0.25,per_class,all,micro,relative_l2_change,0.013625683134397283,0.013421737872918308,0.013832932678960762,1449,1449,1449,1449,,5000,5000,1.0,3021694564,20260901
B3_spatial_feature,0.25,per_class,all,micro,map_pearson,0.9981964050366025,0.9981659762638448,0.9982265991536068,1449,1449,1449,1449,,5000,5000,1.0,3021694564,20260901
B3_spatial_feature,0.25,per_class,all,micro,map_spearman,0.9970318040327831,0.9969599366434859,0.9971012829150554,1449,1449,1449,1449,,5000,5000,1.0,3021694564,20260901
B3_spatial_feature,0.25,per_class,all,micro,energy_raw,0.007051680254890713,0.006605366495020304,0.0075118325845279915,1449,1449,1449,1449,,5000,5000,1.0,3021694564,20260901
B3_spatial_feature,0.25,per_class,all,micro,energy_smoothed,0.005289415538849616,0.004903608220067403,0.00568796341048399,1449,1449,1449,1449,,5000,5000,1.0,3021694564,20260901
B3_spatial_feature,0.25,per_class,all,micro,energy_retention,0.7083709452627773,0.7061674766515024,0.7106265467033047,1449,1449,1449,1449,,5000,5000,1.0,3021694564,20260901
B3_spatial_feature,0.25,per_class,all,micro,smoothed_std_over_raw,0.9581256357861684,0.9575553460181623,0.95870517431723,1449,1449,1449,1449,,5000,5000,1.0,3021694564,20260901
B3_spatial_feature,0.25,per_class,all,micro,linear_solve_relative_residual,4.930695358979498e-06,4.848164910344755e-06,5.012831581702485e-06,1449,1449,1449,1449,,5000,5000,1.0,3021694564,20260901
B3_spatial_feature,0.25,per_class,all,micro,cg_iterations,5.0,5.0,5.0,1449,1449,1449,1449,,5000,5000,1.0,3021694564,20260901
B3_spatial_feature,0.25,per_class,all,micro,solve_runtime_ms_per_map,0.0032843535205540875,0.00327123330048568,0.0032996644794708644,1449,1449,1449,1449,,5000,5000,1.0,3021694564,20260901
B3_spatial_feature,0.25,per_class,all,micro,fidelity,0.02084135843776398,0.020295194196489074,0.021393099800041466,1449,1449,1449,1449,,5000,5000,1.0,3021694564,20260901
B3_spatial_feature,0.25,per_class,all,micro,relative_l2_change,0.02084135843776398,0.020295194196489074,0.021393099800041466,1449,1449,1449,1449,,5000,5000,1.0,3021694564,20260901
B3_spatial_feature,0.25,per_class,all,micro,map_pearson,0.9984028300307717,0.9983594475078781,0.9984453248362692,1449,1449,1449,1449,,5000,5000,1.0,3021694564,20260901
B3_spatial_feature,0.25,per_class,all,micro,map_spearman,0.9975913686123776,0.9975258270632077,0.9976563357130424,1449,1449,1449,1449,,5000,5000,1.0,3021694564,20260901
B3_spatial_feature,0.25,per_class,all,micro,energy_raw,0.02202026813732572,0.020538183264420678,0.023533143153987125,1449,1449,1449,1449,,5000,5000,1.0,3021694564,20260901
B3_spatial_feature,0.25,per_class,all,micro,energy_smoothed,0.017598402450212103,0.016369184348849132,0.01883890810785142,1449,1449,1449,1449,,5000,5000,1.0,3021694564,20260901
B3_spatial_feature,0.25,per_class,all,micro,energy_retention,0.7532882125234505,0.7499230963853493,0.7567132416194764,1449,1449,1449,1449,,5000,5000,1.0,3021694564,20260901
B3_spatial_feature,0.25,per_class,all,micro,smoothed_std_over_raw,0.9643085215567226,0.9635218027123013,0.9651171176329904,1449,1449,1449,1449,,5000,5000,1.0,3021694564,20260901
B3_spatial_feature,0.25,per_class,all,micro,linear_solve_relative_residual,3.921838943790802e-06,3.7815772034452136e-06,4.064972270860214e-06,1449,1449,1449,1449,,5000,5000,1.0,3021694564,20260901
B3_spatial_feature,0.25,per_class,all,micro,cg_iterations,5.0,5.0,5.0,1449,1449,1449,1449,,5000,5000,1.0,3021694564,20260901
B3_spatial_feature,0.25,per_class,all,micro,solve_runtime_ms_per_map,0.0032843535205540875,0.00327123330048568,0.0032996644794708644,1449,1449,1449,1449,,5000,5000,1.0,3021694564,20260901
B3_spatial_feature,0.25,per_class,all,micro,fidelity,0.017074540191252246,0.016746795724748312,0.017422249171339114,1449,1449,1449,1449,,5000,5000,1.0,3021694564,20260901
B3_spatial_feature,0.25,per_class,all,micro,relative_l2_change,0.017074540191252246,0.016746795724748312,0.017422249171339114,1449,1449,1449,1449,,5000,5000,1.0,3021694564,20260901
B3_spatial_feature,0.25,per_class,all,micro,map_pearson,0.9977661827829807,0.9977206601653945,0.9978089550596175,1449,1449,1449,1449,,5000,5000,1.0,3021694564,20260901
B3_spatial_feature,0.25,per_class,all,micro,map_spearman,0.9964513516245093,0.9963554951900281,0.9965443626961435,1449,1449,1449,1449,,5000,5000,1.0,3021694564,20260901
B3_spatial_feature,0.25,per_class,all,micro,energy_raw,0.011407561864532926,0.010640657072233807,0.012260319650178972,1449,1449,1449,1449,,5000,5000,1.0,3021694564,20260901
B3_spatial_feature,0.25,per_class,all,micro,energy_smoothed,0.008524681778439546,0.00788048928658323,0.00923265836125002,1449,1449,1449,1449,,5000,5000,1.0,3021694564,20260901
B3_spatial_feature,0.25,per_class,all,micro,energy_retention,0.7047022358148652,0.7024612764188386,0.7069672485552548,1449,1449,1449,1449,,5000,5000,1.0,3021694564,20260901
B3_spatial_feature,0.25,per_class,all,micro,smoothed_std_over_raw,0.9570925067917407,0.9564161261817437,0.957749250532225,1449,1449,1449,1449,,5000,5000,1.0,3021694564,20260901
B3_spatial_feature,0.25,per_class,all,micro,linear_solve_relative_residual,5.1766831266886e-06,5.062671881137437e-06,5.28823831860364e-06,1449,1449,1449,1449,,5000,5000,1.0,3021694564,20260901
B3_spatial_feature,0.25,per_class,all,micro,cg_iterations,5.0,5.0,5.0,1449,1449,1449,1449,,5000,5000,1.0,3021694564,20260901
B3_spatial_feature,0.25,per_class,all,micro,solve_runtime_ms_per_map,0.0032843535205540875,0.00327123330048568,0.0032996644794708644,1449,1449,1449,1449,,5000,5000,1.0,3021694564,20260901
B3_spatial_feature,0.25,per_class,all,micro,fidelity,0.012523493331678988,0.012368347790006104,0.012690943109788761,1449,1449,1449,1449,,5000,5000,1.0,3021694564,20260901
B3_spatial_feature,0.25,per_class,all,micro,relative_l2_change,0.012523493331678988,0.012368347790006104,0.012690943109788761,1449,1449,1449,1449,,5000,5000,1.0,3021694564,20260901
B3_spatial_feature,0.25,per_class,all,micro,map_pearson,0.9981861317297605,0.9981544638591194,0.9982158380923722,1449,1449,1449,1449,,5000,5000,1.0,3021694564,20260901
B3_spatial_feature,0.25,per_class,all,micro,map_spearman,0.9971458174756184,0.9970734793741675,0.997213151980014,1449,1449,1449,1449,,5000,5000,1.0,3021694564,20260901
B3_spatial_feature,0.25,per_class,all,micro,energy_raw,0.005495244372244654,0.0051814669165100675,0.005850302766772499,1449,1449,1449,1449,,5000,5000,1.0,3021694564,20260901
B3_spatial_feature,0.25,per_class,all,micro,energy_smoothed,0.004020442989567427,0.0037541666528997557,0.004320394105519061,1449,1449,1449,1449,,5000,5000,1.0,3021694564,20260901
B3_spatial_feature,0.25,per_class,all,micro,energy_retention,0.7074987509482642,0.7055205994953445,0.7093224972455645,1449,1449,1449,1449,,5000,5000,1.0,3021694564,20260901
B3_spatial_feature,0.25,per_class,all,micro,smoothed_std_over_raw,0.9593218943018021,0.9588344896164658,0.9598028772067744,1449,1449,1449,1449,,5000,5000,1.0,3021694564,20260901
B3_spatial_feature,0.25,per_class,all,micro,linear_solve_relative_residual,4.9251853737084466e-06,4.86120646309799e-06,4.987522309857589e-06,1449,1449,1449,1449,,5000,5000,1.0,3021694564,20260901
B3_spatial_feature,0.25,per_class,all,micro,cg_iterations,5.0,5.0,5.0,1449,1449,1449,1449,,5000,5000,1.0,3021694564,20260901
B3_spatial_feature,0.25,per_class,all,micro,solve_runtime_ms_per_map,0.0032843535205540875,0.00327123330048568,0.0032996644794708644,1449,1449,1449,1449,,5000,5000,1.0,3021694564,20260901
B3_spatial_feature,0.25,per_class,all,micro,fidelity,0.01491890932266839,0.014551049300994573,0.015323943997350225,1449,1449,1449,1449,,5000,5000,1.0,3021694564,20260901
B3_spatial_feature,0.25,per_class,all,micro,relative_l2_change,0.01491890932266839,0.014551049300994573,0.015323943997350225,1449,1449,1449,1449,,5000,5000,1.0,3021694564,20260901
B3_spatial_feature,0.25,per_class,all,micro,map_pearson,0.9982853256232825,0.998254008054363,0.9983156543268756,1449,1449,1449,1449,,5000,5000,1.0,3021694564,20260901
B3_spatial_feature,0.25,per_class,all,micro,map_spearman,0.9971367298857436,0.9970570212946093,0.9972145993599323,1449,1449,1449,1449,,5000,5000,1.0,3021694564,20260901
B3_spatial_feature,0.25,per_class,all,micro,energy_raw,0.010996003196962959,0.010004006468891706,0.012114521464571313,1449,1449,1449,1449,,5000,5000,1.0,3021694564,20260901
B3_spatial_feature,0.25,per_class,all,micro,energy_smoothed,0.008698030948906295,0.007843742214048955,0.00965821609883042,1449,1449,1449,1449,,5000,5000,1.0,3021694564,20260901
B3_spatial_feature,0.25,per_class,all,micro,energy_retention,0.7183122481865419,0.7156209219079991,0.7211275934350335,1449,1449,1449,1449,,5000,5000,1.0,3021694564,20260901
B3_spatial_feature,0.25,per_class,all,micro,smoothed_std_over_raw,0.9600768768433623,0.9595099755726739,0.9606546517566946,1449,1449,1449,1449,,5000,5000,1.0,3021694564,20260901
B3_spatial_feature,0.25,per_class,all,micro,linear_solve_relative_residual,4.613338501697483e-06,4.519935660404051e-06,4.707124967488346e-06,1449,1449,1449,1449,,5000,5000,1.0,3021694564,20260901
B3_spatial_feature,0.25,per_class,all,micro,cg_iterations,5.0,5.0,5.0,1449,1449,1449,1449,,5000,5000,1.0,3021694564,20260901
B3_spatial_feature,0.25,per_class,all,micro,solve_runtime_ms_per_map,0.0032843535205540875,0.00327123330048568,0.0032996644794708644,1449,1449,1449,1449,,5000,5000,1.0,3021694564,20260901
B3_spatial_feature,0.25,per_class,all,micro,fidelity,0.01202079852023583,0.011835345775184651,0.012216073053367076,1449,1449,1449,1449,,5000,5000,1.0,3021694564,20260901
B3_spatial_feature,0.25,per_class,all,micro,relative_l2_change,0.01202079852023583,0.011835345775184651,0.012216073053367076,1449,1449,1449,1449,,5000,5000,1.0,3021694564,20260901
B3_spatial_feature,0.25,per_class,all,micro,map_pearson,0.9983967778351983,0.9983743542336118,0.9984173681579268,1449,1449,1449,1449,,5000,5000,1.0,3021694564,20260901
B3_spatial_feature,0.25,per_class,all,micro,map_spearman,0.9974530045536981,0.9973956970684359,0.9975093233227482,1449,1449,1449,1449,,5000,5000,1.0,3021694564,20260901
B3_spatial_feature,0.25,per_class,all,micro,energy_raw,0.005420181187229029,0.0050339348311989945,0.0058434830682071465,1449,1449,1449,1449,,5000,5000,1.0,3021694564,20260901
B3_spatial_feature,0.25,per_class,all,micro,energy_smoothed,0.004033142635794813,0.003704878187851159,0.004389833331134928,1449,1449,1449,1449,,5000,5000,1.0,3021694564,20260901
B3_spatial_feature,0.25,per_class,all,micro,energy_retention,0.7131809317053722,0.7114721866734608,0.7148290938832087,1449,1449,1449,1449,,5000,5000,1.0,3021694564,20260901
B3_spatial_feature,0.25,per_class,all,micro,smoothed_std_over_raw,0.9603368269319449,0.9598719163906418,0.9607907134779903,1449,1449,1449,1449,,5000,5000,1.0,3021694564,20260901
B3_spatial_feature,0.25,per_class,all,micro,linear_solve_relative_residual,4.793806751494249e-06,4.7291543044023625e-06,4.858641857888617e-06,1449,1449,1449,1449,,5000,5000,1.0,3021694564,20260901
B3_spatial_feature,0.25,per_class,all,micro,cg_iterations,5.0,5.0,5.0,1449,1449,1449,1449,,5000,5000,1.0,3021694564,20260901
B3_spatial_feature,0.25,per_class,all,micro,solve_runtime_ms_per_map,0.0032843535205540875,0.00327123330048568,0.0032996644794708644,1449,1449,1449,1449,,5000,5000,1.0,3021694564,20260901
B3_spatial_feature,0.25,per_class,all,micro,fidelity,0.014464458602360399,0.014214653305415633,0.014737382602252535,1449,1449,1449,1449,,5000,5000,1.0,3021694564,20260901
B3_spatial_feature,0.25,per_class,all,micro,relative_l2_change,0.014464458602360399,0.014214653305415633,0.014737382602252535,1449,1449,1449,1449,,5000,5000,1.0,3021694564,20260901
B3_spatial_feature,0.25,per_class,all,micro,map_pearson,0.9981360567529256,0.9981051926173944,0.9981673146750369,1449,1449,1449,1449,,5000,5000,1.0,3021694564,20260901
B3_spatial_feature,0.25,per_class,all,micro,map_spearman,0.996899019898506,0.9968119301112707,0.9969816994541592,1449,1449,1449,1449,,5000,5000,1.0,3021694564,20260901
B3_spatial_feature,0.25,per_class,all,micro,energy_raw,0.008142836995775058,0.007577587089964411,0.008753248667334006,1449,1449,1449,1449,,5000,5000,1.0,3021694564,20260901
B3_spatial_feature,0.25,per_class,all,micro,energy_smoothed,0.006095948274613064,0.005621535569738553,0.0066086089844462565,1449,1449,1449,1449,,5000,5000,1.0,3021694564,20260901
B3_spatial_feature,0.25,per_class,all,micro,energy_retention,0.7102061794740402,0.7080925304728019,0.7123205088536603,1449,1449,1449,1449,,5000,5000,1.0,3021694564,20260901
B3_spatial_feature,0.25,per_class,all,micro,smoothed_std_over_raw,0.9601413356673726,0.9596212372296922,0.9606637149236793,1449,1449,1449,1449,,5000,5000,1.0,3021694564,20260901
B3_spatial_feature,0.25,per_class,all,micro,linear_solve_relative_residual,5.108087468202804e-06,5.015224592425059e-06,5.200237647645169e-06,1449,1449,1449,1449,,5000,5000,1.0,3021694564,20260901
B3_spatial_feature,0.25,per_class,all,micro,cg_iterations,5.0,5.0,5.0,1449,1449,1449,1449,,5000,5000,1.0,3021694564,20260901
B3_spatial_feature,0.25,per_class,all,micro,solve_runtime_ms_per_map,0.0032843535205540875,0.00327123330048568,0.0032996644794708644,1449,1449,1449,1449,,5000,5000,1.0,3021694564,20260901
B3_spatial_feature,0.5,all_class_maps,all,micro,fidelity,0.02431895882633609,0.02411106669649789,0.02454222975050506,1449,1449,28980,28980,,5000,5000,1.0,3021694564,20260901
B3_spatial_feature,0.5,all_class_maps,all,micro,relative_l2_change,0.02431895882633609,0.02411106669649789,0.02454222975050506,1449,1449,28980,28980,,5000,5000,1.0,3021694564,20260901
B3_spatial_feature,0.5,all_class_maps,all,micro,map_pearson,0.9946308583576486,0.9945641351551887,0.9946945994526271,1449,1449,28980,28980,,5000,5000,1.0,3021694564,20260901
B3_spatial_feature,0.5,all_class_maps,all,micro,map_spearman,0.9918839469665162,0.9917589304397709,0.9920049364530604,1449,1449,28980,28980,,5000,5000,1.0,3021694564,20260901
B3_spatial_feature,0.5,all_class_maps,all,micro,energy_raw,0.008761968170279017,0.008541722966292808,0.008999939468717221,1449,1449,28980,28980,,5000,5000,1.0,3021694564,20260901
B3_spatial_feature,0.5,all_class_maps,all,micro,energy_smoothed,0.00546462549972809,0.005307421093688462,0.005630594721707902,1449,1449,28980,28980,,5000,5000,1.0,3021694564,20260901
B3_spatial_feature,0.5,all_class_maps,all,micro,energy_retention,0.5519394632040673,0.5504378080767823,0.553415786328811,1449,1449,28980,28980,,5000,5000,1.0,3021694564,20260901
B3_spatial_feature,0.5,all_class_maps,all,micro,smoothed_std_over_raw,0.931051117751498,0.9306158568980037,0.9314836668362487,1449,1449,28980,28980,,5000,5000,1.0,3021694564,20260901
B3_spatial_feature,0.5,all_class_maps,all,micro,linear_solve_relative_residual,5.587709598162489e-06,5.548621477596103e-06,5.625897989064466e-06,1449,1449,28980,28980,,5000,5000,1.0,3021694564,20260901
B3_spatial_feature,0.5,all_class_maps,all,micro,cg_iterations,6.0,6.0,6.0,1449,1449,28980,28980,,5000,5000,1.0,3021694564,20260901
B3_spatial_feature,0.5,all_class_maps,all,micro,solve_runtime_ms_per_map,0.0036278425033279453,0.0036105242743707886,0.0036477226725367814,1449,1449,28980,28980,,5000,5000,1.0,3021694564,20260901
B3_spatial_feature,0.5,all_class_maps,all,macro_class,fidelity,0.024318958826336095,0.02411106669649789,0.02454222975050506,1449,1449,28980,28980,20,5000,5000,1.0,3021694564,20260901
B3_spatial_feature,0.5,all_class_maps,all,macro_class,relative_l2_change,0.024318958826336095,0.02411106669649789,0.02454222975050506,1449,1449,28980,28980,20,5000,5000,1.0,3021694564,20260901
B3_spatial_feature,0.5,all_class_maps,all,macro_class,map_pearson,0.9946308583576489,0.9945641351551887,0.9946945994526271,1449,1449,28980,28980,20,5000,5000,1.0,3021694564,20260901
B3_spatial_feature,0.5,all_class_maps,all,macro_class,map_spearman,0.9918839469665162,0.991758930439771,0.9920049364530602,1449,1449,28980,28980,20,5000,5000,1.0,3021694564,20260901
B3_spatial_feature,0.5,all_class_maps,all,macro_class,energy_raw,0.008761968170279019,0.008541722966292806,0.008999939468717223,1449,1449,28980,28980,20,5000,5000,1.0,3021694564,20260901
B3_spatial_feature,0.5,all_class_maps,all,macro_class,energy_smoothed,0.00546462549972809,0.005307421093688461,0.005630594721707902,1449,1449,28980,28980,20,5000,5000,1.0,3021694564,20260901
B3_spatial_feature,0.5,all_class_maps,all,macro_class,energy_retention,0.5519394632040673,0.5504378080767823,0.5534157863288109,1449,1449,28980,28980,20,5000,5000,1.0,3021694564,20260901
B3_spatial_feature,0.5,all_class_maps,all,macro_class,smoothed_std_over_raw,0.9310511177514982,0.9306158568980037,0.9314836668362486,1449,1449,28980,28980,20,5000,5000,1.0,3021694564,20260901
B3_spatial_feature,0.5,all_class_maps,all,macro_class,linear_solve_relative_residual,5.587709598162489e-06,5.548621477596102e-06,5.625897989064467e-06,1449,1449,28980,28980,20,5000,5000,1.0,3021694564,20260901
B3_spatial_feature,0.5,all_class_maps,all,macro_class,cg_iterations,6.0,6.0,6.0,1449,1449,28980,28980,20,5000,5000,1.0,3021694564,20260901
B3_spatial_feature,0.5,all_class_maps,all,macro_class,solve_runtime_ms_per_map,0.0036278425033279458,0.003610524274370789,0.0036477226725367805,1449,1449,28980,28980,20,5000,5000,1.0,3021694564,20260901
B3_spatial_feature,0.5,all_class_maps,single_label,micro,fidelity,0.022719653951257322,0.022479903164441258,0.02295888164709473,927,927,18540,18540,,5000,5000,1.0,3021694564,20260901
B3_spatial_feature,0.5,all_class_maps,single_label,micro,relative_l2_change,0.022719653951257322,0.022479903164441258,0.02295888164709473,927,927,18540,18540,,5000,5000,1.0,3021694564,20260901
B3_spatial_feature,0.5,all_class_maps,single_label,micro,map_pearson,0.9945731179838941,0.9944863355129219,0.9946585387295311,927,927,18540,18540,,5000,5000,1.0,3021694564,20260901
B3_spatial_feature,0.5,all_class_maps,single_label,micro,map_spearman,0.9913796651003302,0.9912008853382084,0.9915484425413473,927,927,18540,18540,,5000,5000,1.0,3021694564,20260901
B3_spatial_feature,0.5,all_class_maps,single_label,micro,energy_raw,0.00699637461628362,0.006780651942556804,0.007211999195736686,927,927,18540,18540,,5000,5000,1.0,3021694564,20260901
B3_spatial_feature,0.5,all_class_maps,single_label,micro,energy_smoothed,0.004164513722560047,0.0040171270678118105,0.004313118313130256,927,927,18540,18540,,5000,5000,1.0,3021694564,20260901
B3_spatial_feature,0.5,all_class_maps,single_label,micro,energy_retention,0.5424486891351471,0.5407194748196947,0.5441999809674621,927,927,18540,18540,,5000,5000,1.0,3021694564,20260901
B3_spatial_feature,0.5,all_class_maps,single_label,micro,smoothed_std_over_raw,0.9291683254279236,0.92861755638744,0.9297119834005607,927,927,18540,18540,,5000,5000,1.0,3021694564,20260901
B3_spatial_feature,0.5,all_class_maps,single_label,micro,linear_solve_relative_residual,5.7063315383655495e-06,5.66058189011273e-06,5.7519169063130135e-06,927,927,18540,18540,,5000,5000,1.0,3021694564,20260901
B3_spatial_feature,0.5,all_class_maps,single_label,micro,cg_iterations,6.0,6.0,6.0,927,927,18540,18540,,5000,5000,1.0,3021694564,20260901
B3_spatial_feature,0.5,all_class_maps,single_label,micro,solve_runtime_ms_per_map,0.0036292992502762215,0.003607779278632302,0.0036555254420452678,927,927,18540,18540,,5000,5000,1.0,3021694564,20260901
B3_spatial_feature,0.5,all_class_maps,single_label,macro_class,fidelity,0.022719653951257322,0.022479903164441258,0.02295888164709473,927,927,18540,18540,20,5000,5000,1.0,3021694564,20260901
B3_spatial_feature,0.5,all_class_maps,single_label,macro_class,relative_l2_change,0.022719653951257322,0.022479903164441258,0.02295888164709473,927,927,18540,18540,20,5000,5000,1.0,3021694564,20260901
B3_spatial_feature,0.5,all_class_maps,single_label,macro_class,map_pearson,0.9945731179838943,0.9944863355129219,0.9946585387295314,927,927,18540,18540,20,5000,5000,1.0,3021694564,20260901
B3_spatial_feature,0.5,all_class_maps,single_label,macro_class,map_spearman,0.9913796651003303,0.9912008853382085,0.9915484425413477,927,927,18540,18540,20,5000,5000,1.0,3021694564,20260901
B3_spatial_feature,0.5,all_class_maps,single_label,macro_class,energy_raw,0.006996374616283618,0.006780651942556804,0.007211999195736687,927,927,18540,18540,20,5000,5000,1.0,3021694564,20260901
B3_spatial_feature,0.5,all_class_maps,single_label,macro_class,energy_smoothed,0.004164513722560046,0.004017127067811811,0.004313118313130256,927,927,18540,18540,20,5000,5000,1.0,3021694564,20260901
B3_spatial_feature,0.5,all_class_maps,single_label,macro_class,energy_retention,0.5424486891351471,0.5407194748196947,0.5441999809674622,927,927,18540,18540,20,5000,5000,1.0,3021694564,20260901
B3_spatial_feature,0.5,all_class_maps,single_label,macro_class,smoothed_std_over_raw,0.9291683254279238,0.92861755638744,0.9297119834005607,927,927,18540,18540,20,5000,5000,1.0,3021694564,20260901
B3_spatial_feature,0.5,all_class_maps,single_label,macro_class,linear_solve_relative_residual,5.706331538365552e-06,5.66058189011273e-06,5.751916906313014e-06,927,927,18540,18540,20,5000,5000,1.0,3021694564,20260901
B3_spatial_feature,0.5,all_class_maps,single_label,macro_class,cg_iterations,6.0,6.0,6.0,927,927,18540,18540,20,5000,5000,1.0,3021694564,20260901
B3_spatial_feature,0.5,all_class_maps,single_label,macro_class,solve_runtime_ms_per_map,0.00362929925027622,0.0036077792786323,0.0036555254420452695,927,927,18540,18540,20,5000,5000,1.0,3021694564,20260901
B3_spatial_feature,0.5,all_class_maps,exactly_2_labels,micro,fidelity,0.026423113338897627,0.026116650734907015,0.026736064757130418,375,375,7500,7500,,5000,5000,1.0,3021694564,20260901
B3_spatial_feature,0.5,all_class_maps,exactly_2_labels,micro,relative_l2_change,0.026423113338897627,0.026116650734907015,0.026736064757130418,375,375,7500,7500,,5000,5000,1.0,3021694564,20260901
B3_spatial_feature,0.5,all_class_maps,exactly_2_labels,micro,map_pearson,0.9946690922657648,0.994538232199351,0.994792259791096,375,375,7500,7500,,5000,5000,1.0,3021694564,20260901
B3_spatial_feature,0.5,all_class_maps,exactly_2_labels,micro,map_spearman,0.9926872626781463,0.9925116236895323,0.9928549042242766,375,375,7500,7500,,5000,5000,1.0,3021694564,20260901
B3_spatial_feature,0.5,all_class_maps,exactly_2_labels,micro,energy_raw,0.010898557301983237,0.010527640851814455,0.011293764832814534,375,375,7500,7500,,5000,5000,1.0,3021694564,20260901
B3_spatial_feature,0.5,all_class_maps,exactly_2_labels,micro,energy_smoothed,0.0070150122616129615,0.006744875032696873,0.007299542945505819,375,375,7500,7500,,5000,5000,1.0,3021694564,20260901
B3_spatial_feature,0.5,all_class_maps,exactly_2_labels,micro,energy_retention,0.5649182984670004,0.5624060186464588,0.5673898284811775,375,375,7500,7500,,5000,5000,1.0,3021694564,20260901
B3_spatial_feature,0.5,all_class_maps,exactly_2_labels,micro,smoothed_std_over_raw,0.9338310840765636,0.9330146057236195,0.9346411571085453,375,375,7500,7500,,5000,5000,1.0,3021694564,20260901
B3_spatial_feature,0.5,all_class_maps,exactly_2_labels,micro,linear_solve_relative_residual,5.4335879618671845e-06,5.350045358009462e-06,5.513761751233991e-06,375,375,7500,7500,,5000,5000,1.0,3021694564,20260901
B3_spatial_feature,0.5,all_class_maps,exactly_2_labels,micro,cg_iterations,6.0,6.0,6.0,375,375,7500,7500,,5000,5000,1.0,3021694564,20260901
B3_spatial_feature,0.5,all_class_maps,exactly_2_labels,micro,solve_runtime_ms_per_map,0.0036253589145080357,0.003597211178979099,0.0036655398332287505,375,375,7500,7500,,5000,5000,1.0,3021694564,20260901
B3_spatial_feature,0.5,all_class_maps,exactly_2_labels,macro_class,fidelity,0.02642311333889763,0.02611665073490702,0.02673606475713042,375,375,7500,7500,20,5000,5000,1.0,3021694564,20260901
B3_spatial_feature,0.5,all_class_maps,exactly_2_labels,macro_class,relative_l2_change,0.02642311333889763,0.02611665073490702,0.02673606475713042,375,375,7500,7500,20,5000,5000,1.0,3021694564,20260901
B3_spatial_feature,0.5,all_class_maps,exactly_2_labels,macro_class,map_pearson,0.994669092265765,0.994538232199351,0.9947922597910959,375,375,7500,7500,20,5000,5000,1.0,3021694564,20260901
B3_spatial_feature,0.5,all_class_maps,exactly_2_labels,macro_class,map_spearman,0.9926872626781462,0.9925116236895322,0.9928549042242766,375,375,7500,7500,20,5000,5000,1.0,3021694564,20260901
B3_spatial_feature,0.5,all_class_maps,exactly_2_labels,macro_class,energy_raw,0.010898557301983237,0.010527640851814452,0.011293764832814536,375,375,7500,7500,20,5000,5000,1.0,3021694564,20260901
B3_spatial_feature,0.5,all_class_maps,exactly_2_labels,macro_class,energy_smoothed,0.0070150122616129615,0.006744875032696873,0.007299542945505817,375,375,7500,7500,20,5000,5000,1.0,3021694564,20260901
B3_spatial_feature,0.5,all_class_maps,exactly_2_labels,macro_class,energy_retention,0.5649182984670005,0.5624060186464588,0.5673898284811775,375,375,7500,7500,20,5000,5000,1.0,3021694564,20260901
B3_spatial_feature,0.5,all_class_maps,exactly_2_labels,macro_class,smoothed_std_over_raw,0.9338310840765633,0.9330146057236195,0.9346411571085452,375,375,7500,7500,20,5000,5000,1.0,3021694564,20260901
B3_spatial_feature,0.5,all_class_maps,exactly_2_labels,macro_class,linear_solve_relative_residual,5.4335879618671845e-06,5.350045358009462e-06,5.51376175123399e-06,375,375,7500,7500,20,5000,5000,1.0,3021694564,20260901
B3_spatial_feature,0.5,all_class_maps,exactly_2_labels,macro_class,cg_iterations,6.0,6.0,6.0,375,375,7500,7500,20,5000,5000,1.0,3021694564,20260901
B3_spatial_feature,0.5,all_class_maps,exactly_2_labels,macro_class,solve_runtime_ms_per_map,0.003625358914508035,0.003597211178979098,0.0036655398332287497,375,375,7500,7500,20,5000,5000,1.0,3021694564,20260901
B3_spatial_feature,0.5,all_class_maps,3plus_labels,micro,fidelity,0.02903663009835952,0.02858569451278316,0.0294910743269043,147,147,2940,2940,,5000,5000,1.0,3021694564,20260901
B3_spatial_feature,0.5,all_class_maps,3plus_labels,micro,relative_l2_change,0.02903663009835952,0.02858569451278316,0.0294910743269043,147,147,2940,2940,,5000,5000,1.0,3021694564,20260901
B3_spatial_feature,0.5,all_class_maps,3plus_labels,micro,map_pearson,0.994897440744906,0.9947541310633121,0.9950283776872417,147,147,2940,2940,,5000,5000,1.0,3021694564,20260901
B3_spatial_feature,0.5,all_class_maps,3plus_labels,micro,map_spearman,0.9930147353889179,0.9928141881981675,0.9932048378808767,147,147,2940,2940,,5000,5000,1.0,3021694564,20260901
B3_spatial_feature,0.5,all_class_maps,3plus_labels,micro,energy_raw,0.014445534838065759,0.01377103283415512,0.015114006454104852,147,147,2940,2940,,5000,5000,1.0,3021694564,20260901
B3_spatial_feature,0.5,all_class_maps,3plus_labels,micro,energy_smoothed,0.009708221293795777,0.009207803587080574,0.0102094244450227,147,147,2940,2940,,5000,5000,1.0,3021694564,20260901
B3_spatial_feature,0.5,all_class_maps,3plus_labels,micro,energy_retention,0.5786801729883466,0.575405770775919,0.5818805127639045,147,147,2940,2940,,5000,5000,1.0,3021694564,20260901
B3_spatial_feature,0.5,all_class_maps,3plus_labels,micro,smoothed_std_over_raw,0.9358324858607078,0.9344941571861708,0.9370980602173375,147,147,2940,2940,,5000,5000,1.0,3021694564,20260901
B3_spatial_feature,0.5,all_class_maps,3plus_labels,micro,linear_solve_relative_residual,5.232832557635293e-06,5.098122117964156e-06,5.359212403514372e-06,147,147,2940,2940,,5000,5000,1.0,3021694564,20260901
B3_spatial_feature,0.5,all_class_maps,3plus_labels,micro,cg_iterations,6.0,6.0,6.0,147,147,2940,2940,,5000,5000,1.0,3021694564,20260901
B3_spatial_feature,0.5,all_class_maps,3plus_labels,micro,solve_runtime_ms_per_map,0.003624991764460014,0.0035860569282487546,0.003694908455000832,147,147,2940,2940,,5000,5000,1.0,3021694564,20260901
B3_spatial_feature,0.5,all_class_maps,3plus_labels,macro_class,fidelity,0.02903663009835953,0.028585694512783165,0.029491074326904294,147,147,2940,2940,20,5000,5000,1.0,3021694564,20260901
B3_spatial_feature,0.5,all_class_maps,3plus_labels,macro_class,relative_l2_change,0.02903663009835953,0.028585694512783165,0.029491074326904294,147,147,2940,2940,20,5000,5000,1.0,3021694564,20260901
B3_spatial_feature,0.5,all_class_maps,3plus_labels,macro_class,map_pearson,0.994897440744906,0.9947541310633121,0.9950283776872418,147,147,2940,2940,20,5000,5000,1.0,3021694564,20260901
B3_spatial_feature,0.5,all_class_maps,3plus_labels,macro_class,map_spearman,0.993014735388918,0.9928141881981677,0.9932048378808768,147,147,2940,2940,20,5000,5000,1.0,3021694564,20260901
B3_spatial_feature,0.5,all_class_maps,3plus_labels,macro_class,energy_raw,0.014445534838065757,0.013771032834155124,0.015114006454104852,147,147,2940,2940,20,5000,5000,1.0,3021694564,20260901
B3_spatial_feature,0.5,all_class_maps,3plus_labels,macro_class,energy_smoothed,0.009708221293795779,0.009207803587080574,0.0102094244450227,147,147,2940,2940,20,5000,5000,1.0,3021694564,20260901
B3_spatial_feature,0.5,all_class_maps,3plus_labels,macro_class,energy_retention,0.5786801729883467,0.5754057707759189,0.5818805127639045,147,147,2940,2940,20,5000,5000,1.0,3021694564,20260901
B3_spatial_feature,0.5,all_class_maps,3plus_labels,macro_class,smoothed_std_over_raw,0.9358324858607079,0.9344941571861706,0.9370980602173377,147,147,2940,2940,20,5000,5000,1.0,3021694564,20260901
B3_spatial_feature,0.5,all_class_maps,3plus_labels,macro_class,linear_solve_relative_residual,5.232832557635293e-06,5.098122117964156e-06,5.359212403514373e-06,147,147,2940,2940,20,5000,5000,1.0,3021694564,20260901
B3_spatial_feature,0.5,all_class_maps,3plus_labels,macro_class,cg_iterations,6.0,6.0,6.0,147,147,2940,2940,20,5000,5000,1.0,3021694564,20260901
B3_spatial_feature,0.5,all_class_maps,3plus_labels,macro_class,solve_runtime_ms_per_map,0.003624991764460016,0.0035860569282487567,0.003694908455000831,147,147,2940,2940,20,5000,5000,1.0,3021694564,20260901
B3_spatial_feature,0.5,per_class,all,micro,fidelity,0.021190653423334583,0.020929303981625364,0.021472809551456612,1449,1449,1449,1449,,5000,5000,1.0,3021694564,20260901
B3_spatial_feature,0.5,per_class,all,micro,relative_l2_change,0.021190653423334583,0.020929303981625364,0.021472809551456612,1449,1449,1449,1449,,5000,5000,1.0,3021694564,20260901
B3_spatial_feature,0.5,per_class,all,micro,map_pearson,0.9946858594136209,0.9945991162835441,0.9947671837204896,1449,1449,1449,1449,,5000,5000,1.0,3021694564,20260901
B3_spatial_feature,0.5,per_class,all,micro,map_spearman,0.9923265440617042,0.9921716619043863,0.9924776330662234,1449,1449,1449,1449,,5000,5000,1.0,3021694564,20260901
B3_spatial_feature,0.5,per_class,all,micro,energy_raw,0.005584940945860088,0.005235611773196854,0.0059771386402620716,1449,1449,1449,1449,,5000,5000,1.0,3021694564,20260901
B3_spatial_feature,0.5,per_class,all,micro,energy_smoothed,0.0032620158542514496,0.0029913864496131167,0.003565559535341913,1449,1449,1449,1449,,5000,5000,1.0,3021694564,20260901
B3_spatial_feature,0.5,per_class,all,micro,energy_retention,0.542607751774574,0.5399916678255718,0.5452678604834321,1449,1449,1449,1449,,5000,5000,1.0,3021694564,20260901
B3_spatial_feature,0.5,per_class,all,micro,smoothed_std_over_raw,0.9286793266352988,0.9278629775887279,0.9295203463909049,1449,1449,1449,1449,,5000,5000,1.0,3021694564,20260901
B3_spatial_feature,0.5,per_class,all,micro,linear_solve_relative_residual,6.075303981636185e-06,5.966329806517031e-06,6.185638378795517e-06,1449,1449,1449,1449,,5000,5000,1.0,3021694564,20260901
B3_spatial_feature,0.5,per_class,all,micro,cg_iterations,6.0,6.0,6.0,1449,1449,1449,1449,,5000,5000,1.0,3021694564,20260901
B3_spatial_feature,0.5,per_class,all,micro,solve_runtime_ms_per_map,0.003627842503327946,0.003610524274370789,0.003647722672536781,1449,1449,1449,1449,,5000,5000,1.0,3021694564,20260901
B3_spatial_feature,0.5,per_class,all,micro,fidelity,0.022520899029642733,0.02208226122968914,0.02298942416502398,1449,1449,1449,1449,,5000,5000,1.0,3021694564,20260901
B3_spatial_feature,0.5,per_class,all,micro,relative_l2_change,0.022520899029642733,0.02208226122968914,0.02298942416502398,1449,1449,1449,1449,,5000,5000,1.0,3021694564,20260901
B3_spatial_feature,0.5,per_class,all,micro,map_pearson,0.9947837389198314,0.9946978056005069,0.9948651110872966,1449,1449,1449,1449,,5000,5000,1.0,3021694564,20260901
B3_spatial_feature,0.5,per_class,all,micro,map_spearman,0.9923110573023578,0.9921502610664684,0.9924678303830947,1449,1449,1449,1449,,5000,5000,1.0,3021694564,20260901
B3_spatial_feature,0.5,per_class,all,micro,energy_raw,0.00711112421101089,0.006543097257202143,0.007737061707929594,1449,1449,1449,1449,,5000,5000,1.0,3021694564,20260901
B3_spatial_feature,0.5,per_class,all,micro,energy_smoothed,0.004315553301358191,0.003893621822088726,0.004783295169059135,1449,1449,1449,1449,,5000,5000,1.0,3021694564,20260901
B3_spatial_feature,0.5,per_class,all,micro,energy_retention,0.5420060456621804,0.53914586050684,0.544924144649954,1449,1449,1449,1449,,5000,5000,1.0,3021694564,20260901
B3_spatial_feature,0.5,per_class,all,micro,smoothed_std_over_raw,0.9310396917118049,0.9301792558603981,0.9318811026933359,1449,1449,1449,1449,,5000,5000,1.0,3021694564,20260901
B3_spatial_feature,0.5,per_class,all,micro,linear_solve_relative_residual,5.738316977787717e-06,5.629451802497678e-06,5.847918443197006e-06,1449,1449,1449,1449,,5000,5000,1.0,3021694564,20260901
B3_spatial_feature,0.5,per_class,all,micro,cg_iterations,6.0,6.0,6.0,1449,1449,1449,1449,,5000,5000,1.0,3021694564,20260901
B3_spatial_feature,0.5,per_class,all,micro,solve_runtime_ms_per_map,0.003627842503327946,0.003610524274370789,0.003647722672536781,1449,1449,1449,1449,,5000,5000,1.0,3021694564,20260901
B3_spatial_feature,0.5,per_class,all,micro,fidelity,0.02167455198948983,0.02145317723427297,0.021920673334903582,1449,1449,1449,1449,,5000,5000,1.0,3021694564,20260901
B3_spatial_feature,0.5,per_class,all,micro,relative_l2_change,0.02167455198948983,0.02145317723427297,0.021920673334903582,1449,1449,1449,1449,,5000,5000,1.0,3021694564,20260901
B3_spatial_feature,0.5,per_class,all,micro,map_pearson,0.9940134086964293,0.9939239981556613,0.9941002900000685,1449,1449,1449,1449,,5000,5000,1.0,3021694564,20260901
B3_spatial_feature,0.5,per_class,all,micro,map_spearman,0.9913281038187552,0.9911377018910181,0.9915122805041146,1449,1449,1449,1449,,5000,5000,1.0,3021694564,20260901
B3_spatial_feature,0.5,per_class,all,micro,energy_raw,0.005411394378151089,0.0051918731471358144,0.005670479117280317,1449,1449,1449,1449,,5000,5000,1.0,3021694564,20260901
B3_spatial_feature,0.5,per_class,all,micro,energy_smoothed,0.0029892178904393713,0.002831097788488675,0.0031729673622982683,1449,1449,1449,1449,,5000,5000,1.0,3021694564,20260901
B3_spatial_feature,0.5,per_class,all,micro,energy_retention,0.5314720034846114,0.5293291927767138,0.5336821454333551,1449,1449,1449,1449,,5000,5000,1.0,3021694564,20260901
B3_spatial_feature,0.5,per_class,all,micro,smoothed_std_over_raw,0.927818543216621,0.9269733303884048,0.9286564996760412,1449,1449,1449,1449,,5000,5000,1.0,3021694564,20260901
B3_spatial_feature,0.5,per_class,all,micro,linear_solve_relative_residual,6.278021122177432e-06,6.171451528444122e-06,6.3829316907667485e-06,1449,1449,1449,1449,,5000,5000,1.0,3021694564,20260901
B3_spatial_feature,0.5,per_class,all,micro,cg_iterations,6.0,6.0,6.0,1449,1449,1449,1449,,5000,5000,1.0,3021694564,20260901
B3_spatial_feature,0.5,per_class,all,micro,solve_runtime_ms_per_map,0.003627842503327946,0.003610524274370789,0.003647722672536781,1449,1449,1449,1449,,5000,5000,1.0,3021694564,20260901
B3_spatial_feature,0.5,per_class,all,micro,fidelity,0.02186874329935813,0.02148142970789589,0.022281783524617228,1449,1449,1449,1449,,5000,5000,1.0,3021694564,20260901
B3_spatial_feature,0.5,per_class,all,micro,relative_l2_change,0.02186874329935813,0.02148142970789589,0.022281783524617228,1449,1449,1449,1449,,5000,5000,1.0,3021694564,20260901
B3_spatial_feature,0.5,per_class,all,micro,map_pearson,0.9948974887283198,0.9948197948646759,0.9949765104509947,1449,1449,1449,1449,,5000,5000,1.0,3021694564,20260901
B3_spatial_feature,0.5,per_class,all,micro,map_spearman,0.9927238848309751,0.9925838224769791,0.9928621596986462,1449,1449,1449,1449,,5000,5000,1.0,3021694564,20260901
B3_spatial_feature,0.5,per_class,all,micro,energy_raw,0.00650339352504946,0.00599689694471208,0.007076558137556449,1449,1449,1449,1449,,5000,5000,1.0,3021694564,20260901
B3_spatial_feature,0.5,per_class,all,micro,energy_smoothed,0.003929620075137261,0.0035450458959452977,0.004367817848602026,1449,1449,1449,1449,,5000,5000,1.0,3021694564,20260901
B3_spatial_feature,0.5,per_class,all,micro,energy_retention,0.5502659095781601,0.5476320996258364,0.5530056923638137,1449,1449,1449,1449,,5000,5000,1.0,3021694564,20260901
B3_spatial_feature,0.5,per_class,all,micro,smoothed_std_over_raw,0.9305587346756187,0.9297339743770674,0.9314060713779606,1449,1449,1449,1449,,5000,5000,1.0,3021694564,20260901
B3_spatial_feature,0.5,per_class,all,micro,linear_solve_relative_residual,5.915970215163787e-06,5.800701206479566e-06,6.027954359422696e-06,1449,1449,1449,1449,,5000,5000,1.0,3021694564,20260901
B3_spatial_feature,0.5,per_class,all,micro,cg_iterations,6.0,6.0,6.0,1449,1449,1449,1449,,5000,5000,1.0,3021694564,20260901
B3_spatial_feature,0.5,per_class,all,micro,solve_runtime_ms_per_map,0.003627842503327946,0.003610524274370789,0.003647722672536781,1449,1449,1449,1449,,5000,5000,1.0,3021694564,20260901
B3_spatial_feature,0.5,per_class,all,micro,fidelity,0.026143510813077333,0.025562844707536093,0.026729746897055096,1449,1449,1449,1449,,5000,5000,1.0,3021694564,20260901
B3_spatial_feature,0.5,per_class,all,micro,relative_l2_change,0.026143510813077333,0.025562844707536093,0.026729746897055096,1449,1449,1449,1449,,5000,5000,1.0,3021694564,20260901
B3_spatial_feature,0.5,per_class,all,micro,map_pearson,0.9942695127428607,0.9941498467476306,0.9943870109842101,1449,1449,1449,1449,,5000,5000,1.0,3021694564,20260901
B3_spatial_feature,0.5,per_class,all,micro,map_spearman,0.9909634864930863,0.9906933244669989,0.9912153728475975,1449,1449,1449,1449,,5000,5000,1.0,3021694564,20260901
B3_spatial_feature,0.5,per_class,all,micro,energy_raw,0.010192204752372638,0.00940900484687765,0.011011853013900279,1449,1449,1449,1449,,5000,5000,1.0,3021694564,20260901
B3_spatial_feature,0.5,per_class,all,micro,energy_smoothed,0.00640131928620563,0.00579603529500928,0.007022527717924394,1449,1449,1449,1449,,5000,5000,1.0,3021694564,20260901
B3_spatial_feature,0.5,per_class,all,micro,energy_retention,0.5511901340170348,0.547606530529495,0.5547689643757273,1449,1449,1449,1449,,5000,5000,1.0,3021694564,20260901
B3_spatial_feature,0.5,per_class,all,micro,smoothed_std_over_raw,0.9318917007837895,0.9309413742729102,0.9328925172426192,1449,1449,1449,1449,,5000,5000,1.0,3021694564,20260901
B3_spatial_feature,0.5,per_class,all,micro,linear_solve_relative_residual,5.034078085931667e-06,4.904261805343773e-06,5.1607771058405735e-06,1449,1449,1449,1449,,5000,5000,1.0,3021694564,20260901
B3_spatial_feature,0.5,per_class,all,micro,cg_iterations,6.0,6.0,6.0,1449,1449,1449,1449,,5000,5000,1.0,3021694564,20260901
B3_spatial_feature,0.5,per_class,all,micro,solve_runtime_ms_per_map,0.003627842503327946,0.003610524274370789,0.003647722672536781,1449,1449,1449,1449,,5000,5000,1.0,3021694564,20260901
B3_spatial_feature,0.5,per_class,all,micro,fidelity,0.02281063191176201,0.022470796602990884,0.02317024314995557,1449,1449,1449,1449,,5000,5000,1.0,3021694564,20260901
B3_spatial_feature,0.5,per_class,all,micro,relative_l2_change,0.02281063191176201,0.022470796602990884,0.02317024314995557,1449,1449,1449,1449,,5000,5000,1.0,3021694564,20260901
B3_spatial_feature,0.5,per_class,all,micro,map_pearson,0.9946605477191565,0.9945673036001483,0.9947507056379993,1449,1449,1449,1449,,5000,5000,1.0,3021694564,20260901
B3_spatial_feature,0.5,per_class,all,micro,map_spearman,0.9915948054805306,0.9913882974224143,0.9918026250598758,1449,1449,1449,1449,,5000,5000,1.0,3021694564,20260901
B3_spatial_feature,0.5,per_class,all,micro,energy_raw,0.0068524456125015,0.006432922064275928,0.0073006491970240015,1449,1449,1449,1449,,5000,5000,1.0,3021694564,20260901
B3_spatial_feature,0.5,per_class,all,micro,energy_smoothed,0.004121132889792087,0.0038016341983221295,0.004466175144399131,1449,1449,1449,1449,,5000,5000,1.0,3021694564,20260901
B3_spatial_feature,0.5,per_class,all,micro,energy_retention,0.5497985835360033,0.5468228437566939,0.5528479493686542,1449,1449,1449,1449,,5000,5000,1.0,3021694564,20260901
B3_spatial_feature,0.5,per_class,all,micro,smoothed_std_over_raw,0.9301007987714126,0.9292219739183629,0.9309713929531654,1449,1449,1449,1449,,5000,5000,1.0,3021694564,20260901
B3_spatial_feature,0.5,per_class,all,micro,linear_solve_relative_residual,5.932614185144883e-06,5.811325990877849e-06,6.05300248152296e-06,1449,1449,1449,1449,,5000,5000,1.0,3021694564,20260901
B3_spatial_feature,0.5,per_class,all,micro,cg_iterations,6.0,6.0,6.0,1449,1449,1449,1449,,5000,5000,1.0,3021694564,20260901
B3_spatial_feature,0.5,per_class,all,micro,solve_runtime_ms_per_map,0.003627842503327946,0.003610524274370789,0.003647722672536781,1449,1449,1449,1449,,5000,5000,1.0,3021694564,20260901
B3_spatial_feature,0.5,per_class,all,micro,fidelity,0.02725570038503474,0.026574057676675786,0.02795552280239807,1449,1449,1449,1449,,5000,5000,1.0,3021694564,20260901
B3_spatial_feature,0.5,per_class,all,micro,relative_l2_change,0.02725570038503474,0.026574057676675786,0.02795552280239807,1449,1449,1449,1449,,5000,5000,1.0,3021694564,20260901
B3_spatial_feature,0.5,per_class,all,micro,map_pearson,0.9947072524214877,0.9946077063175791,0.9948028370141572,1449,1449,1449,1449,,5000,5000,1.0,3021694564,20260901
B3_spatial_feature,0.5,per_class,all,micro,map_spearman,0.9922376876867912,0.9920536586483896,0.9924112098917539,1449,1449,1449,1449,,5000,5000,1.0,3021694564,20260901
B3_spatial_feature,0.5,per_class,all,micro,energy_raw,0.011481013256359751,0.010615790698234939,0.012382722470676046,1449,1449,1449,1449,,5000,5000,1.0,3021694564,20260901
B3_spatial_feature,0.5,per_class,all,micro,energy_smoothed,0.0071545883950830695,0.006550019401612241,0.007789989267197117,1449,1449,1449,1449,,5000,5000,1.0,3021694564,20260901
B3_spatial_feature,0.5,per_class,all,micro,energy_retention,0.5625596791608651,0.5592260589670156,0.5658997740830488,1449,1449,1449,1449,,5000,5000,1.0,3021694564,20260901
B3_spatial_feature,0.5,per_class,all,micro,smoothed_std_over_raw,0.9338222377213056,0.9328121574347474,0.9348016713120512,1449,1449,1449,1449,,5000,5000,1.0,3021694564,20260901
B3_spatial_feature,0.5,per_class,all,micro,linear_solve_relative_residual,5.100771839256686e-06,4.963359318823506e-06,5.235135077451363e-06,1449,1449,1449,1449,,5000,5000,1.0,3021694564,20260901
B3_spatial_feature,0.5,per_class,all,micro,cg_iterations,6.0,6.0,6.0,1449,1449,1449,1449,,5000,5000,1.0,3021694564,20260901
B3_spatial_feature,0.5,per_class,all,micro,solve_runtime_ms_per_map,0.003627842503327946,0.003610524274370789,0.003647722672536781,1449,1449,1449,1449,,5000,5000,1.0,3021694564,20260901
B3_spatial_feature,0.5,per_class,all,micro,fidelity,0.022043097175508633,0.021718139307887737,0.02239857256822892,1449,1449,1449,1449,,5000,5000,1.0,3021694564,20260901
B3_spatial_feature,0.5,per_class,all,micro,relative_l2_change,0.022043097175508633,0.021718139307887737,0.02239857256822892,1449,1449,1449,1449,,5000,5000,1.0,3021694564,20260901
B3_spatial_feature,0.5,per_class,all,micro,map_pearson,0.9947297941659383,0.9946359810354464,0.994821342016558,1449,1449,1449,1449,,5000,5000,1.0,3021694564,20260901
B3_spatial_feature,0.5,per_class,all,micro,map_spearman,0.9922713147022545,0.9921007860202556,0.9924352061736165,1449,1449,1449,1449,,5000,5000,1.0,3021694564,20260901
B3_spatial_feature,0.5,per_class,all,micro,energy_raw,0.0065699590021696804,0.006147801392679402,0.007050189713626429,1449,1449,1449,1449,,5000,5000,1.0,3021694564,20260901
B3_spatial_feature,0.5,per_class,all,micro,energy_smoothed,0.004021958509775675,0.003694253928717621,0.0043921918866707925,1449,1449,1449,1449,,5000,5000,1.0,3021694564,20260901
B3_spatial_feature,0.5,per_class,all,micro,energy_retention,0.549655738906913,0.5462051986820168,0.5532513001623895,1449,1449,1449,1449,,5000,5000,1.0,3021694564,20260901
B3_spatial_feature,0.5,per_class,all,micro,smoothed_std_over_raw,0.9319002223146463,0.9309880424668823,0.9328150884149977,1449,1449,1449,1449,,5000,5000,1.0,3021694564,20260901
B3_spatial_feature,0.5,per_class,all,micro,linear_solve_relative_residual,5.879292994001754e-06,5.76378418614148e-06,5.9912202139841e-06,1449,1449,1449,1449,,5000,5000,1.0,3021694564,20260901
B3_spatial_feature,0.5,per_class,all,micro,cg_iterations,6.0,6.0,6.0,1449,1449,1449,1449,,5000,5000,1.0,3021694564,20260901
B3_spatial_feature,0.5,per_class,all,micro,solve_runtime_ms_per_map,0.003627842503327946,0.003610524274370789,0.003647722672536781,1449,1449,1449,1449,,5000,5000,1.0,3021694564,20260901
B3_spatial_feature,0.5,per_class,all,micro,fidelity,0.03017645358481413,0.029418678853977046,0.031011430625440626,1449,1449,1449,1449,,5000,5000,1.0,3021694564,20260901
B3_spatial_feature,0.5,per_class,all,micro,relative_l2_change,0.03017645358481413,0.029418678853977046,0.031011430625440626,1449,1449,1449,1449,,5000,5000,1.0,3021694564,20260901
B3_spatial_feature,0.5,per_class,all,micro,map_pearson,0.9942287105046279,0.9940983999908752,0.9943545536595102,1449,1449,1449,1449,,5000,5000,1.0,3021694564,20260901
B3_spatial_feature,0.5,per_class,all,micro,map_spearman,0.9907903438029082,0.9905321631732276,0.9910473995430047,1449,1449,1449,1449,,5000,5000,1.0,3021694564,20260901
B3_spatial_feature,0.5,per_class,all,micro,energy_raw,0.015118487143928919,0.013971878564595185,0.01640039174442306,1449,1449,1449,1449,,5000,5000,1.0,3021694564,20260901
B3_spatial_feature,0.5,per_class,all,micro,energy_smoothed,0.009902579181961293,0.0090351687319834,0.010842456028335086,1449,1449,1449,1449,,5000,5000,1.0,3021694564,20260901
B3_spatial_feature,0.5,per_class,all,micro,energy_retention,0.5599696398850883,0.5558633835121136,0.5641599074237466,1449,1449,1449,1449,,5000,5000,1.0,3021694564,20260901
B3_spatial_feature,0.5,per_class,all,micro,smoothed_std_over_raw,0.9311723565545224,0.9301296986891452,0.9322226332159927,1449,1449,1449,1449,,5000,5000,1.0,3021694564,20260901
B3_spatial_feature,0.5,per_class,all,micro,linear_solve_relative_residual,4.992898417211378e-06,4.854689292478611e-06,5.127154398123909e-06,1449,1449,1449,1449,,5000,5000,1.0,3021694564,20260901
B3_spatial_feature,0.5,per_class,all,micro,cg_iterations,6.0,6.0,6.0,1449,1449,1449,1449,,5000,5000,1.0,3021694564,20260901
B3_spatial_feature,0.5,per_class,all,micro,solve_runtime_ms_per_map,0.003627842503327946,0.003610524274370789,0.003647722672536781,1449,1449,1449,1449,,5000,5000,1.0,3021694564,20260901
B3_spatial_feature,0.5,per_class,all,micro,fidelity,0.021812392854413918,0.021409548759804956,0.022242173097890804,1449,1449,1449,1449,,5000,5000,1.0,3021694564,20260901
B3_spatial_feature,0.5,per_class,all,micro,relative_l2_change,0.021812392854413918,0.021409548759804956,0.022242173097890804,1449,1449,1449,1449,,5000,5000,1.0,3021694564,20260901
B3_spatial_feature,0.5,per_class,all,micro,map_pearson,0.9943194855814395,0.9942145382724522,0.9944246436642152,1449,1449,1449,1449,,5000,5000,1.0,3021694564,20260901
B3_spatial_feature,0.5,per_class,all,micro,map_spearman,0.9909322323512834,0.9907205798066099,0.9911430710621996,1449,1449,1449,1449,,5000,5000,1.0,3021694564,20260901
B3_spatial_feature,0.5,per_class,all,micro,energy_raw,0.0067092568305558205,0.00614135054300571,0.007337864645536002,1449,1449,1449,1449,,5000,5000,1.0,3021694564,20260901
B3_spatial_feature,0.5,per_class,all,micro,energy_smoothed,0.00414749383671708,0.003705842103292319,0.0046302167794287485,1449,1449,1449,1449,,5000,5000,1.0,3021694564,20260901
B3_spatial_feature,0.5,per_class,all,micro,energy_retention,0.5400163590743511,0.53685300733002,0.5433117887762352,1449,1449,1449,1449,,5000,5000,1.0,3021694564,20260901
B3_spatial_feature,0.5,per_class,all,micro,smoothed_std_over_raw,0.9304250179692908,0.9296339405660715,0.9312536548897675,1449,1449,1449,1449,,5000,5000,1.0,3021694564,20260901
B3_spatial_feature,0.5,per_class,all,micro,linear_solve_relative_residual,6.122017183239358e-06,6.027922529479553e-06,6.213086384447661e-06,1449,1449,1449,1449,,5000,5000,1.0,3021694564,20260901
B3_spatial_feature,0.5,per_class,all,micro,cg_iterations,6.0,6.0,6.0,1449,1449,1449,1449,,5000,5000,1.0,3021694564,20260901
B3_spatial_feature,0.5,per_class,all,micro,solve_runtime_ms_per_map,0.003627842503327946,0.003610524274370789,0.003647722672536781,1449,1449,1449,1449,,5000,5000,1.0,3021694564,20260901
B3_spatial_feature,0.5,per_class,all,micro,fidelity,0.023837509352310184,0.0233551950550338,0.02434479790001213,1449,1449,1449,1449,,5000,5000,1.0,3021694564,20260901
B3_spatial_feature,0.5,per_class,all,micro,relative_l2_change,0.023837509352310184,0.0233551950550338,0.02434479790001213,1449,1449,1449,1449,,5000,5000,1.0,3021694564,20260901
B3_spatial_feature,0.5,per_class,all,micro,map_pearson,0.9946166209881679,0.9945200882702964,0.9947053502754065,1449,1449,1449,1449,,5000,5000,1.0,3021694564,20260901
B3_spatial_feature,0.5,per_class,all,micro,map_spearman,0.9919264329722044,0.9917188142983563,0.9921260487496483,1449,1449,1449,1449,,5000,5000,1.0,3021694564,20260901
B3_spatial_feature,0.5,per_class,all,micro,energy_raw,0.008128713067618422,0.007463190351574141,0.008857740438145568,1449,1449,1449,1449,,5000,5000,1.0,3021694564,20260901
B3_spatial_feature,0.5,per_class,all,micro,energy_smoothed,0.004994045609362125,0.00449467851136857,0.005540425080874789,1449,1449,1449,1449,,5000,5000,1.0,3021694564,20260901
B3_spatial_feature,0.5,per_class,all,micro,energy_retention,0.5476408915490097,0.544679119627154,0.5505485473212248,1449,1449,1449,1449,,5000,5000,1.0,3021694564,20260901
B3_spatial_feature,0.5,per_class,all,micro,smoothed_std_over_raw,0.9301980403145895,0.9293123594712108,0.9310587258936209,1449,1449,1449,1449,,5000,5000,1.0,3021694564,20260901
B3_spatial_feature,0.5,per_class,all,micro,linear_solve_relative_residual,5.646758650179729e-06,5.530306959309659e-06,5.764168618720678e-06,1449,1449,1449,1449,,5000,5000,1.0,3021694564,20260901
B3_spatial_feature,0.5,per_class,all,micro,cg_iterations,6.0,6.0,6.0,1449,1449,1449,1449,,5000,5000,1.0,3021694564,20260901
B3_spatial_feature,0.5,per_class,all,micro,solve_runtime_ms_per_map,0.003627842503327946,0.003610524274370789,0.003647722672536781,1449,1449,1449,1449,,5000,5000,1.0,3021694564,20260901
B3_spatial_feature,0.5,per_class,all,micro,fidelity,0.024687602988131257,0.024331335668671256,0.025078817713749257,1449,1449,1449,1449,,5000,5000,1.0,3021694564,20260901
B3_spatial_feature,0.5,per_class,all,micro,relative_l2_change,0.024687602988131257,0.024331335668671256,0.025078817713749257,1449,1449,1449,1449,,5000,5000,1.0,3021694564,20260901
B3_spatial_feature,0.5,per_class,all,micro,map_pearson,0.9942446932700522,0.9941261648802694,0.9943676346587756,1449,1449,1449,1449,,5000,5000,1.0,3021694564,20260901
B3_spatial_feature,0.5,per_class,all,micro,map_spearman,0.9913105813283769,0.9910749723832718,0.9915455603091531,1449,1449,1449,1449,,5000,5000,1.0,3021694564,20260901
B3_spatial_feature,0.5,per_class,all,micro,energy_raw,0.008283017577122694,0.007776296444769417,0.008831988973639458,1449,1449,1449,1449,,5000,5000,1.0,3021694564,20260901
B3_spatial_feature,0.5,per_class,all,micro,energy_smoothed,0.005113869940902552,0.004713697051865228,0.0055473593080966185,1449,1449,1449,1449,,5000,5000,1.0,3021694564,20260901
B3_spatial_feature,0.5,per_class,all,micro,energy_retention,0.5522658237512561,0.5483499031825013,0.5565276817232885,1449,1449,1449,1449,,5000,5000,1.0,3021694564,20260901
B3_spatial_feature,0.5,per_class,all,micro,smoothed_std_over_raw,0.9297473158731059,0.9286830850629414,0.9308890359947976,1449,1449,1449,1449,,5000,5000,1.0,3021694564,20260901
B3_spatial_feature,0.5,per_class,all,micro,linear_solve_relative_residual,5.474703471872026e-06,5.3318391376219216e-06,5.613266296718971e-06,1449,1449,1449,1449,,5000,5000,1.0,3021694564,20260901
B3_spatial_feature,0.5,per_class,all,micro,cg_iterations,6.0,6.0,6.0,1449,1449,1449,1449,,5000,5000,1.0,3021694564,20260901
B3_spatial_feature,0.5,per_class,all,micro,solve_runtime_ms_per_map,0.003627842503327946,0.003610524274370789,0.003647722672536781,1449,1449,1449,1449,,5000,5000,1.0,3021694564,20260901
B3_spatial_feature,0.5,per_class,all,micro,fidelity,0.022557922946179917,0.022186790835504403,0.022951422718879323,1449,1449,1449,1449,,5000,5000,1.0,3021694564,20260901
B3_spatial_feature,0.5,per_class,all,micro,relative_l2_change,0.022557922946179917,0.022186790835504403,0.022951422718879323,1449,1449,1449,1449,,5000,5000,1.0,3021694564,20260901
B3_spatial_feature,0.5,per_class,all,micro,map_pearson,0.9946721181777365,0.9945875347329058,0.9947560351755884,1449,1449,1449,1449,,5000,5000,1.0,3021694564,20260901
B3_spatial_feature,0.5,per_class,all,micro,map_spearman,0.9920063557256247,0.9918215131146731,0.9921873068823907,1449,1449,1449,1449,,5000,5000,1.0,3021694564,20260901
B3_spatial_feature,0.5,per_class,all,micro,energy_raw,0.006759637093918335,0.006281849364638411,0.00728001882940122,1449,1449,1449,1449,,5000,5000,1.0,3021694564,20260901
B3_spatial_feature,0.5,per_class,all,micro,energy_smoothed,0.004041076654274584,0.0036911703709231274,0.004419486031216313,1449,1449,1449,1449,,5000,5000,1.0,3021694564,20260901
B3_spatial_feature,0.5,per_class,all,micro,energy_retention,0.5429373246953766,0.539962614560082,0.5460647369712448,1449,1449,1449,1449,,5000,5000,1.0,3021694564,20260901
B3_spatial_feature,0.5,per_class,all,micro,smoothed_std_over_raw,0.929005671855579,0.9281817156901189,0.9298474167650366,1449,1449,1449,1449,,5000,5000,1.0,3021694564,20260901
B3_spatial_feature,0.5,per_class,all,micro,linear_solve_relative_residual,6.088075210667176e-06,5.9803351653117925e-06,6.197658228864944e-06,1449,1449,1449,1449,,5000,5000,1.0,3021694564,20260901
B3_spatial_feature,0.5,per_class,all,micro,cg_iterations,6.0,6.0,6.0,1449,1449,1449,1449,,5000,5000,1.0,3021694564,20260901
B3_spatial_feature,0.5,per_class,all,micro,solve_runtime_ms_per_map,0.003627842503327946,0.003610524274370789,0.003647722672536781,1449,1449,1449,1449,,5000,5000,1.0,3021694564,20260901
B3_spatial_feature,0.5,per_class,all,micro,fidelity,0.022908535278212662,0.022553048746466246,0.023273934985416522,1449,1449,1449,1449,,5000,5000,1.0,3021694564,20260901
B3_spatial_feature,0.5,per_class,all,micro,relative_l2_change,0.022908535278212662,0.022553048746466246,0.023273934985416522,1449,1449,1449,1449,,5000,5000,1.0,3021694564,20260901
B3_spatial_feature,0.5,per_class,all,micro,map_pearson,0.9948347583567381,0.9947484497338266,0.9949207096078463,1449,1449,1449,1449,,5000,5000,1.0,3021694564,20260901
B3_spatial_feature,0.5,per_class,all,micro,map_spearman,0.991960454966135,0.9917691947726484,0.9921402093786631,1449,1449,1449,1449,,5000,5000,1.0,3021694564,20260901
B3_spatial_feature,0.5,per_class,all,micro,energy_raw,0.007051680254890713,0.006605366495020304,0.0075118325845279915,1449,1449,1449,1449,,5000,5000,1.0,3021694564,20260901
B3_spatial_feature,0.5,per_class,all,micro,energy_smoothed,0.004293964808505335,0.0039467409292869545,0.00465052612665369,1449,1449,1449,1449,,5000,5000,1.0,3021694564,20260901
B3_spatial_feature,0.5,per_class,all,micro,energy_retention,0.5475177965014453,0.5442900255780084,0.5508168586781101,1449,1449,1449,1449,,5000,5000,1.0,3021694564,20260901
B3_spatial_feature,0.5,per_class,all,micro,smoothed_std_over_raw,0.929187355985964,0.9282450198088538,0.9301423389791127,1449,1449,1449,1449,,5000,5000,1.0,3021694564,20260901
B3_spatial_feature,0.5,per_class,all,micro,linear_solve_relative_residual,5.798262779972921e-06,5.685101893171143e-06,5.9162170933461886e-06,1449,1449,1449,1449,,5000,5000,1.0,3021694564,20260901
B3_spatial_feature,0.5,per_class,all,micro,cg_iterations,6.0,6.0,6.0,1449,1449,1449,1449,,5000,5000,1.0,3021694564,20260901
B3_spatial_feature,0.5,per_class,all,micro,solve_runtime_ms_per_map,0.003627842503327946,0.003610524274370789,0.003647722672536781,1449,1449,1449,1449,,5000,5000,1.0,3021694564,20260901
B3_spatial_feature,0.5,per_class,all,micro,fidelity,0.035464683444778454,0.03451854010820234,0.036409356830843446,1449,1449,1449,1449,,5000,5000,1.0,3021694564,20260901
B3_spatial_feature,0.5,per_class,all,micro,relative_l2_change,0.035464683444778454,0.03451854010820234,0.036409356830843446,1449,1449,1449,1449,,5000,5000,1.0,3021694564,20260901
B3_spatial_feature,0.5,per_class,all,micro,map_pearson,0.9953810517091929,0.9952565256534485,0.9955034187070002,1449,1449,1449,1449,,5000,5000,1.0,3021694564,20260901
B3_spatial_feature,0.5,per_class,all,micro,map_spearman,0.9933056600592398,0.9931287289323931,0.9934838791904242,1449,1449,1449,1449,,5000,5000,1.0,3021694564,20260901
B3_spatial_feature,0.5,per_class,all,micro,energy_raw,0.02202026813732572,0.020538183264420678,0.023533143153987125,1449,1449,1449,1449,,5000,5000,1.0,3021694564,20260901
B3_spatial_feature,0.5,per_class,all,micro,energy_smoothed,0.0149736591320571,0.013904093740629838,0.016051569381380325,1449,1449,1449,1449,,5000,5000,1.0,3021694564,20260901
B3_spatial_feature,0.5,per_class,all,micro,energy_retention,0.6129553252618999,0.6079895245861275,0.6179928163450862,1449,1449,1449,1449,,5000,5000,1.0,3021694564,20260901
B3_spatial_feature,0.5,per_class,all,micro,smoothed_std_over_raw,0.9389324522248789,0.9376356533657196,0.940258739190401,1449,1449,1449,1449,,5000,5000,1.0,3021694564,20260901
B3_spatial_feature,0.5,per_class,all,micro,linear_solve_relative_residual,3.8832730460182176e-06,3.756577247836588e-06,4.010320346758829e-06,1449,1449,1449,1449,,5000,5000,1.0,3021694564,20260901
B3_spatial_feature,0.5,per_class,all,micro,cg_iterations,6.0,6.0,6.0,1449,1449,1449,1449,,5000,5000,1.0,3021694564,20260901
B3_spatial_feature,0.5,per_class,all,micro,solve_runtime_ms_per_map,0.003627842503327946,0.003610524274370789,0.003647722672536781,1449,1449,1449,1449,,5000,5000,1.0,3021694564,20260901
B3_spatial_feature,0.5,per_class,all,micro,fidelity,0.028651035919764933,0.028088046981631073,0.029255834473679427,1449,1449,1449,1449,,5000,5000,1.0,3021694564,20260901
B3_spatial_feature,0.5,per_class,all,micro,relative_l2_change,0.028651035919764933,0.028088046981631073,0.029255834473679427,1449,1449,1449,1449,,5000,5000,1.0,3021694564,20260901
B3_spatial_feature,0.5,per_class,all,micro,map_pearson,0.9935865874863066,0.9934547558951329,0.9937097456668722,1449,1449,1449,1449,,5000,5000,1.0,3021694564,20260901
B3_spatial_feature,0.5,per_class,all,micro,map_spearman,0.9903552045157402,0.9901082495971743,0.9905944832713132,1449,1449,1449,1449,,5000,5000,1.0,3021694564,20260901
B3_spatial_feature,0.5,per_class,all,micro,energy_raw,0.011407561864532926,0.010640657072233807,0.012260319650178972,1449,1449,1449,1449,,5000,5000,1.0,3021694564,20260901
B3_spatial_feature,0.5,per_class,all,micro,energy_smoothed,0.0068955234460965865,0.006337008624457484,0.007513370264665911,1449,1449,1449,1449,,5000,5000,1.0,3021694564,20260901
B3_spatial_feature,0.5,per_class,all,micro,energy_retention,0.5430440973873546,0.5398098455355075,0.5463371316329663,1449,1449,1449,1449,,5000,5000,1.0,3021694564,20260901
B3_spatial_feature,0.5,per_class,all,micro,smoothed_std_over_raw,0.9280220186652769,0.9269356018812842,0.9290835861134644,1449,1449,1449,1449,,5000,5000,1.0,3021694564,20260901
B3_spatial_feature,0.5,per_class,all,micro,linear_solve_relative_residual,4.842427513884153e-06,4.693559444478892e-06,4.98661549086165e-06,1449,1449,1449,1449,,5000,5000,1.0,3021694564,20260901
B3_spatial_feature,0.5,per_class,all,micro,cg_iterations,6.0,6.0,6.0,1449,1449,1449,1449,,5000,5000,1.0,3021694564,20260901
B3_spatial_feature,0.5,per_class,all,micro,solve_runtime_ms_per_map,0.003627842503327946,0.003610524274370789,0.003647722672536781,1449,1449,1449,1449,,5000,5000,1.0,3021694564,20260901
B3_spatial_feature,0.5,per_class,all,micro,fidelity,0.021033571810661473,0.020764933274740712,0.021326043915785745,1449,1449,1449,1449,,5000,5000,1.0,3021694564,20260901
B3_spatial_feature,0.5,per_class,all,micro,relative_l2_change,0.021033571810661473,0.020764933274740712,0.021326043915785745,1449,1449,1449,1449,,5000,5000,1.0,3021694564,20260901
B3_spatial_feature,0.5,per_class,all,micro,map_pearson,0.9948091201736156,0.994718030849928,0.9948938312449893,1449,1449,1449,1449,,5000,5000,1.0,3021694564,20260901
B3_spatial_feature,0.5,per_class,all,micro,map_spearman,0.9923552563883173,0.9921742701546911,0.9925232251444054,1449,1449,1449,1449,,5000,5000,1.0,3021694564,20260901
B3_spatial_feature,0.5,per_class,all,micro,energy_raw,0.005495244372244654,0.0051814669165100675,0.005850302766772499,1449,1449,1449,1449,,5000,5000,1.0,3021694564,20260901
B3_spatial_feature,0.5,per_class,all,micro,energy_smoothed,0.0031932780953054106,0.0029582564333742044,0.0034562342728575233,1449,1449,1449,1449,,5000,5000,1.0,3021694564,20260901
B3_spatial_feature,0.5,per_class,all,micro,energy_retention,0.5459986198269309,0.5431583516829338,0.5486382609131708,1449,1449,1449,1449,,5000,5000,1.0,3021694564,20260901
B3_spatial_feature,0.5,per_class,all,micro,smoothed_std_over_raw,0.9311290437637155,0.9303428633376349,0.931916885518098,1449,1449,1449,1449,,5000,5000,1.0,3021694564,20260901
B3_spatial_feature,0.5,per_class,all,micro,linear_solve_relative_residual,6.112323818051463e-06,6.008036828318362e-06,6.214960599637393e-06,1449,1449,1449,1449,,5000,5000,1.0,3021694564,20260901
B3_spatial_feature,0.5,per_class,all,micro,cg_iterations,6.0,6.0,6.0,1449,1449,1449,1449,,5000,5000,1.0,3021694564,20260901
B3_spatial_feature,0.5,per_class,all,micro,solve_runtime_ms_per_map,0.003627842503327946,0.003610524274370789,0.003647722672536781,1449,1449,1449,1449,,5000,5000,1.0,3021694564,20260901
B3_spatial_feature,0.5,per_class,all,micro,fidelity,0.02522016706020977,0.024574674568891015,0.0259338913764194,1449,1449,1449,1449,,5000,5000,1.0,3021694564,20260901
B3_spatial_feature,0.5,per_class,all,micro,relative_l2_change,0.02522016706020977,0.024574674568891015,0.0259338913764194,1449,1449,1449,1449,,5000,5000,1.0,3021694564,20260901
B3_spatial_feature,0.5,per_class,all,micro,map_pearson,0.9950899421716246,0.9950006420886706,0.995175845574477,1449,1449,1449,1449,,5000,5000,1.0,3021694564,20260901
B3_spatial_feature,0.5,per_class,all,micro,map_spearman,0.9922189076988347,0.9920107376090077,0.9924238295000615,1449,1449,1449,1449,,5000,5000,1.0,3021694564,20260901
B3_spatial_feature,0.5,per_class,all,micro,energy_raw,0.010996003196962959,0.010004006468891706,0.012114521464571313,1449,1449,1449,1449,,5000,5000,1.0,3021694564,20260901
B3_spatial_feature,0.5,per_class,all,micro,energy_smoothed,0.00735195173396362,0.00658450068982194,0.008213807328682817,1449,1449,1449,1449,,5000,5000,1.0,3021694564,20260901
B3_spatial_feature,0.5,per_class,all,micro,energy_retention,0.5621659188660529,0.5582533322212982,0.5663051805737267,1449,1449,1449,1449,,5000,5000,1.0,3021694564,20260901
B3_spatial_feature,0.5,per_class,all,micro,smoothed_std_over_raw,0.9322429460603834,0.9313221444531998,0.9331868011090491,1449,1449,1449,1449,,5000,5000,1.0,3021694564,20260901
B3_spatial_feature,0.5,per_class,all,micro,linear_solve_relative_residual,5.549788208722262e-06,5.4267963374366125e-06,5.6678558117531015e-06,1449,1449,1449,1449,,5000,5000,1.0,3021694564,20260901
B3_spatial_feature,0.5,per_class,all,micro,cg_iterations,6.0,6.0,6.0,1449,1449,1449,1449,,5000,5000,1.0,3021694564,20260901
B3_spatial_feature,0.5,per_class,all,micro,solve_runtime_ms_per_map,0.003627842503327946,0.003610524274370789,0.003647722672536781,1449,1449,1449,1449,,5000,5000,1.0,3021694564,20260901
B3_spatial_feature,0.5,per_class,all,micro,fidelity,0.02022951686712402,0.019905344288866245,0.020569975444310443,1449,1449,1449,1449,,5000,5000,1.0,3021694564,20260901
B3_spatial_feature,0.5,per_class,all,micro,relative_l2_change,0.02022951686712402,0.019905344288866245,0.020569975444310443,1449,1449,1449,1449,,5000,5000,1.0,3021694564,20260901
B3_spatial_feature,0.5,per_class,all,micro,map_pearson,0.9954075301573801,0.9953437850054089,0.9954663691683585,1449,1449,1449,1449,,5000,5000,1.0,3021694564,20260901
B3_spatial_feature,0.5,per_class,all,micro,map_spearman,0.9930713864504839,0.9929195456335346,0.9932176428027528,1449,1449,1449,1449,,5000,5000,1.0,3021694564,20260901
B3_spatial_feature,0.5,per_class,all,micro,energy_raw,0.005420181187229029,0.0050339348311989945,0.0058434830682071465,1449,1449,1449,1449,,5000,5000,1.0,3021694564,20260901
B3_spatial_feature,0.5,per_class,all,micro,energy_smoothed,0.003248102661769187,0.002956863814603794,0.0035666713553809074,1449,1449,1449,1449,,5000,5000,1.0,3021694564,20260901
B3_spatial_feature,0.5,per_class,all,micro,energy_retention,0.5537618614625239,0.5512804300467091,0.5561424339178557,1449,1449,1449,1449,,5000,5000,1.0,3021694564,20260901
B3_spatial_feature,0.5,per_class,all,micro,smoothed_std_over_raw,0.9325638018533063,0.9317830304109367,0.9333247595424895,1449,1449,1449,1449,,5000,5000,1.0,3021694564,20260901
B3_spatial_feature,0.5,per_class,all,micro,linear_solve_relative_residual,6.019577332747635e-06,5.91600657334822e-06,6.11788184026392e-06,1449,1449,1449,1449,,5000,5000,1.0,3021694564,20260901
B3_spatial_feature,0.5,per_class,all,micro,cg_iterations,6.0,6.0,6.0,1449,1449,1449,1449,,5000,5000,1.0,3021694564,20260901
B3_spatial_feature,0.5,per_class,all,micro,solve_runtime_ms_per_map,0.003627842503327946,0.003610524274370789,0.003647722672536781,1449,1449,1449,1449,,5000,5000,1.0,3021694564,20260901
B3_spatial_feature,0.5,per_class,all,micro,fidelity,0.024291996392913115,0.023857363263078246,0.02476115960271398,1449,1449,1449,1449,,5000,5000,1.0,3021694564,20260901
B3_spatial_feature,0.5,per_class,all,micro,relative_l2_change,0.024291996392913115,0.023857363263078246,0.02476115960271398,1449,1449,1449,1449,,5000,5000,1.0,3021694564,20260901
B3_spatial_feature,0.5,per_class,all,micro,map_pearson,0.9946789457684472,0.9945904269475128,0.994769312400214,1449,1449,1449,1449,,5000,5000,1.0,3021694564,20260901
B3_spatial_feature,0.5,per_class,all,micro,map_spearman,0.9916892386947195,0.9914744102775928,0.9918975987810361,1449,1449,1449,1449,,5000,5000,1.0,3021694564,20260901
B3_spatial_feature,0.5,per_class,all,micro,energy_raw,0.008142836995775058,0.007577587089964411,0.008753248667334006,1449,1449,1449,1449,,5000,5000,1.0,3021694564,20260901
B3_spatial_feature,0.5,per_class,all,micro,energy_smoothed,0.004941558691604208,0.004523390878092422,0.005388640587126436,1449,1449,1449,1449,,5000,5000,1.0,3021694564,20260901
B3_spatial_feature,0.5,per_class,all,micro,energy_retention,0.5509597596997142,0.5479075920255823,0.5540194490311309,1449,1449,1449,1449,,5000,5000,1.0,3021694564,20260901
B3_spatial_feature,0.5,per_class,all,micro,smoothed_std_over_raw,0.9325850780788498,0.9317250468469307,0.9334459896290032,1449,1449,1449,1449,,5000,5000,1.0,3021694564,20260901
B3_spatial_feature,0.5,per_class,all,micro,linear_solve_relative_residual,5.269716929583357e-06,5.138155765550922e-06,5.4088019925392655e-06,1449,1449,1449,1449,,5000,5000,1.0,3021694564,20260901
B3_spatial_feature,0.5,per_class,all,micro,cg_iterations,6.0,6.0,6.0,1449,1449,1449,1449,,5000,5000,1.0,3021694564,20260901
B3_spatial_feature,0.5,per_class,all,micro,solve_runtime_ms_per_map,0.003627842503327946,0.003610524274370789,0.003647722672536781,1449,1449,1449,1449,,5000,5000,1.0,3021694564,20260901
B3_spatial_feature,1.0,all_class_maps,all,micro,fidelity,0.037505532392179186,0.03717414286606087,0.037861416068820195,1449,1449,28980,28980,,5000,5000,1.0,3021694564,20260901
B3_spatial_feature,1.0,all_class_maps,all,micro,relative_l2_change,0.037505532392179186,0.03717414286606087,0.037861416068820195,1449,1449,28980,28980,,5000,5000,1.0,3021694564,20260901
B3_spatial_feature,1.0,all_class_maps,all,micro,map_pearson,0.9871631431447958,0.9870053155018881,0.9873130986535134,1449,1449,28980,28980,,5000,5000,1.0,3021694564,20260901
B3_spatial_feature,1.0,all_class_maps,all,micro,map_spearman,0.9817625762965451,0.9815188477621809,0.9819998032318941,1449,1449,28980,28980,,5000,5000,1.0,3021694564,20260901
B3_spatial_feature,1.0,all_class_maps,all,micro,energy_raw,0.008761968170279017,0.008541722966292808,0.008999939468717221,1449,1449,28980,28980,,5000,5000,1.0,3021694564,20260901
B3_spatial_feature,1.0,all_class_maps,all,micro,energy_smoothed,0.004135463822845452,0.004007095684870582,0.004271022005935894,1449,1449,28980,28980,,5000,5000,1.0,3021694564,20260901
B3_spatial_feature,1.0,all_class_maps,all,micro,energy_retention,0.38307708485875974,0.38129620969575734,0.3848352119717117,1449,1449,28980,28980,,5000,5000,1.0,3021694564,20260901
B3_spatial_feature,1.0,all_class_maps,all,micro,smoothed_std_over_raw,0.8924308361576869,0.891774894858256,0.8930836217831937,1449,1449,28980,28980,,5000,5000,1.0,3021694564,20260901
B3_spatial_feature,1.0,all_class_maps,all,micro,linear_solve_relative_residual,4.666787166753395e-06,4.637745802966817e-06,4.696761489891217e-06,1449,1449,28980,28980,,5000,5000,1.0,3021694564,20260901
B3_spatial_feature,1.0,all_class_maps,all,micro,cg_iterations,8.0,8.0,8.0,1449,1449,28980,28980,,5000,5000,1.0,3021694564,20260901
B3_spatial_feature,1.0,all_class_maps,all,micro,solve_runtime_ms_per_map,0.004542933496099615,0.004523820287797174,0.004565399711416966,1449,1449,28980,28980,,5000,5000,1.0,3021694564,20260901
B3_spatial_feature,1.0,all_class_maps,all,macro_class,fidelity,0.037505532392179186,0.03717414286606087,0.037861416068820195,1449,1449,28980,28980,20,5000,5000,1.0,3021694564,20260901
B3_spatial_feature,1.0,all_class_maps,all,macro_class,relative_l2_change,0.037505532392179186,0.03717414286606087,0.037861416068820195,1449,1449,28980,28980,20,5000,5000,1.0,3021694564,20260901
B3_spatial_feature,1.0,all_class_maps,all,macro_class,map_pearson,0.9871631431447959,0.9870053155018882,0.9873130986535135,1449,1449,28980,28980,20,5000,5000,1.0,3021694564,20260901
B3_spatial_feature,1.0,all_class_maps,all,macro_class,map_spearman,0.9817625762965451,0.9815188477621811,0.9819998032318942,1449,1449,28980,28980,20,5000,5000,1.0,3021694564,20260901
B3_spatial_feature,1.0,all_class_maps,all,macro_class,energy_raw,0.008761968170279019,0.008541722966292806,0.008999939468717223,1449,1449,28980,28980,20,5000,5000,1.0,3021694564,20260901
B3_spatial_feature,1.0,all_class_maps,all,macro_class,energy_smoothed,0.004135463822845452,0.004007095684870581,0.004271022005935894,1449,1449,28980,28980,20,5000,5000,1.0,3021694564,20260901
B3_spatial_feature,1.0,all_class_maps,all,macro_class,energy_retention,0.38307708485875985,0.38129620969575734,0.3848352119717118,1449,1449,28980,28980,20,5000,5000,1.0,3021694564,20260901
B3_spatial_feature,1.0,all_class_maps,all,macro_class,smoothed_std_over_raw,0.8924308361576871,0.8917748948582562,0.8930836217831937,1449,1449,28980,28980,20,5000,5000,1.0,3021694564,20260901
B3_spatial_feature,1.0,all_class_maps,all,macro_class,linear_solve_relative_residual,4.666787166753396e-06,4.637745802966817e-06,4.696761489891217e-06,1449,1449,28980,28980,20,5000,5000,1.0,3021694564,20260901
B3_spatial_feature,1.0,all_class_maps,all,macro_class,cg_iterations,8.0,8.0,8.0,1449,1449,28980,28980,20,5000,5000,1.0,3021694564,20260901
B3_spatial_feature,1.0,all_class_maps,all,macro_class,solve_runtime_ms_per_map,0.004542933496099617,0.0045238202877971746,0.004565399711416965,1449,1449,28980,28980,20,5000,5000,1.0,3021694564,20260901
B3_spatial_feature,1.0,all_class_maps,single_label,micro,fidelity,0.034882583146454704,0.0345055199485672,0.03526351025833386,927,927,18540,18540,,5000,5000,1.0,3021694564,20260901
B3_spatial_feature,1.0,all_class_maps,single_label,micro,relative_l2_change,0.034882583146454704,0.0345055199485672,0.03526351025833386,927,927,18540,18540,,5000,5000,1.0,3021694564,20260901
B3_spatial_feature,1.0,all_class_maps,single_label,micro,map_pearson,0.9870657574365311,0.9868602663354934,0.9872684697210468,927,927,18540,18540,,5000,5000,1.0,3021694564,20260901
B3_spatial_feature,1.0,all_class_maps,single_label,micro,map_spearman,0.9808392494724021,0.9804912104612736,0.9811776386218259,927,927,18540,18540,,5000,5000,1.0,3021694564,20260901
B3_spatial_feature,1.0,all_class_maps,single_label,micro,energy_raw,0.00699637461628362,0.006780651942556804,0.007211999195736686,927,927,18540,18540,,5000,5000,1.0,3021694564,20260901
B3_spatial_feature,1.0,all_class_maps,single_label,micro,energy_smoothed,0.003054136275793521,0.0029354510245237653,0.0031746630862254234,927,927,18540,18540,,5000,5000,1.0,3021694564,20260901
B3_spatial_feature,1.0,all_class_maps,single_label,micro,energy_retention,0.3715062900139933,0.3694723833199619,0.3736060918237463,927,927,18540,18540,,5000,5000,1.0,3021694564,20260901
B3_spatial_feature,1.0,all_class_maps,single_label,micro,smoothed_std_over_raw,0.8897964543798594,0.8889608382692454,0.8906184675646575,927,927,18540,18540,,5000,5000,1.0,3021694564,20260901
B3_spatial_feature,1.0,all_class_maps,single_label,micro,linear_solve_relative_residual,4.535318255792459e-06,4.496752726141167e-06,4.573182615703948e-06,927,927,18540,18540,,5000,5000,1.0,3021694564,20260901
B3_spatial_feature,1.0,all_class_maps,single_label,micro,cg_iterations,8.0,8.0,8.0,927,927,18540,18540,,5000,5000,1.0,3021694564,20260901
B3_spatial_feature,1.0,all_class_maps,single_label,micro,solve_runtime_ms_per_map,0.0045441142666041495,0.004520486357821021,0.004573548979676439,927,927,18540,18540,,5000,5000,1.0,3021694564,20260901
B3_spatial_feature,1.0,all_class_maps,single_label,macro_class,fidelity,0.034882583146454704,0.03450551994856721,0.03526351025833385,927,927,18540,18540,20,5000,5000,1.0,3021694564,20260901
B3_spatial_feature,1.0,all_class_maps,single_label,macro_class,relative_l2_change,0.034882583146454704,0.03450551994856721,0.03526351025833385,927,927,18540,18540,20,5000,5000,1.0,3021694564,20260901
B3_spatial_feature,1.0,all_class_maps,single_label,macro_class,map_pearson,0.987065757436531,0.9868602663354933,0.9872684697210469,927,927,18540,18540,20,5000,5000,1.0,3021694564,20260901
B3_spatial_feature,1.0,all_class_maps,single_label,macro_class,map_spearman,0.980839249472402,0.9804912104612737,0.9811776386218259,927,927,18540,18540,20,5000,5000,1.0,3021694564,20260901
B3_spatial_feature,1.0,all_class_maps,single_label,macro_class,energy_raw,0.006996374616283618,0.006780651942556804,0.007211999195736687,927,927,18540,18540,20,5000,5000,1.0,3021694564,20260901
B3_spatial_feature,1.0,all_class_maps,single_label,macro_class,energy_smoothed,0.003054136275793521,0.002935451024523765,0.0031746630862254234,927,927,18540,18540,20,5000,5000,1.0,3021694564,20260901
B3_spatial_feature,1.0,all_class_maps,single_label,macro_class,energy_retention,0.37150629001399327,0.3694723833199618,0.37360609182374627,927,927,18540,18540,20,5000,5000,1.0,3021694564,20260901
B3_spatial_feature,1.0,all_class_maps,single_label,macro_class,smoothed_std_over_raw,0.8897964543798595,0.8889608382692455,0.8906184675646573,927,927,18540,18540,20,5000,5000,1.0,3021694564,20260901
B3_spatial_feature,1.0,all_class_maps,single_label,macro_class,linear_solve_relative_residual,4.535318255792458e-06,4.496752726141168e-06,4.573182615703948e-06,927,927,18540,18540,20,5000,5000,1.0,3021694564,20260901
B3_spatial_feature,1.0,all_class_maps,single_label,macro_class,cg_iterations,8.0,8.0,8.0,927,927,18540,18540,20,5000,5000,1.0,3021694564,20260901
B3_spatial_feature,1.0,all_class_maps,single_label,macro_class,solve_runtime_ms_per_map,0.004544114266604149,0.004520486357821022,0.00457354897967644,927,927,18540,18540,20,5000,5000,1.0,3021694564,20260901
B3_spatial_feature,1.0,all_class_maps,exactly_2_labels,micro,fidelity,0.04094237317889929,0.04045391734849661,0.0414414026024503,375,375,7500,7500,,5000,5000,1.0,3021694564,20260901
B3_spatial_feature,1.0,all_class_maps,exactly_2_labels,micro,relative_l2_change,0.04094237317889929,0.04045391734849661,0.0414414026024503,375,375,7500,7500,,5000,5000,1.0,3021694564,20260901
B3_spatial_feature,1.0,all_class_maps,exactly_2_labels,micro,map_pearson,0.9871979359467824,0.9868908371806144,0.9874884226491054,375,375,7500,7500,,5000,5000,1.0,3021694564,20260901
B3_spatial_feature,1.0,all_class_maps,exactly_2_labels,micro,map_spearman,0.9832565497875214,0.9829030972329776,0.983597660518686,375,375,7500,7500,,5000,5000,1.0,3021694564,20260901
B3_spatial_feature,1.0,all_class_maps,exactly_2_labels,micro,energy_raw,0.010898557301983237,0.010527640851814455,0.011293764832814534,375,375,7500,7500,,5000,5000,1.0,3021694564,20260901
B3_spatial_feature,1.0,all_class_maps,exactly_2_labels,micro,energy_smoothed,0.005413817287872856,0.00519103356206809,0.005647908762870938,375,375,7500,7500,,5000,5000,1.0,3021694564,20260901
B3_spatial_feature,1.0,all_class_maps,exactly_2_labels,micro,energy_retention,0.3989062574625015,0.3959475494672855,0.4018209180646141,375,375,7500,7500,,5000,5000,1.0,3021694564,20260901
B3_spatial_feature,1.0,all_class_maps,exactly_2_labels,micro,smoothed_std_over_raw,0.8963865861018498,0.8951633508123955,0.8976005091621478,375,375,7500,7500,,5000,5000,1.0,3021694564,20260901
B3_spatial_feature,1.0,all_class_maps,exactly_2_labels,micro,linear_solve_relative_residual,4.8890102733518384e-06,4.844209942347864e-06,4.935078930403733e-06,375,375,7500,7500,,5000,5000,1.0,3021694564,20260901
B3_spatial_feature,1.0,all_class_maps,exactly_2_labels,micro,cg_iterations,8.0,8.0,8.0,375,375,7500,7500,,5000,5000,1.0,3021694564,20260901
B3_spatial_feature,1.0,all_class_maps,exactly_2_labels,micro,solve_runtime_ms_per_map,0.004539211056113277,0.004509671128180344,0.004582988480628787,375,375,7500,7500,,5000,5000,1.0,3021694564,20260901
B3_spatial_feature,1.0,all_class_maps,exactly_2_labels,macro_class,fidelity,0.04094237317889928,0.040453917348496626,0.0414414026024503,375,375,7500,7500,20,5000,5000,1.0,3021694564,20260901
B3_spatial_feature,1.0,all_class_maps,exactly_2_labels,macro_class,relative_l2_change,0.04094237317889928,0.040453917348496626,0.0414414026024503,375,375,7500,7500,20,5000,5000,1.0,3021694564,20260901
B3_spatial_feature,1.0,all_class_maps,exactly_2_labels,macro_class,map_pearson,0.9871979359467826,0.9868908371806145,0.9874884226491055,375,375,7500,7500,20,5000,5000,1.0,3021694564,20260901
B3_spatial_feature,1.0,all_class_maps,exactly_2_labels,macro_class,map_spearman,0.9832565497875212,0.9829030972329776,0.9835976605186858,375,375,7500,7500,20,5000,5000,1.0,3021694564,20260901
B3_spatial_feature,1.0,all_class_maps,exactly_2_labels,macro_class,energy_raw,0.010898557301983237,0.010527640851814452,0.011293764832814536,375,375,7500,7500,20,5000,5000,1.0,3021694564,20260901
B3_spatial_feature,1.0,all_class_maps,exactly_2_labels,macro_class,energy_smoothed,0.005413817287872856,0.00519103356206809,0.005647908762870938,375,375,7500,7500,20,5000,5000,1.0,3021694564,20260901
B3_spatial_feature,1.0,all_class_maps,exactly_2_labels,macro_class,energy_retention,0.3989062574625016,0.3959475494672855,0.4018209180646141,375,375,7500,7500,20,5000,5000,1.0,3021694564,20260901
B3_spatial_feature,1.0,all_class_maps,exactly_2_labels,macro_class,smoothed_std_over_raw,0.8963865861018497,0.8951633508123954,0.8976005091621476,375,375,7500,7500,20,5000,5000,1.0,3021694564,20260901
B3_spatial_feature,1.0,all_class_maps,exactly_2_labels,macro_class,linear_solve_relative_residual,4.889010273351839e-06,4.844209942347864e-06,4.935078930403733e-06,375,375,7500,7500,20,5000,5000,1.0,3021694564,20260901
B3_spatial_feature,1.0,all_class_maps,exactly_2_labels,macro_class,cg_iterations,8.0,8.0,8.0,375,375,7500,7500,20,5000,5000,1.0,3021694564,20260901
B3_spatial_feature,1.0,all_class_maps,exactly_2_labels,macro_class,solve_runtime_ms_per_map,0.0045392110561132785,0.004509671128180343,0.004582988480628786,375,375,7500,7500,20,5000,5000,1.0,3021694564,20260901
B3_spatial_feature,1.0,all_class_maps,3plus_labels,micro,fidelity,0.04527872052664558,0.04455742199048337,0.04600101578212502,147,147,2940,2940,,5000,5000,1.0,3021694564,20260901
B3_spatial_feature,1.0,all_class_maps,3plus_labels,micro,relative_l2_change,0.04527872052664558,0.04455742199048337,0.04600101578212502,147,147,2940,2940,,5000,5000,1.0,3021694564,20260901
B3_spatial_feature,1.0,all_class_maps,3plus_labels,micro,map_pearson,0.987688512197968,0.9873531638400085,0.9879989799395913,147,147,2940,2940,,5000,5000,1.0,3021694564,20260901
B3_spatial_feature,1.0,all_class_maps,3plus_labels,micro,map_spearman,0.9837740314452826,0.9833496299989166,0.9841807379426599,147,147,2940,2940,,5000,5000,1.0,3021694564,20260901
B3_spatial_feature,1.0,all_class_maps,3plus_labels,micro,energy_raw,0.014445534838065759,0.01377103283415512,0.015114006454104852,147,147,2940,2940,,5000,5000,1.0,3021694564,20260901
B3_spatial_feature,1.0,all_class_maps,3plus_labels,micro,energy_smoothed,0.007693341963878535,0.007272921056912532,0.00811995394784996,147,147,2940,2940,,5000,5000,1.0,3021694564,20260901
B3_spatial_feature,1.0,all_class_maps,3plus_labels,micro,energy_retention,0.4156633916253946,0.41181093098608407,0.4194492273775189,147,147,2940,2940,,5000,5000,1.0,3021694564,20260901
B3_spatial_feature,1.0,all_class_maps,3plus_labels,micro,smoothed_std_over_raw,0.8989523713888765,0.8968606214853776,0.9009153679185579,147,147,2940,2940,,5000,5000,1.0,3021694564,20260901
B3_spatial_feature,1.0,all_class_maps,3plus_labels,micro,linear_solve_relative_residual,4.9289505374089875e-06,4.867974142235246e-06,4.989404477699623e-06,147,147,2940,2940,,5000,5000,1.0,3021694564,20260901
B3_spatial_feature,1.0,all_class_maps,3plus_labels,micro,cg_iterations,8.0,8.0,8.0,147,147,2940,2940,,5000,5000,1.0,3021694564,20260901
B3_spatial_feature,1.0,all_class_maps,3plus_labels,micro,solve_runtime_ms_per_map,0.004544983433087188,0.004505933516373348,0.004620127554315129,147,147,2940,2940,,5000,5000,1.0,3021694564,20260901
B3_spatial_feature,1.0,all_class_maps,3plus_labels,macro_class,fidelity,0.04527872052664558,0.04455742199048337,0.04600101578212502,147,147,2940,2940,20,5000,5000,1.0,3021694564,20260901
B3_spatial_feature,1.0,all_class_maps,3plus_labels,macro_class,relative_l2_change,0.04527872052664558,0.04455742199048337,0.04600101578212502,147,147,2940,2940,20,5000,5000,1.0,3021694564,20260901
B3_spatial_feature,1.0,all_class_maps,3plus_labels,macro_class,map_pearson,0.9876885121979682,0.9873531638400084,0.9879989799395913,147,147,2940,2940,20,5000,5000,1.0,3021694564,20260901
B3_spatial_feature,1.0,all_class_maps,3plus_labels,macro_class,map_spearman,0.9837740314452825,0.9833496299989168,0.9841807379426599,147,147,2940,2940,20,5000,5000,1.0,3021694564,20260901
B3_spatial_feature,1.0,all_class_maps,3plus_labels,macro_class,energy_raw,0.014445534838065757,0.013771032834155124,0.015114006454104852,147,147,2940,2940,20,5000,5000,1.0,3021694564,20260901
B3_spatial_feature,1.0,all_class_maps,3plus_labels,macro_class,energy_smoothed,0.007693341963878534,0.0072729210569125345,0.00811995394784996,147,147,2940,2940,20,5000,5000,1.0,3021694564,20260901
B3_spatial_feature,1.0,all_class_maps,3plus_labels,macro_class,energy_retention,0.4156633916253947,0.411810930986084,0.41944922737751894,147,147,2940,2940,20,5000,5000,1.0,3021694564,20260901
B3_spatial_feature,1.0,all_class_maps,3plus_labels,macro_class,smoothed_std_over_raw,0.8989523713888763,0.8968606214853777,0.9009153679185579,147,147,2940,2940,20,5000,5000,1.0,3021694564,20260901
B3_spatial_feature,1.0,all_class_maps,3plus_labels,macro_class,linear_solve_relative_residual,4.928950537408988e-06,4.867974142235245e-06,4.989404477699622e-06,147,147,2940,2940,20,5000,5000,1.0,3021694564,20260901
B3_spatial_feature,1.0,all_class_maps,3plus_labels,macro_class,cg_iterations,8.0,8.0,8.0,147,147,2940,2940,20,5000,5000,1.0,3021694564,20260901
B3_spatial_feature,1.0,all_class_maps,3plus_labels,macro_class,solve_runtime_ms_per_map,0.004544983433087189,0.004505933516373348,0.004620127554315128,147,147,2940,2940,20,5000,5000,1.0,3021694564,20260901
B3_spatial_feature,1.0,per_class,all,micro,fidelity,0.03252967737687095,0.03208805481640376,0.03300399520113715,1449,1449,1449,1449,,5000,5000,1.0,3021694564,20260901
B3_spatial_feature,1.0,per_class,all,micro,relative_l2_change,0.03252967737687095,0.03208805481640376,0.03300399520113715,1449,1449,1449,1449,,5000,5000,1.0,3021694564,20260901
B3_spatial_feature,1.0,per_class,all,micro,map_pearson,0.9873037239532787,0.9870984484669749,0.9874961052426723,1449,1449,1449,1449,,5000,5000,1.0,3021694564,20260901
B3_spatial_feature,1.0,per_class,all,micro,map_spearman,0.9826925528139966,0.982368616297008,0.98300928073126,1449,1449,1449,1449,,5000,5000,1.0,3021694564,20260901
B3_spatial_feature,1.0,per_class,all,micro,energy_raw,0.005584940945860088,0.005235611773196854,0.0059771386402620716,1449,1449,1449,1449,,5000,5000,1.0,3021694564,20260901
B3_spatial_feature,1.0,per_class,all,micro,energy_smoothed,0.0023578972612498645,0.002126866403183488,0.002615763400000018,1449,1449,1449,1449,,5000,5000,1.0,3021694564,20260901
B3_spatial_feature,1.0,per_class,all,micro,energy_retention,0.3709955156219672,0.3678184376519207,0.3742670672599244,1449,1449,1449,1449,,5000,5000,1.0,3021694564,20260901
B3_spatial_feature,1.0,per_class,all,micro,smoothed_std_over_raw,0.8889250753664658,0.8876982218679106,0.8901636360183595,1449,1449,1449,1449,,5000,5000,1.0,3021694564,20260901
B3_spatial_feature,1.0,per_class,all,micro,linear_solve_relative_residual,4.621011260112609e-06,4.565501830721076e-06,4.677007118144198e-06,1449,1449,1449,1449,,5000,5000,1.0,3021694564,20260901
B3_spatial_feature,1.0,per_class,all,micro,cg_iterations,8.0,8.0,8.0,1449,1449,1449,1449,,5000,5000,1.0,3021694564,20260901
B3_spatial_feature,1.0,per_class,all,micro,solve_runtime_ms_per_map,0.004542933496099617,0.004523820287797174,0.004565399711416965,1449,1449,1449,1449,,5000,5000,1.0,3021694564,20260901
B3_spatial_feature,1.0,per_class,all,micro,fidelity,0.03460630474726523,0.033894485309675045,0.03537724285535617,1449,1449,1449,1449,,5000,5000,1.0,3021694564,20260901
B3_spatial_feature,1.0,per_class,all,micro,relative_l2_change,0.03460630474726523,0.033894485309675045,0.03537724285535617,1449,1449,1449,1449,,5000,5000,1.0,3021694564,20260901
B3_spatial_feature,1.0,per_class,all,micro,map_pearson,0.9875835022324114,0.9873820967926003,0.9877742105193843,1449,1449,1449,1449,,5000,5000,1.0,3021694564,20260901
B3_spatial_feature,1.0,per_class,all,micro,map_spearman,0.9826385053870923,0.9822952723208997,0.9829680176563638,1449,1449,1449,1449,,5000,5000,1.0,3021694564,20260901
B3_spatial_feature,1.0,per_class,all,micro,energy_raw,0.00711112421101089,0.006543097257202143,0.007737061707929594,1449,1449,1449,1449,,5000,5000,1.0,3021694564,20260901
B3_spatial_feature,1.0,per_class,all,micro,energy_smoothed,0.003209112375798546,0.00285564374061831,0.0035969432577571303,1449,1449,1449,1449,,5000,5000,1.0,3021694564,20260901
B3_spatial_feature,1.0,per_class,all,micro,energy_retention,0.3709127814132975,0.36743308477170555,0.3744962637026693,1449,1449,1449,1449,,5000,5000,1.0,3021694564,20260901
B3_spatial_feature,1.0,per_class,all,micro,smoothed_std_over_raw,0.892601732511698,0.8913215080444528,0.8938542861519723,1449,1449,1449,1449,,5000,5000,1.0,3021694564,20260901
B3_spatial_feature,1.0,per_class,all,micro,linear_solve_relative_residual,4.4884869970791786e-06,4.4306422947135235e-06,4.5467594183698775e-06,1449,1449,1449,1449,,5000,5000,1.0,3021694564,20260901
B3_spatial_feature,1.0,per_class,all,micro,cg_iterations,8.0,8.0,8.0,1449,1449,1449,1449,,5000,5000,1.0,3021694564,20260901
B3_spatial_feature,1.0,per_class,all,micro,solve_runtime_ms_per_map,0.004542933496099617,0.004523820287797174,0.004565399711416965,1449,1449,1449,1449,,5000,5000,1.0,3021694564,20260901
B3_spatial_feature,1.0,per_class,all,micro,fidelity,0.03307916520174986,0.03272101680421655,0.03347487524842742,1449,1449,1449,1449,,5000,5000,1.0,3021694564,20260901
B3_spatial_feature,1.0,per_class,all,micro,relative_l2_change,0.03307916520174986,0.03272101680421655,0.03347487524842742,1449,1449,1449,1449,,5000,5000,1.0,3021694564,20260901
B3_spatial_feature,1.0,per_class,all,micro,map_pearson,0.9857142978984788,0.9854998492779117,0.9859203842866412,1449,1449,1449,1449,,5000,5000,1.0,3021694564,20260901
B3_spatial_feature,1.0,per_class,all,micro,map_spearman,0.9805351411416006,0.9801458888048957,0.9809128578508041,1449,1449,1449,1449,,5000,5000,1.0,3021694564,20260901
B3_spatial_feature,1.0,per_class,all,micro,energy_raw,0.005411394378151089,0.0051918731471358144,0.005670479117280317,1449,1449,1449,1449,,5000,5000,1.0,3021694564,20260901
B3_spatial_feature,1.0,per_class,all,micro,energy_smoothed,0.002079450403746048,0.0019506243266919827,0.0022322149080246587,1449,1449,1449,1449,,5000,5000,1.0,3021694564,20260901
B3_spatial_feature,1.0,per_class,all,micro,energy_retention,0.35856912430604626,0.35596894090744524,0.36127876703125433,1449,1449,1449,1449,,5000,5000,1.0,3021694564,20260901
B3_spatial_feature,1.0,per_class,all,micro,smoothed_std_over_raw,0.8884947916982584,0.8872311550524828,0.889722621762769,1449,1449,1449,1449,,5000,5000,1.0,3021694564,20260901
B3_spatial_feature,1.0,per_class,all,micro,linear_solve_relative_residual,4.634930322377016e-06,4.581274526571773e-06,4.6867101115735534e-06,1449,1449,1449,1449,,5000,5000,1.0,3021694564,20260901
B3_spatial_feature,1.0,per_class,all,micro,cg_iterations,8.0,8.0,8.0,1449,1449,1449,1449,,5000,5000,1.0,3021694564,20260901
B3_spatial_feature,1.0,per_class,all,micro,solve_runtime_ms_per_map,0.004542933496099617,0.004523820287797174,0.004565399711416965,1449,1449,1449,1449,,5000,5000,1.0,3021694564,20260901
B3_spatial_feature,1.0,per_class,all,micro,fidelity,0.0336597446915279,0.03302439955230918,0.0343290602607078,1449,1449,1449,1449,,5000,5000,1.0,3021694564,20260901
B3_spatial_feature,1.0,per_class,all,micro,relative_l2_change,0.0336597446915279,0.03302439955230918,0.0343290602607078,1449,1449,1449,1449,,5000,5000,1.0,3021694564,20260901
B3_spatial_feature,1.0,per_class,all,micro,map_pearson,0.9877913321932075,0.9876089801586357,0.9879769539898885,1449,1449,1449,1449,,5000,5000,1.0,3021694564,20260901
B3_spatial_feature,1.0,per_class,all,micro,map_spearman,0.9833569207053253,0.9830564283096765,0.9836581585888948,1449,1449,1449,1449,,5000,5000,1.0,3021694564,20260901
B3_spatial_feature,1.0,per_class,all,micro,energy_raw,0.00650339352504946,0.00599689694471208,0.007076558137556449,1449,1449,1449,1449,,5000,5000,1.0,3021694564,20260901
B3_spatial_feature,1.0,per_class,all,micro,energy_smoothed,0.0029132707587030656,0.002586418108165738,0.003285689047790459,1449,1449,1449,1449,,5000,5000,1.0,3021694564,20260901
B3_spatial_feature,1.0,per_class,all,micro,energy_retention,0.38015956106146426,0.37693768390772503,0.3834935327936568,1449,1449,1449,1449,,5000,5000,1.0,3021694564,20260901
B3_spatial_feature,1.0,per_class,all,micro,smoothed_std_over_raw,0.8913798616457348,0.8901250641754449,0.892665690258711,1449,1449,1449,1449,,5000,5000,1.0,3021694564,20260901
B3_spatial_feature,1.0,per_class,all,micro,linear_solve_relative_residual,4.610135234760297e-06,4.55095468249205e-06,4.670085956368762e-06,1449,1449,1449,1449,,5000,5000,1.0,3021694564,20260901
B3_spatial_feature,1.0,per_class,all,micro,cg_iterations,8.0,8.0,8.0,1449,1449,1449,1449,,5000,5000,1.0,3021694564,20260901
B3_spatial_feature,1.0,per_class,all,micro,solve_runtime_ms_per_map,0.004542933496099617,0.004523820287797174,0.004565399711416965,1449,1449,1449,1449,,5000,5000,1.0,3021694564,20260901
B3_spatial_feature,1.0,per_class,all,micro,fidelity,0.04030836168535213,0.039356438811833726,0.04126700537348021,1449,1449,1449,1449,,5000,5000,1.0,3021694564,20260901
B3_spatial_feature,1.0,per_class,all,micro,relative_l2_change,0.04030836168535213,0.039356438811833726,0.04126700537348021,1449,1449,1449,1449,,5000,5000,1.0,3021694564,20260901
B3_spatial_feature,1.0,per_class,all,micro,map_pearson,0.9863118355318626,0.9860273454561983,0.9865877156487163,1449,1449,1449,1449,,5000,5000,1.0,3021694564,20260901
B3_spatial_feature,1.0,per_class,all,micro,map_spearman,0.9800600872688083,0.9795500588610387,0.9805435239075792,1449,1449,1449,1449,,5000,5000,1.0,3021694564,20260901
B3_spatial_feature,1.0,per_class,all,micro,energy_raw,0.010192204752372638,0.00940900484687765,0.011011853013900279,1449,1449,1449,1449,,5000,5000,1.0,3021694564,20260901
B3_spatial_feature,1.0,per_class,all,micro,energy_smoothed,0.004869650003967551,0.004363255555455833,0.0053944241188004505,1449,1449,1449,1449,,5000,5000,1.0,3021694564,20260901
B3_spatial_feature,1.0,per_class,all,micro,energy_retention,0.38311762026953977,0.378726136487998,0.3875260059800824,1449,1449,1449,1449,,5000,5000,1.0,3021694564,20260901
B3_spatial_feature,1.0,per_class,all,micro,smoothed_std_over_raw,0.8940576194811888,0.8926401522475905,0.8955230916940895,1449,1449,1449,1449,,5000,5000,1.0,3021694564,20260901
B3_spatial_feature,1.0,per_class,all,micro,linear_solve_relative_residual,4.748110095304675e-06,4.66566903891975e-06,4.830387710790047e-06,1449,1449,1449,1449,,5000,5000,1.0,3021694564,20260901
B3_spatial_feature,1.0,per_class,all,micro,cg_iterations,8.0,8.0,8.0,1449,1449,1449,1449,,5000,5000,1.0,3021694564,20260901
B3_spatial_feature,1.0,per_class,all,micro,solve_runtime_ms_per_map,0.004542933496099617,0.004523820287797174,0.004565399711416965,1449,1449,1449,1449,,5000,5000,1.0,3021694564,20260901
B3_spatial_feature,1.0,per_class,all,micro,fidelity,0.035140815867770535,0.03457177865982256,0.03574892276964871,1449,1449,1449,1449,,5000,5000,1.0,3021694564,20260901
B3_spatial_feature,1.0,per_class,all,micro,relative_l2_change,0.035140815867770535,0.03457177865982256,0.03574892276964871,1449,1449,1449,1449,,5000,5000,1.0,3021694564,20260901
B3_spatial_feature,1.0,per_class,all,micro,map_pearson,0.9871979984355187,0.9869763674017806,0.9874103841430323,1449,1449,1449,1449,,5000,5000,1.0,3021694564,20260901
B3_spatial_feature,1.0,per_class,all,micro,map_spearman,0.9813320983928842,0.9809225964671665,0.9817454496494978,1449,1449,1449,1449,,5000,5000,1.0,3021694564,20260901
B3_spatial_feature,1.0,per_class,all,micro,energy_raw,0.0068524456125015,0.006432922064275928,0.0073006491970240015,1449,1449,1449,1449,,5000,5000,1.0,3021694564,20260901
B3_spatial_feature,1.0,per_class,all,micro,energy_smoothed,0.00303420924059044,0.002764559724789588,0.003322306117669766,1449,1449,1449,1449,,5000,5000,1.0,3021694564,20260901
B3_spatial_feature,1.0,per_class,all,micro,energy_retention,0.37958593365239474,0.3759365791906111,0.38330407853555154,1449,1449,1449,1449,,5000,5000,1.0,3021694564,20260901
B3_spatial_feature,1.0,per_class,all,micro,smoothed_std_over_raw,0.8909839762746259,0.8896797908995792,0.8922811462446851,1449,1449,1449,1449,,5000,5000,1.0,3021694564,20260901
B3_spatial_feature,1.0,per_class,all,micro,linear_solve_relative_residual,4.729986587242693e-06,4.6702760042113895e-06,4.788928486739934e-06,1449,1449,1449,1449,,5000,5000,1.0,3021694564,20260901
B3_spatial_feature,1.0,per_class,all,micro,cg_iterations,8.0,8.0,8.0,1449,1449,1449,1449,,5000,5000,1.0,3021694564,20260901
B3_spatial_feature,1.0,per_class,all,micro,solve_runtime_ms_per_map,0.004542933496099617,0.004523820287797174,0.004565399711416965,1449,1449,1449,1449,,5000,5000,1.0,3021694564,20260901
B3_spatial_feature,1.0,per_class,all,micro,fidelity,0.04209617390879028,0.041015516545333024,0.043213994902725095,1449,1449,1449,1449,,5000,5000,1.0,3021694564,20260901
B3_spatial_feature,1.0,per_class,all,micro,relative_l2_change,0.04209617390879028,0.041015516545333024,0.043213994902725095,1449,1449,1449,1449,,5000,5000,1.0,3021694564,20260901
B3_spatial_feature,1.0,per_class,all,micro,map_pearson,0.9873004204409134,0.9870621458384973,0.9875274428330347,1449,1449,1449,1449,,5000,5000,1.0,3021694564,20260901
B3_spatial_feature,1.0,per_class,all,micro,map_spearman,0.9822884816149335,0.9818983444824476,0.9826578285671087,1449,1449,1449,1449,,5000,5000,1.0,3021694564,20260901
B3_spatial_feature,1.0,per_class,all,micro,energy_raw,0.011481013256359751,0.010615790698234939,0.012382722470676046,1449,1449,1449,1449,,5000,5000,1.0,3021694564,20260901
B3_spatial_feature,1.0,per_class,all,micro,energy_smoothed,0.0054069174946674,0.004911340501555233,0.005927696115303126,1449,1449,1449,1449,,5000,5000,1.0,3021694564,20260901
B3_spatial_feature,1.0,per_class,all,micro,energy_retention,0.39616107841949777,0.3920519840859232,0.40026917930941813,1449,1449,1449,1449,,5000,5000,1.0,3021694564,20260901
B3_spatial_feature,1.0,per_class,all,micro,smoothed_std_over_raw,0.8963877604368063,0.8948917028511533,0.8978503939435348,1449,1449,1449,1449,,5000,5000,1.0,3021694564,20260901
B3_spatial_feature,1.0,per_class,all,micro,linear_solve_relative_residual,4.8742251036685936e-06,4.798772860232134e-06,4.9534190615699205e-06,1449,1449,1449,1449,,5000,5000,1.0,3021694564,20260901
B3_spatial_feature,1.0,per_class,all,micro,cg_iterations,8.0,8.0,8.0,1449,1449,1449,1449,,5000,5000,1.0,3021694564,20260901
B3_spatial_feature,1.0,per_class,all,micro,solve_runtime_ms_per_map,0.004542933496099617,0.004523820287797174,0.004565399711416965,1449,1449,1449,1449,,5000,5000,1.0,3021694564,20260901
B3_spatial_feature,1.0,per_class,all,micro,fidelity,0.03395529099842283,0.03341188146012885,0.034548090441503386,1449,1449,1449,1449,,5000,5000,1.0,3021694564,20260901
B3_spatial_feature,1.0,per_class,all,micro,relative_l2_change,0.03395529099842283,0.03341188146012885,0.034548090441503386,1449,1449,1449,1449,,5000,5000,1.0,3021694564,20260901
B3_spatial_feature,1.0,per_class,all,micro,map_pearson,0.9874262419382073,0.9872059217058353,0.9876415420557566,1449,1449,1449,1449,,5000,5000,1.0,3021694564,20260901
B3_spatial_feature,1.0,per_class,all,micro,map_spearman,0.9825697449505781,0.9822153404139091,0.9829117927090968,1449,1449,1449,1449,,5000,5000,1.0,3021694564,20260901
B3_spatial_feature,1.0,per_class,all,micro,energy_raw,0.0065699590021696804,0.006147801392679402,0.007050189713626429,1449,1449,1449,1449,,5000,5000,1.0,3021694564,20260901
B3_spatial_feature,1.0,per_class,all,micro,energy_smoothed,0.003010414298215664,0.002726121765788849,0.003328435255382165,1449,1449,1449,1449,,5000,5000,1.0,3021694564,20260901
B3_spatial_feature,1.0,per_class,all,micro,energy_retention,0.3804023471719401,0.3761590756301102,0.3848370335240295,1449,1449,1449,1449,,5000,5000,1.0,3021694564,20260901
B3_spatial_feature,1.0,per_class,all,micro,smoothed_std_over_raw,0.8938141933714957,0.8924665606766424,0.8951699566684812,1449,1449,1449,1449,,5000,5000,1.0,3021694564,20260901
B3_spatial_feature,1.0,per_class,all,micro,linear_solve_relative_residual,4.526814484373378e-06,4.466609337071056e-06,4.587213693008916e-06,1449,1449,1449,1449,,5000,5000,1.0,3021694564,20260901
B3_spatial_feature,1.0,per_class,all,micro,cg_iterations,8.0,8.0,8.0,1449,1449,1449,1449,,5000,5000,1.0,3021694564,20260901
B3_spatial_feature,1.0,per_class,all,micro,solve_runtime_ms_per_map,0.004542933496099617,0.004523820287797174,0.004565399711416965,1449,1449,1449,1449,,5000,5000,1.0,3021694564,20260901
B3_spatial_feature,1.0,per_class,all,micro,fidelity,0.04680482661280861,0.045569662883295434,0.048168227725596084,1449,1449,1449,1449,,5000,5000,1.0,3021694564,20260901
B3_spatial_feature,1.0,per_class,all,micro,relative_l2_change,0.04680482661280861,0.045569662883295434,0.048168227725596084,1449,1449,1449,1449,,5000,5000,1.0,3021694564,20260901
B3_spatial_feature,1.0,per_class,all,micro,map_pearson,0.98616776995366,0.9858617854795019,0.9864615804207909,1449,1449,1449,1449,,5000,5000,1.0,3021694564,20260901
B3_spatial_feature,1.0,per_class,all,micro,map_spearman,0.9796034553036186,0.979092936415233,0.9801085321305949,1449,1449,1449,1449,,5000,5000,1.0,3021694564,20260901
B3_spatial_feature,1.0,per_class,all,micro,energy_raw,0.015118487143928919,0.013971878564595185,0.01640039174442306,1449,1449,1449,1449,,5000,5000,1.0,3021694564,20260901
B3_spatial_feature,1.0,per_class,all,micro,energy_smoothed,0.007709410895765075,0.006977999021612597,0.008499204183781963,1449,1449,1449,1449,,5000,5000,1.0,3021694564,20260901
B3_spatial_feature,1.0,per_class,all,micro,energy_retention,0.39335269161633085,0.388332529230785,0.39849273779161476,1449,1449,1449,1449,,5000,5000,1.0,3021694564,20260901
B3_spatial_feature,1.0,per_class,all,micro,smoothed_std_over_raw,0.8927202803912535,0.8912074231953354,0.8942400480001609,1449,1449,1449,1449,,5000,5000,1.0,3021694564,20260901
B3_spatial_feature,1.0,per_class,all,micro,linear_solve_relative_residual,4.845845136843881e-06,4.766416467939003e-06,4.925848029037475e-06,1449,1449,1449,1449,,5000,5000,1.0,3021694564,20260901
B3_spatial_feature,1.0,per_class,all,micro,cg_iterations,8.0,8.0,8.0,1449,1449,1449,1449,,5000,5000,1.0,3021694564,20260901
B3_spatial_feature,1.0,per_class,all,micro,solve_runtime_ms_per_map,0.004542933496099617,0.004523820287797174,0.004565399711416965,1449,1449,1449,1449,,5000,5000,1.0,3021694564,20260901
B3_spatial_feature,1.0,per_class,all,micro,fidelity,0.03350895355160562,0.032846370938229535,0.034218062767585426,1449,1449,1449,1449,,5000,5000,1.0,3021694564,20260901
B3_spatial_feature,1.0,per_class,all,micro,relative_l2_change,0.03350895355160562,0.032846370938229535,0.034218062767585426,1449,1449,1449,1449,,5000,5000,1.0,3021694564,20260901
B3_spatial_feature,1.0,per_class,all,micro,map_pearson,0.986480146461392,0.9862327872421348,0.986728329823871,1449,1449,1449,1449,,5000,5000,1.0,3021694564,20260901
B3_spatial_feature,1.0,per_class,all,micro,map_spearman,0.9803522375635314,0.9799390962672612,0.98075833535651,1449,1449,1449,1449,,5000,5000,1.0,3021694564,20260901
B3_spatial_feature,1.0,per_class,all,micro,energy_raw,0.0067092568305558205,0.00614135054300571,0.007337864645536002,1449,1449,1449,1449,,5000,5000,1.0,3021694564,20260901
B3_spatial_feature,1.0,per_class,all,micro,energy_smoothed,0.003137446454560013,0.002761016349961814,0.0035513680185945504,1449,1449,1449,1449,,5000,5000,1.0,3021694564,20260901
B3_spatial_feature,1.0,per_class,all,micro,energy_retention,0.3689957965728412,0.3650730068387247,0.37310539736130305,1449,1449,1449,1449,,5000,5000,1.0,3021694564,20260901
B3_spatial_feature,1.0,per_class,all,micro,smoothed_std_over_raw,0.8918942947729939,0.8907235219539898,0.8931107895756031,1449,1449,1449,1449,,5000,5000,1.0,3021694564,20260901
B3_spatial_feature,1.0,per_class,all,micro,linear_solve_relative_residual,4.309103190727968e-06,4.261042476404141e-06,4.358342837810036e-06,1449,1449,1449,1449,,5000,5000,1.0,3021694564,20260901
B3_spatial_feature,1.0,per_class,all,micro,cg_iterations,8.0,8.0,8.0,1449,1449,1449,1449,,5000,5000,1.0,3021694564,20260901
B3_spatial_feature,1.0,per_class,all,micro,solve_runtime_ms_per_map,0.004542933496099617,0.004523820287797174,0.004565399711416965,1449,1449,1449,1449,,5000,5000,1.0,3021694564,20260901
B3_spatial_feature,1.0,per_class,all,micro,fidelity,0.036721032945821006,0.035932584472156144,0.03755558548801115,1449,1449,1449,1449,,5000,5000,1.0,3021694564,20260901
B3_spatial_feature,1.0,per_class,all,micro,relative_l2_change,0.036721032945821006,0.035932584472156144,0.03755558548801115,1449,1449,1449,1449,,5000,5000,1.0,3021694564,20260901
B3_spatial_feature,1.0,per_class,all,micro,map_pearson,0.9871278194578209,0.9869003961679028,0.9873362040102195,1449,1449,1449,1449,,5000,5000,1.0,3021694564,20260901
B3_spatial_feature,1.0,per_class,all,micro,map_spearman,0.981837320607477,0.9814104751585434,0.9822492020337067,1449,1449,1449,1449,,5000,5000,1.0,3021694564,20260901
B3_spatial_feature,1.0,per_class,all,micro,energy_raw,0.008128713067618422,0.007463190351574141,0.008857740438145568,1449,1449,1449,1449,,5000,5000,1.0,3021694564,20260901
B3_spatial_feature,1.0,per_class,all,micro,energy_smoothed,0.003734595128325418,0.003320602664016663,0.004188105833278907,1449,1449,1449,1449,,5000,5000,1.0,3021694564,20260901
B3_spatial_feature,1.0,per_class,all,micro,energy_retention,0.3773135542869568,0.37369577592409753,0.38086280831186586,1449,1449,1449,1449,,5000,5000,1.0,3021694564,20260901
B3_spatial_feature,1.0,per_class,all,micro,smoothed_std_over_raw,0.8911233599881948,0.8898039058005094,0.8924089461842679,1449,1449,1449,1449,,5000,5000,1.0,3021694564,20260901
B3_spatial_feature,1.0,per_class,all,micro,linear_solve_relative_residual,4.66488461370318e-06,4.597695951604248e-06,4.728103660381227e-06,1449,1449,1449,1449,,5000,5000,1.0,3021694564,20260901
B3_spatial_feature,1.0,per_class,all,micro,cg_iterations,8.0,8.0,8.0,1449,1449,1449,1449,,5000,5000,1.0,3021694564,20260901
B3_spatial_feature,1.0,per_class,all,micro,solve_runtime_ms_per_map,0.004542933496099617,0.004523820287797174,0.004565399711416965,1449,1449,1449,1449,,5000,5000,1.0,3021694564,20260901
B3_spatial_feature,1.0,per_class,all,micro,fidelity,0.03800197681212853,0.03740958808015021,0.03865324214018567,1449,1449,1449,1449,,5000,5000,1.0,3021694564,20260901
B3_spatial_feature,1.0,per_class,all,micro,relative_l2_change,0.03800197681212853,0.03740958808015021,0.03865324214018567,1449,1449,1449,1449,,5000,5000,1.0,3021694564,20260901
B3_spatial_feature,1.0,per_class,all,micro,map_pearson,0.9862434255657235,0.985962573790073,0.9865341328336421,1449,1449,1449,1449,,5000,5000,1.0,3021694564,20260901
B3_spatial_feature,1.0,per_class,all,micro,map_spearman,0.9806553216701215,0.9801943594696523,0.9811268020531817,1449,1449,1449,1449,,5000,5000,1.0,3021694564,20260901
B3_spatial_feature,1.0,per_class,all,micro,energy_raw,0.008283017577122694,0.007776296444769417,0.008831988973639458,1449,1449,1449,1449,,5000,5000,1.0,3021694564,20260901
B3_spatial_feature,1.0,per_class,all,micro,energy_smoothed,0.003868396742879352,0.0035233543736144634,0.0042501980384919095,1449,1449,1449,1449,,5000,5000,1.0,3021694564,20260901
B3_spatial_feature,1.0,per_class,all,micro,energy_retention,0.38458075455092333,0.37970945254698385,0.38991352993714723,1449,1449,1449,1449,,5000,5000,1.0,3021694564,20260901
B3_spatial_feature,1.0,per_class,all,micro,smoothed_std_over_raw,0.8907866110630575,0.8892082275204448,0.8924797753719234,1449,1449,1449,1449,,5000,5000,1.0,3021694564,20260901
B3_spatial_feature,1.0,per_class,all,micro,linear_solve_relative_residual,4.928850196849517e-06,4.860354381875326e-06,4.995361219609864e-06,1449,1449,1449,1449,,5000,5000,1.0,3021694564,20260901
B3_spatial_feature,1.0,per_class,all,micro,cg_iterations,8.0,8.0,8.0,1449,1449,1449,1449,,5000,5000,1.0,3021694564,20260901
B3_spatial_feature,1.0,per_class,all,micro,solve_runtime_ms_per_map,0.004542933496099617,0.004523820287797174,0.004565399711416965,1449,1449,1449,1449,,5000,5000,1.0,3021694564,20260901
B3_spatial_feature,1.0,per_class,all,micro,fidelity,0.03464741003362165,0.034036389132736676,0.03528627880059666,1449,1449,1449,1449,,5000,5000,1.0,3021694564,20260901
B3_spatial_feature,1.0,per_class,all,micro,relative_l2_change,0.03464741003362165,0.034036389132736676,0.03528627880059666,1449,1449,1449,1449,,5000,5000,1.0,3021694564,20260901
B3_spatial_feature,1.0,per_class,all,micro,map_pearson,0.9873184487686394,0.9871208938732075,0.9875147456368798,1449,1449,1449,1449,,5000,5000,1.0,3021694564,20260901
B3_spatial_feature,1.0,per_class,all,micro,map_spearman,0.9820221879302921,0.9816412707139,0.9823915218961411,1449,1449,1449,1449,,5000,5000,1.0,3021694564,20260901
B3_spatial_feature,1.0,per_class,all,micro,energy_raw,0.006759637093918335,0.006281849364638411,0.00728001882940122,1449,1449,1449,1449,,5000,5000,1.0,3021694564,20260901
B3_spatial_feature,1.0,per_class,all,micro,energy_smoothed,0.0029770791372496397,0.0026837743385727457,0.0032905531813297514,1449,1449,1449,1449,,5000,5000,1.0,3021694564,20260901
B3_spatial_feature,1.0,per_class,all,micro,energy_retention,0.372100806096408,0.36845178570549514,0.375948765183869,1449,1449,1449,1449,,5000,5000,1.0,3021694564,20260901
B3_spatial_feature,1.0,per_class,all,micro,smoothed_std_over_raw,0.8893325067208173,0.8881277750398555,0.8905802099313137,1449,1449,1449,1449,,5000,5000,1.0,3021694564,20260901
B3_spatial_feature,1.0,per_class,all,micro,linear_solve_relative_residual,4.570567331955893e-06,4.515573635730586e-06,4.625941110634373e-06,1449,1449,1449,1449,,5000,5000,1.0,3021694564,20260901
B3_spatial_feature,1.0,per_class,all,micro,cg_iterations,8.0,8.0,8.0,1449,1449,1449,1449,,5000,5000,1.0,3021694564,20260901
B3_spatial_feature,1.0,per_class,all,micro,solve_runtime_ms_per_map,0.004542933496099617,0.004523820287797174,0.004565399711416965,1449,1449,1449,1449,,5000,5000,1.0,3021694564,20260901
B3_spatial_feature,1.0,per_class,all,micro,fidelity,0.035269211187156584,0.03468075114658412,0.03588161205656292,1449,1449,1449,1449,,5000,5000,1.0,3021694564,20260901
B3_spatial_feature,1.0,per_class,all,micro,relative_l2_change,0.035269211187156584,0.03468075114658412,0.03588161205656292,1449,1449,1449,1449,,5000,5000,1.0,3021694564,20260901
B3_spatial_feature,1.0,per_class,all,micro,map_pearson,0.9876654663523614,0.9874609367941231,0.9878681664377594,1449,1449,1449,1449,,5000,5000,1.0,3021694564,20260901
B3_spatial_feature,1.0,per_class,all,micro,map_spearman,0.9818174261484087,0.9814096161965834,0.982195809666579,1449,1449,1449,1449,,5000,5000,1.0,3021694564,20260901
B3_spatial_feature,1.0,per_class,all,micro,energy_raw,0.007051680254890713,0.006605366495020304,0.0075118325845279915,1449,1449,1449,1449,,5000,5000,1.0,3021694564,20260901
B3_spatial_feature,1.0,per_class,all,micro,energy_smoothed,0.003203499680804378,0.002901506748855597,0.0035114484758367696,1449,1449,1449,1449,,5000,5000,1.0,3021694564,20260901
B3_spatial_feature,1.0,per_class,all,micro,energy_retention,0.37730347345087595,0.3732947192762209,0.38142923110719384,1449,1449,1449,1449,,5000,5000,1.0,3021694564,20260901
B3_spatial_feature,1.0,per_class,all,micro,smoothed_std_over_raw,0.8895846596662549,0.8881811990192465,0.8910132665698738,1449,1449,1449,1449,,5000,5000,1.0,3021694564,20260901
B3_spatial_feature,1.0,per_class,all,micro,linear_solve_relative_residual,4.616336633485559e-06,4.5537290652651035e-06,4.677489755565554e-06,1449,1449,1449,1449,,5000,5000,1.0,3021694564,20260901
B3_spatial_feature,1.0,per_class,all,micro,cg_iterations,8.0,8.0,8.0,1449,1449,1449,1449,,5000,5000,1.0,3021694564,20260901
B3_spatial_feature,1.0,per_class,all,micro,solve_runtime_ms_per_map,0.004542933496099617,0.004523820287797174,0.004565399711416965,1449,1449,1449,1449,,5000,5000,1.0,3021694564,20260901
B3_spatial_feature,1.0,per_class,all,micro,fidelity,0.05574644977976282,0.054228953643251414,0.057265304589323995,1449,1449,1449,1449,,5000,5000,1.0,3021694564,20260901
B3_spatial_feature,1.0,per_class,all,micro,relative_l2_change,0.05574644977976282,0.054228953643251414,0.057265304589323995,1449,1449,1449,1449,,5000,5000,1.0,3021694564,20260901
B3_spatial_feature,1.0,per_class,all,micro,map_pearson,0.9887581339287215,0.9884601485500918,0.9890490390931104,1449,1449,1449,1449,,5000,5000,1.0,3021694564,20260901
B3_spatial_feature,1.0,per_class,all,micro,map_spearman,0.9842890919776848,0.9838974832953709,0.9846848878503011,1449,1449,1449,1449,,5000,5000,1.0,3021694564,20260901
B3_spatial_feature,1.0,per_class,all,micro,energy_raw,0.02202026813732572,0.020538183264420678,0.023533143153987125,1449,1449,1449,1449,,5000,5000,1.0,3021694564,20260901
B3_spatial_feature,1.0,per_class,all,micro,energy_smoothed,0.011917988445771776,0.01103110881040046,0.01282331633407034,1449,1449,1449,1449,,5000,5000,1.0,3021694564,20260901
B3_spatial_feature,1.0,per_class,all,micro,energy_retention,0.4580280132915663,0.45180215043619304,0.46430748738579863,1449,1449,1449,1449,,5000,5000,1.0,3021694564,20260901
B3_spatial_feature,1.0,per_class,all,micro,smoothed_std_over_raw,0.9029007931673749,0.9009824705923977,0.9048636076962889,1449,1449,1449,1449,,5000,5000,1.0,3021694564,20260901
B3_spatial_feature,1.0,per_class,all,micro,linear_solve_relative_residual,4.696252889663347e-06,4.601223274559647e-06,4.793417819764332e-06,1449,1449,1449,1449,,5000,5000,1.0,3021694564,20260901
B3_spatial_feature,1.0,per_class,all,micro,cg_iterations,8.0,8.0,8.0,1449,1449,1449,1449,,5000,5000,1.0,3021694564,20260901
B3_spatial_feature,1.0,per_class,all,micro,solve_runtime_ms_per_map,0.004542933496099617,0.004523820287797174,0.004565399711416965,1449,1449,1449,1449,,5000,5000,1.0,3021694564,20260901
B3_spatial_feature,1.0,per_class,all,micro,fidelity,0.04397919463357529,0.04306754402043729,0.044971007430794845,1449,1449,1449,1449,,5000,5000,1.0,3021694564,20260901
B3_spatial_feature,1.0,per_class,all,micro,relative_l2_change,0.04397919463357529,0.04306754402043729,0.044971007430794845,1449,1449,1449,1449,,5000,5000,1.0,3021694564,20260901
B3_spatial_feature,1.0,per_class,all,micro,map_pearson,0.9846628693731346,0.984345668422674,0.9849600846938958,1449,1449,1449,1449,,5000,5000,1.0,3021694564,20260901
B3_spatial_feature,1.0,per_class,all,micro,map_spearman,0.978410882239016,0.977901380322488,0.9788955716746606,1449,1449,1449,1449,,5000,5000,1.0,3021694564,20260901
B3_spatial_feature,1.0,per_class,all,micro,energy_raw,0.011407561864532926,0.010640657072233807,0.012260319650178972,1449,1449,1449,1449,,5000,5000,1.0,3021694564,20260901
B3_spatial_feature,1.0,per_class,all,micro,energy_smoothed,0.005111286286897752,0.004655583132173231,0.005622925919571126,1449,1449,1449,1449,,5000,5000,1.0,3021694564,20260901
B3_spatial_feature,1.0,per_class,all,micro,energy_retention,0.37340158343397395,0.3695160090661073,0.37741869263932,1449,1449,1449,1449,,5000,5000,1.0,3021694564,20260901
B3_spatial_feature,1.0,per_class,all,micro,smoothed_std_over_raw,0.8888267616389783,0.8872364910863201,0.8903770046070825,1449,1449,1449,1449,,5000,5000,1.0,3021694564,20260901
B3_spatial_feature,1.0,per_class,all,micro,linear_solve_relative_residual,5.118082172358281e-06,5.038597261688199e-06,5.1959297977244496e-06,1449,1449,1449,1449,,5000,5000,1.0,3021694564,20260901
B3_spatial_feature,1.0,per_class,all,micro,cg_iterations,8.0,8.0,8.0,1449,1449,1449,1449,,5000,5000,1.0,3021694564,20260901
B3_spatial_feature,1.0,per_class,all,micro,solve_runtime_ms_per_map,0.004542933496099617,0.004523820287797174,0.004565399711416965,1449,1449,1449,1449,,5000,5000,1.0,3021694564,20260901
B3_spatial_feature,1.0,per_class,all,micro,fidelity,0.032318387802733974,0.031875451890143694,0.03279742494240285,1449,1449,1449,1449,,5000,5000,1.0,3021694564,20260901
B3_spatial_feature,1.0,per_class,all,micro,relative_l2_change,0.032318387802733974,0.031875451890143694,0.03279742494240285,1449,1449,1449,1449,,5000,5000,1.0,3021694564,20260901
B3_spatial_feature,1.0,per_class,all,micro,map_pearson,0.987611618923927,0.9873991206709972,0.9878099735119246,1449,1449,1449,1449,,5000,5000,1.0,3021694564,20260901
B3_spatial_feature,1.0,per_class,all,micro,map_spearman,0.9827882371087006,0.9824158587656899,0.9831408036740341,1449,1449,1449,1449,,5000,5000,1.0,3021694564,20260901
B3_spatial_feature,1.0,per_class,all,micro,energy_raw,0.005495244372244654,0.0051814669165100675,0.005850302766772499,1449,1449,1449,1449,,5000,5000,1.0,3021694564,20260901
B3_spatial_feature,1.0,per_class,all,micro,energy_smoothed,0.002297065415039782,0.0021007519178227454,0.0025184692594267233,1449,1449,1449,1449,,5000,5000,1.0,3021694564,20260901
B3_spatial_feature,1.0,per_class,all,micro,energy_retention,0.37485231003570424,0.37141510692750934,0.3780407936383602,1449,1449,1449,1449,,5000,5000,1.0,3021694564,20260901
B3_spatial_feature,1.0,per_class,all,micro,smoothed_std_over_raw,0.8923882782829474,0.8912370419053887,0.8935767903039585,1449,1449,1449,1449,,5000,5000,1.0,3021694564,20260901
B3_spatial_feature,1.0,per_class,all,micro,linear_solve_relative_residual,4.481856288217208e-06,4.426894905588589e-06,4.536452954176969e-06,1449,1449,1449,1449,,5000,5000,1.0,3021694564,20260901
B3_spatial_feature,1.0,per_class,all,micro,cg_iterations,8.0,8.0,8.0,1449,1449,1449,1449,,5000,5000,1.0,3021694564,20260901
B3_spatial_feature,1.0,per_class,all,micro,solve_runtime_ms_per_map,0.004542933496099617,0.004523820287797174,0.004565399711416965,1449,1449,1449,1449,,5000,5000,1.0,3021694564,20260901
B3_spatial_feature,1.0,per_class,all,micro,fidelity,0.03919181483235336,0.038123627970884685,0.04037988146286898,1449,1449,1449,1449,,5000,5000,1.0,3021694564,20260901
B3_spatial_feature,1.0,per_class,all,micro,relative_l2_change,0.03919181483235336,0.038123627970884685,0.04037988146286898,1449,1449,1449,1449,,5000,5000,1.0,3021694564,20260901
B3_spatial_feature,1.0,per_class,all,micro,map_pearson,0.9882574257067436,0.9880511346739107,0.9884563862948355,1449,1449,1449,1449,,5000,5000,1.0,3021694564,20260901
B3_spatial_feature,1.0,per_class,all,micro,map_spearman,0.9823641444667608,0.9819418961031837,0.9827948191942965,1449,1449,1449,1449,,5000,5000,1.0,3021694564,20260901
B3_spatial_feature,1.0,per_class,all,micro,energy_raw,0.010996003196962959,0.010004006468891706,0.012114521464571313,1449,1449,1449,1449,,5000,5000,1.0,3021694564,20260901
B3_spatial_feature,1.0,per_class,all,micro,energy_smoothed,0.005807242460845821,0.00514874338464961,0.0065388720905959164,1449,1449,1449,1449,,5000,5000,1.0,3021694564,20260901
B3_spatial_feature,1.0,per_class,all,micro,energy_retention,0.39556694026648215,0.39073709484068914,0.4006595574123971,1449,1449,1449,1449,,5000,5000,1.0,3021694564,20260901
B3_spatial_feature,1.0,per_class,all,micro,smoothed_std_over_raw,0.8937141181190232,0.8923631967903417,0.8950998405656624,1449,1449,1449,1449,,5000,5000,1.0,3021694564,20260901
B3_spatial_feature,1.0,per_class,all,micro,linear_solve_relative_residual,4.521338747634869e-06,4.455829601061258e-06,4.587581502271636e-06,1449,1449,1449,1449,,5000,5000,1.0,3021694564,20260901
B3_spatial_feature,1.0,per_class,all,micro,cg_iterations,8.0,8.0,8.0,1449,1449,1449,1449,,5000,5000,1.0,3021694564,20260901
B3_spatial_feature,1.0,per_class,all,micro,solve_runtime_ms_per_map,0.004542933496099617,0.004523820287797174,0.004565399711416965,1449,1449,1449,1449,,5000,5000,1.0,3021694564,20260901
B3_spatial_feature,1.0,per_class,all,micro,fidelity,0.031183389176822184,0.030657835905629757,0.031738343621167724,1449,1449,1449,1449,,5000,5000,1.0,3021694564,20260901
B3_spatial_feature,1.0,per_class,all,micro,relative_l2_change,0.031183389176822184,0.030657835905629757,0.031738343621167724,1449,1449,1449,1449,,5000,5000,1.0,3021694564,20260901
B3_spatial_feature,1.0,per_class,all,micro,map_pearson,0.9890022120696252,0.9888537464674956,0.989140390737909,1449,1449,1449,1449,,5000,5000,1.0,3021694564,20260901
B3_spatial_feature,1.0,per_class,all,micro,map_spearman,0.9841919346790301,0.9838678559027432,0.9844992303792734,1449,1449,1449,1449,,5000,5000,1.0,3021694564,20260901
B3_spatial_feature,1.0,per_class,all,micro,energy_raw,0.005420181187229029,0.0050339348311989945,0.0058434830682071465,1449,1449,1449,1449,,5000,5000,1.0,3021694564,20260901
B3_spatial_feature,1.0,per_class,all,micro,energy_smoothed,0.002387610311483999,0.0021398923661474817,0.0026594308443985953,1449,1449,1449,1449,,5000,5000,1.0,3021694564,20260901
B3_spatial_feature,1.0,per_class,all,micro,energy_retention,0.38347238365990116,0.38042869457783496,0.38636458858929884,1449,1449,1449,1449,,5000,5000,1.0,3021694564,20260901
B3_spatial_feature,1.0,per_class,all,micro,smoothed_std_over_raw,0.8940640121513272,0.8928989645682425,0.8952227840461017,1449,1449,1449,1449,,5000,5000,1.0,3021694564,20260901
B3_spatial_feature,1.0,per_class,all,micro,linear_solve_relative_residual,4.446723804733642e-06,4.390316808231433e-06,4.502898953532204e-06,1449,1449,1449,1449,,5000,5000,1.0,3021694564,20260901
B3_spatial_feature,1.0,per_class,all,micro,cg_iterations,8.0,8.0,8.0,1449,1449,1449,1449,,5000,5000,1.0,3021694564,20260901
B3_spatial_feature,1.0,per_class,all,micro,solve_runtime_ms_per_map,0.004542933496099617,0.004523820287797174,0.004565399711416965,1449,1449,1449,1449,,5000,5000,1.0,3021694564,20260901
B3_spatial_feature,1.0,per_class,all,micro,fidelity,0.03736246599744442,0.03664783475543915,0.038124345094826796,1449,1449,1449,1449,,5000,5000,1.0,3021694564,20260901
B3_spatial_feature,1.0,per_class,all,micro,relative_l2_change,0.03736246599744442,0.03664783475543915,0.038124345094826796,1449,1449,1449,1449,,5000,5000,1.0,3021694564,20260901
B3_spatial_feature,1.0,per_class,all,micro,map_pearson,0.987338173710288,0.9871275627711791,0.9875498099366988,1449,1449,1449,1449,,5000,5000,1.0,3021694564,20260901
B3_spatial_feature,1.0,per_class,all,micro,map_spearman,0.9814457539610405,0.9810133560401888,0.9818614043948402,1449,1449,1449,1449,,5000,5000,1.0,3021694564,20260901
B3_spatial_feature,1.0,per_class,all,micro,energy_raw,0.008142836995775058,0.007577587089964411,0.008753248667334006,1449,1449,1449,1449,,5000,5000,1.0,3021694564,20260901
B3_spatial_feature,1.0,per_class,all,micro,energy_smoothed,0.003676733660347454,0.003323485414874398,0.004050261045627469,1449,1449,1449,1449,,5000,5000,1.0,3021694564,20260901
B3_spatial_feature,1.0,per_class,all,micro,energy_retention,0.38266942799708364,0.3790063756212767,0.38637816964541327,1449,1449,1449,1449,,5000,5000,1.0,3021694564,20260901
B3_spatial_feature,1.0,per_class,all,micro,smoothed_std_over_raw,0.8946360364052408,0.8933755092955278,0.8958995439960596,1449,1449,1449,1449,,5000,5000,1.0,3021694564,20260901
B3_spatial_feature,1.0,per_class,all,micro,linear_solve_relative_residual,4.9022022439761284e-06,4.831401840746718e-06,4.973608017631821e-06,1449,1449,1449,1449,,5000,5000,1.0,3021694564,20260901
B3_spatial_feature,1.0,per_class,all,micro,cg_iterations,8.0,8.0,8.0,1449,1449,1449,1449,,5000,5000,1.0,3021694564,20260901
B3_spatial_feature,1.0,per_class,all,micro,solve_runtime_ms_per_map,0.004542933496099617,0.004523820287797174,0.004565399711416965,1449,1449,1449,1449,,5000,5000,1.0,3021694564,20260901
B3_spatial_feature,2.0,all_class_maps,all,micro,fidelity,0.05290978171703906,0.05241529841346697,0.05344056839828609,1449,1449,28980,28980,,5000,5000,1.0,3021694564,20260901
B3_spatial_feature,2.0,all_class_maps,all,micro,relative_l2_change,0.05290978171703906,0.05241529841346697,0.05344056839828609,1449,1449,28980,28980,,5000,5000,1.0,3021694564,20260901
B3_spatial_feature,2.0,all_class_maps,all,micro,map_pearson,0.9747140454024261,0.974410760383346,0.9750004874311228,1449,1449,28980,28980,,5000,5000,1.0,3021694564,20260901
B3_spatial_feature,2.0,all_class_maps,all,micro,map_spearman,0.965874769136032,0.9654849596226458,0.9662560999077752,1449,1449,28980,28980,,5000,5000,1.0,3021694564,20260901
B3_spatial_feature,2.0,all_class_maps,all,micro,energy_raw,0.008761968170279017,0.008541722966292808,0.008999939468717221,1449,1449,28980,28980,,5000,5000,1.0,3021694564,20260901
B3_spatial_feature,2.0,all_class_maps,all,micro,energy_smoothed,0.0029280522018055215,0.002827457904694177,0.0030329854322479663,1449,1449,28980,28980,,5000,5000,1.0,3021694564,20260901
B3_spatial_feature,2.0,all_class_maps,all,micro,energy_retention,0.24151401059783023,0.2397698912446389,0.24323866830079505,1449,1449,28980,28980,,5000,5000,1.0,3021694564,20260901
B3_spatial_feature,2.0,all_class_maps,all,micro,smoothed_std_over_raw,0.8450801629477982,0.8441801567130907,0.8459626206408561,1449,1449,28980,28980,,5000,5000,1.0,3021694564,20260901
B3_spatial_feature,2.0,all_class_maps,all,micro,linear_solve_relative_residual,5.815396755508377e-06,5.778178344057405e-06,5.8519694814317596e-06,1449,1449,28980,28980,,5000,5000,1.0,3021694564,20260901
B3_spatial_feature,2.0,all_class_maps,all,micro,cg_iterations,11.0,11.0,11.0,1449,1449,28980,28980,,5000,5000,1.0,3021694564,20260901
B3_spatial_feature,2.0,all_class_maps,all,micro,solve_runtime_ms_per_map,0.006002318718212897,0.005976225750125714,0.006032624722827462,1449,1449,28980,28980,,5000,5000,1.0,3021694564,20260901
B3_spatial_feature,2.0,all_class_maps,all,macro_class,fidelity,0.05290978171703906,0.05241529841346697,0.053440568398286085,1449,1449,28980,28980,20,5000,5000,1.0,3021694564,20260901
B3_spatial_feature,2.0,all_class_maps,all,macro_class,relative_l2_change,0.05290978171703906,0.05241529841346697,0.053440568398286085,1449,1449,28980,28980,20,5000,5000,1.0,3021694564,20260901
B3_spatial_feature,2.0,all_class_maps,all,macro_class,map_pearson,0.9747140454024263,0.974410760383346,0.9750004874311227,1449,1449,28980,28980,20,5000,5000,1.0,3021694564,20260901
B3_spatial_feature,2.0,all_class_maps,all,macro_class,map_spearman,0.9658747691360319,0.9654849596226458,0.9662560999077751,1449,1449,28980,28980,20,5000,5000,1.0,3021694564,20260901
B3_spatial_feature,2.0,all_class_maps,all,macro_class,energy_raw,0.008761968170279019,0.008541722966292806,0.008999939468717223,1449,1449,28980,28980,20,5000,5000,1.0,3021694564,20260901
B3_spatial_feature,2.0,all_class_maps,all,macro_class,energy_smoothed,0.0029280522018055215,0.0028274579046941766,0.003032985432247966,1449,1449,28980,28980,20,5000,5000,1.0,3021694564,20260901
B3_spatial_feature,2.0,all_class_maps,all,macro_class,energy_retention,0.24151401059783023,0.2397698912446389,0.24323866830079505,1449,1449,28980,28980,20,5000,5000,1.0,3021694564,20260901
B3_spatial_feature,2.0,all_class_maps,all,macro_class,smoothed_std_over_raw,0.8450801629477983,0.8441801567130907,0.8459626206408563,1449,1449,28980,28980,20,5000,5000,1.0,3021694564,20260901
B3_spatial_feature,2.0,all_class_maps,all,macro_class,linear_solve_relative_residual,5.815396755508378e-06,5.7781783440574045e-06,5.8519694814317596e-06,1449,1449,28980,28980,20,5000,5000,1.0,3021694564,20260901
B3_spatial_feature,2.0,all_class_maps,all,macro_class,cg_iterations,11.0,11.0,11.0,1449,1449,28980,28980,20,5000,5000,1.0,3021694564,20260901
B3_spatial_feature,2.0,all_class_maps,all,macro_class,solve_runtime_ms_per_map,0.0060023187182128976,0.005976225750125716,0.00603262472282746,1449,1449,28980,28980,20,5000,5000,1.0,3021694564,20260901
B3_spatial_feature,2.0,all_class_maps,single_label,micro,fidelity,0.0488716770019764,0.04832006466260759,0.049423432182073554,927,927,18540,18540,,5000,5000,1.0,3021694564,20260901
B3_spatial_feature,2.0,all_class_maps,single_label,micro,relative_l2_change,0.0488716770019764,0.04832006466260759,0.049423432182073554,927,927,18540,18540,,5000,5000,1.0,3021694564,20260901
B3_spatial_feature,2.0,all_class_maps,single_label,micro,map_pearson,0.9746711349860235,0.9742757527987517,0.9750633421469532,927,927,18540,18540,,5000,5000,1.0,3021694564,20260901
B3_spatial_feature,2.0,all_class_maps,single_label,micro,map_spearman,0.9646245797603776,0.9640631958216171,0.9651649838713316,927,927,18540,18540,,5000,5000,1.0,3021694564,20260901
B3_spatial_feature,2.0,all_class_maps,single_label,micro,energy_raw,0.00699637461628362,0.006780651942556804,0.007211999195736686,927,927,18540,18540,,5000,5000,1.0,3021694564,20260901
B3_spatial_feature,2.0,all_class_maps,single_label,micro,energy_smoothed,0.0020773506682545593,0.0019871950236599206,0.0021690492226121186,927,927,18540,18540,,5000,5000,1.0,3021694564,20260901
B3_spatial_feature,2.0,all_class_maps,single_label,micro,energy_retention,0.229802312897247,0.2278128326819665,0.2318381306720333,927,927,18540,18540,,5000,5000,1.0,3021694564,20260901
B3_spatial_feature,2.0,all_class_maps,single_label,micro,smoothed_std_over_raw,0.8419444005466202,0.8407822568476715,0.8430759273268515,927,927,18540,18540,,5000,5000,1.0,3021694564,20260901
B3_spatial_feature,2.0,all_class_maps,single_label,micro,linear_solve_relative_residual,5.964837283669679e-06,5.9204043274371616e-06,6.010107183782985e-06,927,927,18540,18540,,5000,5000,1.0,3021694564,20260901
B3_spatial_feature,2.0,all_class_maps,single_label,micro,cg_iterations,11.0,11.0,11.0,927,927,18540,18540,,5000,5000,1.0,3021694564,20260901
B3_spatial_feature,2.0,all_class_maps,single_label,micro,solve_runtime_ms_per_map,0.006003234268246749,0.005971762913402322,0.006042631361091021,927,927,18540,18540,,5000,5000,1.0,3021694564,20260901
B3_spatial_feature,2.0,all_class_maps,single_label,macro_class,fidelity,0.0488716770019764,0.04832006466260759,0.04942343218207357,927,927,18540,18540,20,5000,5000,1.0,3021694564,20260901
B3_spatial_feature,2.0,all_class_maps,single_label,macro_class,relative_l2_change,0.0488716770019764,0.04832006466260759,0.04942343218207357,927,927,18540,18540,20,5000,5000,1.0,3021694564,20260901
B3_spatial_feature,2.0,all_class_maps,single_label,macro_class,map_pearson,0.9746711349860236,0.9742757527987517,0.975063342146953,927,927,18540,18540,20,5000,5000,1.0,3021694564,20260901
B3_spatial_feature,2.0,all_class_maps,single_label,macro_class,map_spearman,0.9646245797603775,0.9640631958216173,0.9651649838713315,927,927,18540,18540,20,5000,5000,1.0,3021694564,20260901
B3_spatial_feature,2.0,all_class_maps,single_label,macro_class,energy_raw,0.006996374616283618,0.006780651942556804,0.007211999195736687,927,927,18540,18540,20,5000,5000,1.0,3021694564,20260901
B3_spatial_feature,2.0,all_class_maps,single_label,macro_class,energy_smoothed,0.002077350668254559,0.001987195023659921,0.002169049222612119,927,927,18540,18540,20,5000,5000,1.0,3021694564,20260901
B3_spatial_feature,2.0,all_class_maps,single_label,macro_class,energy_retention,0.229802312897247,0.2278128326819665,0.23183813067203324,927,927,18540,18540,20,5000,5000,1.0,3021694564,20260901
B3_spatial_feature,2.0,all_class_maps,single_label,macro_class,smoothed_std_over_raw,0.8419444005466202,0.8407822568476715,0.8430759273268517,927,927,18540,18540,20,5000,5000,1.0,3021694564,20260901
B3_spatial_feature,2.0,all_class_maps,single_label,macro_class,linear_solve_relative_residual,5.96483728366968e-06,5.9204043274371616e-06,6.010107183782985e-06,927,927,18540,18540,20,5000,5000,1.0,3021694564,20260901
B3_spatial_feature,2.0,all_class_maps,single_label,macro_class,cg_iterations,11.0,11.0,11.0,927,927,18540,18540,20,5000,5000,1.0,3021694564,20260901
B3_spatial_feature,2.0,all_class_maps,single_label,macro_class,solve_runtime_ms_per_map,0.006003234268246751,0.005971762913402323,0.0060426313610910205,927,927,18540,18540,20,5000,5000,1.0,3021694564,20260901
B3_spatial_feature,2.0,all_class_maps,exactly_2_labels,micro,fidelity,0.05817503620609641,0.05745415077312539,0.05892182844392955,375,375,7500,7500,,5000,5000,1.0,3021694564,20260901
B3_spatial_feature,2.0,all_class_maps,exactly_2_labels,micro,relative_l2_change,0.05817503620609641,0.05745415077312539,0.05892182844392955,375,375,7500,7500,,5000,5000,1.0,3021694564,20260901
B3_spatial_feature,2.0,all_class_maps,exactly_2_labels,micro,map_pearson,0.9745793197949727,0.97399618310829,0.9751337358071407,375,375,7500,7500,,5000,5000,1.0,3021694564,20260901
B3_spatial_feature,2.0,all_class_maps,exactly_2_labels,micro,map_spearman,0.9679607400099437,0.9673621536672115,0.968550522501866,375,375,7500,7500,,5000,5000,1.0,3021694564,20260901
B3_spatial_feature,2.0,all_class_maps,exactly_2_labels,micro,energy_raw,0.010898557301983237,0.010527640851814455,0.011293764832814534,375,375,7500,7500,,5000,5000,1.0,3021694564,20260901
B3_spatial_feature,2.0,all_class_maps,exactly_2_labels,micro,energy_smoothed,0.003923190440823479,0.0037470977546007877,0.004105083129163734,375,375,7500,7500,,5000,5000,1.0,3021694564,20260901
B3_spatial_feature,2.0,all_class_maps,exactly_2_labels,micro,energy_retention,0.25752815344134966,0.254693533608069,0.26037224304541945,375,375,7500,7500,,5000,5000,1.0,3021694564,20260901
B3_spatial_feature,2.0,all_class_maps,exactly_2_labels,micro,smoothed_std_over_raw,0.8499005800088246,0.8482423904784521,0.8515771204954385,375,375,7500,7500,,5000,5000,1.0,3021694564,20260901
B3_spatial_feature,2.0,all_class_maps,exactly_2_labels,micro,linear_solve_relative_residual,5.577475402969867e-06,5.50659949198689e-06,5.64864101431643e-06,375,375,7500,7500,,5000,5000,1.0,3021694564,20260901
B3_spatial_feature,2.0,all_class_maps,exactly_2_labels,micro,cg_iterations,11.0,11.0,11.0,375,375,7500,7500,,5000,5000,1.0,3021694564,20260901
B3_spatial_feature,2.0,all_class_maps,exactly_2_labels,micro,solve_runtime_ms_per_map,0.005997868705890141,0.005957621074606626,0.006056523836862955,375,375,7500,7500,,5000,5000,1.0,3021694564,20260901
B3_spatial_feature,2.0,all_class_maps,exactly_2_labels,macro_class,fidelity,0.05817503620609642,0.057454150773125406,0.05892182844392957,375,375,7500,7500,20,5000,5000,1.0,3021694564,20260901
B3_spatial_feature,2.0,all_class_maps,exactly_2_labels,macro_class,relative_l2_change,0.05817503620609642,0.057454150773125406,0.05892182844392957,375,375,7500,7500,20,5000,5000,1.0,3021694564,20260901
B3_spatial_feature,2.0,all_class_maps,exactly_2_labels,macro_class,map_pearson,0.9745793197949728,0.9739961831082901,0.9751337358071408,375,375,7500,7500,20,5000,5000,1.0,3021694564,20260901
B3_spatial_feature,2.0,all_class_maps,exactly_2_labels,macro_class,map_spearman,0.9679607400099435,0.9673621536672115,0.968550522501866,375,375,7500,7500,20,5000,5000,1.0,3021694564,20260901
B3_spatial_feature,2.0,all_class_maps,exactly_2_labels,macro_class,energy_raw,0.010898557301983237,0.010527640851814452,0.011293764832814536,375,375,7500,7500,20,5000,5000,1.0,3021694564,20260901
B3_spatial_feature,2.0,all_class_maps,exactly_2_labels,macro_class,energy_smoothed,0.00392319044082348,0.0037470977546007873,0.004105083129163734,375,375,7500,7500,20,5000,5000,1.0,3021694564,20260901
B3_spatial_feature,2.0,all_class_maps,exactly_2_labels,macro_class,energy_retention,0.25752815344134966,0.25469353360806896,0.26037224304541945,375,375,7500,7500,20,5000,5000,1.0,3021694564,20260901
B3_spatial_feature,2.0,all_class_maps,exactly_2_labels,macro_class,smoothed_std_over_raw,0.8499005800088246,0.8482423904784522,0.8515771204954385,375,375,7500,7500,20,5000,5000,1.0,3021694564,20260901
B3_spatial_feature,2.0,all_class_maps,exactly_2_labels,macro_class,linear_solve_relative_residual,5.577475402969865e-06,5.506599491986889e-06,5.648641014316429e-06,375,375,7500,7500,20,5000,5000,1.0,3021694564,20260901
B3_spatial_feature,2.0,all_class_maps,exactly_2_labels,macro_class,cg_iterations,11.0,11.0,11.0,375,375,7500,7500,20,5000,5000,1.0,3021694564,20260901
B3_spatial_feature,2.0,all_class_maps,exactly_2_labels,macro_class,solve_runtime_ms_per_map,0.005997868705890141,0.005957621074606627,0.006056523836862956,375,375,7500,7500,20,5000,5000,1.0,3021694564,20260901
B3_spatial_feature,2.0,all_class_maps,3plus_labels,micro,fidelity,0.06494279285626751,0.06386041356336174,0.0660283630059994,147,147,2940,2940,,5000,5000,1.0,3021694564,20260901
B3_spatial_feature,2.0,all_class_maps,3plus_labels,micro,relative_l2_change,0.06494279285626751,0.06386041356336174,0.0660283630059994,147,147,2940,2940,,5000,5000,1.0,3021694564,20260901
B3_spatial_feature,2.0,all_class_maps,3plus_labels,micro,map_pearson,0.9753283315167135,0.974679844199496,0.9759287935936329,147,147,2940,2940,,5000,5000,1.0,3021694564,20260901
B3_spatial_feature,2.0,all_class_maps,3plus_labels,micro,map_spearman,0.968437262153139,0.967691644846278,0.9691710505061815,147,147,2940,2940,,5000,5000,1.0,3021694564,20260901
B3_spatial_feature,2.0,all_class_maps,3plus_labels,micro,energy_raw,0.014445534838065759,0.01377103283415512,0.015114006454104852,147,147,2940,2940,,5000,5000,1.0,3021694564,20260901
B3_spatial_feature,2.0,all_class_maps,3plus_labels,micro,energy_smoothed,0.005754062283234148,0.005415486775115273,0.0060966104618620145,147,147,2940,2940,,5000,5000,1.0,3021694564,20260901
B3_spatial_feature,2.0,all_class_maps,3plus_labels,micro,energy_retention,0.27451700517008093,0.2706927019560418,0.27825789267247936,147,147,2940,2940,,5000,5000,1.0,3021694564,20260901
B3_spatial_feature,2.0,all_class_maps,3plus_labels,micro,smoothed_std_over_raw,0.8525576823219961,0.8495540964684519,0.8553201006200849,147,147,2940,2940,,5000,5000,1.0,3021694564,20260901
B3_spatial_feature,2.0,all_class_maps,3plus_labels,micro,linear_solve_relative_residual,5.479948711946564e-06,5.378319808417838e-06,5.581116175925499e-06,147,147,2940,2940,,5000,5000,1.0,3021694564,20260901
B3_spatial_feature,2.0,all_class_maps,3plus_labels,micro,cg_iterations,11.0,11.0,11.0,147,147,2940,2940,,5000,5000,1.0,3021694564,20260901
B3_spatial_feature,2.0,all_class_maps,3plus_labels,micro,solve_runtime_ms_per_map,0.006007897219843181,0.00595253751957991,0.006110006974775227,147,147,2940,2940,,5000,5000,1.0,3021694564,20260901
B3_spatial_feature,2.0,all_class_maps,3plus_labels,macro_class,fidelity,0.06494279285626754,0.06386041356336174,0.06602836300599939,147,147,2940,2940,20,5000,5000,1.0,3021694564,20260901
B3_spatial_feature,2.0,all_class_maps,3plus_labels,macro_class,relative_l2_change,0.06494279285626754,0.06386041356336174,0.06602836300599939,147,147,2940,2940,20,5000,5000,1.0,3021694564,20260901
B3_spatial_feature,2.0,all_class_maps,3plus_labels,macro_class,map_pearson,0.9753283315167135,0.974679844199496,0.975928793593633,147,147,2940,2940,20,5000,5000,1.0,3021694564,20260901
B3_spatial_feature,2.0,all_class_maps,3plus_labels,macro_class,map_spearman,0.968437262153139,0.9676916448462781,0.9691710505061816,147,147,2940,2940,20,5000,5000,1.0,3021694564,20260901
B3_spatial_feature,2.0,all_class_maps,3plus_labels,macro_class,energy_raw,0.014445534838065757,0.013771032834155124,0.015114006454104852,147,147,2940,2940,20,5000,5000,1.0,3021694564,20260901
B3_spatial_feature,2.0,all_class_maps,3plus_labels,macro_class,energy_smoothed,0.005754062283234149,0.005415486775115271,0.006096610461862014,147,147,2940,2940,20,5000,5000,1.0,3021694564,20260901
B3_spatial_feature,2.0,all_class_maps,3plus_labels,macro_class,energy_retention,0.27451700517008093,0.27069270195604184,0.27825789267247936,147,147,2940,2940,20,5000,5000,1.0,3021694564,20260901
B3_spatial_feature,2.0,all_class_maps,3plus_labels,macro_class,smoothed_std_over_raw,0.852557682321996,0.8495540964684519,0.8553201006200849,147,147,2940,2940,20,5000,5000,1.0,3021694564,20260901
B3_spatial_feature,2.0,all_class_maps,3plus_labels,macro_class,linear_solve_relative_residual,5.479948711946564e-06,5.378319808417837e-06,5.581116175925498e-06,147,147,2940,2940,20,5000,5000,1.0,3021694564,20260901
B3_spatial_feature,2.0,all_class_maps,3plus_labels,macro_class,cg_iterations,11.0,11.0,11.0,147,147,2940,2940,20,5000,5000,1.0,3021694564,20260901
B3_spatial_feature,2.0,all_class_maps,3plus_labels,macro_class,solve_runtime_ms_per_map,0.006007897219843183,0.005952537519579911,0.006110006974775225,147,147,2940,2940,20,5000,5000,1.0,3021694564,20260901
B3_spatial_feature,2.0,per_class,all,micro,fidelity,0.04552815715718714,0.044832022168935164,0.04628006775556242,1449,1449,1449,1449,,5000,5000,1.0,3021694564,20260901
B3_spatial_feature,2.0,per_class,all,micro,relative_l2_change,0.04552815715718714,0.044832022168935164,0.04628006775556242,1449,1449,1449,1449,,5000,5000,1.0,3021694564,20260901
B3_spatial_feature,2.0,per_class,all,micro,map_pearson,0.9750385363403068,0.974646453540888,0.9754062905187768,1449,1449,1449,1449,,5000,5000,1.0,3021694564,20260901
B3_spatial_feature,2.0,per_class,all,micro,map_spearman,0.9674874316667013,0.9669249049861568,0.9680458515532844,1449,1449,1449,1449,,5000,5000,1.0,3021694564,20260901
B3_spatial_feature,2.0,per_class,all,micro,energy_raw,0.005584940945860088,0.005235611773196854,0.0059771386402620716,1449,1449,1449,1449,,5000,5000,1.0,3021694564,20260901
B3_spatial_feature,2.0,per_class,all,micro,energy_smoothed,0.0015714145089570997,0.0013852895735489248,0.001778043209257525,1449,1449,1449,1449,,5000,5000,1.0,3021694564,20260901
B3_spatial_feature,2.0,per_class,all,micro,energy_retention,0.2284169211376939,0.22520418518715848,0.23170575807070307,1449,1449,1449,1449,,5000,5000,1.0,3021694564,20260901
B3_spatial_feature,2.0,per_class,all,micro,smoothed_std_over_raw,0.8406809256601696,0.839025671833585,0.8423344584941617,1449,1449,1449,1449,,5000,5000,1.0,3021694564,20260901
B3_spatial_feature,2.0,per_class,all,micro,linear_solve_relative_residual,6.084512174553038e-06,5.979739089280746e-06,6.189292048357493e-06,1449,1449,1449,1449,,5000,5000,1.0,3021694564,20260901
B3_spatial_feature,2.0,per_class,all,micro,cg_iterations,11.0,11.0,11.0,1449,1449,1449,1449,,5000,5000,1.0,3021694564,20260901
B3_spatial_feature,2.0,per_class,all,micro,solve_runtime_ms_per_map,0.006002318718212897,0.005976225750125714,0.006032624722827462,1449,1449,1449,1449,,5000,5000,1.0,3021694564,20260901
B3_spatial_feature,2.0,per_class,all,micro,fidelity,0.0485516640481721,0.04745953665731965,0.049732676767368124,1449,1449,1449,1449,,5000,5000,1.0,3021694564,20260901
B3_spatial_feature,2.0,per_class,all,micro,relative_l2_change,0.0485516640481721,0.04745953665731965,0.049732676767368124,1449,1449,1449,1449,,5000,5000,1.0,3021694564,20260901
B3_spatial_feature,2.0,per_class,all,micro,map_pearson,0.9756822675322565,0.9753024439068396,0.9760479785856746,1449,1449,1449,1449,,5000,5000,1.0,3021694564,20260901
B3_spatial_feature,2.0,per_class,all,micro,map_spearman,0.9674186975566003,0.9668286464311404,0.9679883781108386,1449,1449,1449,1449,,5000,5000,1.0,3021694564,20260901
B3_spatial_feature,2.0,per_class,all,micro,energy_raw,0.00711112421101089,0.006543097257202143,0.007737061707929594,1449,1449,1449,1449,,5000,5000,1.0,3021694564,20260901
B3_spatial_feature,2.0,per_class,all,micro,energy_smoothed,0.0022240727361164062,0.0019423660448065782,0.0025278587798546236,1449,1449,1449,1449,,5000,5000,1.0,3021694564,20260901
B3_spatial_feature,2.0,per_class,all,micro,energy_retention,0.22900510200391233,0.22545905558198298,0.23271720930779696,1449,1449,1449,1449,,5000,5000,1.0,3021694564,20260901
B3_spatial_feature,2.0,per_class,all,micro,smoothed_std_over_raw,0.8458478146787345,0.8441206374143303,0.8475402167577264,1449,1449,1449,1449,,5000,5000,1.0,3021694564,20260901
B3_spatial_feature,2.0,per_class,all,micro,linear_solve_relative_residual,5.950876658144268e-06,5.8528960419689666e-06,6.049413186750357e-06,1449,1449,1449,1449,,5000,5000,1.0,3021694564,20260901
B3_spatial_feature,2.0,per_class,all,micro,cg_iterations,11.0,11.0,11.0,1449,1449,1449,1449,,5000,5000,1.0,3021694564,20260901
B3_spatial_feature,2.0,per_class,all,micro,solve_runtime_ms_per_map,0.006002318718212897,0.005976225750125714,0.006032624722827462,1449,1449,1449,1449,,5000,5000,1.0,3021694564,20260901
B3_spatial_feature,2.0,per_class,all,micro,fidelity,0.045938649790051723,0.045402815790102656,0.04653317649007419,1449,1449,1449,1449,,5000,5000,1.0,3021694564,20260901
B3_spatial_feature,2.0,per_class,all,micro,relative_l2_change,0.045938649790051723,0.045402815790102656,0.04653317649007419,1449,1449,1449,1449,,5000,5000,1.0,3021694564,20260901
B3_spatial_feature,2.0,per_class,all,micro,map_pearson,0.9719882767886602,0.9715745832691364,0.9723839121760789,1449,1449,1449,1449,,5000,5000,1.0,3021694564,20260901
B3_spatial_feature,2.0,per_class,all,micro,map_spearman,0.9636964528539248,0.9630333661796555,0.96433362345127,1449,1449,1449,1449,,5000,5000,1.0,3021694564,20260901
B3_spatial_feature,2.0,per_class,all,micro,energy_raw,0.005411394378151089,0.0051918731471358144,0.005670479117280317,1449,1449,1449,1449,,5000,5000,1.0,3021694564,20260901
B3_spatial_feature,2.0,per_class,all,micro,energy_smoothed,0.0013171711516525761,0.0012171004261077585,0.0014359337400121268,1449,1449,1449,1449,,5000,5000,1.0,3021694564,20260901
B3_spatial_feature,2.0,per_class,all,micro,energy_retention,0.21713679644302963,0.21451765883217772,0.21990318166862033,1449,1449,1449,1449,,5000,5000,1.0,3021694564,20260901
B3_spatial_feature,2.0,per_class,all,micro,smoothed_std_over_raw,0.8414648598930274,0.83978023775143,0.8431156668665494,1449,1449,1449,1449,,5000,5000,1.0,3021694564,20260901
B3_spatial_feature,2.0,per_class,all,micro,linear_solve_relative_residual,5.975328190649475e-06,5.867799024839433e-06,6.085047950181118e-06,1449,1449,1449,1449,,5000,5000,1.0,3021694564,20260901
B3_spatial_feature,2.0,per_class,all,micro,cg_iterations,11.0,11.0,11.0,1449,1449,1449,1449,,5000,5000,1.0,3021694564,20260901
B3_spatial_feature,2.0,per_class,all,micro,solve_runtime_ms_per_map,0.006002318718212897,0.005976225750125714,0.006032624722827462,1449,1449,1449,1449,,5000,5000,1.0,3021694564,20260901
B3_spatial_feature,2.0,per_class,all,micro,fidelity,0.04733772802740603,0.04636170955029688,0.04837729800691772,1449,1449,1449,1449,,5000,5000,1.0,3021694564,20260901
B3_spatial_feature,2.0,per_class,all,micro,relative_l2_change,0.04733772802740603,0.04636170955029688,0.04837729800691772,1449,1449,1449,1449,,5000,5000,1.0,3021694564,20260901
B3_spatial_feature,2.0,per_class,all,micro,map_pearson,0.9758784954427768,0.9755257924778286,0.9762284435470653,1449,1449,1449,1449,,5000,5000,1.0,3021694564,20260901
B3_spatial_feature,2.0,per_class,all,micro,map_spearman,0.9682961665736634,0.9677661682096657,0.9688213126074453,1449,1449,1449,1449,,5000,5000,1.0,3021694564,20260901
B3_spatial_feature,2.0,per_class,all,micro,energy_raw,0.00650339352504946,0.00599689694471208,0.007076558137556449,1449,1449,1449,1449,,5000,5000,1.0,3021694564,20260901
B3_spatial_feature,2.0,per_class,all,micro,energy_smoothed,0.0020096616401040464,0.0017428231555410751,0.002314266168038166,1449,1449,1449,1449,,5000,5000,1.0,3021694564,20260901
B3_spatial_feature,2.0,per_class,all,micro,energy_retention,0.2372634737984405,0.23397900684768164,0.24071646188176896,1449,1449,1449,1449,,5000,5000,1.0,3021694564,20260901
B3_spatial_feature,2.0,per_class,all,micro,smoothed_std_over_raw,0.8433225623404593,0.8415927107320562,0.8450607254124247,1449,1449,1449,1449,,5000,5000,1.0,3021694564,20260901
B3_spatial_feature,2.0,per_class,all,micro,linear_solve_relative_residual,5.968240020310478e-06,5.862680624171633e-06,6.074478910179894e-06,1449,1449,1449,1449,,5000,5000,1.0,3021694564,20260901
B3_spatial_feature,2.0,per_class,all,micro,cg_iterations,11.0,11.0,11.0,1449,1449,1449,1449,,5000,5000,1.0,3021694564,20260901
B3_spatial_feature,2.0,per_class,all,micro,solve_runtime_ms_per_map,0.006002318718212897,0.005976225750125714,0.006032624722827462,1449,1449,1449,1449,,5000,5000,1.0,3021694564,20260901
B3_spatial_feature,2.0,per_class,all,micro,fidelity,0.056878679624152564,0.05541827458466659,0.05834880397848533,1449,1449,1449,1449,,5000,5000,1.0,3021694564,20260901
B3_spatial_feature,2.0,per_class,all,micro,relative_l2_change,0.056878679624152564,0.05541827458466659,0.05834880397848533,1449,1449,1449,1449,,5000,5000,1.0,3021694564,20260901
B3_spatial_feature,2.0,per_class,all,micro,map_pearson,0.9730977427967669,0.972563002219975,0.9736159793801189,1449,1449,1449,1449,,5000,5000,1.0,3021694564,20260901
B3_spatial_feature,2.0,per_class,all,micro,map_spearman,0.9631823457217036,0.9623745975101957,0.9639783279423964,1449,1449,1449,1449,,5000,5000,1.0,3021694564,20260901
B3_spatial_feature,2.0,per_class,all,micro,energy_raw,0.010192204752372638,0.00940900484687765,0.011011853013900279,1449,1449,1449,1449,,5000,5000,1.0,3021694564,20260901
B3_spatial_feature,2.0,per_class,all,micro,energy_smoothed,0.003468680225759089,0.003066739994970726,0.0038926526830101262,1449,1449,1449,1449,,5000,5000,1.0,3021694564,20260901
B3_spatial_feature,2.0,per_class,all,micro,energy_retention,0.2427573401694301,0.23828432380207,0.24725059518543008,1449,1449,1449,1449,,5000,5000,1.0,3021694564,20260901
B3_spatial_feature,2.0,per_class,all,micro,smoothed_std_over_raw,0.8476766471290194,0.8458077496191483,0.849609335090803,1449,1449,1449,1449,,5000,5000,1.0,3021694564,20260901
B3_spatial_feature,2.0,per_class,all,micro,linear_solve_relative_residual,5.732899587582242e-06,5.640221296151139e-06,5.8237687967155005e-06,1449,1449,1449,1449,,5000,5000,1.0,3021694564,20260901
B3_spatial_feature,2.0,per_class,all,micro,cg_iterations,11.0,11.0,11.0,1449,1449,1449,1449,,5000,5000,1.0,3021694564,20260901
B3_spatial_feature,2.0,per_class,all,micro,solve_runtime_ms_per_map,0.006002318718212897,0.005976225750125714,0.006032624722827462,1449,1449,1449,1449,,5000,5000,1.0,3021694564,20260901
B3_spatial_feature,2.0,per_class,all,micro,fidelity,0.04943381487330829,0.0485342717683232,0.05038755559590642,1449,1449,1449,1449,,5000,5000,1.0,3021694564,20260901
B3_spatial_feature,2.0,per_class,all,micro,relative_l2_change,0.04943381487330829,0.0485342717683232,0.05038755559590642,1449,1449,1449,1449,,5000,5000,1.0,3021694564,20260901
B3_spatial_feature,2.0,per_class,all,micro,map_pearson,0.9747179537661903,0.9742884222929686,0.9751299474066993,1449,1449,1449,1449,,5000,5000,1.0,3021694564,20260901
B3_spatial_feature,2.0,per_class,all,micro,map_spearman,0.9654291882195746,0.9647584651742744,0.9661208244244999,1449,1449,1449,1449,,5000,5000,1.0,3021694564,20260901
B3_spatial_feature,2.0,per_class,all,micro,energy_raw,0.0068524456125015,0.006432922064275928,0.0073006491970240015,1449,1449,1449,1449,,5000,5000,1.0,3021694564,20260901
B3_spatial_feature,2.0,per_class,all,micro,energy_smoothed,0.002067111804273932,0.0018526225237886769,0.002297544536371144,1449,1449,1449,1449,,5000,5000,1.0,3021694564,20260901
B3_spatial_feature,2.0,per_class,all,micro,energy_retention,0.23694561314920132,0.23320149803178075,0.24064598330460474,1449,1449,1449,1449,,5000,5000,1.0,3021694564,20260901
B3_spatial_feature,2.0,per_class,all,micro,smoothed_std_over_raw,0.8431596457341196,0.8413973855994914,0.8449153182833996,1449,1449,1449,1449,,5000,5000,1.0,3021694564,20260901
B3_spatial_feature,2.0,per_class,all,micro,linear_solve_relative_residual,5.861911835490976e-06,5.750819371851692e-06,5.965599560428267e-06,1449,1449,1449,1449,,5000,5000,1.0,3021694564,20260901
B3_spatial_feature,2.0,per_class,all,micro,cg_iterations,11.0,11.0,11.0,1449,1449,1449,1449,,5000,5000,1.0,3021694564,20260901
B3_spatial_feature,2.0,per_class,all,micro,solve_runtime_ms_per_map,0.006002318718212897,0.005976225750125714,0.006032624722827462,1449,1449,1449,1449,,5000,5000,1.0,3021694564,20260901
B3_spatial_feature,2.0,per_class,all,micro,fidelity,0.05955531958457188,0.057953198307005495,0.06123549843964143,1449,1449,1449,1449,,5000,5000,1.0,3021694564,20260901
B3_spatial_feature,2.0,per_class,all,micro,relative_l2_change,0.05955531958457188,0.057953198307005495,0.06123549843964143,1449,1449,1449,1449,,5000,5000,1.0,3021694564,20260901
B3_spatial_feature,2.0,per_class,all,micro,map_pearson,0.9748044467696327,0.9743367505092058,0.9752466376575212,1449,1449,1449,1449,,5000,5000,1.0,3021694564,20260901
B3_spatial_feature,2.0,per_class,all,micro,map_spearman,0.9663900824725176,0.9657204477518817,0.9670339399325264,1449,1449,1449,1449,,5000,5000,1.0,3021694564,20260901
B3_spatial_feature,2.0,per_class,all,micro,energy_raw,0.011481013256359751,0.010615790698234939,0.012382722470676046,1449,1449,1449,1449,,5000,5000,1.0,3021694564,20260901
B3_spatial_feature,2.0,per_class,all,micro,energy_smoothed,0.00381751418745356,0.0034361516720903514,0.004220859036389568,1449,1449,1449,1449,,5000,5000,1.0,3021694564,20260901
B3_spatial_feature,2.0,per_class,all,micro,energy_retention,0.25497597631830604,0.25068774193890386,0.25926494974979786,1449,1449,1449,1449,,5000,5000,1.0,3021694564,20260901
B3_spatial_feature,2.0,per_class,all,micro,smoothed_std_over_raw,0.8498739068717114,0.8478627099568798,0.8518501648107342,1449,1449,1449,1449,,5000,5000,1.0,3021694564,20260901
B3_spatial_feature,2.0,per_class,all,micro,linear_solve_relative_residual,5.3148705058675224e-06,5.214211624311319e-06,5.417568727296283e-06,1449,1449,1449,1449,,5000,5000,1.0,3021694564,20260901
B3_spatial_feature,2.0,per_class,all,micro,cg_iterations,11.0,11.0,11.0,1449,1449,1449,1449,,5000,5000,1.0,3021694564,20260901
B3_spatial_feature,2.0,per_class,all,micro,solve_runtime_ms_per_map,0.006002318718212897,0.005976225750125714,0.006032624722827462,1449,1449,1449,1449,,5000,5000,1.0,3021694564,20260901
B3_spatial_feature,2.0,per_class,all,micro,fidelity,0.04780854342352365,0.04695791395440867,0.048750815969159776,1449,1449,1449,1449,,5000,5000,1.0,3021694564,20260901
B3_spatial_feature,2.0,per_class,all,micro,relative_l2_change,0.04780854342352365,0.04695791395440867,0.048750815969159776,1449,1449,1449,1449,,5000,5000,1.0,3021694564,20260901
B3_spatial_feature,2.0,per_class,all,micro,map_pearson,0.9753072551812197,0.9748968759699473,0.9757187099642718,1449,1449,1449,1449,,5000,5000,1.0,3021694564,20260901
B3_spatial_feature,2.0,per_class,all,micro,map_spearman,0.9672588698200887,0.9666326939247245,0.9678563747171948,1449,1449,1449,1449,,5000,5000,1.0,3021694564,20260901
B3_spatial_feature,2.0,per_class,all,micro,energy_raw,0.0065699590021696804,0.006147801392679402,0.007050189713626429,1449,1449,1449,1449,,5000,5000,1.0,3021694564,20260901
B3_spatial_feature,2.0,per_class,all,micro,energy_smoothed,0.002106487803148932,0.0018765326516551207,0.0023631957704780605,1449,1449,1449,1449,,5000,5000,1.0,3021694564,20260901
B3_spatial_feature,2.0,per_class,all,micro,energy_retention,0.23899481538618902,0.23457787545504571,0.24362378399317802,1449,1449,1449,1449,,5000,5000,1.0,3021694564,20260901
B3_spatial_feature,2.0,per_class,all,micro,smoothed_std_over_raw,0.8472388325023849,0.8454625556578382,0.849019582996375,1449,1449,1449,1449,,5000,5000,1.0,3021694564,20260901
B3_spatial_feature,2.0,per_class,all,micro,linear_solve_relative_residual,6.039870020979817e-06,5.939367637150622e-06,6.144048595209827e-06,1449,1449,1449,1449,,5000,5000,1.0,3021694564,20260901
B3_spatial_feature,2.0,per_class,all,micro,cg_iterations,11.0,11.0,11.0,1449,1449,1449,1449,,5000,5000,1.0,3021694564,20260901
B3_spatial_feature,2.0,per_class,all,micro,solve_runtime_ms_per_map,0.006002318718212897,0.005976225750125714,0.006032624722827462,1449,1449,1449,1449,,5000,5000,1.0,3021694564,20260901
B3_spatial_feature,2.0,per_class,all,micro,fidelity,0.06655601768518539,0.06467186682298394,0.06863293727699814,1449,1449,1449,1449,,5000,5000,1.0,3021694564,20260901
B3_spatial_feature,2.0,per_class,all,micro,relative_l2_change,0.06655601768518539,0.06467186682298394,0.06863293727699814,1449,1449,1449,1449,,5000,5000,1.0,3021694564,20260901
B3_spatial_feature,2.0,per_class,all,micro,map_pearson,0.9727185512510474,0.9721391540424341,0.9732735778429411,1449,1449,1449,1449,,5000,5000,1.0,3021694564,20260901
B3_spatial_feature,2.0,per_class,all,micro,map_spearman,0.9624772018774203,0.9616446357716603,0.9632955748688113,1449,1449,1449,1449,,5000,5000,1.0,3021694564,20260901
B3_spatial_feature,2.0,per_class,all,micro,energy_raw,0.015118487143928919,0.013971878564595185,0.01640039174442306,1449,1449,1449,1449,,5000,5000,1.0,3021694564,20260901
B3_spatial_feature,2.0,per_class,all,micro,energy_smoothed,0.00563566123568109,0.005055727719817295,0.006266508371504501,1449,1449,1449,1449,,5000,5000,1.0,3021694564,20260901
B3_spatial_feature,2.0,per_class,all,micro,energy_retention,0.2527959468530901,0.24767388773065258,0.2580700899289858,1449,1449,1449,1449,,5000,5000,1.0,3021694564,20260901
B3_spatial_feature,2.0,per_class,all,micro,smoothed_std_over_raw,0.8453435217042559,0.84333184625956,0.8472826424376811,1449,1449,1449,1449,,5000,5000,1.0,3021694564,20260901
B3_spatial_feature,2.0,per_class,all,micro,linear_solve_relative_residual,5.483845099850823e-06,5.384070465056284e-06,5.583966996410691e-06,1449,1449,1449,1449,,5000,5000,1.0,3021694564,20260901
B3_spatial_feature,2.0,per_class,all,micro,cg_iterations,11.0,11.0,11.0,1449,1449,1449,1449,,5000,5000,1.0,3021694564,20260901
B3_spatial_feature,2.0,per_class,all,micro,solve_runtime_ms_per_map,0.006002318718212897,0.005976225750125714,0.006032624722827462,1449,1449,1449,1449,,5000,5000,1.0,3021694564,20260901
B3_spatial_feature,2.0,per_class,all,micro,fidelity,0.04700722613900879,0.04596381001004125,0.04813078627356034,1449,1449,1449,1449,,5000,5000,1.0,3021694564,20260901
B3_spatial_feature,2.0,per_class,all,micro,relative_l2_change,0.04700722613900879,0.04596381001004125,0.04813078627356034,1449,1449,1449,1449,,5000,5000,1.0,3021694564,20260901
B3_spatial_feature,2.0,per_class,all,micro,map_pearson,0.9735793769565264,0.9731059507347947,0.9740501875113092,1449,1449,1449,1449,,5000,5000,1.0,3021694564,20260901
B3_spatial_feature,2.0,per_class,all,micro,map_spearman,0.9641557079582399,0.9634783639732601,0.9648212377339335,1449,1449,1449,1449,,5000,5000,1.0,3021694564,20260901
B3_spatial_feature,2.0,per_class,all,micro,energy_raw,0.0067092568305558205,0.00614135054300571,0.007337864645536002,1449,1449,1449,1449,,5000,5000,1.0,3021694564,20260901
B3_spatial_feature,2.0,per_class,all,micro,energy_smoothed,0.0022380840265239653,0.0019268642732565408,0.0025820938296891006,1449,1449,1449,1449,,5000,5000,1.0,3021694564,20260901
B3_spatial_feature,2.0,per_class,all,micro,energy_retention,0.22784703654244162,0.22372685051950567,0.23215961959868608,1449,1449,1449,1449,,5000,5000,1.0,3021694564,20260901
B3_spatial_feature,2.0,per_class,all,micro,smoothed_std_over_raw,0.8450862857454641,0.8435508597567627,0.8466883913536085,1449,1449,1449,1449,,5000,5000,1.0,3021694564,20260901
B3_spatial_feature,2.0,per_class,all,micro,linear_solve_relative_residual,6.321815371854337e-06,6.224071205243849e-06,6.419652745254249e-06,1449,1449,1449,1449,,5000,5000,1.0,3021694564,20260901
B3_spatial_feature,2.0,per_class,all,micro,cg_iterations,11.0,11.0,11.0,1449,1449,1449,1449,,5000,5000,1.0,3021694564,20260901
B3_spatial_feature,2.0,per_class,all,micro,solve_runtime_ms_per_map,0.006002318718212897,0.005976225750125714,0.006032624722827462,1449,1449,1449,1449,,5000,5000,1.0,3021694564,20260901
B3_spatial_feature,2.0,per_class,all,micro,fidelity,0.05168330560138178,0.050473810727222776,0.05296618941254795,1449,1449,1449,1449,,5000,5000,1.0,3021694564,20260901
B3_spatial_feature,2.0,per_class,all,micro,relative_l2_change,0.05168330560138178,0.050473810727222776,0.05296618941254795,1449,1449,1449,1449,,5000,5000,1.0,3021694564,20260901
B3_spatial_feature,2.0,per_class,all,micro,map_pearson,0.9746509544021759,0.9742132410365931,0.9750526483765218,1449,1449,1449,1449,,5000,5000,1.0,3021694564,20260901
B3_spatial_feature,2.0,per_class,all,micro,map_spearman,0.9660156498784604,0.9653016824221266,0.9667078541168844,1449,1449,1449,1449,,5000,5000,1.0,3021694564,20260901
B3_spatial_feature,2.0,per_class,all,micro,energy_raw,0.008128713067618422,0.007463190351574141,0.008857740438145568,1449,1449,1449,1449,,5000,5000,1.0,3021694564,20260901
B3_spatial_feature,2.0,per_class,all,micro,energy_smoothed,0.0025984373440071967,0.0022741580915168038,0.002960262073200125,1449,1449,1449,1449,,5000,5000,1.0,3021694564,20260901
B3_spatial_feature,2.0,per_class,all,micro,energy_retention,0.23501670234074998,0.23139081530535197,0.23860958667460436,1449,1449,1449,1449,,5000,5000,1.0,3021694564,20260901
B3_spatial_feature,2.0,per_class,all,micro,smoothed_std_over_raw,0.8433821366687245,0.8416234611230854,0.8451157154287857,1449,1449,1449,1449,,5000,5000,1.0,3021694564,20260901
B3_spatial_feature,2.0,per_class,all,micro,linear_solve_relative_residual,5.77325732470958e-06,5.671406394955078e-06,5.874204663675141e-06,1449,1449,1449,1449,,5000,5000,1.0,3021694564,20260901
B3_spatial_feature,2.0,per_class,all,micro,cg_iterations,11.0,11.0,11.0,1449,1449,1449,1449,,5000,5000,1.0,3021694564,20260901
B3_spatial_feature,2.0,per_class,all,micro,solve_runtime_ms_per_map,0.006002318718212897,0.005976225750125714,0.006032624722827462,1449,1449,1449,1449,,5000,5000,1.0,3021694564,20260901
B3_spatial_feature,2.0,per_class,all,micro,fidelity,0.053507437159514906,0.05256502721156588,0.054533221275886945,1449,1449,1449,1449,,5000,5000,1.0,3021694564,20260901
B3_spatial_feature,2.0,per_class,all,micro,relative_l2_change,0.053507437159514906,0.05256502721156588,0.054533221275886945,1449,1449,1449,1449,,5000,5000,1.0,3021694564,20260901
B3_spatial_feature,2.0,per_class,all,micro,map_pearson,0.972963787959805,0.9724324059278657,0.973521439876122,1449,1449,1449,1449,,5000,5000,1.0,3021694564,20260901
B3_spatial_feature,2.0,per_class,all,micro,map_spearman,0.9641460678839042,0.9633927700507632,0.9649346747311582,1449,1449,1449,1449,,5000,5000,1.0,3021694564,20260901
B3_spatial_feature,2.0,per_class,all,micro,energy_raw,0.008283017577122694,0.007776296444769417,0.008831988973639458,1449,1449,1449,1449,,5000,5000,1.0,3021694564,20260901
B3_spatial_feature,2.0,per_class,all,micro,energy_smoothed,0.0027613907299360247,0.0024699864898221767,0.003083857620770996,1449,1449,1449,1449,,5000,5000,1.0,3021694564,20260901
B3_spatial_feature,2.0,per_class,all,micro,energy_retention,0.2446545832851494,0.23953157841202882,0.25034378497887677,1449,1449,1449,1449,,5000,5000,1.0,3021694564,20260901
B3_spatial_feature,2.0,per_class,all,micro,smoothed_std_over_raw,0.8432124445486102,0.8411500343079811,0.8454219503617435,1449,1449,1449,1449,,5000,5000,1.0,3021694564,20260901
B3_spatial_feature,2.0,per_class,all,micro,linear_solve_relative_residual,5.4558627441498e-06,5.350636700270148e-06,5.562132092719819e-06,1449,1449,1449,1449,,5000,5000,1.0,3021694564,20260901
B3_spatial_feature,2.0,per_class,all,micro,cg_iterations,11.0,11.0,11.0,1449,1449,1449,1449,,5000,5000,1.0,3021694564,20260901
B3_spatial_feature,2.0,per_class,all,micro,solve_runtime_ms_per_map,0.006002318718212897,0.005976225750125714,0.006032624722827462,1449,1449,1449,1449,,5000,5000,1.0,3021694564,20260901
B3_spatial_feature,2.0,per_class,all,micro,fidelity,0.04859885363984182,0.04764331868477552,0.049583680056076655,1449,1449,1449,1449,,5000,5000,1.0,3021694564,20260901
B3_spatial_feature,2.0,per_class,all,micro,relative_l2_change,0.04859885363984182,0.04764331868477552,0.049583680056076655,1449,1449,1449,1449,,5000,5000,1.0,3021694564,20260901
B3_spatial_feature,2.0,per_class,all,micro,map_pearson,0.9751629457546153,0.9747932053747631,0.9755336813417856,1449,1449,1449,1449,,5000,5000,1.0,3021694564,20260901
B3_spatial_feature,2.0,per_class,all,micro,map_spearman,0.9664329344276892,0.9657930330604089,0.9670583516801531,1449,1449,1449,1449,,5000,5000,1.0,3021694564,20260901
B3_spatial_feature,2.0,per_class,all,micro,energy_raw,0.006759637093918335,0.006281849364638411,0.00728001882940122,1449,1449,1449,1449,,5000,5000,1.0,3021694564,20260901
B3_spatial_feature,2.0,per_class,all,micro,energy_smoothed,0.002038158370321552,0.001806304391443986,0.002285213871479438,1449,1449,1449,1449,,5000,5000,1.0,3021694564,20260901
B3_spatial_feature,2.0,per_class,all,micro,energy_retention,0.23009192228852016,0.22630194267161638,0.23407190256077845,1449,1449,1449,1449,,5000,5000,1.0,3021694564,20260901
B3_spatial_feature,2.0,per_class,all,micro,smoothed_std_over_raw,0.8409619476566486,0.8393612040598859,0.8426149238895926,1449,1449,1449,1449,,5000,5000,1.0,3021694564,20260901
B3_spatial_feature,2.0,per_class,all,micro,linear_solve_relative_residual,6.081223061029207e-06,5.975408464749058e-06,6.186167449353973e-06,1449,1449,1449,1449,,5000,5000,1.0,3021694564,20260901
B3_spatial_feature,2.0,per_class,all,micro,cg_iterations,11.0,11.0,11.0,1449,1449,1449,1449,,5000,5000,1.0,3021694564,20260901
B3_spatial_feature,2.0,per_class,all,micro,solve_runtime_ms_per_map,0.006002318718212897,0.005976225750125714,0.006032624722827462,1449,1449,1449,1449,,5000,5000,1.0,3021694564,20260901
B3_spatial_feature,2.0,per_class,all,micro,fidelity,0.0496115052032627,0.04868479428737019,0.05058034141184832,1449,1449,1449,1449,,5000,5000,1.0,3021694564,20260901
B3_spatial_feature,2.0,per_class,all,micro,relative_l2_change,0.0496115052032627,0.04868479428737019,0.05058034141184832,1449,1449,1449,1449,,5000,5000,1.0,3021694564,20260901
B3_spatial_feature,2.0,per_class,all,micro,map_pearson,0.9757598330433243,0.9753748439175248,0.9761474322170286,1449,1449,1449,1449,,5000,5000,1.0,3021694564,20260901
B3_spatial_feature,2.0,per_class,all,micro,map_spearman,0.9658965544095115,0.9651963670719402,0.9665453398439537,1449,1449,1449,1449,,5000,5000,1.0,3021694564,20260901
B3_spatial_feature,2.0,per_class,all,micro,energy_raw,0.007051680254890713,0.006605366495020304,0.0075118325845279915,1449,1449,1449,1449,,5000,5000,1.0,3021694564,20260901
B3_spatial_feature,2.0,per_class,all,micro,energy_smoothed,0.0022337060142557535,0.0019860328010497036,0.002484030886326463,1449,1449,1449,1449,,5000,5000,1.0,3021694564,20260901
B3_spatial_feature,2.0,per_class,all,micro,energy_retention,0.2352690846756296,0.2310336481265626,0.23955196324784725,1449,1449,1449,1449,,5000,5000,1.0,3021694564,20260901
B3_spatial_feature,2.0,per_class,all,micro,smoothed_std_over_raw,0.8413722260069074,0.8394997563483058,0.8432981597988501,1449,1449,1449,1449,,5000,5000,1.0,3021694564,20260901
B3_spatial_feature,2.0,per_class,all,micro,linear_solve_relative_residual,5.959487970527012e-06,5.859558150044938e-06,6.065158494227698e-06,1449,1449,1449,1449,,5000,5000,1.0,3021694564,20260901
B3_spatial_feature,2.0,per_class,all,micro,cg_iterations,11.0,11.0,11.0,1449,1449,1449,1449,,5000,5000,1.0,3021694564,20260901
B3_spatial_feature,2.0,per_class,all,micro,solve_runtime_ms_per_map,0.006002318718212897,0.005976225750125714,0.006032624722827462,1449,1449,1449,1449,,5000,5000,1.0,3021694564,20260901
B3_spatial_feature,2.0,per_class,all,micro,fidelity,0.08089621989551374,0.07861889523060014,0.08318542884861994,1449,1449,1449,1449,,5000,5000,1.0,3021694564,20260901
B3_spatial_feature,2.0,per_class,all,micro,relative_l2_change,0.08089621989551374,0.07861889523060014,0.08318542884861994,1449,1449,1449,1449,,5000,5000,1.0,3021694564,20260901
B3_spatial_feature,2.0,per_class,all,micro,map_pearson,0.977190191043172,0.9766096847757871,0.9777551472176759,1449,1449,1449,1449,,5000,5000,1.0,3021694564,20260901
B3_spatial_feature,2.0,per_class,all,micro,map_spearman,0.9691772809351124,0.9684725462567649,0.9698884854251306,1449,1449,1449,1449,,5000,5000,1.0,3021694564,20260901
B3_spatial_feature,2.0,per_class,all,micro,energy_raw,0.02202026813732572,0.020538183264420678,0.023533143153987125,1449,1449,1449,1449,,5000,5000,1.0,3021694564,20260901
B3_spatial_feature,2.0,per_class,all,micro,energy_smoothed,0.008931079353545706,0.008231715917665573,0.009640245308949396,1449,1449,1449,1449,,5000,5000,1.0,3021694564,20260901
B3_spatial_feature,2.0,per_class,all,micro,energy_retention,0.3186762021832667,0.312106285464813,0.325338811951055,1449,1449,1449,1449,,5000,5000,1.0,3021694564,20260901
B3_spatial_feature,2.0,per_class,all,micro,smoothed_std_over_raw,0.8563903626118798,0.8538290368947101,0.859047805783747,1449,1449,1449,1449,,5000,5000,1.0,3021694564,20260901
B3_spatial_feature,2.0,per_class,all,micro,linear_solve_relative_residual,5.485128625033289e-06,5.391150156248045e-06,5.58139367804475e-06,1449,1449,1449,1449,,5000,5000,1.0,3021694564,20260901
B3_spatial_feature,2.0,per_class,all,micro,cg_iterations,11.0,11.0,11.0,1449,1449,1449,1449,,5000,5000,1.0,3021694564,20260901
B3_spatial_feature,2.0,per_class,all,micro,solve_runtime_ms_per_map,0.006002318718212897,0.005976225750125714,0.006032624722827462,1449,1449,1449,1449,,5000,5000,1.0,3021694564,20260901
B3_spatial_feature,2.0,per_class,all,micro,fidelity,0.061627123003544025,0.060249596026329504,0.06313719201268689,1449,1449,1449,1449,,5000,5000,1.0,3021694564,20260901
B3_spatial_feature,2.0,per_class,all,micro,relative_l2_change,0.061627123003544025,0.060249596026329504,0.06313719201268689,1449,1449,1449,1449,,5000,5000,1.0,3021694564,20260901
B3_spatial_feature,2.0,per_class,all,micro,map_pearson,0.9698971500061067,0.9692868080722866,0.9704722485310295,1449,1449,1449,1449,,5000,5000,1.0,3021694564,20260901
B3_spatial_feature,2.0,per_class,all,micro,map_spearman,0.9602061693548252,0.9593635375249624,0.961005340803484,1449,1449,1449,1449,,5000,5000,1.0,3021694564,20260901
B3_spatial_feature,2.0,per_class,all,micro,energy_raw,0.011407561864532926,0.010640657072233807,0.012260319650178972,1449,1449,1449,1449,,5000,5000,1.0,3021694564,20260901
B3_spatial_feature,2.0,per_class,all,micro,energy_smoothed,0.0035257551916219355,0.0031699452674823552,0.003925668463668035,1449,1449,1449,1449,,5000,5000,1.0,3021694564,20260901
B3_spatial_feature,2.0,per_class,all,micro,energy_retention,0.23333955563867068,0.22937122488675898,0.23738823625149194,1449,1449,1449,1449,,5000,5000,1.0,3021694564,20260901
B3_spatial_feature,2.0,per_class,all,micro,smoothed_std_over_raw,0.8414636434481998,0.839359358362365,0.8435051880483795,1449,1449,1449,1449,,5000,5000,1.0,3021694564,20260901
B3_spatial_feature,2.0,per_class,all,micro,linear_solve_relative_residual,5.347139181739363e-06,5.24954072659943e-06,5.446532772579594e-06,1449,1449,1449,1449,,5000,5000,1.0,3021694564,20260901
B3_spatial_feature,2.0,per_class,all,micro,cg_iterations,11.0,11.0,11.0,1449,1449,1449,1449,,5000,5000,1.0,3021694564,20260901
B3_spatial_feature,2.0,per_class,all,micro,solve_runtime_ms_per_map,0.006002318718212897,0.005976225750125714,0.006032624722827462,1449,1449,1449,1449,,5000,5000,1.0,3021694564,20260901
B3_spatial_feature,2.0,per_class,all,micro,fidelity,0.04530977790826884,0.044627240399127535,0.04605207547016462,1449,1449,1449,1449,,5000,5000,1.0,3021694564,20260901
B3_spatial_feature,2.0,per_class,all,micro,relative_l2_change,0.04530977790826884,0.044627240399127535,0.04605207547016462,1449,1449,1449,1449,,5000,5000,1.0,3021694564,20260901
B3_spatial_feature,2.0,per_class,all,micro,map_pearson,0.9756418271176646,0.9752431127420781,0.976015190761652,1449,1449,1449,1449,,5000,5000,1.0,3021694564,20260901
B3_spatial_feature,2.0,per_class,all,micro,map_spearman,0.9675622689386661,0.966928583484341,0.9681689000308636,1449,1449,1449,1449,,5000,5000,1.0,3021694564,20260901
B3_spatial_feature,2.0,per_class,all,micro,energy_raw,0.005495244372244654,0.0051814669165100675,0.005850302766772499,1449,1449,1449,1449,,5000,5000,1.0,3021694564,20260901
B3_spatial_feature,2.0,per_class,all,micro,energy_smoothed,0.0015168245965351394,0.0013626982518774667,0.0016922108051824645,1449,1449,1449,1449,,5000,5000,1.0,3021694564,20260901
B3_spatial_feature,2.0,per_class,all,micro,energy_retention,0.23168837934670736,0.22823363204632569,0.23490539685205356,1449,1449,1449,1449,,5000,5000,1.0,3021694564,20260901
B3_spatial_feature,2.0,per_class,all,micro,smoothed_std_over_raw,0.8449616001917627,0.8434028239281857,0.846581137455933,1449,1449,1449,1449,,5000,5000,1.0,3021694564,20260901
B3_spatial_feature,2.0,per_class,all,micro,linear_solve_relative_residual,6.033753236645349e-06,5.9336519794365794e-06,6.137427278402754e-06,1449,1449,1449,1449,,5000,5000,1.0,3021694564,20260901
B3_spatial_feature,2.0,per_class,all,micro,cg_iterations,11.0,11.0,11.0,1449,1449,1449,1449,,5000,5000,1.0,3021694564,20260901
B3_spatial_feature,2.0,per_class,all,micro,solve_runtime_ms_per_map,0.006002318718212897,0.005976225750125714,0.006032624722827462,1449,1449,1449,1449,,5000,5000,1.0,3021694564,20260901
B3_spatial_feature,2.0,per_class,all,micro,fidelity,0.05589773613905561,0.054212925286630645,0.057753914626047856,1449,1449,1449,1449,,5000,5000,1.0,3021694564,20260901
B3_spatial_feature,2.0,per_class,all,micro,relative_l2_change,0.05589773613905561,0.054212925286630645,0.057753914626047856,1449,1449,1449,1449,,5000,5000,1.0,3021694564,20260901
B3_spatial_feature,2.0,per_class,all,micro,map_pearson,0.9768082430808604,0.9764319322350273,0.977180626339506,1449,1449,1449,1449,,5000,5000,1.0,3021694564,20260901
B3_spatial_feature,2.0,per_class,all,micro,map_spearman,0.9668279356426663,0.9661146183520699,0.9675334099132575,1449,1449,1449,1449,,5000,5000,1.0,3021694564,20260901
B3_spatial_feature,2.0,per_class,all,micro,energy_raw,0.010996003196962959,0.010004006468891706,0.012114521464571313,1449,1449,1449,1449,,5000,5000,1.0,3021694564,20260901
B3_spatial_feature,2.0,per_class,all,micro,energy_smoothed,0.004327222835724072,0.0037901176414320732,0.004931545825145275,1449,1449,1449,1449,,5000,5000,1.0,3021694564,20260901
B3_spatial_feature,2.0,per_class,all,micro,energy_retention,0.2542200534918787,0.2492480523858587,0.25947133797594313,1449,1449,1449,1449,,5000,5000,1.0,3021694564,20260901
B3_spatial_feature,2.0,per_class,all,micro,smoothed_std_over_raw,0.8459798548038948,0.8442054260591543,0.847821366801354,1449,1449,1449,1449,,5000,5000,1.0,3021694564,20260901
B3_spatial_feature,2.0,per_class,all,micro,linear_solve_relative_residual,5.788608416823953e-06,5.6920902790505705e-06,5.887833182600325e-06,1449,1449,1449,1449,,5000,5000,1.0,3021694564,20260901
B3_spatial_feature,2.0,per_class,all,micro,cg_iterations,11.0,11.0,11.0,1449,1449,1449,1449,,5000,5000,1.0,3021694564,20260901
B3_spatial_feature,2.0,per_class,all,micro,solve_runtime_ms_per_map,0.006002318718212897,0.005976225750125714,0.006032624722827462,1449,1449,1449,1449,,5000,5000,1.0,3021694564,20260901
B3_spatial_feature,2.0,per_class,all,micro,fidelity,0.043914111225696745,0.043102919412783255,0.044767556055156504,1449,1449,1449,1449,,5000,5000,1.0,3021694564,20260901
B3_spatial_feature,2.0,per_class,all,micro,relative_l2_change,0.043914111225696745,0.043102919412783255,0.044767556055156504,1449,1449,1449,1449,,5000,5000,1.0,3021694564,20260901
B3_spatial_feature,2.0,per_class,all,micro,map_pearson,0.9782240225826155,0.97793648459732,0.978490868913173,1449,1449,1449,1449,,5000,5000,1.0,3021694564,20260901
B3_spatial_feature,2.0,per_class,all,micro,map_spearman,0.9699226368534886,0.9693665156401874,0.9704672872310594,1449,1449,1449,1449,,5000,5000,1.0,3021694564,20260901
B3_spatial_feature,2.0,per_class,all,micro,energy_raw,0.005420181187229029,0.0050339348311989945,0.0058434830682071465,1449,1449,1449,1449,,5000,5000,1.0,3021694564,20260901
B3_spatial_feature,2.0,per_class,all,micro,energy_smoothed,0.0016246196649622512,0.0014228911004628966,0.0018462571049791964,1449,1449,1449,1449,,5000,5000,1.0,3021694564,20260901
B3_spatial_feature,2.0,per_class,all,micro,energy_retention,0.23940317560015587,0.23630043415647073,0.24234938373348275,1449,1449,1449,1449,,5000,5000,1.0,3021694564,20260901
B3_spatial_feature,2.0,per_class,all,micro,smoothed_std_over_raw,0.8465348948191741,0.8449453899393911,0.8481321057136344,1449,1449,1449,1449,,5000,5000,1.0,3021694564,20260901
B3_spatial_feature,2.0,per_class,all,micro,linear_solve_relative_residual,6.114282842570787e-06,6.0171138146752046e-06,6.211768583083762e-06,1449,1449,1449,1449,,5000,5000,1.0,3021694564,20260901
B3_spatial_feature,2.0,per_class,all,micro,cg_iterations,11.0,11.0,11.0,1449,1449,1449,1449,,5000,5000,1.0,3021694564,20260901
B3_spatial_feature,2.0,per_class,all,micro,solve_runtime_ms_per_map,0.006002318718212897,0.005976225750125714,0.006032624722827462,1449,1449,1449,1449,,5000,5000,1.0,3021694564,20260901
B3_spatial_feature,2.0,per_class,all,micro,fidelity,0.05255376421213356,0.05144829935782439,0.05372000708147688,1449,1449,1449,1449,,5000,5000,1.0,3021694564,20260901
B3_spatial_feature,2.0,per_class,all,micro,relative_l2_change,0.05255376421213356,0.05144829935782439,0.05372000708147688,1449,1449,1449,1449,,5000,5000,1.0,3021694564,20260901
B3_spatial_feature,2.0,per_class,all,micro,map_pearson,0.9751690502327998,0.9747694763502143,0.9755777547252927,1449,1449,1449,1449,,5000,5000,1.0,3021694564,20260901
B3_spatial_feature,2.0,per_class,all,micro,map_spearman,0.9655157396758812,0.9648198774049741,0.9662093081346375,1449,1449,1449,1449,,5000,5000,1.0,3021694564,20260901
B3_spatial_feature,2.0,per_class,all,micro,energy_raw,0.008142836995775058,0.007577587089964411,0.008753248667334006,1449,1449,1449,1449,,5000,5000,1.0,3021694564,20260901
B3_spatial_feature,2.0,per_class,all,micro,energy_smoothed,0.002547990615530103,0.0022665731349383596,0.0028482774851901036,1449,1449,1449,1449,,5000,5000,1.0,3021694564,20260901
B3_spatial_feature,2.0,per_class,all,micro,energy_retention,0.2417815313041416,0.2380711036935459,0.24557028811391549,1449,1449,1449,1449,,5000,5000,1.0,3021694564,20260901
B3_spatial_feature,2.0,per_class,all,micro,smoothed_std_over_raw,0.8476491459408162,0.8459442510131394,0.8493362443067848,1449,1449,1449,1449,,5000,5000,1.0,3021694564,20260901
B3_spatial_feature,2.0,per_class,all,micro,linear_solve_relative_residual,5.5350222416562185e-06,5.434023227629218e-06,5.630226541009194e-06,1449,1449,1449,1449,,5000,5000,1.0,3021694564,20260901
B3_spatial_feature,2.0,per_class,all,micro,cg_iterations,11.0,11.0,11.0,1449,1449,1449,1449,,5000,5000,1.0,3021694564,20260901
B3_spatial_feature,2.0,per_class,all,micro,solve_runtime_ms_per_map,0.006002318718212897,0.005976225750125714,0.006032624722827462,1449,1449,1449,1449,,5000,5000,1.0,3021694564,20260901
B3_spatial_feature,4.0,all_class_maps,all,micro,fidelity,0.06925918023244029,0.0685598038471181,0.07000645541347206,1449,1449,28980,28980,,5000,5000,1.0,3021694564,20260901
B3_spatial_feature,4.0,all_class_maps,all,micro,relative_l2_change,0.06925918023244029,0.0685598038471181,0.07000645541347206,1449,1449,28980,28980,,5000,5000,1.0,3021694564,20260901
B3_spatial_feature,4.0,all_class_maps,all,micro,map_pearson,0.9578579729676164,0.9573696113011707,0.958317744956346,1449,1449,28980,28980,,5000,5000,1.0,3021694564,20260901
B3_spatial_feature,4.0,all_class_maps,all,micro,map_spearman,0.9451069526091537,0.9445688545059611,0.9456429273556478,1449,1449,28980,28980,,5000,5000,1.0,3021694564,20260901
B3_spatial_feature,4.0,all_class_maps,all,micro,energy_raw,0.008761968170279017,0.008541722966292808,0.008999939468717221,1449,1449,28980,28980,,5000,5000,1.0,3021694564,20260901
B3_spatial_feature,4.0,all_class_maps,all,micro,energy_smoothed,0.0019821358480388066,0.001907873515205194,0.0020596859173382938,1449,1449,28980,28980,,5000,5000,1.0,3021694564,20260901
B3_spatial_feature,4.0,all_class_maps,all,micro,energy_retention,0.1431547734960965,0.14169657513340184,0.1446077264154335,1449,1449,28980,28980,,5000,5000,1.0,3021694564,20260901
B3_spatial_feature,4.0,all_class_maps,all,micro,smoothed_std_over_raw,0.7915184429672523,0.7903542655163424,0.7926511851474489,1449,1449,28980,28980,,5000,5000,1.0,3021694564,20260901
B3_spatial_feature,4.0,all_class_maps,all,micro,linear_solve_relative_residual,6.159760103037178e-06,6.136421788285821e-06,6.182013387087696e-06,1449,1449,28980,28980,,5000,5000,1.0,3021694564,20260901
B3_spatial_feature,4.0,all_class_maps,all,micro,cg_iterations,15.132505175983438,15.115251897860594,15.150448585231194,1449,1449,28980,28980,,5000,5000,1.0,3021694564,20260901
B3_spatial_feature,4.0,all_class_maps,all,micro,solve_runtime_ms_per_map,0.00788240342897802,0.007846705703623532,0.00792275365114124,1449,1449,28980,28980,,5000,5000,1.0,3021694564,20260901
B3_spatial_feature,4.0,all_class_maps,all,macro_class,fidelity,0.06925918023244029,0.06855980384711809,0.07000645541347204,1449,1449,28980,28980,20,5000,5000,1.0,3021694564,20260901
B3_spatial_feature,4.0,all_class_maps,all,macro_class,relative_l2_change,0.06925918023244029,0.06855980384711809,0.07000645541347204,1449,1449,28980,28980,20,5000,5000,1.0,3021694564,20260901
B3_spatial_feature,4.0,all_class_maps,all,macro_class,map_pearson,0.9578579729676164,0.9573696113011706,0.958317744956346,1449,1449,28980,28980,20,5000,5000,1.0,3021694564,20260901
B3_spatial_feature,4.0,all_class_maps,all,macro_class,map_spearman,0.9451069526091537,0.9445688545059612,0.9456429273556478,1449,1449,28980,28980,20,5000,5000,1.0,3021694564,20260901
B3_spatial_feature,4.0,all_class_maps,all,macro_class,energy_raw,0.008761968170279019,0.008541722966292806,0.008999939468717223,1449,1449,28980,28980,20,5000,5000,1.0,3021694564,20260901
B3_spatial_feature,4.0,all_class_maps,all,macro_class,energy_smoothed,0.001982135848038807,0.001907873515205194,0.0020596859173382938,1449,1449,28980,28980,20,5000,5000,1.0,3021694564,20260901
B3_spatial_feature,4.0,all_class_maps,all,macro_class,energy_retention,0.14315477349609648,0.14169657513340184,0.1446077264154335,1449,1449,28980,28980,20,5000,5000,1.0,3021694564,20260901
B3_spatial_feature,4.0,all_class_maps,all,macro_class,smoothed_std_over_raw,0.7915184429672522,0.7903542655163425,0.7926511851474489,1449,1449,28980,28980,20,5000,5000,1.0,3021694564,20260901
B3_spatial_feature,4.0,all_class_maps,all,macro_class,linear_solve_relative_residual,6.159760103037177e-06,6.136421788285823e-06,6.182013387087696e-06,1449,1449,28980,28980,20,5000,5000,1.0,3021694564,20260901
B3_spatial_feature,4.0,all_class_maps,all,macro_class,cg_iterations,15.132505175983436,15.115251897860594,15.150448585231194,1449,1449,28980,28980,20,5000,5000,1.0,3021694564,20260901
B3_spatial_feature,4.0,all_class_maps,all,macro_class,solve_runtime_ms_per_map,0.00788240342897802,0.007846705703623533,0.007922753651141238,1449,1449,28980,28980,20,5000,5000,1.0,3021694564,20260901
B3_spatial_feature,4.0,all_class_maps,single_label,micro,fidelity,0.06340091248960139,0.06263868265675265,0.0641575888489768,927,927,18540,18540,,5000,5000,1.0,3021694564,20260901
B3_spatial_feature,4.0,all_class_maps,single_label,micro,relative_l2_change,0.06340091248960139,0.06263868265675265,0.0641575888489768,927,927,18540,18540,,5000,5000,1.0,3021694564,20260901
B3_spatial_feature,4.0,all_class_maps,single_label,micro,map_pearson,0.9581623085783523,0.9575301484010527,0.9588006333142776,927,927,18540,18540,,5000,5000,1.0,3021694564,20260901
B3_spatial_feature,4.0,all_class_maps,single_label,micro,map_spearman,0.9439158878473016,0.9431368507866014,0.9446848130627197,927,927,18540,18540,,5000,5000,1.0,3021694564,20260901
B3_spatial_feature,4.0,all_class_maps,single_label,micro,energy_raw,0.00699637461628362,0.006780651942556804,0.007211999195736686,927,927,18540,18540,,5000,5000,1.0,3021694564,20260901
B3_spatial_feature,4.0,all_class_maps,single_label,micro,energy_smoothed,0.0013465694511802053,0.0012821727820223907,0.0014128113757440493,927,927,18540,18540,,5000,5000,1.0,3021694564,20260901
B3_spatial_feature,4.0,all_class_maps,single_label,micro,energy_retention,0.1330914652457274,0.13145004333618288,0.13474114473231497,927,927,18540,18540,,5000,5000,1.0,3021694564,20260901
B3_spatial_feature,4.0,all_class_maps,single_label,micro,smoothed_std_over_raw,0.7884419566862277,0.786961531293495,0.7898946302965235,927,927,18540,18540,,5000,5000,1.0,3021694564,20260901
B3_spatial_feature,4.0,all_class_maps,single_label,micro,linear_solve_relative_residual,6.0954365588277595e-06,6.066134839320224e-06,6.124727911641565e-06,927,927,18540,18540,,5000,5000,1.0,3021694564,20260901
B3_spatial_feature,4.0,all_class_maps,single_label,micro,cg_iterations,15.138079827400215,15.116504854368932,15.160733549083064,927,927,18540,18540,,5000,5000,1.0,3021694564,20260901
B3_spatial_feature,4.0,all_class_maps,single_label,micro,solve_runtime_ms_per_map,0.007883201140901762,0.007839246324437594,0.00793590042661482,927,927,18540,18540,,5000,5000,1.0,3021694564,20260901
B3_spatial_feature,4.0,all_class_maps,single_label,macro_class,fidelity,0.06340091248960138,0.06263868265675265,0.0641575888489768,927,927,18540,18540,20,5000,5000,1.0,3021694564,20260901
B3_spatial_feature,4.0,all_class_maps,single_label,macro_class,relative_l2_change,0.06340091248960138,0.06263868265675265,0.0641575888489768,927,927,18540,18540,20,5000,5000,1.0,3021694564,20260901
B3_spatial_feature,4.0,all_class_maps,single_label,macro_class,map_pearson,0.9581623085783523,0.9575301484010529,0.9588006333142778,927,927,18540,18540,20,5000,5000,1.0,3021694564,20260901
B3_spatial_feature,4.0,all_class_maps,single_label,macro_class,map_spearman,0.9439158878473017,0.9431368507866014,0.9446848130627196,927,927,18540,18540,20,5000,5000,1.0,3021694564,20260901
B3_spatial_feature,4.0,all_class_maps,single_label,macro_class,energy_raw,0.006996374616283618,0.006780651942556804,0.007211999195736687,927,927,18540,18540,20,5000,5000,1.0,3021694564,20260901
B3_spatial_feature,4.0,all_class_maps,single_label,macro_class,energy_smoothed,0.0013465694511802055,0.0012821727820223907,0.0014128113757440495,927,927,18540,18540,20,5000,5000,1.0,3021694564,20260901
B3_spatial_feature,4.0,all_class_maps,single_label,macro_class,energy_retention,0.13309146524572738,0.1314500433361829,0.13474114473231494,927,927,18540,18540,20,5000,5000,1.0,3021694564,20260901
B3_spatial_feature,4.0,all_class_maps,single_label,macro_class,smoothed_std_over_raw,0.7884419566862279,0.786961531293495,0.7898946302965237,927,927,18540,18540,20,5000,5000,1.0,3021694564,20260901
B3_spatial_feature,4.0,all_class_maps,single_label,macro_class,linear_solve_relative_residual,6.0954365588277595e-06,6.066134839320224e-06,6.124727911641564e-06,927,927,18540,18540,20,5000,5000,1.0,3021694564,20260901
B3_spatial_feature,4.0,all_class_maps,single_label,macro_class,cg_iterations,15.138079827400214,15.116504854368936,15.160733549083067,927,927,18540,18540,20,5000,5000,1.0,3021694564,20260901
B3_spatial_feature,4.0,all_class_maps,single_label,macro_class,solve_runtime_ms_per_map,0.007883201140901765,0.007839246324437594,0.007935900426614824,927,927,18540,18540,20,5000,5000,1.0,3021694564,20260901
B3_spatial_feature,4.0,all_class_maps,exactly_2_labels,micro,fidelity,0.07686472251713276,0.07586641065329312,0.07790223678356657,375,375,7500,7500,,5000,5000,1.0,3021694564,20260901
B3_spatial_feature,4.0,all_class_maps,exactly_2_labels,micro,relative_l2_change,0.07686472251713276,0.07586641065329312,0.07790223678356657,375,375,7500,7500,,5000,5000,1.0,3021694564,20260901
B3_spatial_feature,4.0,all_class_maps,exactly_2_labels,micro,map_pearson,0.9571252549091975,0.9562314450486501,0.9579921217813094,375,375,7500,7500,,5000,5000,1.0,3021694564,20260901
B3_spatial_feature,4.0,all_class_maps,exactly_2_labels,micro,map_spearman,0.947275309419632,0.9463743840289116,0.9481692599592606,375,375,7500,7500,,5000,5000,1.0,3021694564,20260901
B3_spatial_feature,4.0,all_class_maps,exactly_2_labels,micro,energy_raw,0.010898557301983237,0.010527640851814455,0.011293764832814534,375,375,7500,7500,,5000,5000,1.0,3021694564,20260901
B3_spatial_feature,4.0,all_class_maps,exactly_2_labels,micro,energy_smoothed,0.002717218890733784,0.0025869165067043407,0.002851319494252481,375,375,7500,7500,,5000,5000,1.0,3021694564,20260901
B3_spatial_feature,4.0,all_class_maps,exactly_2_labels,micro,energy_retention,0.15688248133013646,0.1544805488462746,0.159222685851641,375,375,7500,7500,,5000,5000,1.0,3021694564,20260901
B3_spatial_feature,4.0,all_class_maps,exactly_2_labels,micro,smoothed_std_over_raw,0.7964078465382258,0.7943076139312982,0.7985503992938995,375,375,7500,7500,,5000,5000,1.0,3021694564,20260901
B3_spatial_feature,4.0,all_class_maps,exactly_2_labels,micro,linear_solve_relative_residual,6.258063306086114e-06,6.2197457617109345e-06,6.296073682609252e-06,375,375,7500,7500,,5000,5000,1.0,3021694564,20260901
B3_spatial_feature,4.0,all_class_maps,exactly_2_labels,micro,cg_iterations,15.114666666666666,15.082666666666666,15.149333333333333,375,375,7500,7500,,5000,5000,1.0,3021694564,20260901
B3_spatial_feature,4.0,all_class_maps,exactly_2_labels,micro,solve_runtime_ms_per_map,0.007877481099718284,0.00781996949466702,0.007959647207742953,375,375,7500,7500,,5000,5000,1.0,3021694564,20260901
B3_spatial_feature,4.0,all_class_maps,exactly_2_labels,macro_class,fidelity,0.07686472251713276,0.07586641065329312,0.07790223678356659,375,375,7500,7500,20,5000,5000,1.0,3021694564,20260901
B3_spatial_feature,4.0,all_class_maps,exactly_2_labels,macro_class,relative_l2_change,0.07686472251713276,0.07586641065329312,0.07790223678356659,375,375,7500,7500,20,5000,5000,1.0,3021694564,20260901
B3_spatial_feature,4.0,all_class_maps,exactly_2_labels,macro_class,map_pearson,0.9571252549091975,0.9562314450486503,0.9579921217813093,375,375,7500,7500,20,5000,5000,1.0,3021694564,20260901
B3_spatial_feature,4.0,all_class_maps,exactly_2_labels,macro_class,map_spearman,0.9472753094196321,0.9463743840289115,0.9481692599592604,375,375,7500,7500,20,5000,5000,1.0,3021694564,20260901
B3_spatial_feature,4.0,all_class_maps,exactly_2_labels,macro_class,energy_raw,0.010898557301983237,0.010527640851814452,0.011293764832814536,375,375,7500,7500,20,5000,5000,1.0,3021694564,20260901
B3_spatial_feature,4.0,all_class_maps,exactly_2_labels,macro_class,energy_smoothed,0.002717218890733784,0.0025869165067043407,0.002851319494252481,375,375,7500,7500,20,5000,5000,1.0,3021694564,20260901
B3_spatial_feature,4.0,all_class_maps,exactly_2_labels,macro_class,energy_retention,0.15688248133013644,0.1544805488462746,0.15922268585164098,375,375,7500,7500,20,5000,5000,1.0,3021694564,20260901
B3_spatial_feature,4.0,all_class_maps,exactly_2_labels,macro_class,smoothed_std_over_raw,0.7964078465382258,0.7943076139312982,0.7985503992938996,375,375,7500,7500,20,5000,5000,1.0,3021694564,20260901
B3_spatial_feature,4.0,all_class_maps,exactly_2_labels,macro_class,linear_solve_relative_residual,6.2580633060861135e-06,6.2197457617109345e-06,6.296073682609251e-06,375,375,7500,7500,20,5000,5000,1.0,3021694564,20260901
B3_spatial_feature,4.0,all_class_maps,exactly_2_labels,macro_class,cg_iterations,15.114666666666668,15.082666666666665,15.14933333333334,375,375,7500,7500,20,5000,5000,1.0,3021694564,20260901
B3_spatial_feature,4.0,all_class_maps,exactly_2_labels,macro_class,solve_runtime_ms_per_map,0.007877481099718283,0.00781996949466702,0.007959647207742953,375,375,7500,7500,20,5000,5000,1.0,3021694564,20260901
B3_spatial_feature,4.0,all_class_maps,3plus_labels,micro,fidelity,0.08680024037429061,0.08526417932058146,0.08834106147761274,147,147,2940,2940,,5000,5000,1.0,3021694564,20260901
B3_spatial_feature,4.0,all_class_maps,3plus_labels,micro,relative_l2_change,0.08680024037429061,0.08526417932058146,0.08834106147761274,147,147,2940,2940,,5000,5000,1.0,3021694564,20260901
B3_spatial_feature,4.0,all_class_maps,3plus_labels,micro,map_pearson,0.9578079740611875,0.9567360833135187,0.9587897180836825,147,147,2940,2940,,5000,5000,1.0,3021694564,20260901
B3_spatial_feature,4.0,all_class_maps,3plus_labels,micro,map_spearman,0.9470864303663474,0.9458722337669864,0.948280161440778,147,147,2940,2940,,5000,5000,1.0,3021694564,20260901
B3_spatial_feature,4.0,all_class_maps,3plus_labels,micro,energy_raw,0.014445534838065759,0.01377103283415512,0.015114006454104852,147,147,2940,2940,,5000,5000,1.0,3021694564,20260901
B3_spatial_feature,4.0,all_class_maps,3plus_labels,micro,energy_smoothed,0.004114883527476269,0.0038575279336662193,0.004378232706717457,147,147,2940,2940,,5000,5000,1.0,3021694564,20260901
B3_spatial_feature,4.0,all_class_maps,3plus_labels,micro,energy_retention,0.1715955647228121,0.1683052263529274,0.17483813433869913,147,147,2940,2940,,5000,5000,1.0,3021694564,20260901
B3_spatial_feature,4.0,all_class_maps,3plus_labels,micro,smoothed_std_over_raw,0.7984461738746993,0.7945584182162472,0.8021199373120353,147,147,2940,2940,,5000,5000,1.0,3021694564,20260901
B3_spatial_feature,4.0,all_class_maps,3plus_labels,micro,linear_solve_relative_residual,6.314618772008469e-06,6.258050966222941e-06,6.368611065614478e-06,147,147,2940,2940,,5000,5000,1.0,3021694564,20260901
B3_spatial_feature,4.0,all_class_maps,3plus_labels,micro,cg_iterations,15.142857142857142,15.08843537414966,15.197278911564625,147,147,2940,2940,,5000,5000,1.0,3021694564,20260901
B3_spatial_feature,4.0,all_class_maps,3plus_labels,micro,solve_runtime_ms_per_map,0.007889929922305165,0.007804082837179015,0.008033732741907749,147,147,2940,2940,,5000,5000,1.0,3021694564,20260901
B3_spatial_feature,4.0,all_class_maps,3plus_labels,macro_class,fidelity,0.08680024037429064,0.08526417932058146,0.08834106147761274,147,147,2940,2940,20,5000,5000,1.0,3021694564,20260901
B3_spatial_feature,4.0,all_class_maps,3plus_labels,macro_class,relative_l2_change,0.08680024037429064,0.08526417932058146,0.08834106147761274,147,147,2940,2940,20,5000,5000,1.0,3021694564,20260901
B3_spatial_feature,4.0,all_class_maps,3plus_labels,macro_class,map_pearson,0.9578079740611873,0.9567360833135187,0.9587897180836825,147,147,2940,2940,20,5000,5000,1.0,3021694564,20260901
B3_spatial_feature,4.0,all_class_maps,3plus_labels,macro_class,map_spearman,0.9470864303663472,0.9458722337669863,0.948280161440778,147,147,2940,2940,20,5000,5000,1.0,3021694564,20260901
B3_spatial_feature,4.0,all_class_maps,3plus_labels,macro_class,energy_raw,0.014445534838065757,0.013771032834155124,0.015114006454104852,147,147,2940,2940,20,5000,5000,1.0,3021694564,20260901
B3_spatial_feature,4.0,all_class_maps,3plus_labels,macro_class,energy_smoothed,0.004114883527476269,0.0038575279336662185,0.004378232706717456,147,147,2940,2940,20,5000,5000,1.0,3021694564,20260901
B3_spatial_feature,4.0,all_class_maps,3plus_labels,macro_class,energy_retention,0.17159556472281207,0.1683052263529274,0.17483813433869913,147,147,2940,2940,20,5000,5000,1.0,3021694564,20260901
B3_spatial_feature,4.0,all_class_maps,3plus_labels,macro_class,smoothed_std_over_raw,0.7984461738746994,0.7945584182162472,0.8021199373120355,147,147,2940,2940,20,5000,5000,1.0,3021694564,20260901
B3_spatial_feature,4.0,all_class_maps,3plus_labels,macro_class,linear_solve_relative_residual,6.314618772008468e-06,6.258050966222941e-06,6.368611065614478e-06,147,147,2940,2940,20,5000,5000,1.0,3021694564,20260901
B3_spatial_feature,4.0,all_class_maps,3plus_labels,macro_class,cg_iterations,15.142857142857144,15.08843537414966,15.197278911564633,147,147,2940,2940,20,5000,5000,1.0,3021694564,20260901
B3_spatial_feature,4.0,all_class_maps,3plus_labels,macro_class,solve_runtime_ms_per_map,0.007889929922305165,0.007804082837179015,0.008033732741907747,147,147,2940,2940,20,5000,5000,1.0,3021694564,20260901
B3_spatial_feature,4.0,per_class,all,micro,fidelity,0.05892761481258686,0.05789479109168752,0.06004285748284426,1449,1449,1449,1449,,5000,5000,1.0,3021694564,20260901
B3_spatial_feature,4.0,per_class,all,micro,relative_l2_change,0.05892761481258686,0.05789479109168752,0.06004285748284426,1449,1449,1449,1449,,5000,5000,1.0,3021694564,20260901
B3_spatial_feature,4.0,per_class,all,micro,map_pearson,0.9585425410293726,0.9579113735483793,0.9591314079588327,1449,1449,1449,1449,,5000,5000,1.0,3021694564,20260901
B3_spatial_feature,4.0,per_class,all,micro,map_spearman,0.9475950822079897,0.9467446542654143,0.948450619792675,1449,1449,1449,1449,,5000,5000,1.0,3021694564,20260901
B3_spatial_feature,4.0,per_class,all,micro,energy_raw,0.005584940945860088,0.005235611773196854,0.0059771386402620716,1449,1449,1449,1449,,5000,5000,1.0,3021694564,20260901
B3_spatial_feature,4.0,per_class,all,micro,energy_smoothed,0.0009944906623742728,0.0008532985559252473,0.0011512049141588535,1449,1449,1449,1449,,5000,5000,1.0,3021694564,20260901
B3_spatial_feature,4.0,per_class,all,micro,energy_retention,0.1311310603083455,0.12828696054889158,0.13401048403050753,1449,1449,1449,1449,,5000,5000,1.0,3021694564,20260901
B3_spatial_feature,4.0,per_class,all,micro,smoothed_std_over_raw,0.7870766590018368,0.7850355838077738,0.7891148278236472,1449,1449,1449,1449,,5000,5000,1.0,3021694564,20260901
B3_spatial_feature,4.0,per_class,all,micro,linear_solve_relative_residual,6.0869376629149935e-06,6.024377827074477e-06,6.149102049788356e-06,1449,1449,1449,1449,,5000,5000,1.0,3021694564,20260901
B3_spatial_feature,4.0,per_class,all,micro,cg_iterations,15.132505175983438,15.115251897860594,15.150448585231194,1449,1449,1449,1449,,5000,5000,1.0,3021694564,20260901
B3_spatial_feature,4.0,per_class,all,micro,solve_runtime_ms_per_map,0.007882403428978021,0.007846705703623532,0.00792275365114124,1449,1449,1449,1449,,5000,5000,1.0,3021694564,20260901
B3_spatial_feature,4.0,per_class,all,micro,fidelity,0.06308700510649701,0.06151585589632844,0.0647869588379164,1449,1449,1449,1449,,5000,5000,1.0,3021694564,20260901
B3_spatial_feature,4.0,per_class,all,micro,relative_l2_change,0.06308700510649701,0.06151585589632844,0.0647869588379164,1449,1449,1449,1449,,5000,5000,1.0,3021694564,20260901
B3_spatial_feature,4.0,per_class,all,micro,map_pearson,0.9597625820450819,0.9591498975078347,0.9603506534181026,1449,1449,1449,1449,,5000,5000,1.0,3021694564,20260901
B3_spatial_feature,4.0,per_class,all,micro,map_spearman,0.9476536220727583,0.9467562703859239,0.9485240249499278,1449,1449,1449,1449,,5000,5000,1.0,3021694564,20260901
B3_spatial_feature,4.0,per_class,all,micro,energy_raw,0.00711112421101089,0.006543097257202143,0.007737061707929594,1449,1449,1449,1449,,5000,5000,1.0,3021694564,20260901
B3_spatial_feature,4.0,per_class,all,micro,energy_smoothed,0.001475917621620698,0.0012611058774981826,0.001706733671296681,1449,1449,1449,1449,,5000,5000,1.0,3021694564,20260901
B3_spatial_feature,4.0,per_class,all,micro,energy_retention,0.1321848159986294,0.12905951470362886,0.13543259997397733,1449,1449,1449,1449,,5000,5000,1.0,3021694564,20260901
B3_spatial_feature,4.0,per_class,all,micro,smoothed_std_over_raw,0.793651164565274,0.7914837545880455,0.7957420085569017,1449,1449,1449,1449,,5000,5000,1.0,3021694564,20260901
B3_spatial_feature,4.0,per_class,all,micro,linear_solve_relative_residual,6.060641071178554e-06,5.992154072846159e-06,6.132174319076558e-06,1449,1449,1449,1449,,5000,5000,1.0,3021694564,20260901
B3_spatial_feature,4.0,per_class,all,micro,cg_iterations,15.132505175983438,15.115251897860594,15.150448585231194,1449,1449,1449,1449,,5000,5000,1.0,3021694564,20260901
B3_spatial_feature,4.0,per_class,all,micro,solve_runtime_ms_per_map,0.007882403428978021,0.007846705703623532,0.00792275365114124,1449,1449,1449,1449,,5000,5000,1.0,3021694564,20260901
B3_spatial_feature,4.0,per_class,all,micro,fidelity,0.058932856859072395,0.058161543257755605,0.059791799253939015,1449,1449,1449,1449,,5000,5000,1.0,3021694564,20260901
B3_spatial_feature,4.0,per_class,all,micro,relative_l2_change,0.058932856859072395,0.058161543257755605,0.059791799253939015,1449,1449,1449,1449,,5000,5000,1.0,3021694564,20260901
B3_spatial_feature,4.0,per_class,all,micro,map_pearson,0.9536770362126736,0.9530102661091595,0.9543185504347477,1449,1449,1449,1449,,5000,5000,1.0,3021694564,20260901
B3_spatial_feature,4.0,per_class,all,micro,map_spearman,0.94183425668028,0.9408442779922995,0.9428067341580565,1449,1449,1449,1449,,5000,5000,1.0,3021694564,20260901
B3_spatial_feature,4.0,per_class,all,micro,energy_raw,0.005411394378151089,0.0051918731471358144,0.005670479117280317,1449,1449,1449,1449,,5000,5000,1.0,3021694564,20260901
B3_spatial_feature,4.0,per_class,all,micro,energy_smoothed,0.0007858687657739175,0.0007121505310376602,0.0008738218858238369,1449,1449,1449,1449,,5000,5000,1.0,3021694564,20260901
B3_spatial_feature,4.0,per_class,all,micro,energy_retention,0.1225084584152353,0.12024993697725098,0.12488573698803854,1449,1449,1449,1449,,5000,5000,1.0,3021694564,20260901
B3_spatial_feature,4.0,per_class,all,micro,smoothed_std_over_raw,0.7897416356105159,0.7876487684330091,0.7917840631852239,1449,1449,1449,1449,,5000,5000,1.0,3021694564,20260901
B3_spatial_feature,4.0,per_class,all,micro,linear_solve_relative_residual,6.145889036601752e-06,6.082493132468929e-06,6.209340346689686e-06,1449,1449,1449,1449,,5000,5000,1.0,3021694564,20260901
B3_spatial_feature,4.0,per_class,all,micro,cg_iterations,15.132505175983438,15.115251897860594,15.150448585231194,1449,1449,1449,1449,,5000,5000,1.0,3021694564,20260901
B3_spatial_feature,4.0,per_class,all,micro,solve_runtime_ms_per_map,0.007882403428978021,0.007846705703623532,0.00792275365114124,1449,1449,1449,1449,,5000,5000,1.0,3021694564,20260901
B3_spatial_feature,4.0,per_class,all,micro,fidelity,0.06169880567705985,0.06028225186728892,0.06320282485390055,1449,1449,1449,1449,,5000,5000,1.0,3021694564,20260901
B3_spatial_feature,4.0,per_class,all,micro,relative_l2_change,0.06169880567705985,0.06028225186728892,0.06320282485390055,1449,1449,1449,1449,,5000,5000,1.0,3021694564,20260901
B3_spatial_feature,4.0,per_class,all,micro,map_pearson,0.9595794259391216,0.9589948199221477,0.9601483205275506,1449,1449,1449,1449,,5000,5000,1.0,3021694564,20260901
B3_spatial_feature,4.0,per_class,all,micro,map_spearman,0.9481400167473107,0.947306639484655,0.9489480204833961,1449,1449,1449,1449,,5000,5000,1.0,3021694564,20260901
B3_spatial_feature,4.0,per_class,all,micro,energy_raw,0.00650339352504946,0.00599689694471208,0.007076558137556449,1449,1449,1449,1449,,5000,5000,1.0,3021694564,20260901
B3_spatial_feature,4.0,per_class,all,micro,energy_smoothed,0.0013216763238385295,0.0011147884856752145,0.0015588576334133624,1449,1449,1449,1449,,5000,5000,1.0,3021694564,20260901
B3_spatial_feature,4.0,per_class,all,micro,energy_retention,0.13810874083387267,0.1352069225551122,0.14116108568039454,1449,1449,1449,1449,,5000,5000,1.0,3021694564,20260901
B3_spatial_feature,4.0,per_class,all,micro,smoothed_std_over_raw,0.7893220301411578,0.78719173798362,0.7914579267076907,1449,1449,1449,1449,,5000,5000,1.0,3021694564,20260901
B3_spatial_feature,4.0,per_class,all,micro,linear_solve_relative_residual,6.1149458877460275e-06,6.048562711515116e-06,6.18028707490769e-06,1449,1449,1449,1449,,5000,5000,1.0,3021694564,20260901
B3_spatial_feature,4.0,per_class,all,micro,cg_iterations,15.132505175983438,15.115251897860594,15.150448585231194,1449,1449,1449,1449,,5000,5000,1.0,3021694564,20260901
B3_spatial_feature,4.0,per_class,all,micro,solve_runtime_ms_per_map,0.007882403428978021,0.007846705703623532,0.00792275365114124,1449,1449,1449,1449,,5000,5000,1.0,3021694564,20260901
B3_spatial_feature,4.0,per_class,all,micro,fidelity,0.07454835682891417,0.07242785342541581,0.07669001038207462,1449,1449,1449,1449,,5000,5000,1.0,3021694564,20260901
B3_spatial_feature,4.0,per_class,all,micro,relative_l2_change,0.07454835682891417,0.07242785342541581,0.07669001038207462,1449,1449,1449,1449,,5000,5000,1.0,3021694564,20260901
B3_spatial_feature,4.0,per_class,all,micro,map_pearson,0.9552763929195943,0.9544415947669453,0.9560724358391235,1449,1449,1449,1449,,5000,5000,1.0,3021694564,20260901
B3_spatial_feature,4.0,per_class,all,micro,map_spearman,0.9415188299696391,0.9404045505409326,0.9426435777962495,1449,1449,1449,1449,,5000,5000,1.0,3021694564,20260901
B3_spatial_feature,4.0,per_class,all,micro,energy_raw,0.010192204752372638,0.00940900484687765,0.011011853013900279,1449,1449,1449,1449,,5000,5000,1.0,3021694564,20260901
B3_spatial_feature,4.0,per_class,all,micro,energy_smoothed,0.0023551666340461287,0.0020486382522620947,0.0026793338821208892,1449,1449,1449,1449,,5000,5000,1.0,3021694564,20260901
B3_spatial_feature,4.0,per_class,all,micro,energy_retention,0.14518621750047406,0.14132280364045147,0.1491176551580686,1449,1449,1449,1449,,5000,5000,1.0,3021694564,20260901
B3_spatial_feature,4.0,per_class,all,micro,smoothed_std_over_raw,0.7948079837281758,0.7925399030546554,0.7972039802206887,1449,1449,1449,1449,,5000,5000,1.0,3021694564,20260901
B3_spatial_feature,4.0,per_class,all,micro,linear_solve_relative_residual,6.0686130750052e-06,5.996930244929342e-06,6.137888427805476e-06,1449,1449,1449,1449,,5000,5000,1.0,3021694564,20260901
B3_spatial_feature,4.0,per_class,all,micro,cg_iterations,15.132505175983438,15.115251897860594,15.150448585231194,1449,1449,1449,1449,,5000,5000,1.0,3021694564,20260901
B3_spatial_feature,4.0,per_class,all,micro,solve_runtime_ms_per_map,0.007882403428978021,0.007846705703623532,0.00792275365114124,1449,1449,1449,1449,,5000,5000,1.0,3021694564,20260901
B3_spatial_feature,4.0,per_class,all,micro,fidelity,0.06439601994531577,0.063061013260022,0.06580896774182203,1449,1449,1449,1449,,5000,5000,1.0,3021694564,20260901
B3_spatial_feature,4.0,per_class,all,micro,relative_l2_change,0.06439601994531577,0.063061013260022,0.06580896774182203,1449,1449,1449,1449,,5000,5000,1.0,3021694564,20260901
B3_spatial_feature,4.0,per_class,all,micro,map_pearson,0.957809945564586,0.9571167023594088,0.958478480783144,1449,1449,1449,1449,,5000,5000,1.0,3021694564,20260901
B3_spatial_feature,4.0,per_class,all,micro,map_spearman,0.9446491520103707,0.943661652119757,0.9456569933208455,1449,1449,1449,1449,,5000,5000,1.0,3021694564,20260901
B3_spatial_feature,4.0,per_class,all,micro,energy_raw,0.0068524456125015,0.006432922064275928,0.0073006491970240015,1449,1449,1449,1449,,5000,5000,1.0,3021694564,20260901
B3_spatial_feature,4.0,per_class,all,micro,energy_smoothed,0.0013365889621650758,0.0011757594511188206,0.0015102222113892838,1449,1449,1449,1449,,5000,5000,1.0,3021694564,20260901
B3_spatial_feature,4.0,per_class,all,micro,energy_retention,0.1382994937785664,0.1350351691829636,0.14157349835885877,1449,1449,1449,1449,,5000,5000,1.0,3021694564,20260901
B3_spatial_feature,4.0,per_class,all,micro,smoothed_std_over_raw,0.7892791942286442,0.7871391163273792,0.7914045508583304,1449,1449,1449,1449,,5000,5000,1.0,3021694564,20260901
B3_spatial_feature,4.0,per_class,all,micro,linear_solve_relative_residual,6.183238379762054e-06,6.117872069833493e-06,6.249530675723472e-06,1449,1449,1449,1449,,5000,5000,1.0,3021694564,20260901
B3_spatial_feature,4.0,per_class,all,micro,cg_iterations,15.132505175983438,15.115251897860594,15.150448585231194,1449,1449,1449,1449,,5000,5000,1.0,3021694564,20260901
B3_spatial_feature,4.0,per_class,all,micro,solve_runtime_ms_per_map,0.007882403428978021,0.007846705703623532,0.00792275365114124,1449,1449,1449,1449,,5000,5000,1.0,3021694564,20260901
B3_spatial_feature,4.0,per_class,all,micro,fidelity,0.07831378843894986,0.07608178639193139,0.08066618070494848,1449,1449,1449,1449,,5000,5000,1.0,3021694564,20260901
B3_spatial_feature,4.0,per_class,all,micro,relative_l2_change,0.07831378843894986,0.07608178639193139,0.08066618070494848,1449,1449,1449,1449,,5000,5000,1.0,3021694564,20260901
B3_spatial_feature,4.0,per_class,all,micro,map_pearson,0.9575275946189981,0.9567615385309346,0.9582578507773295,1449,1449,1449,1449,,5000,5000,1.0,3021694564,20260901
B3_spatial_feature,4.0,per_class,all,micro,map_spearman,0.9451923159750023,0.9441889226025265,0.9461874521533484,1449,1449,1449,1449,,5000,5000,1.0,3021694564,20260901
B3_spatial_feature,4.0,per_class,all,micro,energy_raw,0.011481013256359751,0.010615790698234939,0.012382722470676046,1449,1449,1449,1449,,5000,5000,1.0,3021694564,20260901
B3_spatial_feature,4.0,per_class,all,micro,energy_smoothed,0.0025716473738317588,0.0022895766064927607,0.002868560179062588,1449,1449,1449,1449,,5000,5000,1.0,3021694564,20260901
B3_spatial_feature,4.0,per_class,all,micro,energy_retention,0.15492112207784992,0.15109835053299822,0.15881328501419167,1449,1449,1449,1449,,5000,5000,1.0,3021694564,20260901
B3_spatial_feature,4.0,per_class,all,micro,smoothed_std_over_raw,0.7961641029294727,0.7937354546125137,0.7985391434490311,1449,1449,1449,1449,,5000,5000,1.0,3021694564,20260901
B3_spatial_feature,4.0,per_class,all,micro,linear_solve_relative_residual,6.360684029523057e-06,6.285294275343676e-06,6.432082309105602e-06,1449,1449,1449,1449,,5000,5000,1.0,3021694564,20260901
B3_spatial_feature,4.0,per_class,all,micro,cg_iterations,15.132505175983438,15.115251897860594,15.150448585231194,1449,1449,1449,1449,,5000,5000,1.0,3021694564,20260901
B3_spatial_feature,4.0,per_class,all,micro,solve_runtime_ms_per_map,0.007882403428978021,0.007846705703623532,0.00792275365114124,1449,1449,1449,1449,,5000,5000,1.0,3021694564,20260901
B3_spatial_feature,4.0,per_class,all,micro,fidelity,0.06242469420015113,0.06114278474444713,0.06383854642586256,1449,1449,1449,1449,,5000,5000,1.0,3021694564,20260901
B3_spatial_feature,4.0,per_class,all,micro,relative_l2_change,0.06242469420015113,0.06114278474444713,0.06383854642586256,1449,1449,1449,1449,,5000,5000,1.0,3021694564,20260901
B3_spatial_feature,4.0,per_class,all,micro,map_pearson,0.9590162748382205,0.9583652535303039,0.9596611145305337,1449,1449,1449,1449,,5000,5000,1.0,3021694564,20260901
B3_spatial_feature,4.0,per_class,all,micro,map_spearman,0.9472835697824993,0.9463680172815991,0.9481738870764206,1449,1449,1449,1449,,5000,5000,1.0,3021694564,20260901
B3_spatial_feature,4.0,per_class,all,micro,energy_raw,0.0065699590021696804,0.006147801392679402,0.007050189713626429,1449,1449,1449,1449,,5000,5000,1.0,3021694564,20260901
B3_spatial_feature,4.0,per_class,all,micro,energy_smoothed,0.0014137810417833392,0.001232143786786679,0.0016149140101835752,1449,1449,1449,1449,,5000,5000,1.0,3021694564,20260901
B3_spatial_feature,4.0,per_class,all,micro,energy_retention,0.14126884803854653,0.13725004507231303,0.14546724898738078,1449,1449,1449,1449,,5000,5000,1.0,3021694564,20260901
B3_spatial_feature,4.0,per_class,all,micro,smoothed_std_over_raw,0.7947726228715963,0.7926071807670133,0.7969275458330858,1449,1449,1449,1449,,5000,5000,1.0,3021694564,20260901
B3_spatial_feature,4.0,per_class,all,micro,linear_solve_relative_residual,6.077340953507632e-06,6.010204817828813e-06,6.141650250153127e-06,1449,1449,1449,1449,,5000,5000,1.0,3021694564,20260901
B3_spatial_feature,4.0,per_class,all,micro,cg_iterations,15.132505175983438,15.115251897860594,15.150448585231194,1449,1449,1449,1449,,5000,5000,1.0,3021694564,20260901
B3_spatial_feature,4.0,per_class,all,micro,solve_runtime_ms_per_map,0.007882403428978021,0.007846705703623532,0.00792275365114124,1449,1449,1449,1449,,5000,5000,1.0,3021694564,20260901
B3_spatial_feature,4.0,per_class,all,micro,fidelity,0.08795959939518165,0.08523880025729269,0.09092256767299924,1449,1449,1449,1449,,5000,5000,1.0,3021694564,20260901
B3_spatial_feature,4.0,per_class,all,micro,relative_l2_change,0.08795959939518165,0.08523880025729269,0.09092256767299924,1449,1449,1449,1449,,5000,5000,1.0,3021694564,20260901
B3_spatial_feature,4.0,per_class,all,micro,map_pearson,0.9545343823890344,0.953639282419856,0.9553860140975958,1449,1449,1449,1449,,5000,5000,1.0,3021694564,20260901
B3_spatial_feature,4.0,per_class,all,micro,map_spearman,0.9404736598085913,0.9392848888652501,0.9416165695180557,1449,1449,1449,1449,,5000,5000,1.0,3021694564,20260901
B3_spatial_feature,4.0,per_class,all,micro,energy_raw,0.015118487143928919,0.013971878564595185,0.01640039174442306,1449,1449,1449,1449,,5000,5000,1.0,3021694564,20260901
B3_spatial_feature,4.0,per_class,all,micro,energy_smoothed,0.0039305024497288754,0.00348724727186392,0.004406155384156633,1449,1449,1449,1449,,5000,5000,1.0,3021694564,20260901
B3_spatial_feature,4.0,per_class,all,micro,energy_retention,0.15386731706667636,0.14938862670587055,0.15856948619061828,1449,1449,1449,1449,,5000,5000,1.0,3021694564,20260901
B3_spatial_feature,4.0,per_class,all,micro,smoothed_std_over_raw,0.7910138205711886,0.7885929667040592,0.7933460834285075,1449,1449,1449,1449,,5000,5000,1.0,3021694564,20260901
B3_spatial_feature,4.0,per_class,all,micro,linear_solve_relative_residual,6.295050310318483e-06,6.22533437699879e-06,6.362007341042404e-06,1449,1449,1449,1449,,5000,5000,1.0,3021694564,20260901
B3_spatial_feature,4.0,per_class,all,micro,cg_iterations,15.132505175983438,15.115251897860594,15.150448585231194,1449,1449,1449,1449,,5000,5000,1.0,3021694564,20260901
B3_spatial_feature,4.0,per_class,all,micro,solve_runtime_ms_per_map,0.007882403428978021,0.007846705703623532,0.00792275365114124,1449,1449,1449,1449,,5000,5000,1.0,3021694564,20260901
B3_spatial_feature,4.0,per_class,all,micro,fidelity,0.0611223594958491,0.05956819382206305,0.06277162981842399,1449,1449,1449,1449,,5000,5000,1.0,3021694564,20260901
B3_spatial_feature,4.0,per_class,all,micro,relative_l2_change,0.0611223594958491,0.05956819382206305,0.06277162981842399,1449,1449,1449,1449,,5000,5000,1.0,3021694564,20260901
B3_spatial_feature,4.0,per_class,all,micro,map_pearson,0.9564478935004104,0.9557160597667356,0.957186064366804,1449,1449,1449,1449,,5000,5000,1.0,3021694564,20260901
B3_spatial_feature,4.0,per_class,all,micro,map_spearman,0.9430910588298032,0.9421049713913615,0.9440795046922007,1449,1449,1449,1449,,5000,5000,1.0,3021694564,20260901
B3_spatial_feature,4.0,per_class,all,micro,energy_raw,0.0067092568305558205,0.00614135054300571,0.007337864645536002,1449,1449,1449,1449,,5000,5000,1.0,3021694564,20260901
B3_spatial_feature,4.0,per_class,all,micro,energy_smoothed,0.001547027936073427,0.0012981475983508477,0.0018194697036094676,1449,1449,1449,1449,,5000,5000,1.0,3021694564,20260901
B3_spatial_feature,4.0,per_class,all,micro,energy_retention,0.13197934471734069,0.12822218362802448,0.13593223701527482,1449,1449,1449,1449,,5000,5000,1.0,3021694564,20260901
B3_spatial_feature,4.0,per_class,all,micro,smoothed_std_over_raw,0.7927415892944573,0.7908793866356707,0.7946809880790257,1449,1449,1449,1449,,5000,5000,1.0,3021694564,20260901
B3_spatial_feature,4.0,per_class,all,micro,linear_solve_relative_residual,5.935479349701991e-06,5.8741373038197285e-06,5.9956118175464004e-06,1449,1449,1449,1449,,5000,5000,1.0,3021694564,20260901
B3_spatial_feature,4.0,per_class,all,micro,cg_iterations,15.132505175983438,15.115251897860594,15.150448585231194,1449,1449,1449,1449,,5000,5000,1.0,3021694564,20260901
B3_spatial_feature,4.0,per_class,all,micro,solve_runtime_ms_per_map,0.007882403428978021,0.007846705703623532,0.00792275365114124,1449,1449,1449,1449,,5000,5000,1.0,3021694564,20260901
B3_spatial_feature,4.0,per_class,all,micro,fidelity,0.06739413765502683,0.06563669301838125,0.06924097864079405,1449,1449,1449,1449,,5000,5000,1.0,3021694564,20260901
B3_spatial_feature,4.0,per_class,all,micro,relative_l2_change,0.06739413765502683,0.06563669301838125,0.06924097864079405,1449,1449,1449,1449,,5000,5000,1.0,3021694564,20260901
B3_spatial_feature,4.0,per_class,all,micro,map_pearson,0.9577934174721944,0.9570998057753897,0.9584305553219498,1449,1449,1449,1449,,5000,5000,1.0,3021694564,20260901
B3_spatial_feature,4.0,per_class,all,micro,map_spearman,0.9455547142308527,0.9445195966348144,0.9465734553849228,1449,1449,1449,1449,,5000,5000,1.0,3021694564,20260901
B3_spatial_feature,4.0,per_class,all,micro,energy_raw,0.008128713067618422,0.007463190351574141,0.008857740438145568,1449,1449,1449,1449,,5000,5000,1.0,3021694564,20260901
B3_spatial_feature,4.0,per_class,all,micro,energy_smoothed,0.0017212270779533247,0.001481284053250161,0.00198928161019117,1449,1449,1449,1449,,5000,5000,1.0,3021694564,20260901
B3_spatial_feature,4.0,per_class,all,micro,energy_retention,0.13696592058690768,0.13379148633455187,0.14008701019023795,1449,1449,1449,1449,,5000,5000,1.0,3021694564,20260901
B3_spatial_feature,4.0,per_class,all,micro,smoothed_std_over_raw,0.7897764087299218,0.7876118351625031,0.7919225892603521,1449,1449,1449,1449,,5000,5000,1.0,3021694564,20260901
B3_spatial_feature,4.0,per_class,all,micro,linear_solve_relative_residual,6.1724297647416395e-06,6.1037962547096705e-06,6.241004580248225e-06,1449,1449,1449,1449,,5000,5000,1.0,3021694564,20260901
B3_spatial_feature,4.0,per_class,all,micro,cg_iterations,15.132505175983438,15.115251897860594,15.150448585231194,1449,1449,1449,1449,,5000,5000,1.0,3021694564,20260901
B3_spatial_feature,4.0,per_class,all,micro,solve_runtime_ms_per_map,0.007882403428978021,0.007846705703623532,0.00792275365114124,1449,1449,1449,1449,,5000,5000,1.0,3021694564,20260901
B3_spatial_feature,4.0,per_class,all,micro,fidelity,0.06998325647558731,0.06852866666670439,0.0715449218401715,1449,1449,1449,1449,,5000,5000,1.0,3021694564,20260901
B3_spatial_feature,4.0,per_class,all,micro,relative_l2_change,0.06998325647558731,0.06852866666670439,0.0715449218401715,1449,1449,1449,1449,,5000,5000,1.0,3021694564,20260901
B3_spatial_feature,4.0,per_class,all,micro,map_pearson,0.9551338574407511,0.9542846016169335,0.9560130352261068,1449,1449,1449,1449,,5000,5000,1.0,3021694564,20260901
B3_spatial_feature,4.0,per_class,all,micro,map_spearman,0.942853081547202,0.9417911640862665,0.9439613993935868,1449,1449,1449,1449,,5000,5000,1.0,3021694564,20260901
B3_spatial_feature,4.0,per_class,all,micro,energy_raw,0.008283017577122694,0.007776296444769417,0.008831988973639458,1449,1449,1449,1449,,5000,5000,1.0,3021694564,20260901
B3_spatial_feature,4.0,per_class,all,micro,energy_smoothed,0.0019107387330804214,0.0016748546971693458,0.0021704886068513642,1449,1449,1449,1449,,5000,5000,1.0,3021694564,20260901
B3_spatial_feature,4.0,per_class,all,micro,energy_retention,0.14761726040421394,0.14293590509728,0.1528620497368564,1449,1449,1449,1449,,5000,5000,1.0,3021694564,20260901
B3_spatial_feature,4.0,per_class,all,micro,smoothed_std_over_raw,0.7893458699423169,0.7868808070366098,0.7919888781238376,1449,1449,1449,1449,,5000,5000,1.0,3021694564,20260901
B3_spatial_feature,4.0,per_class,all,micro,linear_solve_relative_residual,6.423581837082248e-06,6.353007994879229e-06,6.492471359971261e-06,1449,1449,1449,1449,,5000,5000,1.0,3021694564,20260901
B3_spatial_feature,4.0,per_class,all,micro,cg_iterations,15.132505175983438,15.115251897860594,15.150448585231194,1449,1449,1449,1449,,5000,5000,1.0,3021694564,20260901
B3_spatial_feature,4.0,per_class,all,micro,solve_runtime_ms_per_map,0.007882403428978021,0.007846705703623532,0.00792275365114124,1449,1449,1449,1449,,5000,5000,1.0,3021694564,20260901
B3_spatial_feature,4.0,per_class,all,micro,fidelity,0.06315935033921788,0.06176907676204607,0.06460285738523179,1449,1449,1449,1449,,5000,5000,1.0,3021694564,20260901
B3_spatial_feature,4.0,per_class,all,micro,relative_l2_change,0.06315935033921788,0.06176907676204607,0.06460285738523179,1449,1449,1449,1449,,5000,5000,1.0,3021694564,20260901
B3_spatial_feature,4.0,per_class,all,micro,map_pearson,0.9589072820480483,0.958330100741857,0.9594892752538722,1449,1449,1449,1449,,5000,5000,1.0,3021694564,20260901
B3_spatial_feature,4.0,per_class,all,micro,map_spearman,0.9462599092471016,0.9453067625037879,0.947190324438696,1449,1449,1449,1449,,5000,5000,1.0,3021694564,20260901
B3_spatial_feature,4.0,per_class,all,micro,energy_raw,0.006759637093918335,0.006281849364638411,0.00728001882940122,1449,1449,1449,1449,,5000,5000,1.0,3021694564,20260901
B3_spatial_feature,4.0,per_class,all,micro,energy_smoothed,0.0013302838911016049,0.0011543050851333082,0.0015170840267695054,1449,1449,1449,1449,,5000,5000,1.0,3021694564,20260901
B3_spatial_feature,4.0,per_class,all,micro,energy_retention,0.13280926453781342,0.12941112538325306,0.13628855861390485,1449,1449,1449,1449,,5000,5000,1.0,3021694564,20260901
B3_spatial_feature,4.0,per_class,all,micro,smoothed_std_over_raw,0.786878382320483,0.7849479736748689,0.7889083153116365,1449,1449,1449,1449,,5000,5000,1.0,3021694564,20260901
B3_spatial_feature,4.0,per_class,all,micro,linear_solve_relative_residual,6.145312719811893e-06,6.083242782947268e-06,6.211167304167526e-06,1449,1449,1449,1449,,5000,5000,1.0,3021694564,20260901
B3_spatial_feature,4.0,per_class,all,micro,cg_iterations,15.132505175983438,15.115251897860594,15.150448585231194,1449,1449,1449,1449,,5000,5000,1.0,3021694564,20260901
B3_spatial_feature,4.0,per_class,all,micro,solve_runtime_ms_per_map,0.007882403428978021,0.007846705703623532,0.00792275365114124,1449,1449,1449,1449,,5000,5000,1.0,3021694564,20260901
B3_spatial_feature,4.0,per_class,all,micro,fidelity,0.06468081442938746,0.06329062958945327,0.06612813561207379,1449,1449,1449,1449,,5000,5000,1.0,3021694564,20260901
B3_spatial_feature,4.0,per_class,all,micro,relative_l2_change,0.06468081442938746,0.06329062958945327,0.06612813561207379,1449,1449,1449,1449,,5000,5000,1.0,3021694564,20260901
B3_spatial_feature,4.0,per_class,all,micro,map_pearson,0.9597777982182631,0.9591650935659909,0.9603847426986432,1449,1449,1449,1449,,5000,5000,1.0,3021694564,20260901
B3_spatial_feature,4.0,per_class,all,micro,map_spearman,0.9452559247438129,0.9442216339976809,0.9462302872256791,1449,1449,1449,1449,,5000,5000,1.0,3021694564,20260901
B3_spatial_feature,4.0,per_class,all,micro,energy_raw,0.007051680254890713,0.006605366495020304,0.0075118325845279915,1449,1449,1449,1449,,5000,5000,1.0,3021694564,20260901
B3_spatial_feature,4.0,per_class,all,micro,energy_smoothed,0.0014960850329111665,0.0013041887835826067,0.0016889276242552905,1449,1449,1449,1449,,5000,5000,1.0,3021694564,20260901
B3_spatial_feature,4.0,per_class,all,micro,energy_retention,0.13759465409433785,0.13374873372527538,0.14150636660190927,1449,1449,1449,1449,,5000,5000,1.0,3021694564,20260901
B3_spatial_feature,4.0,per_class,all,micro,smoothed_std_over_raw,0.7875623766762212,0.7852709238326822,0.7898918600155207,1449,1449,1449,1449,,5000,5000,1.0,3021694564,20260901
B3_spatial_feature,4.0,per_class,all,micro,linear_solve_relative_residual,6.045589599508885e-06,5.97814751961582e-06,6.111435908161015e-06,1449,1449,1449,1449,,5000,5000,1.0,3021694564,20260901
B3_spatial_feature,4.0,per_class,all,micro,cg_iterations,15.132505175983438,15.115251897860594,15.150448585231194,1449,1449,1449,1449,,5000,5000,1.0,3021694564,20260901
B3_spatial_feature,4.0,per_class,all,micro,solve_runtime_ms_per_map,0.007882403428978021,0.007846705703623532,0.00792275365114124,1449,1449,1449,1449,,5000,5000,1.0,3021694564,20260901
B3_spatial_feature,4.0,per_class,all,micro,fidelity,0.10969889241099111,0.10640573876873276,0.11296772979575244,1449,1449,1449,1449,,5000,5000,1.0,3021694564,20260901
B3_spatial_feature,4.0,per_class,all,micro,relative_l2_change,0.10969889241099111,0.10640573876873276,0.11296772979575244,1449,1449,1449,1449,,5000,5000,1.0,3021694564,20260901
B3_spatial_feature,4.0,per_class,all,micro,map_pearson,0.9604016950905446,0.9594299494263795,0.9613307072365177,1449,1449,1449,1449,,5000,5000,1.0,3021694564,20260901
B3_spatial_feature,4.0,per_class,all,micro,map_spearman,0.9479739723574137,0.9468630335376623,0.9490750831600054,1449,1449,1449,1449,,5000,5000,1.0,3021694564,20260901
B3_spatial_feature,4.0,per_class,all,micro,energy_raw,0.02202026813732572,0.020538183264420678,0.023533143153987125,1449,1449,1449,1449,,5000,5000,1.0,3021694564,20260901
B3_spatial_feature,4.0,per_class,all,micro,energy_smoothed,0.006366573107446363,0.005840296400336247,0.006900269792928355,1449,1449,1449,1449,,5000,5000,1.0,3021694564,20260901
B3_spatial_feature,4.0,per_class,all,micro,energy_retention,0.21117633262879276,0.20513114003082797,0.21734620051032985,1449,1449,1449,1449,,5000,5000,1.0,3021694564,20260901
B3_spatial_feature,4.0,per_class,all,micro,smoothed_std_over_raw,0.8002639735378505,0.7971182096746973,0.8034999255746541,1449,1449,1449,1449,,5000,5000,1.0,3021694564,20260901
B3_spatial_feature,4.0,per_class,all,micro,linear_solve_relative_residual,6.180244289152688e-06,6.106301243367122e-06,6.253709979735728e-06,1449,1449,1449,1449,,5000,5000,1.0,3021694564,20260901
B3_spatial_feature,4.0,per_class,all,micro,cg_iterations,15.132505175983438,15.115251897860594,15.150448585231194,1449,1449,1449,1449,,5000,5000,1.0,3021694564,20260901
B3_spatial_feature,4.0,per_class,all,micro,solve_runtime_ms_per_map,0.007882403428978021,0.007846705703623532,0.00792275365114124,1449,1449,1449,1449,,5000,5000,1.0,3021694564,20260901
B3_spatial_feature,4.0,per_class,all,micro,fidelity,0.08002671555682163,0.07804500016025824,0.08216920116353263,1449,1449,1449,1449,,5000,5000,1.0,3021694564,20260901
B3_spatial_feature,4.0,per_class,all,micro,relative_l2_change,0.08002671555682163,0.07804500016025824,0.08216920116353263,1449,1449,1449,1449,,5000,5000,1.0,3021694564,20260901
B3_spatial_feature,4.0,per_class,all,micro,map_pearson,0.9502362188921047,0.9492702836853377,0.951140345591895,1449,1449,1449,1449,,5000,5000,1.0,3021694564,20260901
B3_spatial_feature,4.0,per_class,all,micro,map_spearman,0.9371783400174254,0.9359539922175117,0.9383219176362184,1449,1449,1449,1449,,5000,5000,1.0,3021694564,20260901
B3_spatial_feature,4.0,per_class,all,micro,energy_raw,0.011407561864532926,0.010640657072233807,0.012260319650178972,1449,1449,1449,1449,,5000,5000,1.0,3021694564,20260901
B3_spatial_feature,4.0,per_class,all,micro,energy_smoothed,0.0023222077290974705,0.0020609308466726984,0.0026185046623231193,1449,1449,1449,1449,,5000,5000,1.0,3021694564,20260901
B3_spatial_feature,4.0,per_class,all,micro,energy_retention,0.13778377253899005,0.13426838484126755,0.14138023643719072,1449,1449,1449,1449,,5000,5000,1.0,3021694564,20260901
B3_spatial_feature,4.0,per_class,all,micro,smoothed_std_over_raw,0.788058937089537,0.7855611240086349,0.7905052346256456,1449,1449,1449,1449,,5000,5000,1.0,3021694564,20260901
B3_spatial_feature,4.0,per_class,all,micro,linear_solve_relative_residual,6.274545790398002e-06,6.2052637860939015e-06,6.347159050438113e-06,1449,1449,1449,1449,,5000,5000,1.0,3021694564,20260901
B3_spatial_feature,4.0,per_class,all,micro,cg_iterations,15.132505175983438,15.115251897860594,15.150448585231194,1449,1449,1449,1449,,5000,5000,1.0,3021694564,20260901
B3_spatial_feature,4.0,per_class,all,micro,solve_runtime_ms_per_map,0.007882403428978021,0.007846705703623532,0.00792275365114124,1449,1449,1449,1449,,5000,5000,1.0,3021694564,20260901
B3_spatial_feature,4.0,per_class,all,micro,fidelity,0.058780306223921316,0.057780601649838864,0.05986639090876042,1449,1449,1449,1449,,5000,5000,1.0,3021694564,20260901
B3_spatial_feature,4.0,per_class,all,micro,relative_l2_change,0.058780306223921316,0.057780601649838864,0.05986639090876042,1449,1449,1449,1449,,5000,5000,1.0,3021694564,20260901
B3_spatial_feature,4.0,per_class,all,micro,map_pearson,0.9594872402601854,0.958852874513862,0.9600766740898743,1449,1449,1449,1449,,5000,5000,1.0,3021694564,20260901
B3_spatial_feature,4.0,per_class,all,micro,map_spearman,0.9474313779482766,0.9465000726513981,0.9483398801668337,1449,1449,1449,1449,,5000,5000,1.0,3021694564,20260901
B3_spatial_feature,4.0,per_class,all,micro,energy_raw,0.005495244372244654,0.0051814669165100675,0.005850302766772499,1449,1449,1449,1449,,5000,5000,1.0,3021694564,20260901
B3_spatial_feature,4.0,per_class,all,micro,energy_smoothed,0.0009446839822936364,0.0008298820427030537,0.0010755740106173594,1449,1449,1449,1449,,5000,5000,1.0,3021694564,20260901
B3_spatial_feature,4.0,per_class,all,micro,energy_retention,0.13303139010602397,0.1300909598759042,0.13584791706628155,1449,1449,1449,1449,,5000,5000,1.0,3021694564,20260901
B3_spatial_feature,4.0,per_class,all,micro,smoothed_std_over_raw,0.7917861391380789,0.789847191476139,0.79380838931265,1449,1449,1449,1449,,5000,5000,1.0,3021694564,20260901
B3_spatial_feature,4.0,per_class,all,micro,linear_solve_relative_residual,6.158750227384771e-06,6.0923433349732425e-06,6.226780989155009e-06,1449,1449,1449,1449,,5000,5000,1.0,3021694564,20260901
B3_spatial_feature,4.0,per_class,all,micro,cg_iterations,15.132505175983438,15.115251897860594,15.150448585231194,1449,1449,1449,1449,,5000,5000,1.0,3021694564,20260901
B3_spatial_feature,4.0,per_class,all,micro,solve_runtime_ms_per_map,0.007882403428978021,0.007846705703623532,0.00792275365114124,1449,1449,1449,1449,,5000,5000,1.0,3021694564,20260901
B3_spatial_feature,4.0,per_class,all,micro,fidelity,0.07414861502391952,0.07168151803990844,0.07689190238741213,1449,1449,1449,1449,,5000,5000,1.0,3021694564,20260901
B3_spatial_feature,4.0,per_class,all,micro,relative_l2_change,0.07414861502391952,0.07168151803990844,0.07689190238741213,1449,1449,1449,1449,,5000,5000,1.0,3021694564,20260901
B3_spatial_feature,4.0,per_class,all,micro,map_pearson,0.9611289886625328,0.9605386928382045,0.9617063459052638,1449,1449,1449,1449,,5000,5000,1.0,3021694564,20260901
B3_spatial_feature,4.0,per_class,all,micro,map_spearman,0.9464338509439189,0.9454086820418215,0.9474420666859181,1449,1449,1449,1449,,5000,5000,1.0,3021694564,20260901
B3_spatial_feature,4.0,per_class,all,micro,energy_raw,0.010996003196962959,0.010004006468891706,0.012114521464571313,1449,1449,1449,1449,,5000,5000,1.0,3021694564,20260901
B3_spatial_feature,4.0,per_class,all,micro,energy_smoothed,0.003084627601499714,0.0026674074376181077,0.003562755768971962,1449,1449,1449,1449,,5000,5000,1.0,3021694564,20260901
B3_spatial_feature,4.0,per_class,all,micro,energy_retention,0.15420605675455534,0.14975042047243875,0.15901540086634863,1449,1449,1449,1449,,5000,5000,1.0,3021694564,20260901
B3_spatial_feature,4.0,per_class,all,micro,smoothed_std_over_raw,0.791512618153732,0.789357223417777,0.7937266270813241,1449,1449,1449,1449,,5000,5000,1.0,3021694564,20260901
B3_spatial_feature,4.0,per_class,all,micro,linear_solve_relative_residual,6.1493289883154624e-06,6.0788494225035705e-06,6.2189319590390815e-06,1449,1449,1449,1449,,5000,5000,1.0,3021694564,20260901
B3_spatial_feature,4.0,per_class,all,micro,cg_iterations,15.132505175983438,15.115251897860594,15.150448585231194,1449,1449,1449,1449,,5000,5000,1.0,3021694564,20260901
B3_spatial_feature,4.0,per_class,all,micro,solve_runtime_ms_per_map,0.007882403428978021,0.007846705703623532,0.00792275365114124,1449,1449,1449,1449,,5000,5000,1.0,3021694564,20260901
B3_spatial_feature,4.0,per_class,all,micro,fidelity,0.05727160021950657,0.056086456340919535,0.058522450756808654,1449,1449,1449,1449,,5000,5000,1.0,3021694564,20260901
B3_spatial_feature,4.0,per_class,all,micro,relative_l2_change,0.05727160021950657,0.056086456340919535,0.058522450756808654,1449,1449,1449,1449,,5000,5000,1.0,3021694564,20260901
B3_spatial_feature,4.0,per_class,all,micro,map_pearson,0.9633994128393091,0.9629275464575566,0.9638356359797646,1449,1449,1449,1449,,5000,5000,1.0,3021694564,20260901
B3_spatial_feature,4.0,per_class,all,micro,map_spearman,0.9508713868834218,0.9500279642173634,0.951708620765071,1449,1449,1449,1449,,5000,5000,1.0,3021694564,20260901
B3_spatial_feature,4.0,per_class,all,micro,energy_raw,0.005420181187229029,0.0050339348311989945,0.0058434830682071465,1449,1449,1449,1449,,5000,5000,1.0,3021694564,20260901
B3_spatial_feature,4.0,per_class,all,micro,energy_smoothed,0.0010510310848916638,0.0008943148451221403,0.0012232017751215496,1449,1449,1449,1449,,5000,5000,1.0,3021694564,20260901
B3_spatial_feature,4.0,per_class,all,micro,energy_retention,0.13884350773155318,0.13610277788005282,0.14149275997588043,1449,1449,1449,1449,,5000,5000,1.0,3021694564,20260901
B3_spatial_feature,4.0,per_class,all,micro,smoothed_std_over_raw,0.7929507015161139,0.790989469045232,0.7949655337867201,1449,1449,1449,1449,,5000,5000,1.0,3021694564,20260901
B3_spatial_feature,4.0,per_class,all,micro,linear_solve_relative_residual,6.036957842639305e-06,5.975547736589925e-06,6.101558275721743e-06,1449,1449,1449,1449,,5000,5000,1.0,3021694564,20260901
B3_spatial_feature,4.0,per_class,all,micro,cg_iterations,15.132505175983438,15.115251897860594,15.150448585231194,1449,1449,1449,1449,,5000,5000,1.0,3021694564,20260901
B3_spatial_feature,4.0,per_class,all,micro,solve_runtime_ms_per_map,0.007882403428978021,0.007846705703623532,0.00792275365114124,1449,1449,1449,1449,,5000,5000,1.0,3021694564,20260901
B3_spatial_feature,4.0,per_class,all,micro,fidelity,0.06862881555484854,0.06701342680397025,0.07030040877212412,1449,1449,1449,1449,,5000,5000,1.0,3021694564,20260901
B3_spatial_feature,4.0,per_class,all,micro,relative_l2_change,0.06862881555484854,0.06701342680397025,0.07030040877212412,1449,1449,1449,1449,,5000,5000,1.0,3021694564,20260901
B3_spatial_feature,4.0,per_class,all,micro,map_pearson,0.9587194793713019,0.9580892720649865,0.9593654381295086,1449,1449,1449,1449,,5000,5000,1.0,3021694564,20260901
B3_spatial_feature,4.0,per_class,all,micro,map_spearman,0.9448949301794037,0.9438844740760993,0.945880516639572,1449,1449,1449,1449,,5000,5000,1.0,3021694564,20260901
B3_spatial_feature,4.0,per_class,all,micro,energy_raw,0.008142836995775058,0.007577587089964411,0.008753248667334006,1449,1449,1449,1449,,5000,5000,1.0,3021694564,20260901
B3_spatial_feature,4.0,per_class,all,micro,energy_smoothed,0.0016825909492647465,0.0014703748477589624,0.001911819659769444,1449,1449,1449,1449,,5000,5000,1.0,3021694564,20260901
B3_spatial_feature,4.0,per_class,all,micro,energy_retention,0.14361189180320505,0.14038800922144665,0.1468935615336169,1449,1449,1449,1449,,5000,5000,1.0,3021694564,20260901
B3_spatial_feature,4.0,per_class,all,micro,smoothed_std_over_raw,0.7936626492984711,0.7915564277856575,0.7957736925123641,1449,1449,1449,1449,,5000,5000,1.0,3021694564,20260901
B3_spatial_feature,4.0,per_class,all,micro,linear_solve_relative_residual,6.27964124544892e-06,6.208838875405833e-06,6.3535415741898e-06,1449,1449,1449,1449,,5000,5000,1.0,3021694564,20260901
B3_spatial_feature,4.0,per_class,all,micro,cg_iterations,15.132505175983438,15.115251897860594,15.150448585231194,1449,1449,1449,1449,,5000,5000,1.0,3021694564,20260901
B3_spatial_feature,4.0,per_class,all,micro,solve_runtime_ms_per_map,0.007882403428978021,0.007846705703623532,0.00792275365114124,1449,1449,1449,1449,,5000,5000,1.0,3021694564,20260901
