graph,lambda,region,location,scope,stratum,aggregation,metric,estimate,ci_low,ci_high,num_images,num_images_total,num_rows,num_rows_total,num_classes,bootstrap_repeats,bootstrap_valid_repeats,bootstrap_valid_fraction,bootstrap_seed,bootstrap_base_seed
B1_spatial,1.0,background,boundary,all_positive_classes,all,micro,mean_stability,0.5138101101389657,0.5115098269620986,0.5160393289792368,1424,1449,2110,2147,,5000,5000,1.0,3021694564,20260901
B1_spatial,1.0,background,boundary,all_positive_classes,all,micro,median_stability,0.4804766262982976,0.4775560330696418,0.48327080539622597,1424,1449,2110,2147,,5000,5000,1.0,3021694564,20260901
B1_spatial,1.0,background,boundary,all_positive_classes,all,micro,q25_stability,0.351973609519478,0.34957970131261684,0.3542838062924888,1424,1449,2110,2147,,5000,5000,1.0,3021694564,20260901
B1_spatial,1.0,background,boundary,all_positive_classes,all,micro,q75_stability,0.6550711682075149,0.6517392524376955,0.6582003272193803,1424,1449,2110,2147,,5000,5000,1.0,3021694564,20260901
B1_spatial,1.0,background,boundary,all_positive_classes,all,macro_class,mean_stability,0.5152019939291723,0.5128404211332147,0.5175368581268835,1424,1449,2110,2147,20,5000,5000,1.0,3021694564,20260901
B1_spatial,1.0,background,boundary,all_positive_classes,all,macro_class,median_stability,0.48190815632159323,0.47888783890160647,0.48485626619376215,1424,1449,2110,2147,20,5000,5000,1.0,3021694564,20260901
B1_spatial,1.0,background,boundary,all_positive_classes,all,macro_class,q25_stability,0.3540534847692931,0.3516559499514316,0.35642182954922774,1424,1449,2110,2147,20,5000,5000,1.0,3021694564,20260901
B1_spatial,1.0,background,boundary,all_positive_classes,all,macro_class,q75_stability,0.6559434144728968,0.6523630782242462,0.6593060218797928,1424,1449,2110,2147,20,5000,5000,1.0,3021694564,20260901
B1_spatial,1.0,background,boundary,all_positive_classes,single_label,micro,mean_stability,0.5142266522625973,0.5106575040227485,0.5177874668520743,912,927,912,927,,5000,5000,1.0,3021694564,20260901
B1_spatial,1.0,background,boundary,all_positive_classes,single_label,micro,median_stability,0.4804891799249801,0.47602579130691264,0.4850381573503379,912,927,912,927,,5000,5000,1.0,3021694564,20260901
B1_spatial,1.0,background,boundary,all_positive_classes,single_label,micro,q25_stability,0.3538389439866143,0.3501046945491403,0.35758640314791745,912,927,912,927,,5000,5000,1.0,3021694564,20260901
B1_spatial,1.0,background,boundary,all_positive_classes,single_label,micro,q75_stability,0.6533655790906203,0.648304047703258,0.6583798666634145,912,927,912,927,,5000,5000,1.0,3021694564,20260901
B1_spatial,1.0,background,boundary,all_positive_classes,single_label,macro_class,mean_stability,0.511973262134818,0.50688907731275,0.5166749829652112,912,927,912,927,20,5000,5000,1.0,3021694564,20260901
B1_spatial,1.0,background,boundary,all_positive_classes,single_label,macro_class,median_stability,0.4787816603238378,0.4726563149147014,0.48502932506439456,912,927,912,927,20,5000,5000,1.0,3021694564,20260901
B1_spatial,1.0,background,boundary,all_positive_classes,single_label,macro_class,q25_stability,0.3522046938513762,0.34747030745300733,0.3567214638460318,912,927,912,927,20,5000,5000,1.0,3021694564,20260901
B1_spatial,1.0,background,boundary,all_positive_classes,single_label,macro_class,q75_stability,0.6493381851882123,0.6427428476177465,0.6554415979864346,912,927,912,927,20,5000,5000,1.0,3021694564,20260901
B1_spatial,1.0,background,boundary,all_positive_classes,exactly_2_labels,micro,mean_stability,0.5123522970098395,0.5084511166343332,0.5160257895514344,367,375,734,750,,5000,5000,1.0,3021694564,20260901
B1_spatial,1.0,background,boundary,all_positive_classes,exactly_2_labels,micro,median_stability,0.4787599894266362,0.4739381052756795,0.4835959309813337,367,375,734,750,,5000,5000,1.0,3021694564,20260901
B1_spatial,1.0,background,boundary,all_positive_classes,exactly_2_labels,micro,q25_stability,0.3493005180305088,0.3452797177330484,0.3531062501395579,367,375,734,750,,5000,5000,1.0,3021694564,20260901
B1_spatial,1.0,background,boundary,all_positive_classes,exactly_2_labels,micro,q75_stability,0.655517169657577,0.6499404084163869,0.6608487332939327,367,375,734,750,,5000,5000,1.0,3021694564,20260901
B1_spatial,1.0,background,boundary,all_positive_classes,exactly_2_labels,macro_class,mean_stability,0.5173630523355846,0.5120814153618748,0.5223437454354924,367,375,734,750,20,5000,5000,1.0,3021694564,20260901
B1_spatial,1.0,background,boundary,all_positive_classes,exactly_2_labels,macro_class,median_stability,0.48442208989184465,0.47735410839769665,0.49127786573358,367,375,734,750,20,5000,5000,1.0,3021694564,20260901
B1_spatial,1.0,background,boundary,all_positive_classes,exactly_2_labels,macro_class,q25_stability,0.35481802523114847,0.3494408324569505,0.35980471080110643,367,375,734,750,20,5000,5000,1.0,3021694564,20260901
B1_spatial,1.0,background,boundary,all_positive_classes,exactly_2_labels,macro_class,q75_stability,0.6622444146922973,0.6550449966703827,0.668981984411065,367,375,734,750,20,5000,5000,1.0,3021694564,20260901
B1_spatial,1.0,background,boundary,all_positive_classes,3plus_labels,micro,mean_stability,0.515297498975229,0.5108011643529435,0.5198080562020635,145,147,464,470,,5000,5000,1.0,3021694564,20260901
B1_spatial,1.0,background,boundary,all_positive_classes,3plus_labels,micro,median_stability,0.48316749387645513,0.47717864493280293,0.48906171012000177,145,147,464,470,,5000,5000,1.0,3021694564,20260901
B1_spatial,1.0,background,boundary,all_positive_classes,3plus_labels,micro,q25_stability,0.35253581667222594,0.34794707934028235,0.3571117323453478,145,147,464,470,,5000,5000,1.0,3021694564,20260901
B1_spatial,1.0,background,boundary,all_positive_classes,3plus_labels,micro,q75_stability,0.6577180048675629,0.651498830379342,0.6639598954759485,145,147,464,470,,5000,5000,1.0,3021694564,20260901
B1_spatial,1.0,background,boundary,all_positive_classes,3plus_labels,macro_class,mean_stability,0.5161379684098892,0.510087044539648,0.5263873888469407,145,147,464,470,20,5000,5000,1.0,3021694564,20260901
B1_spatial,1.0,background,boundary,all_positive_classes,3plus_labels,macro_class,median_stability,0.4831998914322814,0.4745684083102689,0.49621762024578014,145,147,464,470,20,5000,5000,1.0,3021694564,20260901
B1_spatial,1.0,background,boundary,all_positive_classes,3plus_labels,macro_class,q25_stability,0.3523086303763709,0.34695500208512386,0.3618436416819996,145,147,464,470,20,5000,5000,1.0,3021694564,20260901
B1_spatial,1.0,background,boundary,all_positive_classes,3plus_labels,macro_class,q75_stability,0.658289382412572,0.6492612978008651,0.672014315071542,145,147,464,470,20,5000,5000,1.0,3021694564,20260901
B1_spatial,1.0,background,boundary,per_class,all,micro,mean_stability,0.5240608969209053,0.5111072451184411,0.5360383687788824,88,90,88,90,,5000,5000,1.0,3021694564,20260901
B1_spatial,1.0,background,boundary,per_class,all,micro,median_stability,0.49836945499886165,0.4833473653731386,0.5121095707447364,88,90,88,90,,5000,5000,1.0,3021694564,20260901
B1_spatial,1.0,background,boundary,per_class,all,micro,q25_stability,0.3575506821401756,0.34394595189846716,0.3707798431560286,88,90,88,90,,5000,5000,1.0,3021694564,20260901
B1_spatial,1.0,background,boundary,per_class,all,micro,q75_stability,0.671255314510993,0.6528542347796513,0.6880434554565861,88,90,88,90,,5000,5000,1.0,3021694564,20260901
B1_spatial,1.0,background,boundary,per_class,all,micro,mean_stability,0.5179777948133927,0.5103697827495551,0.5254813314623904,78,79,78,79,,5000,5000,1.0,3021694564,20260901
B1_spatial,1.0,background,boundary,per_class,all,micro,median_stability,0.4863275050734862,0.4756022322050567,0.49689151296337275,78,79,78,79,,5000,5000,1.0,3021694564,20260901
B1_spatial,1.0,background,boundary,per_class,all,micro,q25_stability,0.35645350355368394,0.34642792582936305,0.3668490135682827,78,79,78,79,,5000,5000,1.0,3021694564,20260901
B1_spatial,1.0,background,boundary,per_class,all,micro,q75_stability,0.6595899027127486,0.6475864141015879,0.6713816477454345,78,79,78,79,,5000,5000,1.0,3021694564,20260901
B1_spatial,1.0,background,boundary,per_class,all,micro,mean_stability,0.5512591864136837,0.5404684338845012,0.5621361870318023,103,103,103,103,,5000,5000,1.0,3021694564,20260901
B1_spatial,1.0,background,boundary,per_class,all,micro,median_stability,0.52643257885882,0.5132982517077217,0.5394223394360647,103,103,103,103,,5000,5000,1.0,3021694564,20260901
B1_spatial,1.0,background,boundary,per_class,all,micro,q25_stability,0.39622226780624065,0.38370695358449686,0.4086615657840756,103,103,103,103,,5000,5000,1.0,3021694564,20260901
B1_spatial,1.0,background,boundary,per_class,all,micro,q75_stability,0.6953159687877859,0.6813552113955171,0.7092067716335787,103,103,103,103,,5000,5000,1.0,3021694564,20260901
B1_spatial,1.0,background,boundary,per_class,all,micro,mean_stability,0.5070471386902142,0.4931778200241894,0.5213977331353895,71,72,71,72,,5000,5000,1.0,3021694564,20260901
B1_spatial,1.0,background,boundary,per_class,all,micro,median_stability,0.47314708679914474,0.45502500947140717,0.49113994910795655,71,72,71,72,,5000,5000,1.0,3021694564,20260901
B1_spatial,1.0,background,boundary,per_class,all,micro,q25_stability,0.34717427624363295,0.3324371461840421,0.3622263285441191,71,72,71,72,,5000,5000,1.0,3021694564,20260901
B1_spatial,1.0,background,boundary,per_class,all,micro,q75_stability,0.6419163244500966,0.6217338475721185,0.6630051447861122,71,72,71,72,,5000,5000,1.0,3021694564,20260901
B1_spatial,1.0,background,boundary,per_class,all,micro,mean_stability,0.5088996892356019,0.5010457292732261,0.5168136745385731,93,96,93,96,,5000,5000,1.0,3021694564,20260901
B1_spatial,1.0,background,boundary,per_class,all,micro,median_stability,0.47622347791348735,0.4651909907432506,0.48724920517140696,93,96,93,96,,5000,5000,1.0,3021694564,20260901
B1_spatial,1.0,background,boundary,per_class,all,micro,q25_stability,0.3478293252247636,0.3382076410169166,0.3573404042196876,93,96,93,96,,5000,5000,1.0,3021694564,20260901
B1_spatial,1.0,background,boundary,per_class,all,micro,q75_stability,0.6493376326817338,0.6375037903283188,0.6611304654153222,93,96,93,96,,5000,5000,1.0,3021694564,20260901
B1_spatial,1.0,background,boundary,per_class,all,micro,mean_stability,0.5281753860880112,0.5184816833396849,0.5375008116975655,74,74,74,74,,5000,5000,1.0,3021694564,20260901
B1_spatial,1.0,background,boundary,per_class,all,micro,median_stability,0.4929713343043585,0.48016197348164547,0.5057440386632005,74,74,74,74,,5000,5000,1.0,3021694564,20260901
B1_spatial,1.0,background,boundary,per_class,all,micro,q25_stability,0.3709921070651428,0.3611051075236016,0.38091138873903735,74,74,74,74,,5000,5000,1.0,3021694564,20260901
B1_spatial,1.0,background,boundary,per_class,all,micro,q75_stability,0.664853003782195,0.6499438612444981,0.6788558548114992,74,74,74,74,,5000,5000,1.0,3021694564,20260901
B1_spatial,1.0,background,boundary,per_class,all,micro,mean_stability,0.5157024216793198,0.5060449726098278,0.5248554072033189,126,127,126,127,,5000,5000,1.0,3021694564,20260901
B1_spatial,1.0,background,boundary,per_class,all,micro,median_stability,0.48378994930831215,0.47194029746663385,0.49547033659553247,126,127,126,127,,5000,5000,1.0,3021694564,20260901
B1_spatial,1.0,background,boundary,per_class,all,micro,q25_stability,0.3542768494595611,0.3450258942668341,0.3634635355409767,126,127,126,127,,5000,5000,1.0,3021694564,20260901
B1_spatial,1.0,background,boundary,per_class,all,micro,q75_stability,0.6567447459295629,0.6424126859137859,0.670089839835465,126,127,126,127,,5000,5000,1.0,3021694564,20260901
B1_spatial,1.0,background,boundary,per_class,all,micro,mean_stability,0.49626845834016525,0.48642216736345084,0.5059782620317119,113,119,113,119,,5000,5000,1.0,3021694564,20260901
B1_spatial,1.0,background,boundary,per_class,all,micro,median_stability,0.46092959869224415,0.4481153884183613,0.47330060325735607,113,119,113,119,,5000,5000,1.0,3021694564,20260901
B1_spatial,1.0,background,boundary,per_class,all,micro,q25_stability,0.3319327419838019,0.32197106021138067,0.3420074452175138,113,119,113,119,,5000,5000,1.0,3021694564,20260901
B1_spatial,1.0,background,boundary,per_class,all,micro,q75_stability,0.6328385919332504,0.6193098481818176,0.6460532024259618,113,119,113,119,,5000,5000,1.0,3021694564,20260901
B1_spatial,1.0,background,boundary,per_class,all,micro,mean_stability,0.5044369792559693,0.4964820223266462,0.5120774973349308,122,123,122,123,,5000,5000,1.0,3021694564,20260901
B1_spatial,1.0,background,boundary,per_class,all,micro,median_stability,0.4696502867536467,0.459883838764629,0.47923979675095646,122,123,122,123,,5000,5000,1.0,3021694564,20260901
B1_spatial,1.0,background,boundary,per_class,all,micro,q25_stability,0.3382668664648396,0.33065603985585224,0.3457449637773279,122,123,122,123,,5000,5000,1.0,3021694564,20260901
B1_spatial,1.0,background,boundary,per_class,all,micro,q75_stability,0.6467557046257082,0.6346346094274148,0.6582696801126195,122,123,122,123,,5000,5000,1.0,3021694564,20260901
B1_spatial,1.0,background,boundary,per_class,all,micro,mean_stability,0.5052077621994637,0.4920097526917886,0.5178574483313166,71,71,71,71,,5000,5000,1.0,3021694564,20260901
B1_spatial,1.0,background,boundary,per_class,all,micro,median_stability,0.46590220046715,0.4497666028393826,0.48205159808128656,71,71,71,71,,5000,5000,1.0,3021694564,20260901
B1_spatial,1.0,background,boundary,per_class,all,micro,q25_stability,0.34678923532786504,0.3338148831678423,0.35976381978597227,71,71,71,71,,5000,5000,1.0,3021694564,20260901
B1_spatial,1.0,background,boundary,per_class,all,micro,q75_stability,0.6467305641149131,0.6291059073060751,0.6642566614744949,71,71,71,71,,5000,5000,1.0,3021694564,20260901
B1_spatial,1.0,background,boundary,per_class,all,micro,mean_stability,0.5210973930242024,0.5111579365559269,0.5312099703248053,73,75,73,75,,5000,5000,1.0,3021694564,20260901
B1_spatial,1.0,background,boundary,per_class,all,micro,median_stability,0.4902071515991263,0.4766253129805665,0.5045651798872235,73,75,73,75,,5000,5000,1.0,3021694564,20260901
B1_spatial,1.0,background,boundary,per_class,all,micro,q25_stability,0.35794710393433704,0.347757851478592,0.36834523350880327,73,75,73,75,,5000,5000,1.0,3021694564,20260901
B1_spatial,1.0,background,boundary,per_class,all,micro,q75_stability,0.6659641636356916,0.6517393608353828,0.6803645297690398,73,75,73,75,,5000,5000,1.0,3021694564,20260901
B1_spatial,1.0,background,boundary,per_class,all,micro,mean_stability,0.49855468294597477,0.4880346203551862,0.5083177421719528,124,128,124,128,,5000,5000,1.0,3021694564,20260901
B1_spatial,1.0,background,boundary,per_class,all,micro,median_stability,0.45922942201216377,0.44649530592707043,0.47133423709389394,124,128,124,128,,5000,5000,1.0,3021694564,20260901
B1_spatial,1.0,background,boundary,per_class,all,micro,q25_stability,0.33295677803576956,0.3236900495562753,0.3423775223417561,124,128,124,128,,5000,5000,1.0,3021694564,20260901
B1_spatial,1.0,background,boundary,per_class,all,micro,q75_stability,0.6416288486291324,0.6256842082977051,0.655920093404813,124,128,124,128,,5000,5000,1.0,3021694564,20260901
B1_spatial,1.0,background,boundary,per_class,all,micro,mean_stability,0.5173826151640459,0.5073387660584772,0.5269709121051687,78,79,78,79,,5000,5000,1.0,3021694564,20260901
B1_spatial,1.0,background,boundary,per_class,all,micro,median_stability,0.48336927669170576,0.4718697921683391,0.4949266449890182,78,79,78,79,,5000,5000,1.0,3021694564,20260901
B1_spatial,1.0,background,boundary,per_class,all,micro,q25_stability,0.35991411126003814,0.3505647533781481,0.3695571680744298,78,79,78,79,,5000,5000,1.0,3021694564,20260901
B1_spatial,1.0,background,boundary,per_class,all,micro,q75_stability,0.652140791217486,0.636244682007312,0.6665737853385508,78,79,78,79,,5000,5000,1.0,3021694564,20260901
B1_spatial,1.0,background,boundary,per_class,all,micro,mean_stability,0.5157762207287746,0.5061801015595986,0.5248389778710039,76,76,76,76,,5000,5000,1.0,3021694564,20260901
B1_spatial,1.0,background,boundary,per_class,all,micro,median_stability,0.4808597133347863,0.4691671156373463,0.4922932378898718,76,76,76,76,,5000,5000,1.0,3021694564,20260901
B1_spatial,1.0,background,boundary,per_class,all,micro,q25_stability,0.3574406119357598,0.3474569546892063,0.3667261809992947,76,76,76,76,,5000,5000,1.0,3021694564,20260901
B1_spatial,1.0,background,boundary,per_class,all,micro,q75_stability,0.65431381644387,0.6405831485839659,0.6678460244481501,76,76,76,76,,5000,5000,1.0,3021694564,20260901
B1_spatial,1.0,background,boundary,per_class,all,micro,mean_stability,0.5103151010432304,0.5061057564817864,0.514452079693256,439,445,439,445,,5000,5000,1.0,3021694564,20260901
B1_spatial,1.0,background,boundary,per_class,all,micro,median_stability,0.4767502664603242,0.47138869650969845,0.48205611789373387,439,445,439,445,,5000,5000,1.0,3021694564,20260901
B1_spatial,1.0,background,boundary,per_class,all,micro,q25_stability,0.34636012384994697,0.34178687769096594,0.3509236758877546,439,445,439,445,,5000,5000,1.0,3021694564,20260901
B1_spatial,1.0,background,boundary,per_class,all,micro,q75_stability,0.6536821771183969,0.6478473761558392,0.6594287664084303,439,445,439,445,,5000,5000,1.0,3021694564,20260901
B1_spatial,1.0,background,boundary,per_class,all,micro,mean_stability,0.5128893312484072,0.5055884742206629,0.5201887390466752,84,85,84,85,,5000,5000,1.0,3021694564,20260901
B1_spatial,1.0,background,boundary,per_class,all,micro,median_stability,0.4784926122852734,0.46893979926549256,0.4879568401019929,84,85,84,85,,5000,5000,1.0,3021694564,20260901
B1_spatial,1.0,background,boundary,per_class,all,micro,q25_stability,0.3526073307508514,0.34508458906682915,0.36064523433280343,84,85,84,85,,5000,5000,1.0,3021694564,20260901
B1_spatial,1.0,background,boundary,per_class,all,micro,q75_stability,0.6528213760327726,0.6408694789586107,0.6653932051576046,84,85,84,85,,5000,5000,1.0,3021694564,20260901
B1_spatial,1.0,background,boundary,per_class,all,micro,mean_stability,0.523391532966481,0.5116075056627342,0.5339685240959559,57,57,57,57,,5000,5000,1.0,3021694564,20260901
B1_spatial,1.0,background,boundary,per_class,all,micro,median_stability,0.4889707073830722,0.4734175458550453,0.503441100489152,57,57,57,57,,5000,5000,1.0,3021694564,20260901
B1_spatial,1.0,background,boundary,per_class,all,micro,q25_stability,0.3589431549373426,0.34814221144964297,0.3693711136810874,57,57,57,57,,5000,5000,1.0,3021694564,20260901
B1_spatial,1.0,background,boundary,per_class,all,micro,q75_stability,0.6692090325972491,0.6501769179968457,0.68604802886645,57,57,57,57,,5000,5000,1.0,3021694564,20260901
B1_spatial,1.0,background,boundary,per_class,all,micro,mean_stability,0.497703311931776,0.4883586145732902,0.5067799848681086,85,90,85,90,,5000,5000,1.0,3021694564,20260901
B1_spatial,1.0,background,boundary,per_class,all,micro,median_stability,0.45989097111365373,0.4478607044884327,0.4721162699776537,85,90,85,90,,5000,5000,1.0,3021694564,20260901
B1_spatial,1.0,background,boundary,per_class,all,micro,q25_stability,0.3361243115190197,0.32688317308094095,0.34534415066037927,85,90,85,90,,5000,5000,1.0,3021694564,20260901
B1_spatial,1.0,background,boundary,per_class,all,micro,q75_stability,0.6338041084654191,0.6189308893706265,0.6487176883602174,85,90,85,90,,5000,5000,1.0,3021694564,20260901
B1_spatial,1.0,background,boundary,per_class,all,micro,mean_stability,0.5314439788664816,0.521671326921227,0.54122802184415,83,84,83,84,,5000,5000,1.0,3021694564,20260901
B1_spatial,1.0,background,boundary,per_class,all,micro,median_stability,0.5042459822921868,0.4908117654632373,0.5178519592839504,83,84,83,84,,5000,5000,1.0,3021694564,20260901
B1_spatial,1.0,background,boundary,per_class,all,micro,q25_stability,0.37154861894178104,0.3608416207023611,0.38204736229570874,83,84,83,84,,5000,5000,1.0,3021694564,20260901
B1_spatial,1.0,background,boundary,per_class,all,micro,q75_stability,0.6787634244166225,0.6648196735744735,0.6929231824984372,83,84,83,84,,5000,5000,1.0,3021694564,20260901
B1_spatial,1.0,background,boundary,per_class,all,micro,mean_stability,0.5164499970273424,0.5048401022638965,0.5279511941615173,72,74,72,74,,5000,5000,1.0,3021694564,20260901
B1_spatial,1.0,background,boundary,per_class,all,micro,median_stability,0.4824035500900613,0.4673007397550262,0.49686926514084717,72,74,72,74,,5000,5000,1.0,3021694564,20260901
B1_spatial,1.0,background,boundary,per_class,all,micro,q25_stability,0.3597396949513091,0.34685548207537614,0.3731036951138706,72,74,72,74,,5000,5000,1.0,3021694564,20260901
B1_spatial,1.0,background,boundary,per_class,all,micro,q75_stability,0.651202797372308,0.6362264973846667,0.6658868816449468,72,74,72,74,,5000,5000,1.0,3021694564,20260901
B1_spatial,1.0,background,interior,all_positive_classes,all,micro,mean_stability,0.5425527887899948,0.5407471445148269,0.5442731215579143,1430,1449,2117,2147,,5000,5000,1.0,3021694564,20260901
B1_spatial,1.0,background,interior,all_positive_classes,all,micro,median_stability,0.5158902427034666,0.5137234374460802,0.517953586994174,1430,1449,2117,2147,,5000,5000,1.0,3021694564,20260901
B1_spatial,1.0,background,interior,all_positive_classes,all,micro,q25_stability,0.378945325129526,0.37708334858736936,0.38081410738136157,1430,1449,2117,2147,,5000,5000,1.0,3021694564,20260901
B1_spatial,1.0,background,interior,all_positive_classes,all,micro,q75_stability,0.6918259656754484,0.6894925836154419,0.6939697947338765,1430,1449,2117,2147,,5000,5000,1.0,3021694564,20260901
B1_spatial,1.0,background,interior,all_positive_classes,all,macro_class,mean_stability,0.5412238428367213,0.5396660963772334,0.5427563606866438,1430,1449,2117,2147,20,5000,5000,1.0,3021694564,20260901
B1_spatial,1.0,background,interior,all_positive_classes,all,macro_class,median_stability,0.5138062054248801,0.5119071307477058,0.5157008055453214,1430,1449,2117,2147,20,5000,5000,1.0,3021694564,20260901
B1_spatial,1.0,background,interior,all_positive_classes,all,macro_class,q25_stability,0.37763158226384747,0.37603171638936467,0.37929797116310127,1430,1449,2117,2147,20,5000,5000,1.0,3021694564,20260901
B1_spatial,1.0,background,interior,all_positive_classes,all,macro_class,q75_stability,0.6901376950330295,0.6880451074393945,0.6921927436172343,1430,1449,2117,2147,20,5000,5000,1.0,3021694564,20260901
B1_spatial,1.0,background,interior,all_positive_classes,single_label,micro,mean_stability,0.5385246323865359,0.5363615251339725,0.540554585962832,917,927,917,927,,5000,5000,1.0,3021694564,20260901
B1_spatial,1.0,background,interior,all_positive_classes,single_label,micro,median_stability,0.5108681197482341,0.5081642082121011,0.5135192614230658,917,927,917,927,,5000,5000,1.0,3021694564,20260901
B1_spatial,1.0,background,interior,all_positive_classes,single_label,micro,q25_stability,0.372788726739106,0.37045441986821703,0.3750644388275172,917,927,917,927,,5000,5000,1.0,3021694564,20260901
B1_spatial,1.0,background,interior,all_positive_classes,single_label,micro,q75_stability,0.6890907166779626,0.6863006895080344,0.691892466717701,917,927,917,927,,5000,5000,1.0,3021694564,20260901
B1_spatial,1.0,background,interior,all_positive_classes,single_label,macro_class,mean_stability,0.5423589889135585,0.5400658034363248,0.5449919511091689,917,927,917,927,20,5000,5000,1.0,3021694564,20260901
B1_spatial,1.0,background,interior,all_positive_classes,single_label,macro_class,median_stability,0.5158965628254356,0.5129362704507229,0.5193676142789823,917,927,917,927,20,5000,5000,1.0,3021694564,20260901
B1_spatial,1.0,background,interior,all_positive_classes,single_label,macro_class,q25_stability,0.37838290444994216,0.3753771075790976,0.3821860876813959,917,927,917,927,20,5000,5000,1.0,3021694564,20260901
B1_spatial,1.0,background,interior,all_positive_classes,single_label,macro_class,q75_stability,0.6918731829400324,0.6892692520062929,0.6945816234636307,917,927,917,927,20,5000,5000,1.0,3021694564,20260901
B1_spatial,1.0,background,interior,all_positive_classes,exactly_2_labels,micro,mean_stability,0.5454632624323303,0.5420419734123664,0.5487191005716187,368,375,736,750,,5000,5000,1.0,3021694564,20260901
B1_spatial,1.0,background,interior,all_positive_classes,exactly_2_labels,micro,median_stability,0.5200759884698883,0.5161172560818064,0.5239770580864663,368,375,736,750,,5000,5000,1.0,3021694564,20260901
B1_spatial,1.0,background,interior,all_positive_classes,exactly_2_labels,micro,q25_stability,0.3839409635199801,0.3806650012067041,0.38723621397750435,368,375,736,750,,5000,5000,1.0,3021694564,20260901
B1_spatial,1.0,background,interior,all_positive_classes,exactly_2_labels,micro,q75_stability,0.6938092517059135,0.6890635995270563,0.6981336608693693,368,375,736,750,,5000,5000,1.0,3021694564,20260901
B1_spatial,1.0,background,interior,all_positive_classes,exactly_2_labels,macro_class,mean_stability,0.544503854593389,0.5402761450704369,0.5483847773853672,368,375,736,750,20,5000,5000,1.0,3021694564,20260901
B1_spatial,1.0,background,interior,all_positive_classes,exactly_2_labels,macro_class,median_stability,0.518109924707767,0.5130490221132076,0.5230265641018373,368,375,736,750,20,5000,5000,1.0,3021694564,20260901
B1_spatial,1.0,background,interior,all_positive_classes,exactly_2_labels,macro_class,q25_stability,0.38294992472164685,0.37857959384938566,0.38710615247730484,368,375,736,750,20,5000,5000,1.0,3021694564,20260901
B1_spatial,1.0,background,interior,all_positive_classes,exactly_2_labels,macro_class,q75_stability,0.6922306869419905,0.6866255067707142,0.6972960772412362,368,375,736,750,20,5000,5000,1.0,3021694564,20260901
B1_spatial,1.0,background,interior,all_positive_classes,3plus_labels,micro,mean_stability,0.5458969931460583,0.5416957331030589,0.5499284752284147,145,147,464,470,,5000,5000,1.0,3021694564,20260901
B1_spatial,1.0,background,interior,all_positive_classes,3plus_labels,micro,median_stability,0.5191759708626517,0.5138870162514884,0.5241887321460801,145,147,464,470,,5000,5000,1.0,3021694564,20260901
B1_spatial,1.0,background,interior,all_positive_classes,3plus_labels,micro,q25_stability,0.38318845200159685,0.37828437406378956,0.38790299905334585,145,147,464,470,,5000,5000,1.0,3021694564,20260901
B1_spatial,1.0,background,interior,all_positive_classes,3plus_labels,micro,q75_stability,0.6940857174260349,0.6892887376835619,0.6987483209333816,145,147,464,470,,5000,5000,1.0,3021694564,20260901
B1_spatial,1.0,background,interior,all_positive_classes,3plus_labels,macro_class,mean_stability,0.5432027813829557,0.5369421241988748,0.5485148772822824,145,147,464,470,20,5000,5000,1.0,3021694564,20260901
B1_spatial,1.0,background,interior,all_positive_classes,3plus_labels,macro_class,median_stability,0.5156836748505604,0.5069071177543221,0.5226125670565773,145,147,464,470,20,5000,5000,1.0,3021694564,20260901
B1_spatial,1.0,background,interior,all_positive_classes,3plus_labels,macro_class,q25_stability,0.37823571295028857,0.37130807429548535,0.3854533253950991,145,147,464,470,20,5000,5000,1.0,3021694564,20260901
B1_spatial,1.0,background,interior,all_positive_classes,3plus_labels,macro_class,q75_stability,0.6926877122977864,0.6833979827950966,0.6987184912006951,145,147,464,470,20,5000,5000,1.0,3021694564,20260901
B1_spatial,1.0,background,interior,per_class,all,micro,mean_stability,0.5389777151480314,0.534867469215945,0.5429454901120694,90,90,90,90,,5000,5000,1.0,3021694564,20260901
B1_spatial,1.0,background,interior,per_class,all,micro,median_stability,0.5142424828476376,0.5092393048273193,0.5191095585748554,90,90,90,90,,5000,5000,1.0,3021694564,20260901
B1_spatial,1.0,background,interior,per_class,all,micro,q25_stability,0.36486189795864954,0.3589982715456022,0.37062045103766855,90,90,90,90,,5000,5000,1.0,3021694564,20260901
B1_spatial,1.0,background,interior,per_class,all,micro,q75_stability,0.7011575041545762,0.6953549818487631,0.706662363761829,90,90,90,90,,5000,5000,1.0,3021694564,20260901
B1_spatial,1.0,background,interior,per_class,all,micro,mean_stability,0.5416031327184374,0.5361939412359098,0.5464704542341642,79,79,79,79,,5000,5000,1.0,3021694564,20260901
B1_spatial,1.0,background,interior,per_class,all,micro,median_stability,0.5125913746372054,0.506194858116251,0.518464945577368,79,79,79,79,,5000,5000,1.0,3021694564,20260901
B1_spatial,1.0,background,interior,per_class,all,micro,q25_stability,0.3800103159833558,0.3746508578828807,0.3855048393146901,79,79,79,79,,5000,5000,1.0,3021694564,20260901
B1_spatial,1.0,background,interior,per_class,all,micro,q75_stability,0.6868574932406221,0.6788979654447942,0.6937247225048043,79,79,79,79,,5000,5000,1.0,3021694564,20260901
B1_spatial,1.0,background,interior,per_class,all,micro,mean_stability,0.5171646008205515,0.5108168429078183,0.522967008887209,103,103,103,103,,5000,5000,1.0,3021694564,20260901
B1_spatial,1.0,background,interior,per_class,all,micro,median_stability,0.4835577102251423,0.47590064591936115,0.4907218644883737,103,103,103,103,,5000,5000,1.0,3021694564,20260901
B1_spatial,1.0,background,interior,per_class,all,micro,q25_stability,0.3439490419713039,0.3367040567696818,0.3508690232392943,103,103,103,103,,5000,5000,1.0,3021694564,20260901
B1_spatial,1.0,background,interior,per_class,all,micro,q75_stability,0.6698089616680608,0.6619089374879321,0.6768057061956056,103,103,103,103,,5000,5000,1.0,3021694564,20260901
B1_spatial,1.0,background,interior,per_class,all,micro,mean_stability,0.544452826814097,0.5394815475185231,0.549201746438704,72,72,72,72,,5000,5000,1.0,3021694564,20260901
B1_spatial,1.0,background,interior,per_class,all,micro,median_stability,0.5154511491871543,0.5085875515826047,0.5215150754174425,72,72,72,72,,5000,5000,1.0,3021694564,20260901
B1_spatial,1.0,background,interior,per_class,all,micro,q25_stability,0.3794650447865327,0.37242048867046834,0.3855279522068385,72,72,72,72,,5000,5000,1.0,3021694564,20260901
B1_spatial,1.0,background,interior,per_class,all,micro,q75_stability,0.695870130840275,0.6905084643099043,0.7012786205702772,72,72,72,72,,5000,5000,1.0,3021694564,20260901
B1_spatial,1.0,background,interior,per_class,all,micro,mean_stability,0.5369734987840539,0.529857053379415,0.5434963100406516,93,96,93,96,,5000,5000,1.0,3021694564,20260901
B1_spatial,1.0,background,interior,per_class,all,micro,median_stability,0.5076899578173956,0.4986728976851189,0.5160455448629725,93,96,93,96,,5000,5000,1.0,3021694564,20260901
B1_spatial,1.0,background,interior,per_class,all,micro,q25_stability,0.3719423598339481,0.36434291008737063,0.37896410471068753,93,96,93,96,,5000,5000,1.0,3021694564,20260901
B1_spatial,1.0,background,interior,per_class,all,micro,q75_stability,0.684534571183625,0.6760426825355231,0.6923336638335852,93,96,93,96,,5000,5000,1.0,3021694564,20260901
B1_spatial,1.0,background,interior,per_class,all,micro,mean_stability,0.5442145735650167,0.5344114069225916,0.5528410383660474,73,74,73,74,,5000,5000,1.0,3021694564,20260901
B1_spatial,1.0,background,interior,per_class,all,micro,median_stability,0.5178261942242923,0.5067513060342107,0.5278211065543568,73,74,73,74,,5000,5000,1.0,3021694564,20260901
B1_spatial,1.0,background,interior,per_class,all,micro,q25_stability,0.38353031067407295,0.3747047099632833,0.3922135627356498,73,74,73,74,,5000,5000,1.0,3021694564,20260901
B1_spatial,1.0,background,interior,per_class,all,micro,q75_stability,0.6936527368140547,0.679521188938273,0.7058493731888112,73,74,73,74,,5000,5000,1.0,3021694564,20260901
B1_spatial,1.0,background,interior,per_class,all,micro,mean_stability,0.5356060938845425,0.5281939897587643,0.5423125338271749,127,127,127,127,,5000,5000,1.0,3021694564,20260901
B1_spatial,1.0,background,interior,per_class,all,micro,median_stability,0.506140378751154,0.4974928444178086,0.5143338653280979,127,127,127,127,,5000,5000,1.0,3021694564,20260901
B1_spatial,1.0,background,interior,per_class,all,micro,q25_stability,0.37078685366262604,0.36372363703164057,0.3778252193762913,127,127,127,127,,5000,5000,1.0,3021694564,20260901
B1_spatial,1.0,background,interior,per_class,all,micro,q75_stability,0.6827087046241197,0.6726336448255369,0.691818323595024,127,127,127,127,,5000,5000,1.0,3021694564,20260901
B1_spatial,1.0,background,interior,per_class,all,micro,mean_stability,0.5379050630741553,0.5303623293529386,0.5454599160923571,113,119,113,119,,5000,5000,1.0,3021694564,20260901
B1_spatial,1.0,background,interior,per_class,all,micro,median_stability,0.5100404943248867,0.4998385532255807,0.5204327750377908,113,119,113,119,,5000,5000,1.0,3021694564,20260901
B1_spatial,1.0,background,interior,per_class,all,micro,q25_stability,0.3738683063899521,0.3665737422692557,0.38161974102410806,113,119,113,119,,5000,5000,1.0,3021694564,20260901
B1_spatial,1.0,background,interior,per_class,all,micro,q75_stability,0.6862373429853305,0.6772730756544608,0.6946896597056798,113,119,113,119,,5000,5000,1.0,3021694564,20260901
B1_spatial,1.0,background,interior,per_class,all,micro,mean_stability,0.5433096375577261,0.5380163773757395,0.5483706724889654,122,123,122,123,,5000,5000,1.0,3021694564,20260901
B1_spatial,1.0,background,interior,per_class,all,micro,median_stability,0.5155589425417243,0.5088653112591217,0.5219130211960347,122,123,122,123,,5000,5000,1.0,3021694564,20260901
B1_spatial,1.0,background,interior,per_class,all,micro,q25_stability,0.3798463616642307,0.3737140960610711,0.3856908749765909,122,123,122,123,,5000,5000,1.0,3021694564,20260901
B1_spatial,1.0,background,interior,per_class,all,micro,q75_stability,0.6900708443317257,0.6823817668649963,0.6974365335447393,122,123,122,123,,5000,5000,1.0,3021694564,20260901
B1_spatial,1.0,background,interior,per_class,all,micro,mean_stability,0.5566059532274431,0.5500299599199195,0.5632679776586229,71,71,71,71,,5000,5000,1.0,3021694564,20260901
B1_spatial,1.0,background,interior,per_class,all,micro,median_stability,0.5315746467717937,0.5235806992303738,0.5395070958567757,71,71,71,71,,5000,5000,1.0,3021694564,20260901
B1_spatial,1.0,background,interior,per_class,all,micro,q25_stability,0.39551018965496143,0.3879535545345763,0.4030403035994567,71,71,71,71,,5000,5000,1.0,3021694564,20260901
B1_spatial,1.0,background,interior,per_class,all,micro,q75_stability,0.7031278230354819,0.693640259968143,0.711833584691647,71,71,71,71,,5000,5000,1.0,3021694564,20260901
B1_spatial,1.0,background,interior,per_class,all,micro,mean_stability,0.5423904344815657,0.533973422623292,0.55033437119264,73,75,73,75,,5000,5000,1.0,3021694564,20260901
B1_spatial,1.0,background,interior,per_class,all,micro,median_stability,0.5154006775111368,0.5052952722883663,0.5251100321644789,73,75,73,75,,5000,5000,1.0,3021694564,20260901
B1_spatial,1.0,background,interior,per_class,all,micro,q25_stability,0.3854763354748896,0.3764664820666514,0.394324410635897,73,75,73,75,,5000,5000,1.0,3021694564,20260901
B1_spatial,1.0,background,interior,per_class,all,micro,q75_stability,0.684911515920946,0.6740035961756857,0.695079064597552,73,75,73,75,,5000,5000,1.0,3021694564,20260901
B1_spatial,1.0,background,interior,per_class,all,micro,mean_stability,0.5453759433269922,0.5343402750093357,0.5554733454182518,124,128,124,128,,5000,5000,1.0,3021694564,20260901
B1_spatial,1.0,background,interior,per_class,all,micro,median_stability,0.5216338230717567,0.5094817244470119,0.5335638166765458,124,128,124,128,,5000,5000,1.0,3021694564,20260901
B1_spatial,1.0,background,interior,per_class,all,micro,q25_stability,0.3845076985476959,0.37423583973388097,0.3948607574574879,124,128,124,128,,5000,5000,1.0,3021694564,20260901
B1_spatial,1.0,background,interior,per_class,all,micro,q75_stability,0.6952757273590372,0.6813513211732808,0.7075898581623045,124,128,124,128,,5000,5000,1.0,3021694564,20260901
B1_spatial,1.0,background,interior,per_class,all,micro,mean_stability,0.5464719887781572,0.5404026215618246,0.5524917253494784,79,79,79,79,,5000,5000,1.0,3021694564,20260901
B1_spatial,1.0,background,interior,per_class,all,micro,median_stability,0.519909153067613,0.5121565560987101,0.5277372601948961,79,79,79,79,,5000,5000,1.0,3021694564,20260901
B1_spatial,1.0,background,interior,per_class,all,micro,q25_stability,0.38618740392259404,0.37978081457977053,0.3928270493268589,79,79,79,79,,5000,5000,1.0,3021694564,20260901
B1_spatial,1.0,background,interior,per_class,all,micro,q75_stability,0.6927932693233972,0.6841721192002297,0.7012548089074561,79,79,79,79,,5000,5000,1.0,3021694564,20260901
B1_spatial,1.0,background,interior,per_class,all,micro,mean_stability,0.5619867479184021,0.5558296711146556,0.568286853043962,76,76,76,76,,5000,5000,1.0,3021694564,20260901
B1_spatial,1.0,background,interior,per_class,all,micro,median_stability,0.5402452090853139,0.5321897536908325,0.5483381482331375,76,76,76,76,,5000,5000,1.0,3021694564,20260901
B1_spatial,1.0,background,interior,per_class,all,micro,q25_stability,0.39936684189658417,0.39219831779452136,0.4065242112663231,76,76,76,76,,5000,5000,1.0,3021694564,20260901
B1_spatial,1.0,background,interior,per_class,all,micro,q75_stability,0.7143613925497783,0.7065162687856508,0.7225656938101901,76,76,76,76,,5000,5000,1.0,3021694564,20260901
B1_spatial,1.0,background,interior,per_class,all,micro,mean_stability,0.5521043613798942,0.548424464990023,0.5558901239494598,440,445,440,445,,5000,5000,1.0,3021694564,20260901
B1_spatial,1.0,background,interior,per_class,all,micro,median_stability,0.5295612923800945,0.5249182484385974,0.534225992425038,440,445,440,445,,5000,5000,1.0,3021694564,20260901
B1_spatial,1.0,background,interior,per_class,all,micro,q25_stability,0.38948864492333746,0.3857609777109587,0.3934614671750144,440,445,440,445,,5000,5000,1.0,3021694564,20260901
B1_spatial,1.0,background,interior,per_class,all,micro,q75_stability,0.7028535074469718,0.6978165424389279,0.707905085476802,440,445,440,445,,5000,5000,1.0,3021694564,20260901
B1_spatial,1.0,background,interior,per_class,all,micro,mean_stability,0.529867183359064,0.5239071010910398,0.5354046395888914,85,85,85,85,,5000,5000,1.0,3021694564,20260901
B1_spatial,1.0,background,interior,per_class,all,micro,median_stability,0.4987488199682797,0.4919849264797042,0.5051843823886969,85,85,85,85,,5000,5000,1.0,3021694564,20260901
B1_spatial,1.0,background,interior,per_class,all,micro,q25_stability,0.36669422528323004,0.3604625536983504,0.3725870153044953,85,85,85,85,,5000,5000,1.0,3021694564,20260901
B1_spatial,1.0,background,interior,per_class,all,micro,q75_stability,0.677208788079374,0.6697176335752011,0.6841091295901467,85,85,85,85,,5000,5000,1.0,3021694564,20260901
B1_spatial,1.0,background,interior,per_class,all,micro,mean_stability,0.5440544800345376,0.5396750333512694,0.5484753372878245,57,57,57,57,,5000,5000,1.0,3021694564,20260901
B1_spatial,1.0,background,interior,per_class,all,micro,median_stability,0.5165585483375349,0.5114090503961372,0.5217372456794245,57,57,57,57,,5000,5000,1.0,3021694564,20260901
B1_spatial,1.0,background,interior,per_class,all,micro,q25_stability,0.3813644779617326,0.37671152646081485,0.3860445985701262,57,57,57,57,,5000,5000,1.0,3021694564,20260901
B1_spatial,1.0,background,interior,per_class,all,micro,q75_stability,0.6910680995175713,0.6840680401510837,0.6983581869879313,57,57,57,57,,5000,5000,1.0,3021694564,20260901
B1_spatial,1.0,background,interior,per_class,all,micro,mean_stability,0.5537466687593,0.5477907623196465,0.5595913278589794,84,90,84,90,,5000,5000,1.0,3021694564,20260901
B1_spatial,1.0,background,interior,per_class,all,micro,median_stability,0.5304063897402513,0.522746635827346,0.5379625540038708,84,90,84,90,,5000,5000,1.0,3021694564,20260901
B1_spatial,1.0,background,interior,per_class,all,micro,q25_stability,0.39274869344773744,0.38595503064702397,0.39934954377329523,84,90,84,90,,5000,5000,1.0,3021694564,20260901
B1_spatial,1.0,background,interior,per_class,all,micro,q75_stability,0.702512861717315,0.6948554875269496,0.7097736775407604,84,90,84,90,,5000,5000,1.0,3021694564,20260901
B1_spatial,1.0,background,interior,per_class,all,micro,mean_stability,0.5181342484259984,0.5096166459819748,0.5256254374757556,83,84,83,84,,5000,5000,1.0,3021694564,20260901
B1_spatial,1.0,background,interior,per_class,all,micro,median_stability,0.4840365817029792,0.4742114252309152,0.4930043662098363,83,84,83,84,,5000,5000,1.0,3021694564,20260901
B1_spatial,1.0,background,interior,per_class,all,micro,q25_stability,0.3539716980184417,0.3470598975107783,0.36087024446861315,83,84,83,84,,5000,5000,1.0,3021694564,20260901
B1_spatial,1.0,background,interior,per_class,all,micro,q75_stability,0.6638441952955292,0.6515463399287256,0.6747985665673448,83,84,83,84,,5000,5000,1.0,3021694564,20260901
B1_spatial,1.0,background,interior,per_class,all,micro,mean_stability,0.5335317046764582,0.5218199513552879,0.5421378919173172,73,74,73,74,,5000,5000,1.0,3021694564,20260901
B1_spatial,1.0,background,interior,per_class,all,micro,median_stability,0.5049502823042543,0.4928601269573002,0.5153695491282907,73,74,73,74,,5000,5000,1.0,3021694564,20260901
B1_spatial,1.0,background,interior,per_class,all,micro,q25_stability,0.36905494322107263,0.36056631342613066,0.37640909568138725,73,74,73,74,,5000,5000,1.0,3021694564,20260901
B1_spatial,1.0,background,interior,per_class,all,micro,q75_stability,0.6838984305727972,0.6677647650405463,0.6956929270682186,73,74,73,74,,5000,5000,1.0,3021694564,20260901
B1_spatial,1.0,other_fg,boundary,all_positive_classes,all,micro,mean_stability,0.49355307004166926,0.4888254181226127,0.49818240987628526,520,1449,1157,2147,,5000,5000,1.0,3021694564,20260901
B1_spatial,1.0,other_fg,boundary,all_positive_classes,all,micro,median_stability,0.4591308705180291,0.453752936974228,0.4646224754303636,520,1449,1157,2147,,5000,5000,1.0,3021694564,20260901
B1_spatial,1.0,other_fg,boundary,all_positive_classes,all,micro,q25_stability,0.33852036552811193,0.3341160774245602,0.3429777126194107,520,1449,1157,2147,,5000,5000,1.0,3021694564,20260901
B1_spatial,1.0,other_fg,boundary,all_positive_classes,all,micro,q75_stability,0.6259652823531741,0.6193192012957489,0.6324222575272336,520,1449,1157,2147,,5000,5000,1.0,3021694564,20260901
B1_spatial,1.0,other_fg,boundary,all_positive_classes,all,macro_class,mean_stability,0.4735781870800251,0.46314240045758354,0.48300204703080585,520,1449,1157,2147,20,5000,5000,1.0,3021694564,20260901
B1_spatial,1.0,other_fg,boundary,all_positive_classes,all,macro_class,median_stability,0.437263283866571,0.4267621952389963,0.44700340559695034,520,1449,1157,2147,20,5000,5000,1.0,3021694564,20260901
B1_spatial,1.0,other_fg,boundary,all_positive_classes,all,macro_class,q25_stability,0.3234750331126395,0.3156302519892798,0.33129179290661,520,1449,1157,2147,20,5000,5000,1.0,3021694564,20260901
B1_spatial,1.0,other_fg,boundary,all_positive_classes,all,macro_class,q75_stability,0.5999742768764809,0.5854193412313854,0.6129937733390084,520,1449,1157,2147,20,5000,5000,1.0,3021694564,20260901
B1_spatial,1.0,other_fg,boundary,all_positive_classes,exactly_2_labels,micro,mean_stability,0.4894372023778867,0.48292922766463486,0.49580029736054027,373,375,694,750,,5000,5000,1.0,3021694564,20260901
B1_spatial,1.0,other_fg,boundary,all_positive_classes,exactly_2_labels,micro,median_stability,0.45425946800097267,0.44705246338964133,0.4614715166077294,373,375,694,750,,5000,5000,1.0,3021694564,20260901
B1_spatial,1.0,other_fg,boundary,all_positive_classes,exactly_2_labels,micro,q25_stability,0.33694656926236766,0.33102778764078755,0.3430844141122413,373,375,694,750,,5000,5000,1.0,3021694564,20260901
B1_spatial,1.0,other_fg,boundary,all_positive_classes,exactly_2_labels,micro,q75_stability,0.6192953553727106,0.6102897367504585,0.6282452396029107,373,375,694,750,,5000,5000,1.0,3021694564,20260901
B1_spatial,1.0,other_fg,boundary,all_positive_classes,exactly_2_labels,macro_class,mean_stability,0.4695331605766174,0.45643254980962655,0.4814716747792499,373,375,694,750,20,5000,5000,1.0,3021694564,20260901
B1_spatial,1.0,other_fg,boundary,all_positive_classes,exactly_2_labels,macro_class,median_stability,0.43126548887740757,0.41892192954655044,0.4437916913422267,373,375,694,750,20,5000,5000,1.0,3021694564,20260901
B1_spatial,1.0,other_fg,boundary,all_positive_classes,exactly_2_labels,macro_class,q25_stability,0.321962651081405,0.31257013631864194,0.33177321129071885,373,375,694,750,20,5000,5000,1.0,3021694564,20260901
B1_spatial,1.0,other_fg,boundary,all_positive_classes,exactly_2_labels,macro_class,q75_stability,0.5923453749910713,0.57415270241583,0.6089551641769756,373,375,694,750,20,5000,5000,1.0,3021694564,20260901
B1_spatial,1.0,other_fg,boundary,all_positive_classes,3plus_labels,micro,mean_stability,0.49972242675584894,0.4931143067680101,0.5063187178857719,147,147,463,470,,5000,5000,1.0,3021694564,20260901
B1_spatial,1.0,other_fg,boundary,all_positive_classes,3plus_labels,micro,median_stability,0.46643271359975086,0.4588902399861051,0.4739931423184702,147,147,463,470,,5000,5000,1.0,3021694564,20260901
B1_spatial,1.0,other_fg,boundary,all_positive_classes,3plus_labels,micro,q25_stability,0.3408793603627265,0.3351972097037471,0.34689907200923786,147,147,463,470,,5000,5000,1.0,3021694564,20260901
B1_spatial,1.0,other_fg,boundary,all_positive_classes,3plus_labels,micro,q75_stability,0.6359629698789661,0.6265673894252438,0.6453048717766915,147,147,463,470,,5000,5000,1.0,3021694564,20260901
B1_spatial,1.0,other_fg,boundary,all_positive_classes,3plus_labels,macro_class,mean_stability,0.47206873299426333,0.4645804401790201,0.49816776354006603,147,147,463,470,20,5000,5000,1.0,3021694564,20260901
B1_spatial,1.0,other_fg,boundary,all_positive_classes,3plus_labels,macro_class,median_stability,0.4406451316261718,0.43225270732493865,0.4640951762252276,147,147,463,470,20,5000,5000,1.0,3021694564,20260901
B1_spatial,1.0,other_fg,boundary,all_positive_classes,3plus_labels,macro_class,q25_stability,0.31965094353311485,0.3117801772742484,0.3373875872847496,147,147,463,470,20,5000,5000,1.0,3021694564,20260901
B1_spatial,1.0,other_fg,boundary,all_positive_classes,3plus_labels,macro_class,q75_stability,0.6026751599903899,0.5907490560739197,0.6379499380804273,147,147,463,470,20,5000,5000,1.0,3021694564,20260901
B1_spatial,1.0,other_fg,boundary,per_class,all,micro,mean_stability,0.34419882710957633,0.2752760242602707,0.41262440271607465,13,90,13,90,,5000,5000,1.0,3021694564,20260901
B1_spatial,1.0,other_fg,boundary,per_class,all,micro,median_stability,0.31386970155514204,0.2457478455585343,0.38858279965817927,13,90,13,90,,5000,5000,1.0,3021694564,20260901
B1_spatial,1.0,other_fg,boundary,per_class,all,micro,q25_stability,0.23271362411861235,0.18085723642259835,0.29439902952007413,13,90,13,90,,5000,5000,1.0,3021694564,20260901
B1_spatial,1.0,other_fg,boundary,per_class,all,micro,q75_stability,0.42042280905521834,0.3196959459246733,0.5157325727244217,13,90,13,90,,5000,5000,1.0,3021694564,20260901
B1_spatial,1.0,other_fg,boundary,per_class,all,micro,mean_stability,0.47563139855545516,0.4539172283635258,0.4953825920704622,48,79,48,79,,5000,5000,1.0,3021694564,20260901
B1_spatial,1.0,other_fg,boundary,per_class,all,micro,median_stability,0.4346409449353814,0.4102197401436667,0.458049378085674,48,79,48,79,,5000,5000,1.0,3021694564,20260901
B1_spatial,1.0,other_fg,boundary,per_class,all,micro,q25_stability,0.3182581794292976,0.3008022632153535,0.3355382713863457,48,79,48,79,,5000,5000,1.0,3021694564,20260901
B1_spatial,1.0,other_fg,boundary,per_class,all,micro,q75_stability,0.603125527035445,0.5669944126129884,0.6362361958318686,48,79,48,79,,5000,5000,1.0,3021694564,20260901
B1_spatial,1.0,other_fg,boundary,per_class,all,micro,mean_stability,0.4719507778676506,0.38095911817737454,0.5250037354252406,9,103,9,103,,5000,5000,1.0,3021694564,20260901
B1_spatial,1.0,other_fg,boundary,per_class,all,micro,median_stability,0.44682104885578156,0.35591659432897965,0.5228516649987016,9,103,9,103,,5000,5000,1.0,3021694564,20260901
B1_spatial,1.0,other_fg,boundary,per_class,all,micro,q25_stability,0.3241640842623181,0.2767957306839526,0.3590880580335145,9,103,9,103,,5000,5000,1.0,3021694564,20260901
B1_spatial,1.0,other_fg,boundary,per_class,all,micro,q75_stability,0.5939988709158368,0.4635077609015363,0.6752195680389802,9,103,9,103,,5000,5000,1.0,3021694564,20260901
B1_spatial,1.0,other_fg,boundary,per_class,all,micro,mean_stability,0.4420330041505337,0.3761088898414839,0.507879440840739,17,72,17,72,,5000,5000,1.0,3021694564,20260901
B1_spatial,1.0,other_fg,boundary,per_class,all,micro,median_stability,0.3953237454680836,0.32204702498495397,0.4716902127223354,17,72,17,72,,5000,5000,1.0,3021694564,20260901
B1_spatial,1.0,other_fg,boundary,per_class,all,micro,q25_stability,0.3053074325708782,0.23836559821918077,0.38486655152409815,17,72,17,72,,5000,5000,1.0,3021694564,20260901
B1_spatial,1.0,other_fg,boundary,per_class,all,micro,q75_stability,0.5485443455331466,0.46822327690897514,0.6225326953921467,17,72,17,72,,5000,5000,1.0,3021694564,20260901
B1_spatial,1.0,other_fg,boundary,per_class,all,micro,mean_stability,0.5160811075544139,0.5061082369161206,0.5258988195322793,60,96,60,96,,5000,5000,1.0,3021694564,20260901
B1_spatial,1.0,other_fg,boundary,per_class,all,micro,median_stability,0.4847143044074376,0.4717622720154709,0.4970818826153259,60,96,60,96,,5000,5000,1.0,3021694564,20260901
B1_spatial,1.0,other_fg,boundary,per_class,all,micro,q25_stability,0.3549412061770757,0.3435859275891782,0.36617439259709594,60,96,60,96,,5000,5000,1.0,3021694564,20260901
B1_spatial,1.0,other_fg,boundary,per_class,all,micro,q75_stability,0.6655826290448507,0.6528404427798731,0.6783346600478722,60,96,60,96,,5000,5000,1.0,3021694564,20260901
B1_spatial,1.0,other_fg,boundary,per_class,all,micro,mean_stability,0.45850176144492166,0.4187207468866763,0.4977366557448909,34,74,34,74,,5000,5000,1.0,3021694564,20260901
B1_spatial,1.0,other_fg,boundary,per_class,all,micro,median_stability,0.4175122130443068,0.3782393431676275,0.4587488721661044,34,74,34,74,,5000,5000,1.0,3021694564,20260901
B1_spatial,1.0,other_fg,boundary,per_class,all,micro,q25_stability,0.31855322332943187,0.28514920765020213,0.35248082410332493,34,74,34,74,,5000,5000,1.0,3021694564,20260901
B1_spatial,1.0,other_fg,boundary,per_class,all,micro,q75_stability,0.5697704950237975,0.5140652468668073,0.6229265352764299,34,74,34,74,,5000,5000,1.0,3021694564,20260901
B1_spatial,1.0,other_fg,boundary,per_class,all,micro,mean_stability,0.48504174639379366,0.46793920163309216,0.5012716703485404,79,127,79,127,,5000,5000,1.0,3021694564,20260901
B1_spatial,1.0,other_fg,boundary,per_class,all,micro,median_stability,0.44709188066705874,0.42711915331238226,0.4664234240471226,79,127,79,127,,5000,5000,1.0,3021694564,20260901
B1_spatial,1.0,other_fg,boundary,per_class,all,micro,q25_stability,0.3298307926500145,0.3132719591725114,0.34685606823399157,79,127,79,127,,5000,5000,1.0,3021694564,20260901
B1_spatial,1.0,other_fg,boundary,per_class,all,micro,q75_stability,0.6156690292343309,0.5913487015228613,0.6373443809269342,79,127,79,127,,5000,5000,1.0,3021694564,20260901
B1_spatial,1.0,other_fg,boundary,per_class,all,micro,mean_stability,0.5044621960306656,0.48674832576032884,0.5210796921380931,30,119,30,119,,5000,5000,1.0,3021694564,20260901
B1_spatial,1.0,other_fg,boundary,per_class,all,micro,median_stability,0.467669714987278,0.44473554181331154,0.4905729228410349,30,119,30,119,,5000,5000,1.0,3021694564,20260901
B1_spatial,1.0,other_fg,boundary,per_class,all,micro,q25_stability,0.34496696094671886,0.3266652322933078,0.36489825496679457,30,119,30,119,,5000,5000,1.0,3021694564,20260901
B1_spatial,1.0,other_fg,boundary,per_class,all,micro,q75_stability,0.6361110597848892,0.6091024408727858,0.6595205640385733,30,119,30,119,,5000,5000,1.0,3021694564,20260901
B1_spatial,1.0,other_fg,boundary,per_class,all,micro,mean_stability,0.5088511900845497,0.4988111478512502,0.5190968066012474,107,123,107,123,,5000,5000,1.0,3021694564,20260901
B1_spatial,1.0,other_fg,boundary,per_class,all,micro,median_stability,0.47040581201838555,0.45797893287391833,0.4830451330697199,107,123,107,123,,5000,5000,1.0,3021694564,20260901
B1_spatial,1.0,other_fg,boundary,per_class,all,micro,q25_stability,0.35090325045112136,0.34051252809884575,0.36199102589258403,107,123,107,123,,5000,5000,1.0,3021694564,20260901
B1_spatial,1.0,other_fg,boundary,per_class,all,micro,q75_stability,0.6435485018469463,0.629206390062485,0.6574758880913399,107,123,107,123,,5000,5000,1.0,3021694564,20260901
B1_spatial,1.0,other_fg,boundary,per_class,all,micro,mean_stability,0.4775733048778695,0.4310490983744821,0.5149872862615926,14,71,14,71,,5000,5000,1.0,3021694564,20260901
B1_spatial,1.0,other_fg,boundary,per_class,all,micro,median_stability,0.43120342439838816,0.37526956189642935,0.48142297666806444,14,71,14,71,,5000,5000,1.0,3021694564,20260901
B1_spatial,1.0,other_fg,boundary,per_class,all,micro,q25_stability,0.31063160113990307,0.2656409260914906,0.3507809999685448,14,71,14,71,,5000,5000,1.0,3021694564,20260901
B1_spatial,1.0,other_fg,boundary,per_class,all,micro,q75_stability,0.6128980001168591,0.5445039893622717,0.6744045437624058,14,71,14,71,,5000,5000,1.0,3021694564,20260901
B1_spatial,1.0,other_fg,boundary,per_class,all,micro,mean_stability,0.5066373982250507,0.4965219331583584,0.5159883936731376,70,75,70,75,,5000,5000,1.0,3021694564,20260901
B1_spatial,1.0,other_fg,boundary,per_class,all,micro,median_stability,0.4702022194862366,0.4564287908598256,0.4824378070666072,70,75,70,75,,5000,5000,1.0,3021694564,20260901
B1_spatial,1.0,other_fg,boundary,per_class,all,micro,q25_stability,0.3418532824942044,0.3310021753483178,0.3522576513153986,70,75,70,75,,5000,5000,1.0,3021694564,20260901
B1_spatial,1.0,other_fg,boundary,per_class,all,micro,q75_stability,0.6454430372587272,0.6290626022246267,0.660818744024408,70,75,70,75,,5000,5000,1.0,3021694564,20260901
B1_spatial,1.0,other_fg,boundary,per_class,all,micro,mean_stability,0.48975615018539975,0.47068020608068895,0.5081457265259582,43,128,43,128,,5000,5000,1.0,3021694564,20260901
B1_spatial,1.0,other_fg,boundary,per_class,all,micro,median_stability,0.4525896650414134,0.42982267456336154,0.47544447356972847,43,128,43,128,,5000,5000,1.0,3021694564,20260901
B1_spatial,1.0,other_fg,boundary,per_class,all,micro,q25_stability,0.3316123769726864,0.31346055695863906,0.34992398071528297,43,128,43,128,,5000,5000,1.0,3021694564,20260901
B1_spatial,1.0,other_fg,boundary,per_class,all,micro,q75_stability,0.6243934679863065,0.5958976691723734,0.6513667770238911,43,128,43,128,,5000,5000,1.0,3021694564,20260901
B1_spatial,1.0,other_fg,boundary,per_class,all,micro,mean_stability,0.43165591263937075,0.4031602951816581,0.4570577660992963,34,79,34,79,,5000,5000,1.0,3021694564,20260901
B1_spatial,1.0,other_fg,boundary,per_class,all,micro,median_stability,0.3830379547879976,0.35519190834818315,0.40974856587407854,34,79,34,79,,5000,5000,1.0,3021694564,20260901
B1_spatial,1.0,other_fg,boundary,per_class,all,micro,q25_stability,0.2802678227205487,0.25805440386114964,0.3013916667192933,34,79,34,79,,5000,5000,1.0,3021694564,20260901
B1_spatial,1.0,other_fg,boundary,per_class,all,micro,q75_stability,0.5564197718220598,0.5162046828042129,0.5937180215528846,34,79,34,79,,5000,5000,1.0,3021694564,20260901
B1_spatial,1.0,other_fg,boundary,per_class,all,micro,mean_stability,0.494912618761566,0.47874190076229506,0.5104738385811872,52,76,52,76,,5000,5000,1.0,3021694564,20260901
B1_spatial,1.0,other_fg,boundary,per_class,all,micro,median_stability,0.45371543214871335,0.43439640457956835,0.4721649454420675,52,76,52,76,,5000,5000,1.0,3021694564,20260901
B1_spatial,1.0,other_fg,boundary,per_class,all,micro,q25_stability,0.3423307523704492,0.32769061355573825,0.35625095710864446,52,76,52,76,,5000,5000,1.0,3021694564,20260901
B1_spatial,1.0,other_fg,boundary,per_class,all,micro,q75_stability,0.6266626836015627,0.5993040024884035,0.6527084752891419,52,76,52,76,,5000,5000,1.0,3021694564,20260901
B1_spatial,1.0,other_fg,boundary,per_class,all,micro,mean_stability,0.503715694987491,0.49612452253192163,0.5110496829980886,372,445,372,445,,5000,5000,1.0,3021694564,20260901
B1_spatial,1.0,other_fg,boundary,per_class,all,micro,median_stability,0.47540433991259784,0.4667340526335998,0.48407774593033426,372,445,372,445,,5000,5000,1.0,3021694564,20260901
B1_spatial,1.0,other_fg,boundary,per_class,all,micro,q25_stability,0.3483844972265664,0.3413584564069063,0.3552743291559627,372,445,372,445,,5000,5000,1.0,3021694564,20260901
B1_spatial,1.0,other_fg,boundary,per_class,all,micro,q75_stability,0.638879355503827,0.6282423847519624,0.6492782236731786,372,445,372,445,,5000,5000,1.0,3021694564,20260901
B1_spatial,1.0,other_fg,boundary,per_class,all,micro,mean_stability,0.5084589098926557,0.4879010070943668,0.5260831972078702,60,85,60,85,,5000,5000,1.0,3021694564,20260901
B1_spatial,1.0,other_fg,boundary,per_class,all,micro,median_stability,0.4786316367487113,0.4559513819593012,0.4987798676262378,60,85,60,85,,5000,5000,1.0,3021694564,20260901
B1_spatial,1.0,other_fg,boundary,per_class,all,micro,q25_stability,0.35724326930940153,0.339466086071966,0.37365967987621135,60,85,60,85,,5000,5000,1.0,3021694564,20260901
B1_spatial,1.0,other_fg,boundary,per_class,all,micro,q75_stability,0.6344920532157023,0.606818251361712,0.6583191651003028,60,85,60,85,,5000,5000,1.0,3021694564,20260901
B1_spatial,1.0,other_fg,boundary,per_class,all,micro,mean_stability,0.44912175916335134,0.3289581761615617,0.5292298432641429,5,57,5,57,,5000,4971,0.9942,3021694564,20260901
B1_spatial,1.0,other_fg,boundary,per_class,all,micro,median_stability,0.4248099893331528,0.3128918260335922,0.512413501739502,5,57,5,57,,5000,4971,0.9942,3021694564,20260901
B1_spatial,1.0,other_fg,boundary,per_class,all,micro,q25_stability,0.3042502462863922,0.23624924197793007,0.35799013537221724,5,57,5,57,,5000,4971,0.9942,3021694564,20260901
B1_spatial,1.0,other_fg,boundary,per_class,all,micro,q75_stability,0.5807708531618119,0.4216436967253685,0.7071587815880775,5,57,5,57,,5000,4971,0.9942,3021694564,20260901
B1_spatial,1.0,other_fg,boundary,per_class,all,micro,mean_stability,0.47853410441617367,0.4574241541235169,0.49694553771423616,63,90,63,90,,5000,5000,1.0,3021694564,20260901
B1_spatial,1.0,other_fg,boundary,per_class,all,micro,median_stability,0.44104899785348345,0.417364309633277,0.46269984051782326,63,90,63,90,,5000,5000,1.0,3021694564,20260901
B1_spatial,1.0,other_fg,boundary,per_class,all,micro,q25_stability,0.31995002186251065,0.30532990753447836,0.3344454365199107,63,90,63,90,,5000,5000,1.0,3021694564,20260901
B1_spatial,1.0,other_fg,boundary,per_class,all,micro,q75_stability,0.6099880532849402,0.5774824440359904,0.638811981267978,63,90,63,90,,5000,5000,1.0,3021694564,20260901
B1_spatial,1.0,other_fg,boundary,per_class,all,micro,mean_stability,0.3921747883936916,0.3238645210833719,0.45421087411570005,10,84,10,84,,5000,5000,1.0,3021694564,20260901
B1_spatial,1.0,other_fg,boundary,per_class,all,micro,median_stability,0.3567808233201504,0.29802513563384614,0.41224201001958655,10,84,10,84,,5000,5000,1.0,3021694564,20260901
B1_spatial,1.0,other_fg,boundary,per_class,all,micro,q25_stability,0.28053073212504387,0.22832538748120929,0.3359204064578646,10,84,10,84,,5000,5000,1.0,3021694564,20260901
B1_spatial,1.0,other_fg,boundary,per_class,all,micro,q75_stability,0.4928240217268467,0.3972005828842521,0.5774020569443348,10,84,10,84,,5000,5000,1.0,3021694564,20260901
B1_spatial,1.0,other_fg,boundary,per_class,all,micro,mean_stability,0.5322710908663228,0.5181112407328222,0.5473837393302383,37,74,37,74,,5000,5000,1.0,3021694564,20260901
B1_spatial,1.0,other_fg,boundary,per_class,all,micro,median_stability,0.4997918283617174,0.4828566953278424,0.5169548708588535,37,74,37,74,,5000,5000,1.0,3021694564,20260901
B1_spatial,1.0,other_fg,boundary,per_class,all,micro,q25_stability,0.3728073058096138,0.35659273295896127,0.39064770553807227,37,74,37,74,,5000,5000,1.0,3021694564,20260901
B1_spatial,1.0,other_fg,boundary,per_class,all,micro,q75_stability,0.6799409723765141,0.6582182131175484,0.7018276139407565,37,74,37,74,,5000,5000,1.0,3021694564,20260901
B1_spatial,1.0,other_fg,interior,all_positive_classes,all,micro,mean_stability,0.5246695978661076,0.5187440223304703,0.5303939149549092,513,1449,1059,2147,,5000,5000,1.0,3021694564,20260901
B1_spatial,1.0,other_fg,interior,all_positive_classes,all,micro,median_stability,0.499666292262567,0.49310900015773723,0.506152904856774,513,1449,1059,2147,,5000,5000,1.0,3021694564,20260901
B1_spatial,1.0,other_fg,interior,all_positive_classes,all,micro,q25_stability,0.3769937004820146,0.3716280554846072,0.3823840481862697,513,1449,1059,2147,,5000,5000,1.0,3021694564,20260901
B1_spatial,1.0,other_fg,interior,all_positive_classes,all,micro,q75_stability,0.657111445306409,0.6493814091539322,0.6645742352790436,513,1449,1059,2147,,5000,5000,1.0,3021694564,20260901
B1_spatial,1.0,other_fg,interior,all_positive_classes,all,macro_class,mean_stability,0.5087257983673108,0.4960455782271104,0.5211546582790731,513,1449,1059,2147,20,5000,5000,1.0,3021694564,20260901
B1_spatial,1.0,other_fg,interior,all_positive_classes,all,macro_class,median_stability,0.4835055608857129,0.470177039774691,0.49685094139276487,513,1449,1059,2147,20,5000,5000,1.0,3021694564,20260901
B1_spatial,1.0,other_fg,interior,all_positive_classes,all,macro_class,q25_stability,0.36446212231071473,0.35490077231228606,0.37444542611320364,513,1449,1059,2147,20,5000,5000,1.0,3021694564,20260901
B1_spatial,1.0,other_fg,interior,all_positive_classes,all,macro_class,q75_stability,0.6335913491182825,0.6169769359335435,0.6499175641315768,513,1449,1059,2147,20,5000,5000,1.0,3021694564,20260901
B1_spatial,1.0,other_fg,interior,all_positive_classes,exactly_2_labels,micro,mean_stability,0.5196399512538353,0.5109772658836506,0.5277518049889321,366,375,615,750,,5000,5000,1.0,3021694564,20260901
B1_spatial,1.0,other_fg,interior,all_positive_classes,exactly_2_labels,micro,median_stability,0.494631551381776,0.48543894906342605,0.5035091804231068,366,375,615,750,,5000,5000,1.0,3021694564,20260901
B1_spatial,1.0,other_fg,interior,all_positive_classes,exactly_2_labels,micro,q25_stability,0.37659959734939946,0.36905195851202144,0.3841227643399088,366,375,615,750,,5000,5000,1.0,3021694564,20260901
B1_spatial,1.0,other_fg,interior,all_positive_classes,exactly_2_labels,micro,q75_stability,0.648107177982243,0.6365812284679714,0.6585468719446466,366,375,615,750,,5000,5000,1.0,3021694564,20260901
B1_spatial,1.0,other_fg,interior,all_positive_classes,exactly_2_labels,macro_class,mean_stability,0.5063870460958323,0.49157116406917495,0.5201269335687834,366,375,615,750,20,5000,5000,1.0,3021694564,20260901
B1_spatial,1.0,other_fg,interior,all_positive_classes,exactly_2_labels,macro_class,median_stability,0.48155105599212134,0.46557015276143315,0.49658612718836187,366,375,615,750,20,5000,5000,1.0,3021694564,20260901
B1_spatial,1.0,other_fg,interior,all_positive_classes,exactly_2_labels,macro_class,q25_stability,0.3648372723248204,0.35314479193155085,0.37657439594450753,366,375,615,750,20,5000,5000,1.0,3021694564,20260901
B1_spatial,1.0,other_fg,interior,all_positive_classes,exactly_2_labels,macro_class,q75_stability,0.6286681836404063,0.6094485575245611,0.6466551374720583,366,375,615,750,20,5000,5000,1.0,3021694564,20260901
B1_spatial,1.0,other_fg,interior,all_positive_classes,3plus_labels,micro,mean_stability,0.5316363381060789,0.5245863469751728,0.5387638941341839,147,147,444,470,,5000,5000,1.0,3021694564,20260901
B1_spatial,1.0,other_fg,interior,all_positive_classes,3plus_labels,micro,median_stability,0.5066400887528518,0.49829086295432046,0.5149166563293412,147,147,444,470,,5000,5000,1.0,3021694564,20260901
B1_spatial,1.0,other_fg,interior,all_positive_classes,3plus_labels,micro,q25_stability,0.3775395865778665,0.37058640243682206,0.3845780158162682,147,147,444,470,,5000,5000,1.0,3021694564,20260901
B1_spatial,1.0,other_fg,interior,all_positive_classes,3plus_labels,micro,q75_stability,0.6695835723432603,0.6593996324862286,0.6794426330676815,147,147,444,470,,5000,5000,1.0,3021694564,20260901
B1_spatial,1.0,other_fg,interior,all_positive_classes,3plus_labels,macro_class,mean_stability,0.5251813918949938,0.5148799036476284,0.5353867624539251,147,147,444,470,18,5000,5000,1.0,3021694564,20260901
B1_spatial,1.0,other_fg,interior,all_positive_classes,3plus_labels,macro_class,median_stability,0.49841973783471677,0.4849809433718451,0.5113903965179597,147,147,444,470,18,5000,5000,1.0,3021694564,20260901
B1_spatial,1.0,other_fg,interior,all_positive_classes,3plus_labels,macro_class,q25_stability,0.37079323428694455,0.3620555410734687,0.3808559036153112,147,147,444,470,18,5000,5000,1.0,3021694564,20260901
B1_spatial,1.0,other_fg,interior,all_positive_classes,3plus_labels,macro_class,q75_stability,0.6590564736315455,0.6429641185321632,0.6745458472875959,147,147,444,470,18,5000,5000,1.0,3021694564,20260901
B1_spatial,1.0,other_fg,interior,per_class,all,micro,mean_stability,0.3612909746897996,0.20514455845668203,0.528462749721754,7,90,7,90,,5000,4998,0.9996,3021694564,20260901
B1_spatial,1.0,other_fg,interior,per_class,all,micro,median_stability,0.34375642825450214,0.18913070609172186,0.5152450004902979,7,90,7,90,,5000,4998,0.9996,3021694564,20260901
B1_spatial,1.0,other_fg,interior,per_class,all,micro,q25_stability,0.281868291752679,0.17281163539737462,0.41129614781588303,7,90,7,90,,5000,4998,0.9996,3021694564,20260901
B1_spatial,1.0,other_fg,interior,per_class,all,micro,q75_stability,0.43397959268518854,0.23289014419075102,0.6415778570409331,7,90,7,90,,5000,4998,0.9996,3021694564,20260901
B1_spatial,1.0,other_fg,interior,per_class,all,micro,mean_stability,0.5174557195853582,0.4926615340583254,0.5417437891579869,42,79,42,79,,5000,5000,1.0,3021694564,20260901
B1_spatial,1.0,other_fg,interior,per_class,all,micro,median_stability,0.49387186552797047,0.4650040161120667,0.5228261548689589,42,79,42,79,,5000,5000,1.0,3021694564,20260901
B1_spatial,1.0,other_fg,interior,per_class,all,micro,q25_stability,0.3683515458057324,0.3428775193808445,0.39780366367819464,42,79,42,79,,5000,5000,1.0,3021694564,20260901
B1_spatial,1.0,other_fg,interior,per_class,all,micro,q75_stability,0.6521109354992708,0.6208212683724278,0.6812008931140899,42,79,42,79,,5000,5000,1.0,3021694564,20260901
B1_spatial,1.0,other_fg,interior,per_class,all,micro,mean_stability,0.531540178894771,0.5063752391400747,0.5536268321381461,8,103,8,103,,5000,4999,0.9998,3021694564,20260901
B1_spatial,1.0,other_fg,interior,per_class,all,micro,median_stability,0.4996312838047743,0.4692152044735849,0.5261203348636627,8,103,8,103,,5000,4999,0.9998,3021694564,20260901
B1_spatial,1.0,other_fg,interior,per_class,all,micro,q25_stability,0.37013146840035915,0.3388458823164304,0.4040374536688129,8,103,8,103,,5000,4999,0.9998,3021694564,20260901
B1_spatial,1.0,other_fg,interior,per_class,all,micro,q75_stability,0.6767662949860096,0.6483627001196146,0.6979528069496155,8,103,8,103,,5000,4999,0.9998,3021694564,20260901
B1_spatial,1.0,other_fg,interior,per_class,all,micro,mean_stability,0.524998751713162,0.45492926903414804,0.5822285532246473,7,72,7,72,,5000,4996,0.9992,3021694564,20260901
B1_spatial,1.0,other_fg,interior,per_class,all,micro,median_stability,0.49575948289462496,0.40761952315058025,0.5768981928626696,7,72,7,72,,5000,4996,0.9992,3021694564,20260901
B1_spatial,1.0,other_fg,interior,per_class,all,micro,q25_stability,0.38081664059843334,0.31715943813323977,0.4373588760693868,7,72,7,72,,5000,4996,0.9992,3021694564,20260901
B1_spatial,1.0,other_fg,interior,per_class,all,micro,q75_stability,0.6431434250303677,0.545846539516268,0.7319762227901568,7,72,7,72,,5000,4996,0.9992,3021694564,20260901
B1_spatial,1.0,other_fg,interior,per_class,all,micro,mean_stability,0.5502397129804687,0.5360635924839944,0.5628086863244225,60,96,60,96,,5000,5000,1.0,3021694564,20260901
B1_spatial,1.0,other_fg,interior,per_class,all,micro,median_stability,0.525140006840229,0.5113276015226201,0.5376125922636187,60,96,60,96,,5000,5000,1.0,3021694564,20260901
B1_spatial,1.0,other_fg,interior,per_class,all,micro,q25_stability,0.39102845136076214,0.3786483149065382,0.4040289542660781,60,96,60,96,,5000,5000,1.0,3021694564,20260901
B1_spatial,1.0,other_fg,interior,per_class,all,micro,q75_stability,0.6993461072444915,0.6796808523622652,0.7161847425438465,60,96,60,96,,5000,5000,1.0,3021694564,20260901
B1_spatial,1.0,other_fg,interior,per_class,all,micro,mean_stability,0.4523484177026113,0.37803986962291475,0.5250154014139872,19,74,19,74,,5000,5000,1.0,3021694564,20260901
B1_spatial,1.0,other_fg,interior,per_class,all,micro,median_stability,0.44613635540008545,0.3723733270149522,0.51797657392723,19,74,19,74,,5000,5000,1.0,3021694564,20260901
B1_spatial,1.0,other_fg,interior,per_class,all,micro,q25_stability,0.3365253717883637,0.2790892195655033,0.3995233691591355,19,74,19,74,,5000,5000,1.0,3021694564,20260901
B1_spatial,1.0,other_fg,interior,per_class,all,micro,q75_stability,0.5515090848662352,0.4541160492493178,0.6423862220355026,19,74,19,74,,5000,5000,1.0,3021694564,20260901
B1_spatial,1.0,other_fg,interior,per_class,all,micro,mean_stability,0.5322413729962486,0.5107460607067487,0.5515354942178546,72,127,72,127,,5000,5000,1.0,3021694564,20260901
B1_spatial,1.0,other_fg,interior,per_class,all,micro,median_stability,0.5088458701761233,0.4855564929054756,0.5303247082696486,72,127,72,127,,5000,5000,1.0,3021694564,20260901
B1_spatial,1.0,other_fg,interior,per_class,all,micro,q25_stability,0.381745428726491,0.3604257050154845,0.40317550207208724,72,127,72,127,,5000,5000,1.0,3021694564,20260901
B1_spatial,1.0,other_fg,interior,per_class,all,micro,q75_stability,0.669855627645221,0.6411910453334669,0.6951332287831489,72,127,72,127,,5000,5000,1.0,3021694564,20260901
B1_spatial,1.0,other_fg,interior,per_class,all,micro,mean_stability,0.5471606584505765,0.522904310068718,0.5738891855948756,30,119,30,119,,5000,5000,1.0,3021694564,20260901
B1_spatial,1.0,other_fg,interior,per_class,all,micro,median_stability,0.5270922591288885,0.4971270845404693,0.5600725612400667,30,119,30,119,,5000,5000,1.0,3021694564,20260901
B1_spatial,1.0,other_fg,interior,per_class,all,micro,q25_stability,0.39882286414504053,0.3697771134874623,0.43636728365506444,30,119,30,119,,5000,5000,1.0,3021694564,20260901
B1_spatial,1.0,other_fg,interior,per_class,all,micro,q75_stability,0.6831108326713244,0.6567649276897918,0.70830742877775,30,119,30,119,,5000,5000,1.0,3021694564,20260901
B1_spatial,1.0,other_fg,interior,per_class,all,micro,mean_stability,0.5329987435547607,0.5204500830991947,0.5458917449452627,104,123,104,123,,5000,5000,1.0,3021694564,20260901
B1_spatial,1.0,other_fg,interior,per_class,all,micro,median_stability,0.5026731302675146,0.48760332713429544,0.5176261248542104,104,123,104,123,,5000,5000,1.0,3021694564,20260901
B1_spatial,1.0,other_fg,interior,per_class,all,micro,q25_stability,0.378625094353293,0.36602987370110657,0.39202128925123514,104,123,104,123,,5000,5000,1.0,3021694564,20260901
B1_spatial,1.0,other_fg,interior,per_class,all,micro,q75_stability,0.6722216913476586,0.6566362137749023,0.6880241546655694,104,123,104,123,,5000,5000,1.0,3021694564,20260901
B1_spatial,1.0,other_fg,interior,per_class,all,micro,mean_stability,0.5194298525415301,0.4868635413808064,0.5491393737781782,13,71,13,71,,5000,5000,1.0,3021694564,20260901
B1_spatial,1.0,other_fg,interior,per_class,all,micro,median_stability,0.5005980546657856,0.465883802969686,0.5342116774015483,13,71,13,71,,5000,5000,1.0,3021694564,20260901
B1_spatial,1.0,other_fg,interior,per_class,all,micro,q25_stability,0.37782857882288784,0.34287772950871537,0.41196434310637414,13,71,13,71,,5000,5000,1.0,3021694564,20260901
B1_spatial,1.0,other_fg,interior,per_class,all,micro,q75_stability,0.6462202049218692,0.5955209734849631,0.6842227737048081,13,71,13,71,,5000,5000,1.0,3021694564,20260901
B1_spatial,1.0,other_fg,interior,per_class,all,micro,mean_stability,0.5334547369223551,0.5207535215924705,0.5456515575920534,70,75,70,75,,5000,5000,1.0,3021694564,20260901
B1_spatial,1.0,other_fg,interior,per_class,all,micro,median_stability,0.5069165346877915,0.49187462348490957,0.521480447696653,70,75,70,75,,5000,5000,1.0,3021694564,20260901
B1_spatial,1.0,other_fg,interior,per_class,all,micro,q25_stability,0.379002983123064,0.36714724643721847,0.3906395810118444,70,75,70,75,,5000,5000,1.0,3021694564,20260901
B1_spatial,1.0,other_fg,interior,per_class,all,micro,q75_stability,0.6729266764862197,0.6525798100804654,0.6920492081184472,70,75,70,75,,5000,5000,1.0,3021694564,20260901
B1_spatial,1.0,other_fg,interior,per_class,all,micro,mean_stability,0.5314861934098072,0.5084783585351434,0.5543701937519807,42,128,42,128,,5000,5000,1.0,3021694564,20260901
B1_spatial,1.0,other_fg,interior,per_class,all,micro,median_stability,0.5040406487172558,0.4759000420986355,0.5325076256893307,42,128,42,128,,5000,5000,1.0,3021694564,20260901
B1_spatial,1.0,other_fg,interior,per_class,all,micro,q25_stability,0.3761653376831895,0.3541301039509944,0.398512975374595,42,128,42,128,,5000,5000,1.0,3021694564,20260901
B1_spatial,1.0,other_fg,interior,per_class,all,micro,q75_stability,0.670865114246096,0.6411782575404328,0.6993095741456463,42,128,42,128,,5000,5000,1.0,3021694564,20260901
B1_spatial,1.0,other_fg,interior,per_class,all,micro,mean_stability,0.38913934799182526,0.3419663298220357,0.43346695109521216,31,79,31,79,,5000,5000,1.0,3021694564,20260901
B1_spatial,1.0,other_fg,interior,per_class,all,micro,median_stability,0.3523531164373121,0.30364677478829705,0.3992694377262016,31,79,31,79,,5000,5000,1.0,3021694564,20260901
B1_spatial,1.0,other_fg,interior,per_class,all,micro,q25_stability,0.2738736444903958,0.2402116569358984,0.3090679106963498,31,79,31,79,,5000,5000,1.0,3021694564,20260901
B1_spatial,1.0,other_fg,interior,per_class,all,micro,q75_stability,0.46639152315835797,0.40320548383363836,0.5272786438275404,31,79,31,79,,5000,5000,1.0,3021694564,20260901
B1_spatial,1.0,other_fg,interior,per_class,all,micro,mean_stability,0.4931186940771381,0.47096162348904913,0.5142832359681063,49,76,49,76,,5000,5000,1.0,3021694564,20260901
B1_spatial,1.0,other_fg,interior,per_class,all,micro,median_stability,0.46534232536748965,0.4414082147816525,0.48923324617332525,49,76,49,76,,5000,5000,1.0,3021694564,20260901
B1_spatial,1.0,other_fg,interior,per_class,all,micro,q25_stability,0.3460956326096642,0.32733019098790733,0.36423734073578146,49,76,49,76,,5000,5000,1.0,3021694564,20260901
B1_spatial,1.0,other_fg,interior,per_class,all,micro,q75_stability,0.6183218299886402,0.5830793593337816,0.6526929710181834,49,76,49,76,,5000,5000,1.0,3021694564,20260901
B1_spatial,1.0,other_fg,interior,per_class,all,micro,mean_stability,0.5311689414820459,0.520370134326121,0.5418364027338549,347,445,347,445,,5000,5000,1.0,3021694564,20260901
B1_spatial,1.0,other_fg,interior,per_class,all,micro,median_stability,0.5084848645913498,0.49672359817276845,0.5201833129638725,347,445,347,445,,5000,5000,1.0,3021694564,20260901
B1_spatial,1.0,other_fg,interior,per_class,all,micro,q25_stability,0.3865078309556249,0.37692001118973206,0.39621639756974975,347,445,347,445,,5000,5000,1.0,3021694564,20260901
B1_spatial,1.0,other_fg,interior,per_class,all,micro,q75_stability,0.6641602350951787,0.6497479353712774,0.6784881643908904,347,445,347,445,,5000,5000,1.0,3021694564,20260901
B1_spatial,1.0,other_fg,interior,per_class,all,micro,mean_stability,0.5598294092226489,0.5443258799301393,0.57466786465713,57,85,57,85,,5000,5000,1.0,3021694564,20260901
B1_spatial,1.0,other_fg,interior,per_class,all,micro,median_stability,0.5365365856049353,0.5168531848503084,0.5567175824541212,57,85,57,85,,5000,5000,1.0,3021694564,20260901
B1_spatial,1.0,other_fg,interior,per_class,all,micro,q25_stability,0.407964096518985,0.3903127278751567,0.42643342369040055,57,85,57,85,,5000,5000,1.0,3021694564,20260901
B1_spatial,1.0,other_fg,interior,per_class,all,micro,q75_stability,0.6955775955789968,0.6778043037744275,0.7130185123820576,57,85,57,85,,5000,5000,1.0,3021694564,20260901
B1_spatial,1.0,other_fg,interior,per_class,all,micro,mean_stability,0.5517910346919156,0.5443487559089956,0.567029468967753,4,57,4,57,,5000,4927,0.9854,3021694564,20260901
B1_spatial,1.0,other_fg,interior,per_class,all,micro,median_stability,0.5298942662775517,0.47895558178424835,0.5683735013008118,4,57,4,57,,5000,4927,0.9854,3021694564,20260901
B1_spatial,1.0,other_fg,interior,per_class,all,micro,q25_stability,0.3816283382475376,0.3684442862868309,0.3917073830962181,4,57,4,57,,5000,4927,0.9854,3021694564,20260901
B1_spatial,1.0,other_fg,interior,per_class,all,micro,q75_stability,0.6821735203266144,0.6589990556240082,0.7010378241539001,4,57,4,57,,5000,4927,0.9854,3021694564,20260901
B1_spatial,1.0,other_fg,interior,per_class,all,micro,mean_stability,0.5072415755006665,0.4820130879169409,0.5306276868835946,56,90,56,90,,5000,5000,1.0,3021694564,20260901
B1_spatial,1.0,other_fg,interior,per_class,all,micro,median_stability,0.4769543795181172,0.44771383124969755,0.5046023006793301,56,90,56,90,,5000,5000,1.0,3021694564,20260901
B1_spatial,1.0,other_fg,interior,per_class,all,micro,q25_stability,0.3544535110704601,0.333899730404899,0.3743961636147713,56,90,56,90,,5000,5000,1.0,3021694564,20260901
B1_spatial,1.0,other_fg,interior,per_class,all,micro,q75_stability,0.6364722036357436,0.5995028301065017,0.6690574490079848,56,90,56,90,,5000,5000,1.0,3021694564,20260901
B1_spatial,1.0,other_fg,interior,per_class,all,micro,mean_stability,0.4513234831184021,0.2984076284954691,0.5590450535494047,6,84,6,84,,5000,4990,0.998,3021694564,20260901
B1_spatial,1.0,other_fg,interior,per_class,all,micro,median_stability,0.41508589188257855,0.2639012087136507,0.5415605083107948,6,84,6,84,,5000,4990,0.998,3021694564,20260901
B1_spatial,1.0,other_fg,interior,per_class,all,micro,q25_stability,0.31304721410075825,0.21463057212531567,0.39025083370506763,6,84,6,84,,5000,4990,0.998,3021694564,20260901
B1_spatial,1.0,other_fg,interior,per_class,all,micro,q75_stability,0.5427343472838402,0.3390716642141342,0.7045828998088837,6,84,6,84,,5000,4990,0.998,3021694564,20260901
B1_spatial,1.0,other_fg,interior,per_class,all,micro,mean_stability,0.556258167820126,0.531622053082828,0.5835026611822864,35,74,35,74,,5000,5000,1.0,3021694564,20260901
B1_spatial,1.0,other_fg,interior,per_class,all,micro,median_stability,0.530997867669378,0.5022936962329315,0.5624250160922345,35,74,35,74,,5000,5000,1.0,3021694564,20260901
B1_spatial,1.0,other_fg,interior,per_class,all,micro,q25_stability,0.4047601216605731,0.3765296616052677,0.4394102689734585,35,74,35,74,,5000,5000,1.0,3021694564,20260901
B1_spatial,1.0,other_fg,interior,per_class,all,micro,q75_stability,0.6939401396683285,0.6686333289129313,0.7179167488941826,35,74,35,74,,5000,5000,1.0,3021694564,20260901
B1_spatial,1.0,target,boundary,all_positive_classes,all,micro,mean_stability,0.43356641934077234,0.4294966782127889,0.4377475444903282,1432,1449,2021,2147,,5000,5000,1.0,3021694564,20260901
B1_spatial,1.0,target,boundary,all_positive_classes,all,micro,median_stability,0.3886345714848638,0.3843144159022264,0.39305241017444675,1432,1449,2021,2147,,5000,5000,1.0,3021694564,20260901
B1_spatial,1.0,target,boundary,all_positive_classes,all,micro,q25_stability,0.2874089608785504,0.28409605567108415,0.2907713802789766,1432,1449,2021,2147,,5000,5000,1.0,3021694564,20260901
B1_spatial,1.0,target,boundary,all_positive_classes,all,micro,q75_stability,0.5446663366382751,0.5389361551865814,0.5506215224854342,1432,1449,2021,2147,,5000,5000,1.0,3021694564,20260901
B1_spatial,1.0,target,boundary,all_positive_classes,all,macro_class,mean_stability,0.44162001932430706,0.43759397347851586,0.44569016860441124,1432,1449,2021,2147,20,5000,5000,1.0,3021694564,20260901
B1_spatial,1.0,target,boundary,all_positive_classes,all,macro_class,median_stability,0.3980058382991042,0.3936150820228097,0.40236496237166075,1432,1449,2021,2147,20,5000,5000,1.0,3021694564,20260901
B1_spatial,1.0,target,boundary,all_positive_classes,all,macro_class,q25_stability,0.2948569159766229,0.2915898832641243,0.29817117760323236,1432,1449,2021,2147,20,5000,5000,1.0,3021694564,20260901
B1_spatial,1.0,target,boundary,all_positive_classes,all,macro_class,q75_stability,0.5545040670606948,0.5485261695634772,0.5603355896700534,1432,1449,2021,2147,20,5000,5000,1.0,3021694564,20260901
B1_spatial,1.0,target,boundary,all_positive_classes,single_label,micro,mean_stability,0.46213651552563223,0.4572689086119367,0.46697940985315345,912,927,912,927,,5000,5000,1.0,3021694564,20260901
B1_spatial,1.0,target,boundary,all_positive_classes,single_label,micro,median_stability,0.4181824062558773,0.41269424877671534,0.42372477519624974,912,927,912,927,,5000,5000,1.0,3021694564,20260901
B1_spatial,1.0,target,boundary,all_positive_classes,single_label,micro,q25_stability,0.3114095679708969,0.30704267637752947,0.31568738298514254,912,927,912,927,,5000,5000,1.0,3021694564,20260901
B1_spatial,1.0,target,boundary,all_positive_classes,single_label,micro,q75_stability,0.5800886559871989,0.5730474980729312,0.5871107662786103,912,927,912,927,,5000,5000,1.0,3021694564,20260901
B1_spatial,1.0,target,boundary,all_positive_classes,single_label,macro_class,mean_stability,0.46090753910952503,0.4555319672405976,0.46605373161942915,912,927,912,927,20,5000,5000,1.0,3021694564,20260901
B1_spatial,1.0,target,boundary,all_positive_classes,single_label,macro_class,median_stability,0.41551506897746543,0.40961742766704096,0.42135698609950667,912,927,912,927,20,5000,5000,1.0,3021694564,20260901
B1_spatial,1.0,target,boundary,all_positive_classes,single_label,macro_class,q25_stability,0.3087534280030764,0.30375626595823146,0.3135146636659274,912,927,912,927,20,5000,5000,1.0,3021694564,20260901
B1_spatial,1.0,target,boundary,all_positive_classes,single_label,macro_class,q75_stability,0.5808421469486221,0.5726405781478071,0.5888064183646876,912,927,912,927,20,5000,5000,1.0,3021694564,20260901
B1_spatial,1.0,target,boundary,all_positive_classes,exactly_2_labels,micro,mean_stability,0.4148374838523654,0.40812118253682317,0.4215298202476615,373,375,694,750,,5000,5000,1.0,3021694564,20260901
B1_spatial,1.0,target,boundary,all_positive_classes,exactly_2_labels,micro,median_stability,0.3681024130143934,0.3613416949443883,0.37517892073621684,373,375,694,750,,5000,5000,1.0,3021694564,20260901
B1_spatial,1.0,target,boundary,all_positive_classes,exactly_2_labels,micro,q25_stability,0.2701300072352206,0.26485481936748756,0.275551486202012,373,375,694,750,,5000,5000,1.0,3021694564,20260901
B1_spatial,1.0,target,boundary,all_positive_classes,exactly_2_labels,micro,q75_stability,0.5226417932959987,0.5128295488795266,0.5324027668934408,373,375,694,750,,5000,5000,1.0,3021694564,20260901
B1_spatial,1.0,target,boundary,all_positive_classes,exactly_2_labels,macro_class,mean_stability,0.43405348617606443,0.4247332458235745,0.44244880978331513,373,375,694,750,20,5000,5000,1.0,3021694564,20260901
B1_spatial,1.0,target,boundary,all_positive_classes,exactly_2_labels,macro_class,median_stability,0.3892338634009386,0.38037300719557987,0.3973772047987272,373,375,694,750,20,5000,5000,1.0,3021694564,20260901
B1_spatial,1.0,target,boundary,all_positive_classes,exactly_2_labels,macro_class,q25_stability,0.2887876475714749,0.2801373796004094,0.2963319608606316,373,375,694,750,20,5000,5000,1.0,3021694564,20260901
B1_spatial,1.0,target,boundary,all_positive_classes,exactly_2_labels,macro_class,q75_stability,0.5462589319190788,0.5336514285191297,0.5582402594823062,373,375,694,750,20,5000,5000,1.0,3021694564,20260901
B1_spatial,1.0,target,boundary,all_positive_classes,3plus_labels,micro,mean_stability,0.4021012470717638,0.39099963499266405,0.4126286248810825,147,147,415,470,,5000,5000,1.0,3021694564,20260901
B1_spatial,1.0,target,boundary,all_positive_classes,3plus_labels,micro,median_stability,0.3580362405627966,0.3466951425969206,0.3687096937668498,147,147,415,470,,5000,5000,1.0,3021694564,20260901
B1_spatial,1.0,target,boundary,all_positive_classes,3plus_labels,micro,q25_stability,0.26356086487915503,0.2552008261100532,0.27154178587541855,147,147,415,470,,5000,5000,1.0,3021694564,20260901
B1_spatial,1.0,target,boundary,all_positive_classes,3plus_labels,micro,q75_stability,0.5036539940679647,0.48808224808053424,0.5181925436581759,147,147,415,470,,5000,5000,1.0,3021694564,20260901
B1_spatial,1.0,target,boundary,all_positive_classes,3plus_labels,macro_class,mean_stability,0.39812559432155875,0.38383086563007013,0.4183523970262761,147,147,415,470,19,5000,5000,1.0,3021694564,20260901
B1_spatial,1.0,target,boundary,all_positive_classes,3plus_labels,macro_class,median_stability,0.3559971740331861,0.3391952044426722,0.3804014392198272,147,147,415,470,19,5000,5000,1.0,3021694564,20260901
B1_spatial,1.0,target,boundary,all_positive_classes,3plus_labels,macro_class,q25_stability,0.2625777026396441,0.25082530602018377,0.278879997979182,147,147,415,470,19,5000,5000,1.0,3021694564,20260901
B1_spatial,1.0,target,boundary,all_positive_classes,3plus_labels,macro_class,q75_stability,0.4933230238156813,0.47297924723133805,0.5229310690713399,147,147,415,470,19,5000,5000,1.0,3021694564,20260901
B1_spatial,1.0,target,boundary,per_class,all,micro,mean_stability,0.45398851509945776,0.4376135996432478,0.46886139044497094,87,90,87,90,,5000,5000,1.0,3021694564,20260901
B1_spatial,1.0,target,boundary,per_class,all,micro,median_stability,0.4111893824462233,0.3938152094956401,0.42779312278328424,87,90,87,90,,5000,5000,1.0,3021694564,20260901
B1_spatial,1.0,target,boundary,per_class,all,micro,q25_stability,0.3114038071241872,0.2984683385759811,0.32380800660349973,87,90,87,90,,5000,5000,1.0,3021694564,20260901
B1_spatial,1.0,target,boundary,per_class,all,micro,q75_stability,0.5651875587458584,0.5420373788963846,0.5867913470780529,87,90,87,90,,5000,5000,1.0,3021694564,20260901
B1_spatial,1.0,target,boundary,per_class,all,micro,mean_stability,0.4550103731282133,0.43946520384155374,0.4706448350293778,71,79,71,79,,5000,5000,1.0,3021694564,20260901
B1_spatial,1.0,target,boundary,per_class,all,micro,median_stability,0.4130850995720272,0.3955470921543412,0.4311361386463861,71,79,71,79,,5000,5000,1.0,3021694564,20260901
B1_spatial,1.0,target,boundary,per_class,all,micro,q25_stability,0.31127063804109334,0.29753607448487396,0.32624135486658656,71,79,71,79,,5000,5000,1.0,3021694564,20260901
B1_spatial,1.0,target,boundary,per_class,all,micro,q75_stability,0.5693319630350026,0.5444276012872145,0.5946010258349573,71,79,71,79,,5000,5000,1.0,3021694564,20260901
B1_spatial,1.0,target,boundary,per_class,all,micro,mean_stability,0.505295004922969,0.489180257908642,0.5207962016273059,99,103,99,103,,5000,5000,1.0,3021694564,20260901
B1_spatial,1.0,target,boundary,per_class,all,micro,median_stability,0.46906918212018833,0.45053409197731037,0.48739737344322887,99,103,99,103,,5000,5000,1.0,3021694564,20260901
B1_spatial,1.0,target,boundary,per_class,all,micro,q25_stability,0.3557180982421745,0.3408789486360866,0.3700017858081044,99,103,99,103,,5000,5000,1.0,3021694564,20260901
B1_spatial,1.0,target,boundary,per_class,all,micro,q75_stability,0.6244816549799659,0.6018294669839087,0.6461913544766696,99,103,99,103,,5000,5000,1.0,3021694564,20260901
B1_spatial,1.0,target,boundary,per_class,all,micro,mean_stability,0.42993430122098636,0.40890094574663943,0.4509445114947383,69,72,69,72,,5000,5000,1.0,3021694564,20260901
B1_spatial,1.0,target,boundary,per_class,all,micro,median_stability,0.3900764545668726,0.36527982817372057,0.4152555405570662,69,72,69,72,,5000,5000,1.0,3021694564,20260901
B1_spatial,1.0,target,boundary,per_class,all,micro,q25_stability,0.2898052105869072,0.2717356723655159,0.3088889088317414,69,72,69,72,,5000,5000,1.0,3021694564,20260901
B1_spatial,1.0,target,boundary,per_class,all,micro,q75_stability,0.5317647278956745,0.500914763024609,0.5619459865539742,69,72,69,72,,5000,5000,1.0,3021694564,20260901
B1_spatial,1.0,target,boundary,per_class,all,micro,mean_stability,0.36525678541581397,0.3417155164387426,0.38773174779246306,84,96,84,96,,5000,5000,1.0,3021694564,20260901
B1_spatial,1.0,target,boundary,per_class,all,micro,median_stability,0.31983194101069656,0.2969672111709539,0.3425888488626559,84,96,84,96,,5000,5000,1.0,3021694564,20260901
B1_spatial,1.0,target,boundary,per_class,all,micro,q25_stability,0.24828078309517532,0.2300601708151856,0.2659403234089223,84,96,84,96,,5000,5000,1.0,3021694564,20260901
B1_spatial,1.0,target,boundary,per_class,all,micro,q75_stability,0.4477377382240125,0.4161558944074299,0.4787619076765857,84,96,84,96,,5000,5000,1.0,3021694564,20260901
B1_spatial,1.0,target,boundary,per_class,all,micro,mean_stability,0.4734252407954171,0.459792327324975,0.4860380722266751,73,74,73,74,,5000,5000,1.0,3021694564,20260901
B1_spatial,1.0,target,boundary,per_class,all,micro,median_stability,0.4244936638294834,0.40894432348645277,0.4392369369846575,73,74,73,74,,5000,5000,1.0,3021694564,20260901
B1_spatial,1.0,target,boundary,per_class,all,micro,q25_stability,0.31419650883707284,0.30074992691248503,0.3271522518477007,73,74,73,74,,5000,5000,1.0,3021694564,20260901
B1_spatial,1.0,target,boundary,per_class,all,micro,q75_stability,0.5963839960016616,0.5746464044252884,0.616883298428995,73,74,73,74,,5000,5000,1.0,3021694564,20260901
B1_spatial,1.0,target,boundary,per_class,all,micro,mean_stability,0.39961032362213933,0.37855510043900736,0.41962000175183195,113,127,113,127,,5000,5000,1.0,3021694564,20260901
B1_spatial,1.0,target,boundary,per_class,all,micro,median_stability,0.356477187699185,0.33486913970878296,0.37779849332653326,113,127,113,127,,5000,5000,1.0,3021694564,20260901
B1_spatial,1.0,target,boundary,per_class,all,micro,q25_stability,0.2661829168817638,0.24931813764015073,0.28242133354777277,113,127,113,127,,5000,5000,1.0,3021694564,20260901
B1_spatial,1.0,target,boundary,per_class,all,micro,q75_stability,0.4928488503581127,0.46287281600512586,0.5219783175928091,113,127,113,127,,5000,5000,1.0,3021694564,20260901
B1_spatial,1.0,target,boundary,per_class,all,micro,mean_stability,0.4486537934446232,0.4359893156164873,0.46048790573355447,117,119,117,119,,5000,5000,1.0,3021694564,20260901
B1_spatial,1.0,target,boundary,per_class,all,micro,median_stability,0.40177690046720016,0.38765947818429325,0.4158915408729118,117,119,117,119,,5000,5000,1.0,3021694564,20260901
B1_spatial,1.0,target,boundary,per_class,all,micro,q25_stability,0.3042892320161192,0.2928066889758447,0.31593006956112435,117,119,117,119,,5000,5000,1.0,3021694564,20260901
B1_spatial,1.0,target,boundary,per_class,all,micro,q75_stability,0.5582855410364449,0.5399295579629013,0.5755599568504881,117,119,117,119,,5000,5000,1.0,3021694564,20260901
B1_spatial,1.0,target,boundary,per_class,all,micro,mean_stability,0.4299383780796514,0.4130496944474463,0.44623238706244567,112,123,112,123,,5000,5000,1.0,3021694564,20260901
B1_spatial,1.0,target,boundary,per_class,all,micro,median_stability,0.38598738165040103,0.36876535161538754,0.4023369527987878,112,123,112,123,,5000,5000,1.0,3021694564,20260901
B1_spatial,1.0,target,boundary,per_class,all,micro,q25_stability,0.2839845513392772,0.2714559066442675,0.2962930406629485,112,123,112,123,,5000,5000,1.0,3021694564,20260901
B1_spatial,1.0,target,boundary,per_class,all,micro,q75_stability,0.5425219993173543,0.518627315338879,0.5665612213525987,112,123,112,123,,5000,5000,1.0,3021694564,20260901
B1_spatial,1.0,target,boundary,per_class,all,micro,mean_stability,0.4439779098718433,0.42427845859598307,0.46303615095627826,71,71,71,71,,5000,5000,1.0,3021694564,20260901
B1_spatial,1.0,target,boundary,per_class,all,micro,median_stability,0.4044389032142263,0.38256963206796163,0.4256273980318031,71,71,71,71,,5000,5000,1.0,3021694564,20260901
B1_spatial,1.0,target,boundary,per_class,all,micro,q25_stability,0.28149204024336705,0.2655725784311202,0.29744437049916933,71,71,71,71,,5000,5000,1.0,3021694564,20260901
B1_spatial,1.0,target,boundary,per_class,all,micro,q75_stability,0.5645624323629997,0.5373402881842684,0.5911955642763158,71,71,71,71,,5000,5000,1.0,3021694564,20260901
B1_spatial,1.0,target,boundary,per_class,all,micro,mean_stability,0.46763586923421435,0.4504074195382577,0.48482375578964354,72,75,72,75,,5000,5000,1.0,3021694564,20260901
B1_spatial,1.0,target,boundary,per_class,all,micro,median_stability,0.4292341218226486,0.40753783285448925,0.45075874849055575,72,75,72,75,,5000,5000,1.0,3021694564,20260901
B1_spatial,1.0,target,boundary,per_class,all,micro,q25_stability,0.3100505595923298,0.29573364900793364,0.32473554810524247,72,75,72,75,,5000,5000,1.0,3021694564,20260901
B1_spatial,1.0,target,boundary,per_class,all,micro,q75_stability,0.5926709529012442,0.5672378654776727,0.6177407958096157,72,75,72,75,,5000,5000,1.0,3021694564,20260901
B1_spatial,1.0,target,boundary,per_class,all,micro,mean_stability,0.4253771711125411,0.41312249283256375,0.4379507896220836,126,128,126,128,,5000,5000,1.0,3021694564,20260901
B1_spatial,1.0,target,boundary,per_class,all,micro,median_stability,0.37540189046708367,0.3614617946521667,0.39010813831092106,126,128,126,128,,5000,5000,1.0,3021694564,20260901
B1_spatial,1.0,target,boundary,per_class,all,micro,q25_stability,0.2718320884520099,0.2615969926048661,0.28240107278059284,126,128,126,128,,5000,5000,1.0,3021694564,20260901
B1_spatial,1.0,target,boundary,per_class,all,micro,q75_stability,0.5405128176013628,0.5227979202038063,0.5584676435344986,126,128,126,128,,5000,5000,1.0,3021694564,20260901
B1_spatial,1.0,target,boundary,per_class,all,micro,mean_stability,0.4706716862291129,0.4597821461639403,0.48131192345580065,77,79,77,79,,5000,5000,1.0,3021694564,20260901
B1_spatial,1.0,target,boundary,per_class,all,micro,median_stability,0.4244613688100468,0.41137228579198826,0.43704894479664624,77,79,77,79,,5000,5000,1.0,3021694564,20260901
B1_spatial,1.0,target,boundary,per_class,all,micro,q25_stability,0.31467402973151826,0.3041353315899247,0.3250656151944983,77,79,77,79,,5000,5000,1.0,3021694564,20260901
B1_spatial,1.0,target,boundary,per_class,all,micro,q75_stability,0.5950526892171277,0.5772101261627542,0.6115639954696518,77,79,77,79,,5000,5000,1.0,3021694564,20260901
B1_spatial,1.0,target,boundary,per_class,all,micro,mean_stability,0.44688074123698895,0.4298282729061113,0.4623822246089875,75,76,75,76,,5000,5000,1.0,3021694564,20260901
B1_spatial,1.0,target,boundary,per_class,all,micro,median_stability,0.40278075486421583,0.3858853507985672,0.4192778004737789,75,76,75,76,,5000,5000,1.0,3021694564,20260901
B1_spatial,1.0,target,boundary,per_class,all,micro,q25_stability,0.2898231407503287,0.27763130312164624,0.3019091489750979,75,76,75,76,,5000,5000,1.0,3021694564,20260901
B1_spatial,1.0,target,boundary,per_class,all,micro,q75_stability,0.5654353547592957,0.5411804569664227,0.587981211309844,75,76,75,76,,5000,5000,1.0,3021694564,20260901
B1_spatial,1.0,target,boundary,per_class,all,micro,mean_stability,0.3946634032023749,0.3844492212239008,0.4044641507303914,412,445,412,445,,5000,5000,1.0,3021694564,20260901
B1_spatial,1.0,target,boundary,per_class,all,micro,median_stability,0.34401642888766326,0.33356295838108113,0.3544173022662567,412,445,412,445,,5000,5000,1.0,3021694564,20260901
B1_spatial,1.0,target,boundary,per_class,all,micro,q25_stability,0.2506772940955803,0.24286162498846128,0.2587037167803753,412,445,412,445,,5000,5000,1.0,3021694564,20260901
B1_spatial,1.0,target,boundary,per_class,all,micro,q75_stability,0.49849887320645225,0.48403699833618125,0.5123728172541718,412,445,412,445,,5000,5000,1.0,3021694564,20260901
B1_spatial,1.0,target,boundary,per_class,all,micro,mean_stability,0.4008277213816087,0.3748876585235581,0.42594333970331455,68,85,68,85,,5000,5000,1.0,3021694564,20260901
B1_spatial,1.0,target,boundary,per_class,all,micro,median_stability,0.36213891054777536,0.33603110041308065,0.38798949272035976,68,85,68,85,,5000,5000,1.0,3021694564,20260901
B1_spatial,1.0,target,boundary,per_class,all,micro,q25_stability,0.2718777767766048,0.2532678455203127,0.29087821959211213,68,85,68,85,,5000,5000,1.0,3021694564,20260901
B1_spatial,1.0,target,boundary,per_class,all,micro,q75_stability,0.4991039037704468,0.4627354445617434,0.5344245078252511,68,85,68,85,,5000,5000,1.0,3021694564,20260901
B1_spatial,1.0,target,boundary,per_class,all,micro,mean_stability,0.4390943066884627,0.41785952119108216,0.45837477469840243,57,57,57,57,,5000,5000,1.0,3021694564,20260901
B1_spatial,1.0,target,boundary,per_class,all,micro,median_stability,0.3921308584119144,0.36991490957964407,0.4130327216235169,57,57,57,57,,5000,5000,1.0,3021694564,20260901
B1_spatial,1.0,target,boundary,per_class,all,micro,q25_stability,0.2871117163122746,0.2702214701427964,0.30379584691274847,57,57,57,57,,5000,5000,1.0,3021694564,20260901
B1_spatial,1.0,target,boundary,per_class,all,micro,q75_stability,0.5576645183589375,0.5269377096392738,0.5850387504209944,57,57,57,57,,5000,5000,1.0,3021694564,20260901
B1_spatial,1.0,target,boundary,per_class,all,micro,mean_stability,0.4508059138719094,0.4352309958976382,0.4660817803939454,88,90,88,90,,5000,5000,1.0,3021694564,20260901
B1_spatial,1.0,target,boundary,per_class,all,micro,median_stability,0.4042487815869125,0.3870591189340643,0.4215111815175691,88,90,88,90,,5000,5000,1.0,3021694564,20260901
B1_spatial,1.0,target,boundary,per_class,all,micro,q25_stability,0.2941780866504731,0.28090985182444905,0.30742526866769676,88,90,88,90,,5000,5000,1.0,3021694564,20260901
B1_spatial,1.0,target,boundary,per_class,all,micro,q75_stability,0.5777621684087948,0.5543996332987641,0.6015071504001874,88,90,88,90,,5000,5000,1.0,3021694564,20260901
B1_spatial,1.0,target,boundary,per_class,all,micro,mean_stability,0.5071356551772703,0.4945446779492946,0.5191303355151969,84,84,84,84,,5000,5000,1.0,3021694564,20260901
B1_spatial,1.0,target,boundary,per_class,all,micro,median_stability,0.46943752307976994,0.4547470776541602,0.48414135657783064,84,84,84,84,,5000,5000,1.0,3021694564,20260901
B1_spatial,1.0,target,boundary,per_class,all,micro,q25_stability,0.35354692542127203,0.3418698729636768,0.36521522205855167,84,84,84,84,,5000,5000,1.0,3021694564,20260901
B1_spatial,1.0,target,boundary,per_class,all,micro,q75_stability,0.6369646113543284,0.6182821834482075,0.6549436954337926,84,84,84,84,,5000,5000,1.0,3021694564,20260901
B1_spatial,1.0,target,boundary,per_class,all,micro,mean_stability,0.42421729275054276,0.4038564575575852,0.4437839149442321,66,74,66,74,,5000,5000,1.0,3021694564,20260901
B1_spatial,1.0,target,boundary,per_class,all,micro,median_stability,0.3798400309275497,0.35809820363061945,0.4008483782930694,66,74,66,74,,5000,5000,1.0,3021694564,20260901
B1_spatial,1.0,target,boundary,per_class,all,micro,q25_stability,0.2867429153429288,0.2690778560340533,0.3038952836418608,66,74,66,74,,5000,5000,1.0,3021694564,20260901
B1_spatial,1.0,target,boundary,per_class,all,micro,q75_stability,0.53330898967882,0.5051072492670342,0.5612499682911701,66,74,66,74,,5000,5000,1.0,3021694564,20260901
B1_spatial,1.0,target,interior,all_positive_classes,all,micro,mean_stability,0.4636722251459295,0.45880104501143804,0.46853957622584663,1399,1449,1850,2147,,5000,5000,1.0,3021694564,20260901
B1_spatial,1.0,target,interior,all_positive_classes,all,micro,median_stability,0.42837086314687856,0.4231645596686877,0.4335533951679877,1399,1449,1850,2147,,5000,5000,1.0,3021694564,20260901
B1_spatial,1.0,target,interior,all_positive_classes,all,micro,q25_stability,0.3181545203088506,0.31426150303710226,0.32211015367145657,1399,1449,1850,2147,,5000,5000,1.0,3021694564,20260901
B1_spatial,1.0,target,interior,all_positive_classes,all,micro,q75_stability,0.5835542379661992,0.5768517679634472,0.5903040140246459,1399,1449,1850,2147,,5000,5000,1.0,3021694564,20260901
B1_spatial,1.0,target,interior,all_positive_classes,all,macro_class,mean_stability,0.46793223308957943,0.4627703575791149,0.4730142870999944,1399,1449,1850,2147,20,5000,5000,1.0,3021694564,20260901
B1_spatial,1.0,target,interior,all_positive_classes,all,macro_class,median_stability,0.4331343685607639,0.42772074844662783,0.4383859566760142,1399,1449,1850,2147,20,5000,5000,1.0,3021694564,20260901
B1_spatial,1.0,target,interior,all_positive_classes,all,macro_class,q25_stability,0.32276674842617975,0.31870690271880286,0.3267644263727565,1399,1449,1850,2147,20,5000,5000,1.0,3021694564,20260901
B1_spatial,1.0,target,interior,all_positive_classes,all,macro_class,q75_stability,0.5887285800778516,0.5814246165128012,0.5957032341532603,1399,1449,1850,2147,20,5000,5000,1.0,3021694564,20260901
B1_spatial,1.0,target,interior,all_positive_classes,single_label,micro,mean_stability,0.49655414157821287,0.4908322030505868,0.5019482756311182,886,927,886,927,,5000,5000,1.0,3021694564,20260901
B1_spatial,1.0,target,interior,all_positive_classes,single_label,micro,median_stability,0.46459767766902327,0.45844215790958454,0.47062862502121255,886,927,886,927,,5000,5000,1.0,3021694564,20260901
B1_spatial,1.0,target,interior,all_positive_classes,single_label,micro,q25_stability,0.34508461210010555,0.34052191808140087,0.3495900445241411,886,927,886,927,,5000,5000,1.0,3021694564,20260901
B1_spatial,1.0,target,interior,all_positive_classes,single_label,micro,q75_stability,0.6266954082966221,0.6186712759835833,0.6343793557088785,886,927,886,927,,5000,5000,1.0,3021694564,20260901
B1_spatial,1.0,target,interior,all_positive_classes,single_label,macro_class,mean_stability,0.490094129782897,0.48313773876381927,0.4962941037643665,886,927,886,927,20,5000,5000,1.0,3021694564,20260901
B1_spatial,1.0,target,interior,all_positive_classes,single_label,macro_class,median_stability,0.45652261617662554,0.44914738646492064,0.4632123166642815,886,927,886,927,20,5000,5000,1.0,3021694564,20260901
B1_spatial,1.0,target,interior,all_positive_classes,single_label,macro_class,q25_stability,0.3391839736293602,0.33348771600879706,0.34425420995042444,886,927,886,927,20,5000,5000,1.0,3021694564,20260901
B1_spatial,1.0,target,interior,all_positive_classes,single_label,macro_class,q75_stability,0.6185468118649712,0.6088796399482898,0.6272113001505659,886,927,886,927,20,5000,5000,1.0,3021694564,20260901
B1_spatial,1.0,target,interior,all_positive_classes,exactly_2_labels,micro,mean_stability,0.4488530128065974,0.44072602044128295,0.45649198602454427,366,375,615,750,,5000,5000,1.0,3021694564,20260901
B1_spatial,1.0,target,interior,all_positive_classes,exactly_2_labels,micro,median_stability,0.4102649070140792,0.4019906271951616,0.4183940446357257,366,375,615,750,,5000,5000,1.0,3021694564,20260901
B1_spatial,1.0,target,interior,all_positive_classes,exactly_2_labels,micro,q25_stability,0.3050554317974947,0.2983307254590985,0.31173279889985084,366,375,615,750,,5000,5000,1.0,3021694564,20260901
B1_spatial,1.0,target,interior,all_positive_classes,exactly_2_labels,micro,q75_stability,0.5635934796941474,0.5525433017036495,0.5743020757022015,366,375,615,750,,5000,5000,1.0,3021694564,20260901
B1_spatial,1.0,target,interior,all_positive_classes,exactly_2_labels,macro_class,mean_stability,0.45747862661566757,0.44424050543168814,0.46989422524017127,366,375,615,750,20,5000,5000,1.0,3021694564,20260901
B1_spatial,1.0,target,interior,all_positive_classes,exactly_2_labels,macro_class,median_stability,0.4214245073615149,0.4073681567981156,0.4348982854358892,366,375,615,750,20,5000,5000,1.0,3021694564,20260901
B1_spatial,1.0,target,interior,all_positive_classes,exactly_2_labels,macro_class,q25_stability,0.3149255543144236,0.3052145626633551,0.3240121566718855,366,375,615,750,20,5000,5000,1.0,3021694564,20260901
B1_spatial,1.0,target,interior,all_positive_classes,exactly_2_labels,macro_class,q75_stability,0.5752167015455747,0.5568459082831988,0.5926354307232972,366,375,615,750,20,5000,5000,1.0,3021694564,20260901
B1_spatial,1.0,target,interior,all_positive_classes,3plus_labels,micro,mean_stability,0.4063095822510431,0.3945893348922219,0.4177512101892439,147,147,349,470,,5000,5000,1.0,3021694564,20260901
B1_spatial,1.0,target,interior,all_positive_classes,3plus_labels,micro,median_stability,0.3683084143074843,0.35647401236882154,0.37979784450167253,147,147,349,470,,5000,5000,1.0,3021694564,20260901
B1_spatial,1.0,target,interior,all_positive_classes,3plus_labels,micro,q25_stability,0.27287050342470154,0.26431752208570986,0.2812304109859032,147,147,349,470,,5000,5000,1.0,3021694564,20260901
B1_spatial,1.0,target,interior,all_positive_classes,3plus_labels,micro,q75_stability,0.5092069297271079,0.49217813977820085,0.5258638077899765,147,147,349,470,,5000,5000,1.0,3021694564,20260901
B1_spatial,1.0,target,interior,all_positive_classes,3plus_labels,macro_class,mean_stability,0.4015598363705682,0.3804802158212753,0.4223665227965402,147,147,349,470,19,5000,5000,1.0,3021694564,20260901
B1_spatial,1.0,target,interior,all_positive_classes,3plus_labels,macro_class,median_stability,0.35975773871777933,0.33932066412280326,0.3828962121183985,147,147,349,470,19,5000,5000,1.0,3021694564,20260901
B1_spatial,1.0,target,interior,all_positive_classes,3plus_labels,macro_class,q25_stability,0.2676730255654536,0.25155440764841075,0.28539356363109414,147,147,349,470,19,5000,5000,1.0,3021694564,20260901
B1_spatial,1.0,target,interior,all_positive_classes,3plus_labels,macro_class,q75_stability,0.503707167829652,0.4739126740258776,0.5311791960518035,147,147,349,470,19,5000,5000,1.0,3021694564,20260901
B1_spatial,1.0,target,interior,per_class,all,micro,mean_stability,0.4662301051426275,0.44624598327074017,0.4846026249772833,81,90,81,90,,5000,5000,1.0,3021694564,20260901
B1_spatial,1.0,target,interior,per_class,all,micro,median_stability,0.43398869893065206,0.41208806627662853,0.45421468567134987,81,90,81,90,,5000,5000,1.0,3021694564,20260901
B1_spatial,1.0,target,interior,per_class,all,micro,q25_stability,0.32760741166126583,0.3131140380060046,0.3415827371133491,81,90,81,90,,5000,5000,1.0,3021694564,20260901
B1_spatial,1.0,target,interior,per_class,all,micro,q75_stability,0.5797614328287266,0.5504087722021758,0.6065193438742326,81,90,81,90,,5000,5000,1.0,3021694564,20260901
B1_spatial,1.0,target,interior,per_class,all,micro,mean_stability,0.4697312138198784,0.4388710798405632,0.5006928638462051,60,79,60,79,,5000,5000,1.0,3021694564,20260901
B1_spatial,1.0,target,interior,per_class,all,micro,median_stability,0.449881652990977,0.4184127759972874,0.48401767864004897,60,79,60,79,,5000,5000,1.0,3021694564,20260901
B1_spatial,1.0,target,interior,per_class,all,micro,q25_stability,0.35734874283274015,0.3314509471921182,0.3857896219991098,60,79,60,79,,5000,5000,1.0,3021694564,20260901
B1_spatial,1.0,target,interior,per_class,all,micro,q75_stability,0.5637777012462417,0.522150595323606,0.6059775396334589,60,79,60,79,,5000,5000,1.0,3021694564,20260901
B1_spatial,1.0,target,interior,per_class,all,micro,mean_stability,0.5267167781770044,0.5046876624966323,0.5483046329775036,90,103,90,103,,5000,5000,1.0,3021694564,20260901
B1_spatial,1.0,target,interior,per_class,all,micro,median_stability,0.5047327042453819,0.481503112558929,0.5276167636019071,90,103,90,103,,5000,5000,1.0,3021694564,20260901
B1_spatial,1.0,target,interior,per_class,all,micro,q25_stability,0.3922354815320836,0.37494846367663326,0.4098088008978848,90,103,90,103,,5000,5000,1.0,3021694564,20260901
B1_spatial,1.0,target,interior,per_class,all,micro,q75_stability,0.6508111965739065,0.6198510057041398,0.6799056004312182,90,103,90,103,,5000,5000,1.0,3021694564,20260901
B1_spatial,1.0,target,interior,per_class,all,micro,mean_stability,0.44369675325625135,0.42159808410032096,0.46382109795754173,62,72,62,72,,5000,5000,1.0,3021694564,20260901
B1_spatial,1.0,target,interior,per_class,all,micro,median_stability,0.3980982112548044,0.3756962493606485,0.4196473057661024,62,72,62,72,,5000,5000,1.0,3021694564,20260901
B1_spatial,1.0,target,interior,per_class,all,micro,q25_stability,0.30008329793570504,0.2832896897077592,0.3163722178645267,62,72,62,72,,5000,5000,1.0,3021694564,20260901
B1_spatial,1.0,target,interior,per_class,all,micro,q75_stability,0.5506578519219353,0.5188019712189186,0.580328044412567,62,72,62,72,,5000,5000,1.0,3021694564,20260901
B1_spatial,1.0,target,interior,per_class,all,micro,mean_stability,0.42484150229820256,0.3912255850736499,0.4571820683860394,65,96,65,96,,5000,5000,1.0,3021694564,20260901
B1_spatial,1.0,target,interior,per_class,all,micro,median_stability,0.39356174916028974,0.3617399632738177,0.4251196820397311,65,96,65,96,,5000,5000,1.0,3021694564,20260901
B1_spatial,1.0,target,interior,per_class,all,micro,q25_stability,0.2983559103252796,0.27687356891738174,0.31950224593854964,65,96,65,96,,5000,5000,1.0,3021694564,20260901
B1_spatial,1.0,target,interior,per_class,all,micro,q75_stability,0.528211171925068,0.4813977183886733,0.5735010577404902,65,96,65,96,,5000,5000,1.0,3021694564,20260901
B1_spatial,1.0,target,interior,per_class,all,micro,mean_stability,0.4871138869884855,0.4629659471155482,0.5089619791823775,71,74,71,74,,5000,5000,1.0,3021694564,20260901
B1_spatial,1.0,target,interior,per_class,all,micro,median_stability,0.4550889663818017,0.4305726304265951,0.4783866053097881,71,74,71,74,,5000,5000,1.0,3021694564,20260901
B1_spatial,1.0,target,interior,per_class,all,micro,q25_stability,0.3350090416751697,0.31642349110334905,0.35331236686648076,71,74,71,74,,5000,5000,1.0,3021694564,20260901
B1_spatial,1.0,target,interior,per_class,all,micro,q75_stability,0.6149535797746248,0.5832522852893066,0.6437602357991354,71,74,71,74,,5000,5000,1.0,3021694564,20260901
B1_spatial,1.0,target,interior,per_class,all,micro,mean_stability,0.4509028350401427,0.4276175682280612,0.4736628792013686,91,127,91,127,,5000,5000,1.0,3021694564,20260901
B1_spatial,1.0,target,interior,per_class,all,micro,median_stability,0.4169351591186209,0.3926258774387554,0.44075625137547575,91,127,91,127,,5000,5000,1.0,3021694564,20260901
B1_spatial,1.0,target,interior,per_class,all,micro,q25_stability,0.30540152184747077,0.28718670988707184,0.3238724412965286,91,127,91,127,,5000,5000,1.0,3021694564,20260901
B1_spatial,1.0,target,interior,per_class,all,micro,q75_stability,0.569896348578098,0.5371518976811518,0.6020857778607003,91,127,91,127,,5000,5000,1.0,3021694564,20260901
B1_spatial,1.0,target,interior,per_class,all,micro,mean_stability,0.5086516636150554,0.49082147182517066,0.5251936018355644,118,119,118,119,,5000,5000,1.0,3021694564,20260901
B1_spatial,1.0,target,interior,per_class,all,micro,median_stability,0.4819339728772135,0.463327880631764,0.49948600028013296,118,119,118,119,,5000,5000,1.0,3021694564,20260901
B1_spatial,1.0,target,interior,per_class,all,micro,q25_stability,0.348148242712526,0.33487971304458075,0.3606560702905247,118,119,118,119,,5000,5000,1.0,3021694564,20260901
B1_spatial,1.0,target,interior,per_class,all,micro,q75_stability,0.6489279282168817,0.6245530043791326,0.6718815378096497,118,119,118,119,,5000,5000,1.0,3021694564,20260901
B1_spatial,1.0,target,interior,per_class,all,micro,mean_stability,0.42889171400058174,0.40723374949575736,0.44910870315010626,94,123,94,123,,5000,5000,1.0,3021694564,20260901
B1_spatial,1.0,target,interior,per_class,all,micro,median_stability,0.3959289919188682,0.3743629580673254,0.4171651490307207,94,123,94,123,,5000,5000,1.0,3021694564,20260901
B1_spatial,1.0,target,interior,per_class,all,micro,q25_stability,0.2974696546158892,0.2821658670015701,0.3135935602056602,94,123,94,123,,5000,5000,1.0,3021694564,20260901
B1_spatial,1.0,target,interior,per_class,all,micro,q75_stability,0.5286163080166629,0.49775206307961567,0.5571724953343541,94,123,94,123,,5000,5000,1.0,3021694564,20260901
B1_spatial,1.0,target,interior,per_class,all,micro,mean_stability,0.44824774753278673,0.4239313151545842,0.47136605465681675,68,71,68,71,,5000,5000,1.0,3021694564,20260901
B1_spatial,1.0,target,interior,per_class,all,micro,median_stability,0.41163143252625184,0.38732056291101574,0.4349871464698192,68,71,68,71,,5000,5000,1.0,3021694564,20260901
B1_spatial,1.0,target,interior,per_class,all,micro,q25_stability,0.29587662011823235,0.27873228112208276,0.311924535839184,68,71,68,71,,5000,5000,1.0,3021694564,20260901
B1_spatial,1.0,target,interior,per_class,all,micro,q75_stability,0.5707018060390564,0.5365459131673578,0.6030350933389124,68,71,68,71,,5000,5000,1.0,3021694564,20260901
B1_spatial,1.0,target,interior,per_class,all,micro,mean_stability,0.4563717318335777,0.4386934900969429,0.4735345116462832,72,75,72,75,,5000,5000,1.0,3021694564,20260901
B1_spatial,1.0,target,interior,per_class,all,micro,median_stability,0.40835180568198365,0.3905623602284347,0.4262528530094825,72,75,72,75,,5000,5000,1.0,3021694564,20260901
B1_spatial,1.0,target,interior,per_class,all,micro,q25_stability,0.3046807239556478,0.29092471888799165,0.3185530223480485,72,75,72,75,,5000,5000,1.0,3021694564,20260901
B1_spatial,1.0,target,interior,per_class,all,micro,q75_stability,0.5835693132960134,0.5568330013153068,0.6103798068436486,72,75,72,75,,5000,5000,1.0,3021694564,20260901
B1_spatial,1.0,target,interior,per_class,all,micro,mean_stability,0.4762058410587878,0.46050498745941554,0.4918519485309682,126,128,126,128,,5000,5000,1.0,3021694564,20260901
B1_spatial,1.0,target,interior,per_class,all,micro,median_stability,0.4419515619557055,0.4250861386273285,0.45871646906057506,126,128,126,128,,5000,5000,1.0,3021694564,20260901
B1_spatial,1.0,target,interior,per_class,all,micro,q25_stability,0.3182382224393742,0.30599519933398284,0.3309712327882589,126,128,126,128,,5000,5000,1.0,3021694564,20260901
B1_spatial,1.0,target,interior,per_class,all,micro,q75_stability,0.6071771552697534,0.5843483574361485,0.6295978058649682,126,128,126,128,,5000,5000,1.0,3021694564,20260901
B1_spatial,1.0,target,interior,per_class,all,micro,mean_stability,0.5034808961814543,0.4850270990454947,0.5200115877699212,77,79,77,79,,5000,5000,1.0,3021694564,20260901
B1_spatial,1.0,target,interior,per_class,all,micro,median_stability,0.47164694326264517,0.4509919356622355,0.49021239490187785,77,79,77,79,,5000,5000,1.0,3021694564,20260901
B1_spatial,1.0,target,interior,per_class,all,micro,q25_stability,0.35211857224439647,0.33621678282010053,0.3671295891763533,77,79,77,79,,5000,5000,1.0,3021694564,20260901
B1_spatial,1.0,target,interior,per_class,all,micro,q75_stability,0.6334828878087657,0.6078889842867152,0.6564978816410392,77,79,77,79,,5000,5000,1.0,3021694564,20260901
B1_spatial,1.0,target,interior,per_class,all,micro,mean_stability,0.48401732693926813,0.46601769210829547,0.5005557423487729,72,76,72,76,,5000,5000,1.0,3021694564,20260901
B1_spatial,1.0,target,interior,per_class,all,micro,median_stability,0.44242497854348684,0.4227729776163998,0.46127322992165054,72,76,72,76,,5000,5000,1.0,3021694564,20260901
B1_spatial,1.0,target,interior,per_class,all,micro,q25_stability,0.32763793314289713,0.31320635513947465,0.34161167818693755,72,76,72,76,,5000,5000,1.0,3021694564,20260901
B1_spatial,1.0,target,interior,per_class,all,micro,q75_stability,0.6155605991888378,0.5907255542613269,0.6387353216747639,72,76,72,76,,5000,5000,1.0,3021694564,20260901
B1_spatial,1.0,target,interior,per_class,all,micro,mean_stability,0.42831961262772217,0.4172130926648823,0.4394267779917556,364,445,364,445,,5000,5000,1.0,3021694564,20260901
B1_spatial,1.0,target,interior,per_class,all,micro,median_stability,0.3876371712597844,0.3761565948536407,0.39904009743580693,364,445,364,445,,5000,5000,1.0,3021694564,20260901
B1_spatial,1.0,target,interior,per_class,all,micro,q25_stability,0.2866790158582012,0.27756768506002966,0.2959923259545366,364,445,364,445,,5000,5000,1.0,3021694564,20260901
B1_spatial,1.0,target,interior,per_class,all,micro,q75_stability,0.5372565636349903,0.521688339024124,0.5524715474535024,364,445,364,445,,5000,5000,1.0,3021694564,20260901
B1_spatial,1.0,target,interior,per_class,all,micro,mean_stability,0.4625779379224898,0.43105053464652887,0.4930283597751981,53,85,53,85,,5000,5000,1.0,3021694564,20260901
B1_spatial,1.0,target,interior,per_class,all,micro,median_stability,0.42140125630880304,0.3894529012229703,0.4516239850106393,53,85,53,85,,5000,5000,1.0,3021694564,20260901
B1_spatial,1.0,target,interior,per_class,all,micro,q25_stability,0.3228698910196435,0.2976312233718298,0.3480687589958139,53,85,53,85,,5000,5000,1.0,3021694564,20260901
B1_spatial,1.0,target,interior,per_class,all,micro,q75_stability,0.5772838284314241,0.5323396083159937,0.6207421823307548,53,85,53,85,,5000,5000,1.0,3021694564,20260901
B1_spatial,1.0,target,interior,per_class,all,micro,mean_stability,0.47807068279968834,0.45182562102917945,0.5025284617527812,51,57,51,57,,5000,5000,1.0,3021694564,20260901
B1_spatial,1.0,target,interior,per_class,all,micro,median_stability,0.44245897686364605,0.4160579055935765,0.4676238203020766,51,57,51,57,,5000,5000,1.0,3021694564,20260901
B1_spatial,1.0,target,interior,per_class,all,micro,q25_stability,0.32740312266875715,0.30878666519373654,0.34485556122666333,51,57,51,57,,5000,5000,1.0,3021694564,20260901
B1_spatial,1.0,target,interior,per_class,all,micro,q75_stability,0.612232746373789,0.5755569766832624,0.6468060486586743,51,57,51,57,,5000,5000,1.0,3021694564,20260901
B1_spatial,1.0,target,interior,per_class,all,micro,mean_stability,0.45196243019680676,0.43731855888315463,0.4661367987623091,85,90,85,90,,5000,5000,1.0,3021694564,20260901
B1_spatial,1.0,target,interior,per_class,all,micro,median_stability,0.4079845864983166,0.3917925328034417,0.4234021137966666,85,90,85,90,,5000,5000,1.0,3021694564,20260901
B1_spatial,1.0,target,interior,per_class,all,micro,q25_stability,0.2945471706197542,0.2817236804405827,0.30670786330388705,85,90,85,90,,5000,5000,1.0,3021694564,20260901
B1_spatial,1.0,target,interior,per_class,all,micro,q75_stability,0.5814760732300142,0.5599905819746472,0.6022269644460446,85,90,85,90,,5000,5000,1.0,3021694564,20260901
B1_spatial,1.0,target,interior,per_class,all,micro,mean_stability,0.5360004502552282,0.5219238321502676,0.5483604405043054,84,84,84,84,,5000,5000,1.0,3021694564,20260901
B1_spatial,1.0,target,interior,per_class,all,micro,median_stability,0.5099744676124482,0.49356665758504753,0.5246389314754023,84,84,84,84,,5000,5000,1.0,3021694564,20260901
B1_spatial,1.0,target,interior,per_class,all,micro,q25_stability,0.37967671684565996,0.36659530854917,0.39220277395631586,84,84,84,84,,5000,5000,1.0,3021694564,20260901
B1_spatial,1.0,target,interior,per_class,all,micro,q75_stability,0.6770057248927298,0.6578914823276656,0.6938543962846909,84,84,84,84,,5000,5000,1.0,3021694564,20260901
B1_spatial,1.0,target,interior,per_class,all,micro,mean_stability,0.42661355210555046,0.3994984022173128,0.4525924719592855,66,74,66,74,,5000,5000,1.0,3021694564,20260901
B1_spatial,1.0,target,interior,per_class,all,micro,median_stability,0.3870740838235978,0.3601852827961296,0.41377093924363867,66,74,66,74,,5000,5000,1.0,3021694564,20260901
B1_spatial,1.0,target,interior,per_class,all,micro,q25_stability,0.283947674472901,0.26454278900690786,0.30336652269135367,66,74,66,74,,5000,5000,1.0,3021694564,20260901
B1_spatial,1.0,target,interior,per_class,all,micro,q75_stability,0.5432113843095122,0.5064356733113528,0.5777524981913649,66,74,66,74,,5000,5000,1.0,3021694564,20260901
B2_feature,1.0,background,boundary,all_positive_classes,all,micro,mean_stability,0.5131248773639019,0.5107739726723207,0.515322817278566,1424,1449,2110,2147,,5000,5000,1.0,3021694564,20260901
B2_feature,1.0,background,boundary,all_positive_classes,all,micro,median_stability,0.479696672067258,0.47676060130717535,0.4824643820087964,1424,1449,2110,2147,,5000,5000,1.0,3021694564,20260901
B2_feature,1.0,background,boundary,all_positive_classes,all,micro,q25_stability,0.3514178274649579,0.3490645103488753,0.35370153635577434,1424,1449,2110,2147,,5000,5000,1.0,3021694564,20260901
B2_feature,1.0,background,boundary,all_positive_classes,all,micro,q75_stability,0.6548157882422068,0.651480546111141,0.6579837789943246,1424,1449,2110,2147,,5000,5000,1.0,3021694564,20260901
B2_feature,1.0,background,boundary,all_positive_classes,all,macro_class,mean_stability,0.5146963182480319,0.51228972802599,0.51697616938615,1424,1449,2110,2147,20,5000,5000,1.0,3021694564,20260901
B2_feature,1.0,background,boundary,all_positive_classes,all,macro_class,median_stability,0.48127005266679007,0.4782389214298172,0.48415321619793894,1424,1449,2110,2147,20,5000,5000,1.0,3021694564,20260901
B2_feature,1.0,background,boundary,all_positive_classes,all,macro_class,q25_stability,0.3535492220269363,0.3511328571364741,0.3558897028079975,1424,1449,2110,2147,20,5000,5000,1.0,3021694564,20260901
B2_feature,1.0,background,boundary,all_positive_classes,all,macro_class,q75_stability,0.6560593982785765,0.6525298785358068,0.6594585974364472,1424,1449,2110,2147,20,5000,5000,1.0,3021694564,20260901
B2_feature,1.0,background,boundary,all_positive_classes,single_label,micro,mean_stability,0.5137424945966256,0.5102235335908656,0.5172594388621793,912,927,912,927,,5000,5000,1.0,3021694564,20260901
B2_feature,1.0,background,boundary,all_positive_classes,single_label,micro,median_stability,0.4804071763023865,0.47599486731393587,0.48476647344087953,912,927,912,927,,5000,5000,1.0,3021694564,20260901
B2_feature,1.0,background,boundary,all_positive_classes,single_label,micro,q25_stability,0.353638375655895,0.35001938826024126,0.35724824457990345,912,927,912,927,,5000,5000,1.0,3021694564,20260901
B2_feature,1.0,background,boundary,all_positive_classes,single_label,micro,q75_stability,0.6529259586608723,0.6478442278703959,0.6580635055828101,912,927,912,927,,5000,5000,1.0,3021694564,20260901
B2_feature,1.0,background,boundary,all_positive_classes,single_label,macro_class,mean_stability,0.5120862545428198,0.507080808066142,0.5167923676850419,912,927,912,927,20,5000,5000,1.0,3021694564,20260901
B2_feature,1.0,background,boundary,all_positive_classes,single_label,macro_class,median_stability,0.47903829363445,0.4733037397453396,0.48517848067100744,912,927,912,927,20,5000,5000,1.0,3021694564,20260901
B2_feature,1.0,background,boundary,all_positive_classes,single_label,macro_class,q25_stability,0.35336753111238856,0.3482153157465019,0.35844191736745146,912,927,912,927,20,5000,5000,1.0,3021694564,20260901
B2_feature,1.0,background,boundary,all_positive_classes,single_label,macro_class,q75_stability,0.6496513023053769,0.6431884275565152,0.6555334687676937,912,927,912,927,20,5000,5000,1.0,3021694564,20260901
B2_feature,1.0,background,boundary,all_positive_classes,exactly_2_labels,micro,mean_stability,0.511302826455858,0.5073253445693213,0.5150694098865668,367,375,734,750,,5000,5000,1.0,3021694564,20260901
B2_feature,1.0,background,boundary,all_positive_classes,exactly_2_labels,micro,median_stability,0.477115851342272,0.4722371175899994,0.4820042342284474,367,375,734,750,,5000,5000,1.0,3021694564,20260901
B2_feature,1.0,background,boundary,all_positive_classes,exactly_2_labels,micro,q25_stability,0.34855002945933583,0.34468401238064167,0.3523134307159656,367,375,734,750,,5000,5000,1.0,3021694564,20260901
B2_feature,1.0,background,boundary,all_positive_classes,exactly_2_labels,micro,q75_stability,0.6551583494473381,0.6494963912059287,0.6606738614187063,367,375,734,750,,5000,5000,1.0,3021694564,20260901
B2_feature,1.0,background,boundary,all_positive_classes,exactly_2_labels,macro_class,mean_stability,0.5164177461273276,0.5108987083141459,0.5214705898125174,367,375,734,750,20,5000,5000,1.0,3021694564,20260901
B2_feature,1.0,background,boundary,all_positive_classes,exactly_2_labels,macro_class,median_stability,0.48272390058782866,0.47599643772314876,0.4891309695331182,367,375,734,750,20,5000,5000,1.0,3021694564,20260901
B2_feature,1.0,background,boundary,all_positive_classes,exactly_2_labels,macro_class,q25_stability,0.3538173841464956,0.34856536204319455,0.35885331491833733,367,375,734,750,20,5000,5000,1.0,3021694564,20260901
B2_feature,1.0,background,boundary,all_positive_classes,exactly_2_labels,macro_class,q75_stability,0.6616658020993648,0.6546266480300607,0.6684994085771622,367,375,734,750,20,5000,5000,1.0,3021694564,20260901
B2_feature,1.0,background,boundary,all_positive_classes,3plus_labels,micro,mean_stability,0.5147932360929135,0.5102718002939909,0.5192627794676099,145,147,464,470,,5000,5000,1.0,3021694564,20260901
B2_feature,1.0,background,boundary,all_positive_classes,3plus_labels,micro,median_stability,0.4823827551485136,0.47674650505627836,0.4880648399589415,145,147,464,470,,5000,5000,1.0,3021694564,20260901
B2_feature,1.0,background,boundary,all_positive_classes,3plus_labels,micro,q25_stability,0.35158986148649246,0.34687114965444765,0.35619358477200785,145,147,464,470,,5000,5000,1.0,3021694564,20260901
B2_feature,1.0,background,boundary,all_positive_classes,3plus_labels,micro,q75_stability,0.6579883844784364,0.6517466300033177,0.6640785213522731,145,147,464,470,,5000,5000,1.0,3021694564,20260901
B2_feature,1.0,background,boundary,all_positive_classes,3plus_labels,macro_class,mean_stability,0.5133200854262863,0.5080792635036319,0.5243135321228836,145,147,464,470,20,5000,5000,1.0,3021694564,20260901
B2_feature,1.0,background,boundary,all_positive_classes,3plus_labels,macro_class,median_stability,0.4808905491651904,0.47314322605467224,0.4929883388738677,145,147,464,470,20,5000,5000,1.0,3021694564,20260901
B2_feature,1.0,background,boundary,all_positive_classes,3plus_labels,macro_class,q25_stability,0.350725735770382,0.34623458036204086,0.36015081545543043,145,147,464,470,20,5000,5000,1.0,3021694564,20260901
B2_feature,1.0,background,boundary,all_positive_classes,3plus_labels,macro_class,q75_stability,0.6559286732491423,0.647586597263542,0.6704797249878953,145,147,464,470,20,5000,5000,1.0,3021694564,20260901
B2_feature,1.0,background,boundary,per_class,all,micro,mean_stability,0.5203455976827747,0.5075960524441335,0.5320110788290697,88,90,88,90,,5000,5000,1.0,3021694564,20260901
B2_feature,1.0,background,boundary,per_class,all,micro,median_stability,0.49157819363542576,0.4777561659002611,0.5043754850469284,88,90,88,90,,5000,5000,1.0,3021694564,20260901
B2_feature,1.0,background,boundary,per_class,all,micro,q25_stability,0.3549593045291575,0.3421609991738852,0.3672744394430245,88,90,88,90,,5000,5000,1.0,3021694564,20260901
B2_feature,1.0,background,boundary,per_class,all,micro,q75_stability,0.666929286650636,0.6490478256468971,0.6829099550475414,88,90,88,90,,5000,5000,1.0,3021694564,20260901
B2_feature,1.0,background,boundary,per_class,all,micro,mean_stability,0.5183567046939983,0.5108932965139891,0.5258115305862905,78,79,78,79,,5000,5000,1.0,3021694564,20260901
B2_feature,1.0,background,boundary,per_class,all,micro,median_stability,0.48328406191789186,0.4723169650471249,0.4937395561068287,78,79,78,79,,5000,5000,1.0,3021694564,20260901
B2_feature,1.0,background,boundary,per_class,all,micro,q25_stability,0.356236160470125,0.34647664627461117,0.36636629170309576,78,79,78,79,,5000,5000,1.0,3021694564,20260901
B2_feature,1.0,background,boundary,per_class,all,micro,q75_stability,0.6614180352443304,0.6497181226415019,0.6726919834419519,78,79,78,79,,5000,5000,1.0,3021694564,20260901
B2_feature,1.0,background,boundary,per_class,all,micro,mean_stability,0.5455322059293947,0.5350737901647841,0.5561438439821129,103,103,103,103,,5000,5000,1.0,3021694564,20260901
B2_feature,1.0,background,boundary,per_class,all,micro,median_stability,0.5197847058761467,0.5067669422230096,0.5325775390979155,103,103,103,103,,5000,5000,1.0,3021694564,20260901
B2_feature,1.0,background,boundary,per_class,all,micro,q25_stability,0.38731988164985065,0.37589812872804773,0.3987110790841788,103,103,103,103,,5000,5000,1.0,3021694564,20260901
B2_feature,1.0,background,boundary,per_class,all,micro,q75_stability,0.6914183067754635,0.6773387385007826,0.7052245893416185,103,103,103,103,,5000,5000,1.0,3021694564,20260901
B2_feature,1.0,background,boundary,per_class,all,micro,mean_stability,0.5046392194498608,0.4906840758033503,0.5191318816447796,71,72,71,72,,5000,5000,1.0,3021694564,20260901
B2_feature,1.0,background,boundary,per_class,all,micro,median_stability,0.4693902450757967,0.4512329290939169,0.48733759384879644,71,72,71,72,,5000,5000,1.0,3021694564,20260901
B2_feature,1.0,background,boundary,per_class,all,micro,q25_stability,0.34388303667516773,0.3300280450804469,0.3580246650343317,71,72,71,72,,5000,5000,1.0,3021694564,20260901
B2_feature,1.0,background,boundary,per_class,all,micro,q75_stability,0.6401582828290026,0.6178871572096373,0.6628849575348513,71,72,71,72,,5000,5000,1.0,3021694564,20260901
B2_feature,1.0,background,boundary,per_class,all,micro,mean_stability,0.5090555460032993,0.5008109853249166,0.5174560196513569,93,96,93,96,,5000,5000,1.0,3021694564,20260901
B2_feature,1.0,background,boundary,per_class,all,micro,median_stability,0.47744678585760053,0.4666415652983833,0.4887512776811989,93,96,93,96,,5000,5000,1.0,3021694564,20260901
B2_feature,1.0,background,boundary,per_class,all,micro,q25_stability,0.348499124088595,0.33924876322772857,0.3578236104015215,93,96,93,96,,5000,5000,1.0,3021694564,20260901
B2_feature,1.0,background,boundary,per_class,all,micro,q75_stability,0.6470124305736634,0.6353582218917636,0.6590029904400251,93,96,93,96,,5000,5000,1.0,3021694564,20260901
B2_feature,1.0,background,boundary,per_class,all,micro,mean_stability,0.530620003190667,0.5211229330786586,0.540005782126147,74,74,74,74,,5000,5000,1.0,3021694564,20260901
B2_feature,1.0,background,boundary,per_class,all,micro,median_stability,0.49758900561042735,0.4849517349657175,0.510527480016085,74,74,74,74,,5000,5000,1.0,3021694564,20260901
B2_feature,1.0,background,boundary,per_class,all,micro,q25_stability,0.373803989609351,0.36405710918023376,0.3835665571301974,74,74,74,74,,5000,5000,1.0,3021694564,20260901
B2_feature,1.0,background,boundary,per_class,all,micro,q75_stability,0.6720021596631488,0.658017302812958,0.6858113486722515,74,74,74,74,,5000,5000,1.0,3021694564,20260901
B2_feature,1.0,background,boundary,per_class,all,micro,mean_stability,0.5161683506329539,0.5064167511417654,0.5253113834928216,126,127,126,127,,5000,5000,1.0,3021694564,20260901
B2_feature,1.0,background,boundary,per_class,all,micro,median_stability,0.48317400602594257,0.47121837174608594,0.4944665285580232,126,127,126,127,,5000,5000,1.0,3021694564,20260901
B2_feature,1.0,background,boundary,per_class,all,micro,q25_stability,0.3550366251359856,0.3457373082377338,0.36434575552268633,126,127,126,127,,5000,5000,1.0,3021694564,20260901
B2_feature,1.0,background,boundary,per_class,all,micro,q75_stability,0.6588150183596309,0.6443043153910887,0.6719723779694426,126,127,126,127,,5000,5000,1.0,3021694564,20260901
B2_feature,1.0,background,boundary,per_class,all,micro,mean_stability,0.50007816892987,0.49041001653372696,0.5092941483634084,113,119,113,119,,5000,5000,1.0,3021694564,20260901
B2_feature,1.0,background,boundary,per_class,all,micro,median_stability,0.4641933646877255,0.45214597831726966,0.4761483350375413,113,119,113,119,,5000,5000,1.0,3021694564,20260901
B2_feature,1.0,background,boundary,per_class,all,micro,q25_stability,0.33496053394886244,0.32525076017677185,0.34471483332968095,113,119,113,119,,5000,5000,1.0,3021694564,20260901
B2_feature,1.0,background,boundary,per_class,all,micro,q75_stability,0.6399345458608813,0.6261928753241113,0.6537254718755898,113,119,113,119,,5000,5000,1.0,3021694564,20260901
B2_feature,1.0,background,boundary,per_class,all,micro,mean_stability,0.5033173794580963,0.49511590811304096,0.5110163204069038,122,123,122,123,,5000,5000,1.0,3021694564,20260901
B2_feature,1.0,background,boundary,per_class,all,micro,median_stability,0.46821582647132093,0.4584482579333026,0.4773796016964145,122,123,122,123,,5000,5000,1.0,3021694564,20260901
B2_feature,1.0,background,boundary,per_class,all,micro,q25_stability,0.33920194975054657,0.3314354640058227,0.34685227807691166,122,123,122,123,,5000,5000,1.0,3021694564,20260901
B2_feature,1.0,background,boundary,per_class,all,micro,q75_stability,0.6425012870401633,0.6298140844833644,0.654234634582564,122,123,122,123,,5000,5000,1.0,3021694564,20260901
B2_feature,1.0,background,boundary,per_class,all,micro,mean_stability,0.5068981012240193,0.4934798995380293,0.519943129758977,71,71,71,71,,5000,5000,1.0,3021694564,20260901
B2_feature,1.0,background,boundary,per_class,all,micro,median_stability,0.47002863380270943,0.454188268290649,0.48572589108641717,71,71,71,71,,5000,5000,1.0,3021694564,20260901
B2_feature,1.0,background,boundary,per_class,all,micro,q25_stability,0.34785302424095044,0.33534369029130945,0.36038919580890466,71,71,71,71,,5000,5000,1.0,3021694564,20260901
B2_feature,1.0,background,boundary,per_class,all,micro,q75_stability,0.646424723972737,0.6276279375586712,0.6649001134034823,71,71,71,71,,5000,5000,1.0,3021694564,20260901
B2_feature,1.0,background,boundary,per_class,all,micro,mean_stability,0.5181712937000538,0.5084584864109079,0.5280992770597667,73,75,73,75,,5000,5000,1.0,3021694564,20260901
B2_feature,1.0,background,boundary,per_class,all,micro,median_stability,0.48783808068869866,0.47465503658231806,0.5017470057743292,73,75,73,75,,5000,5000,1.0,3021694564,20260901
B2_feature,1.0,background,boundary,per_class,all,micro,q25_stability,0.3583146408200264,0.34864537317969213,0.36838198753550105,73,75,73,75,,5000,5000,1.0,3021694564,20260901
B2_feature,1.0,background,boundary,per_class,all,micro,q75_stability,0.6599989764086188,0.6465119917528821,0.6731608410085027,73,75,73,75,,5000,5000,1.0,3021694564,20260901
B2_feature,1.0,background,boundary,per_class,all,micro,mean_stability,0.49651897723923744,0.48545017228981124,0.5066662781665018,124,128,124,128,,5000,5000,1.0,3021694564,20260901
B2_feature,1.0,background,boundary,per_class,all,micro,median_stability,0.459075064248135,0.44657025927707794,0.47145351283125037,124,128,124,128,,5000,5000,1.0,3021694564,20260901
B2_feature,1.0,background,boundary,per_class,all,micro,q25_stability,0.3319368768002718,0.3228142829971127,0.3409611095781837,124,128,124,128,,5000,5000,1.0,3021694564,20260901
B2_feature,1.0,background,boundary,per_class,all,micro,q75_stability,0.6406243959622037,0.6238877825205789,0.6557284093445956,124,128,124,128,,5000,5000,1.0,3021694564,20260901
B2_feature,1.0,background,boundary,per_class,all,micro,mean_stability,0.5178514630221307,0.5080460182224168,0.5274278680148405,78,79,78,79,,5000,5000,1.0,3021694564,20260901
B2_feature,1.0,background,boundary,per_class,all,micro,median_stability,0.48443866597536284,0.47157952554429633,0.4968203613076793,78,79,78,79,,5000,5000,1.0,3021694564,20260901
B2_feature,1.0,background,boundary,per_class,all,micro,q25_stability,0.35939746550642526,0.3497865697151268,0.3688993821851909,78,79,78,79,,5000,5000,1.0,3021694564,20260901
B2_feature,1.0,background,boundary,per_class,all,micro,q75_stability,0.6544314468136201,0.6392635932510506,0.6680239008998946,78,79,78,79,,5000,5000,1.0,3021694564,20260901
B2_feature,1.0,background,boundary,per_class,all,micro,mean_stability,0.5167844449907487,0.5073091417700794,0.5257361781743992,76,76,76,76,,5000,5000,1.0,3021694564,20260901
B2_feature,1.0,background,boundary,per_class,all,micro,median_stability,0.4806995450666076,0.46915549496678927,0.4919115667623517,76,76,76,76,,5000,5000,1.0,3021694564,20260901
B2_feature,1.0,background,boundary,per_class,all,micro,q25_stability,0.35819816329565485,0.3483219815773497,0.3674621910322457,76,76,76,76,,5000,5000,1.0,3021694564,20260901
B2_feature,1.0,background,boundary,per_class,all,micro,q75_stability,0.6571873985230923,0.6447171370204734,0.6695256225666717,76,76,76,76,,5000,5000,1.0,3021694564,20260901
B2_feature,1.0,background,boundary,per_class,all,micro,mean_stability,0.5089389958801509,0.5046235754236749,0.5131684138779117,439,445,439,445,,5000,5000,1.0,3021694564,20260901
B2_feature,1.0,background,boundary,per_class,all,micro,median_stability,0.47528553289066416,0.47000334691639123,0.48070976759569095,439,445,439,445,,5000,5000,1.0,3021694564,20260901
B2_feature,1.0,background,boundary,per_class,all,micro,q25_stability,0.34547867684504163,0.3409604694523239,0.34992429467972036,439,445,439,445,,5000,5000,1.0,3021694564,20260901
B2_feature,1.0,background,boundary,per_class,all,micro,q75_stability,0.6521664387748018,0.6459780086981715,0.6582301495807944,439,445,439,445,,5000,5000,1.0,3021694564,20260901
B2_feature,1.0,background,boundary,per_class,all,micro,mean_stability,0.512557172833834,0.5046254939955731,0.5207005457034496,84,85,84,85,,5000,5000,1.0,3021694564,20260901
B2_feature,1.0,background,boundary,per_class,all,micro,median_stability,0.48138961887785364,0.4712142306697719,0.4918640339392282,84,85,84,85,,5000,5000,1.0,3021694564,20260901
B2_feature,1.0,background,boundary,per_class,all,micro,q25_stability,0.35140747435036157,0.343103904622632,0.36006441905567294,84,85,84,85,,5000,5000,1.0,3021694564,20260901
B2_feature,1.0,background,boundary,per_class,all,micro,q75_stability,0.655550255218432,0.6428030151369818,0.6682992431969658,84,85,84,85,,5000,5000,1.0,3021694564,20260901
B2_feature,1.0,background,boundary,per_class,all,micro,mean_stability,0.5239870872055384,0.5120391257148079,0.534823199529547,57,57,57,57,,5000,5000,1.0,3021694564,20260901
B2_feature,1.0,background,boundary,per_class,all,micro,median_stability,0.48577835214765447,0.47065099017661916,0.5004049341406739,57,57,57,57,,5000,5000,1.0,3021694564,20260901
B2_feature,1.0,background,boundary,per_class,all,micro,q25_stability,0.3580783385979502,0.3471006675312916,0.3685750071090041,57,57,57,57,,5000,5000,1.0,3021694564,20260901
B2_feature,1.0,background,boundary,per_class,all,micro,q75_stability,0.6752422663726305,0.655097392194888,0.692773932584545,57,57,57,57,,5000,5000,1.0,3021694564,20260901
B2_feature,1.0,background,boundary,per_class,all,micro,mean_stability,0.5015013930599184,0.4926276187005301,0.5102141964585012,85,90,85,90,,5000,5000,1.0,3021694564,20260901
B2_feature,1.0,background,boundary,per_class,all,micro,median_stability,0.4622649941374274,0.45069842134532523,0.47387339011766016,85,90,85,90,,5000,5000,1.0,3021694564,20260901
B2_feature,1.0,background,boundary,per_class,all,micro,q25_stability,0.3395548190264141,0.3293919841702803,0.34956458427121534,85,90,85,90,,5000,5000,1.0,3021694564,20260901
B2_feature,1.0,background,boundary,per_class,all,micro,q75_stability,0.6406847790760153,0.6277347546116206,0.653827435404373,85,90,85,90,,5000,5000,1.0,3021694564,20260901
B2_feature,1.0,background,boundary,per_class,all,micro,mean_stability,0.5271978880754496,0.5175411484043131,0.5367141810053653,83,84,83,84,,5000,5000,1.0,3021694564,20260901
B2_feature,1.0,background,boundary,per_class,all,micro,median_stability,0.5016505815178515,0.48858114731098923,0.5149707050777286,83,84,83,84,,5000,5000,1.0,3021694564,20260901
B2_feature,1.0,background,boundary,per_class,all,micro,q25_stability,0.3689483692308506,0.35808060577468626,0.3794717046376761,83,84,83,84,,5000,5000,1.0,3021694564,20260901
B2_feature,1.0,background,boundary,per_class,all,micro,q75_stability,0.6672364742640989,0.653619441678304,0.6813194635938584,83,84,83,84,,5000,5000,1.0,3021694564,20260901
B2_feature,1.0,background,boundary,per_class,all,micro,mean_stability,0.5154063717586399,0.503703679512365,0.526971450111838,72,74,72,74,,5000,5000,1.0,3021694564,20260901
B2_feature,1.0,background,boundary,per_class,all,micro,median_stability,0.48229578882455826,0.4665613431742208,0.49721817013947933,72,74,72,74,,5000,5000,1.0,3021694564,20260901
B2_feature,1.0,background,boundary,per_class,all,micro,q25_stability,0.3579159859671361,0.3454344859591842,0.37067436533438985,72,74,72,74,,5000,5000,1.0,3021694564,20260901
B2_feature,1.0,background,boundary,per_class,all,micro,q75_stability,0.6514514571883612,0.6358406836651777,0.6668201920217297,72,74,72,74,,5000,5000,1.0,3021694564,20260901
B2_feature,1.0,background,interior,all_positive_classes,all,micro,mean_stability,0.5405195345800082,0.5387169657325879,0.5422436579360627,1430,1449,2117,2147,,5000,5000,1.0,3021694564,20260901
B2_feature,1.0,background,interior,all_positive_classes,all,micro,median_stability,0.5139068539307599,0.5117535262349444,0.515958713129767,1430,1449,2117,2147,,5000,5000,1.0,3021694564,20260901
B2_feature,1.0,background,interior,all_positive_classes,all,micro,q25_stability,0.3764449391403202,0.37458545584692304,0.3783275695581003,1430,1449,2117,2147,,5000,5000,1.0,3021694564,20260901
B2_feature,1.0,background,interior,all_positive_classes,all,micro,q75_stability,0.6904744104353335,0.6881153166627847,0.6926730338110404,1430,1449,2117,2147,,5000,5000,1.0,3021694564,20260901
B2_feature,1.0,background,interior,all_positive_classes,all,macro_class,mean_stability,0.53947184989984,0.5379136758164021,0.5410358438255565,1430,1449,2117,2147,20,5000,5000,1.0,3021694564,20260901
B2_feature,1.0,background,interior,all_positive_classes,all,macro_class,median_stability,0.5122818067673562,0.5103696328107159,0.5141701452185912,1430,1449,2117,2147,20,5000,5000,1.0,3021694564,20260901
B2_feature,1.0,background,interior,all_positive_classes,all,macro_class,q25_stability,0.37541396188005716,0.3738243552621437,0.3770801118151952,1430,1449,2117,2147,20,5000,5000,1.0,3021694564,20260901
B2_feature,1.0,background,interior,all_positive_classes,all,macro_class,q75_stability,0.6890648840960008,0.6869539545379867,0.691145981552152,1430,1449,2117,2147,20,5000,5000,1.0,3021694564,20260901
B2_feature,1.0,background,interior,all_positive_classes,single_label,micro,mean_stability,0.536062068012173,0.5338406016388596,0.5381670369686079,917,927,917,927,,5000,5000,1.0,3021694564,20260901
B2_feature,1.0,background,interior,all_positive_classes,single_label,micro,median_stability,0.5085482756762624,0.5058440223317249,0.511199423672411,917,927,917,927,,5000,5000,1.0,3021694564,20260901
B2_feature,1.0,background,interior,all_positive_classes,single_label,micro,q25_stability,0.36999256040742506,0.36769278319348947,0.372292047274406,917,927,917,927,,5000,5000,1.0,3021694564,20260901
B2_feature,1.0,background,interior,all_positive_classes,single_label,micro,q75_stability,0.6868982607399234,0.6840304113130139,0.6897135261612121,917,927,917,927,,5000,5000,1.0,3021694564,20260901
B2_feature,1.0,background,interior,all_positive_classes,single_label,macro_class,mean_stability,0.540311180836335,0.5378189202408138,0.5432303358710919,917,927,917,927,20,5000,5000,1.0,3021694564,20260901
B2_feature,1.0,background,interior,all_positive_classes,single_label,macro_class,median_stability,0.5140111560616372,0.5109147880386496,0.5178090934773806,917,927,917,927,20,5000,5000,1.0,3021694564,20260901
B2_feature,1.0,background,interior,all_positive_classes,single_label,macro_class,q25_stability,0.37592778874249,0.37256671705445815,0.3806346682052535,917,927,917,927,20,5000,5000,1.0,3021694564,20260901
B2_feature,1.0,background,interior,all_positive_classes,single_label,macro_class,q75_stability,0.6901599049468623,0.6873163708500518,0.6929368975011226,917,927,917,927,20,5000,5000,1.0,3021694564,20260901
B2_feature,1.0,background,interior,all_positive_classes,exactly_2_labels,micro,mean_stability,0.5438449071388406,0.5403344542223456,0.5471345425744681,368,375,736,750,,5000,5000,1.0,3021694564,20260901
B2_feature,1.0,background,interior,all_positive_classes,exactly_2_labels,micro,median_stability,0.5179779231953232,0.5139595592988284,0.5219530009212668,368,375,736,750,,5000,5000,1.0,3021694564,20260901
B2_feature,1.0,background,interior,all_positive_classes,exactly_2_labels,micro,q25_stability,0.3814748552141954,0.3781027617734695,0.38477586040005857,368,375,736,750,,5000,5000,1.0,3021694564,20260901
B2_feature,1.0,background,interior,all_positive_classes,exactly_2_labels,micro,q75_stability,0.6930750980872012,0.6883556596848035,0.6974442436217525,368,375,736,750,,5000,5000,1.0,3021694564,20260901
B2_feature,1.0,background,interior,all_positive_classes,exactly_2_labels,macro_class,mean_stability,0.5431208365802165,0.5388946436276495,0.5470565190283969,368,375,736,750,20,5000,5000,1.0,3021694564,20260901
B2_feature,1.0,background,interior,all_positive_classes,exactly_2_labels,macro_class,median_stability,0.5160441653432197,0.5108529930253858,0.5210434316990853,368,375,736,750,20,5000,5000,1.0,3021694564,20260901
B2_feature,1.0,background,interior,all_positive_classes,exactly_2_labels,macro_class,q25_stability,0.38075591298814876,0.3764793408608424,0.3847925333178222,368,375,736,750,20,5000,5000,1.0,3021694564,20260901
B2_feature,1.0,background,interior,all_positive_classes,exactly_2_labels,macro_class,q75_stability,0.6921364653091099,0.6867390607646331,0.6971841318059224,368,375,736,750,20,5000,5000,1.0,3021694564,20260901
B2_feature,1.0,background,interior,all_positive_classes,3plus_labels,micro,mean_stability,0.5440540661304467,0.5398265412127466,0.5480271495248769,145,147,464,470,,5000,5000,1.0,3021694564,20260901
B2_feature,1.0,background,interior,all_positive_classes,3plus_labels,micro,median_stability,0.5180394170356208,0.5128879999477995,0.5228897407263572,145,147,464,470,,5000,5000,1.0,3021694564,20260901
B2_feature,1.0,background,interior,all_positive_classes,3plus_labels,micro,q25_stability,0.3812182431655197,0.37629237833658796,0.38583217780705287,145,147,464,470,,5000,5000,1.0,3021694564,20260901
B2_feature,1.0,background,interior,all_positive_classes,3plus_labels,micro,q75_stability,0.6934167017261016,0.6885222403407262,0.6982571840448811,145,147,464,470,,5000,5000,1.0,3021694564,20260901
B2_feature,1.0,background,interior,all_positive_classes,3plus_labels,macro_class,mean_stability,0.5418988910844889,0.5354936226019381,0.5471753851988014,145,147,464,470,20,5000,5000,1.0,3021694564,20260901
B2_feature,1.0,background,interior,all_positive_classes,3plus_labels,macro_class,median_stability,0.5159283625444167,0.5071841887118599,0.5228129420980966,145,147,464,470,20,5000,5000,1.0,3021694564,20260901
B2_feature,1.0,background,interior,all_positive_classes,3plus_labels,macro_class,q25_stability,0.3771462110582243,0.37024143305990564,0.3842179419689589,145,147,464,470,20,5000,5000,1.0,3021694564,20260901
B2_feature,1.0,background,interior,all_positive_classes,3plus_labels,macro_class,q75_stability,0.6922733338802836,0.6833441895976712,0.6982514212942175,145,147,464,470,20,5000,5000,1.0,3021694564,20260901
B2_feature,1.0,background,interior,per_class,all,micro,mean_stability,0.5402080297732594,0.5364049727499014,0.5439857658339724,90,90,90,90,,5000,5000,1.0,3021694564,20260901
B2_feature,1.0,background,interior,per_class,all,micro,median_stability,0.5172060805890295,0.512392312126855,0.5220106829123364,90,90,90,90,,5000,5000,1.0,3021694564,20260901
B2_feature,1.0,background,interior,per_class,all,micro,q25_stability,0.3653242185711861,0.36006959124571747,0.37059892376056974,90,90,90,90,,5000,5000,1.0,3021694564,20260901
B2_feature,1.0,background,interior,per_class,all,micro,q75_stability,0.7016034151117007,0.6961054834143983,0.7069526273550258,90,90,90,90,,5000,5000,1.0,3021694564,20260901
B2_feature,1.0,background,interior,per_class,all,micro,mean_stability,0.5396961824239885,0.5344824178744217,0.5443789871224433,79,79,79,79,,5000,5000,1.0,3021694564,20260901
B2_feature,1.0,background,interior,per_class,all,micro,median_stability,0.5105168855265726,0.5046119338538073,0.5159709747456298,79,79,79,79,,5000,5000,1.0,3021694564,20260901
B2_feature,1.0,background,interior,per_class,all,micro,q25_stability,0.3774657824748679,0.3721811960180161,0.38262362314883286,79,79,79,79,,5000,5000,1.0,3021694564,20260901
B2_feature,1.0,background,interior,per_class,all,micro,q75_stability,0.6862277345189566,0.6784534848990698,0.69314977046621,79,79,79,79,,5000,5000,1.0,3021694564,20260901
B2_feature,1.0,background,interior,per_class,all,micro,mean_stability,0.5182770433196903,0.5123870394096927,0.523848659715734,103,103,103,103,,5000,5000,1.0,3021694564,20260901
B2_feature,1.0,background,interior,per_class,all,micro,median_stability,0.48356370135997107,0.4760838553526448,0.49075980894267557,103,103,103,103,,5000,5000,1.0,3021694564,20260901
B2_feature,1.0,background,interior,per_class,all,micro,q25_stability,0.3462730480484592,0.33952679497922217,0.3528169511519011,103,103,103,103,,5000,5000,1.0,3021694564,20260901
B2_feature,1.0,background,interior,per_class,all,micro,q75_stability,0.6718708414186552,0.6646006084942412,0.6783992429236765,103,103,103,103,,5000,5000,1.0,3021694564,20260901
B2_feature,1.0,background,interior,per_class,all,micro,mean_stability,0.5430328888824163,0.5379043495647376,0.5477410263872048,72,72,72,72,,5000,5000,1.0,3021694564,20260901
B2_feature,1.0,background,interior,per_class,all,micro,median_stability,0.5161157883703709,0.5092198394031988,0.5222537709503537,72,72,72,72,,5000,5000,1.0,3021694564,20260901
B2_feature,1.0,background,interior,per_class,all,micro,q25_stability,0.37888147397380734,0.37187300859950484,0.3849315493988494,72,72,72,72,,5000,5000,1.0,3021694564,20260901
B2_feature,1.0,background,interior,per_class,all,micro,q75_stability,0.6941899170892106,0.6884586479049176,0.7000302842404279,72,72,72,72,,5000,5000,1.0,3021694564,20260901
B2_feature,1.0,background,interior,per_class,all,micro,mean_stability,0.5378733777769594,0.5310618554266796,0.5441394313031632,93,96,93,96,,5000,5000,1.0,3021694564,20260901
B2_feature,1.0,background,interior,per_class,all,micro,median_stability,0.5083152797593865,0.4997911683444854,0.5162641816656105,93,96,93,96,,5000,5000,1.0,3021694564,20260901
B2_feature,1.0,background,interior,per_class,all,micro,q25_stability,0.3720336598093792,0.36475547999106445,0.37888588977987975,93,96,93,96,,5000,5000,1.0,3021694564,20260901
B2_feature,1.0,background,interior,per_class,all,micro,q75_stability,0.6876749814518036,0.6786350594992016,0.695784051128124,93,96,93,96,,5000,5000,1.0,3021694564,20260901
B2_feature,1.0,background,interior,per_class,all,micro,mean_stability,0.5402043687076707,0.5304727345994935,0.5488130714074984,73,74,73,74,,5000,5000,1.0,3021694564,20260901
B2_feature,1.0,background,interior,per_class,all,micro,median_stability,0.5122734530739588,0.5012270987411062,0.5226501350756557,73,74,73,74,,5000,5000,1.0,3021694564,20260901
B2_feature,1.0,background,interior,per_class,all,micro,q25_stability,0.37910242276648953,0.37033327613032996,0.3877670695725864,73,74,73,74,,5000,5000,1.0,3021694564,20260901
B2_feature,1.0,background,interior,per_class,all,micro,q75_stability,0.6888622382324036,0.674968296190858,0.7003746731877768,73,74,73,74,,5000,5000,1.0,3021694564,20260901
B2_feature,1.0,background,interior,per_class,all,micro,mean_stability,0.5335373933718823,0.5261145209266496,0.5404318271710977,127,127,127,127,,5000,5000,1.0,3021694564,20260901
B2_feature,1.0,background,interior,per_class,all,micro,median_stability,0.5052063185868301,0.49622219280288443,0.5136452248158652,127,127,127,127,,5000,5000,1.0,3021694564,20260901
B2_feature,1.0,background,interior,per_class,all,micro,q25_stability,0.36934917566813824,0.3621967406078117,0.376421323009422,127,127,127,127,,5000,5000,1.0,3021694564,20260901
B2_feature,1.0,background,interior,per_class,all,micro,q75_stability,0.6820311264142277,0.6717388845628172,0.6913405929552758,127,127,127,127,,5000,5000,1.0,3021694564,20260901
B2_feature,1.0,background,interior,per_class,all,micro,mean_stability,0.5315901865723853,0.5239527673959261,0.539189706159383,113,119,113,119,,5000,5000,1.0,3021694564,20260901
B2_feature,1.0,background,interior,per_class,all,micro,median_stability,0.5035389230578347,0.49349981876068083,0.5138422404662756,113,119,113,119,,5000,5000,1.0,3021694564,20260901
B2_feature,1.0,background,interior,per_class,all,micro,q25_stability,0.3674105494159513,0.36002935405875264,0.375167225076228,113,119,113,119,,5000,5000,1.0,3021694564,20260901
B2_feature,1.0,background,interior,per_class,all,micro,q75_stability,0.6777158713182517,0.6680759655611057,0.6866521601414083,113,119,113,119,,5000,5000,1.0,3021694564,20260901
B2_feature,1.0,background,interior,per_class,all,micro,mean_stability,0.5423834155381184,0.5371752026086318,0.5473067680306418,122,123,122,123,,5000,5000,1.0,3021694564,20260901
B2_feature,1.0,background,interior,per_class,all,micro,median_stability,0.5135886533582796,0.5068917890919036,0.5198793597685218,122,123,122,123,,5000,5000,1.0,3021694564,20260901
B2_feature,1.0,background,interior,per_class,all,micro,q25_stability,0.37792886537118037,0.3716336240250293,0.38385549360183907,122,123,122,123,,5000,5000,1.0,3021694564,20260901
B2_feature,1.0,background,interior,per_class,all,micro,q75_stability,0.6933985739091381,0.6863580803946594,0.7002490104373094,122,123,122,123,,5000,5000,1.0,3021694564,20260901
B2_feature,1.0,background,interior,per_class,all,micro,mean_stability,0.5535550357576707,0.5467605807520777,0.5602118209534562,71,71,71,71,,5000,5000,1.0,3021694564,20260901
B2_feature,1.0,background,interior,per_class,all,micro,median_stability,0.5289663936890346,0.5205168295022048,0.5371833936009609,71,71,71,71,,5000,5000,1.0,3021694564,20260901
B2_feature,1.0,background,interior,per_class,all,micro,q25_stability,0.3910025185052778,0.383154876433103,0.39882685160920234,71,71,71,71,,5000,5000,1.0,3021694564,20260901
B2_feature,1.0,background,interior,per_class,all,micro,q75_stability,0.7015840757480809,0.6915859236736113,0.7106573438350584,71,71,71,71,,5000,5000,1.0,3021694564,20260901
B2_feature,1.0,background,interior,per_class,all,micro,mean_stability,0.542831247267962,0.5346310051623852,0.5506874121658708,73,75,73,75,,5000,5000,1.0,3021694564,20260901
B2_feature,1.0,background,interior,per_class,all,micro,median_stability,0.5175800062205693,0.507288839126513,0.5273542546923846,73,75,73,75,,5000,5000,1.0,3021694564,20260901
B2_feature,1.0,background,interior,per_class,all,micro,q25_stability,0.38431544316141575,0.37499009618981816,0.393872442449857,73,75,73,75,,5000,5000,1.0,3021694564,20260901
B2_feature,1.0,background,interior,per_class,all,micro,q75_stability,0.6865861257665777,0.6765261095133317,0.6965613567928473,73,75,73,75,,5000,5000,1.0,3021694564,20260901
B2_feature,1.0,background,interior,per_class,all,micro,mean_stability,0.5419959512180383,0.5306387468321827,0.5524320448717276,124,128,124,128,,5000,5000,1.0,3021694564,20260901
B2_feature,1.0,background,interior,per_class,all,micro,median_stability,0.5172266663322526,0.504549417245853,0.5295041355517649,124,128,124,128,,5000,5000,1.0,3021694564,20260901
B2_feature,1.0,background,interior,per_class,all,micro,q25_stability,0.38055178294739417,0.36998175608925155,0.3912313026392997,124,128,124,128,,5000,5000,1.0,3021694564,20260901
B2_feature,1.0,background,interior,per_class,all,micro,q75_stability,0.6926078720679206,0.678035398763028,0.7053574592823848,124,128,124,128,,5000,5000,1.0,3021694564,20260901
B2_feature,1.0,background,interior,per_class,all,micro,mean_stability,0.5436108951003663,0.5370395772009666,0.5499474111741712,79,79,79,79,,5000,5000,1.0,3021694564,20260901
B2_feature,1.0,background,interior,per_class,all,micro,median_stability,0.5159389378526543,0.5077135721150833,0.5242661523196516,79,79,79,79,,5000,5000,1.0,3021694564,20260901
B2_feature,1.0,background,interior,per_class,all,micro,q25_stability,0.3822170495043827,0.3756213715465008,0.3890733455602504,79,79,79,79,,5000,5000,1.0,3021694564,20260901
B2_feature,1.0,background,interior,per_class,all,micro,q75_stability,0.6907495680866362,0.6817301269762124,0.6994468772477364,79,79,79,79,,5000,5000,1.0,3021694564,20260901
B2_feature,1.0,background,interior,per_class,all,micro,mean_stability,0.5593285927711495,0.5527549837511866,0.5661471475026286,76,76,76,76,,5000,5000,1.0,3021694564,20260901
B2_feature,1.0,background,interior,per_class,all,micro,median_stability,0.5392157178568212,0.5307903581642006,0.5480430782478498,76,76,76,76,,5000,5000,1.0,3021694564,20260901
B2_feature,1.0,background,interior,per_class,all,micro,q25_stability,0.3960140108277923,0.38869018384598586,0.4036160532924298,76,76,76,76,,5000,5000,1.0,3021694564,20260901
B2_feature,1.0,background,interior,per_class,all,micro,q75_stability,0.7119165553074134,0.7033971123593418,0.72053402837758,76,76,76,76,,5000,5000,1.0,3021694564,20260901
B2_feature,1.0,background,interior,per_class,all,micro,mean_stability,0.5489194339514976,0.5452719704064198,0.5526317472694461,440,445,440,445,,5000,5000,1.0,3021694564,20260901
B2_feature,1.0,background,interior,per_class,all,micro,median_stability,0.5258860301903703,0.5214057730000266,0.5304296934271228,440,445,440,445,,5000,5000,1.0,3021694564,20260901
B2_feature,1.0,background,interior,per_class,all,micro,q25_stability,0.3856935160573233,0.3820177880920333,0.38956293267834075,440,445,440,445,,5000,5000,1.0,3021694564,20260901
B2_feature,1.0,background,interior,per_class,all,micro,q75_stability,0.6999996566636996,0.694882382764156,0.7050680102516158,440,445,440,445,,5000,5000,1.0,3021694564,20260901
B2_feature,1.0,background,interior,per_class,all,micro,mean_stability,0.528657961000129,0.5225707696633023,0.534164726406685,85,85,85,85,,5000,5000,1.0,3021694564,20260901
B2_feature,1.0,background,interior,per_class,all,micro,median_stability,0.49828711713061613,0.49141367903088823,0.5047402759729063,85,85,85,85,,5000,5000,1.0,3021694564,20260901
B2_feature,1.0,background,interior,per_class,all,micro,q25_stability,0.36454035508282046,0.35763011541217565,0.37082647008273534,85,85,85,85,,5000,5000,1.0,3021694564,20260901
B2_feature,1.0,background,interior,per_class,all,micro,q75_stability,0.6777133370147032,0.6701927258731688,0.6844241175669081,85,85,85,85,,5000,5000,1.0,3021694564,20260901
B2_feature,1.0,background,interior,per_class,all,micro,mean_stability,0.5430768130969873,0.5390006455140559,0.5471070642667967,57,57,57,57,,5000,5000,1.0,3021694564,20260901
B2_feature,1.0,background,interior,per_class,all,micro,median_stability,0.5157754546717593,0.5107930638941757,0.5208586319888893,57,57,57,57,,5000,5000,1.0,3021694564,20260901
B2_feature,1.0,background,interior,per_class,all,micro,q25_stability,0.38083390251063465,0.3765411504201199,0.3851177690452651,57,57,57,57,,5000,5000,1.0,3021694564,20260901
B2_feature,1.0,background,interior,per_class,all,micro,q75_stability,0.6900486276860822,0.6831389227718638,0.6968395373734989,57,57,57,57,,5000,5000,1.0,3021694564,20260901
B2_feature,1.0,background,interior,per_class,all,micro,mean_stability,0.5523881079458821,0.5461851253302277,0.5583648340868282,84,90,84,90,,5000,5000,1.0,3021694564,20260901
B2_feature,1.0,background,interior,per_class,all,micro,median_stability,0.5273929908871651,0.5200112782678631,0.5346794392238494,84,90,84,90,,5000,5000,1.0,3021694564,20260901
B2_feature,1.0,background,interior,per_class,all,micro,q25_stability,0.3913489088770889,0.3846482647315197,0.3980016860587432,84,90,84,90,,5000,5000,1.0,3021694564,20260901
B2_feature,1.0,background,interior,per_class,all,micro,q75_stability,0.7003435976803303,0.692432732204166,0.7079205429580595,84,90,84,90,,5000,5000,1.0,3021694564,20260901
B2_feature,1.0,background,interior,per_class,all,micro,mean_stability,0.5156377659253958,0.5069541203501434,0.523260099928697,83,84,83,84,,5000,5000,1.0,3021694564,20260901
B2_feature,1.0,background,interior,per_class,all,micro,median_stability,0.4845682133034051,0.4747841832627143,0.4936619880343122,83,84,83,84,,5000,5000,1.0,3021694564,20260901
B2_feature,1.0,background,interior,per_class,all,micro,q25_stability,0.35014899407165595,0.3429809691584004,0.3573224157880252,83,84,83,84,,5000,5000,1.0,3021694564,20260901
B2_feature,1.0,background,interior,per_class,all,micro,q75_stability,0.6629174922604159,0.6512401193646448,0.6731187690565287,83,84,83,84,,5000,5000,1.0,3021694564,20260901
B2_feature,1.0,background,interior,per_class,all,micro,mean_stability,0.5326323075953515,0.5207145474127702,0.5413750593854513,73,74,73,74,,5000,5000,1.0,3021694564,20260901
B2_feature,1.0,background,interior,per_class,all,micro,median_stability,0.5044735235302416,0.49262014962690265,0.5145849732631768,73,74,73,74,,5000,5000,1.0,3021694564,20260901
B2_feature,1.0,background,interior,per_class,all,micro,q25_stability,0.3678435599558974,0.35947187583081863,0.3752048424509226,73,74,73,74,,5000,5000,1.0,3021694564,20260901
B2_feature,1.0,background,interior,per_class,all,micro,q75_stability,0.6832560741738097,0.6669939394710696,0.6953400551165279,73,74,73,74,,5000,5000,1.0,3021694564,20260901
B2_feature,1.0,other_fg,boundary,all_positive_classes,all,micro,mean_stability,0.496393637383479,0.4918066537114949,0.5009662950360951,520,1449,1157,2147,,5000,5000,1.0,3021694564,20260901
B2_feature,1.0,other_fg,boundary,all_positive_classes,all,micro,median_stability,0.46317968821489514,0.45794714038741,0.46855392678441893,520,1449,1157,2147,,5000,5000,1.0,3021694564,20260901
B2_feature,1.0,other_fg,boundary,all_positive_classes,all,micro,q25_stability,0.34054177728390633,0.33615588230880944,0.34501746937909256,520,1449,1157,2147,,5000,5000,1.0,3021694564,20260901
B2_feature,1.0,other_fg,boundary,all_positive_classes,all,micro,q75_stability,0.6289681544754406,0.6225095431925288,0.6353522661310705,520,1449,1157,2147,,5000,5000,1.0,3021694564,20260901
B2_feature,1.0,other_fg,boundary,all_positive_classes,all,macro_class,mean_stability,0.47824245144247424,0.46781203823243395,0.4876527963797978,520,1449,1157,2147,20,5000,5000,1.0,3021694564,20260901
B2_feature,1.0,other_fg,boundary,all_positive_classes,all,macro_class,median_stability,0.4437427599451829,0.43327471903607295,0.45367134063485065,520,1449,1157,2147,20,5000,5000,1.0,3021694564,20260901
B2_feature,1.0,other_fg,boundary,all_positive_classes,all,macro_class,q25_stability,0.32655371846845677,0.31874124408356946,0.3342819773502919,520,1449,1157,2147,20,5000,5000,1.0,3021694564,20260901
B2_feature,1.0,other_fg,boundary,all_positive_classes,all,macro_class,q75_stability,0.605926229487578,0.5916131237950311,0.6190601439795663,520,1449,1157,2147,20,5000,5000,1.0,3021694564,20260901
B2_feature,1.0,other_fg,boundary,all_positive_classes,exactly_2_labels,micro,mean_stability,0.4926426672957874,0.4862725144100725,0.4988463105609177,373,375,694,750,,5000,5000,1.0,3021694564,20260901
B2_feature,1.0,other_fg,boundary,all_positive_classes,exactly_2_labels,micro,median_stability,0.4593519363498653,0.45228169170242566,0.4664627206102401,373,375,694,750,,5000,5000,1.0,3021694564,20260901
B2_feature,1.0,other_fg,boundary,all_positive_classes,exactly_2_labels,micro,q25_stability,0.3396611902111288,0.3336321294196833,0.3459531509120091,373,375,694,750,,5000,5000,1.0,3021694564,20260901
B2_feature,1.0,other_fg,boundary,all_positive_classes,exactly_2_labels,micro,q75_stability,0.6232921124384967,0.6145523986913208,0.6319053191665527,373,375,694,750,,5000,5000,1.0,3021694564,20260901
B2_feature,1.0,other_fg,boundary,all_positive_classes,exactly_2_labels,macro_class,mean_stability,0.47514260591279944,0.4616323612250265,0.48728039519904437,373,375,694,750,20,5000,5000,1.0,3021694564,20260901
B2_feature,1.0,other_fg,boundary,all_positive_classes,exactly_2_labels,macro_class,median_stability,0.43953033006679626,0.42677248681195623,0.4525779872103766,373,375,694,750,20,5000,5000,1.0,3021694564,20260901
B2_feature,1.0,other_fg,boundary,all_positive_classes,exactly_2_labels,macro_class,q25_stability,0.32645803540111046,0.3169160863712664,0.33624348371806556,373,375,694,750,20,5000,5000,1.0,3021694564,20260901
B2_feature,1.0,other_fg,boundary,all_positive_classes,exactly_2_labels,macro_class,q75_stability,0.6012697971284776,0.5814659861869155,0.6187831505768189,373,375,694,750,20,5000,5000,1.0,3021694564,20260901
B2_feature,1.0,other_fg,boundary,all_positive_classes,3plus_labels,micro,mean_stability,0.5020160417913793,0.49559045313112077,0.5083481878185311,147,147,463,470,,5000,5000,1.0,3021694564,20260901
B2_feature,1.0,other_fg,boundary,all_positive_classes,3plus_labels,micro,median_stability,0.46891718237111685,0.4615593897883279,0.4763374779293908,147,147,463,470,,5000,5000,1.0,3021694564,20260901
B2_feature,1.0,other_fg,boundary,all_positive_classes,3plus_labels,micro,q25_stability,0.34186170693511064,0.3360828879421254,0.3477347241010275,147,147,463,470,,5000,5000,1.0,3021694564,20260901
B2_feature,1.0,other_fg,boundary,all_positive_classes,3plus_labels,micro,q75_stability,0.6374760878958274,0.6279325521037031,0.6466446408118589,147,147,463,470,,5000,5000,1.0,3021694564,20260901
B2_feature,1.0,other_fg,boundary,all_positive_classes,3plus_labels,macro_class,mean_stability,0.47487714859687047,0.46752535425193786,0.4997148787167451,147,147,463,470,20,5000,5000,1.0,3021694564,20260901
B2_feature,1.0,other_fg,boundary,all_positive_classes,3plus_labels,macro_class,median_stability,0.4435968342245945,0.4345768245880976,0.46717697307397665,147,147,463,470,20,5000,5000,1.0,3021694564,20260901
B2_feature,1.0,other_fg,boundary,all_positive_classes,3plus_labels,macro_class,q25_stability,0.3215447978861947,0.31323834630098174,0.33883548455173423,147,147,463,470,20,5000,5000,1.0,3021694564,20260901
B2_feature,1.0,other_fg,boundary,all_positive_classes,3plus_labels,macro_class,q75_stability,0.6034575467513721,0.5911632284350941,0.6379832700228014,147,147,463,470,20,5000,5000,1.0,3021694564,20260901
B2_feature,1.0,other_fg,boundary,per_class,all,micro,mean_stability,0.3578459860382089,0.2849959102739611,0.43372021786643883,13,90,13,90,,5000,5000,1.0,3021694564,20260901
B2_feature,1.0,other_fg,boundary,per_class,all,micro,median_stability,0.3325425283266948,0.2576011912804097,0.4156806999403567,13,90,13,90,,5000,5000,1.0,3021694564,20260901
B2_feature,1.0,other_fg,boundary,per_class,all,micro,q25_stability,0.24185291649057314,0.18774888351234414,0.30314777365420004,13,90,13,90,,5000,5000,1.0,3021694564,20260901
B2_feature,1.0,other_fg,boundary,per_class,all,micro,q75_stability,0.43843258573458743,0.33417063173837963,0.5402533743146694,13,90,13,90,,5000,5000,1.0,3021694564,20260901
B2_feature,1.0,other_fg,boundary,per_class,all,micro,mean_stability,0.47830110366879103,0.45669234760224703,0.49833609863080375,48,79,48,79,,5000,5000,1.0,3021694564,20260901
B2_feature,1.0,other_fg,boundary,per_class,all,micro,median_stability,0.4385153117279212,0.4140009035183625,0.462084058654793,48,79,48,79,,5000,5000,1.0,3021694564,20260901
B2_feature,1.0,other_fg,boundary,per_class,all,micro,q25_stability,0.3223897599770377,0.30374989289774024,0.3415578146708536,48,79,48,79,,5000,5000,1.0,3021694564,20260901
B2_feature,1.0,other_fg,boundary,per_class,all,micro,q75_stability,0.6103844448613623,0.5752786764551543,0.6430548876180164,48,79,48,79,,5000,5000,1.0,3021694564,20260901
B2_feature,1.0,other_fg,boundary,per_class,all,micro,mean_stability,0.4807747345050545,0.39255702516900876,0.5373270930179423,9,103,9,103,,5000,5000,1.0,3021694564,20260901
B2_feature,1.0,other_fg,boundary,per_class,all,micro,median_stability,0.4407969117164612,0.3604384266926597,0.5036096737054842,9,103,9,103,,5000,5000,1.0,3021694564,20260901
B2_feature,1.0,other_fg,boundary,per_class,all,micro,q25_stability,0.32105473263396156,0.28045864042692953,0.3514207988578294,9,103,9,103,,5000,5000,1.0,3021694564,20260901
B2_feature,1.0,other_fg,boundary,per_class,all,micro,q75_stability,0.6396129147873985,0.4977319848413269,0.7509701883589679,9,103,9,103,,5000,5000,1.0,3021694564,20260901
B2_feature,1.0,other_fg,boundary,per_class,all,micro,mean_stability,0.4416093683553217,0.3804919122470036,0.5000816432861626,17,72,17,72,,5000,5000,1.0,3021694564,20260901
B2_feature,1.0,other_fg,boundary,per_class,all,micro,median_stability,0.4021318221793455,0.33564818434046406,0.4688606757952385,17,72,17,72,,5000,5000,1.0,3021694564,20260901
B2_feature,1.0,other_fg,boundary,per_class,all,micro,q25_stability,0.30398261481348204,0.241606978015428,0.37330031984485684,17,72,17,72,,5000,5000,1.0,3021694564,20260901
B2_feature,1.0,other_fg,boundary,per_class,all,micro,q75_stability,0.5496683445046929,0.47329624092136635,0.6198591108349236,17,72,17,72,,5000,5000,1.0,3021694564,20260901
B2_feature,1.0,other_fg,boundary,per_class,all,micro,mean_stability,0.5164855396308669,0.5066915026358072,0.5264630152439537,60,96,60,96,,5000,5000,1.0,3021694564,20260901
B2_feature,1.0,other_fg,boundary,per_class,all,micro,median_stability,0.48598914469281834,0.4740080606120093,0.4974960441993347,60,96,60,96,,5000,5000,1.0,3021694564,20260901
B2_feature,1.0,other_fg,boundary,per_class,all,micro,q25_stability,0.35446402058005333,0.3438935170367372,0.3651783054825398,60,96,60,96,,5000,5000,1.0,3021694564,20260901
B2_feature,1.0,other_fg,boundary,per_class,all,micro,q75_stability,0.6592754839609066,0.6440125149219271,0.6743171377386468,60,96,60,96,,5000,5000,1.0,3021694564,20260901
B2_feature,1.0,other_fg,boundary,per_class,all,micro,mean_stability,0.4632295499819473,0.4251334941096063,0.5007099296953468,34,74,34,74,,5000,5000,1.0,3021694564,20260901
B2_feature,1.0,other_fg,boundary,per_class,all,micro,median_stability,0.4322374215459122,0.3916585966479033,0.47479619098771547,34,74,34,74,,5000,5000,1.0,3021694564,20260901
B2_feature,1.0,other_fg,boundary,per_class,all,micro,q25_stability,0.32515305368339315,0.2929130101617193,0.3590123945291846,34,74,34,74,,5000,5000,1.0,3021694564,20260901
B2_feature,1.0,other_fg,boundary,per_class,all,micro,q75_stability,0.5754073501071509,0.5236725606252212,0.6251768741952745,34,74,34,74,,5000,5000,1.0,3021694564,20260901
B2_feature,1.0,other_fg,boundary,per_class,all,micro,mean_stability,0.48997533581758784,0.4730953593988931,0.5059959098904937,79,127,79,127,,5000,5000,1.0,3021694564,20260901
B2_feature,1.0,other_fg,boundary,per_class,all,micro,median_stability,0.45534217310479924,0.43563565967347856,0.47399346231204736,79,127,79,127,,5000,5000,1.0,3021694564,20260901
B2_feature,1.0,other_fg,boundary,per_class,all,micro,q25_stability,0.33500514655739444,0.3174909643470645,0.3529088981347987,79,127,79,127,,5000,5000,1.0,3021694564,20260901
B2_feature,1.0,other_fg,boundary,per_class,all,micro,q75_stability,0.6196085411725165,0.5964220495092344,0.6407165164329388,79,127,79,127,,5000,5000,1.0,3021694564,20260901
B2_feature,1.0,other_fg,boundary,per_class,all,micro,mean_stability,0.5099922049097991,0.4906517233071207,0.527716333588178,30,119,30,119,,5000,5000,1.0,3021694564,20260901
B2_feature,1.0,other_fg,boundary,per_class,all,micro,median_stability,0.48197526335716245,0.4572883349781235,0.5059245526523574,30,119,30,119,,5000,5000,1.0,3021694564,20260901
B2_feature,1.0,other_fg,boundary,per_class,all,micro,q25_stability,0.3483153951664766,0.32705521464869836,0.3708871436002263,30,119,30,119,,5000,5000,1.0,3021694564,20260901
B2_feature,1.0,other_fg,boundary,per_class,all,micro,q75_stability,0.6468563968936603,0.6182065079047548,0.6717663501434284,30,119,30,119,,5000,5000,1.0,3021694564,20260901
B2_feature,1.0,other_fg,boundary,per_class,all,micro,mean_stability,0.5121032093691983,0.5026540876751843,0.5218886323094147,107,123,107,123,,5000,5000,1.0,3021694564,20260901
B2_feature,1.0,other_fg,boundary,per_class,all,micro,median_stability,0.4755600305082642,0.462997400428206,0.4884172841876084,107,123,107,123,,5000,5000,1.0,3021694564,20260901
B2_feature,1.0,other_fg,boundary,per_class,all,micro,q25_stability,0.35333419392738386,0.3432616871062863,0.363913590123256,107,123,107,123,,5000,5000,1.0,3021694564,20260901
B2_feature,1.0,other_fg,boundary,per_class,all,micro,q75_stability,0.651865330115657,0.6385187112815822,0.6649957626877391,107,123,107,123,,5000,5000,1.0,3021694564,20260901
B2_feature,1.0,other_fg,boundary,per_class,all,micro,mean_stability,0.48087192995964406,0.43974350358092534,0.5156048834011447,14,71,14,71,,5000,5000,1.0,3021694564,20260901
B2_feature,1.0,other_fg,boundary,per_class,all,micro,median_stability,0.4409902697162969,0.38464581637111095,0.4920608755544219,14,71,14,71,,5000,5000,1.0,3021694564,20260901
B2_feature,1.0,other_fg,boundary,per_class,all,micro,q25_stability,0.31427834848208086,0.27010602337967915,0.35326099976586794,14,71,14,71,,5000,5000,1.0,3021694564,20260901
B2_feature,1.0,other_fg,boundary,per_class,all,micro,q75_stability,0.6124278780605111,0.5499365342864102,0.664986427394407,14,71,14,71,,5000,5000,1.0,3021694564,20260901
B2_feature,1.0,other_fg,boundary,per_class,all,micro,mean_stability,0.5074145968594255,0.4970036449886802,0.5170217460091048,70,75,70,75,,5000,5000,1.0,3021694564,20260901
B2_feature,1.0,other_fg,boundary,per_class,all,micro,median_stability,0.4700580075383186,0.4557654174254604,0.48280521945191607,70,75,70,75,,5000,5000,1.0,3021694564,20260901
B2_feature,1.0,other_fg,boundary,per_class,all,micro,q25_stability,0.3411228843565498,0.3302728937696712,0.35139745077083573,70,75,70,75,,5000,5000,1.0,3021694564,20260901
B2_feature,1.0,other_fg,boundary,per_class,all,micro,q75_stability,0.6500467825148787,0.633856831034668,0.6653739082218821,70,75,70,75,,5000,5000,1.0,3021694564,20260901
B2_feature,1.0,other_fg,boundary,per_class,all,micro,mean_stability,0.48946748574735094,0.47099299597444694,0.5071597675466435,43,128,43,128,,5000,5000,1.0,3021694564,20260901
B2_feature,1.0,other_fg,boundary,per_class,all,micro,median_stability,0.4524777784597042,0.4296242530130454,0.47448198957979554,43,128,43,128,,5000,5000,1.0,3021694564,20260901
B2_feature,1.0,other_fg,boundary,per_class,all,micro,q25_stability,0.33227158857639444,0.3141829549458951,0.3503365465400104,43,128,43,128,,5000,5000,1.0,3021694564,20260901
B2_feature,1.0,other_fg,boundary,per_class,all,micro,q75_stability,0.6216911545326543,0.5935763826055539,0.6480016805831909,43,128,43,128,,5000,5000,1.0,3021694564,20260901
B2_feature,1.0,other_fg,boundary,per_class,all,micro,mean_stability,0.4335452058167208,0.40584214600356905,0.4589300738987632,34,79,34,79,,5000,5000,1.0,3021694564,20260901
B2_feature,1.0,other_fg,boundary,per_class,all,micro,median_stability,0.3871796126751339,0.35996112389878915,0.41351844731431736,34,79,34,79,,5000,5000,1.0,3021694564,20260901
B2_feature,1.0,other_fg,boundary,per_class,all,micro,q25_stability,0.27793388923301415,0.25602985768557374,0.29837855364180127,34,79,34,79,,5000,5000,1.0,3021694564,20260901
B2_feature,1.0,other_fg,boundary,per_class,all,micro,q75_stability,0.5538616544183563,0.5152423004515573,0.591145066985683,34,79,34,79,,5000,5000,1.0,3021694564,20260901
B2_feature,1.0,other_fg,boundary,per_class,all,micro,mean_stability,0.49811992267960314,0.4822652825031799,0.513232582127904,52,76,52,76,,5000,5000,1.0,3021694564,20260901
B2_feature,1.0,other_fg,boundary,per_class,all,micro,median_stability,0.45916766601686293,0.4399080098989868,0.47772641425782986,52,76,52,76,,5000,5000,1.0,3021694564,20260901
B2_feature,1.0,other_fg,boundary,per_class,all,micro,q25_stability,0.349715567767047,0.3338781601584048,0.3657347082318562,52,76,52,76,,5000,5000,1.0,3021694564,20260901
B2_feature,1.0,other_fg,boundary,per_class,all,micro,q75_stability,0.6222120635211468,0.5962524341117851,0.646839599327204,52,76,52,76,,5000,5000,1.0,3021694564,20260901
B2_feature,1.0,other_fg,boundary,per_class,all,micro,mean_stability,0.5062376472184482,0.49902308676736945,0.5131010488176819,372,445,372,445,,5000,5000,1.0,3021694564,20260901
B2_feature,1.0,other_fg,boundary,per_class,all,micro,median_stability,0.4769834294234232,0.4687666619683642,0.4851922042755775,372,445,372,445,,5000,5000,1.0,3021694564,20260901
B2_feature,1.0,other_fg,boundary,per_class,all,micro,q25_stability,0.34889556075977063,0.3418649000791421,0.3556610854637239,372,445,372,445,,5000,5000,1.0,3021694564,20260901
B2_feature,1.0,other_fg,boundary,per_class,all,micro,q75_stability,0.6409602174034683,0.6311977700681715,0.6503601080815726,372,445,372,445,,5000,5000,1.0,3021694564,20260901
B2_feature,1.0,other_fg,boundary,per_class,all,micro,mean_stability,0.5103912721968232,0.48986017577161156,0.5278802976036846,60,85,60,85,,5000,5000,1.0,3021694564,20260901
B2_feature,1.0,other_fg,boundary,per_class,all,micro,median_stability,0.4808727333943049,0.45874869324522716,0.5009243764954164,60,85,60,85,,5000,5000,1.0,3021694564,20260901
B2_feature,1.0,other_fg,boundary,per_class,all,micro,q25_stability,0.3614887406428655,0.34433213354263764,0.3776187864917655,60,85,60,85,,5000,5000,1.0,3021694564,20260901
B2_feature,1.0,other_fg,boundary,per_class,all,micro,q75_stability,0.6384697306901217,0.6097444893424505,0.6628564608129774,60,85,60,85,,5000,5000,1.0,3021694564,20260901
B2_feature,1.0,other_fg,boundary,per_class,all,micro,mean_stability,0.4566761292712698,0.33166035167247804,0.5391726238774386,5,57,5,57,,5000,4971,0.9942,3021694564,20260901
B2_feature,1.0,other_fg,boundary,per_class,all,micro,median_stability,0.4279879659414291,0.3067357838153839,0.5263920277357101,5,57,5,57,,5000,4971,0.9942,3021694564,20260901
B2_feature,1.0,other_fg,boundary,per_class,all,micro,q25_stability,0.30992949903011324,0.23351568977038065,0.37008553333580496,5,57,5,57,,5000,4971,0.9942,3021694564,20260901
B2_feature,1.0,other_fg,boundary,per_class,all,micro,q75_stability,0.5720053166151047,0.4115618169307709,0.6889356598258018,5,57,5,57,,5000,4971,0.9942,3021694564,20260901
B2_feature,1.0,other_fg,boundary,per_class,all,micro,mean_stability,0.48044940079994497,0.4597558668633975,0.4985996018534539,63,90,63,90,,5000,5000,1.0,3021694564,20260901
B2_feature,1.0,other_fg,boundary,per_class,all,micro,median_stability,0.44433388409633484,0.42152541733009147,0.46517612236377953,63,90,63,90,,5000,5000,1.0,3021694564,20260901
B2_feature,1.0,other_fg,boundary,per_class,all,micro,q25_stability,0.32158597540997325,0.3069550035126914,0.3360392880459513,63,90,63,90,,5000,5000,1.0,3021694564,20260901
B2_feature,1.0,other_fg,boundary,per_class,all,micro,q75_stability,0.6114530466969997,0.5791330566546365,0.6400930479321836,63,90,63,90,,5000,5000,1.0,3021694564,20260901
B2_feature,1.0,other_fg,boundary,per_class,all,micro,mean_stability,0.41837337228363164,0.3478151780488871,0.4751209565731362,10,84,10,84,,5000,5000,1.0,3021694564,20260901
B2_feature,1.0,other_fg,boundary,per_class,all,micro,median_stability,0.3839183025062084,0.31473832577466965,0.4470137582682482,10,84,10,84,,5000,5000,1.0,3021694564,20260901
B2_feature,1.0,other_fg,boundary,per_class,all,micro,q25_stability,0.29370825961232183,0.2366099457256496,0.34872920567169785,10,84,10,84,,5000,5000,1.0,3021694564,20260901
B2_feature,1.0,other_fg,boundary,per_class,all,micro,q75_stability,0.5292354010045528,0.4375564714402638,0.6021240507407734,10,84,10,84,,5000,5000,1.0,3021694564,20260901
B2_feature,1.0,other_fg,boundary,per_class,all,micro,mean_stability,0.5329850337398486,0.5177820862975407,0.548891787477293,37,74,37,74,,5000,5000,1.0,3021694564,20260901
B2_feature,1.0,other_fg,boundary,per_class,all,micro,median_stability,0.5057949419762637,0.48696185062469716,0.5247775055849313,37,74,37,74,,5000,5000,1.0,3021694564,20260901
B2_feature,1.0,other_fg,boundary,per_class,all,micro,q25_stability,0.37459222166924866,0.3590117026736603,0.3912602800472437,37,74,37,74,,5000,5000,1.0,3021694564,20260901
B2_feature,1.0,other_fg,boundary,per_class,all,micro,q75_stability,0.675049952155835,0.6533954629640061,0.6964024069052444,37,74,37,74,,5000,5000,1.0,3021694564,20260901
B2_feature,1.0,other_fg,interior,all_positive_classes,all,micro,mean_stability,0.5231917162511658,0.5171809300493478,0.5289740053588498,513,1449,1059,2147,,5000,5000,1.0,3021694564,20260901
B2_feature,1.0,other_fg,interior,all_positive_classes,all,micro,median_stability,0.49827920647937807,0.4916949999409273,0.5045595715842732,513,1449,1059,2147,,5000,5000,1.0,3021694564,20260901
B2_feature,1.0,other_fg,interior,all_positive_classes,all,micro,q25_stability,0.37531198616244243,0.3698832976724585,0.380848321737364,513,1449,1059,2147,,5000,5000,1.0,3021694564,20260901
B2_feature,1.0,other_fg,interior,all_positive_classes,all,micro,q75_stability,0.6571493311886296,0.6493517963973651,0.6645860682422705,513,1449,1059,2147,,5000,5000,1.0,3021694564,20260901
B2_feature,1.0,other_fg,interior,all_positive_classes,all,macro_class,mean_stability,0.5081482595823836,0.49575978391999137,0.5202562397585927,513,1449,1059,2147,20,5000,5000,1.0,3021694564,20260901
B2_feature,1.0,other_fg,interior,all_positive_classes,all,macro_class,median_stability,0.48360942741260055,0.4706702231382834,0.4966173275189602,513,1449,1059,2147,20,5000,5000,1.0,3021694564,20260901
B2_feature,1.0,other_fg,interior,all_positive_classes,all,macro_class,q25_stability,0.36486791047396927,0.35514757044753015,0.37510913997730366,513,1449,1059,2147,20,5000,5000,1.0,3021694564,20260901
B2_feature,1.0,other_fg,interior,all_positive_classes,all,macro_class,q75_stability,0.6357540205187325,0.6195707311944345,0.6516423189697439,513,1449,1059,2147,20,5000,5000,1.0,3021694564,20260901
B2_feature,1.0,other_fg,interior,all_positive_classes,exactly_2_labels,micro,mean_stability,0.517770830902123,0.5091605379541851,0.5257896583142515,366,375,615,750,,5000,5000,1.0,3021694564,20260901
B2_feature,1.0,other_fg,interior,all_positive_classes,exactly_2_labels,micro,median_stability,0.4925490530465192,0.48349694918644365,0.5012423741859969,366,375,615,750,,5000,5000,1.0,3021694564,20260901
B2_feature,1.0,other_fg,interior,all_positive_classes,exactly_2_labels,micro,q25_stability,0.37472991445745396,0.3669460293783308,0.3822607570161697,366,375,615,750,,5000,5000,1.0,3021694564,20260901
B2_feature,1.0,other_fg,interior,all_positive_classes,exactly_2_labels,micro,q75_stability,0.6482013500075999,0.6370518167664935,0.6587210602024389,366,375,615,750,,5000,5000,1.0,3021694564,20260901
B2_feature,1.0,other_fg,interior,all_positive_classes,exactly_2_labels,macro_class,mean_stability,0.5058640184543309,0.49116447606619623,0.519309502973777,366,375,615,750,20,5000,5000,1.0,3021694564,20260901
B2_feature,1.0,other_fg,interior,all_positive_classes,exactly_2_labels,macro_class,median_stability,0.4813637649894205,0.4658933488184999,0.49589787165960514,366,375,615,750,20,5000,5000,1.0,3021694564,20260901
B2_feature,1.0,other_fg,interior,all_positive_classes,exactly_2_labels,macro_class,q25_stability,0.36541545640178236,0.35363153607719505,0.37722940904729807,366,375,615,750,20,5000,5000,1.0,3021694564,20260901
B2_feature,1.0,other_fg,interior,all_positive_classes,exactly_2_labels,macro_class,q75_stability,0.631594615454947,0.6130901183243447,0.648740100415217,366,375,615,750,20,5000,5000,1.0,3021694564,20260901
B2_feature,1.0,other_fg,interior,all_positive_classes,3plus_labels,micro,mean_stability,0.5307003750116642,0.5234834113228705,0.5379626389181186,147,147,444,470,,5000,5000,1.0,3021694564,20260901
B2_feature,1.0,other_fg,interior,all_positive_classes,3plus_labels,micro,median_stability,0.5062162433289461,0.4978021653866625,0.5145744710116162,147,147,444,470,,5000,5000,1.0,3021694564,20260901
B2_feature,1.0,other_fg,interior,all_positive_classes,3plus_labels,micro,q25_stability,0.37611823413219003,0.36902847229127844,0.3834211686224183,147,147,444,470,,5000,5000,1.0,3021694564,20260901
B2_feature,1.0,other_fg,interior,all_positive_classes,3plus_labels,micro,q75_stability,0.6695434943110019,0.6591029521519922,0.6792878287338864,147,147,444,470,,5000,5000,1.0,3021694564,20260901
B2_feature,1.0,other_fg,interior,all_positive_classes,3plus_labels,macro_class,mean_stability,0.5253318886626476,0.5143909821123218,0.5361758592736939,147,147,444,470,18,5000,5000,1.0,3021694564,20260901
B2_feature,1.0,other_fg,interior,all_positive_classes,3plus_labels,macro_class,median_stability,0.49951701518450126,0.48606155926643685,0.5128534992363333,147,147,444,470,18,5000,5000,1.0,3021694564,20260901
B2_feature,1.0,other_fg,interior,all_positive_classes,3plus_labels,macro_class,q25_stability,0.3714274606989465,0.362367106973922,0.38147391285023613,147,147,444,470,18,5000,5000,1.0,3021694564,20260901
B2_feature,1.0,other_fg,interior,all_positive_classes,3plus_labels,macro_class,q75_stability,0.6615941795481297,0.6449222391238685,0.677262805508411,147,147,444,470,18,5000,5000,1.0,3021694564,20260901
B2_feature,1.0,other_fg,interior,per_class,all,micro,mean_stability,0.3529030500397999,0.20182161677179725,0.5095565298013389,7,90,7,90,,5000,4998,0.9996,3021694564,20260901
B2_feature,1.0,other_fg,interior,per_class,all,micro,median_stability,0.34138843789696693,0.18976976459047626,0.5016727728928839,7,90,7,90,,5000,4998,0.9996,3021694564,20260901
B2_feature,1.0,other_fg,interior,per_class,all,micro,q25_stability,0.2794269597423928,0.16960298073078905,0.4033616711571811,7,90,7,90,,5000,4998,0.9996,3021694564,20260901
B2_feature,1.0,other_fg,interior,per_class,all,micro,q75_stability,0.41920783051422666,0.23087659137589592,0.6144123596604913,7,90,7,90,,5000,4998,0.9996,3021694564,20260901
B2_feature,1.0,other_fg,interior,per_class,all,micro,mean_stability,0.5188516844966634,0.4945210874743226,0.542327528494403,42,79,42,79,,5000,5000,1.0,3021694564,20260901
B2_feature,1.0,other_fg,interior,per_class,all,micro,median_stability,0.4907377646082923,0.46161014390262695,0.5191156989310614,42,79,42,79,,5000,5000,1.0,3021694564,20260901
B2_feature,1.0,other_fg,interior,per_class,all,micro,q25_stability,0.36831042880103704,0.3429038607511963,0.3971302583826052,42,79,42,79,,5000,5000,1.0,3021694564,20260901
B2_feature,1.0,other_fg,interior,per_class,all,micro,q75_stability,0.6584277135275659,0.626552262950031,0.6875955333364637,42,79,42,79,,5000,5000,1.0,3021694564,20260901
B2_feature,1.0,other_fg,interior,per_class,all,micro,mean_stability,0.5280774811478856,0.5064760599015108,0.5462256811318886,8,103,8,103,,5000,4999,0.9998,3021694564,20260901
B2_feature,1.0,other_fg,interior,per_class,all,micro,median_stability,0.4998884219676256,0.470506457594179,0.5241398839812194,8,103,8,103,,5000,4999,0.9998,3021694564,20260901
B2_feature,1.0,other_fg,interior,per_class,all,micro,q25_stability,0.36855702567845583,0.3403900333773345,0.3955675705114291,8,103,8,103,,5000,4999,0.9998,3021694564,20260901
B2_feature,1.0,other_fg,interior,per_class,all,micro,q75_stability,0.6793216932564974,0.647851437330246,0.7022384798857901,8,103,8,103,,5000,4999,0.9998,3021694564,20260901
B2_feature,1.0,other_fg,interior,per_class,all,micro,mean_stability,0.5286181615175501,0.46175530265916037,0.5756140235763328,7,72,7,72,,5000,4996,0.9992,3021694564,20260901
B2_feature,1.0,other_fg,interior,per_class,all,micro,median_stability,0.49978539986269815,0.4239346543326974,0.5595792799833275,7,72,7,72,,5000,4996,0.9992,3021694564,20260901
B2_feature,1.0,other_fg,interior,per_class,all,micro,q25_stability,0.3876514621078968,0.3194683603942394,0.4454336557537317,7,72,7,72,,5000,4996,0.9992,3021694564,20260901
B2_feature,1.0,other_fg,interior,per_class,all,micro,q75_stability,0.6543868258595467,0.5853023901581764,0.709975669812411,7,72,7,72,,5000,4996,0.9992,3021694564,20260901
B2_feature,1.0,other_fg,interior,per_class,all,micro,mean_stability,0.5470373330703311,0.5321660401120342,0.5602310580024765,60,96,60,96,,5000,5000,1.0,3021694564,20260901
B2_feature,1.0,other_fg,interior,per_class,all,micro,median_stability,0.5230170021454493,0.5082802112648884,0.5363319897286758,60,96,60,96,,5000,5000,1.0,3021694564,20260901
B2_feature,1.0,other_fg,interior,per_class,all,micro,q25_stability,0.3888893244167169,0.37636577132702126,0.40200469898475155,60,96,60,96,,5000,5000,1.0,3021694564,20260901
B2_feature,1.0,other_fg,interior,per_class,all,micro,q75_stability,0.6942068623999754,0.674234933281095,0.7116012407910939,60,96,60,96,,5000,5000,1.0,3021694564,20260901
B2_feature,1.0,other_fg,interior,per_class,all,micro,mean_stability,0.45196176884740114,0.37745809560970595,0.5233727874218269,19,74,19,74,,5000,5000,1.0,3021694564,20260901
B2_feature,1.0,other_fg,interior,per_class,all,micro,median_stability,0.4348038583993912,0.36471652645421654,0.5034889154601843,19,74,19,74,,5000,5000,1.0,3021694564,20260901
B2_feature,1.0,other_fg,interior,per_class,all,micro,q25_stability,0.34055555337353755,0.2820489843806717,0.4041463583973901,19,74,19,74,,5000,5000,1.0,3021694564,20260901
B2_feature,1.0,other_fg,interior,per_class,all,micro,q75_stability,0.5501502605253145,0.4531879125435004,0.6410716617578697,19,74,19,74,,5000,5000,1.0,3021694564,20260901
B2_feature,1.0,other_fg,interior,per_class,all,micro,mean_stability,0.5312555314156667,0.5094634484202893,0.551037755738396,72,127,72,127,,5000,5000,1.0,3021694564,20260901
B2_feature,1.0,other_fg,interior,per_class,all,micro,median_stability,0.50938379805949,0.4843529964591582,0.5323914076240364,72,127,72,127,,5000,5000,1.0,3021694564,20260901
B2_feature,1.0,other_fg,interior,per_class,all,micro,q25_stability,0.37929417736207444,0.35872358165542856,0.40029588729647936,72,127,72,127,,5000,5000,1.0,3021694564,20260901
B2_feature,1.0,other_fg,interior,per_class,all,micro,q75_stability,0.67070884619736,0.6420939211495988,0.696524555635391,72,127,72,127,,5000,5000,1.0,3021694564,20260901
B2_feature,1.0,other_fg,interior,per_class,all,micro,mean_stability,0.5437602023019886,0.5199800071906249,0.5694023699837616,30,119,30,119,,5000,5000,1.0,3021694564,20260901
B2_feature,1.0,other_fg,interior,per_class,all,micro,median_stability,0.5216786488890648,0.4930101105130263,0.553212172260258,30,119,30,119,,5000,5000,1.0,3021694564,20260901
B2_feature,1.0,other_fg,interior,per_class,all,micro,q25_stability,0.39655470723907155,0.3677145595447944,0.4329508178549922,30,119,30,119,,5000,5000,1.0,3021694564,20260901
B2_feature,1.0,other_fg,interior,per_class,all,micro,q75_stability,0.6745429394145807,0.6473269716332165,0.6992179054808803,30,119,30,119,,5000,5000,1.0,3021694564,20260901
B2_feature,1.0,other_fg,interior,per_class,all,micro,mean_stability,0.5345622328293395,0.5225593382043678,0.5472508325618175,104,123,104,123,,5000,5000,1.0,3021694564,20260901
B2_feature,1.0,other_fg,interior,per_class,all,micro,median_stability,0.5057193609670951,0.49106687478152705,0.5204508688604096,104,123,104,123,,5000,5000,1.0,3021694564,20260901
B2_feature,1.0,other_fg,interior,per_class,all,micro,q25_stability,0.3788457123849254,0.3659402072700642,0.39274670937515255,104,123,104,123,,5000,5000,1.0,3021694564,20260901
B2_feature,1.0,other_fg,interior,per_class,all,micro,q75_stability,0.6772940870947562,0.6622798279900518,0.6927679681823339,104,123,104,123,,5000,5000,1.0,3021694564,20260901
B2_feature,1.0,other_fg,interior,per_class,all,micro,mean_stability,0.524576929190509,0.4897786082433303,0.5544646824569628,13,71,13,71,,5000,5000,1.0,3021694564,20260901
B2_feature,1.0,other_fg,interior,per_class,all,micro,median_stability,0.5046566759164517,0.4669087713802016,0.5370052784974828,13,71,13,71,,5000,5000,1.0,3021694564,20260901
B2_feature,1.0,other_fg,interior,per_class,all,micro,q25_stability,0.37965197832538533,0.34828239197635813,0.4073863357780957,13,71,13,71,,5000,5000,1.0,3021694564,20260901
B2_feature,1.0,other_fg,interior,per_class,all,micro,q75_stability,0.6576928141025397,0.5978283022187258,0.7061323511199309,13,71,13,71,,5000,5000,1.0,3021694564,20260901
B2_feature,1.0,other_fg,interior,per_class,all,micro,mean_stability,0.5337364952435132,0.5208482703283767,0.5458512930058348,70,75,70,75,,5000,5000,1.0,3021694564,20260901
B2_feature,1.0,other_fg,interior,per_class,all,micro,median_stability,0.5092557104570525,0.4942375267737768,0.5236582439032056,70,75,70,75,,5000,5000,1.0,3021694564,20260901
B2_feature,1.0,other_fg,interior,per_class,all,micro,q25_stability,0.3777130444667169,0.3656432027989745,0.3894531212550339,70,75,70,75,,5000,5000,1.0,3021694564,20260901
B2_feature,1.0,other_fg,interior,per_class,all,micro,q75_stability,0.6751116693019867,0.6549181397062247,0.694151253936404,70,75,70,75,,5000,5000,1.0,3021694564,20260901
B2_feature,1.0,other_fg,interior,per_class,all,micro,mean_stability,0.5269291051751382,0.5024708729257894,0.5502871582254381,42,128,42,128,,5000,5000,1.0,3021694564,20260901
B2_feature,1.0,other_fg,interior,per_class,all,micro,median_stability,0.49856719019867124,0.46959426895482465,0.5270296497363597,42,128,42,128,,5000,5000,1.0,3021694564,20260901
B2_feature,1.0,other_fg,interior,per_class,all,micro,q25_stability,0.3719407637559232,0.3493973807224797,0.3943706677222595,42,128,42,128,,5000,5000,1.0,3021694564,20260901
B2_feature,1.0,other_fg,interior,per_class,all,micro,q75_stability,0.6698869250359989,0.6384464910240153,0.6990163067165199,42,128,42,128,,5000,5000,1.0,3021694564,20260901
B2_feature,1.0,other_fg,interior,per_class,all,micro,mean_stability,0.3867415954467456,0.3385564955715241,0.43155231608538985,31,79,31,79,,5000,5000,1.0,3021694564,20260901
B2_feature,1.0,other_fg,interior,per_class,all,micro,median_stability,0.3503817317466582,0.30096680490672584,0.39726146566050663,31,79,31,79,,5000,5000,1.0,3021694564,20260901
B2_feature,1.0,other_fg,interior,per_class,all,micro,q25_stability,0.27130391701094564,0.23730788743729947,0.3062540306251101,31,79,31,79,,5000,5000,1.0,3021694564,20260901
B2_feature,1.0,other_fg,interior,per_class,all,micro,q75_stability,0.4654989872247942,0.3992568041039631,0.5285425400942516,31,79,31,79,,5000,5000,1.0,3021694564,20260901
B2_feature,1.0,other_fg,interior,per_class,all,micro,mean_stability,0.49383618516833133,0.47267184291071895,0.5139996156257022,49,76,49,76,,5000,5000,1.0,3021694564,20260901
B2_feature,1.0,other_fg,interior,per_class,all,micro,median_stability,0.47010611773145444,0.4469570764748205,0.49288153200855583,49,76,49,76,,5000,5000,1.0,3021694564,20260901
B2_feature,1.0,other_fg,interior,per_class,all,micro,q25_stability,0.34664708915717746,0.3274324235870418,0.3656722590118572,49,76,49,76,,5000,5000,1.0,3021694564,20260901
B2_feature,1.0,other_fg,interior,per_class,all,micro,q75_stability,0.6186336370907268,0.5852857353547471,0.649897542829441,49,76,49,76,,5000,5000,1.0,3021694564,20260901
B2_feature,1.0,other_fg,interior,per_class,all,micro,mean_stability,0.5268993262606906,0.516198443643434,0.5376183709000756,347,445,347,445,,5000,5000,1.0,3021694564,20260901
B2_feature,1.0,other_fg,interior,per_class,all,micro,median_stability,0.5033637664417712,0.4915703700345632,0.5148804636509082,347,445,347,445,,5000,5000,1.0,3021694564,20260901
B2_feature,1.0,other_fg,interior,per_class,all,micro,q25_stability,0.382415254785537,0.3729579511954358,0.392007634175717,347,445,347,445,,5000,5000,1.0,3021694564,20260901
B2_feature,1.0,other_fg,interior,per_class,all,micro,q75_stability,0.6602591915480169,0.6454066348019998,0.6743841841058175,347,445,347,445,,5000,5000,1.0,3021694564,20260901
B2_feature,1.0,other_fg,interior,per_class,all,micro,mean_stability,0.5622421334647205,0.5464208012441953,0.5783408158766236,57,85,57,85,,5000,5000,1.0,3021694564,20260901
B2_feature,1.0,other_fg,interior,per_class,all,micro,median_stability,0.5421695322321173,0.5215579010541032,0.563133011435469,57,85,57,85,,5000,5000,1.0,3021694564,20260901
B2_feature,1.0,other_fg,interior,per_class,all,micro,q25_stability,0.4084398572643598,0.3899460985455662,0.428473624575834,57,85,57,85,,5000,5000,1.0,3021694564,20260901
B2_feature,1.0,other_fg,interior,per_class,all,micro,q75_stability,0.7032138713096318,0.6855340819042887,0.7201284735872924,57,85,57,85,,5000,5000,1.0,3021694564,20260901
B2_feature,1.0,other_fg,interior,per_class,all,micro,mean_stability,0.5513855277560558,0.5385587461215934,0.5773993115556442,4,57,4,57,,5000,4927,0.9854,3021694564,20260901
B2_feature,1.0,other_fg,interior,per_class,all,micro,median_stability,0.5409785397350788,0.5125646591186523,0.5719599723815918,4,57,4,57,,5000,4927,0.9854,3021694564,20260901
B2_feature,1.0,other_fg,interior,per_class,all,micro,q25_stability,0.38820604979991913,0.3652317523956299,0.4059585630893707,4,57,4,57,,5000,4927,0.9854,3021694564,20260901
B2_feature,1.0,other_fg,interior,per_class,all,micro,q75_stability,0.6918868273496628,0.6515123397111893,0.735456570982933,4,57,4,57,,5000,4927,0.9854,3021694564,20260901
B2_feature,1.0,other_fg,interior,per_class,all,micro,mean_stability,0.5076391746895222,0.48288655373747713,0.5307945758168522,56,90,56,90,,5000,5000,1.0,3021694564,20260901
B2_feature,1.0,other_fg,interior,per_class,all,micro,median_stability,0.47487426988248316,0.44670591320079805,0.5025944606631975,56,90,56,90,,5000,5000,1.0,3021694564,20260901
B2_feature,1.0,other_fg,interior,per_class,all,micro,q25_stability,0.3534281896427274,0.3334565905080066,0.3727892054468393,56,90,56,90,,5000,5000,1.0,3021694564,20260901
B2_feature,1.0,other_fg,interior,per_class,all,micro,q75_stability,0.6417069936038128,0.6047006818254947,0.6746650038836172,56,90,56,90,,5000,5000,1.0,3021694564,20260901
B2_feature,1.0,other_fg,interior,per_class,all,micro,mean_stability,0.45264619626154445,0.297433280838914,0.5636214662700738,6,84,6,84,,5000,4990,0.998,3021694564,20260901
B2_feature,1.0,other_fg,interior,per_class,all,micro,median_stability,0.4157557711005211,0.2626603841781616,0.551803469657898,6,84,6,84,,5000,4990,0.998,3021694564,20260901
B2_feature,1.0,other_fg,interior,per_class,all,micro,q25_stability,0.3204059886435668,0.21533366665244102,0.4029029216617346,6,84,6,84,,5000,4990,0.998,3021694564,20260901
B2_feature,1.0,other_fg,interior,per_class,all,micro,q75_stability,0.558261401951313,0.35120946867125374,0.7151663800080618,6,84,6,84,,5000,4990,0.998,3021694564,20260901
B2_feature,1.0,other_fg,interior,per_class,all,micro,mean_stability,0.5593050773242751,0.5307491706313298,0.5932169131069392,35,74,35,74,,5000,5000,1.0,3021694564,20260901
B2_feature,1.0,other_fg,interior,per_class,all,micro,median_stability,0.5356765500136784,0.5026400301204518,0.5742857814212574,35,74,35,74,,5000,5000,1.0,3021694564,20260901
B2_feature,1.0,other_fg,interior,per_class,all,micro,q25_stability,0.4091207255210195,0.376555081949654,0.45188963552590905,35,74,35,74,,5000,5000,1.0,3021694564,20260901
B2_feature,1.0,other_fg,interior,per_class,all,micro,q75_stability,0.6946810330663409,0.6655631277203519,0.7245954494363641,35,74,35,74,,5000,5000,1.0,3021694564,20260901
B2_feature,1.0,target,boundary,all_positive_classes,all,micro,mean_stability,0.4377223195697249,0.4335796218747936,0.4418909476726617,1432,1449,2021,2147,,5000,5000,1.0,3021694564,20260901
B2_feature,1.0,target,boundary,all_positive_classes,all,micro,median_stability,0.39344343506832014,0.3891196171954627,0.39793967312268624,1432,1449,2021,2147,,5000,5000,1.0,3021694564,20260901
B2_feature,1.0,target,boundary,all_positive_classes,all,micro,q25_stability,0.29207482644417154,0.2887293189554148,0.29551288418514204,1432,1449,2021,2147,,5000,5000,1.0,3021694564,20260901
B2_feature,1.0,target,boundary,all_positive_classes,all,micro,q75_stability,0.549362734167061,0.5436472261755549,0.5551075420256619,1432,1449,2021,2147,,5000,5000,1.0,3021694564,20260901
B2_feature,1.0,target,boundary,all_positive_classes,all,macro_class,mean_stability,0.44487636762322,0.4407978514248633,0.4490037133312714,1432,1449,2021,2147,20,5000,5000,1.0,3021694564,20260901
B2_feature,1.0,target,boundary,all_positive_classes,all,macro_class,median_stability,0.40204094807836566,0.3976531115217051,0.4064097075887421,1432,1449,2021,2147,20,5000,5000,1.0,3021694564,20260901
B2_feature,1.0,target,boundary,all_positive_classes,all,macro_class,q25_stability,0.2987216485293623,0.29534351711645296,0.3021568338912732,1432,1449,2021,2147,20,5000,5000,1.0,3021694564,20260901
B2_feature,1.0,target,boundary,all_positive_classes,all,macro_class,q75_stability,0.5582391275653973,0.5523430424271876,0.5640599913614128,1432,1449,2021,2147,20,5000,5000,1.0,3021694564,20260901
B2_feature,1.0,target,boundary,all_positive_classes,single_label,micro,mean_stability,0.4637550512092894,0.45894339168993786,0.46854301451348285,912,927,912,927,,5000,5000,1.0,3021694564,20260901
B2_feature,1.0,target,boundary,all_positive_classes,single_label,micro,median_stability,0.4198571725609598,0.4143657733509363,0.42530418977215095,912,927,912,927,,5000,5000,1.0,3021694564,20260901
B2_feature,1.0,target,boundary,all_positive_classes,single_label,micro,q25_stability,0.3139526872556624,0.3096624654950838,0.3182124621560345,912,927,912,927,,5000,5000,1.0,3021694564,20260901
B2_feature,1.0,target,boundary,all_positive_classes,single_label,micro,q75_stability,0.5815835708115054,0.5747186973809141,0.5883947473220488,912,927,912,927,,5000,5000,1.0,3021694564,20260901
B2_feature,1.0,target,boundary,all_positive_classes,single_label,macro_class,mean_stability,0.46312146704095564,0.45776048290851223,0.4682680373549466,912,927,912,927,20,5000,5000,1.0,3021694564,20260901
B2_feature,1.0,target,boundary,all_positive_classes,single_label,macro_class,median_stability,0.4182704270120864,0.4124231731318165,0.424168487765992,912,927,912,927,20,5000,5000,1.0,3021694564,20260901
B2_feature,1.0,target,boundary,all_positive_classes,single_label,macro_class,q25_stability,0.3119668444479477,0.3070820387971507,0.3166897496476783,912,927,912,927,20,5000,5000,1.0,3021694564,20260901
B2_feature,1.0,target,boundary,all_positive_classes,single_label,macro_class,q75_stability,0.5834088013374867,0.5749422454622108,0.5915878812158506,912,927,912,927,20,5000,5000,1.0,3021694564,20260901
B2_feature,1.0,target,boundary,all_positive_classes,exactly_2_labels,micro,mean_stability,0.42027141329085804,0.4134766184146863,0.4270175860219396,373,375,694,750,,5000,5000,1.0,3021694564,20260901
B2_feature,1.0,target,boundary,all_positive_classes,exactly_2_labels,micro,median_stability,0.3755927666060906,0.3684707862941883,0.38274386114795533,373,375,694,750,,5000,5000,1.0,3021694564,20260901
B2_feature,1.0,target,boundary,all_positive_classes,exactly_2_labels,micro,q25_stability,0.27592153127791,0.2705625147264427,0.2813619060425215,373,375,694,750,,5000,5000,1.0,3021694564,20260901
B2_feature,1.0,target,boundary,all_positive_classes,exactly_2_labels,micro,q75_stability,0.5297340863647331,0.5200896975346845,0.5394716498390003,373,375,694,750,,5000,5000,1.0,3021694564,20260901
B2_feature,1.0,target,boundary,all_positive_classes,exactly_2_labels,macro_class,mean_stability,0.43893682196112105,0.42894969345206135,0.448269577928294,373,375,694,750,20,5000,5000,1.0,3021694564,20260901
B2_feature,1.0,target,boundary,all_positive_classes,exactly_2_labels,macro_class,median_stability,0.3982745924020014,0.387467644670142,0.4089364161995419,373,375,694,750,20,5000,5000,1.0,3021694564,20260901
B2_feature,1.0,target,boundary,all_positive_classes,exactly_2_labels,macro_class,q25_stability,0.2936558776475321,0.28440478602542046,0.3020157953017902,373,375,694,750,20,5000,5000,1.0,3021694564,20260901
B2_feature,1.0,target,boundary,all_positive_classes,exactly_2_labels,macro_class,q75_stability,0.5520630241928906,0.5385359745473792,0.5650095045448063,373,375,694,750,20,5000,5000,1.0,3021694564,20260901
B2_feature,1.0,target,boundary,all_positive_classes,3plus_labels,micro,mean_stability,0.409696000779965,0.3983547697125711,0.420497349010092,147,147,415,470,,5000,5000,1.0,3021694564,20260901
B2_feature,1.0,target,boundary,all_positive_classes,3plus_labels,micro,median_stability,0.36524833945265733,0.3535580519434034,0.37628754246729207,147,147,415,470,,5000,5000,1.0,3021694564,20260901
B2_feature,1.0,target,boundary,all_positive_classes,3plus_labels,micro,q25_stability,0.2710092307461134,0.26213954128186556,0.27968287740508324,147,147,415,470,,5000,5000,1.0,3021694564,20260901
B2_feature,1.0,target,boundary,all_positive_classes,3plus_labels,micro,q75_stability,0.5113793089985847,0.49561406277960446,0.5259854661570399,147,147,415,470,,5000,5000,1.0,3021694564,20260901
B2_feature,1.0,target,boundary,all_positive_classes,3plus_labels,macro_class,mean_stability,0.40564188890408587,0.3913147165005877,0.4255530396439624,147,147,415,470,19,5000,5000,1.0,3021694564,20260901
B2_feature,1.0,target,boundary,all_positive_classes,3plus_labels,macro_class,median_stability,0.36193508603252544,0.3458899340933745,0.3846675325913786,147,147,415,470,19,5000,5000,1.0,3021694564,20260901
B2_feature,1.0,target,boundary,all_positive_classes,3plus_labels,macro_class,q25_stability,0.2691038441770858,0.2573372943283098,0.28607642833309316,147,147,415,470,19,5000,5000,1.0,3021694564,20260901
B2_feature,1.0,target,boundary,all_positive_classes,3plus_labels,macro_class,q75_stability,0.50202464717898,0.48178061865676575,0.5314987245100926,147,147,415,470,19,5000,5000,1.0,3021694564,20260901
B2_feature,1.0,target,boundary,per_class,all,micro,mean_stability,0.4509336454766141,0.4344476674544688,0.46572341067490075,87,90,87,90,,5000,5000,1.0,3021694564,20260901
B2_feature,1.0,target,boundary,per_class,all,micro,median_stability,0.4068525745265785,0.3893136863737825,0.4234094821542564,87,90,87,90,,5000,5000,1.0,3021694564,20260901
B2_feature,1.0,target,boundary,per_class,all,micro,q25_stability,0.3084630090101012,0.29579446089770556,0.3208592096312244,87,90,87,90,,5000,5000,1.0,3021694564,20260901
B2_feature,1.0,target,boundary,per_class,all,micro,q75_stability,0.5629538104537575,0.5395375905680265,0.5845557030763252,87,90,87,90,,5000,5000,1.0,3021694564,20260901
B2_feature,1.0,target,boundary,per_class,all,micro,mean_stability,0.45950124879088966,0.44246695701351213,0.47664080135530873,71,79,71,79,,5000,5000,1.0,3021694564,20260901
B2_feature,1.0,target,boundary,per_class,all,micro,median_stability,0.41694478365317195,0.39859272203328217,0.43609805061138146,71,79,71,79,,5000,5000,1.0,3021694564,20260901
B2_feature,1.0,target,boundary,per_class,all,micro,q25_stability,0.31716614132615883,0.30229270059603003,0.3336036436201972,71,79,71,79,,5000,5000,1.0,3021694564,20260901
B2_feature,1.0,target,boundary,per_class,all,micro,q75_stability,0.582017968080833,0.5567820384029049,0.6077194279318764,71,79,71,79,,5000,5000,1.0,3021694564,20260901
B2_feature,1.0,target,boundary,per_class,all,micro,mean_stability,0.5041398333169892,0.48833269274586694,0.5192890609727012,99,103,99,103,,5000,5000,1.0,3021694564,20260901
B2_feature,1.0,target,boundary,per_class,all,micro,median_stability,0.4690455278061857,0.4502895089748005,0.48720459032873836,99,103,99,103,,5000,5000,1.0,3021694564,20260901
B2_feature,1.0,target,boundary,per_class,all,micro,q25_stability,0.3568721090753873,0.34209003495173484,0.37164863318039965,99,103,99,103,,5000,5000,1.0,3021694564,20260901
B2_feature,1.0,target,boundary,per_class,all,micro,q75_stability,0.6224092933716197,0.6007362084984059,0.6431208486111492,99,103,99,103,,5000,5000,1.0,3021694564,20260901
B2_feature,1.0,target,boundary,per_class,all,micro,mean_stability,0.43216809577080645,0.4094530604394848,0.45572375177169483,69,72,69,72,,5000,5000,1.0,3021694564,20260901
B2_feature,1.0,target,boundary,per_class,all,micro,median_stability,0.3916189834691476,0.3655299887123415,0.4181745749020116,69,72,69,72,,5000,5000,1.0,3021694564,20260901
B2_feature,1.0,target,boundary,per_class,all,micro,q25_stability,0.29403372092739394,0.27374162709872635,0.3171819785446859,69,72,69,72,,5000,5000,1.0,3021694564,20260901
B2_feature,1.0,target,boundary,per_class,all,micro,q75_stability,0.5329344970160637,0.5002325646644054,0.5648448468548213,69,72,69,72,,5000,5000,1.0,3021694564,20260901
B2_feature,1.0,target,boundary,per_class,all,micro,mean_stability,0.3721649156888584,0.34907959829666013,0.39480320835586785,84,96,84,96,,5000,5000,1.0,3021694564,20260901
B2_feature,1.0,target,boundary,per_class,all,micro,median_stability,0.32714763186162427,0.303648277255426,0.3504147973469172,84,96,84,96,,5000,5000,1.0,3021694564,20260901
B2_feature,1.0,target,boundary,per_class,all,micro,q25_stability,0.25475304223419654,0.23642975262740112,0.2726539163783425,84,96,84,96,,5000,5000,1.0,3021694564,20260901
B2_feature,1.0,target,boundary,per_class,all,micro,q75_stability,0.45484143690693946,0.4239411924272867,0.48510893053184684,84,96,84,96,,5000,5000,1.0,3021694564,20260901
B2_feature,1.0,target,boundary,per_class,all,micro,mean_stability,0.4787958982344599,0.46408981459461307,0.49234457187935715,73,74,73,74,,5000,5000,1.0,3021694564,20260901
B2_feature,1.0,target,boundary,per_class,all,micro,median_stability,0.43252886301034116,0.4156134845478354,0.4488996112504201,73,74,73,74,,5000,5000,1.0,3021694564,20260901
B2_feature,1.0,target,boundary,per_class,all,micro,q25_stability,0.3204549897513161,0.30537863056979153,0.3369117957444862,73,74,73,74,,5000,5000,1.0,3021694564,20260901
B2_feature,1.0,target,boundary,per_class,all,micro,q75_stability,0.5983807228199424,0.5768499212138154,0.618032966694639,73,74,73,74,,5000,5000,1.0,3021694564,20260901
B2_feature,1.0,target,boundary,per_class,all,micro,mean_stability,0.40657981384532693,0.38532160203688687,0.42668261524331486,113,127,113,127,,5000,5000,1.0,3021694564,20260901
B2_feature,1.0,target,boundary,per_class,all,micro,median_stability,0.3631755494372507,0.341164107384681,0.3842582170831917,113,127,113,127,,5000,5000,1.0,3021694564,20260901
B2_feature,1.0,target,boundary,per_class,all,micro,q25_stability,0.2731831554752008,0.2560652964436989,0.28976625406245865,113,127,113,127,,5000,5000,1.0,3021694564,20260901
B2_feature,1.0,target,boundary,per_class,all,micro,q75_stability,0.5005982046435892,0.46997690063056957,0.5297121822352296,113,127,113,127,,5000,5000,1.0,3021694564,20260901
B2_feature,1.0,target,boundary,per_class,all,micro,mean_stability,0.4556424086771678,0.44316995035670476,0.467505982446856,117,119,117,119,,5000,5000,1.0,3021694564,20260901
B2_feature,1.0,target,boundary,per_class,all,micro,median_stability,0.40856739458365315,0.3947899488122042,0.42247227981033175,117,119,117,119,,5000,5000,1.0,3021694564,20260901
B2_feature,1.0,target,boundary,per_class,all,micro,q25_stability,0.30986920549956143,0.2984040509235802,0.32123719239403337,117,119,117,119,,5000,5000,1.0,3021694564,20260901
B2_feature,1.0,target,boundary,per_class,all,micro,q75_stability,0.5652831729151245,0.5473911814706282,0.5819510924542307,117,119,117,119,,5000,5000,1.0,3021694564,20260901
B2_feature,1.0,target,boundary,per_class,all,micro,mean_stability,0.43437471353458484,0.41762603681458543,0.45052865552612703,112,123,112,123,,5000,5000,1.0,3021694564,20260901
B2_feature,1.0,target,boundary,per_class,all,micro,median_stability,0.3908832729794085,0.37366412821322037,0.40735777944882956,112,123,112,123,,5000,5000,1.0,3021694564,20260901
B2_feature,1.0,target,boundary,per_class,all,micro,q25_stability,0.28896518161387313,0.2760920188371333,0.3014951838906258,112,123,112,123,,5000,5000,1.0,3021694564,20260901
B2_feature,1.0,target,boundary,per_class,all,micro,q75_stability,0.5478926315304956,0.5228700062553225,0.5715816508342034,112,123,112,123,,5000,5000,1.0,3021694564,20260901
B2_feature,1.0,target,boundary,per_class,all,micro,mean_stability,0.44533334695748933,0.4257336604661667,0.4641364320239975,71,71,71,71,,5000,5000,1.0,3021694564,20260901
B2_feature,1.0,target,boundary,per_class,all,micro,median_stability,0.4064815712856575,0.38501320410992057,0.42716092724143195,71,71,71,71,,5000,5000,1.0,3021694564,20260901
B2_feature,1.0,target,boundary,per_class,all,micro,q25_stability,0.28458401329920324,0.26886139871867404,0.3000961425806015,71,71,71,71,,5000,5000,1.0,3021694564,20260901
B2_feature,1.0,target,boundary,per_class,all,micro,q75_stability,0.5678211028202319,0.5403078536949002,0.5943448912076862,71,71,71,71,,5000,5000,1.0,3021694564,20260901
B2_feature,1.0,target,boundary,per_class,all,micro,mean_stability,0.4686835488482333,0.4522473368789586,0.4848585395901606,72,75,72,75,,5000,5000,1.0,3021694564,20260901
B2_feature,1.0,target,boundary,per_class,all,micro,median_stability,0.4341791400478946,0.41294704646490393,0.4550982841796108,72,75,72,75,,5000,5000,1.0,3021694564,20260901
B2_feature,1.0,target,boundary,per_class,all,micro,q25_stability,0.31357502280217076,0.2992622884357762,0.3279924681358803,72,75,72,75,,5000,5000,1.0,3021694564,20260901
B2_feature,1.0,target,boundary,per_class,all,micro,q75_stability,0.5908136393667923,0.5660976363773886,0.615526881343727,72,75,72,75,,5000,5000,1.0,3021694564,20260901
B2_feature,1.0,target,boundary,per_class,all,micro,mean_stability,0.4298012902177491,0.41800355426807384,0.44169164140777356,126,128,126,128,,5000,5000,1.0,3021694564,20260901
B2_feature,1.0,target,boundary,per_class,all,micro,median_stability,0.3790285529953147,0.36541893456325375,0.3929769241971214,126,128,126,128,,5000,5000,1.0,3021694564,20260901
B2_feature,1.0,target,boundary,per_class,all,micro,q25_stability,0.2759318897825858,0.2660593067591969,0.2857871402744324,126,128,126,128,,5000,5000,1.0,3021694564,20260901
B2_feature,1.0,target,boundary,per_class,all,micro,q75_stability,0.5460494148234526,0.5288319287710047,0.5637736244082806,126,128,126,128,,5000,5000,1.0,3021694564,20260901
B2_feature,1.0,target,boundary,per_class,all,micro,mean_stability,0.4744854553920824,0.4636049441520054,0.4850355208971374,77,79,77,79,,5000,5000,1.0,3021694564,20260901
B2_feature,1.0,target,boundary,per_class,all,micro,median_stability,0.42994959071859135,0.41691383929657083,0.44284460838886763,77,79,77,79,,5000,5000,1.0,3021694564,20260901
B2_feature,1.0,target,boundary,per_class,all,micro,q25_stability,0.31788468941465603,0.307763156576018,0.32807679857606076,77,79,77,79,,5000,5000,1.0,3021694564,20260901
B2_feature,1.0,target,boundary,per_class,all,micro,q75_stability,0.6023156777411313,0.5851420112962202,0.6181998841612811,77,79,77,79,,5000,5000,1.0,3021694564,20260901
B2_feature,1.0,target,boundary,per_class,all,micro,mean_stability,0.4521993351863128,0.43511887507219127,0.46777484588938895,75,76,75,76,,5000,5000,1.0,3021694564,20260901
B2_feature,1.0,target,boundary,per_class,all,micro,median_stability,0.4078799886504809,0.3907852640304051,0.4243527213384708,75,76,75,76,,5000,5000,1.0,3021694564,20260901
B2_feature,1.0,target,boundary,per_class,all,micro,q25_stability,0.29573544673621655,0.28306905955635014,0.308108022010648,75,76,75,76,,5000,5000,1.0,3021694564,20260901
B2_feature,1.0,target,boundary,per_class,all,micro,q75_stability,0.5782262766361237,0.553750868857299,0.6011652154411012,75,76,75,76,,5000,5000,1.0,3021694564,20260901
B2_feature,1.0,target,boundary,per_class,all,micro,mean_stability,0.40242069114459844,0.39223196432236024,0.4123667455741828,412,445,412,445,,5000,5000,1.0,3021694564,20260901
B2_feature,1.0,target,boundary,per_class,all,micro,median_stability,0.3521738973021218,0.3417100564860884,0.3626019706845349,412,445,412,445,,5000,5000,1.0,3021694564,20260901
B2_feature,1.0,target,boundary,per_class,all,micro,q25_stability,0.25883076509270925,0.2508560752951755,0.26680878631653826,412,445,412,445,,5000,5000,1.0,3021694564,20260901
B2_feature,1.0,target,boundary,per_class,all,micro,q75_stability,0.5072585524701811,0.4926278910372887,0.5213451155947525,412,445,412,445,,5000,5000,1.0,3021694564,20260901
B2_feature,1.0,target,boundary,per_class,all,micro,mean_stability,0.4046111201618531,0.37880837240213916,0.42932373947467817,68,85,68,85,,5000,5000,1.0,3021694564,20260901
B2_feature,1.0,target,boundary,per_class,all,micro,median_stability,0.36508003592162447,0.3383237454618904,0.39159670670033486,68,85,68,85,,5000,5000,1.0,3021694564,20260901
B2_feature,1.0,target,boundary,per_class,all,micro,q25_stability,0.2747302272165304,0.25576005617864955,0.2938689201524773,68,85,68,85,,5000,5000,1.0,3021694564,20260901
B2_feature,1.0,target,boundary,per_class,all,micro,q75_stability,0.5032071980291649,0.4665734310587579,0.5392204277327151,68,85,68,85,,5000,5000,1.0,3021694564,20260901
B2_feature,1.0,target,boundary,per_class,all,micro,mean_stability,0.43956463079052555,0.418783583121861,0.4586111674623935,57,57,57,57,,5000,5000,1.0,3021694564,20260901
B2_feature,1.0,target,boundary,per_class,all,micro,median_stability,0.39181329989642427,0.3699959577240965,0.41242907422415,57,57,57,57,,5000,5000,1.0,3021694564,20260901
B2_feature,1.0,target,boundary,per_class,all,micro,q25_stability,0.28585808175174815,0.2692279352496068,0.301808671713725,57,57,57,57,,5000,5000,1.0,3021694564,20260901
B2_feature,1.0,target,boundary,per_class,all,micro,q75_stability,0.5588021801882669,0.5293856834976427,0.5853674684830924,57,57,57,57,,5000,5000,1.0,3021694564,20260901
B2_feature,1.0,target,boundary,per_class,all,micro,mean_stability,0.457370255864004,0.4415427000470289,0.4728967290825329,88,90,88,90,,5000,5000,1.0,3021694564,20260901
B2_feature,1.0,target,boundary,per_class,all,micro,median_stability,0.41365230413661763,0.3959492571144525,0.4312615886070701,88,90,88,90,,5000,5000,1.0,3021694564,20260901
B2_feature,1.0,target,boundary,per_class,all,micro,q25_stability,0.3006062039639801,0.2866730822663587,0.3148807152311435,88,90,88,90,,5000,5000,1.0,3021694564,20260901
B2_feature,1.0,target,boundary,per_class,all,micro,q75_stability,0.5822507533329454,0.5593045825433373,0.6050707189486211,88,90,88,90,,5000,5000,1.0,3021694564,20260901
B2_feature,1.0,target,boundary,per_class,all,micro,mean_stability,0.5028975289416329,0.4908007283606814,0.5145205818380005,84,84,84,84,,5000,5000,1.0,3021694564,20260901
B2_feature,1.0,target,boundary,per_class,all,micro,median_stability,0.4685580409353688,0.45433200140528024,0.48255851752169077,84,84,84,84,,5000,5000,1.0,3021694564,20260901
B2_feature,1.0,target,boundary,per_class,all,micro,q25_stability,0.35111025410393876,0.3396014080138966,0.3627274301546138,84,84,84,84,,5000,5000,1.0,3021694564,20260901
B2_feature,1.0,target,boundary,per_class,all,micro,q75_stability,0.6280525685953242,0.6102318292173247,0.6450525140145883,84,84,84,84,,5000,5000,1.0,3021694564,20260901
B2_feature,1.0,target,boundary,per_class,all,micro,mean_stability,0.4258595756242228,0.4046849539952557,0.4459352391744313,66,74,66,74,,5000,5000,1.0,3021694564,20260901
B2_feature,1.0,target,boundary,per_class,all,micro,median_stability,0.3852579583498565,0.36310565849510773,0.4062344734023244,66,74,66,74,,5000,5000,1.0,3021694564,20260901
B2_feature,1.0,target,boundary,per_class,all,micro,q25_stability,0.29182582151031855,0.2744135335939067,0.3084346739297372,66,74,66,74,,5000,5000,1.0,3021694564,20260901
B2_feature,1.0,target,boundary,per_class,all,micro,q75_stability,0.532673449565967,0.5043352083435297,0.5601446755135768,66,74,66,74,,5000,5000,1.0,3021694564,20260901
B2_feature,1.0,target,interior,all_positive_classes,all,micro,mean_stability,0.4673887109723282,0.46259614477952893,0.4722204299257309,1399,1449,1850,2147,,5000,5000,1.0,3021694564,20260901
B2_feature,1.0,target,interior,all_positive_classes,all,micro,median_stability,0.4324901347708058,0.4274103156641124,0.4376772864104482,1399,1449,1850,2147,,5000,5000,1.0,3021694564,20260901
B2_feature,1.0,target,interior,all_positive_classes,all,micro,q25_stability,0.32218052312228324,0.31832960615457795,0.32605665795771616,1399,1449,1850,2147,,5000,5000,1.0,3021694564,20260901
B2_feature,1.0,target,interior,all_positive_classes,all,micro,q75_stability,0.5881387120173187,0.5815063254306746,0.5948153175890967,1399,1449,1850,2147,,5000,5000,1.0,3021694564,20260901
B2_feature,1.0,target,interior,all_positive_classes,all,macro_class,mean_stability,0.4708869567125091,0.46566845890514563,0.4759793033032476,1399,1449,1850,2147,20,5000,5000,1.0,3021694564,20260901
B2_feature,1.0,target,interior,all_positive_classes,all,macro_class,median_stability,0.4360758114531311,0.43067565361759136,0.44137526139573713,1399,1449,1850,2147,20,5000,5000,1.0,3021694564,20260901
B2_feature,1.0,target,interior,all_positive_classes,all,macro_class,q25_stability,0.32586701951278535,0.32188125286781333,0.3298675634382714,1399,1449,1850,2147,20,5000,5000,1.0,3021694564,20260901
B2_feature,1.0,target,interior,all_positive_classes,all,macro_class,q75_stability,0.5924711132244573,0.5852755012687901,0.5994482076642748,1399,1449,1850,2147,20,5000,5000,1.0,3021694564,20260901
B2_feature,1.0,target,interior,all_positive_classes,single_label,micro,mean_stability,0.49898486649549073,0.49330556907743484,0.5043266437306884,886,927,886,927,,5000,5000,1.0,3021694564,20260901
B2_feature,1.0,target,interior,all_positive_classes,single_label,micro,median_stability,0.46719033595250237,0.46117681973899716,0.47321922973524594,886,927,886,927,,5000,5000,1.0,3021694564,20260901
B2_feature,1.0,target,interior,all_positive_classes,single_label,micro,q25_stability,0.3477578668520864,0.34324554321252415,0.35230913202365016,886,927,886,927,,5000,5000,1.0,3021694564,20260901
B2_feature,1.0,target,interior,all_positive_classes,single_label,micro,q75_stability,0.6294504345140292,0.6215001896098049,0.6371331668190096,886,927,886,927,,5000,5000,1.0,3021694564,20260901
B2_feature,1.0,target,interior,all_positive_classes,single_label,macro_class,mean_stability,0.49270197917671055,0.4856425533660103,0.4988608865886601,886,927,886,927,20,5000,5000,1.0,3021694564,20260901
B2_feature,1.0,target,interior,all_positive_classes,single_label,macro_class,median_stability,0.4596216863771854,0.45223270974186264,0.466271117132723,886,927,886,927,20,5000,5000,1.0,3021694564,20260901
B2_feature,1.0,target,interior,all_positive_classes,single_label,macro_class,q25_stability,0.3419880218305231,0.33625241089729996,0.3472455987877437,886,927,886,927,20,5000,5000,1.0,3021694564,20260901
B2_feature,1.0,target,interior,all_positive_classes,single_label,macro_class,q75_stability,0.6215548728507425,0.6118487590072429,0.6301886886428347,886,927,886,927,20,5000,5000,1.0,3021694564,20260901
B2_feature,1.0,target,interior,all_positive_classes,exactly_2_labels,micro,mean_stability,0.4539191944657319,0.44603017732094347,0.4614182690706484,366,375,615,750,,5000,5000,1.0,3021694564,20260901
B2_feature,1.0,target,interior,all_positive_classes,exactly_2_labels,micro,median_stability,0.4158792662487282,0.40773826508152616,0.4239100895199645,366,375,615,750,,5000,5000,1.0,3021694564,20260901
B2_feature,1.0,target,interior,all_positive_classes,exactly_2_labels,micro,q25_stability,0.3107029847588723,0.30428944352305565,0.31732256341022813,366,375,615,750,,5000,5000,1.0,3021694564,20260901
B2_feature,1.0,target,interior,all_positive_classes,exactly_2_labels,micro,q75_stability,0.5701676822593057,0.5592393557829608,0.5805768837840022,366,375,615,750,,5000,5000,1.0,3021694564,20260901
B2_feature,1.0,target,interior,all_positive_classes,exactly_2_labels,macro_class,mean_stability,0.4613710577886567,0.44800555460836544,0.47366754493225305,366,375,615,750,20,5000,5000,1.0,3021694564,20260901
B2_feature,1.0,target,interior,all_positive_classes,exactly_2_labels,macro_class,median_stability,0.4249248964200996,0.4108960267473892,0.43812576095049394,366,375,615,750,20,5000,5000,1.0,3021694564,20260901
B2_feature,1.0,target,interior,all_positive_classes,exactly_2_labels,macro_class,q25_stability,0.31877124503257814,0.3092643062477442,0.3278407594725581,366,375,615,750,20,5000,5000,1.0,3021694564,20260901
B2_feature,1.0,target,interior,all_positive_classes,exactly_2_labels,macro_class,q75_stability,0.5798333536280375,0.5616780755122303,0.5972824167164761,366,375,615,750,20,5000,5000,1.0,3021694564,20260901
B2_feature,1.0,target,interior,all_positive_classes,3plus_labels,micro,mean_stability,0.41091180225609086,0.39957160846518625,0.4221508654766709,147,147,349,470,,5000,5000,1.0,3021694564,20260901
B2_feature,1.0,target,interior,all_positive_classes,3plus_labels,micro,median_stability,0.37366866168798213,0.36212134594147477,0.3849202095584662,147,147,349,470,,5000,5000,1.0,3021694564,20260901
B2_feature,1.0,target,interior,all_positive_classes,3plus_labels,micro,q25_stability,0.2774732438927479,0.2692461586879411,0.2856006859236835,147,147,349,470,,5000,5000,1.0,3021694564,20260901
B2_feature,1.0,target,interior,all_positive_classes,3plus_labels,micro,q75_stability,0.5149295348513946,0.49789023607752164,0.5315285376912263,147,147,349,470,,5000,5000,1.0,3021694564,20260901
B2_feature,1.0,target,interior,all_positive_classes,3plus_labels,macro_class,mean_stability,0.40463412206603017,0.38345992426631687,0.4256364400465854,147,147,349,470,19,5000,5000,1.0,3021694564,20260901
B2_feature,1.0,target,interior,all_positive_classes,3plus_labels,macro_class,median_stability,0.36433047524569667,0.3436287380503256,0.38660812556671864,147,147,349,470,19,5000,5000,1.0,3021694564,20260901
B2_feature,1.0,target,interior,all_positive_classes,3plus_labels,macro_class,q25_stability,0.27152499816673087,0.25476819297060166,0.2905198574537346,147,147,349,470,19,5000,5000,1.0,3021694564,20260901
B2_feature,1.0,target,interior,all_positive_classes,3plus_labels,macro_class,q75_stability,0.5059979655561243,0.47679428703728854,0.5335482955047618,147,147,349,470,19,5000,5000,1.0,3021694564,20260901
B2_feature,1.0,target,interior,per_class,all,micro,mean_stability,0.4633642670943125,0.44344704111285277,0.481796239272761,81,90,81,90,,5000,5000,1.0,3021694564,20260901
B2_feature,1.0,target,interior,per_class,all,micro,median_stability,0.42947502066323784,0.4075445875266774,0.44964748404081556,81,90,81,90,,5000,5000,1.0,3021694564,20260901
B2_feature,1.0,target,interior,per_class,all,micro,q25_stability,0.32609296930424964,0.31166018173985793,0.33978282943802907,81,90,81,90,,5000,5000,1.0,3021694564,20260901
B2_feature,1.0,target,interior,per_class,all,micro,q75_stability,0.578072857801561,0.548912454361827,0.6049240106948147,81,90,81,90,,5000,5000,1.0,3021694564,20260901
B2_feature,1.0,target,interior,per_class,all,micro,mean_stability,0.47452674852202037,0.44355219266247464,0.5054396817589074,60,79,60,79,,5000,5000,1.0,3021694564,20260901
B2_feature,1.0,target,interior,per_class,all,micro,median_stability,0.45062132080396017,0.4189219235118367,0.4847673361255703,60,79,60,79,,5000,5000,1.0,3021694564,20260901
B2_feature,1.0,target,interior,per_class,all,micro,q25_stability,0.3632333407178521,0.33711827276358103,0.3913586089985591,60,79,60,79,,5000,5000,1.0,3021694564,20260901
B2_feature,1.0,target,interior,per_class,all,micro,q75_stability,0.5663646720970671,0.5241935199251843,0.6097024185337692,60,79,60,79,,5000,5000,1.0,3021694564,20260901
B2_feature,1.0,target,interior,per_class,all,micro,mean_stability,0.5288841023725835,0.5072199982669284,0.5499488197739996,90,103,90,103,,5000,5000,1.0,3021694564,20260901
B2_feature,1.0,target,interior,per_class,all,micro,median_stability,0.5040316396289402,0.4811663133106599,0.526718454744722,90,103,90,103,,5000,5000,1.0,3021694564,20260901
B2_feature,1.0,target,interior,per_class,all,micro,q25_stability,0.3921575315710571,0.3755977144845505,0.4095251236418875,90,103,90,103,,5000,5000,1.0,3021694564,20260901
B2_feature,1.0,target,interior,per_class,all,micro,q75_stability,0.6532713647517893,0.6226557726021918,0.6826296784979033,90,103,90,103,,5000,5000,1.0,3021694564,20260901
B2_feature,1.0,target,interior,per_class,all,micro,mean_stability,0.4463621575221924,0.42408338484848024,0.4668279052474893,62,72,62,72,,5000,5000,1.0,3021694564,20260901
B2_feature,1.0,target,interior,per_class,all,micro,median_stability,0.4001158019227366,0.37738464116123716,0.4223878970476133,62,72,62,72,,5000,5000,1.0,3021694564,20260901
B2_feature,1.0,target,interior,per_class,all,micro,q25_stability,0.3020648294458947,0.28409773454714965,0.31949002955844924,62,72,62,72,,5000,5000,1.0,3021694564,20260901
B2_feature,1.0,target,interior,per_class,all,micro,q75_stability,0.5551924187569849,0.5221833495375318,0.585374028628899,62,72,62,72,,5000,5000,1.0,3021694564,20260901
B2_feature,1.0,target,interior,per_class,all,micro,mean_stability,0.42932683898326907,0.3963397920031895,0.4612514659092169,65,96,65,96,,5000,5000,1.0,3021694564,20260901
B2_feature,1.0,target,interior,per_class,all,micro,median_stability,0.40019646997635183,0.3683111735756466,0.43122005102822736,65,96,65,96,,5000,5000,1.0,3021694564,20260901
B2_feature,1.0,target,interior,per_class,all,micro,q25_stability,0.3009514642162965,0.2795702606091047,0.32199597479635816,65,96,65,96,,5000,5000,1.0,3021694564,20260901
B2_feature,1.0,target,interior,per_class,all,micro,q75_stability,0.5327888243473493,0.4871789780905005,0.5776631025449761,65,96,65,96,,5000,5000,1.0,3021694564,20260901
B2_feature,1.0,target,interior,per_class,all,micro,mean_stability,0.48968522410887366,0.46552850880763363,0.5119232903200666,71,74,71,74,,5000,5000,1.0,3021694564,20260901
B2_feature,1.0,target,interior,per_class,all,micro,median_stability,0.4578769308265666,0.4329673980646159,0.48164306063720946,71,74,71,74,,5000,5000,1.0,3021694564,20260901
B2_feature,1.0,target,interior,per_class,all,micro,q25_stability,0.3388626433541657,0.3199573761599329,0.35777185228782604,71,74,71,74,,5000,5000,1.0,3021694564,20260901
B2_feature,1.0,target,interior,per_class,all,micro,q75_stability,0.618900399917448,0.5867696508226248,0.6484177357756665,71,74,71,74,,5000,5000,1.0,3021694564,20260901
B2_feature,1.0,target,interior,per_class,all,micro,mean_stability,0.4540008744270996,0.4309512212863882,0.47650193370686006,91,127,91,127,,5000,5000,1.0,3021694564,20260901
B2_feature,1.0,target,interior,per_class,all,micro,median_stability,0.4210953750535027,0.39712309675600876,0.4448305566736662,91,127,91,127,,5000,5000,1.0,3021694564,20260901
B2_feature,1.0,target,interior,per_class,all,micro,q25_stability,0.30917804512185054,0.29153226211264605,0.3262066927226005,91,127,91,127,,5000,5000,1.0,3021694564,20260901
B2_feature,1.0,target,interior,per_class,all,micro,q75_stability,0.575069849000691,0.5433506097593163,0.6064764629393082,91,127,91,127,,5000,5000,1.0,3021694564,20260901
B2_feature,1.0,target,interior,per_class,all,micro,mean_stability,0.5119956858789007,0.49438657475421677,0.5282345408968461,118,119,118,119,,5000,5000,1.0,3021694564,20260901
B2_feature,1.0,target,interior,per_class,all,micro,median_stability,0.48665313691027084,0.46808087758925127,0.5040153644844827,118,119,118,119,,5000,5000,1.0,3021694564,20260901
B2_feature,1.0,target,interior,per_class,all,micro,q25_stability,0.35301952927483843,0.3395246027773699,0.3653462523942866,118,119,118,119,,5000,5000,1.0,3021694564,20260901
B2_feature,1.0,target,interior,per_class,all,micro,q75_stability,0.6527227769148046,0.6281875307142991,0.6752434997266242,118,119,118,119,,5000,5000,1.0,3021694564,20260901
B2_feature,1.0,target,interior,per_class,all,micro,mean_stability,0.4327033385964475,0.41034526271545385,0.452767429098553,94,123,94,123,,5000,5000,1.0,3021694564,20260901
B2_feature,1.0,target,interior,per_class,all,micro,median_stability,0.3996739763211697,0.37829791334086865,0.42072294704367197,94,123,94,123,,5000,5000,1.0,3021694564,20260901
B2_feature,1.0,target,interior,per_class,all,micro,q25_stability,0.3026039305123243,0.28718507495028006,0.31889249146835474,94,123,94,123,,5000,5000,1.0,3021694564,20260901
B2_feature,1.0,target,interior,per_class,all,micro,q75_stability,0.5368641755999403,0.5050221679945219,0.5654965540595762,94,123,94,123,,5000,5000,1.0,3021694564,20260901
B2_feature,1.0,target,interior,per_class,all,micro,mean_stability,0.4502525538157502,0.42601097096184704,0.4733316958741773,68,71,68,71,,5000,5000,1.0,3021694564,20260901
B2_feature,1.0,target,interior,per_class,all,micro,median_stability,0.41191661686581726,0.38798661946480123,0.4353000245612709,68,71,68,71,,5000,5000,1.0,3021694564,20260901
B2_feature,1.0,target,interior,per_class,all,micro,q25_stability,0.2991445628542672,0.28193941022603164,0.3153562957993881,68,71,68,71,,5000,5000,1.0,3021694564,20260901
B2_feature,1.0,target,interior,per_class,all,micro,q75_stability,0.5738378314520506,0.5392734768484755,0.6060687920215594,68,71,68,71,,5000,5000,1.0,3021694564,20260901
B2_feature,1.0,target,interior,per_class,all,micro,mean_stability,0.4578610375387697,0.4399143480561549,0.474827713251649,72,75,72,75,,5000,5000,1.0,3021694564,20260901
B2_feature,1.0,target,interior,per_class,all,micro,median_stability,0.41124256596797043,0.3931887464569431,0.4290933677046023,72,75,72,75,,5000,5000,1.0,3021694564,20260901
B2_feature,1.0,target,interior,per_class,all,micro,q25_stability,0.3064941865288549,0.29307584671868425,0.32026442100913755,72,75,72,75,,5000,5000,1.0,3021694564,20260901
B2_feature,1.0,target,interior,per_class,all,micro,q75_stability,0.5832797524829706,0.5558621105674679,0.6098716252477755,72,75,72,75,,5000,5000,1.0,3021694564,20260901
B2_feature,1.0,target,interior,per_class,all,micro,mean_stability,0.47962394911323886,0.4638181641236324,0.49511919018835515,126,128,126,128,,5000,5000,1.0,3021694564,20260901
B2_feature,1.0,target,interior,per_class,all,micro,median_stability,0.4462657609274463,0.42938641703812974,0.4632122678061326,126,128,126,128,,5000,5000,1.0,3021694564,20260901
B2_feature,1.0,target,interior,per_class,all,micro,q25_stability,0.32313225025104153,0.3108583553516852,0.3357892430850476,126,128,126,128,,5000,5000,1.0,3021694564,20260901
B2_feature,1.0,target,interior,per_class,all,micro,q75_stability,0.6113479587116412,0.5881657610449146,0.6339491198192985,126,128,126,128,,5000,5000,1.0,3021694564,20260901
B2_feature,1.0,target,interior,per_class,all,micro,mean_stability,0.5058313768895304,0.4868556007353187,0.5227908268830311,77,79,77,79,,5000,5000,1.0,3021694564,20260901
B2_feature,1.0,target,interior,per_class,all,micro,median_stability,0.47562127976448504,0.454340244833998,0.4948401854817665,77,79,77,79,,5000,5000,1.0,3021694564,20260901
B2_feature,1.0,target,interior,per_class,all,micro,q25_stability,0.3557962375366456,0.3393958352126637,0.3713025757595413,77,79,77,79,,5000,5000,1.0,3021694564,20260901
B2_feature,1.0,target,interior,per_class,all,micro,q75_stability,0.6367690286949858,0.6112618835744399,0.6596400698646903,77,79,77,79,,5000,5000,1.0,3021694564,20260901
B2_feature,1.0,target,interior,per_class,all,micro,mean_stability,0.4865239218698341,0.46903748158786573,0.5025935685601257,72,76,72,76,,5000,5000,1.0,3021694564,20260901
B2_feature,1.0,target,interior,per_class,all,micro,median_stability,0.4453366817906499,0.42587732036473414,0.46346804453631896,72,76,72,76,,5000,5000,1.0,3021694564,20260901
B2_feature,1.0,target,interior,per_class,all,micro,q25_stability,0.3299972290794055,0.31579434226289993,0.3438758946450738,72,76,72,76,,5000,5000,1.0,3021694564,20260901
B2_feature,1.0,target,interior,per_class,all,micro,q75_stability,0.6159462621435523,0.5915619166438107,0.6385248517567301,72,76,72,76,,5000,5000,1.0,3021694564,20260901
B2_feature,1.0,target,interior,per_class,all,micro,mean_stability,0.43626021780595703,0.42541365618998056,0.44710720410635096,364,445,364,445,,5000,5000,1.0,3021694564,20260901
B2_feature,1.0,target,interior,per_class,all,micro,median_stability,0.39769461904498904,0.3864510106583681,0.40902866376463376,364,445,364,445,,5000,5000,1.0,3021694564,20260901
B2_feature,1.0,target,interior,per_class,all,micro,q25_stability,0.29536348524001926,0.2865342183495937,0.3045142206271853,364,445,364,445,,5000,5000,1.0,3021694564,20260901
B2_feature,1.0,target,interior,per_class,all,micro,q75_stability,0.5463975339739041,0.5313180668619366,0.5614324128424381,364,445,364,445,,5000,5000,1.0,3021694564,20260901
B2_feature,1.0,target,interior,per_class,all,micro,mean_stability,0.4663811166230828,0.43400492527229123,0.49749103030608527,53,85,53,85,,5000,5000,1.0,3021694564,20260901
B2_feature,1.0,target,interior,per_class,all,micro,median_stability,0.42276267145039903,0.3907730772608408,0.4530836933640682,53,85,53,85,,5000,5000,1.0,3021694564,20260901
B2_feature,1.0,target,interior,per_class,all,micro,q25_stability,0.3250750702507091,0.2996262753146307,0.3506895797272432,53,85,53,85,,5000,5000,1.0,3021694564,20260901
B2_feature,1.0,target,interior,per_class,all,micro,q75_stability,0.5882797788758323,0.5418025373710228,0.6338746597995746,53,85,53,85,,5000,5000,1.0,3021694564,20260901
B2_feature,1.0,target,interior,per_class,all,micro,mean_stability,0.47835686335660627,0.4521616329141653,0.5028688278781965,51,57,51,57,,5000,5000,1.0,3021694564,20260901
B2_feature,1.0,target,interior,per_class,all,micro,median_stability,0.4440336049917866,0.41709250792129227,0.4693971955010461,51,57,51,57,,5000,5000,1.0,3021694564,20260901
B2_feature,1.0,target,interior,per_class,all,micro,q25_stability,0.32961964252970966,0.31063878319823657,0.3473586093017146,51,57,51,57,,5000,5000,1.0,3021694564,20260901
B2_feature,1.0,target,interior,per_class,all,micro,q75_stability,0.6116511683691951,0.5750463614669233,0.6462482774945617,51,57,51,57,,5000,5000,1.0,3021694564,20260901
B2_feature,1.0,target,interior,per_class,all,micro,mean_stability,0.45605866434316517,0.4426353702937477,0.46907376870052697,85,90,85,90,,5000,5000,1.0,3021694564,20260901
B2_feature,1.0,target,interior,per_class,all,micro,median_stability,0.41124329566955564,0.3959597911408352,0.4258095673203354,85,90,85,90,,5000,5000,1.0,3021694564,20260901
B2_feature,1.0,target,interior,per_class,all,micro,q25_stability,0.2969550394398325,0.2849292346007116,0.30842720893613823,85,90,85,90,,5000,5000,1.0,3021694564,20260901
B2_feature,1.0,target,interior,per_class,all,micro,q75_stability,0.5854968229637426,0.5653997669043711,0.6058344630482037,85,90,85,90,,5000,5000,1.0,3021694564,20260901
B2_feature,1.0,target,interior,per_class,all,micro,mean_stability,0.5354399882559713,0.5218332866564939,0.5474725541224008,84,84,84,84,,5000,5000,1.0,3021694564,20260901
B2_feature,1.0,target,interior,per_class,all,micro,median_stability,0.5109604955429122,0.49527251195783417,0.5250642006773324,84,84,84,84,,5000,5000,1.0,3021694564,20260901
B2_feature,1.0,target,interior,per_class,all,micro,q25_stability,0.3784512544405602,0.3659755572865141,0.390444845864771,84,84,84,84,,5000,5000,1.0,3021694564,20260901
B2_feature,1.0,target,interior,per_class,all,micro,q75_stability,0.6774994692809525,0.6585249227227732,0.6939953782396124,84,84,84,84,,5000,5000,1.0,3021694564,20260901
B2_feature,1.0,target,interior,per_class,all,micro,mean_stability,0.4343002071325739,0.4081469136881712,0.4593638100725996,66,74,66,74,,5000,5000,1.0,3021694564,20260901
B2_feature,1.0,target,interior,per_class,all,micro,median_stability,0.39469896493987605,0.3679093159172648,0.42091286438142433,66,74,66,74,,5000,5000,1.0,3021694564,20260901
B2_feature,1.0,target,interior,per_class,all,micro,q25_stability,0.28914714858613233,0.2700983797707921,0.30881954629137087,66,74,66,74,,5000,5000,1.0,3021694564,20260901
B2_feature,1.0,target,interior,per_class,all,micro,q75_stability,0.5496693183526848,0.5136420492737171,0.5837007380710608,66,74,66,74,,5000,5000,1.0,3021694564,20260901
B3_spatial_feature,1.0,background,boundary,all_positive_classes,all,micro,mean_stability,0.5136461735423649,0.5112945009375104,0.5158402869330186,1424,1449,2110,2147,,5000,5000,1.0,3021694564,20260901
B3_spatial_feature,1.0,background,boundary,all_positive_classes,all,micro,median_stability,0.48037106755644227,0.4774330065098477,0.48310595194643535,1424,1449,2110,2147,,5000,5000,1.0,3021694564,20260901
B3_spatial_feature,1.0,background,boundary,all_positive_classes,all,micro,q25_stability,0.3518847320025778,0.3495094174059112,0.3541805816300304,1424,1449,2110,2147,,5000,5000,1.0,3021694564,20260901
B3_spatial_feature,1.0,background,boundary,all_positive_classes,all,micro,q75_stability,0.6555760482705741,0.6522341064045599,0.6587692029851765,1424,1449,2110,2147,,5000,5000,1.0,3021694564,20260901
B3_spatial_feature,1.0,background,boundary,all_positive_classes,all,macro_class,mean_stability,0.5152736673761849,0.512865679249288,0.5175412957460869,1424,1449,2110,2147,20,5000,5000,1.0,3021694564,20260901
B3_spatial_feature,1.0,background,boundary,all_positive_classes,all,macro_class,median_stability,0.48192326980039013,0.47891366026630744,0.4848083235629933,1424,1449,2110,2147,20,5000,5000,1.0,3021694564,20260901
B3_spatial_feature,1.0,background,boundary,all_positive_classes,all,macro_class,q25_stability,0.35404921969257463,0.3516500623333223,0.35636490566565715,1424,1449,2110,2147,20,5000,5000,1.0,3021694564,20260901
B3_spatial_feature,1.0,background,boundary,all_positive_classes,all,macro_class,q75_stability,0.6569200526562258,0.6533965133928241,0.660356440461218,1424,1449,2110,2147,20,5000,5000,1.0,3021694564,20260901
B3_spatial_feature,1.0,background,boundary,all_positive_classes,single_label,micro,mean_stability,0.5146182257256643,0.5110530007280787,0.5181801894477169,912,927,912,927,,5000,5000,1.0,3021694564,20260901
B3_spatial_feature,1.0,background,boundary,all_positive_classes,single_label,micro,median_stability,0.4817157136766534,0.4773105376376605,0.48610754594569233,912,927,912,927,,5000,5000,1.0,3021694564,20260901
B3_spatial_feature,1.0,background,boundary,all_positive_classes,single_label,micro,q25_stability,0.3542396161876815,0.3505107025768721,0.35788818395008093,912,927,912,927,,5000,5000,1.0,3021694564,20260901
B3_spatial_feature,1.0,background,boundary,all_positive_classes,single_label,micro,q75_stability,0.6545392052646268,0.6493577334201955,0.659682873117797,912,927,912,927,,5000,5000,1.0,3021694564,20260901
B3_spatial_feature,1.0,background,boundary,all_positive_classes,single_label,macro_class,mean_stability,0.5127483540501566,0.5079046206359159,0.51722183379117,912,927,912,927,20,5000,5000,1.0,3021694564,20260901
B3_spatial_feature,1.0,background,boundary,all_positive_classes,single_label,macro_class,median_stability,0.48022206908194115,0.474459982355109,0.4862241297226959,912,927,912,927,20,5000,5000,1.0,3021694564,20260901
B3_spatial_feature,1.0,background,boundary,all_positive_classes,single_label,macro_class,q25_stability,0.353634620261723,0.34865416069943334,0.35858601583388966,912,927,912,927,20,5000,5000,1.0,3021694564,20260901
B3_spatial_feature,1.0,background,boundary,all_positive_classes,single_label,macro_class,q75_stability,0.6498826172672783,0.6438745780640539,0.6554069481786201,912,927,912,927,20,5000,5000,1.0,3021694564,20260901
B3_spatial_feature,1.0,background,boundary,all_positive_classes,exactly_2_labels,micro,mean_stability,0.5114437130459629,0.5076025627648225,0.5151674884782663,367,375,734,750,,5000,5000,1.0,3021694564,20260901
B3_spatial_feature,1.0,background,boundary,all_positive_classes,exactly_2_labels,micro,median_stability,0.4773659710988037,0.4725920452405346,0.48199760767452104,367,375,734,750,,5000,5000,1.0,3021694564,20260901
B3_spatial_feature,1.0,background,boundary,all_positive_classes,exactly_2_labels,micro,q25_stability,0.34866200188271274,0.3448590979219625,0.3523828669733693,367,375,734,750,,5000,5000,1.0,3021694564,20260901
B3_spatial_feature,1.0,background,boundary,all_positive_classes,exactly_2_labels,micro,q75_stability,0.6550370623847364,0.6494502677617828,0.6605327980581863,367,375,734,750,,5000,5000,1.0,3021694564,20260901
B3_spatial_feature,1.0,background,boundary,all_positive_classes,exactly_2_labels,macro_class,mean_stability,0.5166888392958019,0.51142362553738,0.5215658277910739,367,375,734,750,20,5000,5000,1.0,3021694564,20260901
B3_spatial_feature,1.0,background,boundary,all_positive_classes,exactly_2_labels,macro_class,median_stability,0.48256647586463197,0.47622899058147017,0.4885281014901894,367,375,734,750,20,5000,5000,1.0,3021694564,20260901
B3_spatial_feature,1.0,background,boundary,all_positive_classes,exactly_2_labels,macro_class,q25_stability,0.3541080233050743,0.34889634709734557,0.35903956260904907,367,375,734,750,20,5000,5000,1.0,3021694564,20260901
B3_spatial_feature,1.0,background,boundary,all_positive_classes,exactly_2_labels,macro_class,q75_stability,0.6621023235397837,0.6547604018638334,0.6690724793913773,367,375,734,750,20,5000,5000,1.0,3021694564,20260901
B3_spatial_feature,1.0,background,boundary,all_positive_classes,3plus_labels,micro,mean_stability,0.515219652881138,0.510781117480075,0.5196433594728664,145,147,464,470,,5000,5000,1.0,3021694564,20260901
B3_spatial_feature,1.0,background,boundary,all_positive_classes,3plus_labels,micro,median_stability,0.4824818941475502,0.4768818414081904,0.48809964521614485,145,147,464,470,,5000,5000,1.0,3021694564,20260901
B3_spatial_feature,1.0,background,boundary,all_positive_classes,3plus_labels,micro,q25_stability,0.35235419219905706,0.3477532785655388,0.35679970376059217,145,147,464,470,,5000,5000,1.0,3021694564,20260901
B3_spatial_feature,1.0,background,boundary,all_positive_classes,3plus_labels,micro,q75_stability,0.6584666009896017,0.6523496419994902,0.6644747504553593,145,147,464,470,,5000,5000,1.0,3021694564,20260901
B3_spatial_feature,1.0,background,boundary,all_positive_classes,3plus_labels,macro_class,mean_stability,0.5138996224040486,0.5087514840712921,0.524580340677041,145,147,464,470,20,5000,5000,1.0,3021694564,20260901
B3_spatial_feature,1.0,background,boundary,all_positive_classes,3plus_labels,macro_class,median_stability,0.4818738896563663,0.4740840060430276,0.4940248557281162,145,147,464,470,20,5000,5000,1.0,3021694564,20260901
B3_spatial_feature,1.0,background,boundary,all_positive_classes,3plus_labels,macro_class,q25_stability,0.3515913225936837,0.3471986181608287,0.36043709909363564,145,147,464,470,20,5000,5000,1.0,3021694564,20260901
B3_spatial_feature,1.0,background,boundary,all_positive_classes,3plus_labels,macro_class,q75_stability,0.6570606179225729,0.6484283737099081,0.6722800446921458,145,147,464,470,20,5000,5000,1.0,3021694564,20260901
B3_spatial_feature,1.0,background,boundary,per_class,all,micro,mean_stability,0.5213924544025842,0.5092680764273103,0.5328476722518083,88,90,88,90,,5000,5000,1.0,3021694564,20260901
B3_spatial_feature,1.0,background,boundary,per_class,all,micro,median_stability,0.49449160204014997,0.48037273913258327,0.5075741383535386,88,90,88,90,,5000,5000,1.0,3021694564,20260901
B3_spatial_feature,1.0,background,boundary,per_class,all,micro,q25_stability,0.3548927545674484,0.34219981165836083,0.3673275580476554,88,90,88,90,,5000,5000,1.0,3021694564,20260901
B3_spatial_feature,1.0,background,boundary,per_class,all,micro,q75_stability,0.6702656380578198,0.6523637354151685,0.6864660902968983,88,90,88,90,,5000,5000,1.0,3021694564,20260901
B3_spatial_feature,1.0,background,boundary,per_class,all,micro,mean_stability,0.5212018068129298,0.5123161289088306,0.5310650065318702,78,79,78,79,,5000,5000,1.0,3021694564,20260901
B3_spatial_feature,1.0,background,boundary,per_class,all,micro,median_stability,0.4839458473217793,0.471998624257721,0.4963528692132876,78,79,78,79,,5000,5000,1.0,3021694564,20260901
B3_spatial_feature,1.0,background,boundary,per_class,all,micro,q25_stability,0.35881554096555096,0.3473581101203078,0.37303076684025255,78,79,78,79,,5000,5000,1.0,3021694564,20260901
B3_spatial_feature,1.0,background,boundary,per_class,all,micro,q75_stability,0.6634283942671922,0.6521107589433852,0.6743422337211236,78,79,78,79,,5000,5000,1.0,3021694564,20260901
B3_spatial_feature,1.0,background,boundary,per_class,all,micro,mean_stability,0.5472138147638644,0.5365457099250185,0.5576935791768524,103,103,103,103,,5000,5000,1.0,3021694564,20260901
B3_spatial_feature,1.0,background,boundary,per_class,all,micro,median_stability,0.5228401804433286,0.5101154792149668,0.535295207440419,103,103,103,103,,5000,5000,1.0,3021694564,20260901
B3_spatial_feature,1.0,background,boundary,per_class,all,micro,q25_stability,0.3899126783809037,0.37817779906383414,0.4016967449717006,103,103,103,103,,5000,5000,1.0,3021694564,20260901
B3_spatial_feature,1.0,background,boundary,per_class,all,micro,q75_stability,0.6925567750213215,0.6786036631725367,0.7062485258158261,103,103,103,103,,5000,5000,1.0,3021694564,20260901
B3_spatial_feature,1.0,background,boundary,per_class,all,micro,mean_stability,0.5059581493849021,0.4920334815936539,0.5206802053223114,71,72,71,72,,5000,5000,1.0,3021694564,20260901
B3_spatial_feature,1.0,background,boundary,per_class,all,micro,median_stability,0.4705722148359661,0.45299964002537835,0.48817361011272914,71,72,71,72,,5000,5000,1.0,3021694564,20260901
B3_spatial_feature,1.0,background,boundary,per_class,all,micro,q25_stability,0.344569480650022,0.3307533322505548,0.35850444784421204,71,72,71,72,,5000,5000,1.0,3021694564,20260901
B3_spatial_feature,1.0,background,boundary,per_class,all,micro,q75_stability,0.6427309976916917,0.6198475086105061,0.6662564826835,71,72,71,72,,5000,5000,1.0,3021694564,20260901
B3_spatial_feature,1.0,background,boundary,per_class,all,micro,mean_stability,0.5102783739566308,0.5021613166987546,0.5184837416184613,93,96,93,96,,5000,5000,1.0,3021694564,20260901
B3_spatial_feature,1.0,background,boundary,per_class,all,micro,median_stability,0.4776265286309745,0.4667269874916384,0.48893362629540943,93,96,93,96,,5000,5000,1.0,3021694564,20260901
B3_spatial_feature,1.0,background,boundary,per_class,all,micro,q25_stability,0.3493661922953462,0.34014971775545194,0.35856034465627323,93,96,93,96,,5000,5000,1.0,3021694564,20260901
B3_spatial_feature,1.0,background,boundary,per_class,all,micro,q75_stability,0.6500005492119378,0.6387408016289595,0.6613543974202121,93,96,93,96,,5000,5000,1.0,3021694564,20260901
B3_spatial_feature,1.0,background,boundary,per_class,all,micro,mean_stability,0.5311337461193072,0.5216120932760747,0.5405995512189087,74,74,74,74,,5000,5000,1.0,3021694564,20260901
B3_spatial_feature,1.0,background,boundary,per_class,all,micro,median_stability,0.4980487628160296,0.4855387620829247,0.5109700345560102,74,74,74,74,,5000,5000,1.0,3021694564,20260901
B3_spatial_feature,1.0,background,boundary,per_class,all,micro,q25_stability,0.37365513506370623,0.3641854716062143,0.38307509729890404,74,74,74,74,,5000,5000,1.0,3021694564,20260901
B3_spatial_feature,1.0,background,boundary,per_class,all,micro,q75_stability,0.6717301321190756,0.6576853874919786,0.686060822921226,74,74,74,74,,5000,5000,1.0,3021694564,20260901
B3_spatial_feature,1.0,background,boundary,per_class,all,micro,mean_stability,0.5164220032460991,0.5067332051040028,0.5256051679016308,126,127,126,127,,5000,5000,1.0,3021694564,20260901
B3_spatial_feature,1.0,background,boundary,per_class,all,micro,median_stability,0.48406803229498485,0.47216897525890605,0.49534091322911217,126,127,126,127,,5000,5000,1.0,3021694564,20260901
B3_spatial_feature,1.0,background,boundary,per_class,all,micro,q25_stability,0.35544989881889216,0.346103731373733,0.3646853988165721,126,127,126,127,,5000,5000,1.0,3021694564,20260901
B3_spatial_feature,1.0,background,boundary,per_class,all,micro,q75_stability,0.6618992035232839,0.6475480662764892,0.6752983771103338,126,127,126,127,,5000,5000,1.0,3021694564,20260901
B3_spatial_feature,1.0,background,boundary,per_class,all,micro,mean_stability,0.5001449683728734,0.4905559983898647,0.5092157609115949,113,119,113,119,,5000,5000,1.0,3021694564,20260901
B3_spatial_feature,1.0,background,boundary,per_class,all,micro,median_stability,0.4640529571117553,0.452099635838293,0.47597858204367366,113,119,113,119,,5000,5000,1.0,3021694564,20260901
B3_spatial_feature,1.0,background,boundary,per_class,all,micro,q25_stability,0.33398660354777776,0.32432006539590935,0.34357336500161806,113,119,113,119,,5000,5000,1.0,3021694564,20260901
B3_spatial_feature,1.0,background,boundary,per_class,all,micro,q75_stability,0.6389225602677439,0.6251129148865894,0.652493278311538,113,119,113,119,,5000,5000,1.0,3021694564,20260901
B3_spatial_feature,1.0,background,boundary,per_class,all,micro,mean_stability,0.5036025599645376,0.49546333622935373,0.5111783563204485,122,123,122,123,,5000,5000,1.0,3021694564,20260901
B3_spatial_feature,1.0,background,boundary,per_class,all,micro,median_stability,0.4687417562379212,0.45917214868150374,0.4778668126083476,122,123,122,123,,5000,5000,1.0,3021694564,20260901
B3_spatial_feature,1.0,background,boundary,per_class,all,micro,q25_stability,0.34019832419933843,0.332389346000756,0.3478833752102473,122,123,122,123,,5000,5000,1.0,3021694564,20260901
B3_spatial_feature,1.0,background,boundary,per_class,all,micro,q75_stability,0.6416130549595004,0.6293618484453464,0.6533017726211497,122,123,122,123,,5000,5000,1.0,3021694564,20260901
B3_spatial_feature,1.0,background,boundary,per_class,all,micro,mean_stability,0.5075667546177521,0.49447442990759904,0.5203662328260019,71,71,71,71,,5000,5000,1.0,3021694564,20260901
B3_spatial_feature,1.0,background,boundary,per_class,all,micro,median_stability,0.470529651767771,0.4546953411012048,0.4862353855770239,71,71,71,71,,5000,5000,1.0,3021694564,20260901
B3_spatial_feature,1.0,background,boundary,per_class,all,micro,q25_stability,0.3481344716544722,0.3357192806689672,0.3606950702263751,71,71,71,71,,5000,5000,1.0,3021694564,20260901
B3_spatial_feature,1.0,background,boundary,per_class,all,micro,q75_stability,0.6480604457393498,0.6296430415670636,0.666371204969014,71,71,71,71,,5000,5000,1.0,3021694564,20260901
B3_spatial_feature,1.0,background,boundary,per_class,all,micro,mean_stability,0.5177401796663484,0.5080793506514988,0.5274096242916151,73,75,73,75,,5000,5000,1.0,3021694564,20260901
B3_spatial_feature,1.0,background,boundary,per_class,all,micro,median_stability,0.4860350738649499,0.47325891720547797,0.4994418965813504,73,75,73,75,,5000,5000,1.0,3021694564,20260901
B3_spatial_feature,1.0,background,boundary,per_class,all,micro,q25_stability,0.35816409321476333,0.34872799882278294,0.3677843646476725,73,75,73,75,,5000,5000,1.0,3021694564,20260901
B3_spatial_feature,1.0,background,boundary,per_class,all,micro,q75_stability,0.657755129651664,0.6437234798626689,0.6715902443790221,73,75,73,75,,5000,5000,1.0,3021694564,20260901
B3_spatial_feature,1.0,background,boundary,per_class,all,micro,mean_stability,0.49684740691580087,0.4857812718708837,0.506919564904913,124,128,124,128,,5000,5000,1.0,3021694564,20260901
B3_spatial_feature,1.0,background,boundary,per_class,all,micro,median_stability,0.46035436432688465,0.4477807225022968,0.47266448455606624,124,128,124,128,,5000,5000,1.0,3021694564,20260901
B3_spatial_feature,1.0,background,boundary,per_class,all,micro,q25_stability,0.33233481540434784,0.3232933113815416,0.34115263222871356,124,128,124,128,,5000,5000,1.0,3021694564,20260901
B3_spatial_feature,1.0,background,boundary,per_class,all,micro,q75_stability,0.6423886001350418,0.6256209159418213,0.6574286686219449,124,128,124,128,,5000,5000,1.0,3021694564,20260901
B3_spatial_feature,1.0,background,boundary,per_class,all,micro,mean_stability,0.5182125706372664,0.5088153877138196,0.5275033855911558,78,79,78,79,,5000,5000,1.0,3021694564,20260901
B3_spatial_feature,1.0,background,boundary,per_class,all,micro,median_stability,0.48517652238026643,0.472912735119462,0.49713353899295454,78,79,78,79,,5000,5000,1.0,3021694564,20260901
B3_spatial_feature,1.0,background,boundary,per_class,all,micro,q25_stability,0.35971029847860336,0.35030187612007324,0.3691592730151919,78,79,78,79,,5000,5000,1.0,3021694564,20260901
B3_spatial_feature,1.0,background,boundary,per_class,all,micro,q75_stability,0.6547331149952534,0.6397460851508138,0.6683624342761256,78,79,78,79,,5000,5000,1.0,3021694564,20260901
B3_spatial_feature,1.0,background,boundary,per_class,all,micro,mean_stability,0.516159191103829,0.5068493090629238,0.5250652685780572,76,76,76,76,,5000,5000,1.0,3021694564,20260901
B3_spatial_feature,1.0,background,boundary,per_class,all,micro,median_stability,0.47967053538090304,0.4682961957137051,0.49071539220351135,76,76,76,76,,5000,5000,1.0,3021694564,20260901
B3_spatial_feature,1.0,background,boundary,per_class,all,micro,q25_stability,0.3570549500321871,0.34742558861371914,0.3660512226462168,76,76,76,76,,5000,5000,1.0,3021694564,20260901
B3_spatial_feature,1.0,background,boundary,per_class,all,micro,q75_stability,0.6564729909755682,0.6436823517721343,0.6694200060918535,76,76,76,76,,5000,5000,1.0,3021694564,20260901
B3_spatial_feature,1.0,background,boundary,per_class,all,micro,mean_stability,0.5092793390456261,0.505047295040104,0.5134892954805288,439,445,439,445,,5000,5000,1.0,3021694564,20260901
B3_spatial_feature,1.0,background,boundary,per_class,all,micro,median_stability,0.4760101310111124,0.4707622513252881,0.48130198329781043,439,445,439,445,,5000,5000,1.0,3021694564,20260901
B3_spatial_feature,1.0,background,boundary,per_class,all,micro,q25_stability,0.34581533817739857,0.3413840118011084,0.3502676794171819,439,445,439,445,,5000,5000,1.0,3021694564,20260901
B3_spatial_feature,1.0,background,boundary,per_class,all,micro,q75_stability,0.6523983778775688,0.6463296122907498,0.6583861845991995,439,445,439,445,,5000,5000,1.0,3021694564,20260901
B3_spatial_feature,1.0,background,boundary,per_class,all,micro,mean_stability,0.5126457743521212,0.5046281012182219,0.5209228798755345,84,85,84,85,,5000,5000,1.0,3021694564,20260901
B3_spatial_feature,1.0,background,boundary,per_class,all,micro,median_stability,0.4803503936245328,0.4701999300392214,0.49086166473611775,84,85,84,85,,5000,5000,1.0,3021694564,20260901
B3_spatial_feature,1.0,background,boundary,per_class,all,micro,q25_stability,0.3516008136350484,0.3436339945258985,0.3599579676193993,84,85,84,85,,5000,5000,1.0,3021694564,20260901
B3_spatial_feature,1.0,background,boundary,per_class,all,micro,q75_stability,0.6532888770813033,0.639981329296807,0.6664626247285544,84,85,84,85,,5000,5000,1.0,3021694564,20260901
B3_spatial_feature,1.0,background,boundary,per_class,all,micro,mean_stability,0.5250908224386108,0.5129978713063899,0.5360087771505709,57,57,57,57,,5000,5000,1.0,3021694564,20260901
B3_spatial_feature,1.0,background,boundary,per_class,all,micro,median_stability,0.48868348488682195,0.47358128518650405,0.5026417313110932,57,57,57,57,,5000,5000,1.0,3021694564,20260901
B3_spatial_feature,1.0,background,boundary,per_class,all,micro,q25_stability,0.36006031773592295,0.3493449900037887,0.37049378955638723,57,57,57,57,,5000,5000,1.0,3021694564,20260901
B3_spatial_feature,1.0,background,boundary,per_class,all,micro,q75_stability,0.6790169052648962,0.6596049267439205,0.6958707256863514,57,57,57,57,,5000,5000,1.0,3021694564,20260901
B3_spatial_feature,1.0,background,boundary,per_class,all,micro,mean_stability,0.5013927544578161,0.4927557474294936,0.509901973893983,85,90,85,90,,5000,5000,1.0,3021694564,20260901
B3_spatial_feature,1.0,background,boundary,per_class,all,micro,median_stability,0.4619516234187519,0.4503141640270929,0.4737327223155825,85,90,85,90,,5000,5000,1.0,3021694564,20260901
B3_spatial_feature,1.0,background,boundary,per_class,all,micro,q25_stability,0.3405811895780704,0.33055452231810184,0.3504733807957804,85,90,85,90,,5000,5000,1.0,3021694564,20260901
B3_spatial_feature,1.0,background,boundary,per_class,all,micro,q75_stability,0.6399111823124044,0.6268273975400486,0.652765564298732,85,90,85,90,,5000,5000,1.0,3021694564,20260901
B3_spatial_feature,1.0,background,boundary,per_class,all,micro,mean_stability,0.5274591586078335,0.5176288027809236,0.5370707420499895,83,84,83,84,,5000,5000,1.0,3021694564,20260901
B3_spatial_feature,1.0,background,boundary,per_class,all,micro,median_stability,0.5011388393769781,0.4876600301277543,0.5148095332059045,83,84,83,84,,5000,5000,1.0,3021694564,20260901
B3_spatial_feature,1.0,background,boundary,per_class,all,micro,q25_stability,0.3683940284851804,0.3577744635506477,0.3788710423151584,83,84,83,84,,5000,5000,1.0,3021694564,20260901
B3_spatial_feature,1.0,background,boundary,per_class,all,micro,q75_stability,0.6713885795100626,0.6574592116659126,0.6856979627566165,83,84,83,84,,5000,5000,1.0,3021694564,20260901
B3_spatial_feature,1.0,background,boundary,per_class,all,micro,mean_stability,0.5157315186569644,0.5041381274437513,0.5272503137656208,72,74,72,74,,5000,5000,1.0,3021694564,20260901
B3_spatial_feature,1.0,background,boundary,per_class,all,micro,median_stability,0.4841768942359421,0.46882725114201557,0.49906678806350835,72,74,72,74,,5000,5000,1.0,3021694564,20260901
B3_spatial_feature,1.0,background,boundary,per_class,all,micro,q25_stability,0.35828746896651054,0.34587848841888147,0.3709665589108269,72,74,72,74,,5000,5000,1.0,3021694564,20260901
B3_spatial_feature,1.0,background,boundary,per_class,all,micro,q75_stability,0.6498395444618331,0.6338254654357045,0.6655643057797384,72,74,72,74,,5000,5000,1.0,3021694564,20260901
B3_spatial_feature,1.0,background,interior,all_positive_classes,all,micro,mean_stability,0.5400937940385818,0.5383158718305424,0.5418098136288453,1430,1449,2117,2147,,5000,5000,1.0,3021694564,20260901
B3_spatial_feature,1.0,background,interior,all_positive_classes,all,micro,median_stability,0.513317236612583,0.5112038653263168,0.5153518168338519,1430,1449,2117,2147,,5000,5000,1.0,3021694564,20260901
B3_spatial_feature,1.0,background,interior,all_positive_classes,all,micro,q25_stability,0.3760287051437089,0.3741664514776832,0.3778869368121319,1430,1449,2117,2147,,5000,5000,1.0,3021694564,20260901
B3_spatial_feature,1.0,background,interior,all_positive_classes,all,micro,q75_stability,0.6896878678877791,0.6873509846197962,0.691851246486204,1430,1449,2117,2147,,5000,5000,1.0,3021694564,20260901
B3_spatial_feature,1.0,background,interior,all_positive_classes,all,macro_class,mean_stability,0.5390110815462539,0.537509080725201,0.5405410392018041,1430,1449,2117,2147,20,5000,5000,1.0,3021694564,20260901
B3_spatial_feature,1.0,background,interior,all_positive_classes,all,macro_class,median_stability,0.5116100229739016,0.5096835635967701,0.5134965240421029,1430,1449,2117,2147,20,5000,5000,1.0,3021694564,20260901
B3_spatial_feature,1.0,background,interior,all_positive_classes,all,macro_class,q25_stability,0.3749147175141235,0.37334485574489107,0.3765409277228321,1430,1449,2117,2147,20,5000,5000,1.0,3021694564,20260901
B3_spatial_feature,1.0,background,interior,all_positive_classes,all,macro_class,q75_stability,0.6883269477141772,0.6862616539080275,0.6903469818823348,1430,1449,2117,2147,20,5000,5000,1.0,3021694564,20260901
B3_spatial_feature,1.0,background,interior,all_positive_classes,single_label,micro,mean_stability,0.5357593928218368,0.5336376160225457,0.5378100396034998,917,927,917,927,,5000,5000,1.0,3021694564,20260901
B3_spatial_feature,1.0,background,interior,all_positive_classes,single_label,micro,median_stability,0.5081640428811669,0.5054695794178854,0.5107962166756435,917,927,917,927,,5000,5000,1.0,3021694564,20260901
B3_spatial_feature,1.0,background,interior,all_positive_classes,single_label,micro,q25_stability,0.3697203938588256,0.36741726049316165,0.3720002669748737,917,927,917,927,,5000,5000,1.0,3021694564,20260901
B3_spatial_feature,1.0,background,interior,all_positive_classes,single_label,micro,q75_stability,0.6860961789506992,0.6833255135890275,0.6888861423892764,917,927,917,927,,5000,5000,1.0,3021694564,20260901
B3_spatial_feature,1.0,background,interior,all_positive_classes,single_label,macro_class,mean_stability,0.5397516447136044,0.5375920725282485,0.5420828035478934,917,927,917,927,20,5000,5000,1.0,3021694564,20260901
B3_spatial_feature,1.0,background,interior,all_positive_classes,single_label,macro_class,median_stability,0.5133392714161238,0.5105118513308264,0.5165655446366142,917,927,917,927,20,5000,5000,1.0,3021694564,20260901
B3_spatial_feature,1.0,background,interior,all_positive_classes,single_label,macro_class,q25_stability,0.37570857909559774,0.3725880224700083,0.3798562696884132,917,927,917,927,20,5000,5000,1.0,3021694564,20260901
B3_spatial_feature,1.0,background,interior,all_positive_classes,single_label,macro_class,q75_stability,0.6887177524465803,0.686053479228879,0.6913890629569732,917,927,917,927,20,5000,5000,1.0,3021694564,20260901
B3_spatial_feature,1.0,background,interior,all_positive_classes,exactly_2_labels,micro,mean_stability,0.5432270698695237,0.5397815622836863,0.546465616727487,368,375,736,750,,5000,5000,1.0,3021694564,20260901
B3_spatial_feature,1.0,background,interior,all_positive_classes,exactly_2_labels,micro,median_stability,0.5173452593710112,0.5134288970907981,0.521202144025789,368,375,736,750,,5000,5000,1.0,3021694564,20260901
B3_spatial_feature,1.0,background,interior,all_positive_classes,exactly_2_labels,micro,q25_stability,0.3808211312305344,0.37749081464711526,0.38411229650365736,368,375,736,750,,5000,5000,1.0,3021694564,20260901
B3_spatial_feature,1.0,background,interior,all_positive_classes,exactly_2_labels,micro,q75_stability,0.6921241696741756,0.6874469976100369,0.6964217984799616,368,375,736,750,,5000,5000,1.0,3021694564,20260901
B3_spatial_feature,1.0,background,interior,all_positive_classes,exactly_2_labels,macro_class,mean_stability,0.5424734888890177,0.5382920542357913,0.5464603754276591,368,375,736,750,20,5000,5000,1.0,3021694564,20260901
B3_spatial_feature,1.0,background,interior,all_positive_classes,exactly_2_labels,macro_class,median_stability,0.5146696689698124,0.5095422909308263,0.519586637651983,368,375,736,750,20,5000,5000,1.0,3021694564,20260901
B3_spatial_feature,1.0,background,interior,all_positive_classes,exactly_2_labels,macro_class,q25_stability,0.37963287110742394,0.3753516830893221,0.3837374472452575,368,375,736,750,20,5000,5000,1.0,3021694564,20260901
B3_spatial_feature,1.0,background,interior,all_positive_classes,exactly_2_labels,macro_class,q75_stability,0.6914127862184973,0.6859558669066413,0.6964100057750726,368,375,736,750,20,5000,5000,1.0,3021694564,20260901
B3_spatial_feature,1.0,background,interior,all_positive_classes,3plus_labels,micro,mean_stability,0.5436898175389732,0.5395166069836111,0.547629875462317,145,147,464,470,,5000,5000,1.0,3021694564,20260901
B3_spatial_feature,1.0,background,interior,all_positive_classes,3plus_labels,micro,median_stability,0.5171121803658276,0.5120202663538312,0.5219675479672642,145,147,464,470,,5000,5000,1.0,3021694564,20260901
B3_spatial_feature,1.0,background,interior,all_positive_classes,3plus_labels,micro,q25_stability,0.3808939979202917,0.37611306992771304,0.38538185366508754,145,147,464,470,,5000,5000,1.0,3021694564,20260901
B3_spatial_feature,1.0,background,interior,all_positive_classes,3plus_labels,micro,q75_stability,0.6929216192681985,0.687913885077163,0.6976997068511055,145,147,464,470,,5000,5000,1.0,3021694564,20260901
B3_spatial_feature,1.0,background,interior,all_positive_classes,3plus_labels,macro_class,mean_stability,0.5416441837239963,0.5351437758000178,0.5469372275938996,145,147,464,470,20,5000,5000,1.0,3021694564,20260901
B3_spatial_feature,1.0,background,interior,all_positive_classes,3plus_labels,macro_class,median_stability,0.5141326488923545,0.5052338584677124,0.5208844049207658,145,147,464,470,20,5000,5000,1.0,3021694564,20260901
B3_spatial_feature,1.0,background,interior,all_positive_classes,3plus_labels,macro_class,q25_stability,0.37669186908722363,0.3699659982956406,0.38369871029119296,145,147,464,470,20,5000,5000,1.0,3021694564,20260901
B3_spatial_feature,1.0,background,interior,all_positive_classes,3plus_labels,macro_class,q75_stability,0.6924796894820621,0.6830217872118898,0.6986677540724001,145,147,464,470,20,5000,5000,1.0,3021694564,20260901
B3_spatial_feature,1.0,background,interior,per_class,all,micro,mean_stability,0.5392243165815965,0.5354048128171328,0.5429652797586151,90,90,90,90,,5000,5000,1.0,3021694564,20260901
B3_spatial_feature,1.0,background,interior,per_class,all,micro,median_stability,0.5159045143259896,0.5112111903106172,0.520565254630314,90,90,90,90,,5000,5000,1.0,3021694564,20260901
B3_spatial_feature,1.0,background,interior,per_class,all,micro,q25_stability,0.3647093521224128,0.35925151472290356,0.37021794706789984,90,90,90,90,,5000,5000,1.0,3021694564,20260901
B3_spatial_feature,1.0,background,interior,per_class,all,micro,q75_stability,0.7010340271724596,0.695858610222737,0.7061448604116837,90,90,90,90,,5000,5000,1.0,3021694564,20260901
B3_spatial_feature,1.0,background,interior,per_class,all,micro,mean_stability,0.5393253796093975,0.5338118914091019,0.5441544537978087,79,79,79,79,,5000,5000,1.0,3021694564,20260901
B3_spatial_feature,1.0,background,interior,per_class,all,micro,median_stability,0.5095021213534512,0.5032047526887323,0.5152830344306517,79,79,79,79,,5000,5000,1.0,3021694564,20260901
B3_spatial_feature,1.0,background,interior,per_class,all,micro,q25_stability,0.3769705114485342,0.37182000167903645,0.3821829681272937,79,79,79,79,,5000,5000,1.0,3021694564,20260901
B3_spatial_feature,1.0,background,interior,per_class,all,micro,q75_stability,0.6850256032392948,0.6765388046851075,0.6924228508496963,79,79,79,79,,5000,5000,1.0,3021694564,20260901
B3_spatial_feature,1.0,background,interior,per_class,all,micro,mean_stability,0.5162523009409513,0.5102137146061511,0.5219116332019867,103,103,103,103,,5000,5000,1.0,3021694564,20260901
B3_spatial_feature,1.0,background,interior,per_class,all,micro,median_stability,0.4809998053948856,0.473079936846512,0.4884722610121792,103,103,103,103,,5000,5000,1.0,3021694564,20260901
B3_spatial_feature,1.0,background,interior,per_class,all,micro,q25_stability,0.34288257194086186,0.33601559276141013,0.3496365906471766,103,103,103,103,,5000,5000,1.0,3021694564,20260901
B3_spatial_feature,1.0,background,interior,per_class,all,micro,q75_stability,0.669985501800926,0.6619759000512293,0.6771455947924586,103,103,103,103,,5000,5000,1.0,3021694564,20260901
B3_spatial_feature,1.0,background,interior,per_class,all,micro,mean_stability,0.5424547887895298,0.5375191918962962,0.547096007784511,72,72,72,72,,5000,5000,1.0,3021694564,20260901
B3_spatial_feature,1.0,background,interior,per_class,all,micro,median_stability,0.5154908295306895,0.5089795874017808,0.5215530635426855,72,72,72,72,,5000,5000,1.0,3021694564,20260901
B3_spatial_feature,1.0,background,interior,per_class,all,micro,q25_stability,0.3777390954912537,0.37072468019323424,0.38376352074944103,72,72,72,72,,5000,5000,1.0,3021694564,20260901
B3_spatial_feature,1.0,background,interior,per_class,all,micro,q75_stability,0.693286176563965,0.6877232182770968,0.6987931634040756,72,72,72,72,,5000,5000,1.0,3021694564,20260901
B3_spatial_feature,1.0,background,interior,per_class,all,micro,mean_stability,0.5371760893602425,0.5304577525820136,0.5434396092442808,93,96,93,96,,5000,5000,1.0,3021694564,20260901
B3_spatial_feature,1.0,background,interior,per_class,all,micro,median_stability,0.5076677994702452,0.4992473795653151,0.5155734812859064,93,96,93,96,,5000,5000,1.0,3021694564,20260901
B3_spatial_feature,1.0,background,interior,per_class,all,micro,q25_stability,0.3710892527334152,0.36410902781357773,0.37780311099433656,93,96,93,96,,5000,5000,1.0,3021694564,20260901
B3_spatial_feature,1.0,background,interior,per_class,all,micro,q75_stability,0.6880999774702133,0.6791494878688651,0.6963359814765504,93,96,93,96,,5000,5000,1.0,3021694564,20260901
B3_spatial_feature,1.0,background,interior,per_class,all,micro,mean_stability,0.5409905034907675,0.5315232097892089,0.5492974719495791,73,74,73,74,,5000,5000,1.0,3021694564,20260901
B3_spatial_feature,1.0,background,interior,per_class,all,micro,median_stability,0.5125864384925529,0.5017512509897184,0.5225353136240073,73,74,73,74,,5000,5000,1.0,3021694564,20260901
B3_spatial_feature,1.0,background,interior,per_class,all,micro,q25_stability,0.3788826653402146,0.3703172552624151,0.38727062406157675,73,74,73,74,,5000,5000,1.0,3021694564,20260901
B3_spatial_feature,1.0,background,interior,per_class,all,micro,q75_stability,0.6899026836434455,0.675944920753876,0.7015772249952361,73,74,73,74,,5000,5000,1.0,3021694564,20260901
B3_spatial_feature,1.0,background,interior,per_class,all,micro,mean_stability,0.5333241175996379,0.5258139346825129,0.540279741012114,127,127,127,127,,5000,5000,1.0,3021694564,20260901
B3_spatial_feature,1.0,background,interior,per_class,all,micro,median_stability,0.5049560032491609,0.4958360931740736,0.5135624984029944,127,127,127,127,,5000,5000,1.0,3021694564,20260901
B3_spatial_feature,1.0,background,interior,per_class,all,micro,q25_stability,0.3695089816460459,0.36234283283880847,0.37669447704005665,127,127,127,127,,5000,5000,1.0,3021694564,20260901
B3_spatial_feature,1.0,background,interior,per_class,all,micro,q75_stability,0.6805164891434466,0.670230207935445,0.6898522879869685,127,127,127,127,,5000,5000,1.0,3021694564,20260901
B3_spatial_feature,1.0,background,interior,per_class,all,micro,mean_stability,0.5322966366178947,0.5248884197670136,0.5397297501072166,113,119,113,119,,5000,5000,1.0,3021694564,20260901
B3_spatial_feature,1.0,background,interior,per_class,all,micro,median_stability,0.5037886352665657,0.4938200029112545,0.5140259190387924,113,119,113,119,,5000,5000,1.0,3021694564,20260901
B3_spatial_feature,1.0,background,interior,per_class,all,micro,q25_stability,0.3679142985328109,0.3606489125620626,0.3755613852600716,113,119,113,119,,5000,5000,1.0,3021694564,20260901
B3_spatial_feature,1.0,background,interior,per_class,all,micro,q75_stability,0.6778525665270544,0.6686839060383278,0.6864257359596414,113,119,113,119,,5000,5000,1.0,3021694564,20260901
B3_spatial_feature,1.0,background,interior,per_class,all,micro,mean_stability,0.5424148545979504,0.5372719749693808,0.5473567959516893,122,123,122,123,,5000,5000,1.0,3021694564,20260901
B3_spatial_feature,1.0,background,interior,per_class,all,micro,median_stability,0.5140328996005605,0.5075556384388245,0.5201485375234864,122,123,122,123,,5000,5000,1.0,3021694564,20260901
B3_spatial_feature,1.0,background,interior,per_class,all,micro,q25_stability,0.3778964767202002,0.37173283367616233,0.38378801081420444,122,123,122,123,,5000,5000,1.0,3021694564,20260901
B3_spatial_feature,1.0,background,interior,per_class,all,micro,q75_stability,0.6915051264718908,0.6846798716417621,0.6983005835934252,122,123,122,123,,5000,5000,1.0,3021694564,20260901
B3_spatial_feature,1.0,background,interior,per_class,all,micro,mean_stability,0.5529624531020336,0.5462660578882658,0.5595939239404867,71,71,71,71,,5000,5000,1.0,3021694564,20260901
B3_spatial_feature,1.0,background,interior,per_class,all,micro,median_stability,0.5285930683915044,0.5203543752117056,0.5366538424674474,71,71,71,71,,5000,5000,1.0,3021694564,20260901
B3_spatial_feature,1.0,background,interior,per_class,all,micro,q25_stability,0.39155638154963374,0.3836900018890139,0.39931878385357034,71,71,71,71,,5000,5000,1.0,3021694564,20260901
B3_spatial_feature,1.0,background,interior,per_class,all,micro,q75_stability,0.7011660174794601,0.6921705600084134,0.7093977051196804,71,71,71,71,,5000,5000,1.0,3021694564,20260901
B3_spatial_feature,1.0,background,interior,per_class,all,micro,mean_stability,0.5419420872964199,0.5338837246654385,0.549548257788684,73,75,73,75,,5000,5000,1.0,3021694564,20260901
B3_spatial_feature,1.0,background,interior,per_class,all,micro,median_stability,0.5168644542971702,0.5072384969858514,0.5260696600157191,73,75,73,75,,5000,5000,1.0,3021694564,20260901
B3_spatial_feature,1.0,background,interior,per_class,all,micro,q25_stability,0.3836601054015225,0.37436617569839264,0.3930494528893079,73,75,73,75,,5000,5000,1.0,3021694564,20260901
B3_spatial_feature,1.0,background,interior,per_class,all,micro,q75_stability,0.6846367043175109,0.6746211065274991,0.6944400223027075,73,75,73,75,,5000,5000,1.0,3021694564,20260901
B3_spatial_feature,1.0,background,interior,per_class,all,micro,mean_stability,0.5420103668683303,0.5311523848356499,0.5519339693127306,124,128,124,128,,5000,5000,1.0,3021694564,20260901
B3_spatial_feature,1.0,background,interior,per_class,all,micro,median_stability,0.516948021467655,0.5047895543793128,0.5284646281552663,124,128,124,128,,5000,5000,1.0,3021694564,20260901
B3_spatial_feature,1.0,background,interior,per_class,all,micro,q25_stability,0.3804738818097018,0.3703915053002536,0.3905580464540229,124,128,124,128,,5000,5000,1.0,3021694564,20260901
B3_spatial_feature,1.0,background,interior,per_class,all,micro,q75_stability,0.692939201069455,0.6791274854751166,0.7052343214703043,124,128,124,128,,5000,5000,1.0,3021694564,20260901
B3_spatial_feature,1.0,background,interior,per_class,all,micro,mean_stability,0.5431490314536246,0.5368834748882809,0.5492941992783855,79,79,79,79,,5000,5000,1.0,3021694564,20260901
B3_spatial_feature,1.0,background,interior,per_class,all,micro,median_stability,0.5146343851391273,0.5066785993313865,0.5226601689205139,79,79,79,79,,5000,5000,1.0,3021694564,20260901
B3_spatial_feature,1.0,background,interior,per_class,all,micro,q25_stability,0.38227764517068863,0.3759495540557406,0.3889945997443946,79,79,79,79,,5000,5000,1.0,3021694564,20260901
B3_spatial_feature,1.0,background,interior,per_class,all,micro,q75_stability,0.6902314775352236,0.6816861771471515,0.698394243720966,79,79,79,79,,5000,5000,1.0,3021694564,20260901
B3_spatial_feature,1.0,background,interior,per_class,all,micro,mean_stability,0.5588238337532961,0.552405338267315,0.5654393405890149,76,76,76,76,,5000,5000,1.0,3021694564,20260901
B3_spatial_feature,1.0,background,interior,per_class,all,micro,median_stability,0.5383660238432256,0.5301335346345839,0.547129492986163,76,76,76,76,,5000,5000,1.0,3021694564,20260901
B3_spatial_feature,1.0,background,interior,per_class,all,micro,q25_stability,0.3956231323904113,0.3885039122015434,0.4031314383309923,76,76,76,76,,5000,5000,1.0,3021694564,20260901
B3_spatial_feature,1.0,background,interior,per_class,all,micro,q75_stability,0.7112804190500787,0.7027901779909275,0.7198575500938061,76,76,76,76,,5000,5000,1.0,3021694564,20260901
B3_spatial_feature,1.0,background,interior,per_class,all,micro,mean_stability,0.5485578026882483,0.5449269291166272,0.552250762647625,440,445,440,445,,5000,5000,1.0,3021694564,20260901
B3_spatial_feature,1.0,background,interior,per_class,all,micro,median_stability,0.5254993708296256,0.5209840627244579,0.5299535454892076,440,445,440,445,,5000,5000,1.0,3021694564,20260901
B3_spatial_feature,1.0,background,interior,per_class,all,micro,q25_stability,0.385603261298754,0.3819647864007049,0.38945376686823424,440,445,440,445,,5000,5000,1.0,3021694564,20260901
B3_spatial_feature,1.0,background,interior,per_class,all,micro,q75_stability,0.6990257206965577,0.6939965526024773,0.7040054650978521,440,445,440,445,,5000,5000,1.0,3021694564,20260901
B3_spatial_feature,1.0,background,interior,per_class,all,micro,mean_stability,0.5285537859171868,0.5224810466283859,0.5341230552326763,85,85,85,85,,5000,5000,1.0,3021694564,20260901
B3_spatial_feature,1.0,background,interior,per_class,all,micro,median_stability,0.4981433859642814,0.4911200977248304,0.5045720692022759,85,85,85,85,,5000,5000,1.0,3021694564,20260901
B3_spatial_feature,1.0,background,interior,per_class,all,micro,q25_stability,0.36482477871810687,0.35812666013179456,0.3710707478400539,85,85,85,85,,5000,5000,1.0,3021694564,20260901
B3_spatial_feature,1.0,background,interior,per_class,all,micro,q75_stability,0.6773214140359093,0.6698564306646585,0.6841668813062065,85,85,85,85,,5000,5000,1.0,3021694564,20260901
B3_spatial_feature,1.0,background,interior,per_class,all,micro,mean_stability,0.5427173850778015,0.5384439053153772,0.5469071592306068,57,57,57,57,,5000,5000,1.0,3021694564,20260901
B3_spatial_feature,1.0,background,interior,per_class,all,micro,median_stability,0.5145564782514906,0.5093078513548039,0.5197754393544114,57,57,57,57,,5000,5000,1.0,3021694564,20260901
B3_spatial_feature,1.0,background,interior,per_class,all,micro,q25_stability,0.38031693090472307,0.37596195113698117,0.3848552725588282,57,57,57,57,,5000,5000,1.0,3021694564,20260901
B3_spatial_feature,1.0,background,interior,per_class,all,micro,q75_stability,0.6888394002851687,0.6820285866657892,0.6958028617004554,57,57,57,57,,5000,5000,1.0,3021694564,20260901
B3_spatial_feature,1.0,background,interior,per_class,all,micro,mean_stability,0.5519139465627702,0.5455627256598343,0.5577597697675833,84,90,84,90,,5000,5000,1.0,3021694564,20260901
B3_spatial_feature,1.0,background,interior,per_class,all,micro,median_stability,0.5276508929119224,0.519905665146543,0.5351109532879517,84,90,84,90,,5000,5000,1.0,3021694564,20260901
B3_spatial_feature,1.0,background,interior,per_class,all,micro,q25_stability,0.39130614458450247,0.3844156788219478,0.3980757588093855,84,90,84,90,,5000,5000,1.0,3021694564,20260901
B3_spatial_feature,1.0,background,interior,per_class,all,micro,q75_stability,0.6999877512100197,0.69205805955126,0.7074860436965518,84,90,84,90,,5000,5000,1.0,3021694564,20260901
B3_spatial_feature,1.0,background,interior,per_class,all,micro,mean_stability,0.5138381782962758,0.5053544169615848,0.5216170108133497,83,84,83,84,,5000,5000,1.0,3021694564,20260901
B3_spatial_feature,1.0,background,interior,per_class,all,micro,median_stability,0.4822612670530756,0.4722444046216478,0.4915169745639321,83,84,83,84,,5000,5000,1.0,3021694564,20260901
B3_spatial_feature,1.0,background,interior,per_class,all,micro,q25_stability,0.3482710322342723,0.3412270601838827,0.35545391044146646,83,84,83,84,,5000,5000,1.0,3021694564,20260901
B3_spatial_feature,1.0,background,interior,per_class,all,micro,q75_stability,0.6608589210783142,0.6492676052883614,0.6710556514381645,83,84,83,84,,5000,5000,1.0,3021694564,20260901
B3_spatial_feature,1.0,background,interior,per_class,all,micro,mean_stability,0.5322937723211227,0.5205291201990655,0.5409819356883439,73,74,73,74,,5000,5000,1.0,3021694564,20260901
B3_spatial_feature,1.0,background,interior,per_class,all,micro,median_stability,0.5037540646448527,0.49206690212302023,0.5135545824145811,73,74,73,74,,5000,5000,1.0,3021694564,20260901
B3_spatial_feature,1.0,background,interior,per_class,all,micro,q25_stability,0.3667878502444045,0.35866240731832427,0.37389550411639966,73,74,73,74,,5000,5000,1.0,3021694564,20260901
B3_spatial_feature,1.0,background,interior,per_class,all,micro,q75_stability,0.6830437754931515,0.6666747095847446,0.6949631851742936,73,74,73,74,,5000,5000,1.0,3021694564,20260901
B3_spatial_feature,1.0,other_fg,boundary,all_positive_classes,all,micro,mean_stability,0.49777479087222587,0.4932741212722529,0.502272881206156,520,1449,1157,2147,,5000,5000,1.0,3021694564,20260901
B3_spatial_feature,1.0,other_fg,boundary,all_positive_classes,all,micro,median_stability,0.4645643448561765,0.45944295125828855,0.46989135793039716,520,1449,1157,2147,,5000,5000,1.0,3021694564,20260901
B3_spatial_feature,1.0,other_fg,boundary,all_positive_classes,all,micro,q25_stability,0.34200070661234255,0.3376976568871835,0.3463867360977625,520,1449,1157,2147,,5000,5000,1.0,3021694564,20260901
B3_spatial_feature,1.0,other_fg,boundary,all_positive_classes,all,micro,q75_stability,0.6302370025761033,0.6238845546709509,0.6364128410784636,520,1449,1157,2147,,5000,5000,1.0,3021694564,20260901
B3_spatial_feature,1.0,other_fg,boundary,all_positive_classes,all,macro_class,mean_stability,0.4802352088092747,0.4699310872050636,0.48956370841868974,520,1449,1157,2147,20,5000,5000,1.0,3021694564,20260901
B3_spatial_feature,1.0,other_fg,boundary,all_positive_classes,all,macro_class,median_stability,0.44561296824614993,0.43539367028152126,0.4555060580019872,520,1449,1157,2147,20,5000,5000,1.0,3021694564,20260901
B3_spatial_feature,1.0,other_fg,boundary,all_positive_classes,all,macro_class,q25_stability,0.3284980414330659,0.3206230813663618,0.3362113412648103,520,1449,1157,2147,20,5000,5000,1.0,3021694564,20260901
B3_spatial_feature,1.0,other_fg,boundary,all_positive_classes,all,macro_class,q75_stability,0.6079178677469139,0.5939721193212016,0.6209409480715553,520,1449,1157,2147,20,5000,5000,1.0,3021694564,20260901
B3_spatial_feature,1.0,other_fg,boundary,all_positive_classes,exactly_2_labels,micro,mean_stability,0.4940289613183065,0.4877620651863175,0.5001821867498737,373,375,694,750,,5000,5000,1.0,3021694564,20260901
B3_spatial_feature,1.0,other_fg,boundary,all_positive_classes,exactly_2_labels,micro,median_stability,0.4603879889768551,0.45346534136722066,0.46739925617416583,373,375,694,750,,5000,5000,1.0,3021694564,20260901
B3_spatial_feature,1.0,other_fg,boundary,all_positive_classes,exactly_2_labels,micro,q25_stability,0.34099359991248984,0.33498260489429527,0.34714453302285525,373,375,694,750,,5000,5000,1.0,3021694564,20260901
B3_spatial_feature,1.0,other_fg,boundary,all_positive_classes,exactly_2_labels,micro,q75_stability,0.6249561578904946,0.6165113909586913,0.6334521846288401,373,375,694,750,,5000,5000,1.0,3021694564,20260901
B3_spatial_feature,1.0,other_fg,boundary,all_positive_classes,exactly_2_labels,macro_class,mean_stability,0.4771582720129234,0.4636770375953704,0.4892963787310022,373,375,694,750,20,5000,5000,1.0,3021694564,20260901
B3_spatial_feature,1.0,other_fg,boundary,all_positive_classes,exactly_2_labels,macro_class,median_stability,0.44070033956719756,0.4281452120188117,0.45337619459600986,373,375,694,750,20,5000,5000,1.0,3021694564,20260901
B3_spatial_feature,1.0,other_fg,boundary,all_positive_classes,exactly_2_labels,macro_class,q25_stability,0.32820963441903345,0.31857566732434356,0.3378061081672415,373,375,694,750,20,5000,5000,1.0,3021694564,20260901
B3_spatial_feature,1.0,other_fg,boundary,all_positive_classes,exactly_2_labels,macro_class,q75_stability,0.6032488531135549,0.5840561629822195,0.6207417675275071,373,375,694,750,20,5000,5000,1.0,3021694564,20260901
B3_spatial_feature,1.0,other_fg,boundary,all_positive_classes,3plus_labels,micro,mean_stability,0.5033894900308007,0.49712807652282887,0.5095450225345501,147,147,463,470,,5000,5000,1.0,3021694564,20260901
B3_spatial_feature,1.0,other_fg,boundary,all_positive_classes,3plus_labels,micro,median_stability,0.4708243685716172,0.46335593062926594,0.4781333634753012,147,147,463,470,,5000,5000,1.0,3021694564,20260901
B3_spatial_feature,1.0,other_fg,boundary,all_positive_classes,3plus_labels,micro,q25_stability,0.34351027907389287,0.337783335111951,0.3493095085448193,147,147,463,470,,5000,5000,1.0,3021694564,20260901
B3_spatial_feature,1.0,other_fg,boundary,all_positive_classes,3plus_labels,micro,q75_stability,0.6381525667484842,0.6289564198491528,0.6470897936821834,147,147,463,470,,5000,5000,1.0,3021694564,20260901
B3_spatial_feature,1.0,other_fg,boundary,all_positive_classes,3plus_labels,macro_class,mean_stability,0.47664489974434315,0.4693467400291434,0.5010993596815291,147,147,463,470,20,5000,5000,1.0,3021694564,20260901
B3_spatial_feature,1.0,other_fg,boundary,all_positive_classes,3plus_labels,macro_class,median_stability,0.44666238150909254,0.4377481162572092,0.46998636958764123,147,147,463,470,20,5000,5000,1.0,3021694564,20260901
B3_spatial_feature,1.0,other_fg,boundary,all_positive_classes,3plus_labels,macro_class,q25_stability,0.32363614435852783,0.31553744233670716,0.3407519469690406,147,147,463,470,20,5000,5000,1.0,3021694564,20260901
B3_spatial_feature,1.0,other_fg,boundary,all_positive_classes,3plus_labels,macro_class,q75_stability,0.6048999235712029,0.5924135473213231,0.6388708397899316,147,147,463,470,20,5000,5000,1.0,3021694564,20260901
B3_spatial_feature,1.0,other_fg,boundary,per_class,all,micro,mean_stability,0.360977738507275,0.2873665106608533,0.43594886110973957,13,90,13,90,,5000,5000,1.0,3021694564,20260901
B3_spatial_feature,1.0,other_fg,boundary,per_class,all,micro,median_stability,0.33388182062369126,0.26123510900884866,0.4138322653010105,13,90,13,90,,5000,5000,1.0,3021694564,20260901
B3_spatial_feature,1.0,other_fg,boundary,per_class,all,micro,q25_stability,0.24264322880368966,0.18983653120357882,0.30133978138063944,13,90,13,90,,5000,5000,1.0,3021694564,20260901
B3_spatial_feature,1.0,other_fg,boundary,per_class,all,micro,q75_stability,0.4450063416017936,0.3399395086321359,0.5474073429928263,13,90,13,90,,5000,5000,1.0,3021694564,20260901
B3_spatial_feature,1.0,other_fg,boundary,per_class,all,micro,mean_stability,0.4808130213141178,0.45940297475981423,0.5005393304387413,48,79,48,79,,5000,5000,1.0,3021694564,20260901
B3_spatial_feature,1.0,other_fg,boundary,per_class,all,micro,median_stability,0.44341747369617224,0.41886591391562117,0.46632338421634667,48,79,48,79,,5000,5000,1.0,3021694564,20260901
B3_spatial_feature,1.0,other_fg,boundary,per_class,all,micro,q25_stability,0.3258016215792547,0.30723890781382773,0.3451320876007856,48,79,48,79,,5000,5000,1.0,3021694564,20260901
B3_spatial_feature,1.0,other_fg,boundary,per_class,all,micro,q75_stability,0.6122734742239118,0.5775358185992397,0.6445813983956679,48,79,48,79,,5000,5000,1.0,3021694564,20260901
B3_spatial_feature,1.0,other_fg,boundary,per_class,all,micro,mean_stability,0.48141781618542595,0.3939412723505643,0.5367471794535392,9,103,9,103,,5000,5000,1.0,3021694564,20260901
B3_spatial_feature,1.0,other_fg,boundary,per_class,all,micro,median_stability,0.4395868215296004,0.3627006981521845,0.4957854593172669,9,103,9,103,,5000,5000,1.0,3021694564,20260901
B3_spatial_feature,1.0,other_fg,boundary,per_class,all,micro,q25_stability,0.326852244635423,0.2851304736899005,0.35807969543550694,9,103,9,103,,5000,5000,1.0,3021694564,20260901
B3_spatial_feature,1.0,other_fg,boundary,per_class,all,micro,q75_stability,0.6277003321382735,0.49050680009855163,0.7280621666833758,9,103,9,103,,5000,5000,1.0,3021694564,20260901
B3_spatial_feature,1.0,other_fg,boundary,per_class,all,micro,mean_stability,0.44391079268221495,0.38160599249838345,0.5050792826720496,17,72,17,72,,5000,5000,1.0,3021694564,20260901
B3_spatial_feature,1.0,other_fg,boundary,per_class,all,micro,median_stability,0.4075733624836978,0.3396576712945138,0.47577136600708686,17,72,17,72,,5000,5000,1.0,3021694564,20260901
B3_spatial_feature,1.0,other_fg,boundary,per_class,all,micro,q25_stability,0.3096781532992335,0.2457125894959515,0.3819618232892591,17,72,17,72,,5000,5000,1.0,3021694564,20260901
B3_spatial_feature,1.0,other_fg,boundary,per_class,all,micro,q75_stability,0.5547931010232252,0.47866900644519117,0.6213460230179514,17,72,17,72,,5000,5000,1.0,3021694564,20260901
B3_spatial_feature,1.0,other_fg,boundary,per_class,all,micro,mean_stability,0.5175732866169725,0.5079762879193229,0.5272181162609686,60,96,60,96,,5000,5000,1.0,3021694564,20260901
B3_spatial_feature,1.0,other_fg,boundary,per_class,all,micro,median_stability,0.4870847038924694,0.4749754402558583,0.4988435154721551,60,96,60,96,,5000,5000,1.0,3021694564,20260901
B3_spatial_feature,1.0,other_fg,boundary,per_class,all,micro,q25_stability,0.35600992335627474,0.345613287968768,0.3664573051447847,60,96,60,96,,5000,5000,1.0,3021694564,20260901
B3_spatial_feature,1.0,other_fg,boundary,per_class,all,micro,q75_stability,0.659937650958697,0.645501164329471,0.6745513185107355,60,96,60,96,,5000,5000,1.0,3021694564,20260901
B3_spatial_feature,1.0,other_fg,boundary,per_class,all,micro,mean_stability,0.4645111990671829,0.4265140872857515,0.5017320385377099,34,74,34,74,,5000,5000,1.0,3021694564,20260901
B3_spatial_feature,1.0,other_fg,boundary,per_class,all,micro,median_stability,0.43327365990947275,0.3935771063103208,0.47537479894685236,34,74,34,74,,5000,5000,1.0,3021694564,20260901
B3_spatial_feature,1.0,other_fg,boundary,per_class,all,micro,q25_stability,0.3255635318072403,0.29361850303616127,0.35923730484496724,34,74,34,74,,5000,5000,1.0,3021694564,20260901
B3_spatial_feature,1.0,other_fg,boundary,per_class,all,micro,q75_stability,0.5783450472004273,0.5267093797400594,0.6271838914504763,34,74,34,74,,5000,5000,1.0,3021694564,20260901
B3_spatial_feature,1.0,other_fg,boundary,per_class,all,micro,mean_stability,0.4919794457854985,0.4750051004825593,0.5079996416452349,79,127,79,127,,5000,5000,1.0,3021694564,20260901
B3_spatial_feature,1.0,other_fg,boundary,per_class,all,micro,median_stability,0.456638680134393,0.4368324345353945,0.4753004706776372,79,127,79,127,,5000,5000,1.0,3021694564,20260901
B3_spatial_feature,1.0,other_fg,boundary,per_class,all,micro,q25_stability,0.33682690070399757,0.31983287512083297,0.35458931014588635,79,127,79,127,,5000,5000,1.0,3021694564,20260901
B3_spatial_feature,1.0,other_fg,boundary,per_class,all,micro,q75_stability,0.6215858672144292,0.5987835390907195,0.6420089593983179,79,127,79,127,,5000,5000,1.0,3021694564,20260901
B3_spatial_feature,1.0,other_fg,boundary,per_class,all,micro,mean_stability,0.5099446922700568,0.49140436068430043,0.5272260440113566,30,119,30,119,,5000,5000,1.0,3021694564,20260901
B3_spatial_feature,1.0,other_fg,boundary,per_class,all,micro,median_stability,0.48286538471778234,0.4583170990481459,0.5073451391571472,30,119,30,119,,5000,5000,1.0,3021694564,20260901
B3_spatial_feature,1.0,other_fg,boundary,per_class,all,micro,q25_stability,0.34847801849246024,0.3282462499200784,0.3693649558826377,30,119,30,119,,5000,5000,1.0,3021694564,20260901
B3_spatial_feature,1.0,other_fg,boundary,per_class,all,micro,q75_stability,0.6492695281902949,0.6213860284494935,0.673583011148918,30,119,30,119,,5000,5000,1.0,3021694564,20260901
B3_spatial_feature,1.0,other_fg,boundary,per_class,all,micro,mean_stability,0.5125564441146385,0.5032910763475547,0.5218325583000175,107,123,107,123,,5000,5000,1.0,3021694564,20260901
B3_spatial_feature,1.0,other_fg,boundary,per_class,all,micro,median_stability,0.4755182289910094,0.4634146950430179,0.4878666999142694,107,123,107,123,,5000,5000,1.0,3021694564,20260901
B3_spatial_feature,1.0,other_fg,boundary,per_class,all,micro,q25_stability,0.35457826701697903,0.34452406000618446,0.3650012477635088,107,123,107,123,,5000,5000,1.0,3021694564,20260901
B3_spatial_feature,1.0,other_fg,boundary,per_class,all,micro,q75_stability,0.6507332326374321,0.6375774451410975,0.6635054272022239,107,123,107,123,,5000,5000,1.0,3021694564,20260901
B3_spatial_feature,1.0,other_fg,boundary,per_class,all,micro,mean_stability,0.48550602954697986,0.44435186589936565,0.51958471684415,14,71,14,71,,5000,5000,1.0,3021694564,20260901
B3_spatial_feature,1.0,other_fg,boundary,per_class,all,micro,median_stability,0.444560350051948,0.38957534425837154,0.4938535556640653,14,71,14,71,,5000,5000,1.0,3021694564,20260901
B3_spatial_feature,1.0,other_fg,boundary,per_class,all,micro,q25_stability,0.3159184559647526,0.2731059053988152,0.3532441528442387,14,71,14,71,,5000,5000,1.0,3021694564,20260901
B3_spatial_feature,1.0,other_fg,boundary,per_class,all,micro,q75_stability,0.6230640166572162,0.5570264652216187,0.6836595545432324,14,71,14,71,,5000,5000,1.0,3021694564,20260901
B3_spatial_feature,1.0,other_fg,boundary,per_class,all,micro,mean_stability,0.5081012219941062,0.49776613052494284,0.5176465519899738,70,75,70,75,,5000,5000,1.0,3021694564,20260901
B3_spatial_feature,1.0,other_fg,boundary,per_class,all,micro,median_stability,0.4712495337639536,0.45747924441427346,0.483393057770703,70,75,70,75,,5000,5000,1.0,3021694564,20260901
B3_spatial_feature,1.0,other_fg,boundary,per_class,all,micro,q25_stability,0.34258198094155107,0.33200793850350463,0.3527836156108462,70,75,70,75,,5000,5000,1.0,3021694564,20260901
B3_spatial_feature,1.0,other_fg,boundary,per_class,all,micro,q75_stability,0.6511079050600529,0.6342676144784876,0.6672422494857301,70,75,70,75,,5000,5000,1.0,3021694564,20260901
B3_spatial_feature,1.0,other_fg,boundary,per_class,all,micro,mean_stability,0.4907982916236396,0.4727256023838735,0.5079131087096828,43,128,43,128,,5000,5000,1.0,3021694564,20260901
B3_spatial_feature,1.0,other_fg,boundary,per_class,all,micro,median_stability,0.45175804613634596,0.43013984337138633,0.47275617470555914,43,128,43,128,,5000,5000,1.0,3021694564,20260901
B3_spatial_feature,1.0,other_fg,boundary,per_class,all,micro,q25_stability,0.33486814407068627,0.31706056162650453,0.35268293185116245,43,128,43,128,,5000,5000,1.0,3021694564,20260901
B3_spatial_feature,1.0,other_fg,boundary,per_class,all,micro,q75_stability,0.6230613145717355,0.5969388443417847,0.6474606313072399,43,128,43,128,,5000,5000,1.0,3021694564,20260901
B3_spatial_feature,1.0,other_fg,boundary,per_class,all,micro,mean_stability,0.43662432947135976,0.40917049587769916,0.46153287286192324,34,79,34,79,,5000,5000,1.0,3021694564,20260901
B3_spatial_feature,1.0,other_fg,boundary,per_class,all,micro,median_stability,0.38900844950009794,0.36230696427780595,0.4147682305411294,34,79,34,79,,5000,5000,1.0,3021694564,20260901
B3_spatial_feature,1.0,other_fg,boundary,per_class,all,micro,q25_stability,0.28136171729249115,0.2595655649519441,0.3016061927430673,34,79,34,79,,5000,5000,1.0,3021694564,20260901
B3_spatial_feature,1.0,other_fg,boundary,per_class,all,micro,q75_stability,0.5561749128734365,0.5188204287923873,0.5921567506964993,34,79,34,79,,5000,5000,1.0,3021694564,20260901
B3_spatial_feature,1.0,other_fg,boundary,per_class,all,micro,mean_stability,0.49984809000735414,0.48434877016030226,0.5145679949346075,52,76,52,76,,5000,5000,1.0,3021694564,20260901
B3_spatial_feature,1.0,other_fg,boundary,per_class,all,micro,median_stability,0.4580654388723465,0.43966849068653857,0.4752600321914963,52,76,52,76,,5000,5000,1.0,3021694564,20260901
B3_spatial_feature,1.0,other_fg,boundary,per_class,all,micro,q25_stability,0.35067755392251104,0.33529475668239267,0.36564620771770556,52,76,52,76,,5000,5000,1.0,3021694564,20260901
B3_spatial_feature,1.0,other_fg,boundary,per_class,all,micro,q75_stability,0.6247956430396209,0.5997008663662045,0.6497051212432009,52,76,52,76,,5000,5000,1.0,3021694564,20260901
B3_spatial_feature,1.0,other_fg,boundary,per_class,all,micro,mean_stability,0.5073704863645564,0.5003073988120347,0.5141393349579451,372,445,372,445,,5000,5000,1.0,3021694564,20260901
B3_spatial_feature,1.0,other_fg,boundary,per_class,all,micro,median_stability,0.4788793172607178,0.4707643946677123,0.48690616401989534,372,445,372,445,,5000,5000,1.0,3021694564,20260901
B3_spatial_feature,1.0,other_fg,boundary,per_class,all,micro,q25_stability,0.3501416586179246,0.34312230610421596,0.35681915086237614,372,445,372,445,,5000,5000,1.0,3021694564,20260901
B3_spatial_feature,1.0,other_fg,boundary,per_class,all,micro,q75_stability,0.6416880759781086,0.6321478822594588,0.6509165217564646,372,445,372,445,,5000,5000,1.0,3021694564,20260901
B3_spatial_feature,1.0,other_fg,boundary,per_class,all,micro,mean_stability,0.5114397041371611,0.4915808810158514,0.5285026488157156,60,85,60,85,,5000,5000,1.0,3021694564,20260901
B3_spatial_feature,1.0,other_fg,boundary,per_class,all,micro,median_stability,0.4816580412288507,0.45985076364799304,0.5013262106744072,60,85,60,85,,5000,5000,1.0,3021694564,20260901
B3_spatial_feature,1.0,other_fg,boundary,per_class,all,micro,q25_stability,0.36128030202041067,0.3442893303110834,0.3769597759664016,60,85,60,85,,5000,5000,1.0,3021694564,20260901
B3_spatial_feature,1.0,other_fg,boundary,per_class,all,micro,q75_stability,0.6402047842741012,0.6129230883469498,0.6638697109612116,60,85,60,85,,5000,5000,1.0,3021694564,20260901
B3_spatial_feature,1.0,other_fg,boundary,per_class,all,micro,mean_stability,0.45951598411332295,0.33788268109297803,0.5411346499768881,5,57,5,57,,5000,4971,0.9942,3021694564,20260901
B3_spatial_feature,1.0,other_fg,boundary,per_class,all,micro,median_stability,0.4353870004415512,0.3169817551970482,0.5316286832094193,5,57,5,57,,5000,4971,0.9942,3021694564,20260901
B3_spatial_feature,1.0,other_fg,boundary,per_class,all,micro,q25_stability,0.31105334758758546,0.23575577636559805,0.36797898014386493,5,57,5,57,,5000,4971,0.9942,3021694564,20260901
B3_spatial_feature,1.0,other_fg,boundary,per_class,all,micro,q75_stability,0.5760255068540573,0.41678476333618164,0.6958362013101578,5,57,5,57,,5000,4971,0.9942,3021694564,20260901
B3_spatial_feature,1.0,other_fg,boundary,per_class,all,micro,mean_stability,0.48176384723745924,0.4614093368617556,0.4993602071389264,63,90,63,90,,5000,5000,1.0,3021694564,20260901
B3_spatial_feature,1.0,other_fg,boundary,per_class,all,micro,median_stability,0.44532220550472773,0.4230280503823782,0.46549834782294636,63,90,63,90,,5000,5000,1.0,3021694564,20260901
B3_spatial_feature,1.0,other_fg,boundary,per_class,all,micro,q25_stability,0.32180280782400617,0.30728086426671686,0.3360551049749296,63,90,63,90,,5000,5000,1.0,3021694564,20260901
B3_spatial_feature,1.0,other_fg,boundary,per_class,all,micro,q75_stability,0.6137507796169274,0.5817532968255953,0.6418447955056352,63,90,63,90,,5000,5000,1.0,3021694564,20260901
B3_spatial_feature,1.0,other_fg,boundary,per_class,all,micro,mean_stability,0.42541576536103076,0.3541668336844885,0.48327617501746173,10,84,10,84,,5000,5000,1.0,3021694564,20260901
B3_spatial_feature,1.0,other_fg,boundary,per_class,all,micro,median_stability,0.3901815004646778,0.3201634881655117,0.4567827459424733,10,84,10,84,,5000,5000,1.0,3021694564,20260901
B3_spatial_feature,1.0,other_fg,boundary,per_class,all,micro,q25_stability,0.29750088676810266,0.24063306953758,0.35352608862711665,10,84,10,84,,5000,5000,1.0,3021694564,20260901
B3_spatial_feature,1.0,other_fg,boundary,per_class,all,micro,q75_stability,0.5343613892793655,0.44198784342204983,0.6102729606470375,10,84,10,84,,5000,5000,1.0,3021694564,20260901
B3_spatial_feature,1.0,other_fg,boundary,per_class,all,micro,mean_stability,0.5346359897851413,0.5194566238958471,0.5503281546730234,37,74,37,74,,5000,5000,1.0,3021694564,20260901
B3_spatial_feature,1.0,other_fg,boundary,per_class,all,micro,median_stability,0.5063493457194921,0.48821840712421644,0.5249862385372962,37,74,37,74,,5000,5000,1.0,3021694564,20260901
B3_spatial_feature,1.0,other_fg,boundary,per_class,all,micro,q25_stability,0.37634208395674423,0.3610403998069502,0.3928862465621189,37,74,37,74,,5000,5000,1.0,3021694564,20260901
B3_spatial_feature,1.0,other_fg,boundary,per_class,all,micro,q75_stability,0.674478451545174,0.6529733750631339,0.6959576635670505,37,74,37,74,,5000,5000,1.0,3021694564,20260901
B3_spatial_feature,1.0,other_fg,interior,all_positive_classes,all,micro,mean_stability,0.5247390572410745,0.5188074514120908,0.5304283066129988,513,1449,1059,2147,,5000,5000,1.0,3021694564,20260901
B3_spatial_feature,1.0,other_fg,interior,all_positive_classes,all,micro,median_stability,0.49994008565661024,0.49342096223786686,0.5062044306040054,513,1449,1059,2147,,5000,5000,1.0,3021694564,20260901
B3_spatial_feature,1.0,other_fg,interior,all_positive_classes,all,micro,q25_stability,0.37666686848896475,0.37127135388100885,0.382184944526536,513,1449,1059,2147,,5000,5000,1.0,3021694564,20260901
B3_spatial_feature,1.0,other_fg,interior,all_positive_classes,all,micro,q75_stability,0.6586971255344698,0.6509182287585282,0.6660499418837756,513,1449,1059,2147,,5000,5000,1.0,3021694564,20260901
B3_spatial_feature,1.0,other_fg,interior,all_positive_classes,all,macro_class,mean_stability,0.5090853218956077,0.49707639058345154,0.5207801508699935,513,1449,1059,2147,20,5000,5000,1.0,3021694564,20260901
B3_spatial_feature,1.0,other_fg,interior,all_positive_classes,all,macro_class,median_stability,0.4844359024168693,0.47199025783852355,0.49689472486013925,513,1449,1059,2147,20,5000,5000,1.0,3021694564,20260901
B3_spatial_feature,1.0,other_fg,interior,all_positive_classes,all,macro_class,q25_stability,0.3658047627372326,0.35631182888358653,0.3755849409828551,513,1449,1059,2147,20,5000,5000,1.0,3021694564,20260901
B3_spatial_feature,1.0,other_fg,interior,all_positive_classes,all,macro_class,q75_stability,0.6375213376077598,0.6218237984286348,0.6532854492223492,513,1449,1059,2147,20,5000,5000,1.0,3021694564,20260901
B3_spatial_feature,1.0,other_fg,interior,all_positive_classes,exactly_2_labels,micro,mean_stability,0.5196073833584506,0.5110480205685805,0.5276323640522264,366,375,615,750,,5000,5000,1.0,3021694564,20260901
B3_spatial_feature,1.0,other_fg,interior,all_positive_classes,exactly_2_labels,micro,median_stability,0.4948389564163801,0.48572484657087506,0.5035896265529838,366,375,615,750,,5000,5000,1.0,3021694564,20260901
B3_spatial_feature,1.0,other_fg,interior,all_positive_classes,exactly_2_labels,micro,q25_stability,0.3762992524973503,0.3687410866227023,0.3839199900061317,366,375,615,750,,5000,5000,1.0,3021694564,20260901
B3_spatial_feature,1.0,other_fg,interior,all_positive_classes,exactly_2_labels,micro,q75_stability,0.6498231315515874,0.6387557328069303,0.6601777049203749,366,375,615,750,,5000,5000,1.0,3021694564,20260901
B3_spatial_feature,1.0,other_fg,interior,all_positive_classes,exactly_2_labels,macro_class,mean_stability,0.5071794655361261,0.49294772797306213,0.5200964040552364,366,375,615,750,20,5000,5000,1.0,3021694564,20260901
B3_spatial_feature,1.0,other_fg,interior,all_positive_classes,exactly_2_labels,macro_class,median_stability,0.4824840325343501,0.4675347681431302,0.4964497396911437,366,375,615,750,20,5000,5000,1.0,3021694564,20260901
B3_spatial_feature,1.0,other_fg,interior,all_positive_classes,exactly_2_labels,macro_class,q25_stability,0.36662123470168884,0.3550451463663157,0.3778965778669468,366,375,615,750,20,5000,5000,1.0,3021694564,20260901
B3_spatial_feature,1.0,other_fg,interior,all_positive_classes,exactly_2_labels,macro_class,q75_stability,0.6335962923997978,0.615345866055159,0.6505339077000203,366,375,615,750,20,5000,5000,1.0,3021694564,20260901
B3_spatial_feature,1.0,other_fg,interior,all_positive_classes,3plus_labels,micro,mean_stability,0.5318471190379519,0.5247766047007009,0.5390195515005007,147,147,444,470,,5000,5000,1.0,3021694564,20260901
B3_spatial_feature,1.0,other_fg,interior,all_positive_classes,3plus_labels,micro,median_stability,0.5070058389961183,0.49867563654346075,0.5152501617904854,147,147,444,470,,5000,5000,1.0,3021694564,20260901
B3_spatial_feature,1.0,other_fg,interior,all_positive_classes,3plus_labels,micro,q25_stability,0.3771760663151875,0.3701477255331437,0.38443187007788365,147,147,444,470,,5000,5000,1.0,3021694564,20260901
B3_spatial_feature,1.0,other_fg,interior,all_positive_classes,3plus_labels,micro,q75_stability,0.6709888063891379,0.6607046380471178,0.680692336854358,147,147,444,470,,5000,5000,1.0,3021694564,20260901
B3_spatial_feature,1.0,other_fg,interior,all_positive_classes,3plus_labels,macro_class,mean_stability,0.5255700253864785,0.5147761195229027,0.5362650926751814,147,147,444,470,18,5000,5000,1.0,3021694564,20260901
B3_spatial_feature,1.0,other_fg,interior,all_positive_classes,3plus_labels,macro_class,median_stability,0.5001545685532987,0.487196563009504,0.5132659295899638,147,147,444,470,18,5000,5000,1.0,3021694564,20260901
B3_spatial_feature,1.0,other_fg,interior,all_positive_classes,3plus_labels,macro_class,q25_stability,0.3720959563077908,0.36315027375498976,0.38176151445488626,147,147,444,470,18,5000,5000,1.0,3021694564,20260901
B3_spatial_feature,1.0,other_fg,interior,all_positive_classes,3plus_labels,macro_class,q75_stability,0.662866852691501,0.645968085132991,0.6786919045539489,147,147,444,470,18,5000,5000,1.0,3021694564,20260901
B3_spatial_feature,1.0,other_fg,interior,per_class,all,micro,mean_stability,0.35065241511626055,0.20795656578729346,0.4945972833459322,7,90,7,90,,5000,4998,0.9996,3021694564,20260901
B3_spatial_feature,1.0,other_fg,interior,per_class,all,micro,median_stability,0.33535816786544664,0.1932238129278024,0.485333620768506,7,90,7,90,,5000,4998,0.9996,3021694564,20260901
B3_spatial_feature,1.0,other_fg,interior,per_class,all,micro,q25_stability,0.27531734002488,0.17186626679031178,0.38961244272068135,7,90,7,90,,5000,4998,0.9996,3021694564,20260901
B3_spatial_feature,1.0,other_fg,interior,per_class,all,micro,q75_stability,0.4177395557718618,0.2395712435245514,0.6068571493029593,7,90,7,90,,5000,4998,0.9996,3021694564,20260901
B3_spatial_feature,1.0,other_fg,interior,per_class,all,micro,mean_stability,0.5228170854263628,0.4976615977553961,0.5492836757106208,42,79,42,79,,5000,5000,1.0,3021694564,20260901
B3_spatial_feature,1.0,other_fg,interior,per_class,all,micro,median_stability,0.4961693233677319,0.46702251067473777,0.5269576849923892,42,79,42,79,,5000,5000,1.0,3021694564,20260901
B3_spatial_feature,1.0,other_fg,interior,per_class,all,micro,q25_stability,0.37257983287175495,0.3456521253271431,0.40502427746541797,42,79,42,79,,5000,5000,1.0,3021694564,20260901
B3_spatial_feature,1.0,other_fg,interior,per_class,all,micro,q75_stability,0.6579206919386273,0.6266836127696128,0.6866172656964799,42,79,42,79,,5000,5000,1.0,3021694564,20260901
B3_spatial_feature,1.0,other_fg,interior,per_class,all,micro,mean_stability,0.5291126851603495,0.507815586777217,0.5470186378403245,8,103,8,103,,5000,4999,0.9998,3021694564,20260901
B3_spatial_feature,1.0,other_fg,interior,per_class,all,micro,median_stability,0.5025310404598713,0.47289096042513845,0.5272674679756164,8,103,8,103,,5000,4999,0.9998,3021694564,20260901
B3_spatial_feature,1.0,other_fg,interior,per_class,all,micro,q25_stability,0.37050616182386875,0.3423907718594585,0.3994235033169389,8,103,8,103,,5000,4999,0.9998,3021694564,20260901
B3_spatial_feature,1.0,other_fg,interior,per_class,all,micro,q75_stability,0.6750639863312244,0.650946910182635,0.6945921963287724,8,103,8,103,,5000,4999,0.9998,3021694564,20260901
B3_spatial_feature,1.0,other_fg,interior,per_class,all,micro,mean_stability,0.5300814879263082,0.4691877378093863,0.5766471543729401,7,72,7,72,,5000,4996,0.9992,3021694564,20260901
B3_spatial_feature,1.0,other_fg,interior,per_class,all,micro,median_stability,0.5010592469147274,0.429574574654301,0.5590898091646119,7,72,7,72,,5000,4996,0.9992,3021694564,20260901
B3_spatial_feature,1.0,other_fg,interior,per_class,all,micro,q25_stability,0.39001363090106417,0.32546986278612167,0.4455860487392379,7,72,7,72,,5000,4996,0.9992,3021694564,20260901
B3_spatial_feature,1.0,other_fg,interior,per_class,all,micro,q75_stability,0.6634905913046428,0.5952563732862473,0.7142112925648689,7,72,7,72,,5000,4996,0.9992,3021694564,20260901
B3_spatial_feature,1.0,other_fg,interior,per_class,all,micro,mean_stability,0.5492054104758225,0.5347865409427653,0.5618590707739276,60,96,60,96,,5000,5000,1.0,3021694564,20260901
B3_spatial_feature,1.0,other_fg,interior,per_class,all,micro,median_stability,0.526304125537475,0.5119087983546755,0.5394190680884864,60,96,60,96,,5000,5000,1.0,3021694564,20260901
B3_spatial_feature,1.0,other_fg,interior,per_class,all,micro,q25_stability,0.3897852550881604,0.37790599117221535,0.4024062373049741,60,96,60,96,,5000,5000,1.0,3021694564,20260901
B3_spatial_feature,1.0,other_fg,interior,per_class,all,micro,q75_stability,0.6976619188984235,0.6784439270172202,0.7142817406778634,60,96,60,96,,5000,5000,1.0,3021694564,20260901
B3_spatial_feature,1.0,other_fg,interior,per_class,all,micro,mean_stability,0.4564454561214343,0.38206655417358126,0.5274986327927533,19,74,19,74,,5000,5000,1.0,3021694564,20260901
B3_spatial_feature,1.0,other_fg,interior,per_class,all,micro,median_stability,0.44178957845035355,0.3710900081690666,0.5103499426905597,19,74,19,74,,5000,5000,1.0,3021694564,20260901
B3_spatial_feature,1.0,other_fg,interior,per_class,all,micro,q25_stability,0.34247446648384394,0.28402120382266327,0.40619526065071115,19,74,19,74,,5000,5000,1.0,3021694564,20260901
B3_spatial_feature,1.0,other_fg,interior,per_class,all,micro,q75_stability,0.5627658627927303,0.4640806675491773,0.6546566076530144,19,74,19,74,,5000,5000,1.0,3021694564,20260901
B3_spatial_feature,1.0,other_fg,interior,per_class,all,micro,mean_stability,0.5319231469365777,0.510320678942865,0.5512108735590581,72,127,72,127,,5000,5000,1.0,3021694564,20260901
B3_spatial_feature,1.0,other_fg,interior,per_class,all,micro,median_stability,0.5105005299879445,0.48593894430813755,0.5326711843355522,72,127,72,127,,5000,5000,1.0,3021694564,20260901
B3_spatial_feature,1.0,other_fg,interior,per_class,all,micro,q25_stability,0.38071577090563047,0.3603002957337977,0.4011395642287763,72,127,72,127,,5000,5000,1.0,3021694564,20260901
B3_spatial_feature,1.0,other_fg,interior,per_class,all,micro,q75_stability,0.6721892285471162,0.643686351092852,0.6978138681036915,72,127,72,127,,5000,5000,1.0,3021694564,20260901
B3_spatial_feature,1.0,other_fg,interior,per_class,all,micro,mean_stability,0.5439057621150755,0.5197781348311487,0.5702798675195714,30,119,30,119,,5000,5000,1.0,3021694564,20260901
B3_spatial_feature,1.0,other_fg,interior,per_class,all,micro,median_stability,0.5224922453363736,0.4931547528744808,0.5548901818921933,30,119,30,119,,5000,5000,1.0,3021694564,20260901
B3_spatial_feature,1.0,other_fg,interior,per_class,all,micro,q25_stability,0.3950929733614127,0.367119349045849,0.4304907530303234,30,119,30,119,,5000,5000,1.0,3021694564,20260901
B3_spatial_feature,1.0,other_fg,interior,per_class,all,micro,q75_stability,0.6759964848558108,0.6492573614365288,0.7006851204202093,30,119,30,119,,5000,5000,1.0,3021694564,20260901
B3_spatial_feature,1.0,other_fg,interior,per_class,all,micro,mean_stability,0.5351591951558652,0.5230195479979897,0.5478555437484883,104,123,104,123,,5000,5000,1.0,3021694564,20260901
B3_spatial_feature,1.0,other_fg,interior,per_class,all,micro,median_stability,0.5046988217016826,0.4900528682944979,0.5192501914348001,104,123,104,123,,5000,5000,1.0,3021694564,20260901
B3_spatial_feature,1.0,other_fg,interior,per_class,all,micro,q25_stability,0.3795105245036001,0.36694154439052495,0.3929584053130383,104,123,104,123,,5000,5000,1.0,3021694564,20260901
B3_spatial_feature,1.0,other_fg,interior,per_class,all,micro,q75_stability,0.6775027080797232,0.6623808490389825,0.6929225854929855,104,123,104,123,,5000,5000,1.0,3021694564,20260901
B3_spatial_feature,1.0,other_fg,interior,per_class,all,micro,mean_stability,0.5226789198175739,0.48660484851955543,0.5547349512406159,13,71,13,71,,5000,5000,1.0,3021694564,20260901
B3_spatial_feature,1.0,other_fg,interior,per_class,all,micro,median_stability,0.501643493771553,0.4635072699881026,0.5360159385576844,13,71,13,71,,5000,5000,1.0,3021694564,20260901
B3_spatial_feature,1.0,other_fg,interior,per_class,all,micro,q25_stability,0.37794571484510714,0.34445373458166917,0.40950895812362426,13,71,13,71,,5000,5000,1.0,3021694564,20260901
B3_spatial_feature,1.0,other_fg,interior,per_class,all,micro,q75_stability,0.6626564516470983,0.6005762646279552,0.7112143272409837,13,71,13,71,,5000,5000,1.0,3021694564,20260901
B3_spatial_feature,1.0,other_fg,interior,per_class,all,micro,mean_stability,0.533835278437996,0.5208275663365862,0.5457939641304564,70,75,70,75,,5000,5000,1.0,3021694564,20260901
B3_spatial_feature,1.0,other_fg,interior,per_class,all,micro,median_stability,0.5071305362241608,0.49206478509202856,0.5216960467395853,70,75,70,75,,5000,5000,1.0,3021694564,20260901
B3_spatial_feature,1.0,other_fg,interior,per_class,all,micro,q25_stability,0.3779592270829848,0.36608604329958094,0.3894057888458942,70,75,70,75,,5000,5000,1.0,3021694564,20260901
B3_spatial_feature,1.0,other_fg,interior,per_class,all,micro,q75_stability,0.6750005885958672,0.6555431997594202,0.6932493189912353,70,75,70,75,,5000,5000,1.0,3021694564,20260901
B3_spatial_feature,1.0,other_fg,interior,per_class,all,micro,mean_stability,0.5295066827363379,0.5062050214332031,0.5519505749335524,42,128,42,128,,5000,5000,1.0,3021694564,20260901
B3_spatial_feature,1.0,other_fg,interior,per_class,all,micro,median_stability,0.501000856891984,0.47239065599940433,0.5292227811475352,42,128,42,128,,5000,5000,1.0,3021694564,20260901
B3_spatial_feature,1.0,other_fg,interior,per_class,all,micro,q25_stability,0.374316023130502,0.35204649048546155,0.39692989801988005,42,128,42,128,,5000,5000,1.0,3021694564,20260901
B3_spatial_feature,1.0,other_fg,interior,per_class,all,micro,q75_stability,0.6728446774539494,0.6427922328255838,0.7011905089358401,42,128,42,128,,5000,5000,1.0,3021694564,20260901
B3_spatial_feature,1.0,other_fg,interior,per_class,all,micro,mean_stability,0.39129619445521496,0.3431207385075569,0.4366760320267883,31,79,31,79,,5000,5000,1.0,3021694564,20260901
B3_spatial_feature,1.0,other_fg,interior,per_class,all,micro,median_stability,0.35551238324372997,0.3059684065842254,0.4032357954343074,31,79,31,79,,5000,5000,1.0,3021694564,20260901
B3_spatial_feature,1.0,other_fg,interior,per_class,all,micro,q25_stability,0.27502977619728736,0.24092844298363408,0.31048619603139477,31,79,31,79,,5000,5000,1.0,3021694564,20260901
B3_spatial_feature,1.0,other_fg,interior,per_class,all,micro,q75_stability,0.4716539399758462,0.40649930168120635,0.5337530524345735,31,79,31,79,,5000,5000,1.0,3021694564,20260901
B3_spatial_feature,1.0,other_fg,interior,per_class,all,micro,mean_stability,0.4950562165641565,0.47447041375485993,0.5147571078612598,49,76,49,76,,5000,5000,1.0,3021694564,20260901
B3_spatial_feature,1.0,other_fg,interior,per_class,all,micro,median_stability,0.47117916722686926,0.4485082014074493,0.4935122174503548,49,76,49,76,,5000,5000,1.0,3021694564,20260901
B3_spatial_feature,1.0,other_fg,interior,per_class,all,micro,q25_stability,0.3468682252022685,0.32820999310749494,0.36546998728218294,49,76,49,76,,5000,5000,1.0,3021694564,20260901
B3_spatial_feature,1.0,other_fg,interior,per_class,all,micro,q75_stability,0.6207229574115909,0.5885674216895331,0.6512194655645562,49,76,49,76,,5000,5000,1.0,3021694564,20260901
B3_spatial_feature,1.0,other_fg,interior,per_class,all,micro,mean_stability,0.5295183156954821,0.5189108792293903,0.540131527934634,347,445,347,445,,5000,5000,1.0,3021694564,20260901
B3_spatial_feature,1.0,other_fg,interior,per_class,all,micro,median_stability,0.5067644036812466,0.4952500693303929,0.5182241563690801,347,445,347,445,,5000,5000,1.0,3021694564,20260901
B3_spatial_feature,1.0,other_fg,interior,per_class,all,micro,q25_stability,0.3847827814755591,0.3753554855608828,0.39431711401031483,347,445,347,445,,5000,5000,1.0,3021694564,20260901
B3_spatial_feature,1.0,other_fg,interior,per_class,all,micro,q75_stability,0.6624720128687899,0.6479409059532548,0.6763538634918403,347,445,347,445,,5000,5000,1.0,3021694564,20260901
B3_spatial_feature,1.0,other_fg,interior,per_class,all,micro,mean_stability,0.5614887292942303,0.5454779303350004,0.577420291975932,57,85,57,85,,5000,5000,1.0,3021694564,20260901
B3_spatial_feature,1.0,other_fg,interior,per_class,all,micro,median_stability,0.5404107042571955,0.5196741034614136,0.5614578463925318,57,85,57,85,,5000,5000,1.0,3021694564,20260901
B3_spatial_feature,1.0,other_fg,interior,per_class,all,micro,q25_stability,0.4078180184751226,0.3898086052424716,0.42710803500970357,57,85,57,85,,5000,5000,1.0,3021694564,20260901
B3_spatial_feature,1.0,other_fg,interior,per_class,all,micro,q75_stability,0.7008169609726521,0.6830320301164454,0.7180353893697649,57,85,57,85,,5000,5000,1.0,3021694564,20260901
B3_spatial_feature,1.0,other_fg,interior,per_class,all,micro,mean_stability,0.5512765794128419,0.5415669977664948,0.5703663775476359,4,57,4,57,,5000,4927,0.9854,3021694564,20260901
B3_spatial_feature,1.0,other_fg,interior,per_class,all,micro,median_stability,0.5410137288272381,0.5153788328170776,0.5625903010368347,4,57,4,57,,5000,4927,0.9854,3021694564,20260901
B3_spatial_feature,1.0,other_fg,interior,per_class,all,micro,q25_stability,0.39072312600910664,0.37434878945350647,0.4083128422498703,4,57,4,57,,5000,4927,0.9854,3021694564,20260901
B3_spatial_feature,1.0,other_fg,interior,per_class,all,micro,q75_stability,0.6918971426784992,0.6608903706073761,0.7308828979730606,4,57,4,57,,5000,4927,0.9854,3021694564,20260901
B3_spatial_feature,1.0,other_fg,interior,per_class,all,micro,mean_stability,0.5072302711943765,0.48287015627194424,0.5300139659335291,56,90,56,90,,5000,5000,1.0,3021694564,20260901
B3_spatial_feature,1.0,other_fg,interior,per_class,all,micro,median_stability,0.47560026722827126,0.4474517768473533,0.5029245424163253,56,90,56,90,,5000,5000,1.0,3021694564,20260901
B3_spatial_feature,1.0,other_fg,interior,per_class,all,micro,q25_stability,0.35380354590181795,0.333825695705842,0.37304482934365085,56,90,56,90,,5000,5000,1.0,3021694564,20260901
B3_spatial_feature,1.0,other_fg,interior,per_class,all,micro,q75_stability,0.638382765996669,0.6017992942136797,0.6710464286286627,56,90,56,90,,5000,5000,1.0,3021694564,20260901
B3_spatial_feature,1.0,other_fg,interior,per_class,all,micro,mean_stability,0.450723703282698,0.30072398633348046,0.5583495694886016,6,84,6,84,,5000,4990,0.998,3021694564,20260901
B3_spatial_feature,1.0,other_fg,interior,per_class,all,micro,median_stability,0.4121921956539154,0.26297966837882997,0.5407999402532969,6,84,6,84,,5000,4990,0.998,3021694564,20260901
B3_spatial_feature,1.0,other_fg,interior,per_class,all,micro,q25_stability,0.32214577371875447,0.22066031955182552,0.40531105291564007,6,84,6,84,,5000,4990,0.998,3021694564,20260901
B3_spatial_feature,1.0,other_fg,interior,per_class,all,micro,q75_stability,0.555566151936849,0.35145346432924274,0.7172261774539948,6,84,6,84,,5000,4990,0.998,3021694564,20260901
B3_spatial_feature,1.0,other_fg,interior,per_class,all,micro,mean_stability,0.5597929025871873,0.5332054493483435,0.5909981701037268,35,74,35,74,,5000,5000,1.0,3021694564,20260901
B3_spatial_feature,1.0,other_fg,interior,per_class,all,micro,median_stability,0.5353672317096165,0.5042720440340539,0.5710586264853675,35,74,35,74,,5000,5000,1.0,3021694564,20260901
B3_spatial_feature,1.0,other_fg,interior,per_class,all,micro,q25_stability,0.4087070867419243,0.3779244899898497,0.4485031015166279,35,74,35,74,,5000,5000,1.0,3021694564,20260901
B3_spatial_feature,1.0,other_fg,interior,per_class,all,micro,q75_stability,0.6980820740972247,0.6707540125841951,0.7252702509726373,35,74,35,74,,5000,5000,1.0,3021694564,20260901
B3_spatial_feature,1.0,target,boundary,all_positive_classes,all,micro,mean_stability,0.4407284117221426,0.4366797495777274,0.44480147737910697,1432,1449,2021,2147,,5000,5000,1.0,3021694564,20260901
B3_spatial_feature,1.0,target,boundary,all_positive_classes,all,micro,median_stability,0.3964111576403341,0.39208012606751314,0.40085828550130453,1432,1449,2021,2147,,5000,5000,1.0,3021694564,20260901
B3_spatial_feature,1.0,target,boundary,all_positive_classes,all,micro,q25_stability,0.29436366891378757,0.2910375110100778,0.29771181754184456,1432,1449,2021,2147,,5000,5000,1.0,3021694564,20260901
B3_spatial_feature,1.0,target,boundary,all_positive_classes,all,micro,q75_stability,0.5534291716024302,0.5477379967747588,0.5591044336116672,1432,1449,2021,2147,,5000,5000,1.0,3021694564,20260901
B3_spatial_feature,1.0,target,boundary,all_positive_classes,all,macro_class,mean_stability,0.4478651597731619,0.4438240646678366,0.45190070979801794,1432,1449,2021,2147,20,5000,5000,1.0,3021694564,20260901
B3_spatial_feature,1.0,target,boundary,all_positive_classes,all,macro_class,median_stability,0.4050035923393339,0.4007127812305568,0.4093480146889532,1432,1449,2021,2147,20,5000,5000,1.0,3021694564,20260901
B3_spatial_feature,1.0,target,boundary,all_positive_classes,all,macro_class,q25_stability,0.30106086210397487,0.2977057034288396,0.30447007845134705,1432,1449,2021,2147,20,5000,5000,1.0,3021694564,20260901
B3_spatial_feature,1.0,target,boundary,all_positive_classes,all,macro_class,q75_stability,0.5622411443946737,0.5565358493232193,0.5678918416728554,1432,1449,2021,2147,20,5000,5000,1.0,3021694564,20260901
B3_spatial_feature,1.0,target,boundary,all_positive_classes,single_label,micro,mean_stability,0.46659552133466414,0.4619322870552171,0.4713081778046,912,927,912,927,,5000,5000,1.0,3021694564,20260901
B3_spatial_feature,1.0,target,boundary,all_positive_classes,single_label,micro,median_stability,0.42289649041598304,0.41743531555715346,0.4283435091923442,912,927,912,927,,5000,5000,1.0,3021694564,20260901
B3_spatial_feature,1.0,target,boundary,all_positive_classes,single_label,micro,q25_stability,0.3160661811258219,0.31181668220992365,0.3202968119865831,912,927,912,927,,5000,5000,1.0,3021694564,20260901
B3_spatial_feature,1.0,target,boundary,all_positive_classes,single_label,micro,q75_stability,0.5855705235725301,0.5787458728338186,0.5923209158222185,912,927,912,927,,5000,5000,1.0,3021694564,20260901
B3_spatial_feature,1.0,target,boundary,all_positive_classes,single_label,macro_class,mean_stability,0.4655769008881251,0.4603396863385318,0.4705176367162603,912,927,912,927,20,5000,5000,1.0,3021694564,20260901
B3_spatial_feature,1.0,target,boundary,all_positive_classes,single_label,macro_class,median_stability,0.4208098671404376,0.41506698493956556,0.426693720294571,912,927,912,927,20,5000,5000,1.0,3021694564,20260901
B3_spatial_feature,1.0,target,boundary,all_positive_classes,single_label,macro_class,q25_stability,0.31367222539469414,0.30903878130271084,0.3181751409104251,912,927,912,927,20,5000,5000,1.0,3021694564,20260901
B3_spatial_feature,1.0,target,boundary,all_positive_classes,single_label,macro_class,q75_stability,0.5859927941657308,0.5779245950601778,0.5938683847046642,912,927,912,927,20,5000,5000,1.0,3021694564,20260901
B3_spatial_feature,1.0,target,boundary,all_positive_classes,exactly_2_labels,micro,mean_stability,0.4232620744753026,0.4166373856660324,0.4300292045039829,373,375,694,750,,5000,5000,1.0,3021694564,20260901
B3_spatial_feature,1.0,target,boundary,all_positive_classes,exactly_2_labels,micro,median_stability,0.37786854222223637,0.3708030903797878,0.3851050191306954,373,375,694,750,,5000,5000,1.0,3021694564,20260901
B3_spatial_feature,1.0,target,boundary,all_positive_classes,exactly_2_labels,micro,q25_stability,0.27812217302641884,0.2727430344598191,0.28358675286153434,373,375,694,750,,5000,5000,1.0,3021694564,20260901
B3_spatial_feature,1.0,target,boundary,all_positive_classes,exactly_2_labels,micro,q75_stability,0.5333738636000012,0.5239923527408232,0.542961217474038,373,375,694,750,,5000,5000,1.0,3021694564,20260901
B3_spatial_feature,1.0,target,boundary,all_positive_classes,exactly_2_labels,macro_class,mean_stability,0.44165586602756735,0.43161801093755714,0.45094384158836237,373,375,694,750,20,5000,5000,1.0,3021694564,20260901
B3_spatial_feature,1.0,target,boundary,all_positive_classes,exactly_2_labels,macro_class,median_stability,0.4006068107661753,0.38982520183938946,0.4113774112898083,373,375,694,750,20,5000,5000,1.0,3021694564,20260901
B3_spatial_feature,1.0,target,boundary,all_positive_classes,exactly_2_labels,macro_class,q25_stability,0.2965416184598496,0.28720007448870416,0.3053655951076216,373,375,694,750,20,5000,5000,1.0,3021694564,20260901
B3_spatial_feature,1.0,target,boundary,all_positive_classes,exactly_2_labels,macro_class,q75_stability,0.5549957004051571,0.542235788227241,0.5673603596754212,373,375,694,750,20,5000,5000,1.0,3021694564,20260901
B3_spatial_feature,1.0,target,boundary,all_positive_classes,3plus_labels,micro,mean_stability,0.4130918673430736,0.4018147074370886,0.42374335260360246,147,147,415,470,,5000,5000,1.0,3021694564,20260901
B3_spatial_feature,1.0,target,boundary,all_positive_classes,3plus_labels,micro,median_stability,0.369215860312064,0.35749342413748575,0.3802647683273991,147,147,415,470,,5000,5000,1.0,3021694564,20260901
B3_spatial_feature,1.0,target,boundary,all_positive_classes,3plus_labels,micro,q25_stability,0.27383091471730225,0.26482703302720506,0.2829026335649359,147,147,415,470,,5000,5000,1.0,3021694564,20260901
B3_spatial_feature,1.0,target,boundary,all_positive_classes,3plus_labels,micro,q75_stability,0.5163339204143688,0.500883988595186,0.5308140784410672,147,147,415,470,,5000,5000,1.0,3021694564,20260901
B3_spatial_feature,1.0,target,boundary,all_positive_classes,3plus_labels,macro_class,mean_stability,0.4091930491983388,0.3955843795603519,0.4289418985410091,147,147,415,470,19,5000,5000,1.0,3021694564,20260901
B3_spatial_feature,1.0,target,boundary,all_positive_classes,3plus_labels,macro_class,median_stability,0.36708725791831814,0.35129466596934306,0.3892004142002996,147,147,415,470,19,5000,5000,1.0,3021694564,20260901
B3_spatial_feature,1.0,target,boundary,all_positive_classes,3plus_labels,macro_class,q25_stability,0.27248635889426165,0.2603563118313996,0.2895306248839735,147,147,415,470,19,5000,5000,1.0,3021694564,20260901
B3_spatial_feature,1.0,target,boundary,all_positive_classes,3plus_labels,macro_class,q75_stability,0.5070545727072279,0.487471627233151,0.5359416386955057,147,147,415,470,19,5000,5000,1.0,3021694564,20260901
B3_spatial_feature,1.0,target,boundary,per_class,all,micro,mean_stability,0.4540470974011174,0.4377946733258824,0.46880107994109854,87,90,87,90,,5000,5000,1.0,3021694564,20260901
B3_spatial_feature,1.0,target,boundary,per_class,all,micro,median_stability,0.41102986851300316,0.39366324956463866,0.4275811743407565,87,90,87,90,,5000,5000,1.0,3021694564,20260901
B3_spatial_feature,1.0,target,boundary,per_class,all,micro,q25_stability,0.30963874025934046,0.2969638658031524,0.3218656266541882,87,90,87,90,,5000,5000,1.0,3021694564,20260901
B3_spatial_feature,1.0,target,boundary,per_class,all,micro,q75_stability,0.5654916487120348,0.5424438915485428,0.5867358539767307,87,90,87,90,,5000,5000,1.0,3021694564,20260901
B3_spatial_feature,1.0,target,boundary,per_class,all,micro,mean_stability,0.4601902549420847,0.44454696606406796,0.4758631843062641,71,79,71,79,,5000,5000,1.0,3021694564,20260901
B3_spatial_feature,1.0,target,boundary,per_class,all,micro,median_stability,0.41807965566994437,0.40040306486952165,0.436236923213456,71,79,71,79,,5000,5000,1.0,3021694564,20260901
B3_spatial_feature,1.0,target,boundary,per_class,all,micro,q25_stability,0.31764888249232737,0.3041632472101362,0.33160271489775855,71,79,71,79,,5000,5000,1.0,3021694564,20260901
B3_spatial_feature,1.0,target,boundary,per_class,all,micro,q75_stability,0.5799006036364697,0.5563054463367401,0.6036358729314283,71,79,71,79,,5000,5000,1.0,3021694564,20260901
B3_spatial_feature,1.0,target,boundary,per_class,all,micro,mean_stability,0.5098659709140829,0.4938559669001594,0.5249738435621787,99,103,99,103,,5000,5000,1.0,3021694564,20260901
B3_spatial_feature,1.0,target,boundary,per_class,all,micro,median_stability,0.4770446101372892,0.457883761735441,0.49548805329856394,99,103,99,103,,5000,5000,1.0,3021694564,20260901
B3_spatial_feature,1.0,target,boundary,per_class,all,micro,q25_stability,0.36302304975312166,0.34770594855244047,0.37804783907887995,99,103,99,103,,5000,5000,1.0,3021694564,20260901
B3_spatial_feature,1.0,target,boundary,per_class,all,micro,q75_stability,0.6321383354188216,0.6105325183406167,0.6528164164247539,99,103,99,103,,5000,5000,1.0,3021694564,20260901
B3_spatial_feature,1.0,target,boundary,per_class,all,micro,mean_stability,0.4339836253240521,0.4127488186919071,0.4553710656715421,69,72,69,72,,5000,5000,1.0,3021694564,20260901
B3_spatial_feature,1.0,target,boundary,per_class,all,micro,median_stability,0.3920915365435075,0.367626397103386,0.41709230453679486,69,72,69,72,,5000,5000,1.0,3021694564,20260901
B3_spatial_feature,1.0,target,boundary,per_class,all,micro,q25_stability,0.29487330828239955,0.27633322394439874,0.31460508124577624,69,72,69,72,,5000,5000,1.0,3021694564,20260901
B3_spatial_feature,1.0,target,boundary,per_class,all,micro,q75_stability,0.5354552747330804,0.5044693837661546,0.5654542022788537,69,72,69,72,,5000,5000,1.0,3021694564,20260901
B3_spatial_feature,1.0,target,boundary,per_class,all,micro,mean_stability,0.3771884665980374,0.35437501437417257,0.3991563269242436,84,96,84,96,,5000,5000,1.0,3021694564,20260901
B3_spatial_feature,1.0,target,boundary,per_class,all,micro,median_stability,0.3301099103298925,0.307585427811383,0.35271546300119594,84,96,84,96,,5000,5000,1.0,3021694564,20260901
B3_spatial_feature,1.0,target,boundary,per_class,all,micro,q25_stability,0.25699393322602626,0.23907992022852417,0.2746930737866619,84,96,84,96,,5000,5000,1.0,3021694564,20260901
B3_spatial_feature,1.0,target,boundary,per_class,all,micro,q75_stability,0.45948728253798826,0.4294645984607922,0.48878975432953464,84,96,84,96,,5000,5000,1.0,3021694564,20260901
B3_spatial_feature,1.0,target,boundary,per_class,all,micro,mean_stability,0.48435936085130504,0.468198277685412,0.5018980803660724,73,74,73,74,,5000,5000,1.0,3021694564,20260901
B3_spatial_feature,1.0,target,boundary,per_class,all,micro,median_stability,0.43772078795384056,0.41876023013592295,0.45846985685958025,73,74,73,74,,5000,5000,1.0,3021694564,20260901
B3_spatial_feature,1.0,target,boundary,per_class,all,micro,q25_stability,0.3254516586048962,0.3077234869679865,0.3476099064531924,73,74,73,74,,5000,5000,1.0,3021694564,20260901
B3_spatial_feature,1.0,target,boundary,per_class,all,micro,q75_stability,0.6050983349958511,0.5832053188668335,0.6254686973803667,73,74,73,74,,5000,5000,1.0,3021694564,20260901
B3_spatial_feature,1.0,target,boundary,per_class,all,micro,mean_stability,0.40956847027531146,0.3888152860435803,0.4293444598843966,113,127,113,127,,5000,5000,1.0,3021694564,20260901
B3_spatial_feature,1.0,target,boundary,per_class,all,micro,median_stability,0.36663341400238264,0.34514213177944636,0.3871429279713865,113,127,113,127,,5000,5000,1.0,3021694564,20260901
B3_spatial_feature,1.0,target,boundary,per_class,all,micro,q25_stability,0.275486056585755,0.25849498477462596,0.29166971215045856,113,127,113,127,,5000,5000,1.0,3021694564,20260901
B3_spatial_feature,1.0,target,boundary,per_class,all,micro,q75_stability,0.5030726570537133,0.47272962812718966,0.5320398472283461,113,127,113,127,,5000,5000,1.0,3021694564,20260901
B3_spatial_feature,1.0,target,boundary,per_class,all,micro,mean_stability,0.458026281723989,0.4455170582096859,0.46988313931580183,117,119,117,119,,5000,5000,1.0,3021694564,20260901
B3_spatial_feature,1.0,target,boundary,per_class,all,micro,median_stability,0.41139653261400694,0.3978831625931445,0.42515663860465064,117,119,117,119,,5000,5000,1.0,3021694564,20260901
B3_spatial_feature,1.0,target,boundary,per_class,all,micro,q25_stability,0.31178988178825784,0.30017881525858375,0.32326555363171966,117,119,117,119,,5000,5000,1.0,3021694564,20260901
B3_spatial_feature,1.0,target,boundary,per_class,all,micro,q75_stability,0.5708102820775448,0.5532151692263888,0.5878719960323582,117,119,117,119,,5000,5000,1.0,3021694564,20260901
B3_spatial_feature,1.0,target,boundary,per_class,all,micro,mean_stability,0.4374688195011319,0.42076390650100104,0.45319970859563696,112,123,112,123,,5000,5000,1.0,3021694564,20260901
B3_spatial_feature,1.0,target,boundary,per_class,all,micro,median_stability,0.3941981565606381,0.3771278043758113,0.4105696284777618,112,123,112,123,,5000,5000,1.0,3021694564,20260901
B3_spatial_feature,1.0,target,boundary,per_class,all,micro,q25_stability,0.29171627633539693,0.2789818195192504,0.3039530113070879,112,123,112,123,,5000,5000,1.0,3021694564,20260901
B3_spatial_feature,1.0,target,boundary,per_class,all,micro,q75_stability,0.5499847061665994,0.5265660051588842,0.5724458815054517,112,123,112,123,,5000,5000,1.0,3021694564,20260901
B3_spatial_feature,1.0,target,boundary,per_class,all,micro,mean_stability,0.44731905861443405,0.4281220593809995,0.46568429928932076,71,71,71,71,,5000,5000,1.0,3021694564,20260901
B3_spatial_feature,1.0,target,boundary,per_class,all,micro,median_stability,0.4091886899001162,0.3881908541256693,0.42956490233330663,71,71,71,71,,5000,5000,1.0,3021694564,20260901
B3_spatial_feature,1.0,target,boundary,per_class,all,micro,q25_stability,0.2870379889410147,0.27146009183816716,0.30251334917429884,71,71,71,71,,5000,5000,1.0,3021694564,20260901
B3_spatial_feature,1.0,target,boundary,per_class,all,micro,q75_stability,0.5717214059451936,0.5449679769575596,0.5977774064384506,71,71,71,71,,5000,5000,1.0,3021694564,20260901
B3_spatial_feature,1.0,target,boundary,per_class,all,micro,mean_stability,0.46910677816066404,0.45323326986397594,0.484627235906135,72,75,72,75,,5000,5000,1.0,3021694564,20260901
B3_spatial_feature,1.0,target,boundary,per_class,all,micro,median_stability,0.4358712277478642,0.415100415439478,0.45621296550830204,72,75,72,75,,5000,5000,1.0,3021694564,20260901
B3_spatial_feature,1.0,target,boundary,per_class,all,micro,q25_stability,0.3157875698266758,0.30172591952203737,0.3300430417346122,72,75,72,75,,5000,5000,1.0,3021694564,20260901
B3_spatial_feature,1.0,target,boundary,per_class,all,micro,q75_stability,0.5922211140601171,0.5685560817012714,0.6145284694872347,72,75,72,75,,5000,5000,1.0,3021694564,20260901
B3_spatial_feature,1.0,target,boundary,per_class,all,micro,mean_stability,0.4335056739942057,0.4220883813756692,0.44510247669813985,126,128,126,128,,5000,5000,1.0,3021694564,20260901
B3_spatial_feature,1.0,target,boundary,per_class,all,micro,median_stability,0.38258181595140034,0.3692291592713566,0.3962088207591228,126,128,126,128,,5000,5000,1.0,3021694564,20260901
B3_spatial_feature,1.0,target,boundary,per_class,all,micro,q25_stability,0.27860720695129465,0.26888840465545655,0.2882724277098013,126,128,126,128,,5000,5000,1.0,3021694564,20260901
B3_spatial_feature,1.0,target,boundary,per_class,all,micro,q75_stability,0.5507220773115045,0.533880579523975,0.5684250543428585,126,128,126,128,,5000,5000,1.0,3021694564,20260901
B3_spatial_feature,1.0,target,boundary,per_class,all,micro,mean_stability,0.4771128083577516,0.4663336140928886,0.48756465191424,77,79,77,79,,5000,5000,1.0,3021694564,20260901
B3_spatial_feature,1.0,target,boundary,per_class,all,micro,median_stability,0.4324320626336259,0.41984756695592085,0.44484500334728716,77,79,77,79,,5000,5000,1.0,3021694564,20260901
B3_spatial_feature,1.0,target,boundary,per_class,all,micro,q25_stability,0.3205491459698646,0.31066445898172196,0.33060354001652925,77,79,77,79,,5000,5000,1.0,3021694564,20260901
B3_spatial_feature,1.0,target,boundary,per_class,all,micro,q75_stability,0.6065895108433513,0.5895023290468733,0.6224986264694341,77,79,77,79,,5000,5000,1.0,3021694564,20260901
B3_spatial_feature,1.0,target,boundary,per_class,all,micro,mean_stability,0.45336427093820486,0.4370181199893617,0.4683180405110188,75,76,75,76,,5000,5000,1.0,3021694564,20260901
B3_spatial_feature,1.0,target,boundary,per_class,all,micro,median_stability,0.40860004256169,0.39240416205743034,0.424139055886649,75,76,75,76,,5000,5000,1.0,3021694564,20260901
B3_spatial_feature,1.0,target,boundary,per_class,all,micro,q25_stability,0.2968961400538683,0.2848003254419095,0.30882723362626213,75,76,75,76,,5000,5000,1.0,3021694564,20260901
B3_spatial_feature,1.0,target,boundary,per_class,all,micro,q75_stability,0.5799031373361746,0.5561796459262994,0.6020681517372529,75,76,75,76,,5000,5000,1.0,3021694564,20260901
B3_spatial_feature,1.0,target,boundary,per_class,all,micro,mean_stability,0.4053578330028798,0.3952972498740866,0.4151533280624138,412,445,412,445,,5000,5000,1.0,3021694564,20260901
B3_spatial_feature,1.0,target,boundary,per_class,all,micro,median_stability,0.35470138699521575,0.34455460111087444,0.3649238789676324,412,445,412,445,,5000,5000,1.0,3021694564,20260901
B3_spatial_feature,1.0,target,boundary,per_class,all,micro,q25_stability,0.2607651647153193,0.2528891869707067,0.26873882647949743,412,445,412,445,,5000,5000,1.0,3021694564,20260901
B3_spatial_feature,1.0,target,boundary,per_class,all,micro,q75_stability,0.5112907864126259,0.4968889218993749,0.5249360926089148,412,445,412,445,,5000,5000,1.0,3021694564,20260901
B3_spatial_feature,1.0,target,boundary,per_class,all,micro,mean_stability,0.4092785138948774,0.38367611929898665,0.4341468190126869,68,85,68,85,,5000,5000,1.0,3021694564,20260901
B3_spatial_feature,1.0,target,boundary,per_class,all,micro,median_stability,0.36982698037343864,0.34327975298831426,0.3959592912096326,68,85,68,85,,5000,5000,1.0,3021694564,20260901
B3_spatial_feature,1.0,target,boundary,per_class,all,micro,q25_stability,0.27806029014070244,0.2591209483070059,0.29701176760265086,68,85,68,85,,5000,5000,1.0,3021694564,20260901
B3_spatial_feature,1.0,target,boundary,per_class,all,micro,q75_stability,0.51193102706662,0.4752473305834911,0.5480666732237509,68,85,68,85,,5000,5000,1.0,3021694564,20260901
B3_spatial_feature,1.0,target,boundary,per_class,all,micro,mean_stability,0.44350616008850097,0.42347072286804155,0.46196043181868807,57,57,57,57,,5000,5000,1.0,3021694564,20260901
B3_spatial_feature,1.0,target,boundary,per_class,all,micro,median_stability,0.3951839062205532,0.3741193329229167,0.41530242964886777,57,57,57,57,,5000,5000,1.0,3021694564,20260901
B3_spatial_feature,1.0,target,boundary,per_class,all,micro,q25_stability,0.2898276949530108,0.2733292575925588,0.30578473279285323,57,57,57,57,,5000,5000,1.0,3021694564,20260901
B3_spatial_feature,1.0,target,boundary,per_class,all,micro,q75_stability,0.5614423778627002,0.5321006063943762,0.5883186455293183,57,57,57,57,,5000,5000,1.0,3021694564,20260901
B3_spatial_feature,1.0,target,boundary,per_class,all,micro,mean_stability,0.45857744438343767,0.44325970568504514,0.4735187906076163,88,90,88,90,,5000,5000,1.0,3021694564,20260901
B3_spatial_feature,1.0,target,boundary,per_class,all,micro,median_stability,0.4145160404626619,0.3974247247897392,0.43170425722936734,88,90,88,90,,5000,5000,1.0,3021694564,20260901
B3_spatial_feature,1.0,target,boundary,per_class,all,micro,q25_stability,0.30110704680820083,0.2875998200070773,0.3148866007245784,88,90,88,90,,5000,5000,1.0,3021694564,20260901
B3_spatial_feature,1.0,target,boundary,per_class,all,micro,q75_stability,0.5863889416002415,0.5641373700387589,0.6087040185719502,88,90,88,90,,5000,5000,1.0,3021694564,20260901
B3_spatial_feature,1.0,target,boundary,per_class,all,micro,mean_stability,0.5052498636929258,0.49326201283315024,0.5168614535269,84,84,84,84,,5000,5000,1.0,3021694564,20260901
B3_spatial_feature,1.0,target,boundary,per_class,all,micro,median_stability,0.4705576820387727,0.45664200471891536,0.48465044615967645,84,84,84,84,,5000,5000,1.0,3021694564,20260901
B3_spatial_feature,1.0,target,boundary,per_class,all,micro,q25_stability,0.35223564603144214,0.34083618419466627,0.3636766210531017,84,84,84,84,,5000,5000,1.0,3021694564,20260901
B3_spatial_feature,1.0,target,boundary,per_class,all,micro,q75_stability,0.632992823120384,0.6152939464032118,0.6500573370938323,84,84,84,84,,5000,5000,1.0,3021694564,20260901
B3_spatial_feature,1.0,target,boundary,per_class,all,micro,mean_stability,0.43022644280424327,0.4096024841144358,0.44982099322512614,66,74,66,74,,5000,5000,1.0,3021694564,20260901
B3_spatial_feature,1.0,target,boundary,per_class,all,micro,median_stability,0.3883075395768339,0.36675301163108326,0.40860914835701445,66,74,66,74,,5000,5000,1.0,3021694564,20260901
B3_spatial_feature,1.0,target,boundary,per_class,all,micro,q25_stability,0.2937215603605816,0.2766042464938407,0.3100724878477866,66,74,66,74,,5000,5000,1.0,3021694564,20260901
B3_spatial_feature,1.0,target,boundary,per_class,all,micro,q75_stability,0.5381805610024568,0.5099406430216171,0.5654733087439021,66,74,66,74,,5000,5000,1.0,3021694564,20260901
B3_spatial_feature,1.0,target,interior,all_positive_classes,all,micro,mean_stability,0.46880916385171695,0.4640137117097702,0.47359203122746407,1399,1449,1850,2147,,5000,5000,1.0,3021694564,20260901
B3_spatial_feature,1.0,target,interior,all_positive_classes,all,micro,median_stability,0.4339282110111939,0.4288059736637966,0.43908693551011846,1399,1449,1850,2147,,5000,5000,1.0,3021694564,20260901
B3_spatial_feature,1.0,target,interior,all_positive_classes,all,micro,q25_stability,0.32284643235943605,0.3189948524651863,0.32673635174096183,1399,1449,1850,2147,,5000,5000,1.0,3021694564,20260901
B3_spatial_feature,1.0,target,interior,all_positive_classes,all,micro,q75_stability,0.5900337651009495,0.5834493549549432,0.5966479246622458,1399,1449,1850,2147,,5000,5000,1.0,3021694564,20260901
B3_spatial_feature,1.0,target,interior,all_positive_classes,all,macro_class,mean_stability,0.4724113226532102,0.46731246234162405,0.47738810228157635,1399,1449,1850,2147,20,5000,5000,1.0,3021694564,20260901
B3_spatial_feature,1.0,target,interior,all_positive_classes,all,macro_class,median_stability,0.4377326769421267,0.4323532597633785,0.4429670283832704,1399,1449,1850,2147,20,5000,5000,1.0,3021694564,20260901
B3_spatial_feature,1.0,target,interior,all_positive_classes,all,macro_class,q25_stability,0.32673491642676245,0.322767062830602,0.33062986388170906,1399,1449,1850,2147,20,5000,5000,1.0,3021694564,20260901
B3_spatial_feature,1.0,target,interior,all_positive_classes,all,macro_class,q75_stability,0.594212947640327,0.5871140883012268,0.6010587178312538,1399,1449,1850,2147,20,5000,5000,1.0,3021694564,20260901
B3_spatial_feature,1.0,target,interior,all_positive_classes,single_label,micro,mean_stability,0.5006132032493459,0.49508867705382387,0.5059639167452136,886,927,886,927,,5000,5000,1.0,3021694564,20260901
B3_spatial_feature,1.0,target,interior,all_positive_classes,single_label,micro,median_stability,0.4693545003886215,0.4633469403653488,0.47532890550981555,886,927,886,927,,5000,5000,1.0,3021694564,20260901
B3_spatial_feature,1.0,target,interior,all_positive_classes,single_label,micro,q25_stability,0.34865832655074636,0.3442439688171647,0.3531666993279312,886,927,886,927,,5000,5000,1.0,3021694564,20260901
B3_spatial_feature,1.0,target,interior,all_positive_classes,single_label,micro,q75_stability,0.6320773717583605,0.6241200381584845,0.6397075238381261,886,927,886,927,,5000,5000,1.0,3021694564,20260901
B3_spatial_feature,1.0,target,interior,all_positive_classes,single_label,macro_class,mean_stability,0.49400858830912037,0.48712242197560573,0.5000237321979718,886,927,886,927,20,5000,5000,1.0,3021694564,20260901
B3_spatial_feature,1.0,target,interior,all_positive_classes,single_label,macro_class,median_stability,0.4610989718703567,0.45384199771081696,0.46763429144425656,886,927,886,927,20,5000,5000,1.0,3021694564,20260901
B3_spatial_feature,1.0,target,interior,all_positive_classes,single_label,macro_class,q25_stability,0.3426419279394285,0.33709993856659687,0.3477109820311998,886,927,886,927,20,5000,5000,1.0,3021694564,20260901
B3_spatial_feature,1.0,target,interior,all_positive_classes,single_label,macro_class,q75_stability,0.6237291783045524,0.6142857279371057,0.6322898034811238,886,927,886,927,20,5000,5000,1.0,3021694564,20260901
B3_spatial_feature,1.0,target,interior,all_positive_classes,exactly_2_labels,micro,mean_stability,0.45475223079668925,0.4470735466517605,0.46219481295327725,366,375,615,750,,5000,5000,1.0,3021694564,20260901
B3_spatial_feature,1.0,target,interior,all_positive_classes,exactly_2_labels,micro,median_stability,0.4163879014915082,0.40829273724544957,0.424521550955651,366,375,615,750,,5000,5000,1.0,3021694564,20260901
B3_spatial_feature,1.0,target,interior,all_positive_classes,exactly_2_labels,micro,q25_stability,0.31079536911433303,0.30424971088524044,0.31749655084920675,366,375,615,750,,5000,5000,1.0,3021694564,20260901
B3_spatial_feature,1.0,target,interior,all_positive_classes,exactly_2_labels,micro,q75_stability,0.5702660180143709,0.5597012980070714,0.5804289316165497,366,375,615,750,,5000,5000,1.0,3021694564,20260901
B3_spatial_feature,1.0,target,interior,all_positive_classes,exactly_2_labels,macro_class,mean_stability,0.462424114973759,0.4490911591302163,0.47478336021089856,366,375,615,750,20,5000,5000,1.0,3021694564,20260901
B3_spatial_feature,1.0,target,interior,all_positive_classes,exactly_2_labels,macro_class,median_stability,0.426394915224486,0.4122196549681629,0.43995577009862374,366,375,615,750,20,5000,5000,1.0,3021694564,20260901
B3_spatial_feature,1.0,target,interior,all_positive_classes,exactly_2_labels,macro_class,q25_stability,0.31917882168846246,0.3097784308782253,0.3281220295141252,366,375,615,750,20,5000,5000,1.0,3021694564,20260901
B3_spatial_feature,1.0,target,interior,all_positive_classes,exactly_2_labels,macro_class,q75_stability,0.5791478387192808,0.5607006658112245,0.5966823924860658,366,375,615,750,20,5000,5000,1.0,3021694564,20260901
B3_spatial_feature,1.0,target,interior,all_positive_classes,3plus_labels,micro,mean_stability,0.4128396364091469,0.401464921211482,0.4240182267676254,147,147,349,470,,5000,5000,1.0,3021694564,20260901
B3_spatial_feature,1.0,target,interior,all_positive_classes,3plus_labels,micro,median_stability,0.37490127108628224,0.36362947618908087,0.38621809184006173,147,147,349,470,,5000,5000,1.0,3021694564,20260901
B3_spatial_feature,1.0,target,interior,all_positive_classes,3plus_labels,micro,q25_stability,0.2785543568357612,0.2703951357294803,0.2866102417344776,147,147,349,470,,5000,5000,1.0,3021694564,20260901
B3_spatial_feature,1.0,target,interior,all_positive_classes,3plus_labels,micro,q75_stability,0.5181327019484558,0.5013158684405986,0.5347168485445966,147,147,349,470,,5000,5000,1.0,3021694564,20260901
B3_spatial_feature,1.0,target,interior,all_positive_classes,3plus_labels,macro_class,mean_stability,0.4078478968758581,0.38674167786336144,0.42862279798200864,147,147,349,470,19,5000,5000,1.0,3021694564,20260901
B3_spatial_feature,1.0,target,interior,all_positive_classes,3plus_labels,macro_class,median_stability,0.36734935684715014,0.346421427240419,0.38900604104042,147,147,349,470,19,5000,5000,1.0,3021694564,20260901
B3_spatial_feature,1.0,target,interior,all_positive_classes,3plus_labels,macro_class,q25_stability,0.2732595372380042,0.25677357753678876,0.29185583543532,147,147,349,470,19,5000,5000,1.0,3021694564,20260901
B3_spatial_feature,1.0,target,interior,all_positive_classes,3plus_labels,macro_class,q75_stability,0.512350751662708,0.4829134749352602,0.539184789993939,147,147,349,470,19,5000,5000,1.0,3021694564,20260901
B3_spatial_feature,1.0,target,interior,per_class,all,micro,mean_stability,0.46799719914978,0.4480407028452791,0.48597216900487983,81,90,81,90,,5000,5000,1.0,3021694564,20260901
B3_spatial_feature,1.0,target,interior,per_class,all,micro,median_stability,0.43412650486937276,0.4125637302875928,0.45413034200701213,81,90,81,90,,5000,5000,1.0,3021694564,20260901
B3_spatial_feature,1.0,target,interior,per_class,all,micro,q25_stability,0.32935694687896305,0.3149334022472342,0.3431786024569747,81,90,81,90,,5000,5000,1.0,3021694564,20260901
B3_spatial_feature,1.0,target,interior,per_class,all,micro,q75_stability,0.5852094580545838,0.5563740635218172,0.6113765913876555,81,90,81,90,,5000,5000,1.0,3021694564,20260901
B3_spatial_feature,1.0,target,interior,per_class,all,micro,mean_stability,0.4759901224091564,0.44560639077219083,0.5066646105191669,60,79,60,79,,5000,5000,1.0,3021694564,20260901
B3_spatial_feature,1.0,target,interior,per_class,all,micro,median_stability,0.4497214939445257,0.41873121252970213,0.4830788833748367,60,79,60,79,,5000,5000,1.0,3021694564,20260901
B3_spatial_feature,1.0,target,interior,per_class,all,micro,q25_stability,0.36465714226166407,0.33879985191092904,0.3931203962425838,60,79,60,79,,5000,5000,1.0,3021694564,20260901
B3_spatial_feature,1.0,target,interior,per_class,all,micro,q75_stability,0.5699557565152645,0.5273827782560833,0.6130607980343366,60,79,60,79,,5000,5000,1.0,3021694564,20260901
B3_spatial_feature,1.0,target,interior,per_class,all,micro,mean_stability,0.5342570949237618,0.5126107454871558,0.5554419261763281,90,103,90,103,,5000,5000,1.0,3021694564,20260901
B3_spatial_feature,1.0,target,interior,per_class,all,micro,median_stability,0.5115386282404264,0.48844358966323737,0.5342897189670448,90,103,90,103,,5000,5000,1.0,3021694564,20260901
B3_spatial_feature,1.0,target,interior,per_class,all,micro,q25_stability,0.3973643648127715,0.38028164820835575,0.4149733168361031,90,103,90,103,,5000,5000,1.0,3021694564,20260901
B3_spatial_feature,1.0,target,interior,per_class,all,micro,q75_stability,0.660763697574536,0.6303515258244488,0.6899487836293176,90,103,90,103,,5000,5000,1.0,3021694564,20260901
B3_spatial_feature,1.0,target,interior,per_class,all,micro,mean_stability,0.44844906989034655,0.426573777575562,0.4684603795603075,62,72,62,72,,5000,5000,1.0,3021694564,20260901
B3_spatial_feature,1.0,target,interior,per_class,all,micro,median_stability,0.40388212797622525,0.3809091864101948,0.42682243327671276,62,72,62,72,,5000,5000,1.0,3021694564,20260901
B3_spatial_feature,1.0,target,interior,per_class,all,micro,q25_stability,0.303607513316937,0.2857510730143866,0.3206892256893421,62,72,62,72,,5000,5000,1.0,3021694564,20260901
B3_spatial_feature,1.0,target,interior,per_class,all,micro,q75_stability,0.555829671361754,0.5235872264212832,0.5853879787232803,62,72,62,72,,5000,5000,1.0,3021694564,20260901
B3_spatial_feature,1.0,target,interior,per_class,all,micro,mean_stability,0.4318006674052375,0.3995162389861486,0.4626635387113998,65,96,65,96,,5000,5000,1.0,3021694564,20260901
B3_spatial_feature,1.0,target,interior,per_class,all,micro,median_stability,0.4014424377909073,0.36995173575299795,0.4320202792108258,65,96,65,96,,5000,5000,1.0,3021694564,20260901
B3_spatial_feature,1.0,target,interior,per_class,all,micro,q25_stability,0.30310296155512334,0.2819763807187717,0.32351680343704564,65,96,65,96,,5000,5000,1.0,3021694564,20260901
B3_spatial_feature,1.0,target,interior,per_class,all,micro,q75_stability,0.535995305959995,0.49139630733030465,0.5802294387230797,65,96,65,96,,5000,5000,1.0,3021694564,20260901
B3_spatial_feature,1.0,target,interior,per_class,all,micro,mean_stability,0.49014094591300433,0.46641628906254223,0.511919953462907,71,74,71,74,,5000,5000,1.0,3021694564,20260901
B3_spatial_feature,1.0,target,interior,per_class,all,micro,median_stability,0.45937743961391314,0.4343510047708085,0.48336211324169087,71,74,71,74,,5000,5000,1.0,3021694564,20260901
B3_spatial_feature,1.0,target,interior,per_class,all,micro,q25_stability,0.3398957990214858,0.3210709649752682,0.358936662026859,71,74,71,74,,5000,5000,1.0,3021694564,20260901
B3_spatial_feature,1.0,target,interior,per_class,all,micro,q75_stability,0.6192944651653229,0.5875868702481413,0.6486433014127714,71,74,71,74,,5000,5000,1.0,3021694564,20260901
B3_spatial_feature,1.0,target,interior,per_class,all,micro,mean_stability,0.45383248248287267,0.4313988051800988,0.4760482763800807,91,127,91,127,,5000,5000,1.0,3021694564,20260901
B3_spatial_feature,1.0,target,interior,per_class,all,micro,median_stability,0.4180554939577213,0.3941338597887439,0.4412946255548679,91,127,91,127,,5000,5000,1.0,3021694564,20260901
B3_spatial_feature,1.0,target,interior,per_class,all,micro,q25_stability,0.30899963933196695,0.29147796974133694,0.3264160805470532,91,127,91,127,,5000,5000,1.0,3021694564,20260901
B3_spatial_feature,1.0,target,interior,per_class,all,micro,q75_stability,0.5743733535387686,0.5434025486056171,0.6056631968378843,91,127,91,127,,5000,5000,1.0,3021694564,20260901
B3_spatial_feature,1.0,target,interior,per_class,all,micro,mean_stability,0.5128179005382586,0.4950778822098294,0.5289749619638956,118,119,118,119,,5000,5000,1.0,3021694564,20260901
B3_spatial_feature,1.0,target,interior,per_class,all,micro,median_stability,0.48725928192547824,0.46889516260560554,0.504597386598234,118,119,118,119,,5000,5000,1.0,3021694564,20260901
B3_spatial_feature,1.0,target,interior,per_class,all,micro,q25_stability,0.3521257628986644,0.3388831424512312,0.3645977882607656,118,119,118,119,,5000,5000,1.0,3021694564,20260901
B3_spatial_feature,1.0,target,interior,per_class,all,micro,q75_stability,0.6556573615930343,0.6311709877234791,0.6780697040040703,118,119,118,119,,5000,5000,1.0,3021694564,20260901
B3_spatial_feature,1.0,target,interior,per_class,all,micro,mean_stability,0.4344985852336269,0.4131758806264172,0.45417561115621363,94,123,94,123,,5000,5000,1.0,3021694564,20260901
B3_spatial_feature,1.0,target,interior,per_class,all,micro,median_stability,0.4016223060006791,0.3802399479585918,0.42236328265086437,94,123,94,123,,5000,5000,1.0,3021694564,20260901
B3_spatial_feature,1.0,target,interior,per_class,all,micro,q25_stability,0.3044350732989768,0.2887966827531768,0.3212237777992617,94,123,94,123,,5000,5000,1.0,3021694564,20260901
B3_spatial_feature,1.0,target,interior,per_class,all,micro,q75_stability,0.5353627870691583,0.5054062845871927,0.5625441145687784,94,123,94,123,,5000,5000,1.0,3021694564,20260901
B3_spatial_feature,1.0,target,interior,per_class,all,micro,mean_stability,0.4527139607148143,0.42898144055141635,0.4752552342212865,68,71,68,71,,5000,5000,1.0,3021694564,20260901
B3_spatial_feature,1.0,target,interior,per_class,all,micro,median_stability,0.41514684446156025,0.391800379672659,0.43774641988986807,68,71,68,71,,5000,5000,1.0,3021694564,20260901
B3_spatial_feature,1.0,target,interior,per_class,all,micro,q25_stability,0.30028605324161406,0.28363136852100895,0.3160611428340083,68,71,68,71,,5000,5000,1.0,3021694564,20260901
B3_spatial_feature,1.0,target,interior,per_class,all,micro,q75_stability,0.5784830579205471,0.544439380400415,0.6101772238620281,68,71,68,71,,5000,5000,1.0,3021694564,20260901
B3_spatial_feature,1.0,target,interior,per_class,all,micro,mean_stability,0.4599955618860539,0.4428788390804044,0.47655471735004046,72,75,72,75,,5000,5000,1.0,3021694564,20260901
B3_spatial_feature,1.0,target,interior,per_class,all,micro,median_stability,0.4123282494644324,0.3951380755620725,0.42932505178796265,72,75,72,75,,5000,5000,1.0,3021694564,20260901
B3_spatial_feature,1.0,target,interior,per_class,all,micro,q25_stability,0.3076303792703483,0.2943229420225044,0.3210620192181631,72,75,72,75,,5000,5000,1.0,3021694564,20260901
B3_spatial_feature,1.0,target,interior,per_class,all,micro,q75_stability,0.5857151529441277,0.559290885110189,0.6112312224182628,72,75,72,75,,5000,5000,1.0,3021694564,20260901
B3_spatial_feature,1.0,target,interior,per_class,all,micro,mean_stability,0.48203962471314804,0.46669477161721507,0.49718446400588756,126,128,126,128,,5000,5000,1.0,3021694564,20260901
B3_spatial_feature,1.0,target,interior,per_class,all,micro,median_stability,0.4497316175155223,0.43354568434124907,0.4660521912920804,126,128,126,128,,5000,5000,1.0,3021694564,20260901
B3_spatial_feature,1.0,target,interior,per_class,all,micro,q25_stability,0.3237740480237537,0.3116911965800172,0.33625406813715536,126,128,126,128,,5000,5000,1.0,3021694564,20260901
B3_spatial_feature,1.0,target,interior,per_class,all,micro,q75_stability,0.6149933863845136,0.5926802863073228,0.6365940312914077,126,128,126,128,,5000,5000,1.0,3021694564,20260901
B3_spatial_feature,1.0,target,interior,per_class,all,micro,mean_stability,0.5080810631176688,0.4890937153332081,0.525104973941596,77,79,77,79,,5000,5000,1.0,3021694564,20260901
B3_spatial_feature,1.0,target,interior,per_class,all,micro,median_stability,0.4781857936026214,0.45703334586364747,0.4979251682685761,77,79,77,79,,5000,5000,1.0,3021694564,20260901
B3_spatial_feature,1.0,target,interior,per_class,all,micro,q25_stability,0.357481720458184,0.3410254892994005,0.37291485808829594,77,79,77,79,,5000,5000,1.0,3021694564,20260901
B3_spatial_feature,1.0,target,interior,per_class,all,micro,q75_stability,0.6405350614290732,0.6145678998485796,0.6635568646955994,77,79,77,79,,5000,5000,1.0,3021694564,20260901
B3_spatial_feature,1.0,target,interior,per_class,all,micro,mean_stability,0.4874285550050831,0.47029461589581245,0.5030700374001125,72,76,72,76,,5000,5000,1.0,3021694564,20260901
B3_spatial_feature,1.0,target,interior,per_class,all,micro,median_stability,0.4465584047138691,0.42732389448728,0.46423803152727944,72,76,72,76,,5000,5000,1.0,3021694564,20260901
B3_spatial_feature,1.0,target,interior,per_class,all,micro,q25_stability,0.3302351800310943,0.3162166405088745,0.3439651494199654,72,76,72,76,,5000,5000,1.0,3021694564,20260901
B3_spatial_feature,1.0,target,interior,per_class,all,micro,q75_stability,0.6183754845211903,0.5944257669005347,0.6407455510708419,72,76,72,76,,5000,5000,1.0,3021694564,20260901
B3_spatial_feature,1.0,target,interior,per_class,all,micro,mean_stability,0.43677624893280237,0.4259462539027931,0.44751144235359547,364,445,364,445,,5000,5000,1.0,3021694564,20260901
B3_spatial_feature,1.0,target,interior,per_class,all,micro,median_stability,0.3976623346148939,0.3864486684114837,0.40890050579492215,364,445,364,445,,5000,5000,1.0,3021694564,20260901
B3_spatial_feature,1.0,target,interior,per_class,all,micro,q25_stability,0.29495176879156915,0.286181852885857,0.3040605708136091,364,445,364,445,,5000,5000,1.0,3021694564,20260901
B3_spatial_feature,1.0,target,interior,per_class,all,micro,q75_stability,0.5481740092746095,0.5333246162902311,0.5629435271890135,364,445,364,445,,5000,5000,1.0,3021694564,20260901
B3_spatial_feature,1.0,target,interior,per_class,all,micro,mean_stability,0.4646211457015631,0.4338087559760127,0.49399329486546356,53,85,53,85,,5000,5000,1.0,3021694564,20260901
B3_spatial_feature,1.0,target,interior,per_class,all,micro,median_stability,0.4232054751998973,0.391437237185586,0.4537541252875489,53,85,53,85,,5000,5000,1.0,3021694564,20260901
B3_spatial_feature,1.0,target,interior,per_class,all,micro,q25_stability,0.3225667861132127,0.29900818443454996,0.345550319754698,53,85,53,85,,5000,5000,1.0,3021694564,20260901
B3_spatial_feature,1.0,target,interior,per_class,all,micro,q75_stability,0.5801716609242952,0.5373058781471071,0.6213508190024488,53,85,53,85,,5000,5000,1.0,3021694564,20260901
B3_spatial_feature,1.0,target,interior,per_class,all,micro,mean_stability,0.48089705848885017,0.4553384213010319,0.504776657350222,51,57,51,57,,5000,5000,1.0,3021694564,20260901
B3_spatial_feature,1.0,target,interior,per_class,all,micro,median_stability,0.4476347370621036,0.421429736347755,0.47258463529497385,51,57,51,57,,5000,5000,1.0,3021694564,20260901
B3_spatial_feature,1.0,target,interior,per_class,all,micro,q25_stability,0.3312295480247806,0.31261299318419056,0.34865091758636896,51,57,51,57,,5000,5000,1.0,3021694564,20260901
B3_spatial_feature,1.0,target,interior,per_class,all,micro,q75_stability,0.6149146949105403,0.5790971216466277,0.6486960744496137,51,57,51,57,,5000,5000,1.0,3021694564,20260901
B3_spatial_feature,1.0,target,interior,per_class,all,micro,mean_stability,0.4558117200839488,0.44300568548527997,0.46859345566487415,85,90,85,90,,5000,5000,1.0,3021694564,20260901
B3_spatial_feature,1.0,target,interior,per_class,all,micro,median_stability,0.4110372872913585,0.3960403285354401,0.4256497450850227,85,90,85,90,,5000,5000,1.0,3021694564,20260901
B3_spatial_feature,1.0,target,interior,per_class,all,micro,q25_stability,0.2958892834975439,0.2841607965813972,0.30699585427367,85,90,85,90,,5000,5000,1.0,3021694564,20260901
B3_spatial_feature,1.0,target,interior,per_class,all,micro,q75_stability,0.583562107296551,0.5640586965303634,0.6030553911794391,85,90,85,90,,5000,5000,1.0,3021694564,20260901
B3_spatial_feature,1.0,target,interior,per_class,all,micro,mean_stability,0.5364973745166212,0.5226636337775582,0.5483848533306788,84,84,84,84,,5000,5000,1.0,3021694564,20260901
B3_spatial_feature,1.0,target,interior,per_class,all,micro,median_stability,0.5128279977611133,0.49710403330446706,0.5269432950099664,84,84,84,84,,5000,5000,1.0,3021694564,20260901
B3_spatial_feature,1.0,target,interior,per_class,all,micro,q25_stability,0.37793200414273,0.3653538853107464,0.389998771120528,84,84,84,84,,5000,5000,1.0,3021694564,20260901
B3_spatial_feature,1.0,target,interior,per_class,all,micro,q75_stability,0.6777346598960104,0.6590201622096911,0.6942732265219091,84,84,84,84,,5000,5000,1.0,3021694564,20260901
B3_spatial_feature,1.0,target,interior,per_class,all,micro,mean_stability,0.43358007195760384,0.4076384807049698,0.4586012466315151,66,74,66,74,,5000,5000,1.0,3021694564,20260901
B3_spatial_feature,1.0,target,interior,per_class,all,micro,median_stability,0.3933090828359127,0.3674056695702971,0.4187558383166076,66,74,66,74,,5000,5000,1.0,3021694564,20260901
B3_spatial_feature,1.0,target,interior,per_class,all,micro,q25_stability,0.289176353563865,0.2699928366179977,0.30863093151258547,66,74,66,74,,5000,5000,1.0,3021694564,20260901
B3_spatial_feature,1.0,target,interior,per_class,all,micro,q75_stability,0.5491578204726631,0.5139142994602114,0.5827673199719213,66,74,66,74,,5000,5000,1.0,3021694564,20260901
B1_spatial,1.0,background,,all_positive_classes,all,micro,estimate_summary,0.028865523657877753,0.026081640621774337,0.03160202389492579,1422,1422,2107,2107,,5000,5000,1.0,3021694564,20260901
B1_spatial,1.0,background,,all_positive_classes,all,macro_class,estimate_summary,0.026153842637736513,0.02345314493213897,0.02884051041043521,1422,1422,2107,2107,20,5000,5000,1.0,3021694564,20260901
B1_spatial,1.0,background,,all_positive_classes,single_label,micro,estimate_summary,0.02445791229417186,0.02037296861129587,0.028571511864019378,911,911,911,911,,5000,5000,1.0,3021694564,20260901
B1_spatial,1.0,background,,all_positive_classes,single_label,macro_class,estimate_summary,0.030748949333454283,0.026148746854562883,0.03572684289855672,911,911,911,911,20,5000,5000,1.0,3021694564,20260901
B1_spatial,1.0,background,,all_positive_classes,exactly_2_labels,micro,estimate_summary,0.033251823704771956,0.028479669372349765,0.038070895086793996,366,366,732,732,,5000,5000,1.0,3021694564,20260901
B1_spatial,1.0,background,,all_positive_classes,exactly_2_labels,macro_class,estimate_summary,0.027285776149316023,0.02095482176137783,0.03378128653657517,366,366,732,732,20,5000,5000,1.0,3021694564,20260901
B1_spatial,1.0,background,,all_positive_classes,3plus_labels,micro,estimate_summary,0.030599494170829297,0.024853497109398298,0.03610510062679878,145,145,464,464,,5000,5000,1.0,3021694564,20260901
B1_spatial,1.0,background,,all_positive_classes,3plus_labels,macro_class,estimate_summary,0.027064812973066572,0.014359299043298962,0.03460826187263427,145,145,464,464,20,5000,5000,1.0,3021694564,20260901
B1_spatial,1.0,background,,per_class,all,micro,estimate_summary,0.0152179390464807,0.0027197807686581603,0.0291282887421359,88,88,88,88,,5000,5000,1.0,3021694564,20260901
B1_spatial,1.0,background,,per_class,all,micro,estimate_summary,0.023707803880582395,0.014009991787119867,0.03375885744731432,78,78,78,78,,5000,5000,1.0,3021694564,20260901
B1_spatial,1.0,background,,per_class,all,micro,estimate_summary,-0.03409458559313198,-0.04689632492199362,-0.021386087405255858,103,103,103,103,,5000,5000,1.0,3021694564,20260901
B1_spatial,1.0,background,,per_class,all,micro,estimate_summary,0.03750509627691333,0.022824926827041164,0.05277837711561401,71,71,71,71,,5000,5000,1.0,3021694564,20260901
B1_spatial,1.0,background,,per_class,all,micro,estimate_summary,0.02807380954845187,0.01802016372600022,0.03829779973824966,93,93,93,93,,5000,5000,1.0,3021694564,20260901
B1_spatial,1.0,background,,per_class,all,micro,estimate_summary,0.01664265867263656,0.002614480633994991,0.03037127397072771,73,73,73,73,,5000,5000,1.0,3021694564,20260901
B1_spatial,1.0,background,,per_class,all,micro,estimate_summary,0.020020818962210432,0.009990930450819743,0.030631941884541217,126,126,126,126,,5000,5000,1.0,3021694564,20260901
B1_spatial,1.0,background,,per_class,all,micro,estimate_summary,0.041636604733990085,0.031867253531890974,0.051369477615175234,113,113,113,113,,5000,5000,1.0,3021694564,20260901
B1_spatial,1.0,background,,per_class,all,micro,estimate_summary,0.03887265830175647,0.029534123422916645,0.04834264677479521,122,122,122,122,,5000,5000,1.0,3021694564,20260901
B1_spatial,1.0,background,,per_class,all,micro,estimate_summary,0.05139819102797967,0.038305425625680525,0.06473450645051465,71,71,71,71,,5000,5000,1.0,3021694564,20260901
B1_spatial,1.0,background,,per_class,all,micro,estimate_summary,0.021293041457363358,0.01000793687374666,0.032673696404188254,73,73,73,73,,5000,5000,1.0,3021694564,20260901
B1_spatial,1.0,background,,per_class,all,micro,estimate_summary,0.04682126038101768,0.037343677848668405,0.05677656516745786,124,124,124,124,,5000,5000,1.0,3021694564,20260901
B1_spatial,1.0,background,,per_class,all,micro,estimate_summary,0.029197914830085808,0.018860838614502683,0.03966792701129134,78,78,78,78,,5000,5000,1.0,3021694564,20260901
B1_spatial,1.0,background,,per_class,all,micro,estimate_summary,0.04621052718962762,0.03488508933803578,0.05779290531065877,76,76,76,76,,5000,5000,1.0,3021694564,20260901
B1_spatial,1.0,background,,per_class,all,micro,estimate_summary,0.041882413774623754,0.03676232172956966,0.0471001977892845,438,438,438,438,,5000,5000,1.0,3021694564,20260901
B1_spatial,1.0,background,,per_class,all,micro,estimate_summary,0.017044355472912047,0.00798081684586763,0.026289953577608254,84,84,84,84,,5000,5000,1.0,3021694564,20260901
B1_spatial,1.0,background,,per_class,all,micro,estimate_summary,0.020662947068056773,0.008710674909098104,0.03339204290396532,57,57,57,57,,5000,5000,1.0,3021694564,20260901
B1_spatial,1.0,background,,per_class,all,micro,estimate_summary,0.05725027531761288,0.04584053012620727,0.06893810263311297,84,84,84,84,,5000,5000,1.0,3021694564,20260901
B1_spatial,1.0,background,,per_class,all,micro,estimate_summary,-0.01330973044048317,-0.027397553969089706,0.0006744556137585311,83,83,83,83,,5000,5000,1.0,3021694564,20260901
B1_spatial,1.0,background,,per_class,all,micro,estimate_summary,0.017042852846044017,0.001883812336177299,0.03152398432021571,72,72,72,72,,5000,5000,1.0,3021694564,20260901
B1_spatial,1.0,other_fg,,all_positive_classes,all,micro,estimate_summary,0.02184453828389614,0.01675536327954238,0.0269155118172775,513,513,1058,1058,,5000,5000,1.0,3021694564,20260901
B1_spatial,1.0,other_fg,,all_positive_classes,all,macro_class,estimate_summary,0.020875174233368883,0.009953788155935143,0.0326947838202754,513,513,1058,1058,20,5000,5000,1.0,3021694564,20260901
B1_spatial,1.0,other_fg,,all_positive_classes,exactly_2_labels,micro,estimate_summary,0.018139370591741942,0.010521177000005634,0.02536624615136214,366,366,614,614,,5000,5000,1.0,3021694564,20260901
B1_spatial,1.0,other_fg,,all_positive_classes,exactly_2_labels,macro_class,estimate_summary,0.020375751085309125,0.00710449258375452,0.033367941516993224,366,366,614,614,20,5000,5000,1.0,3021694564,20260901
B1_spatial,1.0,other_fg,,all_positive_classes,3plus_labels,micro,estimate_summary,0.026968351263586852,0.020358830934821017,0.03382207763469416,147,147,444,444,,5000,5000,1.0,3021694564,20260901
B1_spatial,1.0,other_fg,,all_positive_classes,3plus_labels,macro_class,estimate_summary,0.02487201902048904,0.016710535864573144,0.0338631486641094,147,147,444,444,18,5000,5000,1.0,3021694564,20260901
B1_spatial,1.0,other_fg,,per_class,all,micro,estimate_summary,-0.031733296293195844,-0.19179937416216591,0.1454316035710775,7,7,7,7,,5000,5000,1.0,3021694564,20260901
B1_spatial,1.0,other_fg,,per_class,all,micro,estimate_summary,0.02614820179025957,0.00416027518530579,0.04784856662158126,42,42,42,42,,5000,5000,1.0,3021694564,20260901
B1_spatial,1.0,other_fg,,per_class,all,micro,estimate_summary,0.02291106154834765,0.0035628023860313027,0.042404932981221104,8,8,8,8,,5000,5000,1.0,3021694564,20260901
B1_spatial,1.0,other_fg,,per_class,all,micro,estimate_summary,0.06028251015190981,0.013797699221635016,0.1058103189798909,7,7,7,7,,5000,5000,1.0,3021694564,20260901
B1_spatial,1.0,other_fg,,per_class,all,micro,estimate_summary,0.03415860542605456,0.0203124121188322,0.04753239993175736,60,60,60,60,,5000,5000,1.0,3021694564,20260901
B1_spatial,1.0,other_fg,,per_class,all,micro,estimate_summary,-0.015973640749967353,-0.08258172113016932,0.046111414209822205,19,19,19,19,,5000,5000,1.0,3021694564,20260901
B1_spatial,1.0,other_fg,,per_class,all,micro,estimate_summary,0.03392968139772444,0.010998225031727715,0.05599332456116029,72,72,72,72,,5000,5000,1.0,3021694564,20260901
B1_spatial,1.0,other_fg,,per_class,all,micro,estimate_summary,0.04269846241991108,0.020596718546900282,0.06510797656509648,30,30,30,30,,5000,5000,1.0,3021694564,20260901
B1_spatial,1.0,other_fg,,per_class,all,micro,estimate_summary,0.025003322981260737,0.012103137114807648,0.038155220238031064,104,104,104,104,,5000,5000,1.0,3021694564,20260901
B1_spatial,1.0,other_fg,,per_class,all,micro,estimate_summary,0.024542034492973833,-0.004194376574743728,0.049419374777972945,13,13,13,13,,5000,5000,1.0,3021694564,20260901
B1_spatial,1.0,other_fg,,per_class,all,micro,estimate_summary,0.026817338697304325,0.014638734342216186,0.03902616671443641,70,70,70,70,,5000,5000,1.0,3021694564,20260901
B1_spatial,1.0,other_fg,,per_class,all,micro,estimate_summary,0.04087775331879925,0.0176847187296687,0.06509056128190181,42,42,42,42,,5000,5000,1.0,3021694564,20260901
B1_spatial,1.0,other_fg,,per_class,all,micro,estimate_summary,-0.05567866539072143,-0.09341948970195033,-0.01811653930972697,31,31,31,31,,5000,5000,1.0,3021694564,20260901
B1_spatial,1.0,other_fg,,per_class,all,micro,estimate_summary,-0.0022206370195148673,-0.019713311072942614,0.015153949670156038,49,49,49,49,,5000,5000,1.0,3021694564,20260901
B1_spatial,1.0,other_fg,,per_class,all,micro,estimate_summary,0.01988092725594951,0.01046151197073314,0.029260115042548173,346,346,346,346,,5000,5000,1.0,3021694564,20260901
B1_spatial,1.0,other_fg,,per_class,all,micro,estimate_summary,0.044170886336707356,0.025833190465111643,0.062944569777023,57,57,57,57,,5000,5000,1.0,3021694564,20260901
B1_spatial,1.0,other_fg,,per_class,all,micro,estimate_summary,0.05152047775151464,0.022208056724273853,0.08082999564775752,4,4,4,4,,5000,5000,1.0,3021694564,20260901
B1_spatial,1.0,other_fg,,per_class,all,micro,estimate_summary,0.01692398689030817,-0.004159734024176966,0.037763790880572516,56,56,56,56,,5000,5000,1.0,3021694564,20260901
B1_spatial,1.0,other_fg,,per_class,all,micro,estimate_summary,0.032147886108327625,-0.04214524908914652,0.08563035450155476,6,6,6,6,,5000,5000,1.0,3021694564,20260901
B1_spatial,1.0,other_fg,,per_class,all,micro,estimate_summary,0.02109658755342457,-0.005906747449302647,0.0501206100536406,35,35,35,35,,5000,5000,1.0,3021694564,20260901
B1_spatial,1.0,target,,all_positive_classes,all,micro,estimate_summary,0.01802962693819226,0.014072056977632724,0.022036281767801008,1390,1390,1840,1840,,5000,5000,1.0,3021694564,20260901
B1_spatial,1.0,target,,all_positive_classes,all,macro_class,estimate_summary,0.016664076299212648,0.012353342599221148,0.021041185395594828,1390,1390,1840,1840,20,5000,5000,1.0,3021694564,20260901
B1_spatial,1.0,target,,all_positive_classes,single_label,micro,estimate_summary,0.030141551015123388,0.025197989876567142,0.035177604663183294,877,877,877,877,,5000,5000,1.0,3021694564,20260901
B1_spatial,1.0,target,,all_positive_classes,single_label,macro_class,estimate_summary,0.02448666413822466,0.017856526138634463,0.030798174379468617,877,877,877,877,20,5000,5000,1.0,3021694564,20260901
B1_spatial,1.0,target,,all_positive_classes,exactly_2_labels,micro,estimate_summary,0.01637890836379451,0.009201944066327081,0.02318582032380799,366,366,614,614,,5000,5000,1.0,3021694564,20260901
B1_spatial,1.0,target,,all_positive_classes,exactly_2_labels,macro_class,estimate_summary,0.011791797258024931,3.544841742108077e-05,0.023037449863053762,366,366,614,614,20,5000,5000,1.0,3021694564,20260901
B1_spatial,1.0,target,,all_positive_classes,3plus_labels,micro,estimate_summary,-0.009502224668651223,-0.01932582481591085,-6.081769250887184e-05,147,147,349,349,,5000,5000,1.0,3021694564,20260901
B1_spatial,1.0,target,,all_positive_classes,3plus_labels,macro_class,estimate_summary,-0.006698967150367236,-0.02677249213535764,0.009717710778832421,147,147,349,349,19,5000,5000,1.0,3021694564,20260901
B1_spatial,1.0,target,,per_class,all,micro,estimate_summary,-0.0010670771030638002,-0.018842137255259413,0.015607345564350462,81,81,81,81,,5000,5000,1.0,3021694564,20260901
B1_spatial,1.0,target,,per_class,all,micro,estimate_summary,0.016813004710882835,-0.008613050302074564,0.0427980674233794,60,60,60,60,,5000,5000,1.0,3021694564,20260901
B1_spatial,1.0,target,,per_class,all,micro,estimate_summary,0.013465127419180606,-0.004429548959225157,0.030853042127170764,90,90,90,90,,5000,5000,1.0,3021694564,20260901
B1_spatial,1.0,target,,per_class,all,micro,estimate_summary,0.005422653783917449,-0.01682980647578168,0.026800225703141323,62,62,62,62,,5000,5000,1.0,3021694564,20260901
B1_spatial,1.0,target,,per_class,all,micro,estimate_summary,0.027821267630186577,0.0020412272028073318,0.053467702480513954,62,62,62,62,,5000,5000,1.0,3021694564,20260901
B1_spatial,1.0,target,,per_class,all,micro,estimate_summary,0.011622544472136374,-0.007087152921999472,0.03007190091654425,71,71,71,71,,5000,5000,1.0,3021694564,20260901
B1_spatial,1.0,target,,per_class,all,micro,estimate_summary,0.02724040043182332,0.009519139982781647,0.04399827170540845,91,91,91,91,,5000,5000,1.0,3021694564,20260901
B1_spatial,1.0,target,,per_class,all,micro,estimate_summary,0.058162562142482346,0.041906393786976914,0.07360043554369154,116,116,116,116,,5000,5000,1.0,3021694564,20260901
B1_spatial,1.0,target,,per_class,all,micro,estimate_summary,-0.017342236335199677,-0.034575242769197954,-0.00010335568485404534,94,94,94,94,,5000,5000,1.0,3021694564,20260901
B1_spatial,1.0,target,,per_class,all,micro,estimate_summary,-0.004213274166102957,-0.019413240251995912,0.010751731820812484,68,68,68,68,,5000,5000,1.0,3021694564,20260901
B1_spatial,1.0,target,,per_class,all,micro,estimate_summary,-0.011704247067573165,-0.030120939170867157,0.0065723428851243906,71,71,71,71,,5000,5000,1.0,3021694564,20260901
B1_spatial,1.0,target,,per_class,all,micro,estimate_summary,0.04840120786111236,0.03302443577088484,0.06417542163201309,124,124,124,124,,5000,5000,1.0,3021694564,20260901
B1_spatial,1.0,target,,per_class,all,micro,estimate_summary,0.03280920995234135,0.016307223936898388,0.049641622182011576,77,77,77,77,,5000,5000,1.0,3021694564,20260901
B1_spatial,1.0,target,,per_class,all,micro,estimate_summary,0.02736301853612227,0.013341016246353856,0.04079560736621641,72,72,72,72,,5000,5000,1.0,3021694564,20260901
B1_spatial,1.0,target,,per_class,all,micro,estimate_summary,0.016738747685011615,0.008223428953457247,0.025530927382381902,363,363,363,363,,5000,5000,1.0,3021694564,20260901
B1_spatial,1.0,target,,per_class,all,micro,estimate_summary,0.03100208989763352,0.00174058255744377,0.06196661287097411,53,53,53,53,,5000,5000,1.0,3021694564,20260901
B1_spatial,1.0,target,,per_class,all,micro,estimate_summary,0.025471175033725767,0.004181316572601363,0.0457305533941032,51,51,51,51,,5000,5000,1.0,3021694564,20260901
B1_spatial,1.0,target,,per_class,all,micro,estimate_summary,-0.0015954637898105818,-0.01764225095311555,0.014590983866126301,85,85,85,85,,5000,5000,1.0,3021694564,20260901
B1_spatial,1.0,target,,per_class,all,micro,estimate_summary,0.028864795077957722,0.014879619669117243,0.04190144325375539,84,84,84,84,,5000,5000,1.0,3021694564,20260901
B1_spatial,1.0,target,,per_class,all,micro,estimate_summary,-0.001993980188510933,-0.020335704635149884,0.01576683801216671,65,65,65,65,,5000,5000,1.0,3021694564,20260901
B2_feature,1.0,background,,all_positive_classes,all,micro,estimate_summary,0.027544146362219753,0.02473585601222308,0.030342177644399823,1422,1422,2107,2107,,5000,5000,1.0,3021694564,20260901
B2_feature,1.0,background,,all_positive_classes,all,macro_class,estimate_summary,0.024935472818914874,0.022220259297993296,0.02765279324383159,1422,1422,2107,2107,20,5000,5000,1.0,3021694564,20260901
B2_feature,1.0,background,,all_positive_classes,single_label,micro,estimate_summary,0.022461967595618183,0.018372493150514337,0.02659782444001665,911,911,911,911,,5000,5000,1.0,3021694564,20260901
B2_feature,1.0,background,,all_positive_classes,single_label,macro_class,estimate_summary,0.028541867661458643,0.023848356758523353,0.03350146696306746,911,911,911,911,20,5000,5000,1.0,3021694564,20260901
B2_feature,1.0,background,,all_positive_classes,exactly_2_labels,micro,estimate_summary,0.032780927278925516,0.02795608936967646,0.03752420701166246,366,366,732,732,,5000,5000,1.0,3021694564,20260901
B2_feature,1.0,background,,all_positive_classes,exactly_2_labels,macro_class,estimate_summary,0.02694895409945124,0.02063059541122531,0.03342166614390973,366,366,732,732,20,5000,5000,1.0,3021694564,20260901
B2_feature,1.0,background,,all_positive_classes,3plus_labels,micro,estimate_summary,0.029260830037533152,0.023669221069108983,0.03467958751373363,145,145,464,464,,5000,5000,1.0,3021694564,20260901
B2_feature,1.0,background,,all_positive_classes,3plus_labels,macro_class,estimate_summary,0.028578805658202693,0.015497634102614384,0.03539350657308914,145,145,464,464,20,5000,5000,1.0,3021694564,20260901
B2_feature,1.0,background,,per_class,all,micro,estimate_summary,0.020229325717354005,0.008017977320472679,0.03386284223537082,88,88,88,88,,5000,5000,1.0,3021694564,20260901
B2_feature,1.0,background,,per_class,all,micro,estimate_summary,0.021415245705173273,0.0117309568717507,0.03150528861958624,78,78,78,78,,5000,5000,1.0,3021694564,20260901
B2_feature,1.0,background,,per_class,all,micro,estimate_summary,-0.027255162609704366,-0.03985396970725846,-0.01427539321672898,103,103,103,103,,5000,5000,1.0,3021694564,20260901
B2_feature,1.0,background,,per_class,all,micro,estimate_summary,0.038507408129402426,0.023958020398405593,0.054163660064481894,71,71,71,71,,5000,5000,1.0,3021694564,20260901
B2_feature,1.0,background,,per_class,all,micro,estimate_summary,0.028817831773660044,0.018588486621902475,0.03955379555268397,93,93,93,93,,5000,5000,1.0,3021694564,20260901
B2_feature,1.0,background,,per_class,all,micro,estimate_summary,0.010838947344459294,-0.0031780791491614734,0.02450239710605704,73,73,73,73,,5000,5000,1.0,3021694564,20260901
B2_feature,1.0,background,,per_class,all,micro,estimate_summary,0.017472732415339438,0.0073297126938994496,0.028242122086020643,126,126,126,126,,5000,5000,1.0,3021694564,20260901
B2_feature,1.0,background,,per_class,all,micro,estimate_summary,0.03151201764251553,0.02195875216387576,0.041049545821001815,113,113,113,113,,5000,5000,1.0,3021694564,20260901
B2_feature,1.0,background,,per_class,all,micro,estimate_summary,0.039066036080022216,0.02968960685291896,0.048577376119963704,122,122,122,122,,5000,5000,1.0,3021694564,20260901
B2_feature,1.0,background,,per_class,all,micro,estimate_summary,0.0466569345336511,0.033499487018740726,0.06039768066602583,71,71,71,71,,5000,5000,1.0,3021694564,20260901
B2_feature,1.0,background,,per_class,all,micro,estimate_summary,0.02465995356790777,0.01406636727707197,0.035433794051830406,73,73,73,73,,5000,5000,1.0,3021694564,20260901
B2_feature,1.0,background,,per_class,all,micro,estimate_summary,0.045476973978800836,0.03568959078864907,0.05531822839023856,124,124,124,124,,5000,5000,1.0,3021694564,20260901
B2_feature,1.0,background,,per_class,all,micro,estimate_summary,0.02582697436453685,0.015528009069269155,0.03637781979828451,78,78,78,78,,5000,5000,1.0,3021694564,20260901
B2_feature,1.0,background,,per_class,all,micro,estimate_summary,0.042544147780400776,0.030653022976796458,0.0542969728801901,76,76,76,76,,5000,5000,1.0,3021694564,20260901
B2_feature,1.0,background,,per_class,all,micro,estimate_summary,0.04011944721550854,0.03488656477321828,0.045319272692002664,438,438,438,438,,5000,5000,1.0,3021694564,20260901
B2_feature,1.0,background,,per_class,all,micro,estimate_summary,0.01612433122758471,0.006763866405881069,0.025687315719141245,84,84,84,84,,5000,5000,1.0,3021694564,20260901
B2_feature,1.0,background,,per_class,all,micro,estimate_summary,0.019089725891448885,0.007304997532416689,0.031702911369155845,57,57,57,57,,5000,5000,1.0,3021694564,20260901
B2_feature,1.0,background,,per_class,all,micro,estimate_summary,0.051934189174308726,0.04085445964478273,0.06334459803624344,84,84,84,84,,5000,5000,1.0,3021694564,20260901
B2_feature,1.0,background,,per_class,all,micro,estimate_summary,-0.011560122150053944,-0.025255742497479975,0.0017553596410941797,83,83,83,83,,5000,5000,1.0,3021694564,20260901
B2_feature,1.0,background,,per_class,all,micro,estimate_summary,0.017232518595981357,0.0019244541049450064,0.03193167906280159,72,72,72,72,,5000,5000,1.0,3021694564,20260901
B2_feature,1.0,other_fg,,all_positive_classes,all,micro,estimate_summary,0.018243690801058303,0.013242582366256651,0.023296182928527004,513,513,1058,1058,,5000,5000,1.0,3021694564,20260901
B2_feature,1.0,other_fg,,all_positive_classes,all,macro_class,estimate_summary,0.016329511683379885,0.00538937136603815,0.027752173096492347,513,513,1058,1058,20,5000,5000,1.0,3021694564,20260901
B2_feature,1.0,other_fg,,all_positive_classes,exactly_2_labels,micro,estimate_summary,0.014038905542204539,0.006575833471328858,0.02095482576180498,366,366,614,614,,5000,5000,1.0,3021694564,20260901
B2_feature,1.0,other_fg,,all_positive_classes,exactly_2_labels,macro_class,estimate_summary,0.014625373955191387,0.0019187115225269278,0.02747824077685632,366,366,614,614,20,5000,5000,1.0,3021694564,20260901
B2_feature,1.0,other_fg,,all_positive_classes,3plus_labels,micro,estimate_summary,0.024058416361725447,0.017098136632835034,0.03139576949984229,147,147,444,444,,5000,5000,1.0,3021694564,20260901
B2_feature,1.0,other_fg,,all_positive_classes,3plus_labels,macro_class,estimate_summary,0.02313988378215552,0.014646547979107043,0.03253444654439156,147,147,444,444,18,5000,5000,1.0,3021694564,20260901
B2_feature,1.0,other_fg,,per_class,all,micro,estimate_summary,-0.04849624886963318,-0.1977059743973306,0.11730398198150063,7,7,7,7,,5000,5000,1.0,3021694564,20260901
B2_feature,1.0,other_fg,,per_class,all,micro,estimate_summary,0.02565700930915906,0.0044699905202172955,0.046581704401600935,42,42,42,42,,5000,5000,1.0,3021694564,20260901
B2_feature,1.0,other_fg,,per_class,all,micro,estimate_summary,0.011431720960337413,-0.011942309027063714,0.03402829360361191,8,8,8,8,,5000,5000,1.0,3021694564,20260901
B2_feature,1.0,other_fg,,per_class,all,micro,estimate_summary,0.060228800869197185,0.018621670644069777,0.10183575021675768,7,7,7,7,,5000,5000,1.0,3021694564,20260901
B2_feature,1.0,other_fg,,per_class,all,micro,estimate_summary,0.030551793439464386,0.01756427523589136,0.043069208105005675,60,60,60,60,,5000,5000,1.0,3021694564,20260901
B2_feature,1.0,other_fg,,per_class,all,micro,estimate_summary,-0.025579457449169497,-0.09043151013332673,0.03485117564454678,19,19,19,19,,5000,5000,1.0,3021694564,20260901
B2_feature,1.0,other_fg,,per_class,all,micro,estimate_summary,0.029419087833790283,0.006575670635457924,0.05194580956081143,72,72,72,72,,5000,5000,1.0,3021694564,20260901
B2_feature,1.0,other_fg,,per_class,all,micro,estimate_summary,0.033767997392189476,0.01160610600323395,0.055736119546096106,30,30,30,30,,5000,5000,1.0,3021694564,20260901
B2_feature,1.0,other_fg,,per_class,all,micro,estimate_summary,0.02296137026190551,0.010371487794597786,0.03562130624787746,104,104,104,104,,5000,5000,1.0,3021694564,20260901
B2_feature,1.0,other_fg,,per_class,all,micro,estimate_summary,0.028683995330138174,0.0034696091690341892,0.05101786974302941,13,13,13,13,,5000,5000,1.0,3021694564,20260901
B2_feature,1.0,other_fg,,per_class,all,micro,estimate_summary,0.026321898384087758,0.014462699506843847,0.03817317067837289,70,70,70,70,,5000,5000,1.0,3021694564,20260901
B2_feature,1.0,other_fg,,per_class,all,micro,estimate_summary,0.03685412701964007,0.015238267787274006,0.059311358855288696,42,42,42,42,,5000,5000,1.0,3021694564,20260901
B2_feature,1.0,other_fg,,per_class,all,micro,estimate_summary,-0.0595891436239037,-0.09800923259790628,-0.021783064782554127,31,31,31,31,,5000,5000,1.0,3021694564,20260901
B2_feature,1.0,other_fg,,per_class,all,micro,estimate_summary,-0.006137854479744242,-0.022834539379528666,0.010482137439010773,49,49,49,49,,5000,5000,1.0,3021694564,20260901
B2_feature,1.0,other_fg,,per_class,all,micro,estimate_summary,0.014424637847412455,0.005089360904819577,0.023961378289366918,346,346,346,346,,5000,5000,1.0,3021694564,20260901
B2_feature,1.0,other_fg,,per_class,all,micro,estimate_summary,0.04411450046550332,0.025811883923823588,0.06327142020571815,57,57,57,57,,5000,5000,1.0,3021694564,20260901
B2_feature,1.0,other_fg,,per_class,all,micro,estimate_summary,0.04157681981140307,0.018097417805972404,0.0757906906985201,4,4,4,4,,5000,5000,1.0,3021694564,20260901
B2_feature,1.0,other_fg,,per_class,all,micro,estimate_summary,0.016905401108700428,-0.0034126525945201392,0.03710961728524864,56,56,56,56,,5000,5000,1.0,3021694564,20260901
B2_feature,1.0,other_fg,,per_class,all,micro,estimate_summary,0.019712719215165733,-0.05745474827216419,0.07638666911560427,6,6,6,6,,5000,5000,1.0,3021694564,20260901
B2_feature,1.0,other_fg,,per_class,all,micro,estimate_summary,0.023781058841953993,-0.007327153329464849,0.0607364782371739,35,35,35,35,,5000,5000,1.0,3021694564,20260901
B2_feature,1.0,target,,all_positive_classes,all,micro,estimate_summary,0.017809578864291367,0.013820490690298809,0.0218814183496722,1390,1390,1840,1840,,5000,5000,1.0,3021694564,20260901
B2_feature,1.0,target,,all_positive_classes,all,macro_class,estimate_summary,0.016746377563953505,0.012471518160682307,0.021213631915315074,1390,1390,1840,1840,20,5000,5000,1.0,3021694564,20260901
B2_feature,1.0,target,,all_positive_classes,single_label,micro,estimate_summary,0.030994699776879086,0.026127800896421596,0.036022417220595904,877,877,877,877,,5000,5000,1.0,3021694564,20260901
B2_feature,1.0,target,,all_positive_classes,single_label,macro_class,estimate_summary,0.024965733897730494,0.01848889795486268,0.031122657034048387,877,877,877,877,20,5000,5000,1.0,3021694564,20260901
B2_feature,1.0,target,,all_positive_classes,exactly_2_labels,micro,estimate_summary,0.015775992203406936,0.008643639930519514,0.02255333874904376,366,366,614,614,,5000,5000,1.0,3021694564,20260901
B2_feature,1.0,target,,all_positive_classes,exactly_2_labels,macro_class,estimate_summary,0.010857830599631907,-0.0027091997683109654,0.02329401738831839,366,366,614,614,20,5000,5000,1.0,3021694564,20260901
B2_feature,1.0,target,,all_positive_classes,3plus_labels,micro,estimate_summary,-0.011745518071400276,-0.02182313821140789,-0.002212568058814887,147,147,349,349,,5000,5000,1.0,3021694564,20260901
B2_feature,1.0,target,,all_positive_classes,3plus_labels,macro_class,estimate_summary,-0.010091929087723883,-0.03098943776038149,0.006949025627378373,147,147,349,349,19,5000,5000,1.0,3021694564,20260901
B2_feature,1.0,target,,per_class,all,micro,estimate_summary,-0.0005241955255854157,-0.017525005902020836,0.015581787366642914,81,81,81,81,,5000,5000,1.0,3021694564,20260901
B2_feature,1.0,target,,per_class,all,micro,estimate_summary,0.019151030599532312,-0.005523669581444646,0.044606046445957816,60,60,60,60,,5000,5000,1.0,3021694564,20260901
B2_feature,1.0,target,,per_class,all,micro,estimate_summary,0.01632438065133742,-0.0026888018375198896,0.03422696371342767,90,90,90,90,,5000,5000,1.0,3021694564,20260901
B2_feature,1.0,target,,per_class,all,micro,estimate_summary,0.009066009573455885,-0.013936424156472052,0.03117783306273212,62,62,62,62,,5000,5000,1.0,3021694564,20260901
B2_feature,1.0,target,,per_class,all,micro,estimate_summary,0.02528722810810078,-0.0008737394992948904,0.050802749080216585,62,62,62,62,,5000,5000,1.0,3021694564,20260901
B2_feature,1.0,target,,per_class,all,micro,estimate_summary,0.012240034130561768,-0.006574004140056604,0.030739917130211635,71,71,71,71,,5000,5000,1.0,3021694564,20260901
B2_feature,1.0,target,,per_class,all,micro,estimate_summary,0.02302133663782101,0.004953409743141362,0.04032716993953494,91,91,91,91,,5000,5000,1.0,3021694564,20260901
B2_feature,1.0,target,,per_class,all,micro,estimate_summary,0.05440551501031579,0.038683077737106525,0.06930351578037991,116,116,116,116,,5000,5000,1.0,3021694564,20260901
B2_feature,1.0,target,,per_class,all,micro,estimate_summary,-0.017806408573342,-0.03549095962688177,-0.00028346220867254523,94,94,94,94,,5000,5000,1.0,3021694564,20260901
B2_feature,1.0,target,,per_class,all,micro,estimate_summary,-0.0035306147910410405,-0.01864503552896399,0.01141428730587578,68,68,68,68,,5000,5000,1.0,3021694564,20260901
B2_feature,1.0,target,,per_class,all,micro,estimate_summary,-0.010921149166118091,-0.029895000663152514,0.007630234801750244,71,71,71,71,,5000,5000,1.0,3021694564,20260901
B2_feature,1.0,target,,per_class,all,micro,estimate_summary,0.04749667111677388,0.03254108907157361,0.06272352228737689,124,124,124,124,,5000,5000,1.0,3021694564,20260901
B2_feature,1.0,target,,per_class,all,micro,estimate_summary,0.03134592149744804,0.014622898164607956,0.048481576782524176,77,77,77,77,,5000,5000,1.0,3021694564,20260901
B2_feature,1.0,target,,per_class,all,micro,estimate_summary,0.024175972153456522,0.010408375110099876,0.037302342845849906,72,72,72,72,,5000,5000,1.0,3021694564,20260901
B2_feature,1.0,target,,per_class,all,micro,estimate_summary,0.016072357620665546,0.007524082902611123,0.024816331452587697,363,363,363,363,,5000,5000,1.0,3021694564,20260901
B2_feature,1.0,target,,per_class,all,micro,estimate_summary,0.0318260055504089,0.0013415323971988306,0.06463959860151483,53,53,53,53,,5000,5000,1.0,3021694564,20260901
B2_feature,1.0,target,,per_class,all,micro,estimate_summary,0.024880880350460002,0.003097353462556706,0.0456386451727488,51,51,51,51,,5000,5000,1.0,3021694564,20260901
B2_feature,1.0,target,,per_class,all,micro,estimate_summary,-0.004052812246194817,-0.019890669958018824,0.012091564152852327,85,85,85,85,,5000,5000,1.0,3021694564,20260901
B2_feature,1.0,target,,per_class,all,micro,estimate_summary,0.032542459314338426,0.01924392488426732,0.04534173573901249,84,84,84,84,,5000,5000,1.0,3021694564,20260901
B2_feature,1.0,target,,per_class,all,micro,estimate_summary,0.0039269292666751976,-0.01519362758492033,0.022172987816419784,65,65,65,65,,5000,5000,1.0,3021694564,20260901
B3_spatial_feature,1.0,background,,all_positive_classes,all,micro,estimate_summary,0.026605077320414464,0.023777822003212365,0.029378757967818504,1422,1422,2107,2107,,5000,5000,1.0,3021694564,20260901
B3_spatial_feature,1.0,background,,all_positive_classes,all,macro_class,estimate_summary,0.02390589942854241,0.02117736956696022,0.026629963041016082,1422,1422,2107,2107,20,5000,5000,1.0,3021694564,20260901
B3_spatial_feature,1.0,background,,all_positive_classes,single_label,micro,estimate_summary,0.021285630859434006,0.017237819014724497,0.025425684369800684,911,911,911,911,,5000,5000,1.0,3021694564,20260901
B3_spatial_feature,1.0,background,,all_positive_classes,single_label,macro_class,estimate_summary,0.027335273135241082,0.022591617765460564,0.032227421631506534,911,911,911,911,20,5000,5000,1.0,3021694564,20260901
B3_spatial_feature,1.0,background,,all_positive_classes,exactly_2_labels,micro,estimate_summary,0.03204307622941746,0.027318023242470374,0.03665625157609359,366,366,732,732,,5000,5000,1.0,3021694564,20260901
B3_spatial_feature,1.0,background,,all_positive_classes,exactly_2_labels,macro_class,estimate_summary,0.026056710492205613,0.019918589779694514,0.03252652791884646,366,366,732,732,20,5000,5000,1.0,3021694564,20260901
B3_spatial_feature,1.0,background,,all_positive_classes,3plus_labels,micro,estimate_summary,0.02847016465783473,0.02295922664756273,0.03380461818881485,145,145,464,464,,5000,5000,1.0,3021694564,20260901
B3_spatial_feature,1.0,background,,all_positive_classes,3plus_labels,macro_class,estimate_summary,0.027744561319947625,0.014725701480317587,0.03451018574767107,145,145,464,464,20,5000,5000,1.0,3021694564,20260901
B3_spatial_feature,1.0,background,,per_class,all,micro,estimate_summary,0.01816103639039914,0.006392085850905394,0.03147335317685567,88,88,88,88,,5000,5000,1.0,3021694564,20260901
B3_spatial_feature,1.0,background,,per_class,all,micro,estimate_summary,0.01820232375806154,0.0060355805761298,0.029569049720862137,78,78,78,78,,5000,5000,1.0,3021694564,20260901
B3_spatial_feature,1.0,background,,per_class,all,micro,estimate_summary,-0.03096151382291314,-0.04363903502715967,-0.01787586557566406,103,103,103,103,,5000,5000,1.0,3021694564,20260901
B3_spatial_feature,1.0,background,,per_class,all,micro,estimate_summary,0.0365937527644715,0.02201896540015895,0.0519861345304971,71,71,71,71,,5000,5000,1.0,3021694564,20260901
B3_spatial_feature,1.0,background,,per_class,all,micro,estimate_summary,0.026897715403611536,0.016776032374383472,0.03745569732614879,93,93,93,93,,5000,5000,1.0,3021694564,20260901
B3_spatial_feature,1.0,background,,per_class,all,micro,estimate_summary,0.011254245191853257,-0.0023282838509473087,0.024479876887303395,73,73,73,73,,5000,5000,1.0,3021694564,20260901
B3_spatial_feature,1.0,background,,per_class,all,micro,estimate_summary,0.016989721496747053,0.00689650399471469,0.027855282900823102,126,126,126,126,,5000,5000,1.0,3021694564,20260901
B3_spatial_feature,1.0,background,,per_class,all,micro,estimate_summary,0.03215166824502152,0.022716137858297458,0.04142777634130977,113,113,113,113,,5000,5000,1.0,3021694564,20260901
B3_spatial_feature,1.0,background,,per_class,all,micro,estimate_summary,0.038812294633412875,0.029492911990399634,0.048194426021771035,122,122,122,122,,5000,5000,1.0,3021694564,20260901
B3_spatial_feature,1.0,background,,per_class,all,micro,estimate_summary,0.04539569848428115,0.03209667785754951,0.05901855938743219,71,71,71,71,,5000,5000,1.0,3021694564,20260901
B3_spatial_feature,1.0,background,,per_class,all,micro,estimate_summary,0.02420190763007154,0.013356594546540184,0.03504000103879456,73,73,73,73,,5000,5000,1.0,3021694564,20260901
B3_spatial_feature,1.0,background,,per_class,all,micro,estimate_summary,0.045162959952529225,0.035612734864132425,0.05483621480544292,124,124,124,124,,5000,5000,1.0,3021694564,20260901
B3_spatial_feature,1.0,background,,per_class,all,micro,estimate_summary,0.02499662398980825,0.01474754009076125,0.035291998697110034,78,78,78,78,,5000,5000,1.0,3021694564,20260901
B3_spatial_feature,1.0,background,,per_class,all,micro,estimate_summary,0.042664642649466976,0.03095567877290821,0.05431345167805817,76,76,76,76,,5000,5000,1.0,3021694564,20260901
B3_spatial_feature,1.0,background,,per_class,all,micro,estimate_summary,0.03943010466899826,0.03426185141414508,0.04460956292956654,438,438,438,438,,5000,5000,1.0,3021694564,20260901
B3_spatial_feature,1.0,background,,per_class,all,micro,estimate_summary,0.015964820089436022,0.006634786552847992,0.02544642411829044,84,84,84,84,,5000,5000,1.0,3021694564,20260901
B3_spatial_feature,1.0,background,,per_class,all,micro,estimate_summary,0.017626562639190605,0.0054638460932381755,0.030800161854668388,57,57,57,57,,5000,5000,1.0,3021694564,20260901
B3_spatial_feature,1.0,background,,per_class,all,micro,estimate_summary,0.05166193051316935,0.04046881631950039,0.06312226874363167,84,84,84,84,,5000,5000,1.0,3021694564,20260901
B3_spatial_feature,1.0,background,,per_class,all,micro,estimate_summary,-0.013620980311557925,-0.02753074739692297,-3.154739625847157e-05,83,83,83,83,,5000,5000,1.0,3021694564,20260901
B3_spatial_feature,1.0,background,,per_class,all,micro,estimate_summary,0.016532474204789514,0.0013562252227378201,0.03102052155037708,72,72,72,72,,5000,5000,1.0,3021694564,20260901
B3_spatial_feature,1.0,other_fg,,all_positive_classes,all,micro,estimate_summary,0.01836718620974516,0.013351698330041314,0.02330705874833663,513,513,1058,1058,,5000,5000,1.0,3021694564,20260901
B3_spatial_feature,1.0,other_fg,,all_positive_classes,all,macro_class,estimate_summary,0.015447770566505984,0.0046172962404079166,0.026463946533487707,513,513,1058,1058,20,5000,5000,1.0,3021694564,20260901
B3_spatial_feature,1.0,other_fg,,all_positive_classes,exactly_2_labels,micro,estimate_summary,0.014470186884446951,0.007013245588134442,0.02145972081207684,366,366,614,614,,5000,5000,1.0,3021694564,20260901
B3_spatial_feature,1.0,other_fg,,all_positive_classes,exactly_2_labels,macro_class,estimate_summary,0.014089432036164456,0.0014113926197506337,0.02671165656122536,366,366,614,614,20,5000,5000,1.0,3021694564,20260901
B3_spatial_feature,1.0,other_fg,,all_positive_classes,3plus_labels,micro,estimate_summary,0.023756279871306196,0.016866988333507388,0.030886738508184117,147,147,444,444,,5000,5000,1.0,3021694564,20260901
B3_spatial_feature,1.0,other_fg,,all_positive_classes,3plus_labels,macro_class,estimate_summary,0.021899175661549055,0.013522460403739833,0.03146419725212267,147,147,444,444,18,5000,5000,1.0,3021694564,20260901
B3_spatial_feature,1.0,other_fg,,per_class,all,micro,estimate_summary,-0.05241688858114315,-0.20058512815172416,0.10393556306040248,7,7,7,7,,5000,5000,1.0,3021694564,20260901
B3_spatial_feature,1.0,other_fg,,per_class,all,micro,estimate_summary,0.02659638671577445,0.004405123950424052,0.049522516792404,42,42,42,42,,5000,5000,1.0,3021694564,20260901
B3_spatial_feature,1.0,other_fg,,per_class,all,micro,estimate_summary,0.011967167352741462,-0.009618678266709318,0.03351376241529208,8,8,8,8,,5000,5000,1.0,3021694564,20260901
B3_spatial_feature,1.0,other_fg,,per_class,all,micro,estimate_summary,0.05879874987726993,0.017494555650348725,0.09888589877499603,7,7,7,7,,5000,5000,1.0,3021694564,20260901
B3_spatial_feature,1.0,other_fg,,per_class,all,micro,estimate_summary,0.031632123858849885,0.01861504689927582,0.04438731968728565,60,60,60,60,,5000,5000,1.0,3021694564,20260901
B3_spatial_feature,1.0,other_fg,,per_class,all,micro,estimate_summary,-0.02369957767461698,-0.08985179413462398,0.038006343481537,19,19,19,19,,5000,5000,1.0,3021694564,20260901
B3_spatial_feature,1.0,other_fg,,per_class,all,micro,estimate_summary,0.02831034070388581,0.005323834548393634,0.05067189853450894,72,72,72,72,,5000,5000,1.0,3021694564,20260901
B3_spatial_feature,1.0,other_fg,,per_class,all,micro,estimate_summary,0.03396106984501859,0.01170547326439544,0.055786072122161974,30,30,30,30,,5000,5000,1.0,3021694564,20260901
B3_spatial_feature,1.0,other_fg,,per_class,all,micro,estimate_summary,0.02232046817589143,0.009802714446454294,0.034942815512105006,104,104,104,104,,5000,5000,1.0,3021694564,20260901
B3_spatial_feature,1.0,other_fg,,per_class,all,micro,estimate_summary,0.022182772327040114,-0.006681350086042574,0.04795147175143751,13,13,13,13,,5000,5000,1.0,3021694564,20260901
B3_spatial_feature,1.0,other_fg,,per_class,all,micro,estimate_summary,0.02573405644388987,0.01390865760681385,0.03758877023270253,70,70,70,70,,5000,5000,1.0,3021694564,20260901
B3_spatial_feature,1.0,other_fg,,per_class,all,micro,estimate_summary,0.03778185016554739,0.016748500538514215,0.059558963746048306,42,42,42,42,,5000,5000,1.0,3021694564,20260901
B3_spatial_feature,1.0,other_fg,,per_class,all,micro,estimate_summary,-0.05807074802114479,-0.09665534933675238,-0.019374908919664063,31,31,31,31,,5000,5000,1.0,3021694564,20260901
B3_spatial_feature,1.0,other_fg,,per_class,all,micro,estimate_summary,-0.006229367101351562,-0.022999251952185933,0.01036641599336527,49,49,49,49,,5000,5000,1.0,3021694564,20260901
B3_spatial_feature,1.0,other_fg,,per_class,all,micro,estimate_summary,0.015801279819880013,0.006480493595024157,0.02514660245480526,346,346,346,346,,5000,5000,1.0,3021694564,20260901
B3_spatial_feature,1.0,other_fg,,per_class,all,micro,estimate_summary,0.043025051888347134,0.02513380382214029,0.061840883288978896,57,57,57,57,,5000,5000,1.0,3021694564,20260901
B3_spatial_feature,1.0,other_fg,,per_class,all,micro,estimate_summary,0.03974441150217253,0.014832037680177157,0.07651877741398622,4,4,4,4,,5000,5000,1.0,3021694564,20260901
B3_spatial_feature,1.0,other_fg,,per_class,all,micro,estimate_summary,0.014483361847226773,-0.00612140583984559,0.03452151191738278,56,56,56,56,,5000,5000,1.0,3021694564,20260901
B3_spatial_feature,1.0,other_fg,,per_class,all,micro,estimate_summary,0.01407414327501578,-0.06489759106416614,0.0696947589279104,6,6,6,6,,5000,5000,1.0,3021694564,20260901
B3_spatial_feature,1.0,other_fg,,per_class,all,micro,estimate_summary,0.022958758909825034,-0.0071169338559311755,0.056931320974360794,35,35,35,35,,5000,5000,1.0,3021694564,20260901
B3_spatial_feature,1.0,target,,all_positive_classes,all,micro,estimate_summary,0.01644913486621236,0.012454835704330645,0.020533789139326738,1390,1390,1840,1840,,5000,5000,1.0,3021694564,20260901
B3_spatial_feature,1.0,target,,all_positive_classes,all,macro_class,estimate_summary,0.01543308501400325,0.011203611416076297,0.019864542887167685,1390,1390,1840,1840,20,5000,5000,1.0,3021694564,20260901
B3_spatial_feature,1.0,target,,all_positive_classes,single_label,micro,estimate_summary,0.029672009267493905,0.024862409656163674,0.03461872421968706,877,877,877,877,,5000,5000,1.0,3021694564,20260901
B3_spatial_feature,1.0,target,,all_positive_classes,single_label,macro_class,estimate_summary,0.023670552342371552,0.017361184973283914,0.02973738335199977,877,877,877,877,20,5000,5000,1.0,3021694564,20260901
B3_spatial_feature,1.0,target,,all_positive_classes,exactly_2_labels,micro,estimate_summary,0.014111703992244321,0.007078258839805449,0.020979014794845322,366,366,614,614,,5000,5000,1.0,3021694564,20260901
B3_spatial_feature,1.0,target,,all_positive_classes,exactly_2_labels,macro_class,estimate_summary,0.009519845280625789,-0.004041854552332506,0.02176139295425667,366,366,614,614,20,5000,5000,1.0,3021694564,20260901
B3_spatial_feature,1.0,target,,all_positive_classes,3plus_labels,micro,estimate_summary,-0.012666275716330748,-0.022626196127490564,-0.003131925990413013,147,147,349,349,,5000,5000,1.0,3021694564,20260901
B3_spatial_feature,1.0,target,,all_positive_classes,3plus_labels,macro_class,estimate_summary,-0.010083810535050574,-0.030943456466157523,0.006063090187910888,147,147,349,349,19,5000,5000,1.0,3021694564,20260901
B3_spatial_feature,1.0,target,,per_class,all,micro,estimate_summary,0.000849985053233446,-0.015703498192997115,0.016602066226292136,81,81,81,81,,5000,5000,1.0,3021694564,20260901
B3_spatial_feature,1.0,target,,per_class,all,micro,estimate_summary,0.01777035080524111,-0.006785700990333923,0.042913360192925576,60,60,60,60,,5000,5000,1.0,3021694564,20260901
B3_spatial_feature,1.0,target,,per_class,all,micro,estimate_summary,0.016445685377381065,-0.002713052049632209,0.034302882737665956,90,90,90,90,,5000,5000,1.0,3021694564,20260901
B3_spatial_feature,1.0,target,,per_class,all,micro,estimate_summary,0.007373188996445529,-0.015108175439766322,0.0285470782119695,62,62,62,62,,5000,5000,1.0,3021694564,20260901
B3_spatial_feature,1.0,target,,per_class,all,micro,estimate_summary,0.02331385760378941,-0.0020941964354069284,0.04882516820130332,62,62,62,62,,5000,5000,1.0,3021694564,20260901
B3_spatial_feature,1.0,target,,per_class,all,micro,estimate_summary,0.010566253781594847,-0.008183045702189605,0.028978193516217707,71,71,71,71,,5000,5000,1.0,3021694564,20260901
B3_spatial_feature,1.0,target,,per_class,all,micro,estimate_summary,0.02091382696771435,0.002592658619158485,0.03891688009365568,91,91,91,91,,5000,5000,1.0,3021694564,20260901
B3_spatial_feature,1.0,target,,per_class,all,micro,estimate_summary,0.05276254068418315,0.0369338112222968,0.06764593595813866,116,116,116,116,,5000,5000,1.0,3021694564,20260901
B3_spatial_feature,1.0,target,,per_class,all,micro,estimate_summary,-0.018646383260854594,-0.03621472191166851,-0.001116347911481253,94,94,94,94,,5000,5000,1.0,3021694564,20260901
B3_spatial_feature,1.0,target,,per_class,all,micro,estimate_summary,-0.003011615047735214,-0.017950405591762593,0.011715552503972458,68,68,68,68,,5000,5000,1.0,3021694564,20260901
B3_spatial_feature,1.0,target,,per_class,all,micro,estimate_summary,-0.009122151985485214,-0.02708087534323595,0.008561448799341469,71,71,71,71,,5000,5000,1.0,3021694564,20260901
B3_spatial_feature,1.0,target,,per_class,all,micro,estimate_summary,0.04625077061382836,0.031406481577951846,0.061439367464153086,124,124,124,124,,5000,5000,1.0,3021694564,20260901
B3_spatial_feature,1.0,target,,per_class,all,micro,estimate_summary,0.030968254759916783,0.014205270276349713,0.04782477896577785,77,77,77,77,,5000,5000,1.0,3021694564,20260901
B3_spatial_feature,1.0,target,,per_class,all,micro,estimate_summary,0.02422859275399694,0.010433748749855368,0.03732277173719484,72,72,72,72,,5000,5000,1.0,3021694564,20260901
B3_spatial_feature,1.0,target,,per_class,all,micro,estimate_summary,0.01397716728438022,0.005236635227205895,0.022824079441643934,363,363,363,363,,5000,5000,1.0,3021694564,20260901
B3_spatial_feature,1.0,target,,per_class,all,micro,estimate_summary,0.025705079764915383,-0.0026863616527220504,0.05540635000015179,53,53,53,53,,5000,5000,1.0,3021694564,20260901
B3_spatial_feature,1.0,target,,per_class,all,micro,estimate_summary,0.023961357127563098,0.0024474439170040657,0.0444221184665495,51,51,51,51,,5000,5000,1.0,3021694564,20260901
B3_spatial_feature,1.0,target,,per_class,all,micro,estimate_summary,-0.005947918249946318,-0.0213131010085471,0.009452443801699083,85,85,85,85,,5000,5000,1.0,3021694564,20260901
B3_spatial_feature,1.0,target,,per_class,all,micro,estimate_summary,0.03124751082369543,0.018014608138650866,0.04408049847327383,84,84,84,84,,5000,5000,1.0,3021694564,20260901
B3_spatial_feature,1.0,target,,per_class,all,micro,estimate_summary,-0.0009446535737927454,-0.01952865405927502,0.01671915803412806,65,65,65,65,,5000,5000,1.0,3021694564,20260901
