graph,lambda,score,scope,stratum,aggregation,metric,estimate,ci_low,ci_high,num_images,num_images_total,num_rows,num_rows_total,num_classes,bootstrap_repeats,bootstrap_valid_repeats,bootstrap_valid_fraction,bootstrap_seed,bootstrap_base_seed
B1_spatial,1.0,stability,all_positive_classes,all,micro,target_hit,0.21006054960409873,0.19331187087787174,0.22707653123163915,1449,1449,2147,2147,,5000,5000,1.0,3021694564,20260901
B1_spatial,1.0,stability,all_positive_classes,all,micro,other_fg_hit,0.15230554261760595,0.1360636325252224,0.16883131984294775,1449,1449,2147,2147,,5000,5000,1.0,3021694564,20260901
B1_spatial,1.0,stability,all_positive_classes,all,micro,background_hit,0.6376339077782953,0.6148867313915858,0.6600471502978856,1449,1449,2147,2147,,5000,5000,1.0,3021694564,20260901
B1_spatial,1.0,stability,all_positive_classes,all,micro,target_top05_fraction,0.21259527573780243,0.20216618549173834,0.2233663042512523,1449,1449,2147,2147,,5000,5000,1.0,3021694564,20260901
B1_spatial,1.0,stability,all_positive_classes,all,micro,other_fg_top05_fraction,0.14365796244827678,0.13200506642371984,0.15537074519087063,1449,1449,2147,2147,,5000,5000,1.0,3021694564,20260901
B1_spatial,1.0,stability,all_positive_classes,all,micro,bg_top05_fraction,0.6433327949277642,0.6278028396648754,0.6586538733184416,1449,1449,2147,2147,,5000,5000,1.0,3021694564,20260901
B1_spatial,1.0,stability,all_positive_classes,all,micro,target_tail_enrich_05,0.6717198069975382,0.6473502977536038,0.6969614846266684,1441,1449,2031,2147,,5000,5000,1.0,3021694564,20260901
B1_spatial,1.0,stability,all_positive_classes,all,micro,other_fg_tail_enrich_05,0.9460253165687421,0.9089961235562545,0.985278176138008,520,1449,1158,2147,,5000,5000,1.0,3021694564,20260901
B1_spatial,1.0,stability,all_positive_classes,all,micro,bg_tail_enrich_05,1.0408379273205686,1.0302422818481496,1.051184637246243,1432,1449,2120,2147,,5000,5000,1.0,3021694564,20260901
B1_spatial,1.0,stability,all_positive_classes,all,micro,target_top10_fraction,0.21367090994530571,0.20326581892721182,0.22438562941268256,1449,1449,2147,2147,,5000,5000,1.0,3021694564,20260901
B1_spatial,1.0,stability,all_positive_classes,all,micro,other_fg_top10_fraction,0.14324092525751347,0.13181292259899827,0.1550198710941796,1449,1449,2147,2147,,5000,5000,1.0,3021694564,20260901
B1_spatial,1.0,stability,all_positive_classes,all,micro,bg_top10_fraction,0.6426111042699605,0.6272691630138091,0.6578381686705291,1449,1449,2147,2147,,5000,5000,1.0,3021694564,20260901
B1_spatial,1.0,stability,all_positive_classes,all,micro,target_tail_enrich_10,0.6870117270805084,0.6664860558538476,0.7074403727810886,1441,1449,2031,2147,,5000,5000,1.0,3021694564,20260901
B1_spatial,1.0,stability,all_positive_classes,all,micro,other_fg_tail_enrich_10,0.9375035360294393,0.9072774084860241,0.9668399812387664,520,1449,1158,2147,,5000,5000,1.0,3021694564,20260901
B1_spatial,1.0,stability,all_positive_classes,all,micro,bg_tail_enrich_10,1.0367455954476164,1.0276865648734534,1.045252244819613,1432,1449,2120,2147,,5000,5000,1.0,3021694564,20260901
B1_spatial,1.0,stability,all_positive_classes,all,micro,target_top20_fraction,0.21388153134310992,0.2037023885081374,0.2244129161098457,1449,1449,2147,2147,,5000,5000,1.0,3021694564,20260901
B1_spatial,1.0,stability,all_positive_classes,all,micro,other_fg_top20_fraction,0.1423810944111903,0.13106058588664476,0.15399696683007935,1449,1449,2147,2147,,5000,5000,1.0,3021694564,20260901
B1_spatial,1.0,stability,all_positive_classes,all,micro,bg_top20_fraction,0.6432430174951306,0.6281800792365585,0.6582241170775521,1449,1449,2147,2147,,5000,5000,1.0,3021694564,20260901
B1_spatial,1.0,stability,all_positive_classes,all,micro,target_tail_enrich_20,0.6862716109372708,0.6696598440291751,0.703134725498158,1441,1449,2031,2147,,5000,5000,1.0,3021694564,20260901
B1_spatial,1.0,stability,all_positive_classes,all,micro,other_fg_tail_enrich_20,0.9439718769341837,0.9195841851675279,0.9677149512043596,520,1449,1158,2147,,5000,5000,1.0,3021694564,20260901
B1_spatial,1.0,stability,all_positive_classes,all,micro,bg_tail_enrich_20,1.0409821112343034,1.0336094620446459,1.0479243605178412,1432,1449,2120,2147,,5000,5000,1.0,3021694564,20260901
B1_spatial,1.0,stability,all_positive_classes,all,micro,auc_target_bg,0.3734262782481628,0.36694995178809575,0.37999329821275774,1424,1449,2004,2147,,5000,5000,1.0,3021694564,20260901
B1_spatial,1.0,stability,all_positive_classes,all,micro,ap_target_bg,0.26334892357144196,0.25183229197272755,0.27493309722864945,1424,1449,2004,2147,,5000,5000,1.0,3021694564,20260901
B1_spatial,1.0,stability,all_positive_classes,all,micro,auc_target_other,0.37494841857960953,0.3668958214078946,0.3827855419620112,462,1449,1052,2147,,5000,5000,1.0,3021694564,20260901
B1_spatial,1.0,stability,all_positive_classes,all,micro,ap_target_other,0.41509870692099415,0.4047407921748215,0.42583623977797525,462,1449,1052,2147,,5000,5000,1.0,3021694564,20260901
B1_spatial,1.0,stability,all_positive_classes,all,micro,target_mean,0.448730347043159,0.4443911079644863,0.45305189487396824,1441,1449,2031,2147,,5000,5000,1.0,3021694564,20260901
B1_spatial,1.0,stability,all_positive_classes,all,micro,other_fg_mean,0.5096410423467739,0.5047136069104322,0.5144926528140591,520,1449,1158,2147,,5000,5000,1.0,3021694564,20260901
B1_spatial,1.0,stability,all_positive_classes,all,micro,bg_mean,0.5382634380357324,0.5368705772710421,0.5395699946925916,1432,1449,2120,2147,,5000,5000,1.0,3021694564,20260901
B1_spatial,1.0,stability,all_positive_classes,all,micro,target_median,0.4064239159892237,0.40177232669355073,0.4110581762931859,1441,1449,2031,2147,,5000,5000,1.0,3021694564,20260901
B1_spatial,1.0,stability,all_positive_classes,all,micro,other_fg_median,0.4791726726260107,0.4735076478360554,0.4846615158490433,520,1449,1158,2147,,5000,5000,1.0,3021694564,20260901
B1_spatial,1.0,stability,all_positive_classes,all,micro,bg_median,0.5105474115015483,0.5088417279841705,0.5121718077443695,1432,1449,2120,2147,,5000,5000,1.0,3021694564,20260901
B1_spatial,1.0,stability,all_positive_classes,all,macro_class,target_hit,0.22051401461258116,0.20182391951006212,0.24012970903228975,1449,1449,2147,2147,20,5000,5000,1.0,3021694564,20260901
B1_spatial,1.0,stability,all_positive_classes,all,macro_class,other_fg_hit,0.130144787267873,0.11511044406780038,0.14565016406144027,1449,1449,2147,2147,20,5000,5000,1.0,3021694564,20260901
B1_spatial,1.0,stability,all_positive_classes,all,macro_class,background_hit,0.6493411981195457,0.626312629389443,0.6724502563751469,1449,1449,2147,2147,20,5000,5000,1.0,3021694564,20260901
B1_spatial,1.0,stability,all_positive_classes,all,macro_class,target_top05_fraction,0.22192694607227792,0.2112026824888519,0.23299608810898792,1449,1449,2147,2147,20,5000,5000,1.0,3021694564,20260901
B1_spatial,1.0,stability,all_positive_classes,all,macro_class,other_fg_top05_fraction,0.12138153336584454,0.11152312934735635,0.13159811571278232,1449,1449,2147,2147,20,5000,5000,1.0,3021694564,20260901
B1_spatial,1.0,stability,all_positive_classes,all,macro_class,bg_top05_fraction,0.6562911124154164,0.6422647009409704,0.6699413788971391,1449,1449,2147,2147,20,5000,5000,1.0,3021694564,20260901
B1_spatial,1.0,stability,all_positive_classes,all,macro_class,target_tail_enrich_05,0.6946740537515687,0.6705926963862063,0.7190615926028272,1441,1449,2031,2147,20,5000,5000,1.0,3021694564,20260901
B1_spatial,1.0,stability,all_positive_classes,all,macro_class,other_fg_tail_enrich_05,0.8594349638261658,0.7960437299691954,0.929544200018835,520,1449,1158,2147,20,5000,5000,1.0,3021694564,20260901
B1_spatial,1.0,stability,all_positive_classes,all,macro_class,bg_tail_enrich_05,1.0340027777480567,1.024311666262175,1.0438500344106005,1432,1449,2120,2147,20,5000,5000,1.0,3021694564,20260901
B1_spatial,1.0,stability,all_positive_classes,all,macro_class,target_top10_fraction,0.22231023101702144,0.21162874491509362,0.233249593851238,1449,1449,2147,2147,20,5000,5000,1.0,3021694564,20260901
B1_spatial,1.0,stability,all_positive_classes,all,macro_class,other_fg_top10_fraction,0.12106301025426092,0.11124926836845729,0.13112469470687502,1449,1449,2147,2147,20,5000,5000,1.0,3021694564,20260901
B1_spatial,1.0,stability,all_positive_classes,all,macro_class,bg_top10_fraction,0.6561331371530301,0.6419615046119277,0.6695999549556726,1449,1449,2147,2147,20,5000,5000,1.0,3021694564,20260901
B1_spatial,1.0,stability,all_positive_classes,all,macro_class,target_tail_enrich_10,0.7073937578324232,0.6864206280090687,0.7280341765887757,1441,1449,2031,2147,20,5000,5000,1.0,3021694564,20260901
B1_spatial,1.0,stability,all_positive_classes,all,macro_class,other_fg_tail_enrich_10,0.8466408613044027,0.7969737733464648,0.89602575187487,520,1449,1158,2147,20,5000,5000,1.0,3021694564,20260901
B1_spatial,1.0,stability,all_positive_classes,all,macro_class,bg_tail_enrich_10,1.0312867321862096,1.0229415749886954,1.039549409263799,1432,1449,2120,2147,20,5000,5000,1.0,3021694564,20260901
B1_spatial,1.0,stability,all_positive_classes,all,macro_class,target_top20_fraction,0.2222408330522691,0.21166711374106326,0.23295379763922022,1449,1449,2147,2147,20,5000,5000,1.0,3021694564,20260901
B1_spatial,1.0,stability,all_positive_classes,all,macro_class,other_fg_top20_fraction,0.12065218738388958,0.11092276189949239,0.13056338388256714,1449,1449,2147,2147,20,5000,5000,1.0,3021694564,20260901
B1_spatial,1.0,stability,all_positive_classes,all,macro_class,bg_top20_fraction,0.656622624995789,0.6426832299602633,0.6700138337855372,1449,1449,2147,2147,20,5000,5000,1.0,3021694564,20260901
B1_spatial,1.0,stability,all_positive_classes,all,macro_class,target_tail_enrich_20,0.704721792541636,0.6881195556803866,0.7217094869917965,1441,1449,2031,2147,20,5000,5000,1.0,3021694564,20260901
B1_spatial,1.0,stability,all_positive_classes,all,macro_class,other_fg_tail_enrich_20,0.8691145752984596,0.8247795221865462,0.9156284235131609,520,1449,1158,2147,20,5000,5000,1.0,3021694564,20260901
B1_spatial,1.0,stability,all_positive_classes,all,macro_class,bg_tail_enrich_20,1.0350980927212499,1.0282112029509358,1.041750148379217,1432,1449,2120,2147,20,5000,5000,1.0,3021694564,20260901
B1_spatial,1.0,stability,all_positive_classes,all,macro_class,auc_target_bg,0.3835635584523347,0.37732281571463994,0.3898850421984792,1424,1449,2004,2147,20,5000,5000,1.0,3021694564,20260901
B1_spatial,1.0,stability,all_positive_classes,all,macro_class,ap_target_bg,0.2610213122248107,0.24985388123940017,0.27192982974178515,1424,1449,2004,2147,20,5000,5000,1.0,3021694564,20260901
B1_spatial,1.0,stability,all_positive_classes,all,macro_class,auc_target_other,0.42740674484606245,0.40401616893853637,0.45180088981736316,462,1449,1052,2147,20,5000,5000,1.0,3021694564,20260901
B1_spatial,1.0,stability,all_positive_classes,all,macro_class,ap_target_other,0.4703195903431328,0.4379164867611474,0.5031510975701114,462,1449,1052,2147,20,5000,5000,1.0,3021694564,20260901
B1_spatial,1.0,stability,all_positive_classes,all,macro_class,target_mean,0.45623957177678937,0.451982076819286,0.4603958121841964,1441,1449,2031,2147,20,5000,5000,1.0,3021694564,20260901
B1_spatial,1.0,stability,all_positive_classes,all,macro_class,other_fg_mean,0.48770667921876454,0.47656402675494514,0.4975360259183653,520,1449,1158,2147,20,5000,5000,1.0,3021694564,20260901
B1_spatial,1.0,stability,all_positive_classes,all,macro_class,bg_mean,0.5375975655624334,0.536309669538206,0.5388522744990566,1432,1449,2120,2147,20,5000,5000,1.0,3021694564,20260901
B1_spatial,1.0,stability,all_positive_classes,all,macro_class,target_median,0.4147446673462708,0.4101832235120776,0.4192347309062665,1441,1449,2031,2147,20,5000,5000,1.0,3021694564,20260901
B1_spatial,1.0,stability,all_positive_classes,all,macro_class,other_fg_median,0.4548458502844248,0.443910458226271,0.46498032098727604,520,1449,1158,2147,20,5000,5000,1.0,3021694564,20260901
B1_spatial,1.0,stability,all_positive_classes,all,macro_class,bg_median,0.5092264987269661,0.5076290805573123,0.5107974328777943,1432,1449,2120,2147,20,5000,5000,1.0,3021694564,20260901
B1_spatial,1.0,stability,all_positive_classes,single_label,micro,target_hit,0.30528586839266453,0.2761596548004315,0.3344120819848975,927,927,927,927,,5000,5000,1.0,3021694564,20260901
B1_spatial,1.0,stability,all_positive_classes,single_label,micro,other_fg_hit,0.0,0.0,0.0,927,927,927,927,,5000,5000,1.0,3021694564,20260901
B1_spatial,1.0,stability,all_positive_classes,single_label,micro,background_hit,0.6947141316073355,0.6655879180151025,0.7238403451995685,927,927,927,927,,5000,5000,1.0,3021694564,20260901
B1_spatial,1.0,stability,all_positive_classes,single_label,micro,target_top05_fraction,0.31700593407756034,0.29958090672438903,0.3347521549414696,927,927,927,927,,5000,5000,1.0,3021694564,20260901
B1_spatial,1.0,stability,all_positive_classes,single_label,micro,other_fg_top05_fraction,0.0,0.0,0.0,927,927,927,927,,5000,5000,1.0,3021694564,20260901
B1_spatial,1.0,stability,all_positive_classes,single_label,micro,bg_top05_fraction,0.682649679344873,0.6648540175526422,0.7001139681199893,927,927,927,927,,5000,5000,1.0,3021694564,20260901
B1_spatial,1.0,stability,all_positive_classes,single_label,micro,target_tail_enrich_05,0.8054882524393093,0.7773154100693079,0.834609007909985,921,927,921,927,,5000,5000,1.0,3021694564,20260901
B1_spatial,1.0,stability,all_positive_classes,single_label,micro,bg_tail_enrich_05,1.031157238901055,1.018086925931549,1.0443336302177513,918,927,918,927,,5000,5000,1.0,3021694564,20260901
B1_spatial,1.0,stability,all_positive_classes,single_label,micro,target_top10_fraction,0.31789977069475855,0.3006780040332247,0.33583382899260095,927,927,927,927,,5000,5000,1.0,3021694564,20260901
B1_spatial,1.0,stability,all_positive_classes,single_label,micro,other_fg_top10_fraction,0.0,0.0,0.0,927,927,927,927,,5000,5000,1.0,3021694564,20260901
B1_spatial,1.0,stability,all_positive_classes,single_label,micro,bg_top10_fraction,0.6816167313380179,0.6636852250789779,0.69885108968385,927,927,927,927,,5000,5000,1.0,3021694564,20260901
B1_spatial,1.0,stability,all_positive_classes,single_label,micro,target_tail_enrich_10,0.8169610071419307,0.7918925242919788,0.8411090839904282,921,927,921,927,,5000,5000,1.0,3021694564,20260901
B1_spatial,1.0,stability,all_positive_classes,single_label,micro,bg_tail_enrich_10,1.0219771766489607,1.0109386821910091,1.0329886687593697,918,927,918,927,,5000,5000,1.0,3021694564,20260901
B1_spatial,1.0,stability,all_positive_classes,single_label,micro,target_top20_fraction,0.31761378256224776,0.3007049698658447,0.3352320924328873,927,927,927,927,,5000,5000,1.0,3021694564,20260901
B1_spatial,1.0,stability,all_positive_classes,single_label,micro,other_fg_top20_fraction,0.0,0.0,0.0,927,927,927,927,,5000,5000,1.0,3021694564,20260901
B1_spatial,1.0,stability,all_positive_classes,single_label,micro,bg_top20_fraction,0.681975626708292,0.6643154403779763,0.6988542145481517,927,927,927,927,,5000,5000,1.0,3021694564,20260901
B1_spatial,1.0,stability,all_positive_classes,single_label,micro,target_tail_enrich_20,0.8150605911304373,0.7945671087527723,0.835127570750014,921,927,921,927,,5000,5000,1.0,3021694564,20260901
B1_spatial,1.0,stability,all_positive_classes,single_label,micro,bg_tail_enrich_20,1.0263436513484865,1.0168805610476734,1.0359099867348662,918,927,918,927,,5000,5000,1.0,3021694564,20260901
B1_spatial,1.0,stability,all_positive_classes,single_label,micro,auc_target_bg,0.4305516644859947,0.4225520562694372,0.43837387746267403,912,927,912,927,,5000,5000,1.0,3021694564,20260901
B1_spatial,1.0,stability,all_positive_classes,single_label,micro,ap_target_bg,0.32798390290669965,0.31191528450340716,0.34444092160731116,912,927,912,927,,5000,5000,1.0,3021694564,20260901
B1_spatial,1.0,stability,all_positive_classes,single_label,micro,target_mean,0.4866668745865353,0.48171076657167095,0.49140646461041,921,927,921,927,,5000,5000,1.0,3021694564,20260901
B1_spatial,1.0,stability,all_positive_classes,single_label,micro,bg_mean,0.5352547243899274,0.5334144442087866,0.5369876842382159,918,927,918,927,,5000,5000,1.0,3021694564,20260901
B1_spatial,1.0,stability,all_positive_classes,single_label,micro,target_median,0.4482467835779169,0.4428436188713512,0.45364712797648027,921,927,921,927,,5000,5000,1.0,3021694564,20260901
B1_spatial,1.0,stability,all_positive_classes,single_label,micro,bg_median,0.506715259999686,0.5044239288173766,0.5089098417897043,918,927,918,927,,5000,5000,1.0,3021694564,20260901
B1_spatial,1.0,stability,all_positive_classes,single_label,macro_class,target_hit,0.3053465434428196,0.2669487465020625,0.3455935879452691,927,927,927,927,20,5000,5000,1.0,3021694564,20260901
B1_spatial,1.0,stability,all_positive_classes,single_label,macro_class,other_fg_hit,0.0,0.0,0.0,927,927,927,927,20,5000,5000,1.0,3021694564,20260901
B1_spatial,1.0,stability,all_positive_classes,single_label,macro_class,background_hit,0.6946534565571802,0.6544064120547308,0.7330512534979374,927,927,927,927,20,5000,5000,1.0,3021694564,20260901
B1_spatial,1.0,stability,all_positive_classes,single_label,macro_class,target_top05_fraction,0.32074178940921444,0.29518566103119126,0.3468600204850179,927,927,927,927,20,5000,5000,1.0,3021694564,20260901
B1_spatial,1.0,stability,all_positive_classes,single_label,macro_class,other_fg_top05_fraction,0.0,0.0,0.0,927,927,927,927,20,5000,5000,1.0,3021694564,20260901
B1_spatial,1.0,stability,all_positive_classes,single_label,macro_class,bg_top05_fraction,0.6788125004891268,0.652682221508269,0.7043917783867694,927,927,927,927,20,5000,5000,1.0,3021694564,20260901
B1_spatial,1.0,stability,all_positive_classes,single_label,macro_class,target_tail_enrich_05,0.7992495878336796,0.7690794469026973,0.8291995277850527,921,927,921,927,20,5000,5000,1.0,3021694564,20260901
B1_spatial,1.0,stability,all_positive_classes,single_label,macro_class,bg_tail_enrich_05,1.050399080937776,1.029557269427327,1.0776210535731567,918,927,918,927,20,5000,5000,1.0,3021694564,20260901
B1_spatial,1.0,stability,all_positive_classes,single_label,macro_class,target_top10_fraction,0.3215151416675283,0.2959910175412644,0.3481434173055181,927,927,927,927,20,5000,5000,1.0,3021694564,20260901
B1_spatial,1.0,stability,all_positive_classes,single_label,macro_class,other_fg_top10_fraction,0.0,0.0,0.0,927,927,927,927,20,5000,5000,1.0,3021694564,20260901
B1_spatial,1.0,stability,all_positive_classes,single_label,macro_class,bg_top10_fraction,0.6779671170294101,0.6512770166598698,0.7035510746165408,927,927,927,927,20,5000,5000,1.0,3021694564,20260901
B1_spatial,1.0,stability,all_positive_classes,single_label,macro_class,target_tail_enrich_10,0.806328373910816,0.7810874841356317,0.8310425422236793,921,927,921,927,20,5000,5000,1.0,3021694564,20260901
B1_spatial,1.0,stability,all_positive_classes,single_label,macro_class,bg_tail_enrich_10,1.0353033572380483,1.0226773764306605,1.048976834002434,918,927,918,927,20,5000,5000,1.0,3021694564,20260901
B1_spatial,1.0,stability,all_positive_classes,single_label,macro_class,target_top20_fraction,0.3206067285751374,0.2957778178428535,0.34692575204784404,927,927,927,927,20,5000,5000,1.0,3021694564,20260901
B1_spatial,1.0,stability,all_positive_classes,single_label,macro_class,other_fg_top20_fraction,0.0,0.0,0.0,927,927,927,927,20,5000,5000,1.0,3021694564,20260901
B1_spatial,1.0,stability,all_positive_classes,single_label,macro_class,bg_top20_fraction,0.6789668955621841,0.6527365625962401,0.703821795338811,927,927,927,927,20,5000,5000,1.0,3021694564,20260901
B1_spatial,1.0,stability,all_positive_classes,single_label,macro_class,target_tail_enrich_20,0.8026812379495378,0.7812329294196403,0.8233529186972216,921,927,921,927,20,5000,5000,1.0,3021694564,20260901
B1_spatial,1.0,stability,all_positive_classes,single_label,macro_class,bg_tail_enrich_20,1.043289041916003,1.0299703150377384,1.0618492023564057,918,927,918,927,20,5000,5000,1.0,3021694564,20260901
B1_spatial,1.0,stability,all_positive_classes,single_label,macro_class,auc_target_bg,0.42009693031234646,0.4122738236612198,0.4276423317143267,912,927,912,927,20,5000,5000,1.0,3021694564,20260901
B1_spatial,1.0,stability,all_positive_classes,single_label,macro_class,ap_target_bg,0.3267735434210688,0.3047843752369721,0.35435896598136485,912,927,912,927,20,5000,5000,1.0,3021694564,20260901
B1_spatial,1.0,stability,all_positive_classes,single_label,macro_class,target_mean,0.4828557135249322,0.47748891736751725,0.4878034121220063,921,927,921,927,20,5000,5000,1.0,3021694564,20260901
B1_spatial,1.0,stability,all_positive_classes,single_label,macro_class,bg_mean,0.5381681968375732,0.5363231995704677,0.5402107774619301,918,927,918,927,20,5000,5000,1.0,3021694564,20260901
B1_spatial,1.0,stability,all_positive_classes,single_label,macro_class,target_median,0.4425807926894801,0.4366739822271963,0.4481365679137295,921,927,921,927,20,5000,5000,1.0,3021694564,20260901
B1_spatial,1.0,stability,all_positive_classes,single_label,macro_class,bg_median,0.511152100142341,0.5083650978357515,0.5149165475782886,918,927,918,927,20,5000,5000,1.0,3021694564,20260901
B1_spatial,1.0,stability,all_positive_classes,exactly_2_labels,micro,target_hit,0.16533333333333333,0.14133333333333334,0.19066666666666668,375,375,750,750,,5000,5000,1.0,3021694564,20260901
B1_spatial,1.0,stability,all_positive_classes,exactly_2_labels,micro,other_fg_hit,0.22933333333333333,0.20133333333333334,0.25733333333333336,375,375,750,750,,5000,5000,1.0,3021694564,20260901
B1_spatial,1.0,stability,all_positive_classes,exactly_2_labels,micro,background_hit,0.6053333333333333,0.5653333333333334,0.6453333333333333,375,375,750,750,,5000,5000,1.0,3021694564,20260901
B1_spatial,1.0,stability,all_positive_classes,exactly_2_labels,micro,target_top05_fraction,0.1561144707036158,0.14374862881894426,0.16884530412226817,375,375,750,750,,5000,5000,1.0,3021694564,20260901
B1_spatial,1.0,stability,all_positive_classes,exactly_2_labels,micro,other_fg_top05_fraction,0.2109597898395408,0.19642481117415805,0.22581197501225142,375,375,750,750,,5000,5000,1.0,3021694564,20260901
B1_spatial,1.0,stability,all_positive_classes,exactly_2_labels,micro,bg_top05_fraction,0.6324821047289985,0.6054873149374671,0.6582607300344775,375,375,750,750,,5000,5000,1.0,3021694564,20260901
B1_spatial,1.0,stability,all_positive_classes,exactly_2_labels,micro,target_tail_enrich_05,0.5979491501292749,0.5613227165245751,0.6346940268528135,373,375,695,750,,5000,5000,1.0,3021694564,20260901
B1_spatial,1.0,stability,all_positive_classes,exactly_2_labels,micro,other_fg_tail_enrich_05,0.9195172866453323,0.8710814934304473,0.9694437037900687,373,375,695,750,,5000,5000,1.0,3021694564,20260901
B1_spatial,1.0,stability,all_positive_classes,exactly_2_labels,micro,bg_tail_enrich_05,1.0513780123632464,1.0314608454789964,1.070758826220444,369,375,738,750,,5000,5000,1.0,3021694564,20260901
B1_spatial,1.0,stability,all_positive_classes,exactly_2_labels,micro,target_top10_fraction,0.1571739773296208,0.14516648809809315,0.1696413818055741,375,375,750,750,,5000,5000,1.0,3021694564,20260901
B1_spatial,1.0,stability,all_positive_classes,exactly_2_labels,micro,other_fg_top10_fraction,0.21112550907292713,0.19673653806024174,0.2257492839369654,375,375,750,750,,5000,5000,1.0,3021694564,20260901
B1_spatial,1.0,stability,all_positive_classes,exactly_2_labels,micro,bg_top10_fraction,0.6312858904356881,0.6048546992568244,0.6569039159038972,375,375,750,750,,5000,5000,1.0,3021694564,20260901
B1_spatial,1.0,stability,all_positive_classes,exactly_2_labels,micro,target_tail_enrich_10,0.6075575637128189,0.5777057589487612,0.6376064116542135,373,375,695,750,,5000,5000,1.0,3021694564,20260901
B1_spatial,1.0,stability,all_positive_classes,exactly_2_labels,micro,other_fg_tail_enrich_10,0.9187902891218791,0.8789865651296469,0.9604509874524554,373,375,695,750,,5000,5000,1.0,3021694564,20260901
B1_spatial,1.0,stability,all_positive_classes,exactly_2_labels,micro,bg_tail_enrich_10,1.0486047526909836,1.0316255944248298,1.0650102392587564,369,375,738,750,,5000,5000,1.0,3021694564,20260901
B1_spatial,1.0,stability,all_positive_classes,exactly_2_labels,micro,target_top20_fraction,0.15789074931679803,0.1460186877223663,0.1703282189675894,375,375,750,750,,5000,5000,1.0,3021694564,20260901
B1_spatial,1.0,stability,all_positive_classes,exactly_2_labels,micro,other_fg_top20_fraction,0.21007556718981377,0.19603495823099268,0.22421003840273487,375,375,750,750,,5000,5000,1.0,3021694564,20260901
B1_spatial,1.0,stability,all_positive_classes,exactly_2_labels,micro,bg_top20_fraction,0.6315365763994433,0.6054309388058041,0.6569719984392722,375,375,750,750,,5000,5000,1.0,3021694564,20260901
B1_spatial,1.0,stability,all_positive_classes,exactly_2_labels,micro,target_tail_enrich_20,0.613069370466349,0.5879413474367258,0.6380614546487033,373,375,695,750,,5000,5000,1.0,3021694564,20260901
B1_spatial,1.0,stability,all_positive_classes,exactly_2_labels,micro,other_fg_tail_enrich_20,0.9345869827210004,0.9028001228760019,0.9678194118479773,373,375,695,750,,5000,5000,1.0,3021694564,20260901
B1_spatial,1.0,stability,all_positive_classes,exactly_2_labels,micro,bg_tail_enrich_20,1.0521689395415272,1.0385894114476635,1.0649877758712258,369,375,738,750,,5000,5000,1.0,3021694564,20260901
B1_spatial,1.0,stability,all_positive_classes,exactly_2_labels,micro,auc_target_bg,0.3373800297347855,0.32757113742516764,0.3475150044589615,367,375,683,750,,5000,5000,1.0,3021694564,20260901
B1_spatial,1.0,stability,all_positive_classes,exactly_2_labels,micro,ap_target_bg,0.2289688336652516,0.21127030049036408,0.24761625227650974,367,375,683,750,,5000,5000,1.0,3021694564,20260901
B1_spatial,1.0,stability,all_positive_classes,exactly_2_labels,micro,auc_target_other,0.39494133159789596,0.38554065951360345,0.40424546102488573,322,375,644,750,,5000,5000,1.0,3021694564,20260901
B1_spatial,1.0,stability,all_positive_classes,exactly_2_labels,micro,ap_target_other,0.47882356749420624,0.47442195051230307,0.4833130128647418,322,375,644,750,,5000,5000,1.0,3021694564,20260901
B1_spatial,1.0,stability,all_positive_classes,exactly_2_labels,micro,target_mean,0.42520093305152706,0.4186584489700571,0.43193938804371396,373,375,695,750,,5000,5000,1.0,3021694564,20260901
B1_spatial,1.0,stability,all_positive_classes,exactly_2_labels,micro,other_fg_mean,0.5042069321123949,0.49760300259912743,0.5108821992012432,373,375,695,750,,5000,5000,1.0,3021694564,20260901
B1_spatial,1.0,stability,all_positive_classes,exactly_2_labels,micro,bg_mean,0.5408096194182542,0.5383112971316367,0.543206930969441,369,375,738,750,,5000,5000,1.0,3021694564,20260901
B1_spatial,1.0,stability,all_positive_classes,exactly_2_labels,micro,target_median,0.37901628385666464,0.37226996781048144,0.3859667866310206,373,375,695,750,,5000,5000,1.0,3021694564,20260901
B1_spatial,1.0,stability,all_positive_classes,exactly_2_labels,micro,other_fg_median,0.47306897284315647,0.4655579336130015,0.4805745970718395,373,375,695,750,,5000,5000,1.0,3021694564,20260901
B1_spatial,1.0,stability,all_positive_classes,exactly_2_labels,micro,bg_median,0.514327617599389,0.5112289233506349,0.5173771639476442,369,375,738,750,,5000,5000,1.0,3021694564,20260901
B1_spatial,1.0,stability,all_positive_classes,exactly_2_labels,macro_class,target_hit,0.17318104992833255,0.1392441839453823,0.21370480013046123,375,375,750,750,20,5000,5000,1.0,3021694564,20260901
B1_spatial,1.0,stability,all_positive_classes,exactly_2_labels,macro_class,other_fg_hit,0.22298200440863486,0.17728654753931328,0.27380578749626183,375,375,750,750,20,5000,5000,1.0,3021694564,20260901
B1_spatial,1.0,stability,all_positive_classes,exactly_2_labels,macro_class,background_hit,0.6038369456630327,0.5462586145874383,0.6585652994069302,375,375,750,750,20,5000,5000,1.0,3021694564,20260901
B1_spatial,1.0,stability,all_positive_classes,exactly_2_labels,macro_class,target_top05_fraction,0.1737246387416212,0.15384318636376432,0.19562492177598909,375,375,750,750,20,5000,5000,1.0,3021694564,20260901
B1_spatial,1.0,stability,all_positive_classes,exactly_2_labels,macro_class,other_fg_top05_fraction,0.18907703956288846,0.16778328822230323,0.21265780413869312,375,375,750,750,20,5000,5000,1.0,3021694564,20260901
B1_spatial,1.0,stability,all_positive_classes,exactly_2_labels,macro_class,bg_top05_fraction,0.6364687481314026,0.608601942973231,0.6641771219500006,375,375,750,750,20,5000,5000,1.0,3021694564,20260901
B1_spatial,1.0,stability,all_positive_classes,exactly_2_labels,macro_class,target_tail_enrich_05,0.628910678566852,0.5801182860883438,0.6787283376723072,373,375,695,750,20,5000,5000,1.0,3021694564,20260901
B1_spatial,1.0,stability,all_positive_classes,exactly_2_labels,macro_class,other_fg_tail_enrich_05,0.8499529405333284,0.7668377719517477,0.9429439793247467,373,375,695,750,20,5000,5000,1.0,3021694564,20260901
B1_spatial,1.0,stability,all_positive_classes,exactly_2_labels,macro_class,bg_tail_enrich_05,1.0487739146291708,1.0226480012133534,1.073667848199837,369,375,738,750,20,5000,5000,1.0,3021694564,20260901
B1_spatial,1.0,stability,all_positive_classes,exactly_2_labels,macro_class,target_top10_fraction,0.17595074475304792,0.15553925627129706,0.1985008499835052,375,375,750,750,20,5000,5000,1.0,3021694564,20260901
B1_spatial,1.0,stability,all_positive_classes,exactly_2_labels,macro_class,other_fg_top10_fraction,0.18799697221074985,0.16745846560201952,0.21073532379221915,375,375,750,750,20,5000,5000,1.0,3021694564,20260901
B1_spatial,1.0,stability,all_positive_classes,exactly_2_labels,macro_class,bg_top10_fraction,0.6355823287341589,0.6086224545591483,0.6625687558531136,375,375,750,750,20,5000,5000,1.0,3021694564,20260901
B1_spatial,1.0,stability,all_positive_classes,exactly_2_labels,macro_class,target_tail_enrich_10,0.641364661738439,0.5944211074278875,0.6865037535886462,373,375,695,750,20,5000,5000,1.0,3021694564,20260901
B1_spatial,1.0,stability,all_positive_classes,exactly_2_labels,macro_class,other_fg_tail_enrich_10,0.8303509977268069,0.7661532282218457,0.8947210437439016,373,375,695,750,20,5000,5000,1.0,3021694564,20260901
B1_spatial,1.0,stability,all_positive_classes,exactly_2_labels,macro_class,bg_tail_enrich_10,1.048430130718579,1.0238707174309625,1.0708304862417926,369,375,738,750,20,5000,5000,1.0,3021694564,20260901
B1_spatial,1.0,stability,all_positive_classes,exactly_2_labels,macro_class,target_top20_fraction,0.1775155716540831,0.15759418471703557,0.19967873875136502,375,375,750,750,20,5000,5000,1.0,3021694564,20260901
B1_spatial,1.0,stability,all_positive_classes,exactly_2_labels,macro_class,other_fg_top20_fraction,0.18736920207333285,0.16799159207320505,0.20852072023719692,375,375,750,750,20,5000,5000,1.0,3021694564,20260901
B1_spatial,1.0,stability,all_positive_classes,exactly_2_labels,macro_class,bg_top20_fraction,0.6346739272977329,0.608882715886577,0.6605356770561217,375,375,750,750,20,5000,5000,1.0,3021694564,20260901
B1_spatial,1.0,stability,all_positive_classes,exactly_2_labels,macro_class,target_tail_enrich_20,0.6603838148360708,0.6211233493443543,0.696290183235292,373,375,695,750,20,5000,5000,1.0,3021694564,20260901
B1_spatial,1.0,stability,all_positive_classes,exactly_2_labels,macro_class,other_fg_tail_enrich_20,0.864941906631816,0.807675647486739,0.9252809177875727,373,375,695,750,20,5000,5000,1.0,3021694564,20260901
B1_spatial,1.0,stability,all_positive_classes,exactly_2_labels,macro_class,bg_tail_enrich_20,1.051860893313209,1.0358348692569896,1.068128720632756,369,375,738,750,20,5000,5000,1.0,3021694564,20260901
B1_spatial,1.0,stability,all_positive_classes,exactly_2_labels,macro_class,auc_target_bg,0.3600162958925776,0.34613509687670607,0.3728605521774705,367,375,683,750,20,5000,5000,1.0,3021694564,20260901
B1_spatial,1.0,stability,all_positive_classes,exactly_2_labels,macro_class,ap_target_bg,0.23191476686308987,0.21024985558623369,0.2550048040743639,367,375,683,750,20,5000,5000,1.0,3021694564,20260901
B1_spatial,1.0,stability,all_positive_classes,exactly_2_labels,macro_class,auc_target_other,0.44803919166091805,0.42349716424798406,0.47320255385379545,322,375,644,750,20,5000,5000,1.0,3021694564,20260901
B1_spatial,1.0,stability,all_positive_classes,exactly_2_labels,macro_class,ap_target_other,0.5251954339610834,0.48983934339980684,0.5607196558068981,322,375,644,750,20,5000,5000,1.0,3021694564,20260901
B1_spatial,1.0,stability,all_positive_classes,exactly_2_labels,macro_class,target_mean,0.44314560724751917,0.43349399434310915,0.4518705768205886,373,375,695,750,20,5000,5000,1.0,3021694564,20260901
B1_spatial,1.0,stability,all_positive_classes,exactly_2_labels,macro_class,other_fg_mean,0.48323682620804453,0.46950527350584165,0.49567142038847756,373,375,695,750,20,5000,5000,1.0,3021694564,20260901
B1_spatial,1.0,stability,all_positive_classes,exactly_2_labels,macro_class,bg_mean,0.5409067976433704,0.5376303275134742,0.5438618276257199,369,375,738,750,20,5000,5000,1.0,3021694564,20260901
B1_spatial,1.0,stability,all_positive_classes,exactly_2_labels,macro_class,target_median,0.39881468793260344,0.3884323881382466,0.40795722852384575,373,375,695,750,20,5000,5000,1.0,3021694564,20260901
B1_spatial,1.0,stability,all_positive_classes,exactly_2_labels,macro_class,other_fg_median,0.44900912071363913,0.43560229037360515,0.4614990539310326,373,375,695,750,20,5000,5000,1.0,3021694564,20260901
B1_spatial,1.0,stability,all_positive_classes,exactly_2_labels,macro_class,bg_median,0.513551660683852,0.5093278604585307,0.5175278282806813,369,375,738,750,20,5000,5000,1.0,3021694564,20260901
B1_spatial,1.0,stability,all_positive_classes,3plus_labels,micro,target_hit,0.09361702127659574,0.06991525423728813,0.11864772852070135,147,147,470,470,,5000,5000,1.0,3021694564,20260901
B1_spatial,1.0,stability,all_positive_classes,3plus_labels,micro,other_fg_hit,0.32978723404255317,0.280849225678967,0.37901498929336186,147,147,470,470,,5000,5000,1.0,3021694564,20260901
B1_spatial,1.0,stability,all_positive_classes,3plus_labels,micro,background_hit,0.5765957446808511,0.5192287234042554,0.6316916488222698,147,147,470,470,,5000,5000,1.0,3021694564,20260901
B1_spatial,1.0,stability,all_positive_classes,3plus_labels,micro,target_top05_fraction,0.09679085764138623,0.0853219614835554,0.10869917378839543,147,147,470,470,,5000,5000,1.0,3021694564,20260901
B1_spatial,1.0,stability,all_positive_classes,3plus_labels,micro,other_fg_top05_fraction,0.31960383616339244,0.2875942545974205,0.35010788616412886,147,147,470,470,,5000,5000,1.0,3021694564,20260901
B1_spatial,1.0,stability,all_positive_classes,3plus_labels,micro,bg_top05_fraction,0.5831014455541829,0.5428788227936772,0.6243754866227686,147,147,470,470,,5000,5000,1.0,3021694564,20260901
B1_spatial,1.0,stability,all_positive_classes,3plus_labels,micro,target_tail_enrich_05,0.49839418837481875,0.4303200153918251,0.5822045588755473,147,147,415,470,,5000,5000,1.0,3021694564,20260901
B1_spatial,1.0,stability,all_positive_classes,3plus_labels,micro,other_fg_tail_enrich_05,0.9858159878360626,0.9321261062822047,1.0487917427686955,147,147,463,470,,5000,5000,1.0,3021694564,20260901
B1_spatial,1.0,stability,all_positive_classes,3plus_labels,micro,bg_tail_enrich_05,1.0432264816473245,1.0198279503581107,1.0675162619832577,145,147,464,470,,5000,5000,1.0,3021694564,20260901
B1_spatial,1.0,stability,all_positive_classes,3plus_labels,micro,target_top10_fraction,0.09825079408790366,0.08687083772032887,0.10999879982301242,147,147,470,470,,5000,5000,1.0,3021694564,20260901
B1_spatial,1.0,stability,all_positive_classes,3plus_labels,micro,other_fg_top10_fraction,0.3174343291982684,0.285895370771416,0.3481150148420358,147,147,470,470,,5000,5000,1.0,3021694564,20260901
B1_spatial,1.0,stability,all_positive_classes,3plus_labels,micro,bg_top10_fraction,0.583750878915944,0.5430705369304433,0.6254447375247377,147,147,470,470,,5000,5000,1.0,3021694564,20260901
B1_spatial,1.0,stability,all_positive_classes,3plus_labels,micro,target_tail_enrich_10,0.5316800562467142,0.4800056120055291,0.5892549413062892,147,147,415,470,,5000,5000,1.0,3021694564,20260901
B1_spatial,1.0,stability,all_positive_classes,3plus_labels,micro,other_fg_tail_enrich_10,0.9655936150807425,0.9254554455118609,1.0065440906333116,147,147,463,470,,5000,5000,1.0,3021694564,20260901
B1_spatial,1.0,stability,all_positive_classes,3plus_labels,micro,bg_tail_enrich_10,1.0471019540932196,1.027490613424373,1.0673767144904052,145,147,464,470,,5000,5000,1.0,3021694564,20260901
B1_spatial,1.0,stability,all_positive_classes,3plus_labels,micro,target_top20_fraction,0.09863321142734996,0.0874312777889255,0.11010154827967095,147,147,470,470,,5000,5000,1.0,3021694564,20260901
B1_spatial,1.0,stability,all_positive_classes,3plus_labels,micro,other_fg_top20_fraction,0.31518198789035173,0.28380736000876455,0.3455147051073492,147,147,470,470,,5000,5000,1.0,3021694564,20260901
B1_spatial,1.0,stability,all_positive_classes,3plus_labels,micro,bg_top20_fraction,0.5855296176678209,0.5452927794096801,0.6265801321350447,147,147,470,470,,5000,5000,1.0,3021694564,20260901
B1_spatial,1.0,stability,all_positive_classes,3plus_labels,micro,target_tail_enrich_20,0.5230448792972364,0.48450072948357464,0.5628545398141311,147,147,415,470,,5000,5000,1.0,3021694564,20260901
B1_spatial,1.0,stability,all_positive_classes,3plus_labels,micro,other_fg_tail_enrich_20,0.9580593531289185,0.9254757506885523,0.9912419445046545,147,147,463,470,,5000,5000,1.0,3021694564,20260901
B1_spatial,1.0,stability,all_positive_classes,3plus_labels,micro,bg_tail_enrich_20,1.0521507036576814,1.0353987273653995,1.0690551820660743,145,147,464,470,,5000,5000,1.0,3021694564,20260901
B1_spatial,1.0,stability,all_positive_classes,3plus_labels,micro,auc_target_bg,0.3062410349369998,0.29210356465199655,0.3204242890973202,145,147,409,470,,5000,5000,1.0,3021694564,20260901
B1_spatial,1.0,stability,all_positive_classes,3plus_labels,micro,ap_target_bg,0.17663621025156928,0.15405546310348717,0.20015547024627886,145,147,409,470,,5000,5000,1.0,3021694564,20260901
B1_spatial,1.0,stability,all_positive_classes,3plus_labels,micro,auc_target_other,0.3433909774429038,0.3305995460041085,0.3558978411526794,140,147,408,470,,5000,5000,1.0,3021694564,20260901
B1_spatial,1.0,stability,all_positive_classes,3plus_labels,micro,ap_target_other,0.31451338778092397,0.30159502922586523,0.32887502669882224,140,147,408,470,,5000,5000,1.0,3021694564,20260901
B1_spatial,1.0,stability,all_positive_classes,3plus_labels,micro,target_mean,0.4039433611557706,0.3935380686598178,0.4138451858818304,147,147,415,470,,5000,5000,1.0,3021694564,20260901
B1_spatial,1.0,stability,all_positive_classes,3plus_labels,micro,other_fg_mean,0.5177980760679256,0.5113011429972502,0.5242032493060005,147,147,463,470,,5000,5000,1.0,3021694564,20260901
B1_spatial,1.0,stability,all_positive_classes,3plus_labels,micro,bg_mean,0.5401662769722524,0.5368524934908014,0.5433148378061771,145,147,464,470,,5000,5000,1.0,3021694564,20260901
B1_spatial,1.0,stability,all_positive_classes,3plus_labels,micro,target_median,0.359506911851735,0.34904892954114947,0.3697229829153439,147,147,415,470,,5000,5000,1.0,3021694564,20260901
B1_spatial,1.0,stability,all_positive_classes,3plus_labels,micro,other_fg_median,0.4883348137687401,0.48082789088068023,0.49554685783198826,147,147,463,470,,5000,5000,1.0,3021694564,20260901
B1_spatial,1.0,stability,all_positive_classes,3plus_labels,micro,bg_median,0.5121166420586664,0.5080856036833654,0.5159582396105249,145,147,464,470,,5000,5000,1.0,3021694564,20260901
B1_spatial,1.0,stability,all_positive_classes,3plus_labels,macro_class,target_hit,0.09677277831689597,0.060291232101541595,0.15222904916167035,147,147,470,470,20,5000,5000,1.0,3021694564,20260901
B1_spatial,1.0,stability,all_positive_classes,3plus_labels,macro_class,other_fg_hit,0.30833387101769455,0.24187841396371318,0.39585133413456197,147,147,470,470,20,5000,5000,1.0,3021694564,20260901
B1_spatial,1.0,stability,all_positive_classes,3plus_labels,macro_class,background_hit,0.5948933506654095,0.49816286622127975,0.6607088644220646,147,147,470,470,20,5000,5000,1.0,3021694564,20260901
B1_spatial,1.0,stability,all_positive_classes,3plus_labels,macro_class,target_top05_fraction,0.08659696504040147,0.07115641745290613,0.10623428078151619,147,147,470,470,20,5000,5000,1.0,3021694564,20260901
B1_spatial,1.0,stability,all_positive_classes,3plus_labels,macro_class,other_fg_top05_fraction,0.2824264837669169,0.24056753989269655,0.34268404142838105,147,147,470,470,20,5000,5000,1.0,3021694564,20260901
B1_spatial,1.0,stability,all_positive_classes,3plus_labels,macro_class,bg_top05_fraction,0.6306141508080774,0.5664087511157547,0.6740909431078548,147,147,470,470,20,5000,5000,1.0,3021694564,20260901
B1_spatial,1.0,stability,all_positive_classes,3plus_labels,macro_class,target_tail_enrich_05,0.4898266532196555,0.4045190161576577,0.5584108677314176,147,147,415,470,19,5000,5000,1.0,3021694564,20260901
B1_spatial,1.0,stability,all_positive_classes,3plus_labels,macro_class,other_fg_tail_enrich_05,0.858619421195085,0.8075934297504079,0.9588807793377696,147,147,463,470,20,5000,5000,1.0,3021694564,20260901
B1_spatial,1.0,stability,all_positive_classes,3plus_labels,macro_class,bg_tail_enrich_05,1.0428717964632659,1.009494605771826,1.076204028066149,145,147,464,470,20,5000,5000,1.0,3021694564,20260901
B1_spatial,1.0,stability,all_positive_classes,3plus_labels,macro_class,target_top10_fraction,0.08775959108957712,0.07302104138963889,0.10932608423207887,147,147,470,470,20,5000,5000,1.0,3021694564,20260901
B1_spatial,1.0,stability,all_positive_classes,3plus_labels,macro_class,other_fg_top10_fraction,0.2843189015483231,0.24394013899285646,0.34261675060066077,147,147,470,470,20,5000,5000,1.0,3021694564,20260901
B1_spatial,1.0,stability,all_positive_classes,3plus_labels,macro_class,bg_top10_fraction,0.6275598629196452,0.5646990239672246,0.667499756842718,147,147,470,470,20,5000,5000,1.0,3021694564,20260901
B1_spatial,1.0,stability,all_positive_classes,3plus_labels,macro_class,target_tail_enrich_10,0.5135515095286687,0.4513576748209373,0.5787681239620514,147,147,415,470,19,5000,5000,1.0,3021694564,20260901
B1_spatial,1.0,stability,all_positive_classes,3plus_labels,macro_class,other_fg_tail_enrich_10,0.8704257931573094,0.8279160809243483,0.9603251604231949,147,147,463,470,20,5000,5000,1.0,3021694564,20260901
B1_spatial,1.0,stability,all_positive_classes,3plus_labels,macro_class,bg_tail_enrich_10,1.0376178455320098,1.0107194409706262,1.06196607002992,145,147,464,470,20,5000,5000,1.0,3021694564,20260901
B1_spatial,1.0,stability,all_positive_classes,3plus_labels,macro_class,target_top20_fraction,0.08883847779847358,0.07431325130448999,0.10976117956426142,147,147,470,470,20,5000,5000,1.0,3021694564,20260901
B1_spatial,1.0,stability,all_positive_classes,3plus_labels,macro_class,other_fg_top20_fraction,0.28141452736604256,0.24207227709907658,0.33966408362309847,147,147,470,470,20,5000,5000,1.0,3021694564,20260901
B1_spatial,1.0,stability,all_positive_classes,3plus_labels,macro_class,bg_top20_fraction,0.6291175489591684,0.5664864977532978,0.6693680088803374,147,147,470,470,20,5000,5000,1.0,3021694564,20260901
B1_spatial,1.0,stability,all_positive_classes,3plus_labels,macro_class,target_tail_enrich_20,0.5178023948934767,0.4581077949969186,0.5816194118339283,147,147,415,470,19,5000,5000,1.0,3021694564,20260901
B1_spatial,1.0,stability,all_positive_classes,3plus_labels,macro_class,other_fg_tail_enrich_20,0.8602742040812869,0.8255582633660704,0.9485266341999625,147,147,463,470,20,5000,5000,1.0,3021694564,20260901
B1_spatial,1.0,stability,all_positive_classes,3plus_labels,macro_class,bg_tail_enrich_20,1.0411116797469484,1.017841380995006,1.064427378018836,145,147,464,470,20,5000,5000,1.0,3021694564,20260901
B1_spatial,1.0,stability,all_positive_classes,3plus_labels,macro_class,auc_target_bg,0.3090582536675635,0.28870071896736926,0.3322187375491588,145,147,409,470,19,5000,5000,1.0,3021694564,20260901
B1_spatial,1.0,stability,all_positive_classes,3plus_labels,macro_class,ap_target_bg,0.15509127393041822,0.13170616436161225,0.18608408520688768,145,147,409,470,19,5000,5000,1.0,3021694564,20260901
B1_spatial,1.0,stability,all_positive_classes,3plus_labels,macro_class,auc_target_other,0.39481226457730345,0.3524864852148301,0.4146240532495862,140,147,408,470,19,5000,5000,1.0,3021694564,20260901
B1_spatial,1.0,stability,all_positive_classes,3plus_labels,macro_class,ap_target_other,0.39229692005002686,0.31863485629326926,0.42612372230687134,140,147,408,470,19,5000,5000,1.0,3021694564,20260901
B1_spatial,1.0,stability,all_positive_classes,3plus_labels,macro_class,target_mean,0.4030718266499845,0.388788994604989,0.4202484295425516,147,147,415,470,19,5000,5000,1.0,3021694564,20260901
B1_spatial,1.0,stability,all_positive_classes,3plus_labels,macro_class,other_fg_mean,0.48712825067066745,0.47999447788214367,0.5149586464429154,147,147,463,470,20,5000,5000,1.0,3021694564,20260901
B1_spatial,1.0,stability,all_positive_classes,3plus_labels,macro_class,bg_mean,0.5393246285047483,0.5341066480948661,0.5436405264963394,145,147,464,470,20,5000,5000,1.0,3021694564,20260901
B1_spatial,1.0,stability,all_positive_classes,3plus_labels,macro_class,target_median,0.35935205453523883,0.3434464679424623,0.37924418588376657,147,147,415,470,19,5000,5000,1.0,3021694564,20260901
B1_spatial,1.0,stability,all_positive_classes,3plus_labels,macro_class,other_fg_median,0.4590646141425355,0.45101162652151094,0.48409365785557534,147,147,463,470,20,5000,5000,1.0,3021694564,20260901
B1_spatial,1.0,stability,all_positive_classes,3plus_labels,macro_class,bg_median,0.5105719417192675,0.5036870983899088,0.5156459822631898,145,147,464,470,20,5000,5000,1.0,3021694564,20260901
B1_spatial,1.0,stability,per_class,all,micro,target_hit,0.18888888888888888,0.1111111111111111,0.2777777777777778,90,90,90,90,,5000,5000,1.0,3021694564,20260901
B1_spatial,1.0,stability,per_class,all,micro,other_fg_hit,0.011111111111111112,0.0,0.03333333333333333,90,90,90,90,,5000,5000,1.0,3021694564,20260901
B1_spatial,1.0,stability,per_class,all,micro,background_hit,0.8,0.7111111111111111,0.8777777777777778,90,90,90,90,,5000,5000,1.0,3021694564,20260901
B1_spatial,1.0,stability,per_class,all,micro,target_top05_fraction,0.1566231862284493,0.12227270644704855,0.19242905137641975,90,90,90,90,,5000,5000,1.0,3021694564,20260901
B1_spatial,1.0,stability,per_class,all,micro,other_fg_top05_fraction,0.004051614543605391,0.0005555555555555556,0.00898042206966692,90,90,90,90,,5000,5000,1.0,3021694564,20260901
B1_spatial,1.0,stability,per_class,all,micro,bg_top05_fraction,0.8386902785930244,0.8029809440730494,0.8734760106090196,90,90,90,90,,5000,5000,1.0,3021694564,20260901
B1_spatial,1.0,stability,per_class,all,micro,target_tail_enrich_05,0.59066165689367,0.5029904770615287,0.6768717456166629,87,90,87,90,,5000,5000,1.0,3021694564,20260901
B1_spatial,1.0,stability,per_class,all,micro,other_fg_tail_enrich_05,0.19277938880164,0.039078674948134794,0.3739256063786317,13,90,13,90,,5000,5000,1.0,3021694564,20260901
B1_spatial,1.0,stability,per_class,all,micro,bg_tail_enrich_05,1.0592327652555693,1.04086999456415,1.0781283695581634,90,90,90,90,,5000,5000,1.0,3021694564,20260901
B1_spatial,1.0,stability,per_class,all,micro,target_top10_fraction,0.15598033119073398,0.12310216323888648,0.19088330812557155,90,90,90,90,,5000,5000,1.0,3021694564,20260901
B1_spatial,1.0,stability,per_class,all,micro,other_fg_top10_fraction,0.004724532297020203,0.0007161417554488839,0.01039657755723853,90,90,90,90,,5000,5000,1.0,3021694564,20260901
B1_spatial,1.0,stability,per_class,all,micro,bg_top10_fraction,0.8385289476062662,0.8038941235446522,0.8714957606203897,90,90,90,90,,5000,5000,1.0,3021694564,20260901
B1_spatial,1.0,stability,per_class,all,micro,target_tail_enrich_10,0.6074305147030433,0.5354427706163338,0.6780673057075463,87,90,87,90,,5000,5000,1.0,3021694564,20260901
B1_spatial,1.0,stability,per_class,all,micro,other_fg_tail_enrich_10,0.4431272757553385,0.17189621797320717,0.7728792992364364,13,90,13,90,,5000,5000,1.0,3021694564,20260901
B1_spatial,1.0,stability,per_class,all,micro,bg_tail_enrich_10,1.0607171698163698,1.0413154725956135,1.0792550468346738,90,90,90,90,,5000,5000,1.0,3021694564,20260901
B1_spatial,1.0,stability,per_class,all,micro,target_top20_fraction,0.15776960902536388,0.12607940206557733,0.19141874132132788,90,90,90,90,,5000,5000,1.0,3021694564,20260901
B1_spatial,1.0,stability,per_class,all,micro,other_fg_top20_fraction,0.005437901614585129,0.0006637936198199808,0.012493933674485033,90,90,90,90,,5000,5000,1.0,3021694564,20260901
B1_spatial,1.0,stability,per_class,all,micro,bg_top20_fraction,0.8361907275768292,0.8024924450614291,0.8677398510337146,90,90,90,90,,5000,5000,1.0,3021694564,20260901
B1_spatial,1.0,stability,per_class,all,micro,target_tail_enrich_20,0.6634328700987612,0.6057416552002756,0.7211276382631104,87,90,87,90,,5000,5000,1.0,3021694564,20260901
B1_spatial,1.0,stability,per_class,all,micro,other_fg_tail_enrich_20,0.36528209878295304,0.1873102854945692,0.569358529702423,13,90,13,90,,5000,5000,1.0,3021694564,20260901
B1_spatial,1.0,stability,per_class,all,micro,bg_tail_enrich_20,1.0595084036520486,1.0431327362636156,1.0751232252552505,90,90,90,90,,5000,5000,1.0,3021694564,20260901
B1_spatial,1.0,stability,per_class,all,micro,auc_target_bg,0.39608061123705024,0.37325552035735804,0.4179805928900305,87,90,87,90,,5000,5000,1.0,3021694564,20260901
B1_spatial,1.0,stability,per_class,all,micro,ap_target_bg,0.19061963679622337,0.15885911477426,0.2237110035562472,87,90,87,90,,5000,5000,1.0,3021694564,20260901
B1_spatial,1.0,stability,per_class,all,micro,auc_target_other,0.692173980715909,0.5645927667238708,0.8053435820012421,12,90,12,90,,5000,5000,1.0,3021694564,20260901
B1_spatial,1.0,stability,per_class,all,micro,ap_target_other,0.8747737414528562,0.7346656506953867,0.9728955662355155,12,90,12,90,,5000,5000,1.0,3021694564,20260901
B1_spatial,1.0,stability,per_class,all,micro,target_mean,0.46195359461144664,0.4446103018215396,0.4771194093876511,87,90,87,90,,5000,5000,1.0,3021694564,20260901
B1_spatial,1.0,stability,per_class,all,micro,other_fg_mean,0.3459201253756674,0.278158134380561,0.41702461991787293,13,90,13,90,,5000,5000,1.0,3021694564,20260901
B1_spatial,1.0,stability,per_class,all,micro,bg_mean,0.5383944063898335,0.5351502690082962,0.5416352007983544,90,90,90,90,,5000,5000,1.0,3021694564,20260901
B1_spatial,1.0,stability,per_class,all,micro,target_median,0.421235588775284,0.4028548880524277,0.4382308480986684,87,90,87,90,,5000,5000,1.0,3021694564,20260901
B1_spatial,1.0,stability,per_class,all,micro,other_fg_median,0.3060893960870229,0.2378217196424625,0.38552407609298817,13,90,13,90,,5000,5000,1.0,3021694564,20260901
B1_spatial,1.0,stability,per_class,all,micro,bg_median,0.5132551449868414,0.5095313195801444,0.5167736293789413,90,90,90,90,,5000,5000,1.0,3021694564,20260901
B1_spatial,1.0,stability,per_class,all,micro,target_hit,0.05063291139240506,0.012658227848101266,0.10126582278481013,79,79,79,79,,5000,5000,1.0,3021694564,20260901
B1_spatial,1.0,stability,per_class,all,micro,other_fg_hit,0.12658227848101267,0.05063291139240506,0.20253164556962025,79,79,79,79,,5000,5000,1.0,3021694564,20260901
B1_spatial,1.0,stability,per_class,all,micro,background_hit,0.8227848101265823,0.7341772151898734,0.8987341772151899,79,79,79,79,,5000,5000,1.0,3021694564,20260901
B1_spatial,1.0,stability,per_class,all,micro,target_top05_fraction,0.07347965971190114,0.05346089888836631,0.09653864322713072,79,79,79,79,,5000,5000,1.0,3021694564,20260901
B1_spatial,1.0,stability,per_class,all,micro,other_fg_top05_fraction,0.13655945461702407,0.09135870342989615,0.18481964834653716,79,79,79,79,,5000,5000,1.0,3021694564,20260901
B1_spatial,1.0,stability,per_class,all,micro,bg_top05_fraction,0.7896277744119139,0.7416789499614993,0.8363084577043421,79,79,79,79,,5000,5000,1.0,3021694564,20260901
B1_spatial,1.0,stability,per_class,all,micro,target_tail_enrich_05,0.6209055528923362,0.5041900250364666,0.7468040995432668,71,79,71,79,,5000,5000,1.0,3021694564,20260901
B1_spatial,1.0,stability,per_class,all,micro,other_fg_tail_enrich_05,0.8690732587866087,0.7239938449600549,1.0066976577502087,48,79,48,79,,5000,5000,1.0,3021694564,20260901
B1_spatial,1.0,stability,per_class,all,micro,bg_tail_enrich_05,1.022239447068688,0.9941928731439709,1.0520235005536793,79,79,79,79,,5000,5000,1.0,3021694564,20260901
B1_spatial,1.0,stability,per_class,all,micro,target_top10_fraction,0.06811437568542622,0.05072104171200728,0.08774812242533213,79,79,79,79,,5000,5000,1.0,3021694564,20260901
B1_spatial,1.0,stability,per_class,all,micro,other_fg_top10_fraction,0.1363456759110959,0.0911106463416278,0.18475875633098737,79,79,79,79,,5000,5000,1.0,3021694564,20260901
B1_spatial,1.0,stability,per_class,all,micro,bg_top10_fraction,0.7952046164025898,0.7474757026135299,0.8415404353097277,79,79,79,79,,5000,5000,1.0,3021694564,20260901
B1_spatial,1.0,stability,per_class,all,micro,target_tail_enrich_10,0.6398558027417935,0.5397825755684897,0.7438723477583103,71,79,71,79,,5000,5000,1.0,3021694564,20260901
B1_spatial,1.0,stability,per_class,all,micro,other_fg_tail_enrich_10,0.8826310169372098,0.7523216435949303,1.0086343011691805,48,79,48,79,,5000,5000,1.0,3021694564,20260901
B1_spatial,1.0,stability,per_class,all,micro,bg_tail_enrich_10,1.0298453216262824,1.0027187990970263,1.0577981325964811,79,79,79,79,,5000,5000,1.0,3021694564,20260901
B1_spatial,1.0,stability,per_class,all,micro,target_top20_fraction,0.0735755349574608,0.05493375405950433,0.09445552469951572,79,79,79,79,,5000,5000,1.0,3021694564,20260901
B1_spatial,1.0,stability,per_class,all,micro,other_fg_top20_fraction,0.1377153348965858,0.09210282927531549,0.18622508335337631,79,79,79,79,,5000,5000,1.0,3021694564,20260901
B1_spatial,1.0,stability,per_class,all,micro,bg_top20_fraction,0.7885414641455091,0.742344453907888,0.8344883684901911,79,79,79,79,,5000,5000,1.0,3021694564,20260901
B1_spatial,1.0,stability,per_class,all,micro,target_tail_enrich_20,0.6570615525405986,0.5669361412201442,0.7479592568165945,71,79,71,79,,5000,5000,1.0,3021694564,20260901
B1_spatial,1.0,stability,per_class,all,micro,other_fg_tail_enrich_20,0.9130635454652126,0.8090688604462386,1.0120659629506374,48,79,48,79,,5000,5000,1.0,3021694564,20260901
B1_spatial,1.0,stability,per_class,all,micro,bg_tail_enrich_20,1.0188390825270668,0.9982418092499684,1.0380709045177208,79,79,79,79,,5000,5000,1.0,3021694564,20260901
B1_spatial,1.0,stability,per_class,all,micro,auc_target_bg,0.37808584186094124,0.3529631561408691,0.4036730713448329,71,79,71,79,,5000,5000,1.0,3021694564,20260901
B1_spatial,1.0,stability,per_class,all,micro,ap_target_bg,0.10818259919015702,0.08695572012819892,0.13232505334731318,71,79,71,79,,5000,5000,1.0,3021694564,20260901
B1_spatial,1.0,stability,per_class,all,micro,auc_target_other,0.43804277578887973,0.39211633004354723,0.4895565435019797,41,79,41,79,,5000,5000,1.0,3021694564,20260901
B1_spatial,1.0,stability,per_class,all,micro,ap_target_other,0.32001423775778687,0.23521828782376106,0.4137130593904742,41,79,41,79,,5000,5000,1.0,3021694564,20260901
B1_spatial,1.0,stability,per_class,all,micro,target_mean,0.45746258237525345,0.4410317215263666,0.4739765319839652,71,79,71,79,,5000,5000,1.0,3021694564,20260901
B1_spatial,1.0,stability,per_class,all,micro,other_fg_mean,0.4922684536070165,0.46882428672044135,0.5129700105668488,48,79,48,79,,5000,5000,1.0,3021694564,20260901
B1_spatial,1.0,stability,per_class,all,micro,bg_mean,0.5385240398091723,0.5348939138338228,0.5417436694847634,79,79,79,79,,5000,5000,1.0,3021694564,20260901
B1_spatial,1.0,stability,per_class,all,micro,target_median,0.4142128807348265,0.39530891279823016,0.43342986815321644,71,79,71,79,,5000,5000,1.0,3021694564,20260901
B1_spatial,1.0,stability,per_class,all,micro,other_fg_median,0.45780518806229037,0.4303621783615912,0.48246221923515403,48,79,48,79,,5000,5000,1.0,3021694564,20260901
B1_spatial,1.0,stability,per_class,all,micro,bg_median,0.5093954946798614,0.5049783159424609,0.5133304845305937,79,79,79,79,,5000,5000,1.0,3021694564,20260901
B1_spatial,1.0,stability,per_class,all,micro,target_hit,0.1941747572815534,0.1262135922330097,0.27184466019417475,103,103,103,103,,5000,5000,1.0,3021694564,20260901
B1_spatial,1.0,stability,per_class,all,micro,other_fg_hit,0.04854368932038835,0.009708737864077669,0.0970873786407767,103,103,103,103,,5000,5000,1.0,3021694564,20260901
B1_spatial,1.0,stability,per_class,all,micro,background_hit,0.7572815533980582,0.6796116504854369,0.8349514563106796,103,103,103,103,,5000,5000,1.0,3021694564,20260901
B1_spatial,1.0,stability,per_class,all,micro,target_top05_fraction,0.20162754019103024,0.16043419292022063,0.24464449404176977,103,103,103,103,,5000,5000,1.0,3021694564,20260901
B1_spatial,1.0,stability,per_class,all,micro,other_fg_top05_fraction,0.03836376093657647,0.012285012285012284,0.07073190081078427,103,103,103,103,,5000,5000,1.0,3021694564,20260901
B1_spatial,1.0,stability,per_class,all,micro,bg_top05_fraction,0.7595108148793638,0.7123290448731173,0.8028849170603926,103,103,103,103,,5000,5000,1.0,3021694564,20260901
B1_spatial,1.0,stability,per_class,all,micro,target_tail_enrich_05,0.9045016261781674,0.7807687241082358,1.0357661032843763,99,103,99,103,,5000,5000,1.0,3021694564,20260901
B1_spatial,1.0,stability,per_class,all,micro,other_fg_tail_enrich_05,0.8074558649769715,0.4979948682658088,1.0875765177625443,9,103,9,103,,5000,5000,1.0,3021694564,20260901
B1_spatial,1.0,stability,per_class,all,micro,bg_tail_enrich_05,0.9687107695662901,0.9376522052531776,0.997828670401163,103,103,103,103,,5000,5000,1.0,3021694564,20260901
B1_spatial,1.0,stability,per_class,all,micro,target_top10_fraction,0.19963822387291685,0.15857887123807415,0.24288092359339244,103,103,103,103,,5000,5000,1.0,3021694564,20260901
B1_spatial,1.0,stability,per_class,all,micro,other_fg_top10_fraction,0.03954570158023519,0.013196887909927115,0.07183309866738953,103,103,103,103,,5000,5000,1.0,3021694564,20260901
B1_spatial,1.0,stability,per_class,all,micro,bg_top10_fraction,0.7603149575408765,0.7137275156461622,0.802668397523402,103,103,103,103,,5000,5000,1.0,3021694564,20260901
B1_spatial,1.0,stability,per_class,all,micro,target_tail_enrich_10,0.963661390302212,0.8546371732275784,1.0797558995807626,99,103,99,103,,5000,5000,1.0,3021694564,20260901
B1_spatial,1.0,stability,per_class,all,micro,other_fg_tail_enrich_10,0.8508313549581416,0.5622737838743161,1.0727723878279893,9,103,9,103,,5000,5000,1.0,3021694564,20260901
B1_spatial,1.0,stability,per_class,all,micro,bg_tail_enrich_10,0.9648202050189566,0.934433662413163,0.9918306279437985,103,103,103,103,,5000,5000,1.0,3021694564,20260901
B1_spatial,1.0,stability,per_class,all,micro,target_top20_fraction,0.2025545245738706,0.1623051489693943,0.24463745086093905,103,103,103,103,,5000,5000,1.0,3021694564,20260901
B1_spatial,1.0,stability,per_class,all,micro,other_fg_top20_fraction,0.038147814512554085,0.012961323114819344,0.06908779242856966,103,103,103,103,,5000,5000,1.0,3021694564,20260901
B1_spatial,1.0,stability,per_class,all,micro,bg_top20_fraction,0.758984449745896,0.7135528169779838,0.8004022271282321,103,103,103,103,,5000,5000,1.0,3021694564,20260901
B1_spatial,1.0,stability,per_class,all,micro,target_tail_enrich_20,0.9543995769697405,0.8736629346932425,1.037232350905289,99,103,99,103,,5000,5000,1.0,3021694564,20260901
B1_spatial,1.0,stability,per_class,all,micro,other_fg_tail_enrich_20,0.8377754945613247,0.568314849122241,1.0101531005896274,9,103,9,103,,5000,5000,1.0,3021694564,20260901
B1_spatial,1.0,stability,per_class,all,micro,bg_tail_enrich_20,0.9680081470019133,0.9452856045278607,0.9879005350045522,103,103,103,103,,5000,5000,1.0,3021694564,20260901
B1_spatial,1.0,stability,per_class,all,micro,auc_target_bg,0.49356578743501095,0.4663315223363553,0.5200167328264418,99,103,99,103,,5000,5000,1.0,3021694564,20260901
B1_spatial,1.0,stability,per_class,all,micro,ap_target_bg,0.2181651971173842,0.17995065818303657,0.259002637649302,99,103,99,103,,5000,5000,1.0,3021694564,20260901
B1_spatial,1.0,stability,per_class,all,micro,auc_target_other,0.532770968732082,0.3257454458630037,0.8170834620356943,5,103,5,103,,5000,4969,0.9938,3021694564,20260901
B1_spatial,1.0,stability,per_class,all,micro,ap_target_other,0.35552526424297837,0.039966303254352124,0.7824385465002357,5,103,5,103,,5000,4969,0.9938,3021694564,20260901
B1_spatial,1.0,stability,per_class,all,micro,target_mean,0.518090345833903,0.5012071660433123,0.5340221239392101,99,103,99,103,,5000,5000,1.0,3021694564,20260901
B1_spatial,1.0,stability,per_class,all,micro,other_fg_mean,0.48757716862891165,0.3915539764455129,0.5399911521430618,9,103,9,103,,5000,5000,1.0,3021694564,20260901
B1_spatial,1.0,stability,per_class,all,micro,bg_mean,0.5219908990456269,0.5168427954185587,0.5265855896108275,103,103,103,103,,5000,5000,1.0,3021694564,20260901
B1_spatial,1.0,stability,per_class,all,micro,target_median,0.4870117473030331,0.46752589356628804,0.5058718367597357,99,103,99,103,,5000,5000,1.0,3021694564,20260901
B1_spatial,1.0,stability,per_class,all,micro,other_fg_median,0.4553157554732429,0.36897481029232343,0.5067306091077626,9,103,9,103,,5000,5000,1.0,3021694564,20260901
B1_spatial,1.0,stability,per_class,all,micro,bg_median,0.48967906123804816,0.4834603375746208,0.4953595322782843,103,103,103,103,,5000,5000,1.0,3021694564,20260901
B1_spatial,1.0,stability,per_class,all,micro,target_hit,0.16666666666666666,0.08333333333333333,0.25,72,72,72,72,,5000,5000,1.0,3021694564,20260901
B1_spatial,1.0,stability,per_class,all,micro,other_fg_hit,0.041666666666666664,0.0,0.08333333333333333,72,72,72,72,,5000,5000,1.0,3021694564,20260901
B1_spatial,1.0,stability,per_class,all,micro,background_hit,0.7916666666666666,0.6944444444444444,0.8888888888888888,72,72,72,72,,5000,5000,1.0,3021694564,20260901
B1_spatial,1.0,stability,per_class,all,micro,target_top05_fraction,0.1241756329460283,0.09205208132726186,0.16070452270812696,72,72,72,72,,5000,5000,1.0,3021694564,20260901
B1_spatial,1.0,stability,per_class,all,micro,other_fg_top05_fraction,0.03466866049102891,0.006095299680825996,0.07242255119311036,72,72,72,72,,5000,5000,1.0,3021694564,20260901
B1_spatial,1.0,stability,per_class,all,micro,bg_top05_fraction,0.8407699040938068,0.7955861682608849,0.8821576225301694,72,72,72,72,,5000,5000,1.0,3021694564,20260901
B1_spatial,1.0,stability,per_class,all,micro,target_tail_enrich_05,0.6838369721408446,0.5361000488855515,0.8659178984573956,69,72,69,72,,5000,5000,1.0,3021694564,20260901
B1_spatial,1.0,stability,per_class,all,micro,other_fg_tail_enrich_05,0.7277479867811095,0.33374987839143316,1.2497639125604507,17,72,17,72,,5000,5000,1.0,3021694564,20260901
B1_spatial,1.0,stability,per_class,all,micro,bg_tail_enrich_05,1.0518922118831384,1.0142462413613575,1.0881046022082523,72,72,72,72,,5000,5000,1.0,3021694564,20260901
B1_spatial,1.0,stability,per_class,all,micro,target_top10_fraction,0.12631992431505967,0.09410230099859367,0.1617499378758414,72,72,72,72,,5000,5000,1.0,3021694564,20260901
B1_spatial,1.0,stability,per_class,all,micro,other_fg_top10_fraction,0.03468548230660325,0.006414982372088867,0.07174983156825572,72,72,72,72,,5000,5000,1.0,3021694564,20260901
B1_spatial,1.0,stability,per_class,all,micro,bg_top10_fraction,0.8386087909092012,0.7945627507275793,0.8796479238528039,72,72,72,72,,5000,5000,1.0,3021694564,20260901
B1_spatial,1.0,stability,per_class,all,micro,target_tail_enrich_10,0.6463059116644314,0.5425313321206559,0.7611390196920889,69,72,69,72,,5000,5000,1.0,3021694564,20260901
B1_spatial,1.0,stability,per_class,all,micro,other_fg_tail_enrich_10,0.5955507454890331,0.3117288210957959,0.9019481913496151,17,72,17,72,,5000,5000,1.0,3021694564,20260901
B1_spatial,1.0,stability,per_class,all,micro,bg_tail_enrich_10,1.051441046254872,1.0234048858094296,1.0789702190067618,72,72,72,72,,5000,5000,1.0,3021694564,20260901
B1_spatial,1.0,stability,per_class,all,micro,target_top20_fraction,0.12140827731272025,0.08923442589423922,0.15707020805153082,72,72,72,72,,5000,5000,1.0,3021694564,20260901
B1_spatial,1.0,stability,per_class,all,micro,other_fg_top20_fraction,0.034641696466626265,0.007465687526713336,0.06999824184545726,72,72,72,72,,5000,5000,1.0,3021694564,20260901
B1_spatial,1.0,stability,per_class,all,micro,bg_top20_fraction,0.8430276214977119,0.7991160309769935,0.8841601080080002,72,72,72,72,,5000,5000,1.0,3021694564,20260901
B1_spatial,1.0,stability,per_class,all,micro,target_tail_enrich_20,0.5849432232476981,0.5097370648655597,0.6610561509919302,69,72,69,72,,5000,5000,1.0,3021694564,20260901
B1_spatial,1.0,stability,per_class,all,micro,other_fg_tail_enrich_20,1.0733597251274383,0.6139498987466225,1.6917868498744755,17,72,17,72,,5000,5000,1.0,3021694564,20260901
B1_spatial,1.0,stability,per_class,all,micro,bg_tail_enrich_20,1.0562312392069595,1.0358198849490905,1.0777239399602485,72,72,72,72,,5000,5000,1.0,3021694564,20260901
B1_spatial,1.0,stability,per_class,all,micro,auc_target_bg,0.34286722737089265,0.3165316350159261,0.3696521865473211,69,72,69,72,,5000,5000,1.0,3021694564,20260901
B1_spatial,1.0,stability,per_class,all,micro,ap_target_bg,0.15122653894537752,0.11797700053419122,0.18790983993709426,69,72,69,72,,5000,5000,1.0,3021694564,20260901
B1_spatial,1.0,stability,per_class,all,micro,auc_target_other,0.4420273097207834,0.33977586059167353,0.5414459311567401,15,72,15,72,,5000,5000,1.0,3021694564,20260901
B1_spatial,1.0,stability,per_class,all,micro,ap_target_other,0.6587314943720713,0.4648297756136219,0.8312292988924945,15,72,15,72,,5000,5000,1.0,3021694564,20260901
B1_spatial,1.0,stability,per_class,all,micro,target_mean,0.434441286701798,0.4150663327518591,0.45306800162425115,69,72,69,72,,5000,5000,1.0,3021694564,20260901
B1_spatial,1.0,stability,per_class,all,micro,other_fg_mean,0.46239513014256317,0.3896072789566705,0.5306373117797428,17,72,17,72,,5000,5000,1.0,3021694564,20260901
B1_spatial,1.0,stability,per_class,all,micro,bg_mean,0.5419465319741077,0.5374858515586132,0.5461180937238926,72,72,72,72,,5000,5000,1.0,3021694564,20260901
B1_spatial,1.0,stability,per_class,all,micro,target_median,0.3880191168923309,0.36801218405632036,0.40829511302620974,69,72,69,72,,5000,5000,1.0,3021694564,20260901
B1_spatial,1.0,stability,per_class,all,micro,other_fg_median,0.4204382493215449,0.33907368862568965,0.4997804481401824,17,72,17,72,,5000,5000,1.0,3021694564,20260901
B1_spatial,1.0,stability,per_class,all,micro,bg_median,0.513190493815475,0.5070380959090673,0.5185844330582768,72,72,72,72,,5000,5000,1.0,3021694564,20260901
B1_spatial,1.0,stability,per_class,all,micro,target_hit,0.11458333333333333,0.052083333333333336,0.17708333333333334,96,96,96,96,,5000,5000,1.0,3021694564,20260901
B1_spatial,1.0,stability,per_class,all,micro,other_fg_hit,0.3333333333333333,0.23958333333333334,0.4270833333333333,96,96,96,96,,5000,5000,1.0,3021694564,20260901
B1_spatial,1.0,stability,per_class,all,micro,background_hit,0.5520833333333334,0.4479166666666667,0.6460937499999962,96,96,96,96,,5000,5000,1.0,3021694564,20260901
B1_spatial,1.0,stability,per_class,all,micro,target_top05_fraction,0.14247352365041557,0.09695381488478391,0.19262857366147496,96,96,96,96,,5000,5000,1.0,3021694564,20260901
B1_spatial,1.0,stability,per_class,all,micro,other_fg_top05_fraction,0.31527574459877317,0.2551385658934591,0.3798996595253743,96,96,96,96,,5000,5000,1.0,3021694564,20260901
B1_spatial,1.0,stability,per_class,all,micro,bg_top05_fraction,0.5419836377337173,0.48577477653473583,0.5950514700987694,96,96,96,96,,5000,5000,1.0,3021694564,20260901
B1_spatial,1.0,stability,per_class,all,micro,target_tail_enrich_05,0.4478770050167245,0.35514958576220435,0.5361642798284211,87,96,87,96,,5000,5000,1.0,3021694564,20260901
B1_spatial,1.0,stability,per_class,all,micro,other_fg_tail_enrich_05,1.059780032811722,0.9652983401884556,1.1505735003958117,60,96,60,96,,5000,5000,1.0,3021694564,20260901
B1_spatial,1.0,stability,per_class,all,micro,bg_tail_enrich_05,0.9871171402454791,0.9380185097406093,1.0317894152780283,93,96,93,96,,5000,5000,1.0,3021694564,20260901
B1_spatial,1.0,stability,per_class,all,micro,target_top10_fraction,0.14431598038296367,0.09889982663984336,0.19342934231355707,96,96,96,96,,5000,5000,1.0,3021694564,20260901
B1_spatial,1.0,stability,per_class,all,micro,other_fg_top10_fraction,0.3127967752311189,0.25360375410376423,0.3762720913914957,96,96,96,96,,5000,5000,1.0,3021694564,20260901
B1_spatial,1.0,stability,per_class,all,micro,bg_top10_fraction,0.5427519630006361,0.48729145478185565,0.5947967795722522,96,96,96,96,,5000,5000,1.0,3021694564,20260901
B1_spatial,1.0,stability,per_class,all,micro,target_tail_enrich_10,0.4855632327942177,0.3786871903829527,0.5966166066022353,87,96,87,96,,5000,5000,1.0,3021694564,20260901
B1_spatial,1.0,stability,per_class,all,micro,other_fg_tail_enrich_10,1.0816793337345425,1.0128881550397606,1.1476108552530615,60,96,60,96,,5000,5000,1.0,3021694564,20260901
B1_spatial,1.0,stability,per_class,all,micro,bg_tail_enrich_10,0.9827980833385905,0.9445921611240339,1.0187956114576504,93,96,93,96,,5000,5000,1.0,3021694564,20260901
B1_spatial,1.0,stability,per_class,all,micro,target_top20_fraction,0.14582319236242433,0.10050031977295323,0.19515930175167256,96,96,96,96,,5000,5000,1.0,3021694564,20260901
B1_spatial,1.0,stability,per_class,all,micro,other_fg_top20_fraction,0.30803088488730873,0.24945043550535595,0.37047540762249936,96,96,96,96,,5000,5000,1.0,3021694564,20260901
B1_spatial,1.0,stability,per_class,all,micro,bg_top20_fraction,0.5458742986800194,0.4911441704539006,0.5970397613304371,96,96,96,96,,5000,5000,1.0,3021694564,20260901
B1_spatial,1.0,stability,per_class,all,micro,target_tail_enrich_20,0.5039254507562686,0.41368260195792866,0.5916021103721926,87,96,87,96,,5000,5000,1.0,3021694564,20260901
B1_spatial,1.0,stability,per_class,all,micro,other_fg_tail_enrich_20,1.0641005859903467,1.0174446889519497,1.1106728431876662,60,96,60,96,,5000,5000,1.0,3021694564,20260901
B1_spatial,1.0,stability,per_class,all,micro,bg_tail_enrich_20,0.999869523910771,0.971683481114739,1.0263754525282727,93,96,93,96,,5000,5000,1.0,3021694564,20260901
B1_spatial,1.0,stability,per_class,all,micro,auc_target_bg,0.2933589768562196,0.2585802192986565,0.32650389470841495,84,96,84,96,,5000,5000,1.0,3021694564,20260901
B1_spatial,1.0,stability,per_class,all,micro,ap_target_bg,0.18130320575975795,0.1369539849037292,0.22873254676439903,84,96,84,96,,5000,5000,1.0,3021694564,20260901
B1_spatial,1.0,stability,per_class,all,micro,auc_target_other,0.19751870459024345,0.16051116947959224,0.2354022766437914,51,96,51,96,,5000,5000,1.0,3021694564,20260901
B1_spatial,1.0,stability,per_class,all,micro,ap_target_other,0.0959300877360496,0.05149410667616099,0.15062802121889854,51,96,51,96,,5000,5000,1.0,3021694564,20260901
B1_spatial,1.0,stability,per_class,all,micro,target_mean,0.38859845660825754,0.36180346623074666,0.4139111084681457,87,96,87,96,,5000,5000,1.0,3021694564,20260901
B1_spatial,1.0,stability,per_class,all,micro,other_fg_mean,0.5400350821141622,0.5309681334343561,0.5486126350602447,60,96,60,96,,5000,5000,1.0,3021694564,20260901
B1_spatial,1.0,stability,per_class,all,micro,bg_mean,0.5317378776634928,0.5259614190965417,0.537006742108737,93,96,93,96,,5000,5000,1.0,3021694564,20260901
B1_spatial,1.0,stability,per_class,all,micro,target_median,0.34384315846295194,0.31754950145674893,0.3690547178436615,87,96,87,96,,5000,5000,1.0,3021694564,20260901
B1_spatial,1.0,stability,per_class,all,micro,other_fg_median,0.513011700908343,0.5014058063383258,0.5239308161959986,60,96,60,96,,5000,5000,1.0,3021694564,20260901
B1_spatial,1.0,stability,per_class,all,micro,bg_median,0.5030983055150637,0.4955797672064401,0.5098265434059844,93,96,93,96,,5000,5000,1.0,3021694564,20260901
B1_spatial,1.0,stability,per_class,all,micro,target_hit,0.47297297297297297,0.35135135135135137,0.581081081081081,74,74,74,74,,5000,5000,1.0,3021694564,20260901
B1_spatial,1.0,stability,per_class,all,micro,other_fg_hit,0.05405405405405406,0.013513513513513514,0.10810810810810811,74,74,74,74,,5000,5000,1.0,3021694564,20260901
B1_spatial,1.0,stability,per_class,all,micro,background_hit,0.47297297297297297,0.36486486486486486,0.5945945945945946,74,74,74,74,,5000,5000,1.0,3021694564,20260901
B1_spatial,1.0,stability,per_class,all,micro,target_top05_fraction,0.4488123367924222,0.38209834516511265,0.5155242314888474,74,74,74,74,,5000,5000,1.0,3021694564,20260901
B1_spatial,1.0,stability,per_class,all,micro,other_fg_top05_fraction,0.02756729401466243,0.013713435095014043,0.04373584363715941,74,74,74,74,,5000,5000,1.0,3021694564,20260901
B1_spatial,1.0,stability,per_class,all,micro,bg_top05_fraction,0.5236203691929154,0.4596864615463476,0.5866455913868788,74,74,74,74,,5000,5000,1.0,3021694564,20260901
B1_spatial,1.0,stability,per_class,all,micro,target_tail_enrich_05,0.8133373264153351,0.7318594812692303,0.8940006629828124,73,74,73,74,,5000,5000,1.0,3021694564,20260901
B1_spatial,1.0,stability,per_class,all,micro,other_fg_tail_enrich_05,0.915888507936437,0.5571791929295885,1.3051404392695294,34,74,34,74,,5000,5000,1.0,3021694564,20260901
B1_spatial,1.0,stability,per_class,all,micro,bg_tail_enrich_05,1.0425646661812304,0.9842341447224188,1.0961376604859467,74,74,74,74,,5000,5000,1.0,3021694564,20260901
B1_spatial,1.0,stability,per_class,all,micro,target_top10_fraction,0.4506448056963928,0.38461934214011656,0.5173044016790641,74,74,74,74,,5000,5000,1.0,3021694564,20260901
B1_spatial,1.0,stability,per_class,all,micro,other_fg_top10_fraction,0.025880979162125062,0.012698262092415992,0.04130655910927393,74,74,74,74,,5000,5000,1.0,3021694564,20260901
B1_spatial,1.0,stability,per_class,all,micro,bg_top10_fraction,0.523300964968232,0.45930328043249374,0.5853946858485499,74,74,74,74,,5000,5000,1.0,3021694564,20260901
B1_spatial,1.0,stability,per_class,all,micro,target_tail_enrich_10,0.8362956238867,0.7701301650313672,0.8971632680342374,73,74,73,74,,5000,5000,1.0,3021694564,20260901
B1_spatial,1.0,stability,per_class,all,micro,other_fg_tail_enrich_10,0.8243006721617381,0.5436658815209773,1.1377843830241376,34,74,34,74,,5000,5000,1.0,3021694564,20260901
B1_spatial,1.0,stability,per_class,all,micro,bg_tail_enrich_10,1.0352780292369255,0.9822332161135363,1.082242621268942,74,74,74,74,,5000,5000,1.0,3021694564,20260901
B1_spatial,1.0,stability,per_class,all,micro,target_top20_fraction,0.4430268854554004,0.3781726348164766,0.5078700423477178,74,74,74,74,,5000,5000,1.0,3021694564,20260901
B1_spatial,1.0,stability,per_class,all,micro,other_fg_top20_fraction,0.02632163377623649,0.012789754197738644,0.04221400180040524,74,74,74,74,,5000,5000,1.0,3021694564,20260901
B1_spatial,1.0,stability,per_class,all,micro,bg_top20_fraction,0.5302975528264253,0.4690615682767208,0.5916344051809318,74,74,74,74,,5000,5000,1.0,3021694564,20260901
B1_spatial,1.0,stability,per_class,all,micro,target_tail_enrich_20,0.8136243224034029,0.7540877445266982,0.8704369032342729,73,74,73,74,,5000,5000,1.0,3021694564,20260901
B1_spatial,1.0,stability,per_class,all,micro,other_fg_tail_enrich_20,0.8022929328948184,0.5954333806363892,1.028013127622906,34,74,34,74,,5000,5000,1.0,3021694564,20260901
B1_spatial,1.0,stability,per_class,all,micro,bg_tail_enrich_20,1.0576538053274311,1.0118315449914517,1.0970610323475296,74,74,74,74,,5000,5000,1.0,3021694564,20260901
B1_spatial,1.0,stability,per_class,all,micro,auc_target_bg,0.4161919399886711,0.393058154320583,0.4392735863293022,73,74,73,74,,5000,5000,1.0,3021694564,20260901
B1_spatial,1.0,stability,per_class,all,micro,ap_target_bg,0.47360929734553164,0.4096395742428229,0.5374585873479572,73,74,73,74,,5000,5000,1.0,3021694564,20260901
B1_spatial,1.0,stability,per_class,all,micro,auc_target_other,0.5204050197615967,0.44112884054417445,0.5987773587644842,33,74,33,74,,5000,5000,1.0,3021694564,20260901
B1_spatial,1.0,stability,per_class,all,micro,ap_target_other,0.7746328812346981,0.6475128892776776,0.8790652630726918,33,74,33,74,,5000,5000,1.0,3021694564,20260901
B1_spatial,1.0,stability,per_class,all,micro,target_mean,0.48639420965773883,0.47092495891299835,0.5006279410084045,73,74,73,74,,5000,5000,1.0,3021694564,20260901
B1_spatial,1.0,stability,per_class,all,micro,other_fg_mean,0.45831092490381087,0.41794182973666866,0.49614516544101545,34,74,34,74,,5000,5000,1.0,3021694564,20260901
B1_spatial,1.0,stability,per_class,all,micro,bg_mean,0.5449996481046508,0.5393735140374394,0.5504402016127184,74,74,74,74,,5000,5000,1.0,3021694564,20260901
B1_spatial,1.0,stability,per_class,all,micro,target_median,0.4453676311324721,0.4269286222246898,0.4627965628103619,73,74,73,74,,5000,5000,1.0,3021694564,20260901
B1_spatial,1.0,stability,per_class,all,micro,other_fg_median,0.41918844685835,0.3768615269898805,0.46188069455086544,34,74,34,74,,5000,5000,1.0,3021694564,20260901
B1_spatial,1.0,stability,per_class,all,micro,bg_median,0.5173699986693021,0.5097512343898416,0.5247750820441021,74,74,74,74,,5000,5000,1.0,3021694564,20260901
B1_spatial,1.0,stability,per_class,all,micro,target_hit,0.1968503937007874,0.13385826771653545,0.2677165354330709,127,127,127,127,,5000,5000,1.0,3021694564,20260901
B1_spatial,1.0,stability,per_class,all,micro,other_fg_hit,0.2204724409448819,0.14960629921259844,0.2992125984251969,127,127,127,127,,5000,5000,1.0,3021694564,20260901
B1_spatial,1.0,stability,per_class,all,micro,background_hit,0.5826771653543307,0.49606299212598426,0.6692913385826772,127,127,127,127,,5000,5000,1.0,3021694564,20260901
B1_spatial,1.0,stability,per_class,all,micro,target_top05_fraction,0.1908482324665499,0.1452228644657675,0.23945929655575324,127,127,127,127,,5000,5000,1.0,3021694564,20260901
B1_spatial,1.0,stability,per_class,all,micro,other_fg_top05_fraction,0.1990640614540568,0.1524489319337537,0.24634123226347326,127,127,127,127,,5000,5000,1.0,3021694564,20260901
B1_spatial,1.0,stability,per_class,all,micro,bg_top05_fraction,0.6094870600063063,0.5609192873236901,0.658255354037316,127,127,127,127,,5000,5000,1.0,3021694564,20260901
B1_spatial,1.0,stability,per_class,all,micro,target_tail_enrich_05,0.5728368649306214,0.4669959196016541,0.6868480070014263,113,127,113,127,,5000,5000,1.0,3021694564,20260901
B1_spatial,1.0,stability,per_class,all,micro,other_fg_tail_enrich_05,0.9383858741286081,0.8298004247507031,1.0432408897400698,79,127,79,127,,5000,5000,1.0,3021694564,20260901
B1_spatial,1.0,stability,per_class,all,micro,bg_tail_enrich_05,1.0490815449944848,1.0067744678516886,1.090987011381024,127,127,127,127,,5000,5000,1.0,3021694564,20260901
B1_spatial,1.0,stability,per_class,all,micro,target_top10_fraction,0.19663563616030427,0.15096567877127443,0.2454336612970334,127,127,127,127,,5000,5000,1.0,3021694564,20260901
B1_spatial,1.0,stability,per_class,all,micro,other_fg_top10_fraction,0.19780982913984624,0.15219758313956716,0.24403640634131793,127,127,127,127,,5000,5000,1.0,3021694564,20260901
B1_spatial,1.0,stability,per_class,all,micro,bg_top10_fraction,0.6050471003595898,0.5575506401412612,0.6527932777709353,127,127,127,127,,5000,5000,1.0,3021694564,20260901
B1_spatial,1.0,stability,per_class,all,micro,target_tail_enrich_10,0.6292201151741799,0.5364013746703238,0.7258520265988574,113,127,113,127,,5000,5000,1.0,3021694564,20260901
B1_spatial,1.0,stability,per_class,all,micro,other_fg_tail_enrich_10,0.944763348619934,0.8541292018537845,1.034349301493626,79,127,79,127,,5000,5000,1.0,3021694564,20260901
B1_spatial,1.0,stability,per_class,all,micro,bg_tail_enrich_10,1.036549945919201,0.9994061678634542,1.0736703705067356,127,127,127,127,,5000,5000,1.0,3021694564,20260901
B1_spatial,1.0,stability,per_class,all,micro,target_top20_fraction,0.19925193592341553,0.15321445441587667,0.24783656961813552,127,127,127,127,,5000,5000,1.0,3021694564,20260901
B1_spatial,1.0,stability,per_class,all,micro,other_fg_top20_fraction,0.19587733957408238,0.15020943469513268,0.24240729434264013,127,127,127,127,,5000,5000,1.0,3021694564,20260901
B1_spatial,1.0,stability,per_class,all,micro,bg_top20_fraction,0.604362316479206,0.5576500768260566,0.6516397096782818,127,127,127,127,,5000,5000,1.0,3021694564,20260901
B1_spatial,1.0,stability,per_class,all,micro,target_tail_enrich_20,0.6316255663119154,0.551729321348266,0.7141821653199303,113,127,113,127,,5000,5000,1.0,3021694564,20260901
B1_spatial,1.0,stability,per_class,all,micro,other_fg_tail_enrich_20,0.9125190483719067,0.8395192811584845,0.9817027839242413,79,127,79,127,,5000,5000,1.0,3021694564,20260901
B1_spatial,1.0,stability,per_class,all,micro,bg_tail_enrich_20,1.0340523395461405,1.0008690338566695,1.0677189465842976,127,127,127,127,,5000,5000,1.0,3021694564,20260901
B1_spatial,1.0,stability,per_class,all,micro,auc_target_bg,0.334391577990032,0.30489464576119923,0.36324362008276007,113,127,113,127,,5000,5000,1.0,3021694564,20260901
B1_spatial,1.0,stability,per_class,all,micro,ap_target_bg,0.256510758686494,0.20670552732790545,0.3098244780192318,113,127,113,127,,5000,5000,1.0,3021694564,20260901
B1_spatial,1.0,stability,per_class,all,micro,auc_target_other,0.3452102862947878,0.29395816979680134,0.3975130085179925,66,127,66,127,,5000,5000,1.0,3021694564,20260901
B1_spatial,1.0,stability,per_class,all,micro,ap_target_other,0.3280106050461756,0.24120995428487,0.41834968645580356,66,127,66,127,,5000,5000,1.0,3021694564,20260901
B1_spatial,1.0,stability,per_class,all,micro,target_mean,0.41747594091971857,0.3949567428892382,0.4392328218842612,113,127,113,127,,5000,5000,1.0,3021694564,20260901
B1_spatial,1.0,stability,per_class,all,micro,other_fg_mean,0.5064659263726559,0.4896463820520059,0.5217830439958431,79,127,79,127,,5000,5000,1.0,3021694564,20260901
B1_spatial,1.0,stability,per_class,all,micro,bg_mean,0.5342594914498793,0.5282148978224441,0.539844462919795,127,127,127,127,,5000,5000,1.0,3021694564,20260901
B1_spatial,1.0,stability,per_class,all,micro,target_median,0.37508272356559746,0.35257047509380457,0.3972273703141783,113,127,113,127,,5000,5000,1.0,3021694564,20260901
B1_spatial,1.0,stability,per_class,all,micro,other_fg_median,0.4762124460709246,0.4571326765313366,0.4933863361755658,79,127,79,127,,5000,5000,1.0,3021694564,20260901
B1_spatial,1.0,stability,per_class,all,micro,bg_median,0.5050611625036855,0.497473439685707,0.5119435629858745,127,127,127,127,,5000,5000,1.0,3021694564,20260901
B1_spatial,1.0,stability,per_class,all,micro,target_hit,0.3697478991596639,0.2857142857142857,0.453781512605042,119,119,119,119,,5000,5000,1.0,3021694564,20260901
B1_spatial,1.0,stability,per_class,all,micro,other_fg_hit,0.10084033613445378,0.05042016806722689,0.15966386554621848,119,119,119,119,,5000,5000,1.0,3021694564,20260901
B1_spatial,1.0,stability,per_class,all,micro,background_hit,0.5294117647058824,0.4369747899159664,0.6218487394957983,119,119,119,119,,5000,5000,1.0,3021694564,20260901
B1_spatial,1.0,stability,per_class,all,micro,target_top05_fraction,0.3960788357989696,0.3443559748109537,0.4476722252791439,119,119,119,119,,5000,5000,1.0,3021694564,20260901
B1_spatial,1.0,stability,per_class,all,micro,other_fg_top05_fraction,0.09232070736805757,0.0567733106683776,0.1318881737539541,119,119,119,119,,5000,5000,1.0,3021694564,20260901
B1_spatial,1.0,stability,per_class,all,micro,bg_top05_fraction,0.5111749019956533,0.46272890054573407,0.5617059473676479,119,119,119,119,,5000,5000,1.0,3021694564,20260901
B1_spatial,1.0,stability,per_class,all,micro,target_tail_enrich_05,0.8639637313322782,0.7935339003607697,0.9334005823832691,119,119,119,119,,5000,5000,1.0,3021694564,20260901
B1_spatial,1.0,stability,per_class,all,micro,other_fg_tail_enrich_05,0.8887874055874413,0.7357795820098861,1.0295451940967109,30,119,30,119,,5000,5000,1.0,3021694564,20260901
B1_spatial,1.0,stability,per_class,all,micro,bg_tail_enrich_05,0.994128799006957,0.9411858397709829,1.0467399270365758,113,119,113,119,,5000,5000,1.0,3021694564,20260901
B1_spatial,1.0,stability,per_class,all,micro,target_top10_fraction,0.3937128509461925,0.34439070325580473,0.444413502043056,119,119,119,119,,5000,5000,1.0,3021694564,20260901
B1_spatial,1.0,stability,per_class,all,micro,other_fg_top10_fraction,0.09253024706618047,0.05664954860378844,0.13210511588552415,119,119,119,119,,5000,5000,1.0,3021694564,20260901
B1_spatial,1.0,stability,per_class,all,micro,bg_top10_fraction,0.513316666897497,0.4655015205472336,0.5624249916911638,119,119,119,119,,5000,5000,1.0,3021694564,20260901
B1_spatial,1.0,stability,per_class,all,micro,target_tail_enrich_10,0.8679397180631158,0.8071969118810693,0.9280782018232576,119,119,119,119,,5000,5000,1.0,3021694564,20260901
B1_spatial,1.0,stability,per_class,all,micro,other_fg_tail_enrich_10,0.9070784742415461,0.7984428265299284,1.012918868565328,30,119,30,119,,5000,5000,1.0,3021694564,20260901
B1_spatial,1.0,stability,per_class,all,micro,bg_tail_enrich_10,0.9926673678254264,0.9484324249829453,1.0357564825818428,113,119,113,119,,5000,5000,1.0,3021694564,20260901
B1_spatial,1.0,stability,per_class,all,micro,target_top20_fraction,0.3953292585645107,0.3450962964142545,0.4451593536015048,119,119,119,119,,5000,5000,1.0,3021694564,20260901
B1_spatial,1.0,stability,per_class,all,micro,other_fg_top20_fraction,0.09389312831711905,0.05849390064259194,0.13306449730213038,119,119,119,119,,5000,5000,1.0,3021694564,20260901
B1_spatial,1.0,stability,per_class,all,micro,bg_top20_fraction,0.5101917323476126,0.46327887944126794,0.5582418999639228,119,119,119,119,,5000,5000,1.0,3021694564,20260901
B1_spatial,1.0,stability,per_class,all,micro,target_tail_enrich_20,0.8686334961962202,0.812465251491101,0.9230792465601073,119,119,119,119,,5000,5000,1.0,3021694564,20260901
B1_spatial,1.0,stability,per_class,all,micro,other_fg_tail_enrich_20,0.9920625411302066,0.903581786921611,1.0744202514240064,30,119,30,119,,5000,5000,1.0,3021694564,20260901
B1_spatial,1.0,stability,per_class,all,micro,bg_tail_enrich_20,0.9915663532341514,0.9520891810544365,1.029890013269454,113,119,113,119,,5000,5000,1.0,3021694564,20260901
B1_spatial,1.0,stability,per_class,all,micro,auc_target_bg,0.45522978073167364,0.43131029871363247,0.47894147795757425,113,119,113,119,,5000,5000,1.0,3021694564,20260901
B1_spatial,1.0,stability,per_class,all,micro,ap_target_bg,0.41819724317315615,0.37197329140428304,0.4632979769047199,113,119,113,119,,5000,5000,1.0,3021694564,20260901
B1_spatial,1.0,stability,per_class,all,micro,auc_target_other,0.38363418837134244,0.3330350766045422,0.43370976447234544,30,119,30,119,,5000,5000,1.0,3021694564,20260901
B1_spatial,1.0,stability,per_class,all,micro,ap_target_other,0.35945410120860277,0.26122600990740313,0.46798826265743954,30,119,30,119,,5000,5000,1.0,3021694564,20260901
B1_spatial,1.0,stability,per_class,all,micro,target_mean,0.4967162299555273,0.4831284294649236,0.5091363460694026,119,119,119,119,,5000,5000,1.0,3021694564,20260901
B1_spatial,1.0,stability,per_class,all,micro,other_fg_mean,0.5302229399217308,0.5150645283611984,0.5450966556832532,30,119,30,119,,5000,5000,1.0,3021694564,20260901
B1_spatial,1.0,stability,per_class,all,micro,bg_mean,0.5298428564658946,0.5229727162794302,0.5364941154283626,113,119,113,119,,5000,5000,1.0,3021694564,20260901
B1_spatial,1.0,stability,per_class,all,micro,target_median,0.46192426340920584,0.4466567557821629,0.4762583457935257,119,119,119,119,,5000,5000,1.0,3021694564,20260901
B1_spatial,1.0,stability,per_class,all,micro,other_fg_median,0.5025379503766696,0.4828875364298001,0.522908019779457,30,119,30,119,,5000,5000,1.0,3021694564,20260901
B1_spatial,1.0,stability,per_class,all,micro,bg_median,0.4996765863842669,0.49125737235799694,0.5076896699276188,113,119,113,119,,5000,5000,1.0,3021694564,20260901
B1_spatial,1.0,stability,per_class,all,micro,target_hit,0.07317073170731707,0.032520325203252036,0.12195121951219512,123,123,123,123,,5000,5000,1.0,3021694564,20260901
B1_spatial,1.0,stability,per_class,all,micro,other_fg_hit,0.25203252032520324,0.17886178861788618,0.3333333333333333,123,123,123,123,,5000,5000,1.0,3021694564,20260901
B1_spatial,1.0,stability,per_class,all,micro,background_hit,0.6747967479674797,0.5934959349593496,0.7560975609756098,123,123,123,123,,5000,5000,1.0,3021694564,20260901
B1_spatial,1.0,stability,per_class,all,micro,target_top05_fraction,0.0894088196156608,0.06458076296863278,0.11705496225684234,123,123,123,123,,5000,5000,1.0,3021694564,20260901
B1_spatial,1.0,stability,per_class,all,micro,other_fg_top05_fraction,0.2692509010497759,0.226019154549994,0.3148154629021641,123,123,123,123,,5000,5000,1.0,3021694564,20260901
B1_spatial,1.0,stability,per_class,all,micro,bg_top05_fraction,0.6404401786270167,0.5941857089886454,0.6842447282905388,123,123,123,123,,5000,5000,1.0,3021694564,20260901
B1_spatial,1.0,stability,per_class,all,micro,target_tail_enrich_05,0.6529944931814609,0.505705364970227,0.8199369142627959,112,123,112,123,,5000,5000,1.0,3021694564,20260901
B1_spatial,1.0,stability,per_class,all,micro,other_fg_tail_enrich_05,1.0270996727797135,0.8899802059185601,1.223872285268712,107,123,107,123,,5000,5000,1.0,3021694564,20260901
B1_spatial,1.0,stability,per_class,all,micro,bg_tail_enrich_05,1.0118769145590418,0.970604750702293,1.0491108301048095,122,123,122,123,,5000,5000,1.0,3021694564,20260901
B1_spatial,1.0,stability,per_class,all,micro,target_top10_fraction,0.09032913439155207,0.06695440952837628,0.11670113946226536,123,123,123,123,,5000,5000,1.0,3021694564,20260901
B1_spatial,1.0,stability,per_class,all,micro,other_fg_top10_fraction,0.2699168675372054,0.22740543988760825,0.3144565257749723,123,123,123,123,,5000,5000,1.0,3021694564,20260901
B1_spatial,1.0,stability,per_class,all,micro,bg_top10_fraction,0.6390853282076536,0.5934951414723494,0.681904560738069,123,123,123,123,,5000,5000,1.0,3021694564,20260901
B1_spatial,1.0,stability,per_class,all,micro,target_tail_enrich_10,0.6809020188026057,0.5645846001015478,0.8170515495458589,112,123,112,123,,5000,5000,1.0,3021694564,20260901
B1_spatial,1.0,stability,per_class,all,micro,other_fg_tail_enrich_10,1.0108337998866763,0.9207458097088825,1.1223960436963587,107,123,107,123,,5000,5000,1.0,3021694564,20260901
B1_spatial,1.0,stability,per_class,all,micro,bg_tail_enrich_10,1.0218273426675204,0.9911220800533005,1.0502112321942692,122,123,122,123,,5000,5000,1.0,3021694564,20260901
B1_spatial,1.0,stability,per_class,all,micro,target_top20_fraction,0.0869520408855604,0.06426193442947117,0.11237239337319964,123,123,123,123,,5000,5000,1.0,3021694564,20260901
B1_spatial,1.0,stability,per_class,all,micro,other_fg_top20_fraction,0.271686198135798,0.22918837975167666,0.31507909865461065,123,123,123,123,,5000,5000,1.0,3021694564,20260901
B1_spatial,1.0,stability,per_class,all,micro,bg_top20_fraction,0.6406482117713553,0.5957385719321387,0.6837250627039911,123,123,123,123,,5000,5000,1.0,3021694564,20260901
B1_spatial,1.0,stability,per_class,all,micro,target_tail_enrich_20,0.6120042391736382,0.5333815600315593,0.6928554862081567,112,123,112,123,,5000,5000,1.0,3021694564,20260901
B1_spatial,1.0,stability,per_class,all,micro,other_fg_tail_enrich_20,0.978694241416373,0.9261453411508647,1.0354585263715097,107,123,107,123,,5000,5000,1.0,3021694564,20260901
B1_spatial,1.0,stability,per_class,all,micro,bg_tail_enrich_20,1.0207470582160612,0.9930953029629885,1.0458158775121829,122,123,122,123,,5000,5000,1.0,3021694564,20260901
B1_spatial,1.0,stability,per_class,all,micro,auc_target_bg,0.3443225762939946,0.32061398056036844,0.36671503554450535,111,123,111,123,,5000,5000,1.0,3021694564,20260901
B1_spatial,1.0,stability,per_class,all,micro,ap_target_bg,0.14493423658860313,0.11474353038149193,0.1775341019668673,111,123,111,123,,5000,5000,1.0,3021694564,20260901
B1_spatial,1.0,stability,per_class,all,micro,auc_target_other,0.3587847907335173,0.33198023196220333,0.38437890885282955,96,123,96,123,,5000,5000,1.0,3021694564,20260901
B1_spatial,1.0,stability,per_class,all,micro,ap_target_other,0.273858211060328,0.22272986981347542,0.32662312833706447,96,123,96,123,,5000,5000,1.0,3021694564,20260901
B1_spatial,1.0,stability,per_class,all,micro,target_mean,0.4295967227689084,0.4131928878060703,0.44540322285505834,112,123,112,123,,5000,5000,1.0,3021694564,20260901
B1_spatial,1.0,stability,per_class,all,micro,other_fg_mean,0.524334902341918,0.5149168680661875,0.5341113540782484,107,123,107,123,,5000,5000,1.0,3021694564,20260901
B1_spatial,1.0,stability,per_class,all,micro,bg_mean,0.5365871742569387,0.5321018666801803,0.5408268952336349,122,123,122,123,,5000,5000,1.0,3021694564,20260901
B1_spatial,1.0,stability,per_class,all,micro,target_median,0.38638975338212084,0.37032608765874475,0.4016651107788232,112,123,112,123,,5000,5000,1.0,3021694564,20260901
B1_spatial,1.0,stability,per_class,all,micro,other_fg_median,0.4906061326510438,0.4786686235293746,0.502636308627168,107,123,107,123,,5000,5000,1.0,3021694564,20260901
B1_spatial,1.0,stability,per_class,all,micro,bg_median,0.5087460153659836,0.5033192904408628,0.5136978843369658,122,123,122,123,,5000,5000,1.0,3021694564,20260901
B1_spatial,1.0,stability,per_class,all,micro,target_hit,0.3380281690140845,0.22535211267605634,0.4507042253521127,71,71,71,71,,5000,5000,1.0,3021694564,20260901
B1_spatial,1.0,stability,per_class,all,micro,other_fg_hit,0.056338028169014086,0.014084507042253521,0.11267605633802817,71,71,71,71,,5000,5000,1.0,3021694564,20260901
B1_spatial,1.0,stability,per_class,all,micro,background_hit,0.6056338028169014,0.49295774647887325,0.7183098591549296,71,71,71,71,,5000,5000,1.0,3021694564,20260901
B1_spatial,1.0,stability,per_class,all,micro,target_top05_fraction,0.2861272208839034,0.22199088330757213,0.353110817023056,71,71,71,71,,5000,5000,1.0,3021694564,20260901
B1_spatial,1.0,stability,per_class,all,micro,other_fg_top05_fraction,0.037162697281303655,0.015338997548041284,0.06321578820652209,71,71,71,71,,5000,5000,1.0,3021694564,20260901
B1_spatial,1.0,stability,per_class,all,micro,bg_top05_fraction,0.676710081834793,0.6106334090019172,0.7399975424702074,71,71,71,71,,5000,5000,1.0,3021694564,20260901
B1_spatial,1.0,stability,per_class,all,micro,target_tail_enrich_05,0.707311744849617,0.6108214098730009,0.8010644252623088,71,71,71,71,,5000,5000,1.0,3021694564,20260901
B1_spatial,1.0,stability,per_class,all,micro,other_fg_tail_enrich_05,1.147147762457592,0.6317763588755624,1.9204767466239094,14,71,14,71,,5000,5000,1.0,3021694564,20260901
B1_spatial,1.0,stability,per_class,all,micro,bg_tail_enrich_05,1.1053121059326614,1.057029680068118,1.1529057922081436,71,71,71,71,,5000,5000,1.0,3021694564,20260901
B1_spatial,1.0,stability,per_class,all,micro,target_top10_fraction,0.28776573773966496,0.22463816770314024,0.3540754412483775,71,71,71,71,,5000,5000,1.0,3021694564,20260901
B1_spatial,1.0,stability,per_class,all,micro,other_fg_top10_fraction,0.03504612760590102,0.014219992243157552,0.060000956815479456,71,71,71,71,,5000,5000,1.0,3021694564,20260901
B1_spatial,1.0,stability,per_class,all,micro,bg_top10_fraction,0.6771881346544337,0.611851155094797,0.7388591886701565,71,71,71,71,,5000,5000,1.0,3021694564,20260901
B1_spatial,1.0,stability,per_class,all,micro,target_tail_enrich_10,0.6901900239202738,0.6098493255467949,0.7690848434239294,71,71,71,71,,5000,5000,1.0,3021694564,20260901
B1_spatial,1.0,stability,per_class,all,micro,other_fg_tail_enrich_10,0.9118551360873645,0.6088651672307591,1.2619272820902263,14,71,14,71,,5000,5000,1.0,3021694564,20260901
B1_spatial,1.0,stability,per_class,all,micro,bg_tail_enrich_10,1.0964326594150355,1.0531372512576684,1.1402283796562864,71,71,71,71,,5000,5000,1.0,3021694564,20260901
B1_spatial,1.0,stability,per_class,all,micro,target_top20_fraction,0.2932370367760312,0.23062960140128969,0.35895356676184437,71,71,71,71,,5000,5000,1.0,3021694564,20260901
B1_spatial,1.0,stability,per_class,all,micro,other_fg_top20_fraction,0.035092245814746,0.014305414833863075,0.059974236838691186,71,71,71,71,,5000,5000,1.0,3021694564,20260901
B1_spatial,1.0,stability,per_class,all,micro,bg_top20_fraction,0.6715798496218536,0.6061708472217804,0.7334995289592493,71,71,71,71,,5000,5000,1.0,3021694564,20260901
B1_spatial,1.0,stability,per_class,all,micro,target_tail_enrich_20,0.6872843846128062,0.6146490413826153,0.7573751963316029,71,71,71,71,,5000,5000,1.0,3021694564,20260901
B1_spatial,1.0,stability,per_class,all,micro,other_fg_tail_enrich_20,0.8415588963998047,0.6614820879088323,1.0106498214292157,14,71,14,71,,5000,5000,1.0,3021694564,20260901
B1_spatial,1.0,stability,per_class,all,micro,bg_tail_enrich_20,1.0846594673521242,1.0520942980640973,1.1164117351089762,71,71,71,71,,5000,5000,1.0,3021694564,20260901
B1_spatial,1.0,stability,per_class,all,micro,auc_target_bg,0.3592227997458511,0.3296994047419821,0.3892504612549443,71,71,71,71,,5000,5000,1.0,3021694564,20260901
B1_spatial,1.0,stability,per_class,all,micro,ap_target_bg,0.32388002454536896,0.2633408322862459,0.3873768550337698,71,71,71,71,,5000,5000,1.0,3021694564,20260901
B1_spatial,1.0,stability,per_class,all,micro,auc_target_other,0.4118540313173518,0.33995686782994533,0.48198398886986615,14,71,14,71,,5000,5000,1.0,3021694564,20260901
B1_spatial,1.0,stability,per_class,all,micro,ap_target_other,0.5060665008479639,0.3586799003742504,0.6609099635097934,14,71,14,71,,5000,5000,1.0,3021694564,20260901
B1_spatial,1.0,stability,per_class,all,micro,target_mean,0.4460227224130813,0.42503352079003026,0.4664200872748918,71,71,71,71,,5000,5000,1.0,3021694564,20260901
B1_spatial,1.0,stability,per_class,all,micro,other_fg_mean,0.4888607486887922,0.4408163723309779,0.5264388646055463,14,71,14,71,,5000,5000,1.0,3021694564,20260901
B1_spatial,1.0,stability,per_class,all,micro,bg_mean,0.5471393943877144,0.5412044448179322,0.552835489798393,71,71,71,71,,5000,5000,1.0,3021694564,20260901
B1_spatial,1.0,stability,per_class,all,micro,target_median,0.40457283401153454,0.38208107803226776,0.42658969563445154,71,71,71,71,,5000,5000,1.0,3021694564,20260901
B1_spatial,1.0,stability,per_class,all,micro,other_fg_median,0.4519269961331572,0.39612212828759635,0.49724760699485027,14,71,14,71,,5000,5000,1.0,3021694564,20260901
B1_spatial,1.0,stability,per_class,all,micro,bg_median,0.5192144647450514,0.511291888576578,0.5262998384646547,71,71,71,71,,5000,5000,1.0,3021694564,20260901
B1_spatial,1.0,stability,per_class,all,micro,target_hit,0.21333333333333335,0.13333333333333333,0.30666666666666664,75,75,75,75,,5000,5000,1.0,3021694564,20260901
B1_spatial,1.0,stability,per_class,all,micro,other_fg_hit,0.32,0.21333333333333335,0.4266666666666667,75,75,75,75,,5000,5000,1.0,3021694564,20260901
B1_spatial,1.0,stability,per_class,all,micro,background_hit,0.4666666666666667,0.3466666666666667,0.5866666666666667,75,75,75,75,,5000,5000,1.0,3021694564,20260901
B1_spatial,1.0,stability,per_class,all,micro,target_top05_fraction,0.19485258518230655,0.14251330047649702,0.2541727061138439,75,75,75,75,,5000,5000,1.0,3021694564,20260901
B1_spatial,1.0,stability,per_class,all,micro,other_fg_top05_fraction,0.30583793701905154,0.2549737287319331,0.3577490409947453,75,75,75,75,,5000,5000,1.0,3021694564,20260901
B1_spatial,1.0,stability,per_class,all,micro,bg_top05_fraction,0.4986342641234281,0.4368663383986914,0.5587508954580938,75,75,75,75,,5000,5000,1.0,3021694564,20260901
B1_spatial,1.0,stability,per_class,all,micro,target_tail_enrich_05,0.719591660367774,0.6106479592878414,0.8265511866505649,73,75,73,75,,5000,5000,1.0,3021694564,20260901
B1_spatial,1.0,stability,per_class,all,micro,other_fg_tail_enrich_05,0.967113983593535,0.8799024154393358,1.0532657295938435,70,75,70,75,,5000,5000,1.0,3021694564,20260901
B1_spatial,1.0,stability,per_class,all,micro,bg_tail_enrich_05,1.0523695664308144,1.0008714376881673,1.105562785777074,73,75,73,75,,5000,5000,1.0,3021694564,20260901
B1_spatial,1.0,stability,per_class,all,micro,target_top10_fraction,0.19163736798890088,0.13991136579170343,0.2501332248370189,75,75,75,75,,5000,5000,1.0,3021694564,20260901
B1_spatial,1.0,stability,per_class,all,micro,other_fg_top10_fraction,0.31304958037856323,0.26236779329095594,0.36535038236082723,75,75,75,75,,5000,5000,1.0,3021694564,20260901
B1_spatial,1.0,stability,per_class,all,micro,bg_top10_fraction,0.4940590797549796,0.43289178792403565,0.5543591928647933,75,75,75,75,,5000,5000,1.0,3021694564,20260901
B1_spatial,1.0,stability,per_class,all,micro,target_tail_enrich_10,0.6896789305725757,0.6042715260476916,0.7707378877978661,73,75,73,75,,5000,5000,1.0,3021694564,20260901
B1_spatial,1.0,stability,per_class,all,micro,other_fg_tail_enrich_10,0.9800868342343935,0.9033670187846174,1.0486215406738342,70,75,70,75,,5000,5000,1.0,3021694564,20260901
B1_spatial,1.0,stability,per_class,all,micro,bg_tail_enrich_10,1.0386254787949325,0.989068217361626,1.0882534268625275,73,75,73,75,,5000,5000,1.0,3021694564,20260901
B1_spatial,1.0,stability,per_class,all,micro,target_top20_fraction,0.19348372845770714,0.14275043353350186,0.2520813902296687,75,75,75,75,,5000,5000,1.0,3021694564,20260901
B1_spatial,1.0,stability,per_class,all,micro,other_fg_top20_fraction,0.3131319781154006,0.26308673460235693,0.36419284855407824,75,75,75,75,,5000,5000,1.0,3021694564,20260901
B1_spatial,1.0,stability,per_class,all,micro,bg_top20_fraction,0.4924907517188648,0.4330936588345612,0.5505904013882363,75,75,75,75,,5000,5000,1.0,3021694564,20260901
B1_spatial,1.0,stability,per_class,all,micro,target_tail_enrich_20,0.7290018559508267,0.6644531501680081,0.7930310345412046,73,75,73,75,,5000,5000,1.0,3021694564,20260901
B1_spatial,1.0,stability,per_class,all,micro,other_fg_tail_enrich_20,0.9789805599002668,0.9233116137293463,1.0317109119259775,70,75,70,75,,5000,5000,1.0,3021694564,20260901
B1_spatial,1.0,stability,per_class,all,micro,bg_tail_enrich_20,1.0498028137692104,1.0055041398272537,1.097604208683178,73,75,73,75,,5000,5000,1.0,3021694564,20260901
B1_spatial,1.0,stability,per_class,all,micro,auc_target_bg,0.3861274571040354,0.3631375061603728,0.40988227063804783,71,75,71,75,,5000,5000,1.0,3021694564,20260901
B1_spatial,1.0,stability,per_class,all,micro,ap_target_bg,0.28147540964187406,0.2284804847396322,0.3400676796101996,71,75,71,75,,5000,5000,1.0,3021694564,20260901
B1_spatial,1.0,stability,per_class,all,micro,auc_target_other,0.4129997612322646,0.38823506458848206,0.4380798466449921,68,75,68,75,,5000,5000,1.0,3021694564,20260901
B1_spatial,1.0,stability,per_class,all,micro,ap_target_other,0.37115087511554423,0.30917588092506815,0.4344543467296571,68,75,68,75,,5000,5000,1.0,3021694564,20260901
B1_spatial,1.0,stability,per_class,all,micro,target_mean,0.46472702841146823,0.4511962010494781,0.4780353983286539,73,75,73,75,,5000,5000,1.0,3021694564,20260901
B1_spatial,1.0,stability,per_class,all,micro,other_fg_mean,0.5233298387599445,0.5134465650500721,0.532595814142165,70,75,70,75,,5000,5000,1.0,3021694564,20260901
B1_spatial,1.0,stability,per_class,all,micro,bg_mean,0.5404919303282997,0.5333868003606949,0.5473648027184386,73,75,73,75,,5000,5000,1.0,3021694564,20260901
B1_spatial,1.0,stability,per_class,all,micro,target_median,0.4204886450547062,0.40553173397310277,0.4355190682860494,73,75,73,75,,5000,5000,1.0,3021694564,20260901
B1_spatial,1.0,stability,per_class,all,micro,other_fg_median,0.49173283874988555,0.47867342766287424,0.5037970020875177,70,75,70,75,,5000,5000,1.0,3021694564,20260901
B1_spatial,1.0,stability,per_class,all,micro,bg_median,0.5125477732452628,0.5036552382671363,0.5213701723586751,73,75,73,75,,5000,5000,1.0,3021694564,20260901
B1_spatial,1.0,stability,per_class,all,micro,target_hit,0.2734375,0.1953125,0.3515625,128,128,128,128,,5000,5000,1.0,3021694564,20260901
B1_spatial,1.0,stability,per_class,all,micro,other_fg_hit,0.125,0.0703125,0.1875,128,128,128,128,,5000,5000,1.0,3021694564,20260901
B1_spatial,1.0,stability,per_class,all,micro,background_hit,0.6015625,0.515625,0.6875,128,128,128,128,,5000,5000,1.0,3021694564,20260901
B1_spatial,1.0,stability,per_class,all,micro,target_top05_fraction,0.3146095019037938,0.2682068092140684,0.36478436822041344,128,128,128,128,,5000,5000,1.0,3021694564,20260901
B1_spatial,1.0,stability,per_class,all,micro,other_fg_top05_fraction,0.10233526429641401,0.06844155351505268,0.13890365330059687,128,128,128,128,,5000,5000,1.0,3021694564,20260901
B1_spatial,1.0,stability,per_class,all,micro,bg_top05_fraction,0.5826545927741514,0.5332564937374156,0.6306016593599826,128,128,128,128,,5000,5000,1.0,3021694564,20260901
B1_spatial,1.0,stability,per_class,all,micro,target_tail_enrich_05,0.7407029169120916,0.6780964625323694,0.8010798191053123,128,128,128,128,,5000,5000,1.0,3021694564,20260901
B1_spatial,1.0,stability,per_class,all,micro,other_fg_tail_enrich_05,1.0796904952762774,0.9084223391634316,1.2768181723727194,43,128,43,128,,5000,5000,1.0,3021694564,20260901
B1_spatial,1.0,stability,per_class,all,micro,bg_tail_enrich_05,1.0474533043758638,0.9982303608938381,1.0976167055539692,124,128,124,128,,5000,5000,1.0,3021694564,20260901
B1_spatial,1.0,stability,per_class,all,micro,target_top10_fraction,0.3168214355680657,0.26968679864636175,0.3678625269408891,128,128,128,128,,5000,5000,1.0,3021694564,20260901
B1_spatial,1.0,stability,per_class,all,micro,other_fg_top10_fraction,0.10132627425966137,0.06795807739638218,0.13720754565347346,128,128,128,128,,5000,5000,1.0,3021694564,20260901
B1_spatial,1.0,stability,per_class,all,micro,bg_top10_fraction,0.5815505086204913,0.5312412304411531,0.6309273109188548,128,128,128,128,,5000,5000,1.0,3021694564,20260901
B1_spatial,1.0,stability,per_class,all,micro,target_tail_enrich_10,0.7359965175749639,0.6761371926962155,0.7951841468989039,128,128,128,128,,5000,5000,1.0,3021694564,20260901
B1_spatial,1.0,stability,per_class,all,micro,other_fg_tail_enrich_10,1.0350495693927868,0.8964129456421931,1.184490143369444,43,128,43,128,,5000,5000,1.0,3021694564,20260901
B1_spatial,1.0,stability,per_class,all,micro,bg_tail_enrich_10,1.034053653461136,0.9881481556314424,1.083104224754402,124,128,124,128,,5000,5000,1.0,3021694564,20260901
B1_spatial,1.0,stability,per_class,all,micro,target_top20_fraction,0.3137382237353208,0.26701246292895997,0.36306719557620704,128,128,128,128,,5000,5000,1.0,3021694564,20260901
B1_spatial,1.0,stability,per_class,all,micro,other_fg_top20_fraction,0.09874454683129646,0.06560033264738625,0.13513715656117717,128,128,128,128,,5000,5000,1.0,3021694564,20260901
B1_spatial,1.0,stability,per_class,all,micro,bg_top20_fraction,0.5870635492947743,0.5377466319303327,0.6353522036166899,128,128,128,128,,5000,5000,1.0,3021694564,20260901
B1_spatial,1.0,stability,per_class,all,micro,target_tail_enrich_20,0.735455224749712,0.6831541704237177,0.785710078385437,128,128,128,128,,5000,5000,1.0,3021694564,20260901
B1_spatial,1.0,stability,per_class,all,micro,other_fg_tail_enrich_20,0.9423706175889828,0.8336197845057723,1.0569081152062698,43,128,43,128,,5000,5000,1.0,3021694564,20260901
B1_spatial,1.0,stability,per_class,all,micro,bg_tail_enrich_20,1.0487430155695605,1.005967748131753,1.091316896031718,124,128,124,128,,5000,5000,1.0,3021694564,20260901
B1_spatial,1.0,stability,per_class,all,micro,auc_target_bg,0.39679645287835824,0.3724495787732613,0.42190965765967764,124,128,124,128,,5000,5000,1.0,3021694564,20260901
B1_spatial,1.0,stability,per_class,all,micro,ap_target_bg,0.34860412940781793,0.3040652103532059,0.39409208571230964,124,128,124,128,,5000,5000,1.0,3021694564,20260901
B1_spatial,1.0,stability,per_class,all,micro,auc_target_other,0.3731073358188458,0.3355241820135213,0.41250792586030205,43,128,43,128,,5000,5000,1.0,3021694564,20260901
B1_spatial,1.0,stability,per_class,all,micro,ap_target_other,0.42196629632741395,0.33810026164376494,0.512358904084778,43,128,43,128,,5000,5000,1.0,3021694564,20260901
B1_spatial,1.0,stability,per_class,all,micro,target_mean,0.4640647981963372,0.45055938339169016,0.4771656822025679,128,128,128,128,,5000,5000,1.0,3021694564,20260901
B1_spatial,1.0,stability,per_class,all,micro,other_fg_mean,0.5155453296644137,0.4970037143885437,0.5334138725505299,43,128,43,128,,5000,5000,1.0,3021694564,20260901
B1_spatial,1.0,stability,per_class,all,micro,bg_mean,0.537591025030492,0.528352948156416,0.5459402147667746,124,128,124,128,,5000,5000,1.0,3021694564,20260901
B1_spatial,1.0,stability,per_class,all,micro,target_median,0.4231063615879975,0.40767394741269525,0.4381335479498375,128,128,128,128,,5000,5000,1.0,3021694564,20260901
B1_spatial,1.0,stability,per_class,all,micro,other_fg_median,0.48360852758551753,0.4610744574932116,0.5059068184280286,43,128,43,128,,5000,5000,1.0,3021694564,20260901
B1_spatial,1.0,stability,per_class,all,micro,bg_median,0.5117669199863749,0.5013495598301123,0.5218843750716118,124,128,124,128,,5000,5000,1.0,3021694564,20260901
B1_spatial,1.0,stability,per_class,all,micro,target_hit,0.3291139240506329,0.22784810126582278,0.43037974683544306,79,79,79,79,,5000,5000,1.0,3021694564,20260901
B1_spatial,1.0,stability,per_class,all,micro,other_fg_hit,0.0379746835443038,0.0,0.08860759493670886,79,79,79,79,,5000,5000,1.0,3021694564,20260901
B1_spatial,1.0,stability,per_class,all,micro,background_hit,0.6329113924050633,0.5316455696202531,0.7341772151898734,79,79,79,79,,5000,5000,1.0,3021694564,20260901
B1_spatial,1.0,stability,per_class,all,micro,target_top05_fraction,0.2782881251568794,0.22685550646993016,0.33292797294296295,79,79,79,79,,5000,5000,1.0,3021694564,20260901
B1_spatial,1.0,stability,per_class,all,micro,other_fg_top05_fraction,0.027774957605070868,0.013766121153696104,0.04599375018179145,79,79,79,79,,5000,5000,1.0,3021694564,20260901
B1_spatial,1.0,stability,per_class,all,micro,bg_top05_fraction,0.69393691723805,0.6381930977446465,0.7465815898856372,79,79,79,79,,5000,5000,1.0,3021694564,20260901
B1_spatial,1.0,stability,per_class,all,micro,target_tail_enrich_05,0.8216621576478422,0.7425754252914066,0.898145278177761,77,79,77,79,,5000,5000,1.0,3021694564,20260901
B1_spatial,1.0,stability,per_class,all,micro,other_fg_tail_enrich_05,0.4940843647117023,0.3313549805827892,0.6768472968541402,34,79,34,79,,5000,5000,1.0,3021694564,20260901
B1_spatial,1.0,stability,per_class,all,micro,bg_tail_enrich_05,1.0302142483253542,0.9870258200995679,1.0687866178621983,79,79,79,79,,5000,5000,1.0,3021694564,20260901
B1_spatial,1.0,stability,per_class,all,micro,target_top10_fraction,0.2788641827640126,0.22757745990414943,0.33423866887179216,79,79,79,79,,5000,5000,1.0,3021694564,20260901
B1_spatial,1.0,stability,per_class,all,micro,other_fg_top10_fraction,0.02854354652621715,0.015348766355854858,0.0457832962942968,79,79,79,79,,5000,5000,1.0,3021694564,20260901
B1_spatial,1.0,stability,per_class,all,micro,bg_top10_fraction,0.6925922707097704,0.6367759635195575,0.7456101812291756,79,79,79,79,,5000,5000,1.0,3021694564,20260901
B1_spatial,1.0,stability,per_class,all,micro,target_tail_enrich_10,0.8214395773532442,0.7573679774076986,0.8833156925321889,77,79,77,79,,5000,5000,1.0,3021694564,20260901
B1_spatial,1.0,stability,per_class,all,micro,other_fg_tail_enrich_10,0.5617211852796463,0.423594911081339,0.7134405270340161,34,79,34,79,,5000,5000,1.0,3021694564,20260901
B1_spatial,1.0,stability,per_class,all,micro,bg_tail_enrich_10,1.0289915564780452,0.9927420355223986,1.0620426110479042,79,79,79,79,,5000,5000,1.0,3021694564,20260901
B1_spatial,1.0,stability,per_class,all,micro,target_top20_fraction,0.2745413817684289,0.224535034445871,0.32795019206583104,79,79,79,79,,5000,5000,1.0,3021694564,20260901
B1_spatial,1.0,stability,per_class,all,micro,other_fg_top20_fraction,0.029293459720714097,0.0168425537255744,0.04510267067490054,79,79,79,79,,5000,5000,1.0,3021694564,20260901
B1_spatial,1.0,stability,per_class,all,micro,bg_top20_fraction,0.6960834925247401,0.6429676202744751,0.7468234223442008,79,79,79,79,,5000,5000,1.0,3021694564,20260901
B1_spatial,1.0,stability,per_class,all,micro,target_tail_enrich_20,0.8106090288594581,0.7535905592514359,0.8653179280520095,77,79,77,79,,5000,5000,1.0,3021694564,20260901
B1_spatial,1.0,stability,per_class,all,micro,other_fg_tail_enrich_20,0.6092242729475533,0.5082552483620333,0.7102434843407165,34,79,34,79,,5000,5000,1.0,3021694564,20260901
B1_spatial,1.0,stability,per_class,all,micro,bg_tail_enrich_20,1.0409691961080705,1.0108580341806737,1.0679367543788474,79,79,79,79,,5000,5000,1.0,3021694564,20260901
B1_spatial,1.0,stability,per_class,all,micro,auc_target_bg,0.42885532346145466,0.40755503856729364,0.4503168972211189,77,79,77,79,,5000,5000,1.0,3021694564,20260901
B1_spatial,1.0,stability,per_class,all,micro,ap_target_bg,0.3068266684901843,0.25783452266190365,0.3585205669454675,77,79,77,79,,5000,5000,1.0,3021694564,20260901
B1_spatial,1.0,stability,per_class,all,micro,auc_target_other,0.6126282986729932,0.5712051644794854,0.6526134903621745,33,79,33,79,,5000,5000,1.0,3021694564,20260901
B1_spatial,1.0,stability,per_class,all,micro,ap_target_other,0.7904666135935591,0.7271416974135578,0.8423402735196385,33,79,33,79,,5000,5000,1.0,3021694564,20260901
B1_spatial,1.0,stability,per_class,all,micro,target_mean,0.49301609365497023,0.48069422191598465,0.5046054101956519,77,79,77,79,,5000,5000,1.0,3021694564,20260901
B1_spatial,1.0,stability,per_class,all,micro,other_fg_mean,0.4226465504113133,0.3937441107570229,0.4485870551762725,34,79,34,79,,5000,5000,1.0,3021694564,20260901
B1_spatial,1.0,stability,per_class,all,micro,bg_mean,0.5410449586566449,0.5351148430155472,0.5464250647691302,79,79,79,79,,5000,5000,1.0,3021694564,20260901
B1_spatial,1.0,stability,per_class,all,micro,target_median,0.4523248190616632,0.4373219719317975,0.4664586987491552,77,79,77,79,,5000,5000,1.0,3021694564,20260901
B1_spatial,1.0,stability,per_class,all,micro,other_fg_median,0.37468163296580315,0.3457671251675382,0.40222931283802693,34,79,34,79,,5000,5000,1.0,3021694564,20260901
B1_spatial,1.0,stability,per_class,all,micro,bg_median,0.5123883112321926,0.5051225562073007,0.5192145004915663,79,79,79,79,,5000,5000,1.0,3021694564,20260901
B1_spatial,1.0,stability,per_class,all,micro,target_hit,0.18421052631578946,0.10526315789473684,0.27631578947368424,76,76,76,76,,5000,5000,1.0,3021694564,20260901
B1_spatial,1.0,stability,per_class,all,micro,other_fg_hit,0.09210526315789473,0.039473684210526314,0.15789473684210525,76,76,76,76,,5000,5000,1.0,3021694564,20260901
B1_spatial,1.0,stability,per_class,all,micro,background_hit,0.7236842105263158,0.618421052631579,0.8157894736842105,76,76,76,76,,5000,5000,1.0,3021694564,20260901
B1_spatial,1.0,stability,per_class,all,micro,target_top05_fraction,0.25349180990882947,0.20535667977636266,0.30549454817623295,76,76,76,76,,5000,5000,1.0,3021694564,20260901
B1_spatial,1.0,stability,per_class,all,micro,other_fg_top05_fraction,0.09532747548064478,0.0650399049652553,0.1284570791821891,76,76,76,76,,5000,5000,1.0,3021694564,20260901
B1_spatial,1.0,stability,per_class,all,micro,bg_top05_fraction,0.650505950777867,0.5972809798418047,0.7013872734846437,76,76,76,76,,5000,5000,1.0,3021694564,20260901
B1_spatial,1.0,stability,per_class,all,micro,target_tail_enrich_05,0.7484847646495904,0.6449601563486892,0.8519150920191058,75,76,75,76,,5000,5000,1.0,3021694564,20260901
B1_spatial,1.0,stability,per_class,all,micro,other_fg_tail_enrich_05,0.8579071021982305,0.6846445756201774,1.0513436194617303,52,76,52,76,,5000,5000,1.0,3021694564,20260901
B1_spatial,1.0,stability,per_class,all,micro,bg_tail_enrich_05,1.0925859512711056,1.044773886054273,1.14159691939523,76,76,76,76,,5000,5000,1.0,3021694564,20260901
B1_spatial,1.0,stability,per_class,all,micro,target_top10_fraction,0.25094692557565407,0.2067177406111002,0.3002815220666921,76,76,76,76,,5000,5000,1.0,3021694564,20260901
B1_spatial,1.0,stability,per_class,all,micro,other_fg_top10_fraction,0.09210249217194465,0.06510181688172681,0.12080163961152997,76,76,76,76,,5000,5000,1.0,3021694564,20260901
B1_spatial,1.0,stability,per_class,all,micro,bg_top10_fraction,0.6561049366699137,0.6073433213039877,0.7031310436019805,76,76,76,76,,5000,5000,1.0,3021694564,20260901
B1_spatial,1.0,stability,per_class,all,micro,target_tail_enrich_10,0.7440441050357969,0.6716038409416266,0.8148911424345833,75,76,75,76,,5000,5000,1.0,3021694564,20260901
B1_spatial,1.0,stability,per_class,all,micro,other_fg_tail_enrich_10,0.8781864423264986,0.7443820486394926,1.023615167073111,52,76,52,76,,5000,5000,1.0,3021694564,20260901
B1_spatial,1.0,stability,per_class,all,micro,bg_tail_enrich_10,1.1123115528234255,1.0730366630591734,1.150767838706818,76,76,76,76,,5000,5000,1.0,3021694564,20260901
B1_spatial,1.0,stability,per_class,all,micro,target_top20_fraction,0.2526825861689476,0.20908041741366537,0.30056074566688,76,76,76,76,,5000,5000,1.0,3021694564,20260901
B1_spatial,1.0,stability,per_class,all,micro,other_fg_top20_fraction,0.0926878993222896,0.06589594197367102,0.120708553816849,76,76,76,76,,5000,5000,1.0,3021694564,20260901
B1_spatial,1.0,stability,per_class,all,micro,bg_top20_fraction,0.6537778188179564,0.60622459964766,0.7008486724057521,76,76,76,76,,5000,5000,1.0,3021694564,20260901
B1_spatial,1.0,stability,per_class,all,micro,target_tail_enrich_20,0.7471296948596318,0.6837094103302138,0.8060044918346833,75,76,75,76,,5000,5000,1.0,3021694564,20260901
B1_spatial,1.0,stability,per_class,all,micro,other_fg_tail_enrich_20,0.857992778856462,0.7598464976363752,0.9614145588661521,52,76,52,76,,5000,5000,1.0,3021694564,20260901
B1_spatial,1.0,stability,per_class,all,micro,bg_tail_enrich_20,1.1080201638420852,1.0795484539054292,1.136773999821866,76,76,76,76,,5000,5000,1.0,3021694564,20260901
B1_spatial,1.0,stability,per_class,all,micro,auc_target_bg,0.37772418106563377,0.3515639496863759,0.4020898108656872,75,76,75,76,,5000,5000,1.0,3021694564,20260901
B1_spatial,1.0,stability,per_class,all,micro,ap_target_bg,0.30354045097489846,0.2587405961117077,0.3510901955752619,75,76,75,76,,5000,5000,1.0,3021694564,20260901
B1_spatial,1.0,stability,per_class,all,micro,auc_target_other,0.4244147542630791,0.3856675343689038,0.46116703089109184,51,76,51,76,,5000,5000,1.0,3021694564,20260901
B1_spatial,1.0,stability,per_class,all,micro,ap_target_other,0.5891689047019903,0.5247550936963797,0.6539231621971647,51,76,51,76,,5000,5000,1.0,3021694564,20260901
B1_spatial,1.0,stability,per_class,all,micro,target_mean,0.4657316677508454,0.44789310517186076,0.4822525843143573,75,76,75,76,,5000,5000,1.0,3021694564,20260901
B1_spatial,1.0,stability,per_class,all,micro,other_fg_mean,0.4976598057541708,0.4812204151186143,0.513604335589352,52,76,52,76,,5000,5000,1.0,3021694564,20260901
B1_spatial,1.0,stability,per_class,all,micro,bg_mean,0.5518544217963633,0.5473020202147796,0.5564898972161028,76,76,76,76,,5000,5000,1.0,3021694564,20260901
B1_spatial,1.0,stability,per_class,all,micro,target_median,0.4220088799794515,0.4037525031176445,0.4395754184843482,75,76,75,76,,5000,5000,1.0,3021694564,20260901
B1_spatial,1.0,stability,per_class,all,micro,other_fg_median,0.459333827575812,0.4409600437285289,0.4767396873428335,52,76,52,76,,5000,5000,1.0,3021694564,20260901
B1_spatial,1.0,stability,per_class,all,micro,bg_median,0.5278322641786776,0.5221198967707,0.5335673578328599,76,76,76,76,,5000,5000,1.0,3021694564,20260901
B1_spatial,1.0,stability,per_class,all,micro,target_hit,0.16853932584269662,0.1348314606741573,0.20449438202247192,445,445,445,445,,5000,5000,1.0,3021694564,20260901
B1_spatial,1.0,stability,per_class,all,micro,other_fg_hit,0.22696629213483147,0.18876404494382024,0.2651685393258427,445,445,445,445,,5000,5000,1.0,3021694564,20260901
B1_spatial,1.0,stability,per_class,all,micro,background_hit,0.604494382022472,0.5595505617977528,0.651685393258427,445,445,445,445,,5000,5000,1.0,3021694564,20260901
B1_spatial,1.0,stability,per_class,all,micro,target_top05_fraction,0.1664155692033187,0.14698128250353415,0.18624940201608106,445,445,445,445,,5000,5000,1.0,3021694564,20260901
B1_spatial,1.0,stability,per_class,all,micro,other_fg_top05_fraction,0.2192776708723399,0.19602010043380613,0.2420718576929012,445,445,445,445,,5000,5000,1.0,3021694564,20260901
B1_spatial,1.0,stability,per_class,all,micro,bg_top05_fraction,0.6139594460909251,0.5891506945722162,0.6391701618424966,445,445,445,445,,5000,5000,1.0,3021694564,20260901
B1_spatial,1.0,stability,per_class,all,micro,target_tail_enrich_05,0.5306171018082724,0.4752149114212617,0.5981130116005545,413,445,413,445,,5000,5000,1.0,3021694564,20260901
B1_spatial,1.0,stability,per_class,all,micro,other_fg_tail_enrich_05,0.9922300610033606,0.9336232636187048,1.05155420456142,373,445,373,445,,5000,5000,1.0,3021694564,20260901
B1_spatial,1.0,stability,per_class,all,micro,bg_tail_enrich_05,1.0856102545970816,1.059691409610662,1.1123356658491055,441,445,441,445,,5000,5000,1.0,3021694564,20260901
B1_spatial,1.0,stability,per_class,all,micro,target_top10_fraction,0.16995897517359138,0.1506222439886259,0.18986300493477268,445,445,445,445,,5000,5000,1.0,3021694564,20260901
B1_spatial,1.0,stability,per_class,all,micro,other_fg_top10_fraction,0.21838040894031543,0.19577947506113622,0.24109201391972288,445,445,445,445,,5000,5000,1.0,3021694564,20260901
B1_spatial,1.0,stability,per_class,all,micro,bg_top10_fraction,0.6112234704747057,0.586320628976134,0.6360244564008167,445,445,445,445,,5000,5000,1.0,3021694564,20260901
B1_spatial,1.0,stability,per_class,all,micro,target_tail_enrich_10,0.5511515950101581,0.5102741531180368,0.59476830359449,413,445,413,445,,5000,5000,1.0,3021694564,20260901
B1_spatial,1.0,stability,per_class,all,micro,other_fg_tail_enrich_10,0.9800242587550108,0.9282804422132276,1.0316427903792935,373,445,373,445,,5000,5000,1.0,3021694564,20260901
B1_spatial,1.0,stability,per_class,all,micro,bg_tail_enrich_10,1.0766141032462246,1.056954699938468,1.097218041662506,441,445,441,445,,5000,5000,1.0,3021694564,20260901
B1_spatial,1.0,stability,per_class,all,micro,target_top20_fraction,0.17146509124054315,0.15217114396898526,0.19113925984602403,445,445,445,445,,5000,5000,1.0,3021694564,20260901
B1_spatial,1.0,stability,per_class,all,micro,other_fg_top20_fraction,0.21562192534566801,0.19351769414090783,0.2378034989323702,445,445,445,445,,5000,5000,1.0,3021694564,20260901
B1_spatial,1.0,stability,per_class,all,micro,bg_top20_fraction,0.6123689802419253,0.5884012972817889,0.6367559589466322,445,445,445,445,,5000,5000,1.0,3021694564,20260901
B1_spatial,1.0,stability,per_class,all,micro,target_tail_enrich_20,0.5618987690180934,0.5287741741350062,0.5950188155135581,413,445,413,445,,5000,5000,1.0,3021694564,20260901
B1_spatial,1.0,stability,per_class,all,micro,other_fg_tail_enrich_20,0.9968816141721168,0.953012030736975,1.040688347874147,373,445,373,445,,5000,5000,1.0,3021694564,20260901
B1_spatial,1.0,stability,per_class,all,micro,bg_tail_enrich_20,1.083136506324383,1.067113459428039,1.1002469703356612,441,445,441,445,,5000,5000,1.0,3021694564,20260901
B1_spatial,1.0,stability,per_class,all,micro,auc_target_bg,0.311185881820779,0.29838932029373133,0.3237238449606672,409,445,409,445,,5000,5000,1.0,3021694564,20260901
B1_spatial,1.0,stability,per_class,all,micro,ap_target_bg,0.25633569282265317,0.23355419149859458,0.27983556821563443,409,445,409,445,,5000,5000,1.0,3021694564,20260901
B1_spatial,1.0,stability,per_class,all,micro,auc_target_other,0.33269991247678843,0.3141039790046412,0.3510837536409522,343,445,343,445,,5000,5000,1.0,3021694564,20260901
B1_spatial,1.0,stability,per_class,all,micro,ap_target_other,0.4287627192490566,0.3941121051360632,0.46268726466248494,343,445,343,445,,5000,5000,1.0,3021694564,20260901
B1_spatial,1.0,stability,per_class,all,micro,target_mean,0.4062704034450454,0.3959872324244597,0.4163303101221559,413,445,413,445,,5000,5000,1.0,3021694564,20260901
B1_spatial,1.0,stability,per_class,all,micro,other_fg_mean,0.521387709272132,0.5135059444125923,0.5293902344395301,373,445,373,445,,5000,5000,1.0,3021694564,20260901
B1_spatial,1.0,stability,per_class,all,micro,bg_mean,0.5449844103416338,0.5423431294475323,0.5478553355079536,441,445,441,445,,5000,5000,1.0,3021694564,20260901
B1_spatial,1.0,stability,per_class,all,micro,target_median,0.3582691850668365,0.34727542619258006,0.36880709785919097,413,445,413,445,,5000,5000,1.0,3021694564,20260901
B1_spatial,1.0,stability,per_class,all,micro,other_fg_median,0.4958245016974035,0.48679803944132166,0.5050774451473244,373,445,373,445,,5000,5000,1.0,3021694564,20260901
B1_spatial,1.0,stability,per_class,all,micro,bg_median,0.5205453696096836,0.5170470926425049,0.5242407471743873,441,445,441,445,,5000,5000,1.0,3021694564,20260901
B1_spatial,1.0,stability,per_class,all,micro,target_hit,0.12941176470588237,0.058823529411764705,0.2,85,85,85,85,,5000,5000,1.0,3021694564,20260901
B1_spatial,1.0,stability,per_class,all,micro,other_fg_hit,0.2,0.11764705882352941,0.29411764705882354,85,85,85,85,,5000,5000,1.0,3021694564,20260901
B1_spatial,1.0,stability,per_class,all,micro,background_hit,0.6705882352941176,0.5647058823529412,0.7647058823529411,85,85,85,85,,5000,5000,1.0,3021694564,20260901
B1_spatial,1.0,stability,per_class,all,micro,target_top05_fraction,0.10718605588794931,0.06979403913139468,0.14933423284950706,85,85,85,85,,5000,5000,1.0,3021694564,20260901
B1_spatial,1.0,stability,per_class,all,micro,other_fg_top05_fraction,0.2095222906281912,0.16093594821884294,0.26289434835161923,85,85,85,85,,5000,5000,1.0,3021694564,20260901
B1_spatial,1.0,stability,per_class,all,micro,bg_top05_fraction,0.6829736884600123,0.6305427598372013,0.7330731178718708,85,85,85,85,,5000,5000,1.0,3021694564,20260901
B1_spatial,1.0,stability,per_class,all,micro,target_tail_enrich_05,0.5451923113406856,0.41492320445205694,0.6835934877496056,68,85,68,85,,5000,5000,1.0,3021694564,20260901
B1_spatial,1.0,stability,per_class,all,micro,other_fg_tail_enrich_05,1.0819786844387385,0.9542638171459923,1.2113411996377947,60,85,60,85,,5000,5000,1.0,3021694564,20260901
B1_spatial,1.0,stability,per_class,all,micro,bg_tail_enrich_05,0.9709853786656634,0.9370472878029963,1.0025765132962936,85,85,85,85,,5000,5000,1.0,3021694564,20260901
B1_spatial,1.0,stability,per_class,all,micro,target_top10_fraction,0.10806983225278331,0.07193741176405295,0.14940608896183194,85,85,85,85,,5000,5000,1.0,3021694564,20260901
B1_spatial,1.0,stability,per_class,all,micro,other_fg_top10_fraction,0.20398473012105067,0.156200633813394,0.2569399535026024,85,85,85,85,,5000,5000,1.0,3021694564,20260901
B1_spatial,1.0,stability,per_class,all,micro,bg_top10_fraction,0.6874702680333492,0.635572730351418,0.7365489159217655,85,85,85,85,,5000,5000,1.0,3021694564,20260901
B1_spatial,1.0,stability,per_class,all,micro,target_tail_enrich_10,0.6070081474088522,0.4899425774225738,0.7286711465088324,68,85,68,85,,5000,5000,1.0,3021694564,20260901
B1_spatial,1.0,stability,per_class,all,micro,other_fg_tail_enrich_10,1.010198317087563,0.9189643661443789,1.098031043129362,60,85,60,85,,5000,5000,1.0,3021694564,20260901
B1_spatial,1.0,stability,per_class,all,micro,bg_tail_enrich_10,0.9802839660154126,0.9496493858524742,1.008337225375804,85,85,85,85,,5000,5000,1.0,3021694564,20260901
B1_spatial,1.0,stability,per_class,all,micro,target_top20_fraction,0.10599895168097184,0.07024722167382384,0.147553295951518,85,85,85,85,,5000,5000,1.0,3021694564,20260901
B1_spatial,1.0,stability,per_class,all,micro,other_fg_top20_fraction,0.20221144443022732,0.15521884644713355,0.25361579952730995,85,85,85,85,,5000,5000,1.0,3021694564,20260901
B1_spatial,1.0,stability,per_class,all,micro,bg_top20_fraction,0.6914623517758344,0.6402657094760952,0.7388902354090126,85,85,85,85,,5000,5000,1.0,3021694564,20260901
B1_spatial,1.0,stability,per_class,all,micro,target_tail_enrich_20,0.5819185185783795,0.48023886118670317,0.6843522608132369,68,85,68,85,,5000,5000,1.0,3021694564,20260901
B1_spatial,1.0,stability,per_class,all,micro,other_fg_tail_enrich_20,0.9975890386713385,0.9148483476093007,1.0733986945486194,60,85,60,85,,5000,5000,1.0,3021694564,20260901
B1_spatial,1.0,stability,per_class,all,micro,bg_tail_enrich_20,0.9870269025185316,0.9619158275914469,1.0099812457752988,85,85,85,85,,5000,5000,1.0,3021694564,20260901
B1_spatial,1.0,stability,per_class,all,micro,auc_target_bg,0.34530632176911114,0.3081617507906777,0.3818675042948048,68,85,68,85,,5000,5000,1.0,3021694564,20260901
B1_spatial,1.0,stability,per_class,all,micro,ap_target_bg,0.15853890344118973,0.11452933323666174,0.20825111447026,68,85,68,85,,5000,5000,1.0,3021694564,20260901
B1_spatial,1.0,stability,per_class,all,micro,auc_target_other,0.29361476175958795,0.2445325750881194,0.3464300411431782,44,85,44,85,,5000,5000,1.0,3021694564,20260901
B1_spatial,1.0,stability,per_class,all,micro,ap_target_other,0.21198956848331854,0.13540980915032375,0.29333295861467923,44,85,44,85,,5000,5000,1.0,3021694564,20260901
B1_spatial,1.0,stability,per_class,all,micro,target_mean,0.42002677863627874,0.3935714716357183,0.445332804833734,68,85,68,85,,5000,5000,1.0,3021694564,20260901
B1_spatial,1.0,stability,per_class,all,micro,other_fg_mean,0.5330701503327921,0.515337722316931,0.5482524164294934,60,85,60,85,,5000,5000,1.0,3021694564,20260901
B1_spatial,1.0,stability,per_class,all,micro,bg_mean,0.5282169406010176,0.5233497960958993,0.5326885090842093,85,85,85,85,,5000,5000,1.0,3021694564,20260901
B1_spatial,1.0,stability,per_class,all,micro,target_median,0.38055635692880435,0.35326670902477486,0.4075897913293001,68,85,68,85,,5000,5000,1.0,3021694564,20260901
B1_spatial,1.0,stability,per_class,all,micro,other_fg_median,0.5072139608363311,0.48681500044429765,0.525236889057459,60,85,60,85,,5000,5000,1.0,3021694564,20260901
B1_spatial,1.0,stability,per_class,all,micro,bg_median,0.49720101286383234,0.4915101607056225,0.5024647936224937,85,85,85,85,,5000,5000,1.0,3021694564,20260901
B1_spatial,1.0,stability,per_class,all,micro,target_hit,0.22807017543859648,0.12280701754385964,0.3333333333333333,57,57,57,57,,5000,5000,1.0,3021694564,20260901
B1_spatial,1.0,stability,per_class,all,micro,other_fg_hit,0.017543859649122806,0.0,0.05263157894736842,57,57,57,57,,5000,5000,1.0,3021694564,20260901
B1_spatial,1.0,stability,per_class,all,micro,background_hit,0.7543859649122807,0.631578947368421,0.8596491228070176,57,57,57,57,,5000,5000,1.0,3021694564,20260901
B1_spatial,1.0,stability,per_class,all,micro,target_top05_fraction,0.2532413413992361,0.1953690079001713,0.31474437629389146,57,57,57,57,,5000,5000,1.0,3021694564,20260901
B1_spatial,1.0,stability,per_class,all,micro,other_fg_top05_fraction,0.01417004048582996,0.00044984255510571296,0.033518893387314355,57,57,57,57,,5000,5000,1.0,3021694564,20260901
B1_spatial,1.0,stability,per_class,all,micro,bg_top05_fraction,0.7325886181149339,0.6722455143836723,0.7898214820479365,57,57,57,57,,5000,5000,1.0,3021694564,20260901
B1_spatial,1.0,stability,per_class,all,micro,target_tail_enrich_05,0.690375731654711,0.5683455251842431,0.8109400910285567,57,57,57,57,,5000,5000,1.0,3021694564,20260901
B1_spatial,1.0,stability,per_class,all,micro,other_fg_tail_enrich_05,0.8792390243114123,0.2578650663738115,1.4105870445204867,5,57,5,57,,5000,4971,0.9942,3021694564,20260901
B1_spatial,1.0,stability,per_class,all,micro,bg_tail_enrich_05,1.0400626540057125,1.0060741863875409,1.0742121798572855,57,57,57,57,,5000,5000,1.0,3021694564,20260901
B1_spatial,1.0,stability,per_class,all,micro,target_top10_fraction,0.25029273640690586,0.19364335716585096,0.31035607912323426,57,57,57,57,,5000,5000,1.0,3021694564,20260901
B1_spatial,1.0,stability,per_class,all,micro,other_fg_top10_fraction,0.013480363895876363,0.0006835269993164729,0.032279047514504576,57,57,57,57,,5000,5000,1.0,3021694564,20260901
B1_spatial,1.0,stability,per_class,all,micro,bg_top10_fraction,0.7351022193586803,0.6762695133292979,0.791114315623555,57,57,57,57,,5000,5000,1.0,3021694564,20260901
B1_spatial,1.0,stability,per_class,all,micro,target_tail_enrich_10,0.7044261811740616,0.6099177039483188,0.7966861382302897,57,57,57,57,,5000,5000,1.0,3021694564,20260901
B1_spatial,1.0,stability,per_class,all,micro,other_fg_tail_enrich_10,0.8062281261029742,0.3183199778892445,1.1992240215881425,5,57,5,57,,5000,4971,0.9942,3021694564,20260901
B1_spatial,1.0,stability,per_class,all,micro,bg_tail_enrich_10,1.0458044428409718,1.0209973212542884,1.0730956104270786,57,57,57,57,,5000,5000,1.0,3021694564,20260901
B1_spatial,1.0,stability,per_class,all,micro,target_top20_fraction,0.25194213127692006,0.19677689274808907,0.31019049854050496,57,57,57,57,,5000,5000,1.0,3021694564,20260901
B1_spatial,1.0,stability,per_class,all,micro,other_fg_top20_fraction,0.012732279939816035,0.0006925207756232687,0.030651086531665657,57,57,57,57,,5000,5000,1.0,3021694564,20260901
B1_spatial,1.0,stability,per_class,all,micro,bg_top20_fraction,0.7346463766593478,0.6765972557666255,0.7897745455203253,57,57,57,57,,5000,5000,1.0,3021694564,20260901
B1_spatial,1.0,stability,per_class,all,micro,target_tail_enrich_20,0.6965081651400548,0.6066477594101817,0.7821086012689108,57,57,57,57,,5000,5000,1.0,3021694564,20260901
B1_spatial,1.0,stability,per_class,all,micro,other_fg_tail_enrich_20,0.7655191846890466,0.303868708121066,1.1190489703745379,5,57,5,57,,5000,4971,0.9942,3021694564,20260901
B1_spatial,1.0,stability,per_class,all,micro,bg_tail_enrich_20,1.0464949662935596,1.0285567008566883,1.0651968808435532,57,57,57,57,,5000,5000,1.0,3021694564,20260901
B1_spatial,1.0,stability,per_class,all,micro,auc_target_bg,0.38515336781540055,0.3532357577336171,0.41454152166435027,57,57,57,57,,5000,5000,1.0,3021694564,20260901
B1_spatial,1.0,stability,per_class,all,micro,ap_target_bg,0.26957214839472277,0.21544074463584537,0.326156784076003,57,57,57,57,,5000,5000,1.0,3021694564,20260901
B1_spatial,1.0,stability,per_class,all,micro,auc_target_other,0.44999712385327034,0.1685511579567841,0.7453240161312752,5,57,5,57,,5000,4971,0.9942,3021694564,20260901
B1_spatial,1.0,stability,per_class,all,micro,ap_target_other,0.5164533858786146,0.20446422109182755,0.8531544922585105,5,57,5,57,,5000,4971,0.9942,3021694564,20260901
B1_spatial,1.0,stability,per_class,all,micro,target_mean,0.46090174132428474,0.43702797238895696,0.48210895670153764,57,57,57,57,,5000,5000,1.0,3021694564,20260901
B1_spatial,1.0,stability,per_class,all,micro,other_fg_mean,0.4640963419369106,0.3313742795338233,0.5391063217551281,5,57,5,57,,5000,4971,0.9942,3021694564,20260901
B1_spatial,1.0,stability,per_class,all,micro,bg_mean,0.5418467760490316,0.5384694291106222,0.5452531926448533,57,57,57,57,,5000,5000,1.0,3021694564,20260901
B1_spatial,1.0,stability,per_class,all,micro,target_median,0.41817756245533627,0.3930957817390822,0.4406020942487215,57,57,57,57,,5000,5000,1.0,3021694564,20260901
B1_spatial,1.0,stability,per_class,all,micro,other_fg_median,0.4472414255142212,0.3343085249265035,0.5276356041431427,5,57,5,57,,5000,4971,0.9942,3021694564,20260901
B1_spatial,1.0,stability,per_class,all,micro,bg_median,0.5127738348224706,0.5087962558591053,0.5168546657225018,57,57,57,57,,5000,5000,1.0,3021694564,20260901
B1_spatial,1.0,stability,per_class,all,micro,target_hit,0.14444444444444443,0.07777777777777778,0.2222222222222222,90,90,90,90,,5000,5000,1.0,3021694564,20260901
B1_spatial,1.0,stability,per_class,all,micro,other_fg_hit,0.17777777777777778,0.1,0.25555555555555554,90,90,90,90,,5000,5000,1.0,3021694564,20260901
B1_spatial,1.0,stability,per_class,all,micro,background_hit,0.6777777777777778,0.5777777777777777,0.7666666666666667,90,90,90,90,,5000,5000,1.0,3021694564,20260901
B1_spatial,1.0,stability,per_class,all,micro,target_top05_fraction,0.18998790478795635,0.1452357457602878,0.2396553769030872,90,90,90,90,,5000,5000,1.0,3021694564,20260901
B1_spatial,1.0,stability,per_class,all,micro,other_fg_top05_fraction,0.1614400824585293,0.11970067093249821,0.20612480595388233,90,90,90,90,,5000,5000,1.0,3021694564,20260901
B1_spatial,1.0,stability,per_class,all,micro,bg_top05_fraction,0.6482871124686141,0.5842107326347364,0.7061747786745366,90,90,90,90,,5000,5000,1.0,3021694564,20260901
B1_spatial,1.0,stability,per_class,all,micro,target_tail_enrich_05,0.6293070268301467,0.5556894089186102,0.7062176607514887,88,90,88,90,,5000,5000,1.0,3021694564,20260901
B1_spatial,1.0,stability,per_class,all,micro,other_fg_tail_enrich_05,0.8618383480415412,0.721388884477598,0.9987129431141919,63,90,63,90,,5000,5000,1.0,3021694564,20260901
B1_spatial,1.0,stability,per_class,all,micro,bg_tail_enrich_05,1.1244449022579233,1.067078466852913,1.2002537930444575,85,90,85,90,,5000,5000,1.0,3021694564,20260901
B1_spatial,1.0,stability,per_class,all,micro,target_top10_fraction,0.1959965489055443,0.15085262790952308,0.2458461415790449,90,90,90,90,,5000,5000,1.0,3021694564,20260901
B1_spatial,1.0,stability,per_class,all,micro,other_fg_top10_fraction,0.16441540764585977,0.1217688897349963,0.210822975402352,90,90,90,90,,5000,5000,1.0,3021694564,20260901
B1_spatial,1.0,stability,per_class,all,micro,bg_top10_fraction,0.6391642993539658,0.574809047391445,0.6983459098670732,90,90,90,90,,5000,5000,1.0,3021694564,20260901
B1_spatial,1.0,stability,per_class,all,micro,target_tail_enrich_10,0.6416750592354138,0.5754840420916713,0.70971562164788,88,90,88,90,,5000,5000,1.0,3021694564,20260901
B1_spatial,1.0,stability,per_class,all,micro,other_fg_tail_enrich_10,0.8840444437419192,0.7633104432901933,0.9989442722683272,63,90,63,90,,5000,5000,1.0,3021694564,20260901
B1_spatial,1.0,stability,per_class,all,micro,bg_tail_enrich_10,1.0838137883989847,1.048669347998953,1.119060093308074,85,90,85,90,,5000,5000,1.0,3021694564,20260901
B1_spatial,1.0,stability,per_class,all,micro,target_top20_fraction,0.20080101452620075,0.15552216202362643,0.2505964772109739,90,90,90,90,,5000,5000,1.0,3021694564,20260901
B1_spatial,1.0,stability,per_class,all,micro,other_fg_top20_fraction,0.16442351324899399,0.1224488986260858,0.2102396825400714,90,90,90,90,,5000,5000,1.0,3021694564,20260901
B1_spatial,1.0,stability,per_class,all,micro,bg_top20_fraction,0.6343476084420973,0.5704906680058874,0.6930045363724753,90,90,90,90,,5000,5000,1.0,3021694564,20260901
B1_spatial,1.0,stability,per_class,all,micro,target_tail_enrich_20,0.6637808365110313,0.6068132590316546,0.7206489049819135,88,90,88,90,,5000,5000,1.0,3021694564,20260901
B1_spatial,1.0,stability,per_class,all,micro,other_fg_tail_enrich_20,0.8681249103046557,0.7693082120414587,0.958830229006658,63,90,63,90,,5000,5000,1.0,3021694564,20260901
B1_spatial,1.0,stability,per_class,all,micro,bg_tail_enrich_20,1.0713249406206666,1.0401206534315441,1.1006531364622543,85,90,85,90,,5000,5000,1.0,3021694564,20260901
B1_spatial,1.0,stability,per_class,all,micro,auc_target_bg,0.36556436679516696,0.3432027776164956,0.38780867825016513,83,90,83,90,,5000,5000,1.0,3021694564,20260901
B1_spatial,1.0,stability,per_class,all,micro,ap_target_bg,0.24152550947133544,0.19575503451413914,0.2910419567138219,83,90,83,90,,5000,5000,1.0,3021694564,20260901
B1_spatial,1.0,stability,per_class,all,micro,auc_target_other,0.44091059453387044,0.40559655759961966,0.4798705078643847,61,90,61,90,,5000,5000,1.0,3021694564,20260901
B1_spatial,1.0,stability,per_class,all,micro,ap_target_other,0.4871829960400419,0.4091370218569479,0.5697687596635218,61,90,61,90,,5000,5000,1.0,3021694564,20260901
B1_spatial,1.0,stability,per_class,all,micro,target_mean,0.4533750071776131,0.43984458072988253,0.46652276770167145,88,90,88,90,,5000,5000,1.0,3021694564,20260901
B1_spatial,1.0,stability,per_class,all,micro,other_fg_mean,0.4926912616907878,0.46966542518321436,0.5129233483196387,63,90,63,90,,5000,5000,1.0,3021694564,20260901
B1_spatial,1.0,stability,per_class,all,micro,bg_mean,0.5451537464276791,0.540115563340524,0.5501857494733103,85,90,85,90,,5000,5000,1.0,3021694564,20260901
B1_spatial,1.0,stability,per_class,all,micro,target_median,0.4067379789934917,0.391545390382666,0.42161740831731037,88,90,88,90,,5000,5000,1.0,3021694564,20260901
B1_spatial,1.0,stability,per_class,all,micro,other_fg_median,0.46038830942577785,0.4357602620227397,0.48317517358003365,63,90,63,90,,5000,5000,1.0,3021694564,20260901
B1_spatial,1.0,stability,per_class,all,micro,bg_median,0.5202048436683767,0.5140564226802845,0.5262244993030509,85,90,85,90,,5000,5000,1.0,3021694564,20260901
B1_spatial,1.0,stability,per_class,all,micro,target_hit,0.4523809523809524,0.34523809523809523,0.5595238095238095,84,84,84,84,,5000,5000,1.0,3021694564,20260901
B1_spatial,1.0,stability,per_class,all,micro,other_fg_hit,0.011904761904761904,0.0,0.03571428571428571,84,84,84,84,,5000,5000,1.0,3021694564,20260901
B1_spatial,1.0,stability,per_class,all,micro,background_hit,0.5357142857142857,0.42857142857142855,0.6428571428571429,84,84,84,84,,5000,5000,1.0,3021694564,20260901
B1_spatial,1.0,stability,per_class,all,micro,target_top05_fraction,0.41862717981139025,0.36387798720857917,0.47472440974085706,84,84,84,84,,5000,5000,1.0,3021694564,20260901
B1_spatial,1.0,stability,per_class,all,micro,other_fg_top05_fraction,0.011505794400531243,0.0006185335132703554,0.02748290330527169,84,84,84,84,,5000,5000,1.0,3021694564,20260901
B1_spatial,1.0,stability,per_class,all,micro,bg_top05_fraction,0.5689512748723276,0.5152829355707644,0.6230341102380575,84,84,84,84,,5000,5000,1.0,3021694564,20260901
B1_spatial,1.0,stability,per_class,all,micro,target_tail_enrich_05,1.0180949549756457,0.9443959148765504,1.0866235643521551,84,84,84,84,,5000,5000,1.0,3021694564,20260901
B1_spatial,1.0,stability,per_class,all,micro,other_fg_tail_enrich_05,0.4040999351043775,0.10328233857612021,0.7515704909753856,10,84,10,84,,5000,5000,1.0,3021694564,20260901
B1_spatial,1.0,stability,per_class,all,micro,bg_tail_enrich_05,0.9322821912327687,0.8936263718391234,0.9708825046043693,83,84,83,84,,5000,5000,1.0,3021694564,20260901
B1_spatial,1.0,stability,per_class,all,micro,target_top10_fraction,0.4161901115358968,0.3626920814783236,0.47057383535558495,84,84,84,84,,5000,5000,1.0,3021694564,20260901
B1_spatial,1.0,stability,per_class,all,micro,other_fg_top10_fraction,0.01041016384061497,0.0004578754578754579,0.023965826362442905,84,84,84,84,,5000,5000,1.0,3021694564,20260901
B1_spatial,1.0,stability,per_class,all,micro,bg_top10_fraction,0.5724759929666738,0.5204716280793185,0.6250836251982548,84,84,84,84,,5000,5000,1.0,3021694564,20260901
B1_spatial,1.0,stability,per_class,all,micro,target_tail_enrich_10,1.0253534227228722,0.9590749349795645,1.08740559171368,84,84,84,84,,5000,5000,1.0,3021694564,20260901
B1_spatial,1.0,stability,per_class,all,micro,other_fg_tail_enrich_10,0.3517048877184127,0.08005065840530932,0.6521459769262058,10,84,10,84,,5000,5000,1.0,3021694564,20260901
B1_spatial,1.0,stability,per_class,all,micro,bg_tail_enrich_10,0.9391386189604323,0.902443641366532,0.9741875754171566,83,84,83,84,,5000,5000,1.0,3021694564,20260901
B1_spatial,1.0,stability,per_class,all,micro,target_top20_fraction,0.41017832239181107,0.3573237629403686,0.4637892255863034,84,84,84,84,,5000,5000,1.0,3021694564,20260901
B1_spatial,1.0,stability,per_class,all,micro,other_fg_top20_fraction,0.011210158475884609,0.0010006464184305283,0.024984079403404587,84,84,84,84,,5000,5000,1.0,3021694564,20260901
B1_spatial,1.0,stability,per_class,all,micro,bg_top20_fraction,0.5781486293704832,0.5260994953235668,0.6299608048089307,84,84,84,84,,5000,5000,1.0,3021694564,20260901
B1_spatial,1.0,stability,per_class,all,micro,target_tail_enrich_20,1.006849763276496,0.9475723627419006,1.0622686667299936,84,84,84,84,,5000,5000,1.0,3021694564,20260901
B1_spatial,1.0,stability,per_class,all,micro,other_fg_tail_enrich_20,0.5167821026029523,0.2650778905427485,0.777938259079312,10,84,10,84,,5000,5000,1.0,3021694564,20260901
B1_spatial,1.0,stability,per_class,all,micro,bg_tail_enrich_20,0.9520051802747784,0.9228708652139446,0.9809448962132645,83,84,83,84,,5000,5000,1.0,3021694564,20260901
B1_spatial,1.0,stability,per_class,all,micro,auc_target_bg,0.5108228829940006,0.4900090642554987,0.5304578067132938,83,84,83,84,,5000,5000,1.0,3021694564,20260901
B1_spatial,1.0,stability,per_class,all,micro,ap_target_bg,0.4071315195167075,0.3581240129599034,0.4569464931762888,83,84,83,84,,5000,5000,1.0,3021694564,20260901
B1_spatial,1.0,stability,per_class,all,micro,auc_target_other,0.5942417313608686,0.460071797384393,0.7366561494579629,10,84,10,84,,5000,5000,1.0,3021694564,20260901
B1_spatial,1.0,stability,per_class,all,micro,ap_target_other,0.7321356447352512,0.49216872030372105,0.95967385377969,10,84,10,84,,5000,5000,1.0,3021694564,20260901
B1_spatial,1.0,stability,per_class,all,micro,target_mean,0.5294367359099302,0.5184150525923548,0.5390529645913406,84,84,84,84,,5000,5000,1.0,3021694564,20260901
B1_spatial,1.0,stability,per_class,all,micro,other_fg_mean,0.40677179088670573,0.32655692910251954,0.4817383826687667,10,84,10,84,,5000,5000,1.0,3021694564,20260901
B1_spatial,1.0,stability,per_class,all,micro,bg_mean,0.5218298452437476,0.5165643450241552,0.5271285576073406,83,84,83,84,,5000,5000,1.0,3021694564,20260901
B1_spatial,1.0,stability,per_class,all,micro,target_median,0.4991305897988024,0.4858329636576985,0.511255904145184,84,84,84,84,,5000,5000,1.0,3021694564,20260901
B1_spatial,1.0,stability,per_class,all,micro,other_fg_median,0.37130260840058327,0.2946752818922202,0.4446727544911914,10,84,10,84,,5000,5000,1.0,3021694564,20260901
B1_spatial,1.0,stability,per_class,all,micro,bg_median,0.4877979785922062,0.4803552767194538,0.4949335284649019,83,84,83,84,,5000,5000,1.0,3021694564,20260901
B1_spatial,1.0,stability,per_class,all,micro,target_hit,0.12162162162162163,0.05405405405405406,0.20270270270270271,74,74,74,74,,5000,5000,1.0,3021694564,20260901
B1_spatial,1.0,stability,per_class,all,micro,other_fg_hit,0.14864864864864866,0.08108108108108109,0.22972972972972974,74,74,74,74,,5000,5000,1.0,3021694564,20260901
B1_spatial,1.0,stability,per_class,all,micro,background_hit,0.7297297297297297,0.6216216216216216,0.8243243243243243,74,74,74,74,,5000,5000,1.0,3021694564,20260901
B1_spatial,1.0,stability,per_class,all,micro,target_top05_fraction,0.1521838599185683,0.10615717047882767,0.20560850303471206,74,74,74,74,,5000,5000,1.0,3021694564,20260901
B1_spatial,1.0,stability,per_class,all,micro,other_fg_top05_fraction,0.12615425771542413,0.08052970963221673,0.17643899733248947,74,74,74,74,,5000,5000,1.0,3021694564,20260901
B1_spatial,1.0,stability,per_class,all,micro,bg_top05_fraction,0.7213153820195072,0.6659559692365524,0.7757108372871174,74,74,74,74,,5000,5000,1.0,3021694564,20260901
B1_spatial,1.0,stability,per_class,all,micro,target_tail_enrich_05,0.59122547501356,0.49067713874502283,0.6986532500869873,67,74,67,74,,5000,5000,1.0,3021694564,20260901
B1_spatial,1.0,stability,per_class,all,micro,other_fg_tail_enrich_05,0.9963715227962975,0.8133315900593758,1.1987450673947364,37,74,37,74,,5000,5000,1.0,3021694564,20260901
B1_spatial,1.0,stability,per_class,all,micro,bg_tail_enrich_05,1.0118907391053031,0.9641894506008256,1.0525067085812478,73,74,73,74,,5000,5000,1.0,3021694564,20260901
B1_spatial,1.0,stability,per_class,all,micro,target_top10_fraction,0.15396950378786686,0.10665520079188712,0.20771381941043662,74,74,74,74,,5000,5000,1.0,3021694564,20260901
B1_spatial,1.0,stability,per_class,all,micro,other_fg_top10_fraction,0.12628501946778223,0.08197488523556902,0.17512479284464072,74,74,74,74,,5000,5000,1.0,3021694564,20260901
B1_spatial,1.0,stability,per_class,all,micro,bg_top10_fraction,0.7195722265711008,0.6639281365900805,0.7739260390889336,74,74,74,74,,5000,5000,1.0,3021694564,20260901
B1_spatial,1.0,stability,per_class,all,micro,target_tail_enrich_10,0.5797372685079514,0.4898876808818918,0.6722303672409773,67,74,67,74,,5000,5000,1.0,3021694564,20260901
B1_spatial,1.0,stability,per_class,all,micro,other_fg_tail_enrich_10,0.9929220035773266,0.8577706713802478,1.1235383232808738,37,74,37,74,,5000,5000,1.0,3021694564,20260901
B1_spatial,1.0,stability,per_class,all,micro,bg_tail_enrich_10,1.0137203115854496,0.9814899078609154,1.044187479529898,73,74,73,74,,5000,5000,1.0,3021694564,20260901
B1_spatial,1.0,stability,per_class,all,micro,target_top20_fraction,0.1510569339617725,0.10529905849212513,0.20253315933492771,74,74,74,74,,5000,5000,1.0,3021694564,20260901
B1_spatial,1.0,stability,per_class,all,micro,other_fg_top20_fraction,0.1261423642518591,0.08221583781493547,0.17380144614099757,74,74,74,74,,5000,5000,1.0,3021694564,20260901
B1_spatial,1.0,stability,per_class,all,micro,bg_top20_fraction,0.7223647163773368,0.6689573286448575,0.7747022543859232,74,74,74,74,,5000,5000,1.0,3021694564,20260901
B1_spatial,1.0,stability,per_class,all,micro,target_tail_enrich_20,0.5843493115779883,0.5009665845038145,0.6654006398274197,67,74,67,74,,5000,5000,1.0,3021694564,20260901
B1_spatial,1.0,stability,per_class,all,micro,other_fg_tail_enrich_20,1.068117316095431,0.986207658451392,1.1493158599497773,37,74,37,74,,5000,5000,1.0,3021694564,20260901
B1_spatial,1.0,stability,per_class,all,micro,bg_tail_enrich_20,1.0233027491294857,0.9935324197539204,1.0517919212510503,73,74,73,74,,5000,5000,1.0,3021694564,20260901
B1_spatial,1.0,stability,per_class,all,micro,auc_target_bg,0.35041781383241793,0.3219954505209084,0.3784225457904908,66,74,66,74,,5000,5000,1.0,3021694564,20260901
B1_spatial,1.0,stability,per_class,all,micro,ap_target_bg,0.18024707418677677,0.13638270669046673,0.22798371374650225,66,74,66,74,,5000,5000,1.0,3021694564,20260901
B1_spatial,1.0,stability,per_class,all,micro,auc_target_other,0.29109856692318814,0.24065372009693597,0.34343899089978974,31,74,31,74,,5000,5000,1.0,3021694564,20260901
B1_spatial,1.0,stability,per_class,all,micro,ap_target_other,0.3101176777783548,0.21331595905406878,0.41148484436134136,31,74,31,74,,5000,5000,1.0,3021694564,20260901
B1_spatial,1.0,stability,per_class,all,micro,target_mean,0.430489089183381,0.4087858626850423,0.45086157992033377,67,74,67,74,,5000,5000,1.0,3021694564,20260901
B1_spatial,1.0,stability,per_class,all,micro,other_fg_mean,0.5405434035688902,0.5269229625343937,0.5547986375938955,37,74,37,74,,5000,5000,1.0,3021694564,20260901
B1_spatial,1.0,stability,per_class,all,micro,bg_mean,0.5335149372264477,0.5264879004176766,0.5395740287616567,73,74,73,74,,5000,5000,1.0,3021694564,20260901
B1_spatial,1.0,stability,per_class,all,micro,target_median,0.3864332703289701,0.3633287461867154,0.4086682331668479,67,74,67,74,,5000,5000,1.0,3021694564,20260901
B1_spatial,1.0,stability,per_class,all,micro,other_fg_median,0.5124571109945709,0.4941425339056131,0.5315835884426321,37,74,37,74,,5000,5000,1.0,3021694564,20260901
B1_spatial,1.0,stability,per_class,all,micro,bg_median,0.5027849384366649,0.4925955732607154,0.5116936789546954,73,74,73,74,,5000,5000,1.0,3021694564,20260901
B2_feature,1.0,stability,all_positive_classes,all,micro,target_hit,0.21704704238472286,0.1993656187253257,0.23477180625452304,1449,1449,2147,2147,,5000,5000,1.0,3021694564,20260901
B2_feature,1.0,stability,all_positive_classes,all,micro,other_fg_hit,0.14345598509548207,0.12727995566598782,0.15998226820676534,1449,1449,2147,2147,,5000,5000,1.0,3021694564,20260901
B2_feature,1.0,stability,all_positive_classes,all,micro,background_hit,0.6390312063344201,0.614753416923017,0.6621314050667766,1449,1449,2147,2147,,5000,5000,1.0,3021694564,20260901
B2_feature,1.0,stability,all_positive_classes,all,micro,target_top05_fraction,0.21504491911839738,0.20462234866716925,0.22598285381613586,1449,1449,2147,2147,,5000,5000,1.0,3021694564,20260901
B2_feature,1.0,stability,all_positive_classes,all,micro,other_fg_top05_fraction,0.14247618741761486,0.13108491355990629,0.15430615631993821,1449,1449,2147,2147,,5000,5000,1.0,3021694564,20260901
B2_feature,1.0,stability,all_positive_classes,all,micro,bg_top05_fraction,0.6420147549827577,0.6265315536290252,0.6571393001997011,1449,1449,2147,2147,,5000,5000,1.0,3021694564,20260901
B2_feature,1.0,stability,all_positive_classes,all,micro,target_tail_enrich_05,0.6917751899030482,0.666120918078215,0.718615846142555,1441,1449,2031,2147,,5000,5000,1.0,3021694564,20260901
B2_feature,1.0,stability,all_positive_classes,all,micro,other_fg_tail_enrich_05,0.9422771530057944,0.9032064499106508,0.9844609106456698,520,1449,1158,2147,,5000,5000,1.0,3021694564,20260901
B2_feature,1.0,stability,all_positive_classes,all,micro,bg_tail_enrich_05,1.039111741532499,1.027337037570329,1.0511088929447103,1432,1449,2120,2147,,5000,5000,1.0,3021694564,20260901
B2_feature,1.0,stability,all_positive_classes,all,micro,target_top10_fraction,0.21517220251268732,0.2047103748159205,0.22602430080508074,1449,1449,2147,2147,,5000,5000,1.0,3021694564,20260901
B2_feature,1.0,stability,all_positive_classes,all,micro,other_fg_top10_fraction,0.1423669389780695,0.1309931954468563,0.15407678528949814,1449,1449,2147,2147,,5000,5000,1.0,3021694564,20260901
B2_feature,1.0,stability,all_positive_classes,all,micro,bg_top10_fraction,0.6419825146097766,0.6264782828473917,0.6572631114944748,1449,1449,2147,2147,,5000,5000,1.0,3021694564,20260901
B2_feature,1.0,stability,all_positive_classes,all,micro,target_tail_enrich_10,0.6988510460732863,0.6773323409355363,0.7202369968623286,1441,1449,2031,2147,,5000,5000,1.0,3021694564,20260901
B2_feature,1.0,stability,all_positive_classes,all,micro,other_fg_tail_enrich_10,0.9345491826237758,0.9064074586650878,0.963933594546938,520,1449,1158,2147,,5000,5000,1.0,3021694564,20260901
B2_feature,1.0,stability,all_positive_classes,all,micro,bg_tail_enrich_10,1.037381751532054,1.0282362994554006,1.046232553061092,1432,1449,2120,2147,,5000,5000,1.0,3021694564,20260901
B2_feature,1.0,stability,all_positive_classes,all,micro,target_top20_fraction,0.21665266139070902,0.20640921360927655,0.2272218115041522,1449,1449,2147,2147,,5000,5000,1.0,3021694564,20260901
B2_feature,1.0,stability,all_positive_classes,all,micro,other_fg_top20_fraction,0.14236656264946024,0.1310944961422245,0.15396468900946816,1449,1449,2147,2147,,5000,5000,1.0,3021694564,20260901
B2_feature,1.0,stability,all_positive_classes,all,micro,bg_top20_fraction,0.6404988988448612,0.6251782223272054,0.6555901827108046,1449,1449,2147,2147,,5000,5000,1.0,3021694564,20260901
B2_feature,1.0,stability,all_positive_classes,all,micro,target_tail_enrich_20,0.699843253648372,0.6828912351978966,0.7172582293150669,1441,1449,2031,2147,,5000,5000,1.0,3021694564,20260901
B2_feature,1.0,stability,all_positive_classes,all,micro,other_fg_tail_enrich_20,0.9345024106528774,0.9117451857346516,0.9576749857129425,520,1449,1158,2147,,5000,5000,1.0,3021694564,20260901
B2_feature,1.0,stability,all_positive_classes,all,micro,bg_tail_enrich_20,1.0338592703046106,1.0261411055424747,1.04132183797302,1432,1449,2120,2147,,5000,5000,1.0,3021694564,20260901
B2_feature,1.0,stability,all_positive_classes,all,micro,auc_target_bg,0.38045512264172265,0.373964527413551,0.38701648754104784,1424,1449,2004,2147,,5000,5000,1.0,3021694564,20260901
B2_feature,1.0,stability,all_positive_classes,all,micro,ap_target_bg,0.26537074176641445,0.2538246529298911,0.276976019119889,1424,1449,2004,2147,,5000,5000,1.0,3021694564,20260901
B2_feature,1.0,stability,all_positive_classes,all,micro,auc_target_other,0.3795662539289063,0.3715769355591055,0.3874670091250651,462,1449,1052,2147,,5000,5000,1.0,3021694564,20260901
B2_feature,1.0,stability,all_positive_classes,all,micro,ap_target_other,0.4166328817413817,0.4064402292280565,0.42694272286337537,462,1449,1052,2147,,5000,5000,1.0,3021694564,20260901
B2_feature,1.0,stability,all_positive_classes,all,micro,target_mean,0.4524714219225221,0.44815432782058606,0.45672526658661255,1441,1449,2031,2147,,5000,5000,1.0,3021694564,20260901
B2_feature,1.0,stability,all_positive_classes,all,micro,other_fg_mean,0.5107432471030858,0.5059118310935945,0.5155008232077349,520,1449,1158,2147,,5000,5000,1.0,3021694564,20260901
B2_feature,1.0,stability,all_positive_classes,all,micro,bg_mean,0.53676638380824,0.5353584110159375,0.5380973913381809,1432,1449,2120,2147,,5000,5000,1.0,3021694564,20260901
B2_feature,1.0,stability,all_positive_classes,all,micro,target_median,0.41067576312548504,0.4060673693211543,0.4153086470837694,1441,1449,2031,2147,,5000,5000,1.0,3021694564,20260901
B2_feature,1.0,stability,all_positive_classes,all,micro,other_fg_median,0.4810126579603074,0.4754579783726888,0.486364541434657,520,1449,1158,2147,,5000,5000,1.0,3021694564,20260901
B2_feature,1.0,stability,all_positive_classes,all,micro,bg_median,0.5091920105670139,0.5075244157708599,0.5107858472740165,1432,1449,2120,2147,,5000,5000,1.0,3021694564,20260901
B2_feature,1.0,stability,all_positive_classes,all,macro_class,target_hit,0.22675302802685407,0.20760471926777846,0.24596795752923697,1449,1449,2147,2147,20,5000,5000,1.0,3021694564,20260901
B2_feature,1.0,stability,all_positive_classes,all,macro_class,other_fg_hit,0.12039701775257756,0.1054490493686837,0.135820326594722,1449,1449,2147,2147,20,5000,5000,1.0,3021694564,20260901
B2_feature,1.0,stability,all_positive_classes,all,macro_class,background_hit,0.6527375946700065,0.6289628867081536,0.6759351458289891,1449,1449,2147,2147,20,5000,5000,1.0,3021694564,20260901
B2_feature,1.0,stability,all_positive_classes,all,macro_class,target_top05_fraction,0.22303739626878977,0.21226445252708204,0.2341325052657273,1449,1449,2147,2147,20,5000,5000,1.0,3021694564,20260901
B2_feature,1.0,stability,all_positive_classes,all,macro_class,other_fg_top05_fraction,0.12109856340876961,0.11118381540344603,0.13111486556865215,1449,1449,2147,2147,20,5000,5000,1.0,3021694564,20260901
B2_feature,1.0,stability,all_positive_classes,all,macro_class,bg_top05_fraction,0.6553871203394134,0.6412803237311411,0.6690715514762021,1449,1449,2147,2147,20,5000,5000,1.0,3021694564,20260901
B2_feature,1.0,stability,all_positive_classes,all,macro_class,target_tail_enrich_05,0.7118239710431828,0.6863552848085099,0.7385969694217022,1441,1449,2031,2147,20,5000,5000,1.0,3021694564,20260901
B2_feature,1.0,stability,all_positive_classes,all,macro_class,other_fg_tail_enrich_05,0.8528691515900967,0.7974210318599402,0.9083445612635649,520,1449,1158,2147,20,5000,5000,1.0,3021694564,20260901
B2_feature,1.0,stability,all_positive_classes,all,macro_class,bg_tail_enrich_05,1.0320850748852526,1.0221041449336872,1.041827918174785,1432,1449,2120,2147,20,5000,5000,1.0,3021694564,20260901
B2_feature,1.0,stability,all_positive_classes,all,macro_class,target_top10_fraction,0.22293516329744673,0.2121880879256336,0.2338408096604274,1449,1449,2147,2147,20,5000,5000,1.0,3021694564,20260901
B2_feature,1.0,stability,all_positive_classes,all,macro_class,other_fg_top10_fraction,0.12086024325610664,0.11091631361949676,0.1307974126415191,1449,1449,2147,2147,20,5000,5000,1.0,3021694564,20260901
B2_feature,1.0,stability,all_positive_classes,all,macro_class,bg_top10_fraction,0.6556982532068737,0.6415609240021558,0.6691598980003209,1449,1449,2147,2147,20,5000,5000,1.0,3021694564,20260901
B2_feature,1.0,stability,all_positive_classes,all,macro_class,target_tail_enrich_10,0.7171192529804513,0.6956981252599358,0.7383342631416823,1441,1449,2031,2147,20,5000,5000,1.0,3021694564,20260901
B2_feature,1.0,stability,all_positive_classes,all,macro_class,other_fg_tail_enrich_10,0.8397018053892266,0.7917017989117543,0.8873999377953937,520,1449,1158,2147,20,5000,5000,1.0,3021694564,20260901
B2_feature,1.0,stability,all_positive_classes,all,macro_class,bg_tail_enrich_10,1.0321539506545863,1.0238681003556231,1.0401546501669283,1432,1449,2120,2147,20,5000,5000,1.0,3021694564,20260901
B2_feature,1.0,stability,all_positive_classes,all,macro_class,target_top20_fraction,0.22457064518391506,0.21407721499559623,0.23538019036293556,1449,1449,2147,2147,20,5000,5000,1.0,3021694564,20260901
B2_feature,1.0,stability,all_positive_classes,all,macro_class,other_fg_top20_fraction,0.12088203293695392,0.11107705972416514,0.13079359794366266,1449,1449,2147,2147,20,5000,5000,1.0,3021694564,20260901
B2_feature,1.0,stability,all_positive_classes,all,macro_class,bg_top20_fraction,0.6540469421764519,0.6400008415916583,0.6673909136895766,1449,1449,2147,2147,20,5000,5000,1.0,3021694564,20260901
B2_feature,1.0,stability,all_positive_classes,all,macro_class,target_tail_enrich_20,0.7190149443244147,0.7011643966990564,0.7374498435356743,1441,1449,2031,2147,20,5000,5000,1.0,3021694564,20260901
B2_feature,1.0,stability,all_positive_classes,all,macro_class,other_fg_tail_enrich_20,0.8489627376299447,0.8082471935436245,0.887341485979583,520,1449,1158,2147,20,5000,5000,1.0,3021694564,20260901
B2_feature,1.0,stability,all_positive_classes,all,macro_class,bg_tail_enrich_20,1.0285811271840954,1.0216182812520038,1.0354938961095637,1432,1449,2120,2147,20,5000,5000,1.0,3021694564,20260901
B2_feature,1.0,stability,all_positive_classes,all,macro_class,auc_target_bg,0.38949408096796045,0.3832141205580472,0.3959132786892918,1424,1449,2004,2147,20,5000,5000,1.0,3021694564,20260901
B2_feature,1.0,stability,all_positive_classes,all,macro_class,ap_target_bg,0.26258500975890103,0.25142229385670084,0.2736707503731723,1424,1449,2004,2147,20,5000,5000,1.0,3021694564,20260901
B2_feature,1.0,stability,all_positive_classes,all,macro_class,auc_target_other,0.42869172468238104,0.4051394445283051,0.45253235529706415,462,1449,1052,2147,20,5000,5000,1.0,3021694564,20260901
B2_feature,1.0,stability,all_positive_classes,all,macro_class,ap_target_other,0.47102763322775465,0.43850652933634443,0.5042022199384667,462,1449,1052,2147,20,5000,5000,1.0,3021694564,20260901
B2_feature,1.0,stability,all_positive_classes,all,macro_class,target_mean,0.45926855477060335,0.45504928975804126,0.46347479022540944,1441,1449,2031,2147,20,5000,5000,1.0,3021694564,20260901
B2_feature,1.0,stability,all_positive_classes,all,macro_class,other_fg_mean,0.49045574931030717,0.47929266048974595,0.5001257738884147,520,1449,1158,2147,20,5000,5000,1.0,3021694564,20260901
B2_feature,1.0,stability,all_positive_classes,all,macro_class,bg_mean,0.5362791032667046,0.5349881486632148,0.5375353052182553,1432,1449,2120,2147,20,5000,5000,1.0,3021694564,20260901
B2_feature,1.0,stability,all_positive_classes,all,macro_class,target_median,0.41814822528253226,0.41359463789806894,0.42262089405400377,1441,1449,2031,2147,20,5000,5000,1.0,3021694564,20260901
B2_feature,1.0,stability,all_positive_classes,all,macro_class,other_fg_median,0.4597517353877879,0.44878122280785504,0.4698733427482937,520,1449,1158,2147,20,5000,5000,1.0,3021694564,20260901
B2_feature,1.0,stability,all_positive_classes,all,macro_class,bg_median,0.5082382259834979,0.5066420053654529,0.509806554182882,1432,1449,2120,2147,20,5000,5000,1.0,3021694564,20260901
B2_feature,1.0,stability,all_positive_classes,single_label,micro,target_hit,0.3365695792880259,0.3063646170442287,0.3667745415318231,927,927,927,927,,5000,5000,1.0,3021694564,20260901
B2_feature,1.0,stability,all_positive_classes,single_label,micro,other_fg_hit,0.0,0.0,0.0,927,927,927,927,,5000,5000,1.0,3021694564,20260901
B2_feature,1.0,stability,all_positive_classes,single_label,micro,background_hit,0.6634304207119741,0.6332254584681769,0.6936353829557713,927,927,927,927,,5000,5000,1.0,3021694564,20260901
B2_feature,1.0,stability,all_positive_classes,single_label,micro,target_top05_fraction,0.31969178263929293,0.3023164727994717,0.33780154497067705,927,927,927,927,,5000,5000,1.0,3021694564,20260901
B2_feature,1.0,stability,all_positive_classes,single_label,micro,other_fg_top05_fraction,0.0,0.0,0.0,927,927,927,927,,5000,5000,1.0,3021694564,20260901
B2_feature,1.0,stability,all_positive_classes,single_label,micro,bg_top05_fraction,0.6799697054653923,0.6618775951207433,0.6974288418082366,927,927,927,927,,5000,5000,1.0,3021694564,20260901
B2_feature,1.0,stability,all_positive_classes,single_label,micro,target_tail_enrich_05,0.8249914508697839,0.7953888758632948,0.8559560572790655,921,927,921,927,,5000,5000,1.0,3021694564,20260901
B2_feature,1.0,stability,all_positive_classes,single_label,micro,bg_tail_enrich_05,1.0199910509915038,1.006677790269308,1.0336610675112703,918,927,918,927,,5000,5000,1.0,3021694564,20260901
B2_feature,1.0,stability,all_positive_classes,single_label,micro,target_top10_fraction,0.3179196709814902,0.3007374281756923,0.3358935174544089,927,927,927,927,,5000,5000,1.0,3021694564,20260901
B2_feature,1.0,stability,all_positive_classes,single_label,micro,other_fg_top10_fraction,0.0,0.0,0.0,927,927,927,927,,5000,5000,1.0,3021694564,20260901
B2_feature,1.0,stability,all_positive_classes,single_label,micro,bg_top10_fraction,0.681699071057987,0.6637267028507849,0.6988223461196333,927,927,927,927,,5000,5000,1.0,3021694564,20260901
B2_feature,1.0,stability,all_positive_classes,single_label,micro,target_tail_enrich_10,0.8182728864996712,0.7935947185431957,0.8434776157934943,921,927,921,927,,5000,5000,1.0,3021694564,20260901
B2_feature,1.0,stability,all_positive_classes,single_label,micro,bg_tail_enrich_10,1.022648249810488,1.0117325943135393,1.0334490354442551,918,927,918,927,,5000,5000,1.0,3021694564,20260901
B2_feature,1.0,stability,all_positive_classes,single_label,micro,target_top20_fraction,0.3204086569054067,0.3032842157676718,0.3381805384291527,927,927,927,927,,5000,5000,1.0,3021694564,20260901
B2_feature,1.0,stability,all_positive_classes,single_label,micro,other_fg_top20_fraction,0.0,0.0,0.0,927,927,927,927,,5000,5000,1.0,3021694564,20260901
B2_feature,1.0,stability,all_positive_classes,single_label,micro,bg_top20_fraction,0.6791682102566812,0.661367381597897,0.6963141483158712,927,927,927,927,,5000,5000,1.0,3021694564,20260901
B2_feature,1.0,stability,all_positive_classes,single_label,micro,target_tail_enrich_20,0.8250559476303536,0.8031141202796914,0.8466295726265899,921,927,921,927,,5000,5000,1.0,3021694564,20260901
B2_feature,1.0,stability,all_positive_classes,single_label,micro,bg_tail_enrich_20,1.0193824905763724,1.0101384445756605,1.0286202428359676,918,927,918,927,,5000,5000,1.0,3021694564,20260901
B2_feature,1.0,stability,all_positive_classes,single_label,micro,auc_target_bg,0.43523167897851617,0.4271715715067565,0.44313560397596313,912,927,912,927,,5000,5000,1.0,3021694564,20260901
B2_feature,1.0,stability,all_positive_classes,single_label,micro,ap_target_bg,0.3299999730614013,0.31390283009783937,0.3465230200406023,912,927,912,927,,5000,5000,1.0,3021694564,20260901
B2_feature,1.0,stability,all_positive_classes,single_label,micro,target_mean,0.4884295612418917,0.4835378789818725,0.49322969713947107,921,927,921,927,,5000,5000,1.0,3021694564,20260901
B2_feature,1.0,stability,all_positive_classes,single_label,micro,bg_mean,0.5335809803422742,0.5317119822364202,0.5353680117916525,918,927,918,927,,5000,5000,1.0,3021694564,20260901
B2_feature,1.0,stability,all_positive_classes,single_label,micro,target_median,0.45015036837722655,0.444665432902553,0.4555853727807499,921,927,921,927,,5000,5000,1.0,3021694564,20260901
B2_feature,1.0,stability,all_positive_classes,single_label,micro,bg_median,0.5054286355659983,0.503165900843712,0.50763572929914,918,927,918,927,,5000,5000,1.0,3021694564,20260901
B2_feature,1.0,stability,all_positive_classes,single_label,macro_class,target_hit,0.33348191105420105,0.2946809570292252,0.3743806846012954,927,927,927,927,20,5000,5000,1.0,3021694564,20260901
B2_feature,1.0,stability,all_positive_classes,single_label,macro_class,other_fg_hit,0.0,0.0,0.0,927,927,927,927,20,5000,5000,1.0,3021694564,20260901
B2_feature,1.0,stability,all_positive_classes,single_label,macro_class,background_hit,0.6665180889457988,0.6256193153987047,0.7053190429707749,927,927,927,927,20,5000,5000,1.0,3021694564,20260901
B2_feature,1.0,stability,all_positive_classes,single_label,macro_class,target_top05_fraction,0.321940548454295,0.2965415337765457,0.34867976395166456,927,927,927,927,20,5000,5000,1.0,3021694564,20260901
B2_feature,1.0,stability,all_positive_classes,single_label,macro_class,other_fg_top05_fraction,0.0,0.0,0.0,927,927,927,927,20,5000,5000,1.0,3021694564,20260901
B2_feature,1.0,stability,all_positive_classes,single_label,macro_class,bg_top05_fraction,0.6776517183033033,0.6510229220941892,0.7030729582940887,927,927,927,927,20,5000,5000,1.0,3021694564,20260901
B2_feature,1.0,stability,all_positive_classes,single_label,macro_class,target_tail_enrich_05,0.8180881902608936,0.7828554392043308,0.8533258507348711,921,927,921,927,20,5000,5000,1.0,3021694564,20260901
B2_feature,1.0,stability,all_positive_classes,single_label,macro_class,bg_tail_enrich_05,1.0515327002082129,1.0216602806792925,1.1042362245357518,918,927,918,927,20,5000,5000,1.0,3021694564,20260901
B2_feature,1.0,stability,all_positive_classes,single_label,macro_class,target_top10_fraction,0.32121300545044573,0.2959310860226076,0.3477167248077328,927,927,927,927,20,5000,5000,1.0,3021694564,20260901
B2_feature,1.0,stability,all_positive_classes,single_label,macro_class,other_fg_top10_fraction,0.0,0.0,0.0,927,927,927,927,20,5000,5000,1.0,3021694564,20260901
B2_feature,1.0,stability,all_positive_classes,single_label,macro_class,bg_top10_fraction,0.67836321520239,0.6518265244401881,0.7036152101384465,927,927,927,927,20,5000,5000,1.0,3021694564,20260901
B2_feature,1.0,stability,all_positive_classes,single_label,macro_class,target_tail_enrich_10,0.8111576095539101,0.7833235878545461,0.8395934591164473,921,927,921,927,20,5000,5000,1.0,3021694564,20260901
B2_feature,1.0,stability,all_positive_classes,single_label,macro_class,bg_tail_enrich_10,1.0372334284988902,1.024511738673927,1.0507655482181009,918,927,918,927,20,5000,5000,1.0,3021694564,20260901
B2_feature,1.0,stability,all_positive_classes,single_label,macro_class,target_top20_fraction,0.3234786125927259,0.29838287582664264,0.3497827876513258,927,927,927,927,20,5000,5000,1.0,3021694564,20260901
B2_feature,1.0,stability,all_positive_classes,single_label,macro_class,other_fg_top20_fraction,0.0,0.0,0.0,927,927,927,927,20,5000,5000,1.0,3021694564,20260901
B2_feature,1.0,stability,all_positive_classes,single_label,macro_class,bg_top20_fraction,0.6760725869884734,0.6498184022965948,0.7010933751272309,927,927,927,927,20,5000,5000,1.0,3021694564,20260901
B2_feature,1.0,stability,all_positive_classes,single_label,macro_class,target_tail_enrich_20,0.8143529392462835,0.791598304968174,0.8362725294409946,921,927,921,927,20,5000,5000,1.0,3021694564,20260901
B2_feature,1.0,stability,all_positive_classes,single_label,macro_class,bg_tail_enrich_20,1.0335616645062813,1.0229273427970735,1.0461166448747161,918,927,918,927,20,5000,5000,1.0,3021694564,20260901
B2_feature,1.0,stability,all_positive_classes,single_label,macro_class,auc_target_bg,0.4246729018823784,0.41672399104279156,0.43235048087494965,912,927,912,927,20,5000,5000,1.0,3021694564,20260901
B2_feature,1.0,stability,all_positive_classes,single_label,macro_class,ap_target_bg,0.32868300421876767,0.3066604762461895,0.35626917400530866,912,927,912,927,20,5000,5000,1.0,3021694564,20260901
B2_feature,1.0,stability,all_positive_classes,single_label,macro_class,target_mean,0.4848367615873811,0.4794935163940396,0.4898848474081795,921,927,921,927,20,5000,5000,1.0,3021694564,20260901
B2_feature,1.0,stability,all_positive_classes,single_label,macro_class,bg_mean,0.5367994863134502,0.5348730101619089,0.5390064523960166,918,927,918,927,20,5000,5000,1.0,3021694564,20260901
B2_feature,1.0,stability,all_positive_classes,single_label,macro_class,target_median,0.4450085071752833,0.4390668304740662,0.4506529914067996,921,927,921,927,20,5000,5000,1.0,3021694564,20260901
B2_feature,1.0,stability,all_positive_classes,single_label,macro_class,bg_median,0.5099501136124557,0.5073556141878296,0.5131987276557551,918,927,918,927,20,5000,5000,1.0,3021694564,20260901
B2_feature,1.0,stability,all_positive_classes,exactly_2_labels,micro,target_hit,0.15333333333333332,0.12933333333333333,0.17866666666666667,375,375,750,750,,5000,5000,1.0,3021694564,20260901
B2_feature,1.0,stability,all_positive_classes,exactly_2_labels,micro,other_fg_hit,0.22,0.19333333333333333,0.248,375,375,750,750,,5000,5000,1.0,3021694564,20260901
B2_feature,1.0,stability,all_positive_classes,exactly_2_labels,micro,background_hit,0.6253333333333333,0.584,0.6653333333333333,375,375,750,750,,5000,5000,1.0,3021694564,20260901
B2_feature,1.0,stability,all_positive_classes,exactly_2_labels,micro,target_top05_fraction,0.15806400844315613,0.14541454401441872,0.1708416812569201,375,375,750,750,,5000,5000,1.0,3021694564,20260901
B2_feature,1.0,stability,all_positive_classes,exactly_2_labels,micro,other_fg_top05_fraction,0.2086774592121384,0.19429427583864475,0.22346141901076028,375,375,750,750,,5000,5000,1.0,3021694564,20260901
B2_feature,1.0,stability,all_positive_classes,exactly_2_labels,micro,bg_top05_fraction,0.6327788165965685,0.6058083715241637,0.6589823565984256,375,375,750,750,,5000,5000,1.0,3021694564,20260901
B2_feature,1.0,stability,all_positive_classes,exactly_2_labels,micro,target_tail_enrich_05,0.602856562123473,0.5641355331443998,0.6440476551881391,373,375,695,750,,5000,5000,1.0,3021694564,20260901
B2_feature,1.0,stability,all_positive_classes,exactly_2_labels,micro,other_fg_tail_enrich_05,0.9094455251547082,0.8630607392424086,0.9578200555053515,373,375,695,750,,5000,5000,1.0,3021694564,20260901
B2_feature,1.0,stability,all_positive_classes,exactly_2_labels,micro,bg_tail_enrich_05,1.0574986113742106,1.034079271268281,1.0831735886401392,369,375,738,750,,5000,5000,1.0,3021694564,20260901
B2_feature,1.0,stability,all_positive_classes,exactly_2_labels,micro,target_top10_fraction,0.16089134237907315,0.14875234052139033,0.1735115768108633,375,375,750,750,,5000,5000,1.0,3021694564,20260901
B2_feature,1.0,stability,all_positive_classes,exactly_2_labels,micro,other_fg_top10_fraction,0.20898362436549872,0.19473550721564822,0.2235503141622513,375,375,750,750,,5000,5000,1.0,3021694564,20260901
B2_feature,1.0,stability,all_positive_classes,exactly_2_labels,micro,bg_top10_fraction,0.6297284529336246,0.6034844183501888,0.6556047943149395,375,375,750,750,,5000,5000,1.0,3021694564,20260901
B2_feature,1.0,stability,all_positive_classes,exactly_2_labels,micro,target_tail_enrich_10,0.6311449826932233,0.5977404511151814,0.6664998570062657,373,375,695,750,,5000,5000,1.0,3021694564,20260901
B2_feature,1.0,stability,all_positive_classes,exactly_2_labels,micro,other_fg_tail_enrich_10,0.9090207231464433,0.8725182125259632,0.9462842267064534,373,375,695,750,,5000,5000,1.0,3021694564,20260901
B2_feature,1.0,stability,all_positive_classes,exactly_2_labels,micro,bg_tail_enrich_10,1.050147942920805,1.032359217592887,1.0689950122384155,369,375,738,750,,5000,5000,1.0,3021694564,20260901
B2_feature,1.0,stability,all_positive_classes,exactly_2_labels,micro,target_top20_fraction,0.161254874820892,0.14925599202559436,0.17377057801760007,375,375,750,750,,5000,5000,1.0,3021694564,20260901
B2_feature,1.0,stability,all_positive_classes,exactly_2_labels,micro,other_fg_top20_fraction,0.20944746843914777,0.19538527114511878,0.22352968747610114,375,375,750,750,,5000,5000,1.0,3021694564,20260901
B2_feature,1.0,stability,all_positive_classes,exactly_2_labels,micro,bg_top20_fraction,0.6288270070628305,0.6025528358130939,0.6544020292019164,375,375,750,750,,5000,5000,1.0,3021694564,20260901
B2_feature,1.0,stability,all_positive_classes,exactly_2_labels,micro,target_tail_enrich_20,0.6250551911069113,0.5995187955888568,0.6512989766972849,373,375,695,750,,5000,5000,1.0,3021694564,20260901
B2_feature,1.0,stability,all_positive_classes,exactly_2_labels,micro,other_fg_tail_enrich_20,0.9139559501526721,0.8828295657517082,0.9443137707807848,373,375,695,750,,5000,5000,1.0,3021694564,20260901
B2_feature,1.0,stability,all_positive_classes,exactly_2_labels,micro,bg_tail_enrich_20,1.0456883478263062,1.03124507595736,1.0595636625910396,369,375,738,750,,5000,5000,1.0,3021694564,20260901
B2_feature,1.0,stability,all_positive_classes,exactly_2_labels,micro,auc_target_bg,0.3455290463285478,0.3357684498095504,0.35565889658185673,367,375,683,750,,5000,5000,1.0,3021694564,20260901
B2_feature,1.0,stability,all_positive_classes,exactly_2_labels,micro,ap_target_bg,0.23107003721818756,0.21314027325909166,0.24979910409425474,367,375,683,750,,5000,5000,1.0,3021694564,20260901
B2_feature,1.0,stability,all_positive_classes,exactly_2_labels,micro,auc_target_other,0.3983299725178888,0.38878706802475266,0.40776635029497527,322,375,644,750,,5000,5000,1.0,3021694564,20260901
B2_feature,1.0,stability,all_positive_classes,exactly_2_labels,micro,ap_target_other,0.4794753842235685,0.4754344964761382,0.48356297003983684,322,375,644,750,,5000,5000,1.0,3021694564,20260901
B2_feature,1.0,stability,all_positive_classes,exactly_2_labels,micro,target_mean,0.4300466680684963,0.42350386044950716,0.43673143757954347,373,375,695,750,,5000,5000,1.0,3021694564,20260901
B2_feature,1.0,stability,all_positive_classes,exactly_2_labels,micro,other_fg_mean,0.5054802686283748,0.49894227675595076,0.5119606333797471,373,375,695,750,,5000,5000,1.0,3021694564,20260901
B2_feature,1.0,stability,all_positive_classes,exactly_2_labels,micro,bg_mean,0.5396063886306716,0.5370243160055684,0.5420727289987398,369,375,738,750,,5000,5000,1.0,3021694564,20260901
B2_feature,1.0,stability,all_positive_classes,exactly_2_labels,micro,target_median,0.38520508445263335,0.37836539923698015,0.39211635594281824,373,375,695,750,,5000,5000,1.0,3021694564,20260901
B2_feature,1.0,stability,all_positive_classes,exactly_2_labels,micro,other_fg_median,0.4751789043704383,0.4679357652586415,0.48257463450136956,373,375,695,750,,5000,5000,1.0,3021694564,20260901
B2_feature,1.0,stability,all_positive_classes,exactly_2_labels,micro,bg_median,0.5129268885587612,0.5098540266771351,0.5159952261104099,369,375,738,750,,5000,5000,1.0,3021694564,20260901
B2_feature,1.0,stability,all_positive_classes,exactly_2_labels,macro_class,target_hit,0.18685410241931982,0.14281887734121212,0.23789693444347806,375,375,750,750,20,5000,5000,1.0,3021694564,20260901
B2_feature,1.0,stability,all_positive_classes,exactly_2_labels,macro_class,other_fg_hit,0.19103546483709527,0.15005883344108187,0.23963610309859976,375,375,750,750,20,5000,5000,1.0,3021694564,20260901
B2_feature,1.0,stability,all_positive_classes,exactly_2_labels,macro_class,background_hit,0.6219272825604347,0.5676380644669563,0.6783917915032428,375,375,750,750,20,5000,5000,1.0,3021694564,20260901
B2_feature,1.0,stability,all_positive_classes,exactly_2_labels,macro_class,target_top05_fraction,0.17702182419611368,0.15740472167003036,0.19797695726534498,375,375,750,750,20,5000,5000,1.0,3021694564,20260901
B2_feature,1.0,stability,all_positive_classes,exactly_2_labels,macro_class,other_fg_top05_fraction,0.18778984044232555,0.1663584162066606,0.2113557484533847,375,375,750,750,20,5000,5000,1.0,3021694564,20260901
B2_feature,1.0,stability,all_positive_classes,exactly_2_labels,macro_class,bg_top05_fraction,0.6348469782021369,0.60793906973433,0.6620975690068824,375,375,750,750,20,5000,5000,1.0,3021694564,20260901
B2_feature,1.0,stability,all_positive_classes,exactly_2_labels,macro_class,target_tail_enrich_05,0.6477792039455568,0.5961381493320932,0.699674649805284,373,375,695,750,20,5000,5000,1.0,3021694564,20260901
B2_feature,1.0,stability,all_positive_classes,exactly_2_labels,macro_class,other_fg_tail_enrich_05,0.8466742616728833,0.7755815891496358,0.9204486931154068,373,375,695,750,20,5000,5000,1.0,3021694564,20260901
B2_feature,1.0,stability,all_positive_classes,exactly_2_labels,macro_class,bg_tail_enrich_05,1.0505308329331722,1.0187153479472657,1.081559183362792,369,375,738,750,20,5000,5000,1.0,3021694564,20260901
B2_feature,1.0,stability,all_positive_classes,exactly_2_labels,macro_class,target_top10_fraction,0.1805982152602792,0.16069957315858555,0.20240401413951734,375,375,750,750,20,5000,5000,1.0,3021694564,20260901
B2_feature,1.0,stability,all_positive_classes,exactly_2_labels,macro_class,other_fg_top10_fraction,0.1860454477210767,0.16614100919287966,0.2083356115380246,375,375,750,750,20,5000,5000,1.0,3021694564,20260901
B2_feature,1.0,stability,all_positive_classes,exactly_2_labels,macro_class,bg_top10_fraction,0.632960346654696,0.6065447008872021,0.6598724447303853,375,375,750,750,20,5000,5000,1.0,3021694564,20260901
B2_feature,1.0,stability,all_positive_classes,exactly_2_labels,macro_class,target_tail_enrich_10,0.6938981818310921,0.6412114437187412,0.7510619902293104,373,375,695,750,20,5000,5000,1.0,3021694564,20260901
B2_feature,1.0,stability,all_positive_classes,exactly_2_labels,macro_class,other_fg_tail_enrich_10,0.8259038824799205,0.7680316181264895,0.8825142113307131,373,375,695,750,20,5000,5000,1.0,3021694564,20260901
B2_feature,1.0,stability,all_positive_classes,exactly_2_labels,macro_class,bg_tail_enrich_10,1.0493669033853847,1.0265716441930426,1.0710673069856989,369,375,738,750,20,5000,5000,1.0,3021694564,20260901
B2_feature,1.0,stability,all_positive_classes,exactly_2_labels,macro_class,target_top20_fraction,0.18063756788277893,0.1606483974942374,0.2026897967365355,375,375,750,750,20,5000,5000,1.0,3021694564,20260901
B2_feature,1.0,stability,all_positive_classes,exactly_2_labels,macro_class,other_fg_top20_fraction,0.18713016837482666,0.1674060009133887,0.20836395875442063,375,375,750,750,20,5000,5000,1.0,3021694564,20260901
B2_feature,1.0,stability,all_positive_classes,exactly_2_labels,macro_class,bg_top20_fraction,0.6317300011794968,0.6057416424902058,0.6582770005977606,375,375,750,750,20,5000,5000,1.0,3021694564,20260901
B2_feature,1.0,stability,all_positive_classes,exactly_2_labels,macro_class,target_tail_enrich_20,0.6855642885466751,0.6364209132749172,0.738914794006055,373,375,695,750,20,5000,5000,1.0,3021694564,20260901
B2_feature,1.0,stability,all_positive_classes,exactly_2_labels,macro_class,other_fg_tail_enrich_20,0.8334770532824134,0.782403355122767,0.8816760863656203,373,375,695,750,20,5000,5000,1.0,3021694564,20260901
B2_feature,1.0,stability,all_positive_classes,exactly_2_labels,macro_class,bg_tail_enrich_20,1.0445592471848681,1.0263021440625328,1.0619477274497169,369,375,738,750,20,5000,5000,1.0,3021694564,20260901
B2_feature,1.0,stability,all_positive_classes,exactly_2_labels,macro_class,auc_target_bg,0.36744313936489803,0.3530021937329412,0.38102997828492036,367,375,683,750,20,5000,5000,1.0,3021694564,20260901
B2_feature,1.0,stability,all_positive_classes,exactly_2_labels,macro_class,ap_target_bg,0.23408274366322684,0.21235471747223042,0.25746012163239845,367,375,683,750,20,5000,5000,1.0,3021694564,20260901
B2_feature,1.0,stability,all_positive_classes,exactly_2_labels,macro_class,auc_target_other,0.44843004572910256,0.42380670704629675,0.4728527013220236,322,375,644,750,20,5000,5000,1.0,3021694564,20260901
B2_feature,1.0,stability,all_positive_classes,exactly_2_labels,macro_class,ap_target_other,0.525594079917556,0.4904732649565137,0.5608064683770971,322,375,644,750,20,5000,5000,1.0,3021694564,20260901
B2_feature,1.0,stability,all_positive_classes,exactly_2_labels,macro_class,target_mean,0.44754897613824196,0.43743703319149185,0.4564052332794287,373,375,695,750,20,5000,5000,1.0,3021694564,20260901
B2_feature,1.0,stability,all_positive_classes,exactly_2_labels,macro_class,other_fg_mean,0.4861056148515569,0.47210902284675405,0.4982801081807576,373,375,695,750,20,5000,5000,1.0,3021694564,20260901
B2_feature,1.0,stability,all_positive_classes,exactly_2_labels,macro_class,bg_mean,0.5397773321892101,0.5364276356165967,0.5428647860430199,369,375,738,750,20,5000,5000,1.0,3021694564,20260901
B2_feature,1.0,stability,all_positive_classes,exactly_2_labels,macro_class,target_median,0.4050935873481415,0.39384316119697194,0.41500164498314307,373,375,695,750,20,5000,5000,1.0,3021694564,20260901
B2_feature,1.0,stability,all_positive_classes,exactly_2_labels,macro_class,other_fg_median,0.45407501225268254,0.44030070760486856,0.4668560421719221,373,375,695,750,20,5000,5000,1.0,3021694564,20260901
B2_feature,1.0,stability,all_positive_classes,exactly_2_labels,macro_class,bg_median,0.5120560921309262,0.5078883322948137,0.5159887996135901,369,375,738,750,20,5000,5000,1.0,3021694564,20260901
B2_feature,1.0,stability,all_positive_classes,3plus_labels,micro,target_hit,0.08297872340425531,0.061567864082910505,0.1059322033898305,147,147,470,470,,5000,5000,1.0,3021694564,20260901
B2_feature,1.0,stability,all_positive_classes,3plus_labels,micro,other_fg_hit,0.30425531914893617,0.25738396624472576,0.3524416135881104,147,147,470,470,,5000,5000,1.0,3021694564,20260901
B2_feature,1.0,stability,all_positive_classes,3plus_labels,micro,background_hit,0.6127659574468085,0.5581896551724138,0.6666666666666666,147,147,470,470,,5000,5000,1.0,3021694564,20260901
B2_feature,1.0,stability,all_positive_classes,3plus_labels,micro,target_top05_fraction,0.09957266491108133,0.08807794704506004,0.11167367344478123,147,147,470,470,,5000,5000,1.0,3021694564,20260901
B2_feature,1.0,stability,all_positive_classes,3plus_labels,micro,other_fg_top05_fraction,0.3178474042053517,0.28668137143413136,0.3482186349360709,147,147,470,470,,5000,5000,1.0,3021694564,20260901
B2_feature,1.0,stability,all_positive_classes,3plus_labels,micro,bg_top05_fraction,0.5818928713492229,0.5415240239250462,0.6228577361910196,147,147,470,470,,5000,5000,1.0,3021694564,20260901
B2_feature,1.0,stability,all_positive_classes,3plus_labels,micro,target_tail_enrich_05,0.5450433102800116,0.4775061706400532,0.6256971203926541,147,147,415,470,,5000,5000,1.0,3021694564,20260901
B2_feature,1.0,stability,all_positive_classes,3plus_labels,micro,other_fg_tail_enrich_05,0.9915600501040758,0.9286014212026023,1.069419224144246,147,147,463,470,,5000,5000,1.0,3021694564,20260901
B2_feature,1.0,stability,all_positive_classes,3plus_labels,micro,bg_tail_enrich_05,1.0476964052683795,1.0234263705386597,1.0715367737264272,145,147,464,470,,5000,5000,1.0,3021694564,20260901
B2_feature,1.0,stability,all_positive_classes,3plus_labels,micro,target_top10_fraction,0.0991376106608368,0.08795270173800727,0.1107813980674666,147,147,470,470,,5000,5000,1.0,3021694564,20260901
B2_feature,1.0,stability,all_positive_classes,3plus_labels,micro,other_fg_top10_fraction,0.3168597866208321,0.2855580963084915,0.3476799841158596,147,147,470,470,,5000,5000,1.0,3021694564,20260901
B2_feature,1.0,stability,all_positive_classes,3plus_labels,micro,bg_top10_fraction,0.5832022985025894,0.5428970940795662,0.6243241570027617,147,147,470,470,,5000,5000,1.0,3021694564,20260901
B2_feature,1.0,stability,all_positive_classes,3plus_labels,micro,target_tail_enrich_10,0.5472081521370046,0.4943721140870853,0.6053940398542323,147,147,415,470,,5000,5000,1.0,3021694564,20260901
B2_feature,1.0,stability,all_positive_classes,3plus_labels,micro,other_fg_tail_enrich_10,0.9728694403705298,0.9302215661506925,1.0175367841689944,147,147,463,470,,5000,5000,1.0,3021694564,20260901
B2_feature,1.0,stability,all_positive_classes,3plus_labels,micro,bg_tail_enrich_10,1.0462263750999425,1.0252031866678806,1.066344282969787,145,147,464,470,,5000,5000,1.0,3021694564,20260901
B2_feature,1.0,stability,all_positive_classes,3plus_labels,micro,target_top20_fraction,0.1004112402954702,0.08931666243647539,0.11183385686695536,147,147,470,470,,5000,5000,1.0,3021694564,20260901
B2_feature,1.0,stability,all_positive_classes,3plus_labels,micro,other_fg_top20_fraction,0.31611789080644764,0.28499958746568926,0.34675187296367804,147,147,470,470,,5000,5000,1.0,3021694564,20260901
B2_feature,1.0,stability,all_positive_classes,3plus_labels,micro,bg_top20_fraction,0.58285521194649,0.5423055580746439,0.6239922991386532,147,147,470,470,,5000,5000,1.0,3021694564,20260901
B2_feature,1.0,stability,all_positive_classes,3plus_labels,micro,target_tail_enrich_20,0.5472090664409205,0.5089287574191035,0.5863382303028147,147,147,415,470,,5000,5000,1.0,3021694564,20260901
B2_feature,1.0,stability,all_positive_classes,3plus_labels,micro,other_fg_tail_enrich_20,0.965344289805453,0.934462755570953,0.995557590680821,147,147,463,470,,5000,5000,1.0,3021694564,20260901
B2_feature,1.0,stability,all_positive_classes,3plus_labels,micro,bg_tail_enrich_20,1.0436864784501052,1.0251729849393043,1.0619205679419,145,147,464,470,,5000,5000,1.0,3021694564,20260901
B2_feature,1.0,stability,all_positive_classes,3plus_labels,micro,auc_target_bg,0.31663676259953066,0.3021076091128812,0.33140205734406186,145,147,409,470,,5000,5000,1.0,3021694564,20260901
B2_feature,1.0,stability,all_positive_classes,3plus_labels,micro,ap_target_bg,0.17853827786766582,0.15597209029105188,0.20216974484691644,145,147,409,470,,5000,5000,1.0,3021694564,20260901
B2_feature,1.0,stability,all_positive_classes,3plus_labels,micro,auc_target_other,0.34994901184237587,0.3372372246839464,0.3626480876001495,140,147,408,470,,5000,5000,1.0,3021694564,20260901
B2_feature,1.0,stability,all_positive_classes,3plus_labels,micro,ap_target_other,0.31744030429400827,0.30425128146007013,0.331736489116991,140,147,408,470,,5000,5000,1.0,3021694564,20260901
B2_feature,1.0,stability,all_positive_classes,3plus_labels,micro,target_mean,0.41022505473073484,0.39967935593481085,0.4201894738278196,147,147,415,470,,5000,5000,1.0,3021694564,20260901
B2_feature,1.0,stability,all_positive_classes,3plus_labels,micro,other_fg_mean,0.5186433983772201,0.5123935690421342,0.5248523380854613,147,147,463,470,,5000,5000,1.0,3021694564,20260901
B2_feature,1.0,stability,all_positive_classes,3plus_labels,micro,bg_mean,0.5385514631677306,0.5350289430198978,0.541784811199312,145,147,464,470,,5000,5000,1.0,3021694564,20260901
B2_feature,1.0,stability,all_positive_classes,3plus_labels,micro,target_median,0.36572639021169706,0.3549391078545284,0.37620155850578235,147,147,415,470,,5000,5000,1.0,3021694564,20260901
B2_feature,1.0,stability,all_positive_classes,3plus_labels,micro,other_fg_median,0.4897695882949922,0.4823224661712652,0.4970458328629594,147,147,463,470,,5000,5000,1.0,3021694564,20260901
B2_feature,1.0,stability,all_positive_classes,3plus_labels,micro,bg_median,0.5106972655088737,0.5067301612824647,0.5144816178674607,145,147,464,470,,5000,5000,1.0,3021694564,20260901
B2_feature,1.0,stability,all_positive_classes,3plus_labels,macro_class,target_hit,0.11527166860806566,0.04654288471154132,0.15287931116362619,147,147,470,470,20,5000,5000,1.0,3021694564,20260901
B2_feature,1.0,stability,all_positive_classes,3plus_labels,macro_class,other_fg_hit,0.30223338060654237,0.2313492764699436,0.39320534753966707,147,147,470,470,20,5000,5000,1.0,3021694564,20260901
B2_feature,1.0,stability,all_positive_classes,3plus_labels,macro_class,background_hit,0.582494950785392,0.5089141653438831,0.666008644921325,147,147,470,470,20,5000,5000,1.0,3021694564,20260901
B2_feature,1.0,stability,all_positive_classes,3plus_labels,macro_class,target_top05_fraction,0.08620124419848467,0.07194867366819276,0.10796697606412782,147,147,470,470,20,5000,5000,1.0,3021694564,20260901
B2_feature,1.0,stability,all_positive_classes,3plus_labels,macro_class,other_fg_top05_fraction,0.27915281140514936,0.23844415192380417,0.3374322134644425,147,147,470,470,20,5000,5000,1.0,3021694564,20260901
B2_feature,1.0,stability,all_positive_classes,3plus_labels,macro_class,bg_top05_fraction,0.6339830773535647,0.5684006715925121,0.6743030098637419,147,147,470,470,20,5000,5000,1.0,3021694564,20260901
B2_feature,1.0,stability,all_positive_classes,3plus_labels,macro_class,target_tail_enrich_05,0.5217161018493972,0.4440826825994547,0.6185957637735949,147,147,415,470,19,5000,5000,1.0,3021694564,20260901
B2_feature,1.0,stability,all_positive_classes,3plus_labels,macro_class,other_fg_tail_enrich_05,0.8380116196225842,0.7772111600524566,0.9462716002547192,147,147,463,470,20,5000,5000,1.0,3021694564,20260901
B2_feature,1.0,stability,all_positive_classes,3plus_labels,macro_class,bg_tail_enrich_05,1.0604747805241554,1.0116159247730492,1.106663461965976,145,147,464,470,20,5000,5000,1.0,3021694564,20260901
B2_feature,1.0,stability,all_positive_classes,3plus_labels,macro_class,target_top10_fraction,0.08565663612366439,0.07172952891978965,0.10761349214505457,147,147,470,470,20,5000,5000,1.0,3021694564,20260901
B2_feature,1.0,stability,all_positive_classes,3plus_labels,macro_class,other_fg_top10_fraction,0.2827829536282923,0.24209571982928094,0.34125935989588146,147,147,470,470,20,5000,5000,1.0,3021694564,20260901
B2_feature,1.0,stability,all_positive_classes,3plus_labels,macro_class,bg_top10_fraction,0.6309783629799469,0.5660273063808006,0.6719383316489336,147,147,470,470,20,5000,5000,1.0,3021694564,20260901
B2_feature,1.0,stability,all_positive_classes,3plus_labels,macro_class,target_tail_enrich_10,0.5170631214353176,0.45682962765382257,0.6023546536975344,147,147,415,470,19,5000,5000,1.0,3021694564,20260901
B2_feature,1.0,stability,all_positive_classes,3plus_labels,macro_class,other_fg_tail_enrich_10,0.8503722304023403,0.7968928365768333,0.9516323301706718,147,147,463,470,20,5000,5000,1.0,3021694564,20260901
B2_feature,1.0,stability,all_positive_classes,3plus_labels,macro_class,bg_tail_enrich_10,1.045803313002643,1.0139965614764501,1.073913538794463,145,147,464,470,20,5000,5000,1.0,3021694564,20260901
B2_feature,1.0,stability,all_positive_classes,3plus_labels,macro_class,target_top20_fraction,0.0883830163418308,0.07402791942150529,0.10993445689728505,147,147,470,470,20,5000,5000,1.0,3021694564,20260901
B2_feature,1.0,stability,all_positive_classes,3plus_labels,macro_class,other_fg_top20_fraction,0.2826090347420839,0.24346623716152185,0.34016223222442543,147,147,470,470,20,5000,5000,1.0,3021694564,20260901
B2_feature,1.0,stability,all_positive_classes,3plus_labels,macro_class,bg_top20_fraction,0.6284252289946981,0.5652947746350658,0.6685766951598046,147,147,470,470,20,5000,5000,1.0,3021694564,20260901
B2_feature,1.0,stability,all_positive_classes,3plus_labels,macro_class,target_tail_enrich_20,0.5278990719941131,0.4728251514771445,0.5927036003672598,147,147,415,470,19,5000,5000,1.0,3021694564,20260901
B2_feature,1.0,stability,all_positive_classes,3plus_labels,macro_class,other_fg_tail_enrich_20,0.8665956070751799,0.8325273311365785,0.9560590181939802,147,147,463,470,20,5000,5000,1.0,3021694564,20260901
B2_feature,1.0,stability,all_positive_classes,3plus_labels,macro_class,bg_tail_enrich_20,1.0386451329531838,1.0123724674254957,1.0618854176900085,145,147,464,470,20,5000,5000,1.0,3021694564,20260901
B2_feature,1.0,stability,all_positive_classes,3plus_labels,macro_class,auc_target_bg,0.3186700982240045,0.29799949934728154,0.34237217557465016,145,147,409,470,19,5000,5000,1.0,3021694564,20260901
B2_feature,1.0,stability,all_positive_classes,3plus_labels,macro_class,ap_target_bg,0.15716404704043105,0.13349639912314387,0.18866995163796105,145,147,409,470,19,5000,5000,1.0,3021694564,20260901
B2_feature,1.0,stability,all_positive_classes,3plus_labels,macro_class,auc_target_other,0.39553572629107103,0.35501288834598765,0.4159234957593252,140,147,408,470,19,5000,5000,1.0,3021694564,20260901
B2_feature,1.0,stability,all_positive_classes,3plus_labels,macro_class,ap_target_other,0.39308844423292905,0.32007395150429413,0.42736403381301374,140,147,408,470,19,5000,5000,1.0,3021694564,20260901
B2_feature,1.0,stability,all_positive_classes,3plus_labels,macro_class,target_mean,0.4090622853993145,0.3944391459081024,0.42642463021214566,147,147,415,470,19,5000,5000,1.0,3021694564,20260901
B2_feature,1.0,stability,all_positive_classes,3plus_labels,macro_class,other_fg_mean,0.4898014180404748,0.4827672135107371,0.5165000260713626,147,147,463,470,20,5000,5000,1.0,3021694564,20260901
B2_feature,1.0,stability,all_positive_classes,3plus_labels,macro_class,bg_mean,0.5378451924561848,0.5326994153782889,0.5421864487329155,145,147,464,470,20,5000,5000,1.0,3021694564,20260901
B2_feature,1.0,stability,all_positive_classes,3plus_labels,macro_class,target_median,0.36440526729785966,0.3490571896084405,0.3833762219940727,147,147,415,470,19,5000,5000,1.0,3021694564,20260901
B2_feature,1.0,stability,all_positive_classes,3plus_labels,macro_class,other_fg_median,0.4630214824445484,0.45470103630028996,0.4875166434452117,147,147,463,470,20,5000,5000,1.0,3021694564,20260901
B2_feature,1.0,stability,all_positive_classes,3plus_labels,macro_class,bg_median,0.5106112001437217,0.5038189535584251,0.5151921979047019,145,147,464,470,20,5000,5000,1.0,3021694564,20260901
B2_feature,1.0,stability,per_class,all,micro,target_hit,0.1111111111111111,0.05555555555555555,0.17777777777777778,90,90,90,90,,5000,5000,1.0,3021694564,20260901
B2_feature,1.0,stability,per_class,all,micro,other_fg_hit,0.0,0.0,0.0,90,90,90,90,,5000,5000,1.0,3021694564,20260901
B2_feature,1.0,stability,per_class,all,micro,background_hit,0.8888888888888888,0.8222222222222222,0.9444444444444444,90,90,90,90,,5000,5000,1.0,3021694564,20260901
B2_feature,1.0,stability,per_class,all,micro,target_top05_fraction,0.1498378593554031,0.11745781000057312,0.1836900036965825,90,90,90,90,,5000,5000,1.0,3021694564,20260901
B2_feature,1.0,stability,per_class,all,micro,other_fg_top05_fraction,0.0033924485125858116,0.0007608695652173912,0.007091914569031273,90,90,90,90,,5000,5000,1.0,3021694564,20260901
B2_feature,1.0,stability,per_class,all,micro,bg_top05_fraction,0.84613477149709,0.8121297844677896,0.878411750604113,90,90,90,90,,5000,5000,1.0,3021694564,20260901
B2_feature,1.0,stability,per_class,all,micro,target_tail_enrich_05,0.6315398845345199,0.5515875051850991,0.7169501797981218,87,90,87,90,,5000,5000,1.0,3021694564,20260901
B2_feature,1.0,stability,per_class,all,micro,other_fg_tail_enrich_05,0.5095138985340159,0.0967365097965822,1.0945741266840954,13,90,13,90,,5000,5000,1.0,3021694564,20260901
B2_feature,1.0,stability,per_class,all,micro,bg_tail_enrich_05,1.072175907183082,1.0511181196226667,1.0942422578198288,90,90,90,90,,5000,5000,1.0,3021694564,20260901
B2_feature,1.0,stability,per_class,all,micro,target_top10_fraction,0.1527372744903928,0.12059137862765389,0.1871105619146997,90,90,90,90,,5000,5000,1.0,3021694564,20260901
B2_feature,1.0,stability,per_class,all,micro,other_fg_top10_fraction,0.005548265729449288,0.0005756409307375329,0.013271293104650578,90,90,90,90,,5000,5000,1.0,3021694564,20260901
B2_feature,1.0,stability,per_class,all,micro,bg_top10_fraction,0.8413923985885314,0.8069152634342679,0.8734665292905703,90,90,90,90,,5000,5000,1.0,3021694564,20260901
B2_feature,1.0,stability,per_class,all,micro,target_tail_enrich_10,0.6281181859816835,0.5573972241192706,0.6972419638649808,87,90,87,90,,5000,5000,1.0,3021694564,20260901
B2_feature,1.0,stability,per_class,all,micro,other_fg_tail_enrich_10,0.3723464074946498,0.11615672614203605,0.6744345973808088,13,90,13,90,,5000,5000,1.0,3021694564,20260901
B2_feature,1.0,stability,per_class,all,micro,bg_tail_enrich_10,1.065179497761209,1.0486345907043075,1.0813941853569837,90,90,90,90,,5000,5000,1.0,3021694564,20260901
B2_feature,1.0,stability,per_class,all,micro,target_top20_fraction,0.15781232430355144,0.12535698173535953,0.1926799825715846,90,90,90,90,,5000,5000,1.0,3021694564,20260901
B2_feature,1.0,stability,per_class,all,micro,other_fg_top20_fraction,0.005870953222205004,0.0007387557328314553,0.013214077348796097,90,90,90,90,,5000,5000,1.0,3021694564,20260901
B2_feature,1.0,stability,per_class,all,micro,bg_top20_fraction,0.8358592669200844,0.8011955169698217,0.8683283077830865,90,90,90,90,,5000,5000,1.0,3021694564,20260901
B2_feature,1.0,stability,per_class,all,micro,target_tail_enrich_20,0.6384614672676054,0.5775574239292028,0.6995222899418346,87,90,87,90,,5000,5000,1.0,3021694564,20260901
B2_feature,1.0,stability,per_class,all,micro,other_fg_tail_enrich_20,0.4144764668599144,0.2131531584211608,0.629527374553621,13,90,13,90,,5000,5000,1.0,3021694564,20260901
B2_feature,1.0,stability,per_class,all,micro,bg_tail_enrich_20,1.0577642165750467,1.0415522852783696,1.0733495897296546,90,90,90,90,,5000,5000,1.0,3021694564,20260901
B2_feature,1.0,stability,per_class,all,micro,auc_target_bg,0.39051982890091197,0.3675245032927218,0.412907727233772,87,90,87,90,,5000,5000,1.0,3021694564,20260901
B2_feature,1.0,stability,per_class,all,micro,ap_target_bg,0.18845404289925927,0.1568434828514522,0.22144065105190983,87,90,87,90,,5000,5000,1.0,3021694564,20260901
B2_feature,1.0,stability,per_class,all,micro,auc_target_other,0.6657626411213217,0.5352324324043969,0.7882327376580023,12,90,12,90,,5000,5000,1.0,3021694564,20260901
B2_feature,1.0,stability,per_class,all,micro,ap_target_other,0.8729669246119962,0.734785076329708,0.9685644157456595,12,90,12,90,,5000,5000,1.0,3021694564,20260901
B2_feature,1.0,stability,per_class,all,micro,target_mean,0.4587610248452171,0.4414544959185184,0.4741567443199047,87,90,87,90,,5000,5000,1.0,3021694564,20260901
B2_feature,1.0,stability,per_class,all,micro,other_fg_mean,0.3572086246241569,0.2861999505962434,0.43275827395103983,13,90,13,90,,5000,5000,1.0,3021694564,20260901
B2_feature,1.0,stability,per_class,all,micro,bg_mean,0.5391756836454534,0.5360117297573217,0.5423044893248637,90,90,90,90,,5000,5000,1.0,3021694564,20260901
B2_feature,1.0,stability,per_class,all,micro,target_median,0.4156508584474695,0.397187781618362,0.4328847779531339,87,90,87,90,,5000,5000,1.0,3021694564,20260901
B2_feature,1.0,stability,per_class,all,micro,other_fg_median,0.32242991431401324,0.24912277240306138,0.40815709149963886,13,90,13,90,,5000,5000,1.0,3021694564,20260901
B2_feature,1.0,stability,per_class,all,micro,bg_median,0.5157512575387955,0.512099898279541,0.5193324799007839,90,90,90,90,,5000,5000,1.0,3021694564,20260901
B2_feature,1.0,stability,per_class,all,micro,target_hit,0.0379746835443038,0.0,0.08860759493670886,79,79,79,79,,5000,5000,1.0,3021694564,20260901
B2_feature,1.0,stability,per_class,all,micro,other_fg_hit,0.12658227848101267,0.06329113924050633,0.20253164556962025,79,79,79,79,,5000,5000,1.0,3021694564,20260901
B2_feature,1.0,stability,per_class,all,micro,background_hit,0.8354430379746836,0.7468354430379747,0.9113924050632911,79,79,79,79,,5000,5000,1.0,3021694564,20260901
B2_feature,1.0,stability,per_class,all,micro,target_top05_fraction,0.07194356334025395,0.052057568539770636,0.09398391269496112,79,79,79,79,,5000,5000,1.0,3021694564,20260901
B2_feature,1.0,stability,per_class,all,micro,other_fg_top05_fraction,0.13789475189032346,0.09064123566078146,0.1883321399270079,79,79,79,79,,5000,5000,1.0,3021694564,20260901
B2_feature,1.0,stability,per_class,all,micro,bg_top05_fraction,0.7894954622511015,0.7414887061449041,0.8370729503173894,79,79,79,79,,5000,5000,1.0,3021694564,20260901
B2_feature,1.0,stability,per_class,all,micro,target_tail_enrich_05,0.6941495125661626,0.5202546230054552,0.9035114094495542,71,79,71,79,,5000,5000,1.0,3021694564,20260901
B2_feature,1.0,stability,per_class,all,micro,other_fg_tail_enrich_05,0.7777141755597968,0.6242063118452489,0.9305098852253693,48,79,48,79,,5000,5000,1.0,3021694564,20260901
B2_feature,1.0,stability,per_class,all,micro,bg_tail_enrich_05,1.0182472705440526,0.9923810491624437,1.041991451797696,79,79,79,79,,5000,5000,1.0,3021694564,20260901
B2_feature,1.0,stability,per_class,all,micro,target_top10_fraction,0.072029639925875,0.05356513620652042,0.09247133198897108,79,79,79,79,,5000,5000,1.0,3021694564,20260901
B2_feature,1.0,stability,per_class,all,micro,other_fg_top10_fraction,0.13677133751961582,0.09106397209628012,0.1847043778306098,79,79,79,79,,5000,5000,1.0,3021694564,20260901
B2_feature,1.0,stability,per_class,all,micro,bg_top10_fraction,0.790863690553621,0.743501038166698,0.8369165277969453,79,79,79,79,,5000,5000,1.0,3021694564,20260901
B2_feature,1.0,stability,per_class,all,micro,target_tail_enrich_10,0.661955950574822,0.5308238142312907,0.8097049744336399,71,79,71,79,,5000,5000,1.0,3021694564,20260901
B2_feature,1.0,stability,per_class,all,micro,other_fg_tail_enrich_10,0.8581190132865638,0.7359437710834291,0.977435860459987,48,79,48,79,,5000,5000,1.0,3021694564,20260901
B2_feature,1.0,stability,per_class,all,micro,bg_tail_enrich_10,1.022796571390995,0.998077361230037,1.0477447991910895,79,79,79,79,,5000,5000,1.0,3021694564,20260901
B2_feature,1.0,stability,per_class,all,micro,target_top20_fraction,0.07453579667350434,0.055369639078844055,0.09591877424034509,79,79,79,79,,5000,5000,1.0,3021694564,20260901
B2_feature,1.0,stability,per_class,all,micro,other_fg_top20_fraction,0.13942487315939833,0.09326353915643598,0.18874410153760404,79,79,79,79,,5000,5000,1.0,3021694564,20260901
B2_feature,1.0,stability,per_class,all,micro,bg_top20_fraction,0.7858716641666533,0.7387350367121759,0.8325013854056441,79,79,79,79,,5000,5000,1.0,3021694564,20260901
B2_feature,1.0,stability,per_class,all,micro,target_tail_enrich_20,0.652222634937386,0.5561347491342888,0.7471569355583247,71,79,71,79,,5000,5000,1.0,3021694564,20260901
B2_feature,1.0,stability,per_class,all,micro,other_fg_tail_enrich_20,0.9025735817796382,0.7963574525751096,1.0055731208178538,48,79,48,79,,5000,5000,1.0,3021694564,20260901
B2_feature,1.0,stability,per_class,all,micro,bg_tail_enrich_20,1.0140489688116143,0.9928051002732824,1.0338450140358169,79,79,79,79,,5000,5000,1.0,3021694564,20260901
B2_feature,1.0,stability,per_class,all,micro,auc_target_bg,0.3869395255764213,0.3604972137536524,0.41380198271670815,71,79,71,79,,5000,5000,1.0,3021694564,20260901
B2_feature,1.0,stability,per_class,all,micro,ap_target_bg,0.11019666313983792,0.08854812675384435,0.13429267696560698,71,79,71,79,,5000,5000,1.0,3021694564,20260901
B2_feature,1.0,stability,per_class,all,micro,auc_target_other,0.442372179909272,0.3962504353298055,0.49395008213323804,41,79,41,79,,5000,5000,1.0,3021694564,20260901
B2_feature,1.0,stability,per_class,all,micro,ap_target_other,0.3254638640198838,0.23988371334467862,0.42020708874101803,41,79,41,79,,5000,5000,1.0,3021694564,20260901
B2_feature,1.0,stability,per_class,all,micro,target_mean,0.4623760183430219,0.44462994102908454,0.4803646437866668,71,79,71,79,,5000,5000,1.0,3021694564,20260901
B2_feature,1.0,stability,per_class,all,micro,other_fg_mean,0.49449711051631323,0.4711399520666452,0.5152185138033882,48,79,48,79,,5000,5000,1.0,3021694564,20260901
B2_feature,1.0,stability,per_class,all,micro,bg_mean,0.5371404540380242,0.533653229893124,0.5402067815987487,79,79,79,79,,5000,5000,1.0,3021694564,20260901
B2_feature,1.0,stability,per_class,all,micro,target_median,0.42042069766722934,0.4010296380608296,0.4407980494050308,71,79,71,79,,5000,5000,1.0,3021694564,20260901
B2_feature,1.0,stability,per_class,all,micro,other_fg_median,0.4587642202774684,0.4324056751836899,0.4825615201827716,48,79,48,79,,5000,5000,1.0,3021694564,20260901
B2_feature,1.0,stability,per_class,all,micro,bg_median,0.5072227131716812,0.5030606503397981,0.5107652713792233,79,79,79,79,,5000,5000,1.0,3021694564,20260901
B2_feature,1.0,stability,per_class,all,micro,target_hit,0.2524271844660194,0.17475728155339806,0.33980582524271846,103,103,103,103,,5000,5000,1.0,3021694564,20260901
B2_feature,1.0,stability,per_class,all,micro,other_fg_hit,0.02912621359223301,0.0,0.06796116504854369,103,103,103,103,,5000,5000,1.0,3021694564,20260901
B2_feature,1.0,stability,per_class,all,micro,background_hit,0.7184466019417476,0.6310679611650486,0.8058252427184466,103,103,103,103,,5000,5000,1.0,3021694564,20260901
B2_feature,1.0,stability,per_class,all,micro,target_top05_fraction,0.20477444544894713,0.16366456539968294,0.24863715721342183,103,103,103,103,,5000,5000,1.0,3021694564,20260901
B2_feature,1.0,stability,per_class,all,micro,other_fg_top05_fraction,0.03597815090533537,0.011710082999524748,0.0660794458701012,103,103,103,103,,5000,5000,1.0,3021694564,20260901
B2_feature,1.0,stability,per_class,all,micro,bg_top05_fraction,0.7589984616492024,0.7120411392765441,0.8020393417969428,103,103,103,103,,5000,5000,1.0,3021694564,20260901
B2_feature,1.0,stability,per_class,all,micro,target_tail_enrich_05,0.9686620067026203,0.8324133142485897,1.1146631374729459,99,103,99,103,,5000,5000,1.0,3021694564,20260901
B2_feature,1.0,stability,per_class,all,micro,other_fg_tail_enrich_05,0.7873639801996728,0.5305239388595213,0.9915674942812825,9,103,9,103,,5000,5000,1.0,3021694564,20260901
B2_feature,1.0,stability,per_class,all,micro,bg_tail_enrich_05,0.9676665152778354,0.9297906596587444,1.004750529406884,103,103,103,103,,5000,5000,1.0,3021694564,20260901
B2_feature,1.0,stability,per_class,all,micro,target_top10_fraction,0.1967431403107255,0.15721742690388024,0.23895862606164778,103,103,103,103,,5000,5000,1.0,3021694564,20260901
B2_feature,1.0,stability,per_class,all,micro,other_fg_top10_fraction,0.03696848078568922,0.012318739108787653,0.0674453655541395,103,103,103,103,,5000,5000,1.0,3021694564,20260901
B2_feature,1.0,stability,per_class,all,micro,bg_top10_fraction,0.7660378204005998,0.719841654375292,0.8067973200490485,103,103,103,103,,5000,5000,1.0,3021694564,20260901
B2_feature,1.0,stability,per_class,all,micro,target_tail_enrich_10,0.939613107945067,0.8443525791776495,1.0397544157719314,99,103,99,103,,5000,5000,1.0,3021694564,20260901
B2_feature,1.0,stability,per_class,all,micro,other_fg_tail_enrich_10,0.7977225387096092,0.5380327015127467,0.9991330334552007,9,103,9,103,,5000,5000,1.0,3021694564,20260901
B2_feature,1.0,stability,per_class,all,micro,bg_tail_enrich_10,0.9773319216934281,0.9479343754909731,1.003817498435606,103,103,103,103,,5000,5000,1.0,3021694564,20260901
B2_feature,1.0,stability,per_class,all,micro,target_top20_fraction,0.19997681588200622,0.1600420954947238,0.24108653278678405,103,103,103,103,,5000,5000,1.0,3021694564,20260901
B2_feature,1.0,stability,per_class,all,micro,other_fg_top20_fraction,0.03853917107957639,0.013089671444133135,0.0699400013109407,103,103,103,103,,5000,5000,1.0,3021694564,20260901
B2_feature,1.0,stability,per_class,all,micro,bg_top20_fraction,0.7611708018707379,0.7160021668195039,0.8023183387530491,103,103,103,103,,5000,5000,1.0,3021694564,20260901
B2_feature,1.0,stability,per_class,all,micro,target_tail_enrich_20,0.9423599699740112,0.863441392616403,1.0237874554396063,99,103,99,103,,5000,5000,1.0,3021694564,20260901
B2_feature,1.0,stability,per_class,all,micro,other_fg_tail_enrich_20,0.8541238730190965,0.5827331747107294,1.0371028475045743,9,103,9,103,,5000,5000,1.0,3021694564,20260901
B2_feature,1.0,stability,per_class,all,micro,bg_tail_enrich_20,0.973003724149335,0.9523172200777813,0.9920891991041668,103,103,103,103,,5000,5000,1.0,3021694564,20260901
B2_feature,1.0,stability,per_class,all,micro,auc_target_bg,0.4930760345007912,0.4661313224692841,0.5195603341090764,99,103,99,103,,5000,5000,1.0,3021694564,20260901
B2_feature,1.0,stability,per_class,all,micro,ap_target_bg,0.21902061484599364,0.1807952560461671,0.2598539409667727,99,103,99,103,,5000,5000,1.0,3021694564,20260901
B2_feature,1.0,stability,per_class,all,micro,auc_target_other,0.5607913479692453,0.33154075054367593,0.8289087455997319,5,103,5,103,,5000,4969,0.9938,3021694564,20260901
B2_feature,1.0,stability,per_class,all,micro,ap_target_other,0.36163799982408823,0.04800396055382775,0.786869234135007,5,103,5,103,,5000,4969,0.9938,3021694564,20260901
B2_feature,1.0,stability,per_class,all,micro,target_mean,0.5185429893795873,0.5016894392774037,0.5345026150023984,99,103,99,103,,5000,5000,1.0,3021694564,20260901
B2_feature,1.0,stability,per_class,all,micro,other_fg_mean,0.48793106530207947,0.39780859611036684,0.5367584990135309,9,103,9,103,,5000,5000,1.0,3021694564,20260901
B2_feature,1.0,stability,per_class,all,micro,bg_mean,0.5226004481502333,0.5177306795206977,0.5270372143986755,103,103,103,103,,5000,5000,1.0,3021694564,20260901
B2_feature,1.0,stability,per_class,all,micro,target_median,0.4872374602339484,0.4682038218967465,0.5059905451536179,99,103,99,103,,5000,5000,1.0,3021694564,20260901
B2_feature,1.0,stability,per_class,all,micro,other_fg_median,0.4605918990241157,0.37598396121391225,0.5128009110011837,9,103,9,103,,5000,5000,1.0,3021694564,20260901
B2_feature,1.0,stability,per_class,all,micro,bg_median,0.4895565214666348,0.48341399553114345,0.4951610337508824,103,103,103,103,,5000,5000,1.0,3021694564,20260901
B2_feature,1.0,stability,per_class,all,micro,target_hit,0.18055555555555555,0.09722222222222222,0.2777777777777778,72,72,72,72,,5000,5000,1.0,3021694564,20260901
B2_feature,1.0,stability,per_class,all,micro,other_fg_hit,0.05555555555555555,0.013888888888888888,0.1111111111111111,72,72,72,72,,5000,5000,1.0,3021694564,20260901
B2_feature,1.0,stability,per_class,all,micro,background_hit,0.7638888888888888,0.6666666666666666,0.8611111111111112,72,72,72,72,,5000,5000,1.0,3021694564,20260901
B2_feature,1.0,stability,per_class,all,micro,target_top05_fraction,0.13193893725216024,0.09630904855203695,0.17177379480916002,72,72,72,72,,5000,5000,1.0,3021694564,20260901
B2_feature,1.0,stability,per_class,all,micro,other_fg_top05_fraction,0.032137869747518866,0.005809689822847718,0.06718332307148095,72,72,72,72,,5000,5000,1.0,3021694564,20260901
B2_feature,1.0,stability,per_class,all,micro,bg_top05_fraction,0.8359231930003208,0.7899194775603945,0.8791969638347725,72,72,72,72,,5000,5000,1.0,3021694564,20260901
B2_feature,1.0,stability,per_class,all,micro,target_tail_enrich_05,0.6648161005348951,0.5230360090826909,0.8311144811261474,69,72,69,72,,5000,5000,1.0,3021694564,20260901
B2_feature,1.0,stability,per_class,all,micro,other_fg_tail_enrich_05,0.4495378617077891,0.2241394193564256,0.6807090022676793,17,72,17,72,,5000,5000,1.0,3021694564,20260901
B2_feature,1.0,stability,per_class,all,micro,bg_tail_enrich_05,1.0459977819397361,1.0185049695990722,1.0732803288191313,72,72,72,72,,5000,5000,1.0,3021694564,20260901
B2_feature,1.0,stability,per_class,all,micro,target_top10_fraction,0.12710385364346619,0.09244387435529904,0.16533671593914412,72,72,72,72,,5000,5000,1.0,3021694564,20260901
B2_feature,1.0,stability,per_class,all,micro,other_fg_top10_fraction,0.03344901831267201,0.0065932698012217475,0.06903974098923085,72,72,72,72,,5000,5000,1.0,3021694564,20260901
B2_feature,1.0,stability,per_class,all,micro,bg_top10_fraction,0.8388785770367146,0.7938466783679283,0.8812455100195304,72,72,72,72,,5000,5000,1.0,3021694564,20260901
B2_feature,1.0,stability,per_class,all,micro,target_tail_enrich_10,0.7143600068746158,0.567993902203876,0.8948560659284235,69,72,69,72,,5000,5000,1.0,3021694564,20260901
B2_feature,1.0,stability,per_class,all,micro,other_fg_tail_enrich_10,0.5892283869107788,0.27762872103367287,0.9405171149133007,17,72,17,72,,5000,5000,1.0,3021694564,20260901
B2_feature,1.0,stability,per_class,all,micro,bg_tail_enrich_10,1.047452779206783,1.022411048513335,1.0724760060849965,72,72,72,72,,5000,5000,1.0,3021694564,20260901
B2_feature,1.0,stability,per_class,all,micro,target_top20_fraction,0.12242009201026988,0.09007655369303189,0.15851763952048853,72,72,72,72,,5000,5000,1.0,3021694564,20260901
B2_feature,1.0,stability,per_class,all,micro,other_fg_top20_fraction,0.03399556264242402,0.006880261048674454,0.06928256946264266,72,72,72,72,,5000,5000,1.0,3021694564,20260901
B2_feature,1.0,stability,per_class,all,micro,bg_top20_fraction,0.8425773056801121,0.7987476080129791,0.8839577489881413,72,72,72,72,,5000,5000,1.0,3021694564,20260901
B2_feature,1.0,stability,per_class,all,micro,target_tail_enrich_20,0.6577073800998029,0.5359319979226321,0.8227898560728174,69,72,69,72,,5000,5000,1.0,3021694564,20260901
B2_feature,1.0,stability,per_class,all,micro,other_fg_tail_enrich_20,0.6870367303211935,0.3884535788818328,1.0223192444254225,17,72,17,72,,5000,5000,1.0,3021694564,20260901
B2_feature,1.0,stability,per_class,all,micro,bg_tail_enrich_20,1.0547109736332063,1.034876153755874,1.0752372062435323,72,72,72,72,,5000,5000,1.0,3021694564,20260901
B2_feature,1.0,stability,per_class,all,micro,auc_target_bg,0.3481128411872571,0.3198587506607951,0.37807859510926384,69,72,69,72,,5000,5000,1.0,3021694564,20260901
B2_feature,1.0,stability,per_class,all,micro,ap_target_bg,0.15319767843984575,0.11935347716252456,0.19048205444914787,69,72,69,72,,5000,5000,1.0,3021694564,20260901
B2_feature,1.0,stability,per_class,all,micro,auc_target_other,0.4372467551207532,0.34063437280411685,0.5323229156528796,15,72,15,72,,5000,5000,1.0,3021694564,20260901
B2_feature,1.0,stability,per_class,all,micro,ap_target_other,0.6611376836317224,0.4670573604971023,0.8321109890471823,15,72,15,72,,5000,5000,1.0,3021694564,20260901
B2_feature,1.0,stability,per_class,all,micro,target_mean,0.43777595747981757,0.4164127816821599,0.4596976263796875,69,72,69,72,,5000,5000,1.0,3021694564,20260901
B2_feature,1.0,stability,per_class,all,micro,other_fg_mean,0.46143176181557194,0.39389873884271814,0.5227867976134937,17,72,17,72,,5000,5000,1.0,3021694564,20260901
B2_feature,1.0,stability,per_class,all,micro,bg_mean,0.5407923550022288,0.5362758881882203,0.5450072062486604,72,72,72,72,,5000,5000,1.0,3021694564,20260901
B2_feature,1.0,stability,per_class,all,micro,target_median,0.38991665602594183,0.3673687333032801,0.4134759034806434,69,72,69,72,,5000,5000,1.0,3021694564,20260901
B2_feature,1.0,stability,per_class,all,micro,other_fg_median,0.42820659279823303,0.3539518720337323,0.4977129416178082,17,72,17,72,,5000,5000,1.0,3021694564,20260901
B2_feature,1.0,stability,per_class,all,micro,bg_median,0.513659149615301,0.507815125429382,0.5189296128849188,72,72,72,72,,5000,5000,1.0,3021694564,20260901
B2_feature,1.0,stability,per_class,all,micro,target_hit,0.15625,0.08333333333333333,0.22916666666666666,96,96,96,96,,5000,5000,1.0,3021694564,20260901
B2_feature,1.0,stability,per_class,all,micro,other_fg_hit,0.2604166666666667,0.17708333333333334,0.3541666666666667,96,96,96,96,,5000,5000,1.0,3021694564,20260901
B2_feature,1.0,stability,per_class,all,micro,background_hit,0.5833333333333334,0.4791666666666667,0.6875,96,96,96,96,,5000,5000,1.0,3021694564,20260901
B2_feature,1.0,stability,per_class,all,micro,target_top05_fraction,0.14022727491312087,0.09461737196726829,0.19121047683329995,96,96,96,96,,5000,5000,1.0,3021694564,20260901
B2_feature,1.0,stability,per_class,all,micro,other_fg_top05_fraction,0.31321066331183645,0.2532795264311826,0.37825679746914515,96,96,96,96,,5000,5000,1.0,3021694564,20260901
B2_feature,1.0,stability,per_class,all,micro,bg_top05_fraction,0.546294967757949,0.4883369253240797,0.5991716548138584,96,96,96,96,,5000,5000,1.0,3021694564,20260901
B2_feature,1.0,stability,per_class,all,micro,target_tail_enrich_05,0.44972746126335383,0.351973447348431,0.5497556058446786,87,96,87,96,,5000,5000,1.0,3021694564,20260901
B2_feature,1.0,stability,per_class,all,micro,other_fg_tail_enrich_05,1.0617518855027022,0.9782662295883126,1.14188438492458,60,96,60,96,,5000,5000,1.0,3021694564,20260901
B2_feature,1.0,stability,per_class,all,micro,bg_tail_enrich_05,0.9928733031400265,0.9437955275364512,1.0393038909457648,93,96,93,96,,5000,5000,1.0,3021694564,20260901
B2_feature,1.0,stability,per_class,all,micro,target_top10_fraction,0.14318868877923566,0.09798541372256317,0.19252230009037336,96,96,96,96,,5000,5000,1.0,3021694564,20260901
B2_feature,1.0,stability,per_class,all,micro,other_fg_top10_fraction,0.30747101069786503,0.24854784775527253,0.37127942233954914,96,96,96,96,,5000,5000,1.0,3021694564,20260901
B2_feature,1.0,stability,per_class,all,micro,bg_top10_fraction,0.549060343211692,0.49348645948353775,0.6008632918428052,96,96,96,96,,5000,5000,1.0,3021694564,20260901
B2_feature,1.0,stability,per_class,all,micro,target_tail_enrich_10,0.46010248639638357,0.37105584478273507,0.5468900272328167,87,96,87,96,,5000,5000,1.0,3021694564,20260901
B2_feature,1.0,stability,per_class,all,micro,other_fg_tail_enrich_10,1.0582250541507663,1.0014330393371265,1.1139539792261484,60,96,60,96,,5000,5000,1.0,3021694564,20260901
B2_feature,1.0,stability,per_class,all,micro,bg_tail_enrich_10,1.0060143344011738,0.9678716052055741,1.0414110351033108,93,96,93,96,,5000,5000,1.0,3021694564,20260901
B2_feature,1.0,stability,per_class,all,micro,target_top20_fraction,0.14631082586209787,0.10105127088777166,0.1951509413428736,96,96,96,96,,5000,5000,1.0,3021694564,20260901
B2_feature,1.0,stability,per_class,all,micro,other_fg_top20_fraction,0.30483056715462875,0.24679010401569135,0.36724186547026194,96,96,96,96,,5000,5000,1.0,3021694564,20260901
B2_feature,1.0,stability,per_class,all,micro,bg_top20_fraction,0.5486517742724598,0.4947329369514726,0.6001950203674015,96,96,96,96,,5000,5000,1.0,3021694564,20260901
B2_feature,1.0,stability,per_class,all,micro,target_tail_enrich_20,0.5089038312363173,0.4215142456293676,0.5946246490700831,87,96,87,96,,5000,5000,1.0,3021694564,20260901
B2_feature,1.0,stability,per_class,all,micro,other_fg_tail_enrich_20,1.0405172463039445,0.9831992054945928,1.096362703784646,60,96,60,96,,5000,5000,1.0,3021694564,20260901
B2_feature,1.0,stability,per_class,all,micro,bg_tail_enrich_20,1.0068244435736489,0.9779374384694379,1.0334019798443768,93,96,93,96,,5000,5000,1.0,3021694564,20260901
B2_feature,1.0,stability,per_class,all,micro,auc_target_bg,0.301518337945513,0.2667488593635706,0.3346567063037332,84,96,84,96,,5000,5000,1.0,3021694564,20260901
B2_feature,1.0,stability,per_class,all,micro,ap_target_bg,0.18238076466808287,0.13817287789526347,0.22996117383701667,84,96,84,96,,5000,5000,1.0,3021694564,20260901
B2_feature,1.0,stability,per_class,all,micro,auc_target_other,0.20858424556616223,0.17118487713581565,0.24732560765087283,51,96,51,96,,5000,5000,1.0,3021694564,20260901
B2_feature,1.0,stability,per_class,all,micro,ap_target_other,0.09750397069618205,0.053228164943388064,0.15103261514294486,51,96,51,96,,5000,5000,1.0,3021694564,20260901
B2_feature,1.0,stability,per_class,all,micro,target_mean,0.39412217768913616,0.36807349299315734,0.4188758340587211,87,96,87,96,,5000,5000,1.0,3021694564,20260901
B2_feature,1.0,stability,per_class,all,micro,other_fg_mean,0.5380259407488318,0.5280818855273347,0.5473100202886417,60,96,60,96,,5000,5000,1.0,3021694564,20260901
B2_feature,1.0,stability,per_class,all,micro,bg_mean,0.5323954522499831,0.5268212033969426,0.5374477908551365,93,96,93,96,,5000,5000,1.0,3021694564,20260901
B2_feature,1.0,stability,per_class,all,micro,target_median,0.35032556257371245,0.3240195769716809,0.3759237258755013,87,96,87,96,,5000,5000,1.0,3021694564,20260901
B2_feature,1.0,stability,per_class,all,micro,other_fg_median,0.5130076336363951,0.5024425675715355,0.5229253394993306,60,96,60,96,,5000,5000,1.0,3021694564,20260901
B2_feature,1.0,stability,per_class,all,micro,bg_median,0.5028304689994423,0.495899767295012,0.5091478471033428,93,96,93,96,,5000,5000,1.0,3021694564,20260901
B2_feature,1.0,stability,per_class,all,micro,target_hit,0.4864864864864865,0.3783783783783784,0.5945945945945946,74,74,74,74,,5000,5000,1.0,3021694564,20260901
B2_feature,1.0,stability,per_class,all,micro,other_fg_hit,0.04054054054054054,0.0,0.0945945945945946,74,74,74,74,,5000,5000,1.0,3021694564,20260901
B2_feature,1.0,stability,per_class,all,micro,background_hit,0.47297297297297297,0.35135135135135137,0.581081081081081,74,74,74,74,,5000,5000,1.0,3021694564,20260901
B2_feature,1.0,stability,per_class,all,micro,target_top05_fraction,0.45318174066395955,0.38715519118390745,0.5212450021144897,74,74,74,74,,5000,5000,1.0,3021694564,20260901
B2_feature,1.0,stability,per_class,all,micro,other_fg_top05_fraction,0.03215432031221505,0.013852741911952437,0.05447676168070904,74,74,74,74,,5000,5000,1.0,3021694564,20260901
B2_feature,1.0,stability,per_class,all,micro,bg_top05_fraction,0.5146639390238256,0.45019354884619817,0.5769454956310399,74,74,74,74,,5000,5000,1.0,3021694564,20260901
B2_feature,1.0,stability,per_class,all,micro,target_tail_enrich_05,0.847113388789735,0.7646918487379344,0.9265605645374074,73,74,73,74,,5000,5000,1.0,3021694564,20260901
B2_feature,1.0,stability,per_class,all,micro,other_fg_tail_enrich_05,0.8090040539601479,0.49237028119140336,1.1571617525763527,34,74,34,74,,5000,5000,1.0,3021694564,20260901
B2_feature,1.0,stability,per_class,all,micro,bg_tail_enrich_05,1.0185829941737115,0.9516740954707821,1.083537026004264,74,74,74,74,,5000,5000,1.0,3021694564,20260901
B2_feature,1.0,stability,per_class,all,micro,target_top10_fraction,0.44970406726533263,0.38548821003507755,0.5151717369746565,74,74,74,74,,5000,5000,1.0,3021694564,20260901
B2_feature,1.0,stability,per_class,all,micro,other_fg_top10_fraction,0.02643258497688877,0.012214673931862473,0.04375122485340672,74,74,74,74,,5000,5000,1.0,3021694564,20260901
B2_feature,1.0,stability,per_class,all,micro,bg_top10_fraction,0.5233390380229427,0.4605766310983105,0.5844749223551869,74,74,74,74,,5000,5000,1.0,3021694564,20260901
B2_feature,1.0,stability,per_class,all,micro,target_tail_enrich_10,0.8506108223760087,0.7891859759280768,0.9073397049135201,73,74,73,74,,5000,5000,1.0,3021694564,20260901
B2_feature,1.0,stability,per_class,all,micro,other_fg_tail_enrich_10,0.6447615028766801,0.4222375608569446,0.8813744687469722,34,74,34,74,,5000,5000,1.0,3021694564,20260901
B2_feature,1.0,stability,per_class,all,micro,bg_tail_enrich_10,1.0634564297162945,1.0179041005844152,1.1113961039248843,74,74,74,74,,5000,5000,1.0,3021694564,20260901
B2_feature,1.0,stability,per_class,all,micro,target_top20_fraction,0.44559668294905863,0.380091053047166,0.5108700206331214,74,74,74,74,,5000,5000,1.0,3021694564,20260901
B2_feature,1.0,stability,per_class,all,micro,other_fg_top20_fraction,0.026303470346633752,0.012579441662752837,0.04245737126133822,74,74,74,74,,5000,5000,1.0,3021694564,20260901
B2_feature,1.0,stability,per_class,all,micro,bg_top20_fraction,0.5276587348042182,0.46534005040804377,0.5899943444457479,74,74,74,74,,5000,5000,1.0,3021694564,20260901
B2_feature,1.0,stability,per_class,all,micro,target_tail_enrich_20,0.8218177094733821,0.7629510420496753,0.8770570499111678,73,74,73,74,,5000,5000,1.0,3021694564,20260901
B2_feature,1.0,stability,per_class,all,micro,other_fg_tail_enrich_20,0.710304374425127,0.5124344720712385,0.9194375656057643,34,74,34,74,,5000,5000,1.0,3021694564,20260901
B2_feature,1.0,stability,per_class,all,micro,bg_tail_enrich_20,1.055967573431109,1.0197327291741434,1.09023802194911,74,74,74,74,,5000,5000,1.0,3021694564,20260901
B2_feature,1.0,stability,per_class,all,micro,auc_target_bg,0.42582524710097824,0.4015614329865021,0.4500508536550436,73,74,73,74,,5000,5000,1.0,3021694564,20260901
B2_feature,1.0,stability,per_class,all,micro,ap_target_bg,0.4760069161394756,0.41225406155615374,0.5398720065683803,73,74,73,74,,5000,5000,1.0,3021694564,20260901
B2_feature,1.0,stability,per_class,all,micro,auc_target_other,0.5255334485869131,0.4521913244824854,0.5973303970153954,33,74,33,74,,5000,5000,1.0,3021694564,20260901
B2_feature,1.0,stability,per_class,all,micro,ap_target_other,0.7748844615983637,0.6498781478972906,0.8786515348953003,33,74,33,74,,5000,5000,1.0,3021694564,20260901
B2_feature,1.0,stability,per_class,all,micro,target_mean,0.49136900348320983,0.4758102032250375,0.5059531858089538,73,74,73,74,,5000,5000,1.0,3021694564,20260901
B2_feature,1.0,stability,per_class,all,micro,other_fg_mean,0.46165517757199626,0.42335918545045126,0.49904681158959757,34,74,34,74,,5000,5000,1.0,3021694564,20260901
B2_feature,1.0,stability,per_class,all,micro,bg_mean,0.5431952710608632,0.5373286666877094,0.5488891154658975,74,74,74,74,,5000,5000,1.0,3021694564,20260901
B2_feature,1.0,stability,per_class,all,micro,target_median,0.45105052810825713,0.4321841220435214,0.46861929283807247,73,74,73,74,,5000,5000,1.0,3021694564,20260901
B2_feature,1.0,stability,per_class,all,micro,other_fg_median,0.43180708455688815,0.3892062182757346,0.47428680928378475,34,74,34,74,,5000,5000,1.0,3021694564,20260901
B2_feature,1.0,stability,per_class,all,micro,bg_median,0.5157139695979454,0.5076275326160562,0.524444276733777,74,74,74,74,,5000,5000,1.0,3021694564,20260901
B2_feature,1.0,stability,per_class,all,micro,target_hit,0.2047244094488189,0.13385826771653545,0.2755905511811024,127,127,127,127,,5000,5000,1.0,3021694564,20260901
B2_feature,1.0,stability,per_class,all,micro,other_fg_hit,0.2440944881889764,0.1732283464566929,0.3228346456692913,127,127,127,127,,5000,5000,1.0,3021694564,20260901
B2_feature,1.0,stability,per_class,all,micro,background_hit,0.5511811023622047,0.4645669291338583,0.6377952755905512,127,127,127,127,,5000,5000,1.0,3021694564,20260901
B2_feature,1.0,stability,per_class,all,micro,target_top05_fraction,0.19942288986863718,0.15231995012068025,0.24937598331587083,127,127,127,127,,5000,5000,1.0,3021694564,20260901
B2_feature,1.0,stability,per_class,all,micro,other_fg_top05_fraction,0.1982365789348798,0.15241865595522872,0.24453193124556566,127,127,127,127,,5000,5000,1.0,3021694564,20260901
B2_feature,1.0,stability,per_class,all,micro,bg_top05_fraction,0.601941782963089,0.554243451272016,0.6505475533078621,127,127,127,127,,5000,5000,1.0,3021694564,20260901
B2_feature,1.0,stability,per_class,all,micro,target_tail_enrich_05,0.638038841706788,0.50463117013831,0.814874120047332,113,127,113,127,,5000,5000,1.0,3021694564,20260901
B2_feature,1.0,stability,per_class,all,micro,other_fg_tail_enrich_05,0.9789402283606281,0.865917627301587,1.0995669941848998,79,127,79,127,,5000,5000,1.0,3021694564,20260901
B2_feature,1.0,stability,per_class,all,micro,bg_tail_enrich_05,1.030840379038117,0.9873776677374662,1.0739574343619414,127,127,127,127,,5000,5000,1.0,3021694564,20260901
B2_feature,1.0,stability,per_class,all,micro,target_top10_fraction,0.20006273724287524,0.15318603644025203,0.24887541545823919,127,127,127,127,,5000,5000,1.0,3021694564,20260901
B2_feature,1.0,stability,per_class,all,micro,other_fg_top10_fraction,0.19920751537662074,0.1528547427423995,0.2460757000197109,127,127,127,127,,5000,5000,1.0,3021694564,20260901
B2_feature,1.0,stability,per_class,all,micro,bg_top10_fraction,0.6003285073699747,0.5531933971367803,0.6484930435731162,127,127,127,127,,5000,5000,1.0,3021694564,20260901
B2_feature,1.0,stability,per_class,all,micro,target_tail_enrich_10,0.6699738530692916,0.5732005982704419,0.7788981385586112,113,127,113,127,,5000,5000,1.0,3021694564,20260901
B2_feature,1.0,stability,per_class,all,micro,other_fg_tail_enrich_10,0.9590227022717168,0.8683850328772528,1.043276224544136,79,127,79,127,,5000,5000,1.0,3021694564,20260901
B2_feature,1.0,stability,per_class,all,micro,bg_tail_enrich_10,1.023710985892512,0.9885262376978038,1.0580740122992396,127,127,127,127,,5000,5000,1.0,3021694564,20260901
B2_feature,1.0,stability,per_class,all,micro,target_top20_fraction,0.20194876532009853,0.15525508509814653,0.2508514265129472,127,127,127,127,,5000,5000,1.0,3021694564,20260901
B2_feature,1.0,stability,per_class,all,micro,other_fg_top20_fraction,0.1970903193704427,0.15083420486098567,0.2436940903362735,127,127,127,127,,5000,5000,1.0,3021694564,20260901
B2_feature,1.0,stability,per_class,all,micro,bg_top20_fraction,0.6004531502729132,0.553228958634305,0.648760854307979,127,127,127,127,,5000,5000,1.0,3021694564,20260901
B2_feature,1.0,stability,per_class,all,micro,target_tail_enrich_20,0.6411476665381117,0.5637978399551202,0.7205800427196326,113,127,113,127,,5000,5000,1.0,3021694564,20260901
B2_feature,1.0,stability,per_class,all,micro,other_fg_tail_enrich_20,0.911119775902397,0.8326719034012762,0.9849704160385868,79,127,79,127,,5000,5000,1.0,3021694564,20260901
B2_feature,1.0,stability,per_class,all,micro,bg_tail_enrich_20,1.0204417192707385,0.9864729838525637,1.0541211476505266,127,127,127,127,,5000,5000,1.0,3021694564,20260901
B2_feature,1.0,stability,per_class,all,micro,auc_target_bg,0.34163784815987214,0.3119115302265967,0.3711763569087586,113,127,113,127,,5000,5000,1.0,3021694564,20260901
B2_feature,1.0,stability,per_class,all,micro,ap_target_bg,0.25813091794722015,0.2081463575786428,0.31182631567410896,113,127,113,127,,5000,5000,1.0,3021694564,20260901
B2_feature,1.0,stability,per_class,all,micro,auc_target_other,0.3478745737590682,0.298280950317515,0.3997892234592982,66,127,66,127,,5000,5000,1.0,3021694564,20260901
B2_feature,1.0,stability,per_class,all,micro,ap_target_other,0.32601104077026005,0.23945673141392104,0.41620348319656186,66,127,66,127,,5000,5000,1.0,3021694564,20260901
B2_feature,1.0,stability,per_class,all,micro,target_mean,0.422287669414816,0.40003173800715186,0.4436717751404402,113,127,113,127,,5000,5000,1.0,3021694564,20260901
B2_feature,1.0,stability,per_class,all,micro,other_fg_mean,0.5087113639016018,0.4923345563740406,0.5233583562382882,79,127,79,127,,5000,5000,1.0,3021694564,20260901
B2_feature,1.0,stability,per_class,all,micro,bg_mean,0.5330781209168856,0.5270197695636412,0.5386496576996419,127,127,127,127,,5000,5000,1.0,3021694564,20260901
B2_feature,1.0,stability,per_class,all,micro,target_median,0.37913433729415447,0.356505573227022,0.4013636558973009,113,127,113,127,,5000,5000,1.0,3021694564,20260901
B2_feature,1.0,stability,per_class,all,micro,other_fg_median,0.48024448686385457,0.4612802985592309,0.49732261038225317,79,127,79,127,,5000,5000,1.0,3021694564,20260901
B2_feature,1.0,stability,per_class,all,micro,bg_median,0.5041322586104626,0.4969730933820169,0.5107674201965097,127,127,127,127,,5000,5000,1.0,3021694564,20260901
B2_feature,1.0,stability,per_class,all,micro,target_hit,0.40336134453781514,0.31932773109243695,0.4957983193277311,119,119,119,119,,5000,5000,1.0,3021694564,20260901
B2_feature,1.0,stability,per_class,all,micro,other_fg_hit,0.08403361344537816,0.04201680672268908,0.13445378151260504,119,119,119,119,,5000,5000,1.0,3021694564,20260901
B2_feature,1.0,stability,per_class,all,micro,background_hit,0.5126050420168067,0.42016806722689076,0.6050420168067226,119,119,119,119,,5000,5000,1.0,3021694564,20260901
B2_feature,1.0,stability,per_class,all,micro,target_top05_fraction,0.409294387117697,0.356627109722451,0.46070474200133277,119,119,119,119,,5000,5000,1.0,3021694564,20260901
B2_feature,1.0,stability,per_class,all,micro,other_fg_top05_fraction,0.08478986015750721,0.05215089198192231,0.12063950367902286,119,119,119,119,,5000,5000,1.0,3021694564,20260901
B2_feature,1.0,stability,per_class,all,micro,bg_top05_fraction,0.5052275928454596,0.45650357706918954,0.5555992222060184,119,119,119,119,,5000,5000,1.0,3021694564,20260901
B2_feature,1.0,stability,per_class,all,micro,target_tail_enrich_05,0.8967317352196162,0.8277032050428357,0.9632223028481902,119,119,119,119,,5000,5000,1.0,3021694564,20260901
B2_feature,1.0,stability,per_class,all,micro,other_fg_tail_enrich_05,0.8790867958525876,0.7524233860211679,1.0015388987840226,30,119,30,119,,5000,5000,1.0,3021694564,20260901
B2_feature,1.0,stability,per_class,all,micro,bg_tail_enrich_05,0.9797554085200365,0.9245742902792734,1.0356431398775208,113,119,113,119,,5000,5000,1.0,3021694564,20260901
B2_feature,1.0,stability,per_class,all,micro,target_top10_fraction,0.3999255340924081,0.34858837720008556,0.4503885408592756,119,119,119,119,,5000,5000,1.0,3021694564,20260901
B2_feature,1.0,stability,per_class,all,micro,other_fg_top10_fraction,0.09036170511095731,0.05543216496367926,0.12904055385609173,119,119,119,119,,5000,5000,1.0,3021694564,20260901
B2_feature,1.0,stability,per_class,all,micro,bg_top10_fraction,0.5092595803875319,0.46203353842530825,0.5593356502908633,119,119,119,119,,5000,5000,1.0,3021694564,20260901
B2_feature,1.0,stability,per_class,all,micro,target_tail_enrich_10,0.8765423513650163,0.8151541338080049,0.935647911568438,119,119,119,119,,5000,5000,1.0,3021694564,20260901
B2_feature,1.0,stability,per_class,all,micro,other_fg_tail_enrich_10,0.9237524262946049,0.818239068182021,1.025767866950559,30,119,30,119,,5000,5000,1.0,3021694564,20260901
B2_feature,1.0,stability,per_class,all,micro,bg_tail_enrich_10,0.9825677194568339,0.9394877489380284,1.0243304448750816,113,119,113,119,,5000,5000,1.0,3021694564,20260901
B2_feature,1.0,stability,per_class,all,micro,target_top20_fraction,0.4033062942782089,0.35286983168398145,0.4531251750773967,119,119,119,119,,5000,5000,1.0,3021694564,20260901
B2_feature,1.0,stability,per_class,all,micro,other_fg_top20_fraction,0.09274232000365479,0.05780713477409869,0.13146660291182727,119,119,119,119,,5000,5000,1.0,3021694564,20260901
B2_feature,1.0,stability,per_class,all,micro,bg_top20_fraction,0.5034906779152759,0.45695756742766375,0.5521318634421684,119,119,119,119,,5000,5000,1.0,3021694564,20260901
B2_feature,1.0,stability,per_class,all,micro,target_tail_enrich_20,0.8931147520847752,0.8378269000969149,0.9460388662001736,119,119,119,119,,5000,5000,1.0,3021694564,20260901
B2_feature,1.0,stability,per_class,all,micro,other_fg_tail_enrich_20,0.9610797831860112,0.8758522131117141,1.0395623363571844,30,119,30,119,,5000,5000,1.0,3021694564,20260901
B2_feature,1.0,stability,per_class,all,micro,bg_tail_enrich_20,0.973293579763901,0.9350604100290926,1.0099026651761442,113,119,113,119,,5000,5000,1.0,3021694564,20260901
B2_feature,1.0,stability,per_class,all,micro,auc_target_bg,0.4663106233117072,0.4421309219576042,0.49008901246434083,113,119,113,119,,5000,5000,1.0,3021694564,20260901
B2_feature,1.0,stability,per_class,all,micro,ap_target_bg,0.4241035820554917,0.3779424857920456,0.46926162607178384,113,119,113,119,,5000,5000,1.0,3021694564,20260901
B2_feature,1.0,stability,per_class,all,micro,auc_target_other,0.3899337517125236,0.33874958877232003,0.44006123577262013,30,119,30,119,,5000,5000,1.0,3021694564,20260901
B2_feature,1.0,stability,per_class,all,micro,ap_target_other,0.36458968469626846,0.2665805374871843,0.4732040855671215,30,119,30,119,,5000,5000,1.0,3021694564,20260901
B2_feature,1.0,stability,per_class,all,micro,target_mean,0.5008256978344139,0.48741495441161414,0.5131076466532046,119,119,119,119,,5000,5000,1.0,3021694564,20260901
B2_feature,1.0,stability,per_class,all,micro,other_fg_mean,0.5299715063759923,0.5146306308615627,0.5451256924204312,30,119,30,119,,5000,5000,1.0,3021694564,20260901
B2_feature,1.0,stability,per_class,all,micro,bg_mean,0.5257710876878473,0.5187586618318851,0.5322964071844679,113,119,113,119,,5000,5000,1.0,3021694564,20260901
B2_feature,1.0,stability,per_class,all,micro,target_median,0.46788168291584786,0.4527052068049792,0.4818196752899083,119,119,119,119,,5000,5000,1.0,3021694564,20260901
B2_feature,1.0,stability,per_class,all,micro,other_fg_median,0.5068738341331482,0.4877743931568187,0.5270601051589173,30,119,30,119,,5000,5000,1.0,3021694564,20260901
B2_feature,1.0,stability,per_class,all,micro,bg_median,0.49564410825218774,0.4873577807482544,0.5035638854074126,113,119,113,119,,5000,5000,1.0,3021694564,20260901
B2_feature,1.0,stability,per_class,all,micro,target_hit,0.07317073170731707,0.032520325203252036,0.12195121951219512,123,123,123,123,,5000,5000,1.0,3021694564,20260901
B2_feature,1.0,stability,per_class,all,micro,other_fg_hit,0.24390243902439024,0.17073170731707318,0.3170731707317073,123,123,123,123,,5000,5000,1.0,3021694564,20260901
B2_feature,1.0,stability,per_class,all,micro,background_hit,0.6829268292682927,0.6016260162601627,0.7642276422764228,123,123,123,123,,5000,5000,1.0,3021694564,20260901
B2_feature,1.0,stability,per_class,all,micro,target_top05_fraction,0.08713475068752462,0.06443457907401122,0.11233294939403565,123,123,123,123,,5000,5000,1.0,3021694564,20260901
B2_feature,1.0,stability,per_class,all,micro,other_fg_top05_fraction,0.2694579780469496,0.2270234387766527,0.3141960519795508,123,123,123,123,,5000,5000,1.0,3021694564,20260901
B2_feature,1.0,stability,per_class,all,micro,bg_top05_fraction,0.6425245425265709,0.5973523721374413,0.6850425648323961,123,123,123,123,,5000,5000,1.0,3021694564,20260901
B2_feature,1.0,stability,per_class,all,micro,target_tail_enrich_05,0.6398671067978429,0.5178489806799336,0.7682309705089532,112,123,112,123,,5000,5000,1.0,3021694564,20260901
B2_feature,1.0,stability,per_class,all,micro,other_fg_tail_enrich_05,1.0394120931816948,0.8949270789506272,1.243490412382496,107,123,107,123,,5000,5000,1.0,3021694564,20260901
B2_feature,1.0,stability,per_class,all,micro,bg_tail_enrich_05,1.026028206781448,0.9892214112521582,1.0589880761421682,122,123,122,123,,5000,5000,1.0,3021694564,20260901
B2_feature,1.0,stability,per_class,all,micro,target_top10_fraction,0.08916329183790457,0.06595315906688738,0.11518089294380715,123,123,123,123,,5000,5000,1.0,3021694564,20260901
B2_feature,1.0,stability,per_class,all,micro,other_fg_top10_fraction,0.2694599330906591,0.22723719307368723,0.3133136878935395,123,123,123,123,,5000,5000,1.0,3021694564,20260901
B2_feature,1.0,stability,per_class,all,micro,bg_top10_fraction,0.6404981058872474,0.5957574544499324,0.6833817912288547,123,123,123,123,,5000,5000,1.0,3021694564,20260901
B2_feature,1.0,stability,per_class,all,micro,target_tail_enrich_10,0.6559018194001639,0.5380496439330329,0.7809389086321767,112,123,112,123,,5000,5000,1.0,3021694564,20260901
B2_feature,1.0,stability,per_class,all,micro,other_fg_tail_enrich_10,1.0136253106098765,0.924613345445688,1.1247726295620837,107,123,107,123,,5000,5000,1.0,3021694564,20260901
B2_feature,1.0,stability,per_class,all,micro,bg_tail_enrich_10,1.02257402004823,0.992895466533887,1.0503421482269777,122,123,122,123,,5000,5000,1.0,3021694564,20260901
B2_feature,1.0,stability,per_class,all,micro,target_top20_fraction,0.08759249469657668,0.06502852605062577,0.11301986865603128,123,123,123,123,,5000,5000,1.0,3021694564,20260901
B2_feature,1.0,stability,per_class,all,micro,other_fg_top20_fraction,0.2721446514601518,0.23010458346326082,0.3153979169740716,123,123,123,123,,5000,5000,1.0,3021694564,20260901
B2_feature,1.0,stability,per_class,all,micro,bg_top20_fraction,0.6396021238328696,0.5957515580252457,0.6820416439691958,123,123,123,123,,5000,5000,1.0,3021694564,20260901
B2_feature,1.0,stability,per_class,all,micro,target_tail_enrich_20,0.6309115992504484,0.5539044705236555,0.7082471660726648,112,123,112,123,,5000,5000,1.0,3021694564,20260901
B2_feature,1.0,stability,per_class,all,micro,other_fg_tail_enrich_20,0.9831316130626149,0.9325912134239904,1.0386094710738596,107,123,107,123,,5000,5000,1.0,3021694564,20260901
B2_feature,1.0,stability,per_class,all,micro,bg_tail_enrich_20,1.0202750744322204,0.9929586928837623,1.0451930362496822,122,123,122,123,,5000,5000,1.0,3021694564,20260901
B2_feature,1.0,stability,per_class,all,micro,auc_target_bg,0.35122717859271085,0.32739994663779903,0.3733200235684619,111,123,111,123,,5000,5000,1.0,3021694564,20260901
B2_feature,1.0,stability,per_class,all,micro,ap_target_bg,0.14605747202868172,0.11537166280015261,0.17900912077807227,111,123,111,123,,5000,5000,1.0,3021694564,20260901
B2_feature,1.0,stability,per_class,all,micro,auc_target_other,0.3608915279893774,0.3346949851058799,0.38630820340191585,96,123,96,123,,5000,5000,1.0,3021694564,20260901
B2_feature,1.0,stability,per_class,all,micro,ap_target_other,0.27181348594537785,0.22083137906927133,0.32498871199757823,96,123,96,123,,5000,5000,1.0,3021694564,20260901
B2_feature,1.0,stability,per_class,all,micro,target_mean,0.43338510613922515,0.41691489868482984,0.44858553669034756,112,123,112,123,,5000,5000,1.0,3021694564,20260901
B2_feature,1.0,stability,per_class,all,micro,other_fg_mean,0.5266157196917665,0.5173543558426654,0.5361789020471687,107,123,107,123,,5000,5000,1.0,3021694564,20260901
B2_feature,1.0,stability,per_class,all,micro,bg_mean,0.5356752958372851,0.5312147674403366,0.5397054854502205,122,123,122,123,,5000,5000,1.0,3021694564,20260901
B2_feature,1.0,stability,per_class,all,micro,target_median,0.3894353170347001,0.3736765472667425,0.40444641181530716,112,123,112,123,,5000,5000,1.0,3021694564,20260901
B2_feature,1.0,stability,per_class,all,micro,other_fg_median,0.4939433202565273,0.4820140040943694,0.5060990207597509,107,123,107,123,,5000,5000,1.0,3021694564,20260901
B2_feature,1.0,stability,per_class,all,micro,bg_median,0.5071941308799337,0.5019767218323286,0.5120245798506209,122,123,122,123,,5000,5000,1.0,3021694564,20260901
B2_feature,1.0,stability,per_class,all,micro,target_hit,0.22535211267605634,0.1267605633802817,0.323943661971831,71,71,71,71,,5000,5000,1.0,3021694564,20260901
B2_feature,1.0,stability,per_class,all,micro,other_fg_hit,0.028169014084507043,0.0,0.07042253521126761,71,71,71,71,,5000,5000,1.0,3021694564,20260901
B2_feature,1.0,stability,per_class,all,micro,background_hit,0.7464788732394366,0.647887323943662,0.8450704225352113,71,71,71,71,,5000,5000,1.0,3021694564,20260901
B2_feature,1.0,stability,per_class,all,micro,target_top05_fraction,0.28719870213133186,0.2224398166292761,0.3563938521494226,71,71,71,71,,5000,5000,1.0,3021694564,20260901
B2_feature,1.0,stability,per_class,all,micro,other_fg_top05_fraction,0.038702392439365366,0.014414285985820457,0.06884802104681753,71,71,71,71,,5000,5000,1.0,3021694564,20260901
B2_feature,1.0,stability,per_class,all,micro,bg_top05_fraction,0.6737377642230911,0.6041317894680136,0.7393252853772083,71,71,71,71,,5000,5000,1.0,3021694564,20260901
B2_feature,1.0,stability,per_class,all,micro,target_tail_enrich_05,0.7000073645767014,0.604206140924656,0.7944546807722321,71,71,71,71,,5000,5000,1.0,3021694564,20260901
B2_feature,1.0,stability,per_class,all,micro,other_fg_tail_enrich_05,0.9575897318646184,0.6329846004235439,1.3110819360339168,14,71,14,71,,5000,5000,1.0,3021694564,20260901
B2_feature,1.0,stability,per_class,all,micro,bg_tail_enrich_05,1.0800376724099616,1.0169614635085162,1.1384904070884365,71,71,71,71,,5000,5000,1.0,3021694564,20260901
B2_feature,1.0,stability,per_class,all,micro,target_top10_fraction,0.2852692120110404,0.22201259375844093,0.35100692638241343,71,71,71,71,,5000,5000,1.0,3021694564,20260901
B2_feature,1.0,stability,per_class,all,micro,other_fg_top10_fraction,0.03375514603621659,0.01311412228739879,0.058731504373931605,71,71,71,71,,5000,5000,1.0,3021694564,20260901
B2_feature,1.0,stability,per_class,all,micro,bg_top10_fraction,0.6807950713496373,0.6142838531683141,0.7436115620757809,71,71,71,71,,5000,5000,1.0,3021694564,20260901
B2_feature,1.0,stability,per_class,all,micro,target_tail_enrich_10,0.677335497637835,0.6000274726686435,0.7531139608471651,71,71,71,71,,5000,5000,1.0,3021694564,20260901
B2_feature,1.0,stability,per_class,all,micro,other_fg_tail_enrich_10,0.8819546449923173,0.6421062779889474,1.206139532422604,14,71,14,71,,5000,5000,1.0,3021694564,20260901
B2_feature,1.0,stability,per_class,all,micro,bg_tail_enrich_10,1.1102570767280058,1.0683267156983733,1.1512240934593454,71,71,71,71,,5000,5000,1.0,3021694564,20260901
B2_feature,1.0,stability,per_class,all,micro,target_top20_fraction,0.29399379945068305,0.23121503750146744,0.3600968301166323,71,71,71,71,,5000,5000,1.0,3021694564,20260901
B2_feature,1.0,stability,per_class,all,micro,other_fg_top20_fraction,0.035334907443076595,0.014351168313334804,0.060026028293516706,71,71,71,71,,5000,5000,1.0,3021694564,20260901
B2_feature,1.0,stability,per_class,all,micro,bg_top20_fraction,0.6704901400173181,0.6044396847042173,0.7326574287095371,71,71,71,71,,5000,5000,1.0,3021694564,20260901
B2_feature,1.0,stability,per_class,all,micro,target_tail_enrich_20,0.6882253865121745,0.6160070370219662,0.7585411594622578,71,71,71,71,,5000,5000,1.0,3021694564,20260901
B2_feature,1.0,stability,per_class,all,micro,other_fg_tail_enrich_20,0.8601250664931709,0.7078946647106233,1.0014612903798534,14,71,14,71,,5000,5000,1.0,3021694564,20260901
B2_feature,1.0,stability,per_class,all,micro,bg_tail_enrich_20,1.0826253285630802,1.0498899528063772,1.1137046744144037,71,71,71,71,,5000,5000,1.0,3021694564,20260901
B2_feature,1.0,stability,per_class,all,micro,auc_target_bg,0.3647343019055908,0.3349599998230485,0.3951729355292222,71,71,71,71,,5000,5000,1.0,3021694564,20260901
B2_feature,1.0,stability,per_class,all,micro,ap_target_bg,0.32502415328841505,0.26402466105239275,0.3888343554244926,71,71,71,71,,5000,5000,1.0,3021694564,20260901
B2_feature,1.0,stability,per_class,all,micro,auc_target_other,0.40930488375556,0.3369143365340871,0.4804585159217588,14,71,14,71,,5000,5000,1.0,3021694564,20260901
B2_feature,1.0,stability,per_class,all,micro,ap_target_other,0.49694156145166524,0.34431127517828514,0.6563268777936959,14,71,14,71,,5000,5000,1.0,3021694564,20260901
B2_feature,1.0,stability,per_class,all,micro,target_mean,0.44797314323625403,0.42675310340679773,0.4684118540512701,71,71,71,71,,5000,5000,1.0,3021694564,20260901
B2_feature,1.0,stability,per_class,all,micro,other_fg_mean,0.4934444207416201,0.44971056387697117,0.5288976301922559,14,71,14,71,,5000,5000,1.0,3021694564,20260901
B2_feature,1.0,stability,per_class,all,micro,bg_mean,0.5452180986228713,0.5390264314343806,0.5511782105113263,71,71,71,71,,5000,5000,1.0,3021694564,20260901
B2_feature,1.0,stability,per_class,all,micro,target_median,0.40780627654052115,0.38548002374738877,0.4294640660233481,71,71,71,71,,5000,5000,1.0,3021694564,20260901
B2_feature,1.0,stability,per_class,all,micro,other_fg_median,0.45637339300342966,0.4019263637011104,0.501695050591869,14,71,14,71,,5000,5000,1.0,3021694564,20260901
B2_feature,1.0,stability,per_class,all,micro,bg_median,0.5188498572564461,0.5110587098753788,0.5258624310224829,71,71,71,71,,5000,5000,1.0,3021694564,20260901
B2_feature,1.0,stability,per_class,all,micro,target_hit,0.14666666666666667,0.06666666666666667,0.22666666666666666,75,75,75,75,,5000,5000,1.0,3021694564,20260901
B2_feature,1.0,stability,per_class,all,micro,other_fg_hit,0.28,0.18666666666666668,0.38666666666666666,75,75,75,75,,5000,5000,1.0,3021694564,20260901
B2_feature,1.0,stability,per_class,all,micro,background_hit,0.5733333333333334,0.4666666666666667,0.68,75,75,75,75,,5000,5000,1.0,3021694564,20260901
B2_feature,1.0,stability,per_class,all,micro,target_top05_fraction,0.18627596366837842,0.1352323281342244,0.24567915244488375,75,75,75,75,,5000,5000,1.0,3021694564,20260901
B2_feature,1.0,stability,per_class,all,micro,other_fg_top05_fraction,0.31512809702979977,0.26176376197891293,0.3719235214241792,75,75,75,75,,5000,5000,1.0,3021694564,20260901
B2_feature,1.0,stability,per_class,all,micro,bg_top05_fraction,0.4975312262371085,0.4344933554788819,0.5586366001800984,75,75,75,75,,5000,5000,1.0,3021694564,20260901
B2_feature,1.0,stability,per_class,all,micro,target_tail_enrich_05,0.6707857980483588,0.5784341923966413,0.7624344082293846,73,75,73,75,,5000,5000,1.0,3021694564,20260901
B2_feature,1.0,stability,per_class,all,micro,other_fg_tail_enrich_05,0.9675606085173547,0.8622997381684304,1.0672280199757793,70,75,70,75,,5000,5000,1.0,3021694564,20260901
B2_feature,1.0,stability,per_class,all,micro,bg_tail_enrich_05,1.073792734414668,1.0027038413299305,1.1488192020783015,73,75,73,75,,5000,5000,1.0,3021694564,20260901
B2_feature,1.0,stability,per_class,all,micro,target_top10_fraction,0.18991173842711076,0.13880880159727974,0.24959683843459599,75,75,75,75,,5000,5000,1.0,3021694564,20260901
B2_feature,1.0,stability,per_class,all,micro,other_fg_top10_fraction,0.3188117987655566,0.2661989394925155,0.3726324135671421,75,75,75,75,,5000,5000,1.0,3021694564,20260901
B2_feature,1.0,stability,per_class,all,micro,bg_top10_fraction,0.4901935457244153,0.4279870280355523,0.5496985659738973,75,75,75,75,,5000,5000,1.0,3021694564,20260901
B2_feature,1.0,stability,per_class,all,micro,target_tail_enrich_10,0.6952226644784297,0.6178926491430746,0.7708864297281837,73,75,73,75,,5000,5000,1.0,3021694564,20260901
B2_feature,1.0,stability,per_class,all,micro,other_fg_tail_enrich_10,0.9991401383417523,0.9132391258822592,1.0795751712772022,70,75,70,75,,5000,5000,1.0,3021694564,20260901
B2_feature,1.0,stability,per_class,all,micro,bg_tail_enrich_10,1.0283837150475381,0.9819068336882811,1.0749205102071173,73,75,73,75,,5000,5000,1.0,3021694564,20260901
B2_feature,1.0,stability,per_class,all,micro,target_top20_fraction,0.19678576645713483,0.14539542015892726,0.25580751214241704,75,75,75,75,,5000,5000,1.0,3021694564,20260901
B2_feature,1.0,stability,per_class,all,micro,other_fg_top20_fraction,0.31550294969556847,0.2645667083585786,0.36709616699004477,75,75,75,75,,5000,5000,1.0,3021694564,20260901
B2_feature,1.0,stability,per_class,all,micro,bg_top20_fraction,0.4867317206338929,0.42677694158072377,0.5452092224112902,75,75,75,75,,5000,5000,1.0,3021694564,20260901
B2_feature,1.0,stability,per_class,all,micro,target_tail_enrich_20,0.7352711834185547,0.6703954385079661,0.8009319226506472,73,75,73,75,,5000,5000,1.0,3021694564,20260901
B2_feature,1.0,stability,per_class,all,micro,other_fg_tail_enrich_20,0.9909427109229161,0.9311963867852929,1.0470765042456378,70,75,70,75,,5000,5000,1.0,3021694564,20260901
B2_feature,1.0,stability,per_class,all,micro,bg_tail_enrich_20,1.0216057048143152,0.9738250025744936,1.0688784438832135,73,75,73,75,,5000,5000,1.0,3021694564,20260901
B2_feature,1.0,stability,per_class,all,micro,auc_target_bg,0.39027095852405513,0.36767479978178697,0.4136767886834328,71,75,71,75,,5000,5000,1.0,3021694564,20260901
B2_feature,1.0,stability,per_class,all,micro,ap_target_bg,0.2818990258004581,0.22914304522590004,0.34070156327639517,71,75,71,75,,5000,5000,1.0,3021694564,20260901
B2_feature,1.0,stability,per_class,all,micro,auc_target_other,0.4154325592852202,0.39161329902476594,0.4400175000486231,68,75,68,75,,5000,5000,1.0,3021694564,20260901
B2_feature,1.0,stability,per_class,all,micro,ap_target_other,0.37048905295514406,0.30840832224937664,0.4339477529675455,68,75,68,75,,5000,5000,1.0,3021694564,20260901
B2_feature,1.0,stability,per_class,all,micro,target_mean,0.46643727426519294,0.4535064874683034,0.479215254433045,73,75,73,75,,5000,5000,1.0,3021694564,20260901
B2_feature,1.0,stability,per_class,all,micro,other_fg_mean,0.5235161019352104,0.513511233990924,0.5328451316127913,70,75,70,75,,5000,5000,1.0,3021694564,20260901
B2_feature,1.0,stability,per_class,all,micro,bg_mean,0.5391280110538559,0.532035001926693,0.5462927870522901,73,75,73,75,,5000,5000,1.0,3021694564,20260901
B2_feature,1.0,stability,per_class,all,micro,target_median,0.4245675210266897,0.4097434900280037,0.43932568903794056,73,75,73,75,,5000,5000,1.0,3021694564,20260901
B2_feature,1.0,stability,per_class,all,micro,other_fg_median,0.49249844678810667,0.47951474814575185,0.5046012721783453,70,75,70,75,,5000,5000,1.0,3021694564,20260901
B2_feature,1.0,stability,per_class,all,micro,bg_median,0.5120275653388402,0.5026479358629634,0.5214153928293792,73,75,73,75,,5000,5000,1.0,3021694564,20260901
B2_feature,1.0,stability,per_class,all,micro,target_hit,0.3515625,0.2734375,0.4375,128,128,128,128,,5000,5000,1.0,3021694564,20260901
B2_feature,1.0,stability,per_class,all,micro,other_fg_hit,0.125,0.0703125,0.1875,128,128,128,128,,5000,5000,1.0,3021694564,20260901
B2_feature,1.0,stability,per_class,all,micro,background_hit,0.5234375,0.4375,0.609375,128,128,128,128,,5000,5000,1.0,3021694564,20260901
B2_feature,1.0,stability,per_class,all,micro,target_top05_fraction,0.31557616070298117,0.26786248142117713,0.3660932603224165,128,128,128,128,,5000,5000,1.0,3021694564,20260901
B2_feature,1.0,stability,per_class,all,micro,other_fg_top05_fraction,0.10395087918349669,0.06950884030516567,0.14115219682992947,128,128,128,128,,5000,5000,1.0,3021694564,20260901
B2_feature,1.0,stability,per_class,all,micro,bg_top05_fraction,0.580072319087881,0.5298255652707932,0.6301453260537858,128,128,128,128,,5000,5000,1.0,3021694564,20260901
B2_feature,1.0,stability,per_class,all,micro,target_tail_enrich_05,0.7256174101480447,0.6587608544958605,0.7919980051588501,128,128,128,128,,5000,5000,1.0,3021694564,20260901
B2_feature,1.0,stability,per_class,all,micro,other_fg_tail_enrich_05,1.0767925579043187,0.901578383652842,1.277855311912109,43,128,43,128,,5000,5000,1.0,3021694564,20260901
B2_feature,1.0,stability,per_class,all,micro,bg_tail_enrich_05,1.028113592422582,0.9809943659506603,1.0773426992202686,124,128,124,128,,5000,5000,1.0,3021694564,20260901
B2_feature,1.0,stability,per_class,all,micro,target_top10_fraction,0.3188669865170907,0.2721406728045265,0.369941094102471,128,128,128,128,,5000,5000,1.0,3021694564,20260901
B2_feature,1.0,stability,per_class,all,micro,other_fg_top10_fraction,0.09995485805190564,0.06651535487867992,0.13689667566196553,128,128,128,128,,5000,5000,1.0,3021694564,20260901
B2_feature,1.0,stability,per_class,all,micro,bg_top10_fraction,0.5809778349181833,0.5306893265826542,0.6292042600240999,128,128,128,128,,5000,5000,1.0,3021694564,20260901
B2_feature,1.0,stability,per_class,all,micro,target_tail_enrich_10,0.7473989160884006,0.68763565478295,0.804134766259868,128,128,128,128,,5000,5000,1.0,3021694564,20260901
B2_feature,1.0,stability,per_class,all,micro,other_fg_tail_enrich_10,0.9734201339658712,0.8553289723280312,1.0975258566459076,43,128,43,128,,5000,5000,1.0,3021694564,20260901
B2_feature,1.0,stability,per_class,all,micro,bg_tail_enrich_10,1.0308915597560593,0.9794775993395425,1.0838704070371494,124,128,124,128,,5000,5000,1.0,3021694564,20260901
B2_feature,1.0,stability,per_class,all,micro,target_top20_fraction,0.31954643795153415,0.27265983785876036,0.36876331224207415,128,128,128,128,,5000,5000,1.0,3021694564,20260901
B2_feature,1.0,stability,per_class,all,micro,other_fg_top20_fraction,0.09851074069573473,0.06527776020292327,0.13480430054000475,128,128,128,128,,5000,5000,1.0,3021694564,20260901
B2_feature,1.0,stability,per_class,all,micro,bg_top20_fraction,0.5815392213423282,0.5322085797383067,0.6301745654248203,128,128,128,128,,5000,5000,1.0,3021694564,20260901
B2_feature,1.0,stability,per_class,all,micro,target_tail_enrich_20,0.7579382511565911,0.7067158235460801,0.807366903375202,128,128,128,128,,5000,5000,1.0,3021694564,20260901
B2_feature,1.0,stability,per_class,all,micro,other_fg_tail_enrich_20,0.9364442219951955,0.8366368123791437,1.0404377845372381,43,128,43,128,,5000,5000,1.0,3021694564,20260901
B2_feature,1.0,stability,per_class,all,micro,bg_tail_enrich_20,1.0356984363131054,0.9913089751145474,1.0795829726425914,124,128,124,128,,5000,5000,1.0,3021694564,20260901
B2_feature,1.0,stability,per_class,all,micro,auc_target_bg,0.40646981006275035,0.38201581653909805,0.43151451014334347,124,128,124,128,,5000,5000,1.0,3021694564,20260901
B2_feature,1.0,stability,per_class,all,micro,ap_target_bg,0.35283791742856785,0.308048151730963,0.3989797219764032,124,128,124,128,,5000,5000,1.0,3021694564,20260901
B2_feature,1.0,stability,per_class,all,micro,auc_target_other,0.3848267209608181,0.346583970765519,0.4249019983802461,43,128,43,128,,5000,5000,1.0,3021694564,20260901
B2_feature,1.0,stability,per_class,all,micro,ap_target_other,0.4291298443546438,0.34489104560209277,0.5198060294778103,43,128,43,128,,5000,5000,1.0,3021694564,20260901
B2_feature,1.0,stability,per_class,all,micro,target_mean,0.46817705262360887,0.45512073723944396,0.4810340079181667,128,128,128,128,,5000,5000,1.0,3021694564,20260901
B2_feature,1.0,stability,per_class,all,micro,other_fg_mean,0.5131091720997877,0.4942420803521659,0.5312694403461812,43,128,43,128,,5000,5000,1.0,3021694564,20260901
B2_feature,1.0,stability,per_class,all,micro,bg_mean,0.5345861768313382,0.5251108820292438,0.5432016506309874,124,128,124,128,,5000,5000,1.0,3021694564,20260901
B2_feature,1.0,stability,per_class,all,micro,target_median,0.42762022255919874,0.412394150540058,0.4425395917525748,128,128,128,128,,5000,5000,1.0,3021694564,20260901
B2_feature,1.0,stability,per_class,all,micro,other_fg_median,0.48086349943349527,0.4581066243335403,0.503820400589996,43,128,43,128,,5000,5000,1.0,3021694564,20260901
B2_feature,1.0,stability,per_class,all,micro,bg_median,0.5083353688279467,0.49796665094903975,0.5181938779911375,124,128,124,128,,5000,5000,1.0,3021694564,20260901
B2_feature,1.0,stability,per_class,all,micro,target_hit,0.3037974683544304,0.20253164556962025,0.4050632911392405,79,79,79,79,,5000,5000,1.0,3021694564,20260901
B2_feature,1.0,stability,per_class,all,micro,other_fg_hit,0.02531645569620253,0.0,0.06329113924050633,79,79,79,79,,5000,5000,1.0,3021694564,20260901
B2_feature,1.0,stability,per_class,all,micro,background_hit,0.6708860759493671,0.569620253164557,0.7721518987341772,79,79,79,79,,5000,5000,1.0,3021694564,20260901
B2_feature,1.0,stability,per_class,all,micro,target_top05_fraction,0.2810693579347811,0.22988628355716964,0.33626991530555816,79,79,79,79,,5000,5000,1.0,3021694564,20260901
B2_feature,1.0,stability,per_class,all,micro,other_fg_top05_fraction,0.024564531476590108,0.013430946128314549,0.038488251133570905,79,79,79,79,,5000,5000,1.0,3021694564,20260901
B2_feature,1.0,stability,per_class,all,micro,bg_top05_fraction,0.694366110588629,0.6393667164640685,0.7466307205260402,79,79,79,79,,5000,5000,1.0,3021694564,20260901
B2_feature,1.0,stability,per_class,all,micro,target_tail_enrich_05,0.8053392953897689,0.7294468603027495,0.8780409596773775,77,79,77,79,,5000,5000,1.0,3021694564,20260901
B2_feature,1.0,stability,per_class,all,micro,other_fg_tail_enrich_05,0.5462092880845965,0.37247823819681325,0.7351199641881353,34,79,34,79,,5000,5000,1.0,3021694564,20260901
B2_feature,1.0,stability,per_class,all,micro,bg_tail_enrich_05,1.0312268444121602,0.9891805232657386,1.0680165634970054,79,79,79,79,,5000,5000,1.0,3021694564,20260901
B2_feature,1.0,stability,per_class,all,micro,target_top10_fraction,0.2805545244257465,0.2291813571939349,0.3351784848489036,79,79,79,79,,5000,5000,1.0,3021694564,20260901
B2_feature,1.0,stability,per_class,all,micro,other_fg_top10_fraction,0.02942361276197982,0.016366411018384163,0.046593825636865455,79,79,79,79,,5000,5000,1.0,3021694564,20260901
B2_feature,1.0,stability,per_class,all,micro,bg_top10_fraction,0.6900218628122736,0.6347818333495214,0.7424962606056328,79,79,79,79,,5000,5000,1.0,3021694564,20260901
B2_feature,1.0,stability,per_class,all,micro,target_tail_enrich_10,0.8275792647302695,0.7620108898520221,0.889914244152961,77,79,77,79,,5000,5000,1.0,3021694564,20260901
B2_feature,1.0,stability,per_class,all,micro,other_fg_tail_enrich_10,0.634963902529584,0.496175977843605,0.7846922743833102,34,79,34,79,,5000,5000,1.0,3021694564,20260901
B2_feature,1.0,stability,per_class,all,micro,bg_tail_enrich_10,1.0218365876138416,0.9813645312037118,1.0571742550679215,79,79,79,79,,5000,5000,1.0,3021694564,20260901
B2_feature,1.0,stability,per_class,all,micro,target_top20_fraction,0.2801727879979807,0.22995237282553718,0.33426830204733,79,79,79,79,,5000,5000,1.0,3021694564,20260901
B2_feature,1.0,stability,per_class,all,micro,other_fg_top20_fraction,0.028862435640677087,0.016353873007268108,0.04404362548990813,79,79,79,79,,5000,5000,1.0,3021694564,20260901
B2_feature,1.0,stability,per_class,all,micro,bg_top20_fraction,0.6908836338751367,0.6370028685066866,0.7426126098987532,79,79,79,79,,5000,5000,1.0,3021694564,20260901
B2_feature,1.0,stability,per_class,all,micro,target_tail_enrich_20,0.8360162672026072,0.7809774030876473,0.8892555947670783,77,79,77,79,,5000,5000,1.0,3021694564,20260901
B2_feature,1.0,stability,per_class,all,micro,other_fg_tail_enrich_20,0.5902102399731467,0.4885968975962234,0.6903371616632876,34,79,34,79,,5000,5000,1.0,3021694564,20260901
B2_feature,1.0,stability,per_class,all,micro,bg_tail_enrich_20,1.0282599302967117,0.9963601763122001,1.0570771775403727,79,79,79,79,,5000,5000,1.0,3021694564,20260901
B2_feature,1.0,stability,per_class,all,micro,auc_target_bg,0.4366614044420847,0.4154931704319643,0.4578663531037079,77,79,77,79,,5000,5000,1.0,3021694564,20260901
B2_feature,1.0,stability,per_class,all,micro,ap_target_bg,0.3085073410548098,0.25919629186019383,0.3599374374981254,77,79,77,79,,5000,5000,1.0,3021694564,20260901
B2_feature,1.0,stability,per_class,all,micro,auc_target_other,0.6159962855579393,0.5767822936459984,0.653478526555692,33,79,33,79,,5000,5000,1.0,3021694564,20260901
B2_feature,1.0,stability,per_class,all,micro,ap_target_other,0.79234771141023,0.7294060069485014,0.8426798691609564,33,79,33,79,,5000,5000,1.0,3021694564,20260901
B2_feature,1.0,stability,per_class,all,micro,target_mean,0.495995890274897,0.48362838613687936,0.507577394881923,77,79,77,79,,5000,5000,1.0,3021694564,20260901
B2_feature,1.0,stability,per_class,all,micro,other_fg_mean,0.4231383878002406,0.3950874420422279,0.4488479884476105,34,79,34,79,,5000,5000,1.0,3021694564,20260901
B2_feature,1.0,stability,per_class,all,micro,bg_mean,0.5391613274174116,0.5331244547518574,0.5445343640900335,79,79,79,79,,5000,5000,1.0,3021694564,20260901
B2_feature,1.0,stability,per_class,all,micro,target_median,0.45666914926720903,0.442106641119195,0.4703365257324336,77,79,77,79,,5000,5000,1.0,3021694564,20260901
B2_feature,1.0,stability,per_class,all,micro,other_fg_median,0.3762270199025379,0.34810643556926935,0.4035425773934659,34,79,34,79,,5000,5000,1.0,3021694564,20260901
B2_feature,1.0,stability,per_class,all,micro,bg_median,0.5108299059203908,0.5035651104171065,0.5176313948027695,79,79,79,79,,5000,5000,1.0,3021694564,20260901
B2_feature,1.0,stability,per_class,all,micro,target_hit,0.25,0.15789473684210525,0.34210526315789475,76,76,76,76,,5000,5000,1.0,3021694564,20260901
B2_feature,1.0,stability,per_class,all,micro,other_fg_hit,0.07894736842105263,0.02631578947368421,0.14473684210526316,76,76,76,76,,5000,5000,1.0,3021694564,20260901
B2_feature,1.0,stability,per_class,all,micro,background_hit,0.6710526315789473,0.5657894736842105,0.7763157894736842,76,76,76,76,,5000,5000,1.0,3021694564,20260901
B2_feature,1.0,stability,per_class,all,micro,target_top05_fraction,0.25375101775419523,0.20637130539253426,0.3049384027457598,76,76,76,76,,5000,5000,1.0,3021694564,20260901
B2_feature,1.0,stability,per_class,all,micro,other_fg_top05_fraction,0.09211269246710015,0.06325779036234062,0.12315134261779606,76,76,76,76,,5000,5000,1.0,3021694564,20260901
B2_feature,1.0,stability,per_class,all,micro,bg_top05_fraction,0.6534526474745634,0.6010520989235903,0.7041495892537728,76,76,76,76,,5000,5000,1.0,3021694564,20260901
B2_feature,1.0,stability,per_class,all,micro,target_tail_enrich_05,0.7474026351265948,0.6612239008169027,0.8365395950557034,75,76,75,76,,5000,5000,1.0,3021694564,20260901
B2_feature,1.0,stability,per_class,all,micro,other_fg_tail_enrich_05,0.7870385241643761,0.624086048618104,0.9581963150628737,52,76,52,76,,5000,5000,1.0,3021694564,20260901
B2_feature,1.0,stability,per_class,all,micro,bg_tail_enrich_05,1.0992886506373776,1.0546151433227158,1.144007429780109,76,76,76,76,,5000,5000,1.0,3021694564,20260901
B2_feature,1.0,stability,per_class,all,micro,target_top10_fraction,0.25376805544172837,0.2086778005525604,0.30390819321918955,76,76,76,76,,5000,5000,1.0,3021694564,20260901
B2_feature,1.0,stability,per_class,all,micro,other_fg_top10_fraction,0.09533747501012664,0.06713448246000941,0.12439740923004315,76,76,76,76,,5000,5000,1.0,3021694564,20260901
B2_feature,1.0,stability,per_class,all,micro,bg_top10_fraction,0.6502108848964161,0.6002754997162905,0.6978619443400454,76,76,76,76,,5000,5000,1.0,3021694564,20260901
B2_feature,1.0,stability,per_class,all,micro,target_tail_enrich_10,0.7517692893639117,0.6771831226291544,0.8250975518934719,75,76,75,76,,5000,5000,1.0,3021694564,20260901
B2_feature,1.0,stability,per_class,all,micro,other_fg_tail_enrich_10,0.8742197866880717,0.7526652877131814,1.0031834371051287,52,76,52,76,,5000,5000,1.0,3021694564,20260901
B2_feature,1.0,stability,per_class,all,micro,bg_tail_enrich_10,1.0977748555704008,1.0621242793503283,1.1315288819240428,76,76,76,76,,5000,5000,1.0,3021694564,20260901
B2_feature,1.0,stability,per_class,all,micro,target_top20_fraction,0.2534509717955778,0.20978114604688375,0.3023172274694384,76,76,76,76,,5000,5000,1.0,3021694564,20260901
B2_feature,1.0,stability,per_class,all,micro,other_fg_top20_fraction,0.09358759132358314,0.06661372441612706,0.12131205339978897,76,76,76,76,,5000,5000,1.0,3021694564,20260901
B2_feature,1.0,stability,per_class,all,micro,bg_top20_fraction,0.6522789763125789,0.6033598248892577,0.6999690640029759,76,76,76,76,,5000,5000,1.0,3021694564,20260901
B2_feature,1.0,stability,per_class,all,micro,target_tail_enrich_20,0.7476578424864881,0.6807057022959813,0.8097314290001291,75,76,75,76,,5000,5000,1.0,3021694564,20260901
B2_feature,1.0,stability,per_class,all,micro,other_fg_tail_enrich_20,0.8540082292979456,0.768216175492637,0.9486360114292881,52,76,52,76,,5000,5000,1.0,3021694564,20260901
B2_feature,1.0,stability,per_class,all,micro,bg_tail_enrich_20,1.1034458861740413,1.0758873669118216,1.1313963888179301,76,76,76,76,,5000,5000,1.0,3021694564,20260901
B2_feature,1.0,stability,per_class,all,micro,auc_target_bg,0.3848693428905827,0.35845939637796,0.4095967238227226,75,76,75,76,,5000,5000,1.0,3021694564,20260901
B2_feature,1.0,stability,per_class,all,micro,ap_target_bg,0.30648289217806207,0.2616157785465837,0.3542146667393667,75,76,75,76,,5000,5000,1.0,3021694564,20260901
B2_feature,1.0,stability,per_class,all,micro,auc_target_other,0.4255338377508456,0.3872580187908263,0.4617109295951328,51,76,51,76,,5000,5000,1.0,3021694564,20260901
B2_feature,1.0,stability,per_class,all,micro,ap_target_other,0.5894511482421959,0.525060239918156,0.6531585762955611,51,76,51,76,,5000,5000,1.0,3021694564,20260901
B2_feature,1.0,stability,per_class,all,micro,target_mean,0.46885583555332594,0.450961575994228,0.48533494439119224,75,76,75,76,,5000,5000,1.0,3021694564,20260901
B2_feature,1.0,stability,per_class,all,micro,other_fg_mean,0.4997109527797828,0.48395660463070117,0.5149833766501845,52,76,52,76,,5000,5000,1.0,3021694564,20260901
B2_feature,1.0,stability,per_class,all,micro,bg_mean,0.5502376430875037,0.545236403078866,0.555231518511399,76,76,76,76,,5000,5000,1.0,3021694564,20260901
B2_feature,1.0,stability,per_class,all,micro,target_median,0.4267301856478055,0.40844637403539136,0.4441516208974409,75,76,75,76,,5000,5000,1.0,3021694564,20260901
B2_feature,1.0,stability,per_class,all,micro,other_fg_median,0.4639601499701922,0.44555338959765145,0.48142922844669345,52,76,52,76,,5000,5000,1.0,3021694564,20260901
B2_feature,1.0,stability,per_class,all,micro,bg_median,0.527523391929112,0.5212249915997841,0.5339384205002141,76,76,76,76,,5000,5000,1.0,3021694564,20260901
B2_feature,1.0,stability,per_class,all,micro,target_hit,0.16853932584269662,0.1348314606741573,0.20449438202247192,445,445,445,445,,5000,5000,1.0,3021694564,20260901
B2_feature,1.0,stability,per_class,all,micro,other_fg_hit,0.2202247191011236,0.1842696629213483,0.2606741573033708,445,445,445,445,,5000,5000,1.0,3021694564,20260901
B2_feature,1.0,stability,per_class,all,micro,background_hit,0.6089887640449438,0.5640449438202247,0.6539325842696629,445,445,445,445,,5000,5000,1.0,3021694564,20260901
B2_feature,1.0,stability,per_class,all,micro,target_top05_fraction,0.17338222155153263,0.1531028333762506,0.19356551381996046,445,445,445,445,,5000,5000,1.0,3021694564,20260901
B2_feature,1.0,stability,per_class,all,micro,other_fg_top05_fraction,0.21466117615122984,0.1917900277035042,0.2369339706212944,445,445,445,445,,5000,5000,1.0,3021694564,20260901
B2_feature,1.0,stability,per_class,all,micro,bg_top05_fraction,0.6116106470074619,0.5865104390471424,0.6363897001688333,445,445,445,445,,5000,5000,1.0,3021694564,20260901
B2_feature,1.0,stability,per_class,all,micro,target_tail_enrich_05,0.5638449722989659,0.5097285786083834,0.631099353357818,413,445,413,445,,5000,5000,1.0,3021694564,20260901
B2_feature,1.0,stability,per_class,all,micro,other_fg_tail_enrich_05,0.9903209664643643,0.9203633188349498,1.0699867875518707,373,445,373,445,,5000,5000,1.0,3021694564,20260901
B2_feature,1.0,stability,per_class,all,micro,bg_tail_enrich_05,1.0882176011132607,1.0549018563910426,1.1319692672539554,441,445,441,445,,5000,5000,1.0,3021694564,20260901
B2_feature,1.0,stability,per_class,all,micro,target_top10_fraction,0.17519274731672493,0.15534253404061124,0.19527188691506747,445,445,445,445,,5000,5000,1.0,3021694564,20260901
B2_feature,1.0,stability,per_class,all,micro,other_fg_top10_fraction,0.21497384337323416,0.19250576400500807,0.2373059298608287,445,445,445,445,,5000,5000,1.0,3021694564,20260901
B2_feature,1.0,stability,per_class,all,micro,bg_top10_fraction,0.6093926110905384,0.5847475290505413,0.6342153215157935,445,445,445,445,,5000,5000,1.0,3021694564,20260901
B2_feature,1.0,stability,per_class,all,micro,target_tail_enrich_10,0.5777374025314909,0.5336782909872163,0.6263387819780075,413,445,413,445,,5000,5000,1.0,3021694564,20260901
B2_feature,1.0,stability,per_class,all,micro,other_fg_tail_enrich_10,0.9877414673093194,0.9342725600266469,1.0426276710406668,373,445,373,445,,5000,5000,1.0,3021694564,20260901
B2_feature,1.0,stability,per_class,all,micro,bg_tail_enrich_10,1.0775449726436577,1.0566655352693461,1.1007754963282688,441,445,441,445,,5000,5000,1.0,3021694564,20260901
B2_feature,1.0,stability,per_class,all,micro,target_top20_fraction,0.17590373460142433,0.15634630403253155,0.19574901700807382,445,445,445,445,,5000,5000,1.0,3021694564,20260901
B2_feature,1.0,stability,per_class,all,micro,other_fg_top20_fraction,0.21454965121487202,0.19248902147285638,0.23653598467732875,445,445,445,445,,5000,5000,1.0,3021694564,20260901
B2_feature,1.0,stability,per_class,all,micro,bg_top20_fraction,0.6091015341113646,0.5844357031396049,0.6335097309266124,445,445,445,445,,5000,5000,1.0,3021694564,20260901
B2_feature,1.0,stability,per_class,all,micro,target_tail_enrich_20,0.5740943708589178,0.5395806202822988,0.609081356786006,413,445,413,445,,5000,5000,1.0,3021694564,20260901
B2_feature,1.0,stability,per_class,all,micro,other_fg_tail_enrich_20,0.9884262456354321,0.9455803444832769,1.0307037653035778,373,445,373,445,,5000,5000,1.0,3021694564,20260901
B2_feature,1.0,stability,per_class,all,micro,bg_tail_enrich_20,1.0739105032690945,1.0577932699653037,1.0905898899455493,441,445,441,445,,5000,5000,1.0,3021694564,20260901
B2_feature,1.0,stability,per_class,all,micro,auc_target_bg,0.32299422745404827,0.3102891616849168,0.33605272322344115,409,445,409,445,,5000,5000,1.0,3021694564,20260901
B2_feature,1.0,stability,per_class,all,micro,ap_target_bg,0.25996157407788495,0.2369396487906571,0.2835732679587028,409,445,409,445,,5000,5000,1.0,3021694564,20260901
B2_feature,1.0,stability,per_class,all,micro,auc_target_other,0.3401703895738532,0.32196016341239403,0.35803384141753486,343,445,343,445,,5000,5000,1.0,3021694564,20260901
B2_feature,1.0,stability,per_class,all,micro,ap_target_other,0.43203302919518033,0.3974602417217492,0.465985322193367,343,445,343,445,,5000,5000,1.0,3021694564,20260901
B2_feature,1.0,stability,per_class,all,micro,target_mean,0.4133000668983315,0.40291490827877174,0.42354345825984846,413,445,413,445,,5000,5000,1.0,3021694564,20260901
B2_feature,1.0,stability,per_class,all,micro,other_fg_mean,0.5216469929716547,0.5141701557987011,0.5293368139887925,373,445,373,445,,5000,5000,1.0,3021694564,20260901
B2_feature,1.0,stability,per_class,all,micro,bg_mean,0.5427851948917876,0.5401889893537257,0.5455898051272179,441,445,441,445,,5000,5000,1.0,3021694564,20260901
B2_feature,1.0,stability,per_class,all,micro,target_median,0.36660571942967307,0.3556785172113936,0.37734628781681245,413,445,413,445,,5000,5000,1.0,3021694564,20260901
B2_feature,1.0,stability,per_class,all,micro,other_fg_median,0.4951120152989597,0.4864405042157717,0.5041206406259732,373,445,373,445,,5000,5000,1.0,3021694564,20260901
B2_feature,1.0,stability,per_class,all,micro,bg_median,0.5179462707231915,0.5145359661425177,0.5214501009084811,441,445,441,445,,5000,5000,1.0,3021694564,20260901
B2_feature,1.0,stability,per_class,all,micro,target_hit,0.10588235294117647,0.047058823529411764,0.17647058823529413,85,85,85,85,,5000,5000,1.0,3021694564,20260901
B2_feature,1.0,stability,per_class,all,micro,other_fg_hit,0.21176470588235294,0.12941176470588237,0.3058823529411765,85,85,85,85,,5000,5000,1.0,3021694564,20260901
B2_feature,1.0,stability,per_class,all,micro,background_hit,0.6823529411764706,0.5764705882352941,0.7764705882352941,85,85,85,85,,5000,5000,1.0,3021694564,20260901
B2_feature,1.0,stability,per_class,all,micro,target_top05_fraction,0.10754350885421671,0.07081636294936339,0.14889712038562358,85,85,85,85,,5000,5000,1.0,3021694564,20260901
B2_feature,1.0,stability,per_class,all,micro,other_fg_top05_fraction,0.21118515423036446,0.16388334389120898,0.2642367983440818,85,85,85,85,,5000,5000,1.0,3021694564,20260901
B2_feature,1.0,stability,per_class,all,micro,bg_top05_fraction,0.6806428804046092,0.6289295125498054,0.7292414269604571,85,85,85,85,,5000,5000,1.0,3021694564,20260901
B2_feature,1.0,stability,per_class,all,micro,target_tail_enrich_05,0.6363759030827473,0.4736337444948685,0.8191332819619744,68,85,68,85,,5000,5000,1.0,3021694564,20260901
B2_feature,1.0,stability,per_class,all,micro,other_fg_tail_enrich_05,1.0657484575517298,0.9534968885504852,1.171657721071077,60,85,60,85,,5000,5000,1.0,3021694564,20260901
B2_feature,1.0,stability,per_class,all,micro,bg_tail_enrich_05,0.9720813332052014,0.9390036635399479,1.0021552802934488,85,85,85,85,,5000,5000,1.0,3021694564,20260901
B2_feature,1.0,stability,per_class,all,micro,target_top10_fraction,0.10398682889132561,0.06889957114540622,0.1445352592802118,85,85,85,85,,5000,5000,1.0,3021694564,20260901
B2_feature,1.0,stability,per_class,all,micro,other_fg_top10_fraction,0.20452373884513084,0.15663231834328575,0.2563440726363838,85,85,85,85,,5000,5000,1.0,3021694564,20260901
B2_feature,1.0,stability,per_class,all,micro,bg_top10_fraction,0.6910142626707267,0.6400586070526282,0.7392465885933366,85,85,85,85,,5000,5000,1.0,3021694564,20260901
B2_feature,1.0,stability,per_class,all,micro,target_tail_enrich_10,0.6094521570903282,0.48462691170980743,0.7430060033882155,68,85,68,85,,5000,5000,1.0,3021694564,20260901
B2_feature,1.0,stability,per_class,all,micro,other_fg_tail_enrich_10,0.9897850616323485,0.8912106625542497,1.0782588087537304,60,85,60,85,,5000,5000,1.0,3021694564,20260901
B2_feature,1.0,stability,per_class,all,micro,bg_tail_enrich_10,0.9874682791882947,0.9550905812440131,1.0151426903092016,85,85,85,85,,5000,5000,1.0,3021694564,20260901
B2_feature,1.0,stability,per_class,all,micro,target_top20_fraction,0.10689546168968082,0.07136201343640972,0.14790672735326887,85,85,85,85,,5000,5000,1.0,3021694564,20260901
B2_feature,1.0,stability,per_class,all,micro,other_fg_top20_fraction,0.20404073793853694,0.1572756418163387,0.25553534942469697,85,85,85,85,,5000,5000,1.0,3021694564,20260901
B2_feature,1.0,stability,per_class,all,micro,bg_top20_fraction,0.6887337630538248,0.6377252024059703,0.736096300705368,85,85,85,85,,5000,5000,1.0,3021694564,20260901
B2_feature,1.0,stability,per_class,all,micro,target_tail_enrich_20,0.6072342561935543,0.5041268531349302,0.7108288511262395,68,85,68,85,,5000,5000,1.0,3021694564,20260901
B2_feature,1.0,stability,per_class,all,micro,other_fg_tail_enrich_20,1.0212243514960233,0.9394810450609318,1.0961412782236213,60,85,60,85,,5000,5000,1.0,3021694564,20260901
B2_feature,1.0,stability,per_class,all,micro,bg_tail_enrich_20,0.9840308976417641,0.9594615035197871,1.0066789408713335,85,85,85,85,,5000,5000,1.0,3021694564,20260901
B2_feature,1.0,stability,per_class,all,micro,auc_target_bg,0.35170001328652206,0.31464826584179656,0.3880468638516151,68,85,68,85,,5000,5000,1.0,3021694564,20260901
B2_feature,1.0,stability,per_class,all,micro,ap_target_bg,0.1583588606970128,0.11464128696666694,0.2080010278446522,68,85,68,85,,5000,5000,1.0,3021694564,20260901
B2_feature,1.0,stability,per_class,all,micro,auc_target_other,0.2992140579488542,0.25035244523581934,0.35174529567909446,44,85,44,85,,5000,5000,1.0,3021694564,20260901
B2_feature,1.0,stability,per_class,all,micro,ap_target_other,0.21247225032542918,0.1354763440245522,0.294134227081572,44,85,44,85,,5000,5000,1.0,3021694564,20260901
B2_feature,1.0,stability,per_class,all,micro,target_mean,0.42380246198048915,0.39732123676400083,0.44892494404405575,68,85,68,85,,5000,5000,1.0,3021694564,20260901
B2_feature,1.0,stability,per_class,all,micro,other_fg_mean,0.5344956354001459,0.5166160200978697,0.549513564516396,60,85,60,85,,5000,5000,1.0,3021694564,20260901
B2_feature,1.0,stability,per_class,all,micro,bg_mean,0.5271234620602456,0.5220669213352166,0.5316587591132311,85,85,85,85,,5000,5000,1.0,3021694564,20260901
B2_feature,1.0,stability,per_class,all,micro,target_median,0.3825378317440696,0.3553205812989824,0.40902485924027765,68,85,68,85,,5000,5000,1.0,3021694564,20260901
B2_feature,1.0,stability,per_class,all,micro,other_fg_median,0.5102777846157551,0.49000396792510903,0.5286070000507466,60,85,60,85,,5000,5000,1.0,3021694564,20260901
B2_feature,1.0,stability,per_class,all,micro,bg_median,0.4968891655697542,0.49100902059060686,0.5021722478331888,85,85,85,85,,5000,5000,1.0,3021694564,20260901
B2_feature,1.0,stability,per_class,all,micro,target_hit,0.3333333333333333,0.21052631578947367,0.45614035087719296,57,57,57,57,,5000,5000,1.0,3021694564,20260901
B2_feature,1.0,stability,per_class,all,micro,other_fg_hit,0.017543859649122806,0.0,0.05263157894736842,57,57,57,57,,5000,5000,1.0,3021694564,20260901
B2_feature,1.0,stability,per_class,all,micro,background_hit,0.6491228070175439,0.5263157894736842,0.7719298245614035,57,57,57,57,,5000,5000,1.0,3021694564,20260901
B2_feature,1.0,stability,per_class,all,micro,target_top05_fraction,0.24648700936789583,0.1903393161547594,0.3062835930166262,57,57,57,57,,5000,5000,1.0,3021694564,20260901
B2_feature,1.0,stability,per_class,all,micro,other_fg_top05_fraction,0.014596207116982741,0.0008996851102114259,0.034294575845822385,57,57,57,57,,5000,5000,1.0,3021694564,20260901
B2_feature,1.0,stability,per_class,all,micro,bg_top05_fraction,0.738466940960016,0.6790712665764607,0.7948155720939656,57,57,57,57,,5000,5000,1.0,3021694564,20260901
B2_feature,1.0,stability,per_class,all,micro,target_tail_enrich_05,0.6788820429671284,0.5613101415550331,0.7913397131790441,57,57,57,57,,5000,5000,1.0,3021694564,20260901
B2_feature,1.0,stability,per_class,all,micro,other_fg_tail_enrich_05,0.8875198839896546,0.3329104009995818,1.3002108636930265,5,57,5,57,,5000,4971,0.9942,3021694564,20260901
B2_feature,1.0,stability,per_class,all,micro,bg_tail_enrich_05,1.0528355642264646,1.0190745694161853,1.0866320840078048,57,57,57,57,,5000,5000,1.0,3021694564,20260901
B2_feature,1.0,stability,per_class,all,micro,target_top10_fraction,0.2518011479496805,0.19615610447382253,0.31167594877606625,57,57,57,57,,5000,5000,1.0,3021694564,20260901
B2_feature,1.0,stability,per_class,all,micro,other_fg_top10_fraction,0.014412564966581587,0.0009113693324219641,0.034365444112674025,57,57,57,57,,5000,5000,1.0,3021694564,20260901
B2_feature,1.0,stability,per_class,all,micro,bg_top10_fraction,0.7324366854676474,0.6739443747423692,0.7882865246474685,57,57,57,57,,5000,5000,1.0,3021694564,20260901
B2_feature,1.0,stability,per_class,all,micro,target_tail_enrich_10,0.6972257846908647,0.6008122689721519,0.7895415507340112,57,57,57,57,,5000,5000,1.0,3021694564,20260901
B2_feature,1.0,stability,per_class,all,micro,other_fg_tail_enrich_10,0.9118337452861576,0.35990215924310637,1.3398912409388182,5,57,5,57,,5000,4971,0.9942,3021694564,20260901
B2_feature,1.0,stability,per_class,all,micro,bg_tail_enrich_10,1.0426462658524913,1.0150895214033424,1.0708204582872993,57,57,57,57,,5000,5000,1.0,3021694564,20260901
B2_feature,1.0,stability,per_class,all,micro,target_top20_fraction,0.25534541372367303,0.19978623296885137,0.3135185719217454,57,57,57,57,,5000,5000,1.0,3021694564,20260901
B2_feature,1.0,stability,per_class,all,micro,other_fg_top20_fraction,0.012505133762769835,0.0007974481658692185,0.030133086773031007,57,57,57,57,,5000,5000,1.0,3021694564,20260901
B2_feature,1.0,stability,per_class,all,micro,bg_top20_fraction,0.7313577797508646,0.6739469930610962,0.7855533320873224,57,57,57,57,,5000,5000,1.0,3021694564,20260901
B2_feature,1.0,stability,per_class,all,micro,target_tail_enrich_20,0.7288433111849059,0.639238470683524,0.815365197906155,57,57,57,57,,5000,5000,1.0,3021694564,20260901
B2_feature,1.0,stability,per_class,all,micro,other_fg_tail_enrich_20,0.7598087797582127,0.29709864602996156,1.0923756155505375,5,57,5,57,,5000,4971,0.9942,3021694564,20260901
B2_feature,1.0,stability,per_class,all,micro,bg_tail_enrich_20,1.0423454918478885,1.0227217322492752,1.0625369135973717,57,57,57,57,,5000,5000,1.0,3021694564,20260901
B2_feature,1.0,stability,per_class,all,micro,auc_target_bg,0.3863294276668836,0.35481496776571736,0.41603527046421596,57,57,57,57,,5000,5000,1.0,3021694564,20260901
B2_feature,1.0,stability,per_class,all,micro,ap_target_bg,0.26985193497157917,0.21558434787662925,0.3267083464044977,57,57,57,57,,5000,5000,1.0,3021694564,20260901
B2_feature,1.0,stability,per_class,all,micro,auc_target_other,0.4471048078758537,0.1600058548950484,0.746886733416771,5,57,5,57,,5000,4971,0.9942,3021694564,20260901
B2_feature,1.0,stability,per_class,all,micro,ap_target_other,0.5155808752285779,0.20609425612777915,0.8564964428585152,5,57,5,57,,5000,4971,0.9942,3021694564,20260901
B2_feature,1.0,stability,per_class,all,micro,target_mean,0.4614764050889468,0.4381254337848625,0.48277003157518056,57,57,57,57,,5000,5000,1.0,3021694564,20260901
B2_feature,1.0,stability,per_class,all,micro,other_fg_mean,0.46917205716796107,0.3352419623898135,0.5491837085556073,5,57,5,57,,5000,4971,0.9942,3021694564,20260901
B2_feature,1.0,stability,per_class,all,micro,bg_mean,0.5412073498032935,0.537980317260489,0.5444819505528241,57,57,57,57,,5000,5000,1.0,3021694564,20260901
B2_feature,1.0,stability,per_class,all,micro,target_median,0.41938352480269314,0.3945607084976999,0.4415892518403237,57,57,57,57,,5000,5000,1.0,3021694564,20260901
B2_feature,1.0,stability,per_class,all,micro,other_fg_median,0.4525563895702362,0.3337843716144562,0.5323985007901987,5,57,5,57,,5000,4971,0.9942,3021694564,20260901
B2_feature,1.0,stability,per_class,all,micro,bg_median,0.512280578676023,0.5081241076518046,0.5164430266474945,57,57,57,57,,5000,5000,1.0,3021694564,20260901
B2_feature,1.0,stability,per_class,all,micro,target_hit,0.14444444444444443,0.07777777777777778,0.2222222222222222,90,90,90,90,,5000,5000,1.0,3021694564,20260901
B2_feature,1.0,stability,per_class,all,micro,other_fg_hit,0.17777777777777778,0.1,0.26666666666666666,90,90,90,90,,5000,5000,1.0,3021694564,20260901
B2_feature,1.0,stability,per_class,all,micro,background_hit,0.6777777777777778,0.5777777777777777,0.7666666666666667,90,90,90,90,,5000,5000,1.0,3021694564,20260901
B2_feature,1.0,stability,per_class,all,micro,target_top05_fraction,0.19677754972195105,0.15253952526237094,0.24575091765378138,90,90,90,90,,5000,5000,1.0,3021694564,20260901
B2_feature,1.0,stability,per_class,all,micro,other_fg_top05_fraction,0.16120411857963457,0.11966455026710444,0.20505624735933034,90,90,90,90,,5000,5000,1.0,3021694564,20260901
B2_feature,1.0,stability,per_class,all,micro,bg_top05_fraction,0.6408854781971395,0.5769701766842179,0.6988593118475409,90,90,90,90,,5000,5000,1.0,3021694564,20260901
B2_feature,1.0,stability,per_class,all,micro,target_tail_enrich_05,0.6686076615327836,0.5904224699927116,0.7460736629778218,88,90,88,90,,5000,5000,1.0,3021694564,20260901
B2_feature,1.0,stability,per_class,all,micro,other_fg_tail_enrich_05,0.9190461365614464,0.7686695131956264,1.0903158190561233,63,90,63,90,,5000,5000,1.0,3021694564,20260901
B2_feature,1.0,stability,per_class,all,micro,bg_tail_enrich_05,1.1017778482668013,1.0603711391200297,1.1458924280856397,85,90,85,90,,5000,5000,1.0,3021694564,20260901
B2_feature,1.0,stability,per_class,all,micro,target_top10_fraction,0.20222088841580915,0.15758600157339722,0.2516522118878125,90,90,90,90,,5000,5000,1.0,3021694564,20260901
B2_feature,1.0,stability,per_class,all,micro,other_fg_top10_fraction,0.16249497114366068,0.12082369729452191,0.2081716073685302,90,90,90,90,,5000,5000,1.0,3021694564,20260901
B2_feature,1.0,stability,per_class,all,micro,bg_top10_fraction,0.6347141975154907,0.570464740208992,0.6933208110175172,90,90,90,90,,5000,5000,1.0,3021694564,20260901
B2_feature,1.0,stability,per_class,all,micro,target_tail_enrich_10,0.6935810174570095,0.628236256223578,0.7602070820428886,88,90,88,90,,5000,5000,1.0,3021694564,20260901
B2_feature,1.0,stability,per_class,all,micro,other_fg_tail_enrich_10,0.87506714555705,0.7676206651016152,0.9824301323885507,63,90,63,90,,5000,5000,1.0,3021694564,20260901
B2_feature,1.0,stability,per_class,all,micro,bg_tail_enrich_10,1.0767966658178494,1.03936552476013,1.1138686488933651,85,90,85,90,,5000,5000,1.0,3021694564,20260901
B2_feature,1.0,stability,per_class,all,micro,target_top20_fraction,0.20505856013310203,0.16014694507841074,0.2546795550304866,90,90,90,90,,5000,5000,1.0,3021694564,20260901
B2_feature,1.0,stability,per_class,all,micro,other_fg_top20_fraction,0.16519003665145615,0.12286209144890385,0.21136349762846587,90,90,90,90,,5000,5000,1.0,3021694564,20260901
B2_feature,1.0,stability,per_class,all,micro,bg_top20_fraction,0.6292504095783156,0.5655710359584477,0.6882118890831818,90,90,90,90,,5000,5000,1.0,3021694564,20260901
B2_feature,1.0,stability,per_class,all,micro,target_tail_enrich_20,0.7051653323082062,0.6495925714400533,0.7600786298940634,88,90,88,90,,5000,5000,1.0,3021694564,20260901
B2_feature,1.0,stability,per_class,all,micro,other_fg_tail_enrich_20,0.9034845362816901,0.8022583464397035,1.0030122370751515,63,90,63,90,,5000,5000,1.0,3021694564,20260901
B2_feature,1.0,stability,per_class,all,micro,bg_tail_enrich_20,1.0592339132752375,1.0293681470267033,1.0875864643613269,85,90,85,90,,5000,5000,1.0,3021694564,20260901
B2_feature,1.0,stability,per_class,all,micro,auc_target_bg,0.3723874315086554,0.35103331438647706,0.3938441503842215,83,90,83,90,,5000,5000,1.0,3021694564,20260901
B2_feature,1.0,stability,per_class,all,micro,ap_target_bg,0.2424937273631352,0.1964487102447311,0.2925756204328758,83,90,83,90,,5000,5000,1.0,3021694564,20260901
B2_feature,1.0,stability,per_class,all,micro,auc_target_other,0.4453709237777162,0.4106479809191542,0.48362638923050677,61,90,61,90,,5000,5000,1.0,3021694564,20260901
B2_feature,1.0,stability,per_class,all,micro,ap_target_other,0.488453570457274,0.41060315508105694,0.5712582201884326,61,90,61,90,,5000,5000,1.0,3021694564,20260901
B2_feature,1.0,stability,per_class,all,micro,target_mean,0.4577638288594152,0.44499310210973864,0.47014121271844866,88,90,88,90,,5000,5000,1.0,3021694564,20260901
B2_feature,1.0,stability,per_class,all,micro,other_fg_mean,0.49407162532600124,0.4715330523810417,0.514040918860396,63,90,63,90,,5000,5000,1.0,3021694564,20260901
B2_feature,1.0,stability,per_class,all,micro,bg_mean,0.5444384286836516,0.5393456050297312,0.5494641978729711,85,90,85,90,,5000,5000,1.0,3021694564,20260901
B2_feature,1.0,stability,per_class,all,micro,target_median,0.4120232435789975,0.3975530427501049,0.4265749757146013,88,90,88,90,,5000,5000,1.0,3021694564,20260901
B2_feature,1.0,stability,per_class,all,micro,other_fg_median,0.45936353374568245,0.43475586946028627,0.48195348028753915,63,90,63,90,,5000,5000,1.0,3021694564,20260901
B2_feature,1.0,stability,per_class,all,micro,bg_median,0.5185177187709248,0.51242380465881,0.5246395717990705,85,90,85,90,,5000,5000,1.0,3021694564,20260901
B2_feature,1.0,stability,per_class,all,micro,target_hit,0.4642857142857143,0.35714285714285715,0.5714285714285714,84,84,84,84,,5000,5000,1.0,3021694564,20260901
B2_feature,1.0,stability,per_class,all,micro,other_fg_hit,0.023809523809523808,0.0,0.05952380952380952,84,84,84,84,,5000,5000,1.0,3021694564,20260901
B2_feature,1.0,stability,per_class,all,micro,background_hit,0.5119047619047619,0.40476190476190477,0.6190476190476191,84,84,84,84,,5000,5000,1.0,3021694564,20260901
B2_feature,1.0,stability,per_class,all,micro,target_top05_fraction,0.40875410546463165,0.35392846857485,0.4663497296638743,84,84,84,84,,5000,5000,1.0,3021694564,20260901
B2_feature,1.0,stability,per_class,all,micro,other_fg_top05_fraction,0.011861919756656599,0.0009398496240601503,0.0262006512006512,84,84,84,84,,5000,5000,1.0,3021694564,20260901
B2_feature,1.0,stability,per_class,all,micro,bg_top05_fraction,0.5793839747787116,0.5237208174954885,0.6336969234090943,84,84,84,84,,5000,5000,1.0,3021694564,20260901
B2_feature,1.0,stability,per_class,all,micro,target_tail_enrich_05,0.9686643496055855,0.8968720346740114,1.0337368205112645,84,84,84,84,,5000,5000,1.0,3021694564,20260901
B2_feature,1.0,stability,per_class,all,micro,other_fg_tail_enrich_05,0.5280398719483029,0.21699075953060049,0.8435361679213838,10,84,10,84,,5000,5000,1.0,3021694564,20260901
B2_feature,1.0,stability,per_class,all,micro,bg_tail_enrich_05,0.9481219749694999,0.9077615956856886,0.986927820905991,83,84,83,84,,5000,5000,1.0,3021694564,20260901
B2_feature,1.0,stability,per_class,all,micro,target_top10_fraction,0.40977534209406535,0.35494756761788854,0.4653739753199379,84,84,84,84,,5000,5000,1.0,3021694564,20260901
B2_feature,1.0,stability,per_class,all,micro,other_fg_top10_fraction,0.0105802457776142,0.00046992481203007516,0.024160041347541347,84,84,84,84,,5000,5000,1.0,3021694564,20260901
B2_feature,1.0,stability,per_class,all,micro,bg_top10_fraction,0.5790319293729805,0.5259725002607236,0.6336404993748445,84,84,84,84,,5000,5000,1.0,3021694564,20260901
B2_feature,1.0,stability,per_class,all,micro,target_tail_enrich_10,0.9787268688266432,0.9135286144835096,1.0377063492280563,84,84,84,84,,5000,5000,1.0,3021694564,20260901
B2_feature,1.0,stability,per_class,all,micro,other_fg_tail_enrich_10,0.3955473348353322,0.132208876392537,0.6885075786340968,10,84,10,84,,5000,5000,1.0,3021694564,20260901
B2_feature,1.0,stability,per_class,all,micro,bg_tail_enrich_10,0.9509548908007696,0.9150392651137116,0.9863132814203245,83,84,83,84,,5000,5000,1.0,3021694564,20260901
B2_feature,1.0,stability,per_class,all,micro,target_top20_fraction,0.41193288256812627,0.35863033314655474,0.46629176784926313,84,84,84,84,,5000,5000,1.0,3021694564,20260901
B2_feature,1.0,stability,per_class,all,micro,other_fg_top20_fraction,0.01209574662927462,0.0010808751132413174,0.02630729914603047,84,84,84,84,,5000,5000,1.0,3021694564,20260901
B2_feature,1.0,stability,per_class,all,micro,bg_top20_fraction,0.575279537040003,0.5234989578785894,0.6275894847452509,84,84,84,84,,5000,5000,1.0,3021694564,20260901
B2_feature,1.0,stability,per_class,all,micro,target_tail_enrich_20,1.0066877438015032,0.9485059136178915,1.0597856316467147,84,84,84,84,,5000,5000,1.0,3021694564,20260901
B2_feature,1.0,stability,per_class,all,micro,other_fg_tail_enrich_20,0.5524244669412038,0.27822398021605754,0.8242245886395813,10,84,10,84,,5000,5000,1.0,3021694564,20260901
B2_feature,1.0,stability,per_class,all,micro,bg_tail_enrich_20,0.9454008088633555,0.9150217813317209,0.9753599522716841,83,84,83,84,,5000,5000,1.0,3021694564,20260901
B2_feature,1.0,stability,per_class,all,micro,auc_target_bg,0.5117701670724042,0.49072733875159125,0.5313463368661557,83,84,83,84,,5000,5000,1.0,3021694564,20260901
B2_feature,1.0,stability,per_class,all,micro,ap_target_bg,0.40670862881529884,0.35693568800325187,0.45712260123344506,83,84,83,84,,5000,5000,1.0,3021694564,20260901
B2_feature,1.0,stability,per_class,all,micro,auc_target_other,0.5562864177376589,0.44281456643781003,0.6729110655410702,10,84,10,84,,5000,5000,1.0,3021694564,20260901
B2_feature,1.0,stability,per_class,all,micro,ap_target_other,0.7251739271251602,0.4829030773515607,0.954898206014366,10,84,10,84,,5000,5000,1.0,3021694564,20260901
B2_feature,1.0,stability,per_class,all,micro,target_mean,0.5276918809128981,0.5168410142556824,0.5371299528435729,84,84,84,84,,5000,5000,1.0,3021694564,20260901
B2_feature,1.0,stability,per_class,all,micro,other_fg_mean,0.43007400947518465,0.3487798758106551,0.49831043399951336,10,84,10,84,,5000,5000,1.0,3021694564,20260901
B2_feature,1.0,stability,per_class,all,micro,bg_mean,0.519142009209063,0.5134506531379349,0.5247348642208722,83,84,83,84,,5000,5000,1.0,3021694564,20260901
B2_feature,1.0,stability,per_class,all,micro,target_median,0.49761905343759627,0.4848834397936506,0.5092304816868688,84,84,84,84,,5000,5000,1.0,3021694564,20260901
B2_feature,1.0,stability,per_class,all,micro,other_fg_median,0.3992735020816326,0.3145492013543844,0.4753696281214555,10,84,10,84,,5000,5000,1.0,3021694564,20260901
B2_feature,1.0,stability,per_class,all,micro,bg_median,0.4873791570404926,0.47967314023938085,0.49489545691512016,83,84,83,84,,5000,5000,1.0,3021694564,20260901
B2_feature,1.0,stability,per_class,all,micro,target_hit,0.13513513513513514,0.06756756756756757,0.21621621621621623,74,74,74,74,,5000,5000,1.0,3021694564,20260901
B2_feature,1.0,stability,per_class,all,micro,other_fg_hit,0.13513513513513514,0.06756756756756757,0.21621621621621623,74,74,74,74,,5000,5000,1.0,3021694564,20260901
B2_feature,1.0,stability,per_class,all,micro,background_hit,0.7297297297297297,0.6351351351351351,0.8243243243243243,74,74,74,74,,5000,5000,1.0,3021694564,20260901
B2_feature,1.0,stability,per_class,all,micro,target_top05_fraction,0.15617647957619513,0.10920866504703627,0.21025946154191172,74,74,74,74,,5000,5000,1.0,3021694564,20260901
B2_feature,1.0,stability,per_class,all,micro,other_fg_top05_fraction,0.12675147792501984,0.082357192137153,0.1745841878781068,74,74,74,74,,5000,5000,1.0,3021694564,20260901
B2_feature,1.0,stability,per_class,all,micro,bg_top05_fraction,0.7163877043144468,0.6607858022838463,0.7713923537896686,74,74,74,74,,5000,5000,1.0,3021694564,20260901
B2_feature,1.0,stability,per_class,all,micro,target_tail_enrich_05,0.640305949971442,0.519827355301579,0.7711598375344576,67,74,67,74,,5000,5000,1.0,3021694564,20260901
B2_feature,1.0,stability,per_class,all,micro,other_fg_tail_enrich_05,1.039192031892134,0.8944538560474699,1.1915187097727176,37,74,37,74,,5000,5000,1.0,3021694564,20260901
B2_feature,1.0,stability,per_class,all,micro,bg_tail_enrich_05,1.0140399150290293,0.9767254929281188,1.0498071517256453,73,74,73,74,,5000,5000,1.0,3021694564,20260901
B2_feature,1.0,stability,per_class,all,micro,target_top10_fraction,0.15669756687039682,0.1095955508319315,0.20971029418063755,74,74,74,74,,5000,5000,1.0,3021694564,20260901
B2_feature,1.0,stability,per_class,all,micro,other_fg_top10_fraction,0.12726675878970867,0.08230378013632812,0.1755979684660834,74,74,74,74,,5000,5000,1.0,3021694564,20260901
B2_feature,1.0,stability,per_class,all,micro,bg_top10_fraction,0.7155181168603117,0.6606153349262008,0.7696682435075651,74,74,74,74,,5000,5000,1.0,3021694564,20260901
B2_feature,1.0,stability,per_class,all,micro,target_tail_enrich_10,0.6291776127307903,0.5341121137969813,0.7242395965891002,67,74,67,74,,5000,5000,1.0,3021694564,20260901
B2_feature,1.0,stability,per_class,all,micro,other_fg_tail_enrich_10,1.0535594040414809,0.9335747679397975,1.1714609133993001,37,74,37,74,,5000,5000,1.0,3021694564,20260901
B2_feature,1.0,stability,per_class,all,micro,bg_tail_enrich_10,1.0074398845053607,0.9722936204438275,1.0416892237397646,73,74,73,74,,5000,5000,1.0,3021694564,20260901
B2_feature,1.0,stability,per_class,all,micro,target_top20_fraction,0.1528269953340122,0.10687835484228879,0.20444718429333703,74,74,74,74,,5000,5000,1.0,3021694564,20260901
B2_feature,1.0,stability,per_class,all,micro,other_fg_top20_fraction,0.12651883930441352,0.08247686792581715,0.17441313168773329,74,74,74,74,,5000,5000,1.0,3021694564,20260901
B2_feature,1.0,stability,per_class,all,micro,bg_top20_fraction,0.7199566280780879,0.6659418280042103,0.7729408292452917,74,74,74,74,,5000,5000,1.0,3021694564,20260901
B2_feature,1.0,stability,per_class,all,micro,target_tail_enrich_20,0.6065179305029519,0.5248602437069899,0.6870157842857864,67,74,67,74,,5000,5000,1.0,3021694564,20260901
B2_feature,1.0,stability,per_class,all,micro,other_fg_tail_enrich_20,1.0577924589440173,0.9701864515181814,1.146065656337261,37,74,37,74,,5000,5000,1.0,3021694564,20260901
B2_feature,1.0,stability,per_class,all,micro,bg_tail_enrich_20,1.0187353689824987,0.9892606602492424,1.0473751129653794,73,74,73,74,,5000,5000,1.0,3021694564,20260901
B2_feature,1.0,stability,per_class,all,micro,auc_target_bg,0.35652706926946925,0.3277405738089847,0.3842638462683487,66,74,66,74,,5000,5000,1.0,3021694564,20260901
B2_feature,1.0,stability,per_class,all,micro,ap_target_bg,0.18202548733890955,0.13793315173456666,0.2309692818617124,66,74,66,74,,5000,5000,1.0,3021694564,20260901
B2_feature,1.0,stability,per_class,all,micro,auc_target_other,0.2956031376886633,0.2450966910330265,0.3479350132163491,31,74,31,74,,5000,5000,1.0,3021694564,20260901
B2_feature,1.0,stability,per_class,all,micro,ap_target_other,0.3124705780154507,0.2163632810900452,0.4128370438170129,31,74,31,74,,5000,5000,1.0,3021694564,20260901
B2_feature,1.0,stability,per_class,all,micro,target_mean,0.4344516111102636,0.41283056232343435,0.4546781340990692,67,74,67,74,,5000,5000,1.0,3021694564,20260901
B2_feature,1.0,stability,per_class,all,micro,other_fg_mean,0.5406873599602456,0.5268002606665024,0.5553496277380573,37,74,37,74,,5000,5000,1.0,3021694564,20260901
B2_feature,1.0,stability,per_class,all,micro,bg_mean,0.5327301950842669,0.5256364376416769,0.5388331236006929,73,74,73,74,,5000,5000,1.0,3021694564,20260901
B2_feature,1.0,stability,per_class,all,micro,target_median,0.3903486773149291,0.36747204318873194,0.41210005635339203,67,74,67,74,,5000,5000,1.0,3021694564,20260901
B2_feature,1.0,stability,per_class,all,micro,other_fg_median,0.5126599874850866,0.4941582039108171,0.5315798654950954,37,74,37,74,,5000,5000,1.0,3021694564,20260901
B2_feature,1.0,stability,per_class,all,micro,bg_median,0.5024809614844519,0.49190664565820286,0.5112629108682623,73,74,73,74,,5000,5000,1.0,3021694564,20260901
B3_spatial_feature,1.0,stability,all_positive_classes,all,micro,target_hit,0.21471821145784817,0.1976100182974852,0.23208480572420792,1449,1449,2147,2147,,5000,5000,1.0,3021694564,20260901
B3_spatial_feature,1.0,stability,all_positive_classes,all,micro,other_fg_hit,0.13926408942710758,0.12324829645325179,0.15533088235294118,1449,1449,2147,2147,,5000,5000,1.0,3021694564,20260901
B3_spatial_feature,1.0,stability,all_positive_classes,all,micro,background_hit,0.6455519329296693,0.6223264407470888,0.6684799193713002,1449,1449,2147,2147,,5000,5000,1.0,3021694564,20260901
B3_spatial_feature,1.0,stability,all_positive_classes,all,micro,target_top05_fraction,0.21671166440338419,0.2061934269812441,0.22743012770152501,1449,1449,2147,2147,,5000,5000,1.0,3021694564,20260901
B3_spatial_feature,1.0,stability,all_positive_classes,all,micro,other_fg_top05_fraction,0.14378460368593732,0.13231897026012462,0.15553597910871417,1449,1449,2147,2147,,5000,5000,1.0,3021694564,20260901
B3_spatial_feature,1.0,stability,all_positive_classes,all,micro,bg_top05_fraction,0.6391451516105329,0.6237086934913385,0.6547354539689112,1449,1449,2147,2147,,5000,5000,1.0,3021694564,20260901
B3_spatial_feature,1.0,stability,all_positive_classes,all,micro,target_tail_enrich_05,0.6940272713857786,0.6704618949054953,0.7189389034420293,1441,1449,2031,2147,,5000,5000,1.0,3021694564,20260901
B3_spatial_feature,1.0,stability,all_positive_classes,all,micro,other_fg_tail_enrich_05,0.9417810257554577,0.9040227584758932,0.9819054125433052,520,1449,1158,2147,,5000,5000,1.0,3021694564,20260901
B3_spatial_feature,1.0,stability,all_positive_classes,all,micro,bg_tail_enrich_05,1.0335576277936172,1.0230626904422278,1.0436209645702164,1432,1449,2120,2147,,5000,5000,1.0,3021694564,20260901
B3_spatial_feature,1.0,stability,all_positive_classes,all,micro,target_top10_fraction,0.21663577746648935,0.20620750565017532,0.22740812250067244,1449,1449,2147,2147,,5000,5000,1.0,3021694564,20260901
B3_spatial_feature,1.0,stability,all_positive_classes,all,micro,other_fg_top10_fraction,0.14277953089910767,0.13149020336810086,0.15446461617241516,1449,1449,2147,2147,,5000,5000,1.0,3021694564,20260901
B3_spatial_feature,1.0,stability,all_positive_classes,all,micro,bg_top10_fraction,0.6400994665657916,0.6247165586052736,0.6553646760926614,1449,1449,2147,2147,,5000,5000,1.0,3021694564,20260901
B3_spatial_feature,1.0,stability,all_positive_classes,all,micro,target_tail_enrich_10,0.7006607477450844,0.6802956618850295,0.7219346658106361,1441,1449,2031,2147,,5000,5000,1.0,3021694564,20260901
B3_spatial_feature,1.0,stability,all_positive_classes,all,micro,other_fg_tail_enrich_10,0.9370368298318924,0.9075485885853132,0.9668363029227918,520,1449,1158,2147,,5000,5000,1.0,3021694564,20260901
B3_spatial_feature,1.0,stability,all_positive_classes,all,micro,bg_tail_enrich_10,1.0330670404435913,1.0241352748222923,1.0414924243984927,1432,1449,2120,2147,,5000,5000,1.0,3021694564,20260901
B3_spatial_feature,1.0,stability,all_positive_classes,all,micro,target_top20_fraction,0.2175291746175261,0.20726509882208935,0.22811571545214107,1449,1449,2147,2147,,5000,5000,1.0,3021694564,20260901
B3_spatial_feature,1.0,stability,all_positive_classes,all,micro,other_fg_top20_fraction,0.1427279841607564,0.13145329549208695,0.15420014621204403,1449,1449,2147,2147,,5000,5000,1.0,3021694564,20260901
B3_spatial_feature,1.0,stability,all_positive_classes,all,micro,bg_top20_fraction,0.6392398519996543,0.623992654327781,0.6543070678039546,1449,1449,2147,2147,,5000,5000,1.0,3021694564,20260901
B3_spatial_feature,1.0,stability,all_positive_classes,all,micro,target_tail_enrich_20,0.7103303699191338,0.6933904938350957,0.72766004296821,1441,1449,2031,2147,,5000,5000,1.0,3021694564,20260901
B3_spatial_feature,1.0,stability,all_positive_classes,all,micro,other_fg_tail_enrich_20,0.9415741646233117,0.9185817965437562,0.9646962027937618,520,1449,1158,2147,,5000,5000,1.0,3021694564,20260901
B3_spatial_feature,1.0,stability,all_positive_classes,all,micro,bg_tail_enrich_20,1.0324064640034445,1.0247771988540986,1.03971490387995,1432,1449,2120,2147,,5000,5000,1.0,3021694564,20260901
B3_spatial_feature,1.0,stability,all_positive_classes,all,micro,auc_target_bg,0.3834634299545194,0.3770354348119837,0.3899573249866596,1424,1449,2004,2147,,5000,5000,1.0,3021694564,20260901
B3_spatial_feature,1.0,stability,all_positive_classes,all,micro,ap_target_bg,0.26629553982335014,0.2547420449558587,0.2778287580378257,1424,1449,2004,2147,,5000,5000,1.0,3021694564,20260901
B3_spatial_feature,1.0,stability,all_positive_classes,all,micro,auc_target_other,0.3805063379589533,0.37257130204729505,0.3884259799187702,462,1449,1052,2147,,5000,5000,1.0,3021694564,20260901
B3_spatial_feature,1.0,stability,all_positive_classes,all,micro,ap_target_other,0.4167631207495017,0.40655360102984633,0.42716845737266584,462,1449,1052,2147,,5000,5000,1.0,3021694564,20260901
B3_spatial_feature,1.0,stability,all_positive_classes,all,micro,target_mean,0.45455555519645413,0.45026033258791515,0.4587820680016555,1441,1449,2031,2147,,5000,5000,1.0,3021694564,20260901
B3_spatial_feature,1.0,stability,all_positive_classes,all,micro,other_fg_mean,0.5120111146440209,0.5072678944892585,0.5166935499372193,520,1449,1158,2147,,5000,5000,1.0,3021694564,20260901
B3_spatial_feature,1.0,stability,all_positive_classes,all,micro,bg_mean,0.5364042009509613,0.5349933355757025,0.5377368695692737,1432,1449,2120,2147,,5000,5000,1.0,3021694564,20260901
B3_spatial_feature,1.0,stability,all_positive_classes,all,micro,target_median,0.4130003691968705,0.40841366714978256,0.4175964181435001,1441,1449,2031,2147,,5000,5000,1.0,3021694564,20260901
B3_spatial_feature,1.0,stability,all_positive_classes,all,micro,other_fg_median,0.4824416961501608,0.47702416553393223,0.4876953817609072,520,1449,1158,2147,,5000,5000,1.0,3021694564,20260901
B3_spatial_feature,1.0,stability,all_positive_classes,all,micro,bg_median,0.5086854876950383,0.5070410774586687,0.5102781236407877,1432,1449,2120,2147,,5000,5000,1.0,3021694564,20260901
B3_spatial_feature,1.0,stability,all_positive_classes,all,macro_class,target_hit,0.220568436543885,0.20201275279100717,0.2393372610731882,1449,1449,2147,2147,20,5000,5000,1.0,3021694564,20260901
B3_spatial_feature,1.0,stability,all_positive_classes,all,macro_class,other_fg_hit,0.11540367373071839,0.10120087565180294,0.13018995014283752,1449,1449,2147,2147,20,5000,5000,1.0,3021694564,20260901
B3_spatial_feature,1.0,stability,all_positive_classes,all,macro_class,background_hit,0.6633699949885545,0.6402480123366522,0.6866292048364444,1449,1449,2147,2147,20,5000,5000,1.0,3021694564,20260901
B3_spatial_feature,1.0,stability,all_positive_classes,all,macro_class,target_top05_fraction,0.22494608304361563,0.214032028230668,0.23609818042744213,1449,1449,2147,2147,20,5000,5000,1.0,3021694564,20260901
B3_spatial_feature,1.0,stability,all_positive_classes,all,macro_class,other_fg_top05_fraction,0.12160022810929169,0.11174945555390141,0.1314902670693027,1449,1449,2147,2147,20,5000,5000,1.0,3021694564,20260901
B3_spatial_feature,1.0,stability,all_positive_classes,all,macro_class,bg_top05_fraction,0.6530794537433062,0.6387473107045879,0.6668331251737613,1449,1449,2147,2147,20,5000,5000,1.0,3021694564,20260901
B3_spatial_feature,1.0,stability,all_positive_classes,all,macro_class,target_tail_enrich_05,0.7140038972290004,0.6908903256081157,0.7382679101107902,1441,1449,2031,2147,20,5000,5000,1.0,3021694564,20260901
B3_spatial_feature,1.0,stability,all_positive_classes,all,macro_class,other_fg_tail_enrich_05,0.843688158206187,0.7838611412796072,0.9068733869839106,520,1449,1158,2147,20,5000,5000,1.0,3021694564,20260901
B3_spatial_feature,1.0,stability,all_positive_classes,all,macro_class,bg_tail_enrich_05,1.0293893371621063,1.01974598813732,1.0389662507629693,1432,1449,2120,2147,20,5000,5000,1.0,3021694564,20260901
B3_spatial_feature,1.0,stability,all_positive_classes,all,macro_class,target_top10_fraction,0.22431352705413937,0.2136372866164972,0.23512779634677144,1449,1449,2147,2147,20,5000,5000,1.0,3021694564,20260901
B3_spatial_feature,1.0,stability,all_positive_classes,all,macro_class,other_fg_top10_fraction,0.12080884128818521,0.11092837071879877,0.130663700559656,1449,1449,2147,2147,20,5000,5000,1.0,3021694564,20260901
B3_spatial_feature,1.0,stability,all_positive_classes,all,macro_class,bg_top10_fraction,0.6543616973865679,0.6404346160767207,0.6677912785321908,1449,1449,2147,2147,20,5000,5000,1.0,3021694564,20260901
B3_spatial_feature,1.0,stability,all_positive_classes,all,macro_class,target_tail_enrich_10,0.7213119135088151,0.6996164584125767,0.7450752596534396,1441,1449,2031,2147,20,5000,5000,1.0,3021694564,20260901
B3_spatial_feature,1.0,stability,all_positive_classes,all,macro_class,other_fg_tail_enrich_10,0.8436506996035762,0.7957269593163945,0.8891877551175331,520,1449,1158,2147,20,5000,5000,1.0,3021694564,20260901
B3_spatial_feature,1.0,stability,all_positive_classes,all,macro_class,bg_tail_enrich_10,1.0296475526327924,1.0214420710978613,1.0375973081344438,1432,1449,2120,2147,20,5000,5000,1.0,3021694564,20260901
B3_spatial_feature,1.0,stability,all_positive_classes,all,macro_class,target_top20_fraction,0.22564081449915463,0.2151185654863443,0.23636002119563831,1449,1449,2147,2147,20,5000,5000,1.0,3021694564,20260901
B3_spatial_feature,1.0,stability,all_positive_classes,all,macro_class,other_fg_top20_fraction,0.12107654893236477,0.11132919264194573,0.13092397234478986,1449,1449,2147,2147,20,5000,5000,1.0,3021694564,20260901
B3_spatial_feature,1.0,stability,all_positive_classes,all,macro_class,bg_top20_fraction,0.6527759609213851,0.638887011917398,0.6661551915136927,1449,1449,2147,2147,20,5000,5000,1.0,3021694564,20260901
B3_spatial_feature,1.0,stability,all_positive_classes,all,macro_class,target_tail_enrich_20,0.7290645522340319,0.7109209500651489,0.7472275303497112,1441,1449,2031,2147,20,5000,5000,1.0,3021694564,20260901
B3_spatial_feature,1.0,stability,all_positive_classes,all,macro_class,other_fg_tail_enrich_20,0.8551062696928179,0.8125446719140672,0.8950731009461046,520,1449,1158,2147,20,5000,5000,1.0,3021694564,20260901
B3_spatial_feature,1.0,stability,all_positive_classes,all,macro_class,bg_tail_enrich_20,1.0273621898573755,1.0205710850181426,1.0340118690830638,1432,1449,2120,2147,20,5000,5000,1.0,3021694564,20260901
B3_spatial_feature,1.0,stability,all_positive_classes,all,macro_class,auc_target_bg,0.3926986991818623,0.3865585102364527,0.39894954827750795,1424,1449,2004,2147,20,5000,5000,1.0,3021694564,20260901
B3_spatial_feature,1.0,stability,all_positive_classes,all,macro_class,ap_target_bg,0.26361514252012513,0.25248684156495316,0.2746318358598795,1424,1449,2004,2147,20,5000,5000,1.0,3021694564,20260901
B3_spatial_feature,1.0,stability,all_positive_classes,all,macro_class,auc_target_other,0.4296636731508906,0.4064952272643282,0.4532151587746602,462,1449,1052,2147,20,5000,5000,1.0,3021694564,20260901
B3_spatial_feature,1.0,stability,all_positive_classes,all,macro_class,ap_target_other,0.4716021218661437,0.43914402430469346,0.5045558446580019,462,1449,1052,2147,20,5000,5000,1.0,3021694564,20260901
B3_spatial_feature,1.0,stability,all_positive_classes,all,macro_class,target_mean,0.46144658122253973,0.45729732577734483,0.46554835449165244,1441,1449,2031,2147,20,5000,5000,1.0,3021694564,20260901
B3_spatial_feature,1.0,stability,all_positive_classes,all,macro_class,other_fg_mean,0.49203617911496444,0.48108263859353223,0.5015328688034982,520,1449,1158,2147,20,5000,5000,1.0,3021694564,20260901
B3_spatial_feature,1.0,stability,all_positive_classes,all,macro_class,bg_mean,0.5358987801332631,0.5346156238762368,0.5371389917739888,1432,1449,2120,2147,20,5000,5000,1.0,3021694564,20260901
B3_spatial_feature,1.0,stability,all_positive_classes,all,macro_class,target_median,0.4206907016283867,0.41620786897106604,0.42501067806747334,1441,1449,2031,2147,20,5000,5000,1.0,3021694564,20260901
B3_spatial_feature,1.0,stability,all_positive_classes,all,macro_class,other_fg_median,0.46149993057524663,0.45063964294216674,0.47155003629025,520,1449,1158,2147,20,5000,5000,1.0,3021694564,20260901
B3_spatial_feature,1.0,stability,all_positive_classes,all,macro_class,bg_median,0.5076769630897651,0.506114767094623,0.509244133654479,1432,1449,2120,2147,20,5000,5000,1.0,3021694564,20260901
B3_spatial_feature,1.0,stability,all_positive_classes,single_label,micro,target_hit,0.32362459546925565,0.29341963322545844,0.35382955771305286,927,927,927,927,,5000,5000,1.0,3021694564,20260901
B3_spatial_feature,1.0,stability,all_positive_classes,single_label,micro,other_fg_hit,0.0,0.0,0.0,927,927,927,927,,5000,5000,1.0,3021694564,20260901
B3_spatial_feature,1.0,stability,all_positive_classes,single_label,micro,background_hit,0.6763754045307443,0.6461704422869471,0.7065803667745415,927,927,927,927,,5000,5000,1.0,3021694564,20260901
B3_spatial_feature,1.0,stability,all_positive_classes,single_label,micro,target_top05_fraction,0.3218170794941043,0.3044168450813887,0.33997867129240616,927,927,927,927,,5000,5000,1.0,3021694564,20260901
B3_spatial_feature,1.0,stability,all_positive_classes,single_label,micro,other_fg_top05_fraction,0.0,0.0,0.0,927,927,927,927,,5000,5000,1.0,3021694564,20260901
B3_spatial_feature,1.0,stability,all_positive_classes,single_label,micro,bg_top05_fraction,0.6779290027890245,0.6596980222912144,0.6954397497576812,927,927,927,927,,5000,5000,1.0,3021694564,20260901
B3_spatial_feature,1.0,stability,all_positive_classes,single_label,micro,target_tail_enrich_05,0.8308126546235353,0.8018588678961877,0.8592638220755384,921,927,921,927,,5000,5000,1.0,3021694564,20260901
B3_spatial_feature,1.0,stability,all_positive_classes,single_label,micro,bg_tail_enrich_05,1.0195711162476568,1.0059297844086088,1.033279676411667,918,927,918,927,,5000,5000,1.0,3021694564,20260901
B3_spatial_feature,1.0,stability,all_positive_classes,single_label,micro,target_top10_fraction,0.3209974990919227,0.30376914224096896,0.338854246326973,927,927,927,927,,5000,5000,1.0,3021694564,20260901
B3_spatial_feature,1.0,stability,all_positive_classes,single_label,micro,other_fg_top10_fraction,0.0,0.0,0.0,927,927,927,927,,5000,5000,1.0,3021694564,20260901
B3_spatial_feature,1.0,stability,all_positive_classes,single_label,micro,bg_top10_fraction,0.6786364051795446,0.6607876831035866,0.6959221462863991,927,927,927,927,,5000,5000,1.0,3021694564,20260901
B3_spatial_feature,1.0,stability,all_positive_classes,single_label,micro,target_tail_enrich_10,0.8231582615309077,0.7996401038924122,0.8462515914510557,921,927,921,927,,5000,5000,1.0,3021694564,20260901
B3_spatial_feature,1.0,stability,all_positive_classes,single_label,micro,bg_tail_enrich_10,1.017090310263227,1.0059564023142877,1.0281016321876386,918,927,918,927,,5000,5000,1.0,3021694564,20260901
B3_spatial_feature,1.0,stability,all_positive_classes,single_label,micro,target_top20_fraction,0.32206079712926095,0.3050059381655287,0.339821783286907,927,927,927,927,,5000,5000,1.0,3021694564,20260901
B3_spatial_feature,1.0,stability,all_positive_classes,single_label,micro,other_fg_top20_fraction,0.0,0.0,0.0,927,927,927,927,,5000,5000,1.0,3021694564,20260901
B3_spatial_feature,1.0,stability,all_positive_classes,single_label,micro,bg_top20_fraction,0.6775302676400483,0.6597618049667939,0.694659438783338,927,927,927,927,,5000,5000,1.0,3021694564,20260901
B3_spatial_feature,1.0,stability,all_positive_classes,single_label,micro,target_tail_enrich_20,0.8319388559321288,0.8110835833892455,0.8530388294998127,921,927,921,927,,5000,5000,1.0,3021694564,20260901
B3_spatial_feature,1.0,stability,all_positive_classes,single_label,micro,bg_tail_enrich_20,1.0171884045648538,1.0079270173273012,1.0264468909544107,918,927,918,927,,5000,5000,1.0,3021694564,20260901
B3_spatial_feature,1.0,stability,all_positive_classes,single_label,micro,auc_target_bg,0.4380735361947771,0.43009238040195297,0.44582434864536946,912,927,912,927,,5000,5000,1.0,3021694564,20260901
B3_spatial_feature,1.0,stability,all_positive_classes,single_label,micro,ap_target_bg,0.331171304994404,0.31513484776227013,0.3476662080246681,912,927,912,927,,5000,5000,1.0,3021694564,20260901
B3_spatial_feature,1.0,stability,all_positive_classes,single_label,micro,target_mean,0.4902889042631226,0.48551534319933803,0.4949915360366314,921,927,921,927,,5000,5000,1.0,3021694564,20260901
B3_spatial_feature,1.0,stability,all_positive_classes,single_label,micro,bg_mean,0.5332994725327114,0.5315061187171717,0.5350473835200422,918,927,918,927,,5000,5000,1.0,3021694564,20260901
B3_spatial_feature,1.0,stability,all_positive_classes,single_label,micro,target_median,0.4525726753470046,0.4471647848183788,0.4579157398500502,921,927,921,927,,5000,5000,1.0,3021694564,20260901
B3_spatial_feature,1.0,stability,all_positive_classes,single_label,micro,bg_median,0.5050608263085221,0.5028373283739795,0.5072261304379214,918,927,918,927,,5000,5000,1.0,3021694564,20260901
B3_spatial_feature,1.0,stability,all_positive_classes,single_label,macro_class,target_hit,0.32017393030425406,0.2806636237499446,0.3608625208670582,927,927,927,927,20,5000,5000,1.0,3021694564,20260901
B3_spatial_feature,1.0,stability,all_positive_classes,single_label,macro_class,other_fg_hit,0.0,0.0,0.0,927,927,927,927,20,5000,5000,1.0,3021694564,20260901
B3_spatial_feature,1.0,stability,all_positive_classes,single_label,macro_class,background_hit,0.6798260696957461,0.6391374791329418,0.7193363762500553,927,927,927,927,20,5000,5000,1.0,3021694564,20260901
B3_spatial_feature,1.0,stability,all_positive_classes,single_label,macro_class,target_top05_fraction,0.3239128579982297,0.2982552875534261,0.35133220373081836,927,927,927,927,20,5000,5000,1.0,3021694564,20260901
B3_spatial_feature,1.0,stability,all_positive_classes,single_label,macro_class,other_fg_top05_fraction,0.0,0.0,0.0,927,927,927,927,20,5000,5000,1.0,3021694564,20260901
B3_spatial_feature,1.0,stability,all_positive_classes,single_label,macro_class,bg_top05_fraction,0.6758013619673305,0.648391191076847,0.7015046073588813,927,927,927,927,20,5000,5000,1.0,3021694564,20260901
B3_spatial_feature,1.0,stability,all_positive_classes,single_label,macro_class,target_tail_enrich_05,0.823270559345957,0.7892793638783991,0.8575176128094227,921,927,921,927,20,5000,5000,1.0,3021694564,20260901
B3_spatial_feature,1.0,stability,all_positive_classes,single_label,macro_class,bg_tail_enrich_05,1.0404957445272711,1.021533775650959,1.0650438036582015,918,927,918,927,20,5000,5000,1.0,3021694564,20260901
B3_spatial_feature,1.0,stability,all_positive_classes,single_label,macro_class,target_top10_fraction,0.32379817795345317,0.29838633209164683,0.35048812467820095,927,927,927,927,20,5000,5000,1.0,3021694564,20260901
B3_spatial_feature,1.0,stability,all_positive_classes,single_label,macro_class,other_fg_top10_fraction,0.0,0.0,0.0,927,927,927,927,20,5000,5000,1.0,3021694564,20260901
B3_spatial_feature,1.0,stability,all_positive_classes,single_label,macro_class,bg_top10_fraction,0.6758231432493158,0.6491846914033673,0.7011876440480829,927,927,927,927,20,5000,5000,1.0,3021694564,20260901
B3_spatial_feature,1.0,stability,all_positive_classes,single_label,macro_class,target_tail_enrich_10,0.8143260648202343,0.7886644816829819,0.8400653734882783,921,927,921,927,20,5000,5000,1.0,3021694564,20260901
B3_spatial_feature,1.0,stability,all_positive_classes,single_label,macro_class,bg_tail_enrich_10,1.0313605500448277,1.0190284256421753,1.044308405877296,918,927,918,927,20,5000,5000,1.0,3021694564,20260901
B3_spatial_feature,1.0,stability,all_positive_classes,single_label,macro_class,target_top20_fraction,0.32495211485956416,0.2999239771834273,0.3512113303585542,927,927,927,927,20,5000,5000,1.0,3021694564,20260901
B3_spatial_feature,1.0,stability,all_positive_classes,single_label,macro_class,other_fg_top20_fraction,0.0,0.0,0.0,927,927,927,927,20,5000,5000,1.0,3021694564,20260901
B3_spatial_feature,1.0,stability,all_positive_classes,single_label,macro_class,bg_top20_fraction,0.6746111653674263,0.6483852537847113,0.6995965262460794,927,927,927,927,20,5000,5000,1.0,3021694564,20260901
B3_spatial_feature,1.0,stability,all_positive_classes,single_label,macro_class,target_tail_enrich_20,0.8178638339813672,0.7961215611762367,0.8391603119182525,921,927,921,927,20,5000,5000,1.0,3021694564,20260901
B3_spatial_feature,1.0,stability,all_positive_classes,single_label,macro_class,bg_tail_enrich_20,1.0294963510288453,1.020783106596121,1.0383827199047382,918,927,918,927,20,5000,5000,1.0,3021694564,20260901
B3_spatial_feature,1.0,stability,all_positive_classes,single_label,macro_class,auc_target_bg,0.4271305890615289,0.4193857123720034,0.43460902746702557,912,927,912,927,20,5000,5000,1.0,3021694564,20260901
B3_spatial_feature,1.0,stability,all_positive_classes,single_label,macro_class,ap_target_bg,0.32997171386215646,0.3080323000337737,0.3576700533906732,912,927,912,927,20,5000,5000,1.0,3021694564,20260901
B3_spatial_feature,1.0,stability,all_positive_classes,single_label,macro_class,target_mean,0.48635276538709454,0.4811893074586309,0.49127984319820966,921,927,921,927,20,5000,5000,1.0,3021694564,20260901
B3_spatial_feature,1.0,stability,all_positive_classes,single_label,macro_class,bg_mean,0.5363418718665885,0.534643466883816,0.5381392837525837,918,927,918,927,20,5000,5000,1.0,3021694564,20260901
B3_spatial_feature,1.0,stability,all_positive_classes,single_label,macro_class,target_median,0.4466513115488963,0.44088385083452775,0.45216670223149513,921,927,921,927,20,5000,5000,1.0,3021694564,20260901
B3_spatial_feature,1.0,stability,all_positive_classes,single_label,macro_class,bg_median,0.5096331971982243,0.5071142706366037,0.5126857638871268,918,927,918,927,20,5000,5000,1.0,3021694564,20260901
B3_spatial_feature,1.0,stability,all_positive_classes,exactly_2_labels,micro,target_hit,0.144,0.12,0.168,375,375,750,750,,5000,5000,1.0,3021694564,20260901
B3_spatial_feature,1.0,stability,all_positive_classes,exactly_2_labels,micro,other_fg_hit,0.212,0.184,0.23866666666666667,375,375,750,750,,5000,5000,1.0,3021694564,20260901
B3_spatial_feature,1.0,stability,all_positive_classes,exactly_2_labels,micro,background_hit,0.644,0.6066666666666667,0.6813333333333333,375,375,750,750,,5000,5000,1.0,3021694564,20260901
B3_spatial_feature,1.0,stability,all_positive_classes,exactly_2_labels,micro,target_top05_fraction,0.159742615041796,0.14740897559738064,0.1724363828575007,375,375,750,750,,5000,5000,1.0,3021694564,20260901
B3_spatial_feature,1.0,stability,all_positive_classes,exactly_2_labels,micro,other_fg_top05_fraction,0.21018351898447066,0.19589425474017605,0.2249675975792847,375,375,750,750,,5000,5000,1.0,3021694564,20260901
B3_spatial_feature,1.0,stability,all_positive_classes,exactly_2_labels,micro,bg_top05_fraction,0.6297233936390507,0.6035920706425938,0.655770301638128,375,375,750,750,,5000,5000,1.0,3021694564,20260901
B3_spatial_feature,1.0,stability,all_positive_classes,exactly_2_labels,micro,target_tail_enrich_05,0.6155160521884047,0.5827238226608581,0.6492486785193363,373,375,695,750,,5000,5000,1.0,3021694564,20260901
B3_spatial_feature,1.0,stability,all_positive_classes,exactly_2_labels,micro,other_fg_tail_enrich_05,0.9040819423080452,0.8553021608124289,0.9543442434310372,373,375,695,750,,5000,5000,1.0,3021694564,20260901
B3_spatial_feature,1.0,stability,all_positive_classes,exactly_2_labels,micro,bg_tail_enrich_05,1.0492083039925961,1.0302013000766799,1.067173555199465,369,375,738,750,,5000,5000,1.0,3021694564,20260901
B3_spatial_feature,1.0,stability,all_positive_classes,exactly_2_labels,micro,target_top10_fraction,0.16060544588273304,0.14847209171951306,0.1732121544045522,375,375,750,750,,5000,5000,1.0,3021694564,20260901
B3_spatial_feature,1.0,stability,all_positive_classes,exactly_2_labels,micro,other_fg_top10_fraction,0.21017495642542258,0.1959842446998507,0.22463773438066562,375,375,750,750,,5000,5000,1.0,3021694564,20260901
B3_spatial_feature,1.0,stability,all_positive_classes,exactly_2_labels,micro,bg_top10_fraction,0.6287654980228929,0.6024825857171784,0.65472419385259,375,375,750,750,,5000,5000,1.0,3021694564,20260901
B3_spatial_feature,1.0,stability,all_positive_classes,exactly_2_labels,micro,target_tail_enrich_10,0.6116526477717885,0.5846389276498978,0.6387495549273066,373,375,695,750,,5000,5000,1.0,3021694564,20260901
B3_spatial_feature,1.0,stability,all_positive_classes,exactly_2_labels,micro,other_fg_tail_enrich_10,0.9073261447819703,0.8694450113074634,0.9464437347594417,373,375,695,750,,5000,5000,1.0,3021694564,20260901
B3_spatial_feature,1.0,stability,all_positive_classes,exactly_2_labels,micro,bg_tail_enrich_10,1.0453103420011394,1.0293839260022806,1.0611271825770299,369,375,738,750,,5000,5000,1.0,3021694564,20260901
B3_spatial_feature,1.0,stability,all_positive_classes,exactly_2_labels,micro,target_top20_fraction,0.1615606316621561,0.14956894802429518,0.17399258015570282,375,375,750,750,,5000,5000,1.0,3021694564,20260901
B3_spatial_feature,1.0,stability,all_positive_classes,exactly_2_labels,micro,other_fg_top20_fraction,0.210335183248703,0.19630442346504617,0.22444982598349233,375,375,750,750,,5000,5000,1.0,3021694564,20260901
B3_spatial_feature,1.0,stability,all_positive_classes,exactly_2_labels,micro,bg_top20_fraction,0.627616453353573,0.6013089581230302,0.6532557115448302,375,375,750,750,,5000,5000,1.0,3021694564,20260901
B3_spatial_feature,1.0,stability,all_positive_classes,exactly_2_labels,micro,target_tail_enrich_20,0.6356155452755045,0.610052805474601,0.6615741566004892,373,375,695,750,,5000,5000,1.0,3021694564,20260901
B3_spatial_feature,1.0,stability,all_positive_classes,exactly_2_labels,micro,other_fg_tail_enrich_20,0.923524347163559,0.8920542046216527,0.9544579236593812,373,375,695,750,,5000,5000,1.0,3021694564,20260901
B3_spatial_feature,1.0,stability,all_positive_classes,exactly_2_labels,micro,bg_tail_enrich_20,1.0440782435734228,1.0299478533331685,1.0575588404782454,369,375,738,750,,5000,5000,1.0,3021694564,20260901
B3_spatial_feature,1.0,stability,all_positive_classes,exactly_2_labels,micro,auc_target_bg,0.3485312943727086,0.3388714412252988,0.3584392709047334,367,375,683,750,,5000,5000,1.0,3021694564,20260901
B3_spatial_feature,1.0,stability,all_positive_classes,exactly_2_labels,micro,ap_target_bg,0.23150389966640955,0.21362739453495938,0.2501912993019809,367,375,683,750,,5000,5000,1.0,3021694564,20260901
B3_spatial_feature,1.0,stability,all_positive_classes,exactly_2_labels,micro,auc_target_other,0.3988850682350415,0.3894059206748818,0.40823920354841786,322,375,644,750,,5000,5000,1.0,3021694564,20260901
B3_spatial_feature,1.0,stability,all_positive_classes,exactly_2_labels,micro,ap_target_other,0.4798898352319498,0.47583458322371214,0.48388287511293127,322,375,644,750,,5000,5000,1.0,3021694564,20260901
B3_spatial_feature,1.0,stability,all_positive_classes,exactly_2_labels,micro,target_mean,0.4320597056979891,0.42562795814027715,0.4385279624666337,373,375,695,750,,5000,5000,1.0,3021694564,20260901
B3_spatial_feature,1.0,stability,all_positive_classes,exactly_2_labels,micro,other_fg_mean,0.5068169851689948,0.5003765274870667,0.5132733695417431,373,375,695,750,,5000,5000,1.0,3021694564,20260901
B3_spatial_feature,1.0,stability,all_positive_classes,exactly_2_labels,micro,bg_mean,0.5390691676523888,0.5365142069327521,0.5415136642000584,369,375,738,750,,5000,5000,1.0,3021694564,20260901
B3_spatial_feature,1.0,stability,all_positive_classes,exactly_2_labels,micro,target_median,0.3868491195892687,0.38008491235776054,0.3937114535870887,373,375,695,750,,5000,5000,1.0,3021694564,20260901
B3_spatial_feature,1.0,stability,all_positive_classes,exactly_2_labels,micro,other_fg_median,0.4766942116854002,0.46948811126768397,0.4838635489950188,373,375,695,750,,5000,5000,1.0,3021694564,20260901
B3_spatial_feature,1.0,stability,all_positive_classes,exactly_2_labels,micro,bg_median,0.5122457707154395,0.5091687102179893,0.5152722936962051,369,375,738,750,,5000,5000,1.0,3021694564,20260901
B3_spatial_feature,1.0,stability,all_positive_classes,exactly_2_labels,macro_class,target_hit,0.15324628270280444,0.12020589573068685,0.18956483051218825,375,375,750,750,20,5000,5000,1.0,3021694564,20260901
B3_spatial_feature,1.0,stability,all_positive_classes,exactly_2_labels,macro_class,other_fg_hit,0.18727179432885954,0.15101306969049713,0.22441233049697779,375,375,750,750,20,5000,5000,1.0,3021694564,20260901
B3_spatial_feature,1.0,stability,all_positive_classes,exactly_2_labels,macro_class,background_hit,0.6594819229683361,0.6152753205290136,0.7024193543650507,375,375,750,750,20,5000,5000,1.0,3021694564,20260901
B3_spatial_feature,1.0,stability,all_positive_classes,exactly_2_labels,macro_class,target_top05_fraction,0.176759454914949,0.15694394650317478,0.19832006664229487,375,375,750,750,20,5000,5000,1.0,3021694564,20260901
B3_spatial_feature,1.0,stability,all_positive_classes,exactly_2_labels,macro_class,other_fg_top05_fraction,0.1856381884060731,0.16582882148114664,0.20726696158307348,375,375,750,750,20,5000,5000,1.0,3021694564,20260901
B3_spatial_feature,1.0,stability,all_positive_classes,exactly_2_labels,macro_class,bg_top05_fraction,0.6372239951151404,0.6105860770537894,0.6636180885352855,375,375,750,750,20,5000,5000,1.0,3021694564,20260901
B3_spatial_feature,1.0,stability,all_positive_classes,exactly_2_labels,macro_class,target_tail_enrich_05,0.6697369986872947,0.6106354233208462,0.7297940665428714,373,375,695,750,20,5000,5000,1.0,3021694564,20260901
B3_spatial_feature,1.0,stability,all_positive_classes,exactly_2_labels,macro_class,other_fg_tail_enrich_05,0.8301237425459126,0.7524841387872776,0.9166934563535432,373,375,695,750,20,5000,5000,1.0,3021694564,20260901
B3_spatial_feature,1.0,stability,all_positive_classes,exactly_2_labels,macro_class,bg_tail_enrich_05,1.0573567933811021,1.0334046599893778,1.0806728672535704,369,375,738,750,20,5000,5000,1.0,3021694564,20260901
B3_spatial_feature,1.0,stability,all_positive_classes,exactly_2_labels,macro_class,target_top10_fraction,0.17817561393927,0.1583381380325443,0.19989858981577027,375,375,750,750,20,5000,5000,1.0,3021694564,20260901
B3_spatial_feature,1.0,stability,all_positive_classes,exactly_2_labels,macro_class,other_fg_top10_fraction,0.18681905465129883,0.16725267205092703,0.20870865686757242,375,375,750,750,20,5000,5000,1.0,3021694564,20260901
B3_spatial_feature,1.0,stability,all_positive_classes,exactly_2_labels,macro_class,bg_top10_fraction,0.6345119468497298,0.6080349182504484,0.6614840566965415,375,375,750,750,20,5000,5000,1.0,3021694564,20260901
B3_spatial_feature,1.0,stability,all_positive_classes,exactly_2_labels,macro_class,target_tail_enrich_10,0.6574143648040189,0.6148304313664862,0.697780718831994,373,375,695,750,20,5000,5000,1.0,3021694564,20260901
B3_spatial_feature,1.0,stability,all_positive_classes,exactly_2_labels,macro_class,other_fg_tail_enrich_10,0.825701590989202,0.767211617056118,0.8855458331785121,373,375,695,750,20,5000,5000,1.0,3021694564,20260901
B3_spatial_feature,1.0,stability,all_positive_classes,exactly_2_labels,macro_class,bg_tail_enrich_10,1.0526860794672044,1.0322379029849085,1.0726440684113123,369,375,738,750,20,5000,5000,1.0,3021694564,20260901
B3_spatial_feature,1.0,stability,all_positive_classes,exactly_2_labels,macro_class,target_top20_fraction,0.18111571224577744,0.16090890336693855,0.20347103936867222,375,375,750,750,20,5000,5000,1.0,3021694564,20260901
B3_spatial_feature,1.0,stability,all_positive_classes,exactly_2_labels,macro_class,other_fg_top20_fraction,0.18799920182380808,0.16831420217745813,0.2092227974697527,375,375,750,750,20,5000,5000,1.0,3021694564,20260901
B3_spatial_feature,1.0,stability,all_positive_classes,exactly_2_labels,macro_class,bg_top20_fraction,0.6303695751343021,0.6045766786469688,0.6563655335874722,375,375,750,750,20,5000,5000,1.0,3021694564,20260901
B3_spatial_feature,1.0,stability,all_positive_classes,exactly_2_labels,macro_class,target_tail_enrich_20,0.6902477193645842,0.6398737561933753,0.7446933620498392,373,375,695,750,20,5000,5000,1.0,3021694564,20260901
B3_spatial_feature,1.0,stability,all_positive_classes,exactly_2_labels,macro_class,other_fg_tail_enrich_20,0.8397236149397731,0.7853531814746847,0.8907890132400731,373,375,695,750,20,5000,5000,1.0,3021694564,20260901
B3_spatial_feature,1.0,stability,all_positive_classes,exactly_2_labels,macro_class,bg_tail_enrich_20,1.0435674488558886,1.0260639192956433,1.0604221883271154,369,375,738,750,20,5000,5000,1.0,3021694564,20260901
B3_spatial_feature,1.0,stability,all_positive_classes,exactly_2_labels,macro_class,auc_target_bg,0.37085282728348423,0.35619293387482037,0.3846330920702412,367,375,683,750,20,5000,5000,1.0,3021694564,20260901
B3_spatial_feature,1.0,stability,all_positive_classes,exactly_2_labels,macro_class,ap_target_bg,0.23449459003356882,0.21276027371608913,0.2577971829726034,367,375,683,750,20,5000,5000,1.0,3021694564,20260901
B3_spatial_feature,1.0,stability,all_positive_classes,exactly_2_labels,macro_class,auc_target_other,0.44854493046061916,0.42422327857019665,0.47294039845020674,322,375,644,750,20,5000,5000,1.0,3021694564,20260901
B3_spatial_feature,1.0,stability,all_positive_classes,exactly_2_labels,macro_class,ap_target_other,0.5260867889796461,0.49114002521369116,0.5613848828093747,322,375,644,750,20,5000,5000,1.0,3021694564,20260901
B3_spatial_feature,1.0,stability,all_positive_classes,exactly_2_labels,macro_class,target_mean,0.449658746948398,0.4395601409511468,0.4585270480492363,373,375,695,750,20,5000,5000,1.0,3021694564,20260901
B3_spatial_feature,1.0,stability,all_positive_classes,exactly_2_labels,macro_class,other_fg_mean,0.4877488382533685,0.4738974636816115,0.49996097830995956,373,375,695,750,20,5000,5000,1.0,3021694564,20260901
B3_spatial_feature,1.0,stability,all_positive_classes,exactly_2_labels,macro_class,bg_mean,0.5392488105071994,0.535873178119875,0.5423400008187975,369,375,738,750,20,5000,5000,1.0,3021694564,20260901
B3_spatial_feature,1.0,stability,all_positive_classes,exactly_2_labels,macro_class,target_median,0.4078790404995852,0.3963663057258847,0.41796070626715787,373,375,695,750,20,5000,5000,1.0,3021694564,20260901
B3_spatial_feature,1.0,stability,all_positive_classes,exactly_2_labels,macro_class,other_fg_median,0.4559736229967523,0.4424528548783409,0.4685126148902794,373,375,695,750,20,5000,5000,1.0,3021694564,20260901
B3_spatial_feature,1.0,stability,all_positive_classes,exactly_2_labels,macro_class,bg_median,0.5113270597880123,0.5070789066811285,0.5153788636534373,369,375,738,750,20,5000,5000,1.0,3021694564,20260901
B3_spatial_feature,1.0,stability,all_positive_classes,3plus_labels,micro,target_hit,0.1127659574468085,0.08686440677966102,0.13948622617027645,147,147,470,470,,5000,5000,1.0,3021694564,20260901
B3_spatial_feature,1.0,stability,all_positive_classes,3plus_labels,micro,other_fg_hit,0.2978723404255319,0.25211819897450505,0.344087767071638,147,147,470,470,,5000,5000,1.0,3021694564,20260901
B3_spatial_feature,1.0,stability,all_positive_classes,3plus_labels,micro,background_hit,0.5872340425531914,0.5299145299145299,0.6433157972533526,147,147,470,470,,5000,5000,1.0,3021694564,20260901
B3_spatial_feature,1.0,stability,all_positive_classes,3plus_labels,micro,target_top05_fraction,0.10031606276954083,0.08878040877430242,0.11214360052729229,147,147,470,470,,5000,5000,1.0,3021694564,20260901
B3_spatial_feature,1.0,stability,all_positive_classes,3plus_labels,micro,other_fg_top05_fraction,0.32142107420288224,0.2904680315218453,0.35179245467714304,147,147,470,470,,5000,5000,1.0,3021694564,20260901
B3_spatial_feature,1.0,stability,all_positive_classes,3plus_labels,micro,bg_top05_fraction,0.5776849142406418,0.537085808797848,0.6190223905267492,147,147,470,470,,5000,5000,1.0,3021694564,20260901
B3_spatial_feature,1.0,stability,all_positive_classes,3plus_labels,micro,target_tail_enrich_05,0.5219452457958971,0.45526128510430586,0.6056459995911128,147,147,415,470,,5000,5000,1.0,3021694564,20260901
B3_spatial_feature,1.0,stability,all_positive_classes,3plus_labels,micro,other_fg_tail_enrich_05,0.9983703626797577,0.9459575790408933,1.0613918299750165,147,147,463,470,,5000,5000,1.0,3021694564,20260901
B3_spatial_feature,1.0,stability,all_positive_classes,3plus_labels,micro,bg_tail_enrich_05,1.0363365471133203,1.011748236721082,1.059191062161313,145,147,464,470,,5000,5000,1.0,3021694564,20260901
B3_spatial_feature,1.0,stability,all_positive_classes,3plus_labels,micro,target_top10_fraction,0.1002090386176371,0.08902647233501106,0.11182713650979799,147,147,470,470,,5000,5000,1.0,3021694564,20260901
B3_spatial_feature,1.0,stability,all_positive_classes,3plus_labels,micro,other_fg_top10_fraction,0.31684347983258987,0.28576616746330974,0.34793502640151486,147,147,470,470,,5000,5000,1.0,3021694564,20260901
B3_spatial_feature,1.0,stability,all_positive_classes,3plus_labels,micro,bg_top10_fraction,0.582177624676908,0.5422069859150329,0.6229090145167661,147,147,470,470,,5000,5000,1.0,3021694564,20260901
B3_spatial_feature,1.0,stability,all_positive_classes,3plus_labels,micro,target_tail_enrich_10,0.5778665773467583,0.5148193324986597,0.6508818048246876,147,147,415,470,,5000,5000,1.0,3021694564,20260901
B3_spatial_feature,1.0,stability,all_positive_classes,3plus_labels,micro,other_fg_tail_enrich_10,0.981634942379832,0.9392395406254949,1.0250898788069651,147,147,463,470,,5000,5000,1.0,3021694564,20260901
B3_spatial_feature,1.0,stability,all_positive_classes,3plus_labels,micro,bg_tail_enrich_10,1.0452029925041595,1.0239334530925583,1.0658065692261511,145,147,464,470,,5000,5000,1.0,3021694564,20260901
B3_spatial_feature,1.0,stability,all_positive_classes,3plus_labels,micro,target_top20_fraction,0.1006687345072059,0.08960352340819322,0.1120581173838085,147,147,470,470,,5000,5000,1.0,3021694564,20260901
B3_spatial_feature,1.0,stability,all_positive_classes,3plus_labels,micro,other_fg_top20_fraction,0.31635232884386544,0.28539866426125293,0.34710015072361744,147,147,470,470,,5000,5000,1.0,3021694564,20260901
B3_spatial_feature,1.0,stability,all_positive_classes,3plus_labels,micro,bg_top20_fraction,0.5822660938845777,0.541886722817035,0.6232515881214288,147,147,470,470,,5000,5000,1.0,3021694564,20260901
B3_spatial_feature,1.0,stability,all_positive_classes,3plus_labels,micro,target_tail_enrich_20,0.5655722675320313,0.5238895531833117,0.6107409879995898,147,147,415,470,,5000,5000,1.0,3021694564,20260901
B3_spatial_feature,1.0,stability,all_positive_classes,3plus_labels,micro,other_fg_tail_enrich_20,0.9686683830564187,0.9385679196719534,0.9988617473210675,147,147,463,470,,5000,5000,1.0,3021694564,20260901
B3_spatial_feature,1.0,stability,all_positive_classes,3plus_labels,micro,bg_tail_enrich_20,1.0439504408180598,1.0261312099121234,1.0615562267350394,145,147,464,470,,5000,5000,1.0,3021694564,20260901
B3_spatial_feature,1.0,stability,all_positive_classes,3plus_labels,micro,auc_target_bg,0.3200263436739825,0.3056705068853203,0.3348660894593793,145,147,409,470,,5000,5000,1.0,3021694564,20260901
B3_spatial_feature,1.0,stability,all_positive_classes,3plus_labels,micro,ap_target_bg,0.17973317403163752,0.15698475029311595,0.20328375183765623,145,147,409,470,,5000,5000,1.0,3021694564,20260901
B3_spatial_feature,1.0,stability,all_positive_classes,3plus_labels,micro,auc_target_other,0.35149677350355946,0.33857145464188215,0.3641943910144931,140,147,408,470,,5000,5000,1.0,3021694564,20260901
B3_spatial_feature,1.0,stability,all_positive_classes,3plus_labels,micro,ap_target_other,0.31712193416446083,0.30441130144744444,0.3310313778602523,140,147,408,470,,5000,5000,1.0,3021694564,20260901
B3_spatial_feature,1.0,stability,all_positive_classes,3plus_labels,micro,target_mean,0.4129271236567679,0.40247563181907514,0.42288957983785624,147,147,415,470,,5000,5000,1.0,3021694564,20260901
B3_spatial_feature,1.0,stability,all_positive_classes,3plus_labels,micro,other_fg_mean,0.5198079180676572,0.5136434830281652,0.5258416955747414,147,147,463,470,,5000,5000,1.0,3021694564,20260901
B3_spatial_feature,1.0,stability,all_positive_classes,3plus_labels,micro,bg_mean,0.5383080700507411,0.5348411387688958,0.5414902252038871,145,147,464,470,,5000,5000,1.0,3021694564,20260901
B3_spatial_feature,1.0,stability,all_positive_classes,3plus_labels,micro,target_median,0.3689739222402673,0.3583220247704583,0.3795116073772308,147,147,415,470,,5000,5000,1.0,3021694564,20260901
B3_spatial_feature,1.0,stability,all_positive_classes,3plus_labels,micro,other_fg_median,0.49106912963398075,0.48376813745869907,0.4981853618788921,147,147,463,470,,5000,5000,1.0,3021694564,20260901
B3_spatial_feature,1.0,stability,all_positive_classes,3plus_labels,micro,bg_median,0.510194001237637,0.5062533908516801,0.5139198936448849,145,147,464,470,,5000,5000,1.0,3021694564,20260901
B3_spatial_feature,1.0,stability,all_positive_classes,3plus_labels,macro_class,target_hit,0.078651803422024,0.05788662178655916,0.10953769780127429,147,147,470,470,20,5000,5000,1.0,3021694564,20260901
B3_spatial_feature,1.0,stability,all_positive_classes,3plus_labels,macro_class,other_fg_hit,0.2972418813962932,0.2221208504638975,0.3747898159282859,147,147,470,470,20,5000,5000,1.0,3021694564,20260901
B3_spatial_feature,1.0,stability,all_positive_classes,3plus_labels,macro_class,background_hit,0.6205348866102541,0.5303879909365198,0.6959557967603438,147,147,470,470,20,5000,5000,1.0,3021694564,20260901
B3_spatial_feature,1.0,stability,all_positive_classes,3plus_labels,macro_class,target_top05_fraction,0.0851179416798857,0.071973445867382,0.10773345232198722,147,147,470,470,20,5000,5000,1.0,3021694564,20260901
B3_spatial_feature,1.0,stability,all_positive_classes,3plus_labels,macro_class,other_fg_top05_fraction,0.28052109295692207,0.2407557703864613,0.3378990315405598,147,147,470,470,20,5000,5000,1.0,3021694564,20260901
B3_spatial_feature,1.0,stability,all_positive_classes,3plus_labels,macro_class,bg_top05_fraction,0.6337707943141396,0.5683099355472946,0.6725737864847252,147,147,470,470,20,5000,5000,1.0,3021694564,20260901
B3_spatial_feature,1.0,stability,all_positive_classes,3plus_labels,macro_class,target_tail_enrich_05,0.47251214253877005,0.4104277002521267,0.5650436988130431,147,147,415,470,19,5000,5000,1.0,3021694564,20260901
B3_spatial_feature,1.0,stability,all_positive_classes,3plus_labels,macro_class,other_fg_tail_enrich_05,0.8457846910970124,0.7868714181450873,0.954258523951277,147,147,463,470,20,5000,5000,1.0,3021694564,20260901
B3_spatial_feature,1.0,stability,all_positive_classes,3plus_labels,macro_class,bg_tail_enrich_05,1.0615358150920569,1.0120095773497746,1.1115182492113276,145,147,464,470,20,5000,5000,1.0,3021694564,20260901
B3_spatial_feature,1.0,stability,all_positive_classes,3plus_labels,macro_class,target_top10_fraction,0.08794432302735863,0.07340437747837157,0.11071097129553323,147,147,470,470,20,5000,5000,1.0,3021694564,20260901
B3_spatial_feature,1.0,stability,all_positive_classes,3plus_labels,macro_class,other_fg_top10_fraction,0.28138984966421915,0.2410495045880527,0.3392962728316191,147,147,470,470,20,5000,5000,1.0,3021694564,20260901
B3_spatial_feature,1.0,stability,all_positive_classes,3plus_labels,macro_class,bg_top10_fraction,0.6300586194569222,0.5669891487023812,0.6694678321003894,147,147,470,470,20,5000,5000,1.0,3021694564,20260901
B3_spatial_feature,1.0,stability,all_positive_classes,3plus_labels,macro_class,target_tail_enrich_10,0.5672189029795845,0.49406314651188216,0.6751650096497835,147,147,415,470,19,5000,5000,1.0,3021694564,20260901
B3_spatial_feature,1.0,stability,all_positive_classes,3plus_labels,macro_class,other_fg_tail_enrich_10,0.8594864356369649,0.8167388674277295,0.9593145471887587,147,147,463,470,20,5000,5000,1.0,3021694564,20260901
B3_spatial_feature,1.0,stability,all_positive_classes,3plus_labels,macro_class,bg_tail_enrich_10,1.0494303580452629,1.0170661689278926,1.0802690762227902,145,147,464,470,20,5000,5000,1.0,3021694564,20260901
B3_spatial_feature,1.0,stability,all_positive_classes,3plus_labels,macro_class,target_top20_fraction,0.08903260783706123,0.0748106393135544,0.11071218001806583,147,147,470,470,20,5000,5000,1.0,3021694564,20260901
B3_spatial_feature,1.0,stability,all_positive_classes,3plus_labels,macro_class,other_fg_top20_fraction,0.2823623066513253,0.24369334274971086,0.3395712565320911,147,147,470,470,20,5000,5000,1.0,3021694564,20260901
B3_spatial_feature,1.0,stability,all_positive_classes,3plus_labels,macro_class,bg_top20_fraction,0.6279840334015226,0.5650276613143738,0.6679632620238094,147,147,470,470,20,5000,5000,1.0,3021694564,20260901
B3_spatial_feature,1.0,stability,all_positive_classes,3plus_labels,macro_class,target_tail_enrich_20,0.5476971550144569,0.4919978127797163,0.6231426855852321,147,147,415,470,19,5000,5000,1.0,3021694564,20260901
B3_spatial_feature,1.0,stability,all_positive_classes,3plus_labels,macro_class,other_fg_tail_enrich_20,0.8662272128995303,0.8322058183545668,0.9551838441653367,147,147,463,470,20,5000,5000,1.0,3021694564,20260901
B3_spatial_feature,1.0,stability,all_positive_classes,3plus_labels,macro_class,bg_tail_enrich_20,1.041176619556703,1.0142418538252373,1.0650228283255494,145,147,464,470,20,5000,5000,1.0,3021694564,20260901
B3_spatial_feature,1.0,stability,all_positive_classes,3plus_labels,macro_class,auc_target_bg,0.32321180324783655,0.30335753912564467,0.3466124593255641,145,147,409,470,19,5000,5000,1.0,3021694564,20260901
B3_spatial_feature,1.0,stability,all_positive_classes,3plus_labels,macro_class,ap_target_bg,0.1574151929195816,0.13388212555252124,0.18926136866517643,145,147,409,470,19,5000,5000,1.0,3021694564,20260901
B3_spatial_feature,1.0,stability,all_positive_classes,3plus_labels,macro_class,auc_target_other,0.39839956545920296,0.3582555762148343,0.4182033045764906,140,147,408,470,19,5000,5000,1.0,3021694564,20260901
B3_spatial_feature,1.0,stability,all_positive_classes,3plus_labels,macro_class,ap_target_other,0.39354694558004233,0.32068251624793076,0.42772465639265705,140,147,408,470,19,5000,5000,1.0,3021694564,20260901
B3_spatial_feature,1.0,stability,all_positive_classes,3plus_labels,macro_class,target_mean,0.4124777357144539,0.39850539039711236,0.4294272355554985,147,147,415,470,19,5000,5000,1.0,3021694564,20260901
B3_spatial_feature,1.0,stability,all_positive_classes,3plus_labels,macro_class,other_fg_mean,0.4910617069218993,0.4842789297697883,0.5172673531144945,147,147,463,470,20,5000,5000,1.0,3021694564,20260901
B3_spatial_feature,1.0,stability,all_positive_classes,3plus_labels,macro_class,bg_mean,0.5377180848946486,0.5324593104226903,0.5419622513302156,145,147,464,470,20,5000,5000,1.0,3021694564,20260901
B3_spatial_feature,1.0,stability,all_positive_classes,3plus_labels,macro_class,target_median,0.36931252805857406,0.35381985650268394,0.38772861757048943,147,147,415,470,19,5000,5000,1.0,3021694564,20260901
B3_spatial_feature,1.0,stability,all_positive_classes,3plus_labels,macro_class,other_fg_median,0.46471354412332033,0.4564348714731794,0.48907529152426055,147,147,463,470,20,5000,5000,1.0,3021694564,20260901
B3_spatial_feature,1.0,stability,all_positive_classes,3plus_labels,macro_class,bg_median,0.5093347616988239,0.5025943517826938,0.5141904192277797,145,147,464,470,20,5000,5000,1.0,3021694564,20260901
B3_spatial_feature,1.0,stability,per_class,all,micro,target_hit,0.2111111111111111,0.13333333333333333,0.3,90,90,90,90,,5000,5000,1.0,3021694564,20260901
B3_spatial_feature,1.0,stability,per_class,all,micro,other_fg_hit,0.0,0.0,0.0,90,90,90,90,,5000,5000,1.0,3021694564,20260901
B3_spatial_feature,1.0,stability,per_class,all,micro,background_hit,0.7888888888888889,0.7,0.8666666666666667,90,90,90,90,,5000,5000,1.0,3021694564,20260901
B3_spatial_feature,1.0,stability,per_class,all,micro,target_top05_fraction,0.1585548011863801,0.12321960150578572,0.19595592889013927,90,90,90,90,,5000,5000,1.0,3021694564,20260901
B3_spatial_feature,1.0,stability,per_class,all,micro,other_fg_top05_fraction,0.005223112128146453,0.0005555555555555556,0.01272029938977879,90,90,90,90,,5000,5000,1.0,3021694564,20260901
B3_spatial_feature,1.0,stability,per_class,all,micro,bg_top05_fraction,0.8355871660505524,0.798573796572366,0.8709593000175092,90,90,90,90,,5000,5000,1.0,3021694564,20260901
B3_spatial_feature,1.0,stability,per_class,all,micro,target_tail_enrich_05,0.6367112400440194,0.5503625571390071,0.7227290871400049,87,90,87,90,,5000,5000,1.0,3021694564,20260901
B3_spatial_feature,1.0,stability,per_class,all,micro,other_fg_tail_enrich_05,0.4230125852080037,0.06393671104034328,1.0104503952843544,13,90,13,90,,5000,5000,1.0,3021694564,20260901
B3_spatial_feature,1.0,stability,per_class,all,micro,bg_tail_enrich_05,1.0536988067773403,1.0298594209129368,1.0776290195069607,90,90,90,90,,5000,5000,1.0,3021694564,20260901
B3_spatial_feature,1.0,stability,per_class,all,micro,target_top10_fraction,0.15564635626863424,0.12249151576109618,0.19081510997364298,90,90,90,90,,5000,5000,1.0,3021694564,20260901
B3_spatial_feature,1.0,stability,per_class,all,micro,other_fg_top10_fraction,0.006267351556289365,0.00044444444444444447,0.01548478362787664,90,90,90,90,,5000,5000,1.0,3021694564,20260901
B3_spatial_feature,1.0,stability,per_class,all,micro,bg_top10_fraction,0.8376235840073597,0.8026181369279276,0.8707497298962574,90,90,90,90,,5000,5000,1.0,3021694564,20260901
B3_spatial_feature,1.0,stability,per_class,all,micro,target_tail_enrich_10,0.6263609490486807,0.553479207569657,0.6980110990055757,87,90,87,90,,5000,5000,1.0,3021694564,20260901
B3_spatial_feature,1.0,stability,per_class,all,micro,other_fg_tail_enrich_10,0.34517641364389917,0.08695652173856333,0.6508045288766183,13,90,13,90,,5000,5000,1.0,3021694564,20260901
B3_spatial_feature,1.0,stability,per_class,all,micro,bg_tail_enrich_10,1.059255018326203,1.041137138576603,1.077216269977712,90,90,90,90,,5000,5000,1.0,3021694564,20260901
B3_spatial_feature,1.0,stability,per_class,all,micro,target_top20_fraction,0.16041108741450197,0.1277089348751246,0.19503069937403086,90,90,90,90,,5000,5000,1.0,3021694564,20260901
B3_spatial_feature,1.0,stability,per_class,all,micro,other_fg_top20_fraction,0.0059479139239762705,0.0008652551442065088,0.01324987463156834,90,90,90,90,,5000,5000,1.0,3021694564,20260901
B3_spatial_feature,1.0,stability,per_class,all,micro,bg_top20_fraction,0.8331835431073625,0.7989611928196059,0.8655864520394692,90,90,90,90,,5000,5000,1.0,3021694564,20260901
B3_spatial_feature,1.0,stability,per_class,all,micro,target_tail_enrich_20,0.6597021869853583,0.600821460477732,0.7175202664363193,87,90,87,90,,5000,5000,1.0,3021694564,20260901
B3_spatial_feature,1.0,stability,per_class,all,micro,other_fg_tail_enrich_20,0.44154828541184504,0.18323276306740777,0.7432195850271442,13,90,13,90,,5000,5000,1.0,3021694564,20260901
B3_spatial_feature,1.0,stability,per_class,all,micro,bg_tail_enrich_20,1.0544759640578578,1.0387126991826572,1.0693840704270445,90,90,90,90,,5000,5000,1.0,3021694564,20260901
B3_spatial_feature,1.0,stability,per_class,all,micro,auc_target_bg,0.3965358627003383,0.37382081830287966,0.4186151077332865,87,90,87,90,,5000,5000,1.0,3021694564,20260901
B3_spatial_feature,1.0,stability,per_class,all,micro,ap_target_bg,0.19146975799875163,0.1594322380992202,0.22486363524294942,87,90,87,90,,5000,5000,1.0,3021694564,20260901
B3_spatial_feature,1.0,stability,per_class,all,micro,auc_target_other,0.6648351223250916,0.5375276196545759,0.7834462012981993,12,90,12,90,,5000,5000,1.0,3021694564,20260901
B3_spatial_feature,1.0,stability,per_class,all,micro,ap_target_other,0.8751763733947365,0.7415138044327981,0.9687123740789256,12,90,12,90,,5000,5000,1.0,3021694564,20260901
B3_spatial_feature,1.0,stability,per_class,all,micro,target_mean,0.46228250929697956,0.44496921442509024,0.4775737185196627,87,90,87,90,,5000,5000,1.0,3021694564,20260901
B3_spatial_feature,1.0,stability,per_class,all,micro,other_fg_mean,0.3593584048156195,0.2884161202479211,0.43428968593160666,13,90,13,90,,5000,5000,1.0,3021694564,20260901
B3_spatial_feature,1.0,stability,per_class,all,micro,bg_mean,0.5382521546989156,0.535093172248953,0.5413165024899723,90,90,90,90,,5000,5000,1.0,3021694564,20260901
B3_spatial_feature,1.0,stability,per_class,all,micro,target_median,0.4202411191045553,0.4017953450125473,0.43724022265426354,87,90,87,90,,5000,5000,1.0,3021694564,20260901
B3_spatial_feature,1.0,stability,per_class,all,micro,other_fg_median,0.32581792829128414,0.253602082668319,0.4087564476503947,13,90,13,90,,5000,5000,1.0,3021694564,20260901
B3_spatial_feature,1.0,stability,per_class,all,micro,bg_median,0.5139704611566331,0.5104003760260013,0.5175059154546924,90,90,90,90,,5000,5000,1.0,3021694564,20260901
B3_spatial_feature,1.0,stability,per_class,all,micro,target_hit,0.0379746835443038,0.0,0.08860759493670886,79,79,79,79,,5000,5000,1.0,3021694564,20260901
B3_spatial_feature,1.0,stability,per_class,all,micro,other_fg_hit,0.08860759493670886,0.0379746835443038,0.1518987341772152,79,79,79,79,,5000,5000,1.0,3021694564,20260901
B3_spatial_feature,1.0,stability,per_class,all,micro,background_hit,0.8734177215189873,0.7974683544303798,0.9367088607594937,79,79,79,79,,5000,5000,1.0,3021694564,20260901
B3_spatial_feature,1.0,stability,per_class,all,micro,target_top05_fraction,0.076899816183431,0.055876836446977184,0.100058132687348,79,79,79,79,,5000,5000,1.0,3021694564,20260901
B3_spatial_feature,1.0,stability,per_class,all,micro,other_fg_top05_fraction,0.13870670718605424,0.0915798518801235,0.18866143971094834,79,79,79,79,,5000,5000,1.0,3021694564,20260901
B3_spatial_feature,1.0,stability,per_class,all,micro,bg_top05_fraction,0.7840603653713538,0.7350563095096518,0.832458996237825,79,79,79,79,,5000,5000,1.0,3021694564,20260901
B3_spatial_feature,1.0,stability,per_class,all,micro,target_tail_enrich_05,0.6997674924960133,0.5496249374528811,0.8671781680176762,71,79,71,79,,5000,5000,1.0,3021694564,20260901
B3_spatial_feature,1.0,stability,per_class,all,micro,other_fg_tail_enrich_05,0.8835101314622459,0.7405924217560115,1.0254716329475697,48,79,48,79,,5000,5000,1.0,3021694564,20260901
B3_spatial_feature,1.0,stability,per_class,all,micro,bg_tail_enrich_05,1.009132447536123,0.9820718240221026,1.0341029526875027,79,79,79,79,,5000,5000,1.0,3021694564,20260901
B3_spatial_feature,1.0,stability,per_class,all,micro,target_top10_fraction,0.07183885368483646,0.05343334827935171,0.09256785501661972,79,79,79,79,,5000,5000,1.0,3021694564,20260901
B3_spatial_feature,1.0,stability,per_class,all,micro,other_fg_top10_fraction,0.1379546722988507,0.09155009990976912,0.18778968392076895,79,79,79,79,,5000,5000,1.0,3021694564,20260901
B3_spatial_feature,1.0,stability,per_class,all,micro,bg_top10_fraction,0.7898711420154249,0.7421606906866128,0.836569934405927,79,79,79,79,,5000,5000,1.0,3021694564,20260901
B3_spatial_feature,1.0,stability,per_class,all,micro,target_tail_enrich_10,0.646261006039015,0.5295140868550331,0.7687192825187565,71,79,71,79,,5000,5000,1.0,3021694564,20260901
B3_spatial_feature,1.0,stability,per_class,all,micro,other_fg_tail_enrich_10,0.8549066977919971,0.7361096043747922,0.9724200233499459,48,79,48,79,,5000,5000,1.0,3021694564,20260901
B3_spatial_feature,1.0,stability,per_class,all,micro,bg_tail_enrich_10,1.0186426007687606,0.9938145065222433,1.042004937913913,79,79,79,79,,5000,5000,1.0,3021694564,20260901
B3_spatial_feature,1.0,stability,per_class,all,micro,target_top20_fraction,0.07659866711751293,0.05716133262988583,0.09810770114828958,79,79,79,79,,5000,5000,1.0,3021694564,20260901
B3_spatial_feature,1.0,stability,per_class,all,micro,other_fg_top20_fraction,0.1392637828930773,0.09316509477645403,0.1885516186172198,79,79,79,79,,5000,5000,1.0,3021694564,20260901
B3_spatial_feature,1.0,stability,per_class,all,micro,bg_top20_fraction,0.7839698839889656,0.7374668384379808,0.8301174429637312,79,79,79,79,,5000,5000,1.0,3021694564,20260901
B3_spatial_feature,1.0,stability,per_class,all,micro,target_tail_enrich_20,0.6645187837230139,0.5709095440897166,0.7587626290260164,71,79,71,79,,5000,5000,1.0,3021694564,20260901
B3_spatial_feature,1.0,stability,per_class,all,micro,other_fg_tail_enrich_20,0.900822056351264,0.7974620440946878,0.9992274213158852,48,79,48,79,,5000,5000,1.0,3021694564,20260901
B3_spatial_feature,1.0,stability,per_class,all,micro,bg_tail_enrich_20,1.0117449702221546,0.9909845693109027,1.0311010257364877,79,79,79,79,,5000,5000,1.0,3021694564,20260901
B3_spatial_feature,1.0,stability,per_class,all,micro,auc_target_bg,0.3877265031744703,0.36265528704115135,0.4124645774621383,71,79,71,79,,5000,5000,1.0,3021694564,20260901
B3_spatial_feature,1.0,stability,per_class,all,micro,ap_target_bg,0.11085253609867546,0.08937309610857219,0.13540331515273277,71,79,71,79,,5000,5000,1.0,3021694564,20260901
B3_spatial_feature,1.0,stability,per_class,all,micro,auc_target_other,0.4422336574948988,0.3970702130117748,0.49160716827675105,41,79,41,79,,5000,5000,1.0,3021694564,20260901
B3_spatial_feature,1.0,stability,per_class,all,micro,ap_target_other,0.3238105182568798,0.23905151927545185,0.41793492158187273,41,79,41,79,,5000,5000,1.0,3021694564,20260901
B3_spatial_feature,1.0,stability,per_class,all,micro,target_mean,0.4627847302998519,0.4462405264494469,0.4793742268715073,71,79,71,79,,5000,5000,1.0,3021694564,20260901
B3_spatial_feature,1.0,stability,per_class,all,micro,other_fg_mean,0.49644812944427247,0.4733567961951676,0.5169459460486642,48,79,48,79,,5000,5000,1.0,3021694564,20260901
B3_spatial_feature,1.0,stability,per_class,all,micro,bg_mean,0.5369189082589301,0.5332196331648058,0.5401474992873571,79,79,79,79,,5000,5000,1.0,3021694564,20260901
B3_spatial_feature,1.0,stability,per_class,all,micro,target_median,0.4203891697484003,0.4018290247697609,0.43952250647779606,71,79,71,79,,5000,5000,1.0,3021694564,20260901
B3_spatial_feature,1.0,stability,per_class,all,micro,other_fg_median,0.4626691297938426,0.43677891391626694,0.48566824257544866,48,79,48,79,,5000,5000,1.0,3021694564,20260901
B3_spatial_feature,1.0,stability,per_class,all,micro,bg_median,0.5072414780719371,0.502768489336477,0.5111142190526935,79,79,79,79,,5000,5000,1.0,3021694564,20260901
B3_spatial_feature,1.0,stability,per_class,all,micro,target_hit,0.21359223300970873,0.13592233009708737,0.2912621359223301,103,103,103,103,,5000,5000,1.0,3021694564,20260901
B3_spatial_feature,1.0,stability,per_class,all,micro,other_fg_hit,0.04854368932038835,0.009708737864077669,0.0970873786407767,103,103,103,103,,5000,5000,1.0,3021694564,20260901
B3_spatial_feature,1.0,stability,per_class,all,micro,background_hit,0.7378640776699029,0.6504854368932039,0.8252427184466019,103,103,103,103,,5000,5000,1.0,3021694564,20260901
B3_spatial_feature,1.0,stability,per_class,all,micro,target_top05_fraction,0.2038964608746162,0.16264396736021028,0.24766186211343016,103,103,103,103,,5000,5000,1.0,3021694564,20260901
B3_spatial_feature,1.0,stability,per_class,all,micro,other_fg_top05_fraction,0.033195384348296976,0.011000072608082317,0.06093565023328371,103,103,103,103,,5000,5000,1.0,3021694564,20260901
B3_spatial_feature,1.0,stability,per_class,all,micro,bg_top05_fraction,0.7629081547770867,0.7170143684448105,0.8045541652820013,103,103,103,103,,5000,5000,1.0,3021694564,20260901
B3_spatial_feature,1.0,stability,per_class,all,micro,target_tail_enrich_05,0.9717938617253805,0.8525200605266676,1.0976820418174178,99,103,99,103,,5000,5000,1.0,3021694564,20260901
B3_spatial_feature,1.0,stability,per_class,all,micro,other_fg_tail_enrich_05,0.7172549929086705,0.4642156446753141,0.9326972534471737,9,103,9,103,,5000,5000,1.0,3021694564,20260901
B3_spatial_feature,1.0,stability,per_class,all,micro,bg_tail_enrich_05,0.9828370758330895,0.9466405494827019,1.0226677615455853,103,103,103,103,,5000,5000,1.0,3021694564,20260901
B3_spatial_feature,1.0,stability,per_class,all,micro,target_top10_fraction,0.1989959139941433,0.1588862238725653,0.24130559350316158,103,103,103,103,,5000,5000,1.0,3021694564,20260901
B3_spatial_feature,1.0,stability,per_class,all,micro,other_fg_top10_fraction,0.03650329846371078,0.012240259110410504,0.0664421240518082,103,103,103,103,,5000,5000,1.0,3021694564,20260901
B3_spatial_feature,1.0,stability,per_class,all,micro,bg_top10_fraction,0.7642502290391603,0.7186813688323215,0.8051648288696082,103,103,103,103,,5000,5000,1.0,3021694564,20260901
B3_spatial_feature,1.0,stability,per_class,all,micro,target_tail_enrich_10,0.9373732511872982,0.8438238215058402,1.033665027984637,99,103,99,103,,5000,5000,1.0,3021694564,20260901
B3_spatial_feature,1.0,stability,per_class,all,micro,other_fg_tail_enrich_10,0.8020887528147179,0.5400879204142192,0.9953658655262627,9,103,9,103,,5000,5000,1.0,3021694564,20260901
B3_spatial_feature,1.0,stability,per_class,all,micro,bg_tail_enrich_10,0.9791334836969752,0.9525640001017625,1.0060535214058066,103,103,103,103,,5000,5000,1.0,3021694564,20260901
B3_spatial_feature,1.0,stability,per_class,all,micro,target_top20_fraction,0.20314749840074375,0.1625946895248029,0.24461087488297184,103,103,103,103,,5000,5000,1.0,3021694564,20260901
B3_spatial_feature,1.0,stability,per_class,all,micro,other_fg_top20_fraction,0.03814085704354413,0.013048986872695708,0.06870395114238752,103,103,103,103,,5000,5000,1.0,3021694564,20260901
B3_spatial_feature,1.0,stability,per_class,all,micro,bg_top20_fraction,0.758461889191066,0.7130671391319623,0.7996038398525677,103,103,103,103,,5000,5000,1.0,3021694564,20260901
B3_spatial_feature,1.0,stability,per_class,all,micro,target_tail_enrich_20,0.9817160859567285,0.8954150165252116,1.0741015326848815,99,103,99,103,,5000,5000,1.0,3021694564,20260901
B3_spatial_feature,1.0,stability,per_class,all,micro,other_fg_tail_enrich_20,0.8521462950524243,0.5812609001260618,1.0340679310655172,9,103,9,103,,5000,5000,1.0,3021694564,20260901
B3_spatial_feature,1.0,stability,per_class,all,micro,bg_tail_enrich_20,0.9704343822950393,0.9476935911937138,0.992090766019266,103,103,103,103,,5000,5000,1.0,3021694564,20260901
B3_spatial_feature,1.0,stability,per_class,all,micro,auc_target_bg,0.5038644891234711,0.4768908608650739,0.5303810943396916,99,103,99,103,,5000,5000,1.0,3021694564,20260901
B3_spatial_feature,1.0,stability,per_class,all,micro,ap_target_bg,0.22128044353972828,0.1829982942859137,0.26211417979131013,99,103,99,103,,5000,5000,1.0,3021694564,20260901
B3_spatial_feature,1.0,stability,per_class,all,micro,auc_target_other,0.5631314887577228,0.3323145589926022,0.8316720229785846,5,103,5,103,,5000,4969,0.9938,3021694564,20260901
B3_spatial_feature,1.0,stability,per_class,all,micro,ap_target_other,0.3617664614050164,0.05139493865839697,0.7838602663229505,5,103,5,103,,5000,4969,0.9938,3021694564,20260901
B3_spatial_feature,1.0,stability,per_class,all,micro,target_mean,0.5242701264178703,0.5076321975321725,0.5401842464619687,99,103,99,103,,5000,5000,1.0,3021694564,20260901
B3_spatial_feature,1.0,stability,per_class,all,micro,other_fg_mean,0.4889256421635587,0.39920484517573274,0.536995850285356,9,103,9,103,,5000,5000,1.0,3021694564,20260901
B3_spatial_feature,1.0,stability,per_class,all,micro,bg_mean,0.5209717890870327,0.5160502320208437,0.5254446235353086,103,103,103,103,,5000,5000,1.0,3021694564,20260901
B3_spatial_feature,1.0,stability,per_class,all,micro,target_median,0.49594984414300536,0.476553914247818,0.515005295753479,99,103,99,103,,5000,5000,1.0,3021694564,20260901
B3_spatial_feature,1.0,stability,per_class,all,micro,other_fg_median,0.4623327851295471,0.37915336674490535,0.5107561049610376,9,103,9,103,,5000,5000,1.0,3021694564,20260901
B3_spatial_feature,1.0,stability,per_class,all,micro,bg_median,0.48808773469577715,0.48198975771665575,0.49361197707577814,103,103,103,103,,5000,5000,1.0,3021694564,20260901
B3_spatial_feature,1.0,stability,per_class,all,micro,target_hit,0.16666666666666666,0.08333333333333333,0.2638888888888889,72,72,72,72,,5000,5000,1.0,3021694564,20260901
B3_spatial_feature,1.0,stability,per_class,all,micro,other_fg_hit,0.027777777777777776,0.0,0.06944444444444445,72,72,72,72,,5000,5000,1.0,3021694564,20260901
B3_spatial_feature,1.0,stability,per_class,all,micro,background_hit,0.8055555555555556,0.7083333333333334,0.8888888888888888,72,72,72,72,,5000,5000,1.0,3021694564,20260901
B3_spatial_feature,1.0,stability,per_class,all,micro,target_top05_fraction,0.13196195234212474,0.09566225424458158,0.1722436102398713,72,72,72,72,,5000,5000,1.0,3021694564,20260901
B3_spatial_feature,1.0,stability,per_class,all,micro,other_fg_top05_fraction,0.03283753557876365,0.00586825860948668,0.06744087943375222,72,72,72,72,,5000,5000,1.0,3021694564,20260901
B3_spatial_feature,1.0,stability,per_class,all,micro,bg_top05_fraction,0.8352005120791115,0.7893875560507612,0.8787390785082432,72,72,72,72,,5000,5000,1.0,3021694564,20260901
B3_spatial_feature,1.0,stability,per_class,all,micro,target_tail_enrich_05,0.6597000052032589,0.5226299629872343,0.8070967268686553,69,72,69,72,,5000,5000,1.0,3021694564,20260901
B3_spatial_feature,1.0,stability,per_class,all,micro,other_fg_tail_enrich_05,0.35094421019945765,0.1090625743513917,0.6177750835917861,17,72,17,72,,5000,5000,1.0,3021694564,20260901
B3_spatial_feature,1.0,stability,per_class,all,micro,bg_tail_enrich_05,1.0481892325517654,1.0187630754577883,1.0794707151156504,72,72,72,72,,5000,5000,1.0,3021694564,20260901
B3_spatial_feature,1.0,stability,per_class,all,micro,target_top10_fraction,0.12584152623798153,0.0929647886496893,0.16180182549193264,72,72,72,72,,5000,5000,1.0,3021694564,20260901
B3_spatial_feature,1.0,stability,per_class,all,micro,other_fg_top10_fraction,0.03217941248429981,0.006021060410570664,0.06668587530733554,72,72,72,72,,5000,5000,1.0,3021694564,20260901
B3_spatial_feature,1.0,stability,per_class,all,micro,bg_top10_fraction,0.841410510270571,0.7979447270501682,0.882824299742954,72,72,72,72,,5000,5000,1.0,3021694564,20260901
B3_spatial_feature,1.0,stability,per_class,all,micro,target_tail_enrich_10,0.628177589028859,0.5279963455185352,0.7340277120386989,69,72,69,72,,5000,5000,1.0,3021694564,20260901
B3_spatial_feature,1.0,stability,per_class,all,micro,other_fg_tail_enrich_10,0.409731028337323,0.19696088684316085,0.6298783192093544,17,72,17,72,,5000,5000,1.0,3021694564,20260901
B3_spatial_feature,1.0,stability,per_class,all,micro,bg_tail_enrich_10,1.0559927010494303,1.0357411433259238,1.0765265878204284,72,72,72,72,,5000,5000,1.0,3021694564,20260901
B3_spatial_feature,1.0,stability,per_class,all,micro,target_top20_fraction,0.12414455465817037,0.09140062794943393,0.16085063662602303,72,72,72,72,,5000,5000,1.0,3021694564,20260901
B3_spatial_feature,1.0,stability,per_class,all,micro,other_fg_top20_fraction,0.033268105558854885,0.006789779723238759,0.06810680935265799,72,72,72,72,,5000,5000,1.0,3021694564,20260901
B3_spatial_feature,1.0,stability,per_class,all,micro,bg_top20_fraction,0.841578576786032,0.7974954597906253,0.8827570753987359,72,72,72,72,,5000,5000,1.0,3021694564,20260901
B3_spatial_feature,1.0,stability,per_class,all,micro,target_tail_enrich_20,0.6219765649487954,0.5350250547630888,0.716005508214488,69,72,69,72,,5000,5000,1.0,3021694564,20260901
B3_spatial_feature,1.0,stability,per_class,all,micro,other_fg_tail_enrich_20,0.6798485525996804,0.3839241651134073,1.0125366893498213,17,72,17,72,,5000,5000,1.0,3021694564,20260901
B3_spatial_feature,1.0,stability,per_class,all,micro,bg_tail_enrich_20,1.0532561117156343,1.0340579642045267,1.0727145012076582,72,72,72,72,,5000,5000,1.0,3021694564,20260901
B3_spatial_feature,1.0,stability,per_class,all,micro,auc_target_bg,0.3510567222978133,0.3245602514414301,0.37845124793998336,69,72,69,72,,5000,5000,1.0,3021694564,20260901
B3_spatial_feature,1.0,stability,per_class,all,micro,ap_target_bg,0.15470044756285956,0.12129097222708475,0.1917557360532224,69,72,69,72,,5000,5000,1.0,3021694564,20260901
B3_spatial_feature,1.0,stability,per_class,all,micro,auc_target_other,0.43472106503912805,0.3378831091799416,0.5298171411998344,15,72,15,72,,5000,5000,1.0,3021694564,20260901
B3_spatial_feature,1.0,stability,per_class,all,micro,ap_target_other,0.6619647366272533,0.46954462521014045,0.8310759901549009,15,72,15,72,,5000,5000,1.0,3021694564,20260901
B3_spatial_feature,1.0,stability,per_class,all,micro,target_mean,0.43852415916798926,0.418934773973187,0.4578535288640455,69,72,69,72,,5000,5000,1.0,3021694564,20260901
B3_spatial_feature,1.0,stability,per_class,all,micro,other_fg_mean,0.46325089478762765,0.39522858894338553,0.526833775583805,17,72,17,72,,5000,5000,1.0,3021694564,20260901
B3_spatial_feature,1.0,stability,per_class,all,micro,bg_mean,0.5403124210189199,0.5359324417953997,0.5444405930533514,72,72,72,72,,5000,5000,1.0,3021694564,20260901
B3_spatial_feature,1.0,stability,per_class,all,micro,target_median,0.3904707715779111,0.36978355796638107,0.4113023515618303,69,72,69,72,,5000,5000,1.0,3021694564,20260901
B3_spatial_feature,1.0,stability,per_class,all,micro,other_fg_median,0.43234162295565887,0.35670587507387,0.5030398807302117,17,72,17,72,,5000,5000,1.0,3021694564,20260901
B3_spatial_feature,1.0,stability,per_class,all,micro,bg_median,0.5132678730620278,0.5075090891267691,0.5185354827903211,72,72,72,72,,5000,5000,1.0,3021694564,20260901
B3_spatial_feature,1.0,stability,per_class,all,micro,target_hit,0.125,0.0625,0.19791666666666666,96,96,96,96,,5000,5000,1.0,3021694564,20260901
B3_spatial_feature,1.0,stability,per_class,all,micro,other_fg_hit,0.2916666666666667,0.19791666666666666,0.3854166666666667,96,96,96,96,,5000,5000,1.0,3021694564,20260901
B3_spatial_feature,1.0,stability,per_class,all,micro,background_hit,0.5833333333333334,0.4791666666666667,0.6770833333333334,96,96,96,96,,5000,5000,1.0,3021694564,20260901
B3_spatial_feature,1.0,stability,per_class,all,micro,target_top05_fraction,0.14423261681900448,0.09836019009296716,0.19461586566591269,96,96,96,96,,5000,5000,1.0,3021694564,20260901
B3_spatial_feature,1.0,stability,per_class,all,micro,other_fg_top05_fraction,0.3086563134909426,0.24960619203554296,0.3719334609863061,96,96,96,96,,5000,5000,1.0,3021694564,20260901
B3_spatial_feature,1.0,stability,per_class,all,micro,bg_top05_fraction,0.546843975672959,0.4914564507274156,0.5994147152803602,96,96,96,96,,5000,5000,1.0,3021694564,20260901
B3_spatial_feature,1.0,stability,per_class,all,micro,target_tail_enrich_05,0.490180692947475,0.39230222343286764,0.588640887095017,87,96,87,96,,5000,5000,1.0,3021694564,20260901
B3_spatial_feature,1.0,stability,per_class,all,micro,other_fg_tail_enrich_05,1.0391462946191692,0.9613799419558625,1.1139039756587523,60,96,60,96,,5000,5000,1.0,3021694564,20260901
B3_spatial_feature,1.0,stability,per_class,all,micro,bg_tail_enrich_05,0.9996984445480611,0.9534804645039795,1.0409428527768012,93,96,93,96,,5000,5000,1.0,3021694564,20260901
B3_spatial_feature,1.0,stability,per_class,all,micro,target_top10_fraction,0.14845807713860795,0.10299867784982301,0.19820221517788686,96,96,96,96,,5000,5000,1.0,3021694564,20260901
B3_spatial_feature,1.0,stability,per_class,all,micro,other_fg_top10_fraction,0.30485526059519213,0.24677147167186533,0.36716857652821605,96,96,96,96,,5000,5000,1.0,3021694564,20260901
B3_spatial_feature,1.0,stability,per_class,all,micro,bg_top10_fraction,0.5464067049549928,0.49225923461337956,0.5971187116036615,96,96,96,96,,5000,5000,1.0,3021694564,20260901
B3_spatial_feature,1.0,stability,per_class,all,micro,target_tail_enrich_10,0.4944651371327513,0.4043353117532247,0.5818151091898093,87,96,87,96,,5000,5000,1.0,3021694564,20260901
B3_spatial_feature,1.0,stability,per_class,all,micro,other_fg_tail_enrich_10,1.0360786390633434,0.9719041924471302,1.097293950785887,60,96,60,96,,5000,5000,1.0,3021694564,20260901
B3_spatial_feature,1.0,stability,per_class,all,micro,bg_tail_enrich_10,0.9979064766056419,0.962186787839803,1.031325004017508,93,96,93,96,,5000,5000,1.0,3021694564,20260901
B3_spatial_feature,1.0,stability,per_class,all,micro,target_top20_fraction,0.14652856448019097,0.10100968796664288,0.1954024028654803,96,96,96,96,,5000,5000,1.0,3021694564,20260901
B3_spatial_feature,1.0,stability,per_class,all,micro,other_fg_top20_fraction,0.30551899571214775,0.2476670011310116,0.36803334395530424,96,96,96,96,,5000,5000,1.0,3021694564,20260901
B3_spatial_feature,1.0,stability,per_class,all,micro,bg_top20_fraction,0.5476747454188434,0.4942631554690425,0.5984215064773618,96,96,96,96,,5000,5000,1.0,3021694564,20260901
B3_spatial_feature,1.0,stability,per_class,all,micro,target_tail_enrich_20,0.5211697641849156,0.43697322088042245,0.6031582666490432,87,96,87,96,,5000,5000,1.0,3021694564,20260901
B3_spatial_feature,1.0,stability,per_class,all,micro,other_fg_tail_enrich_20,1.0469131234809346,0.9871709978350857,1.104057281820711,60,96,60,96,,5000,5000,1.0,3021694564,20260901
B3_spatial_feature,1.0,stability,per_class,all,micro,bg_tail_enrich_20,1.012142472862758,0.9838498292401582,1.0391278487537874,93,96,93,96,,5000,5000,1.0,3021694564,20260901
B3_spatial_feature,1.0,stability,per_class,all,micro,auc_target_bg,0.3064390933270899,0.2721915873265007,0.33861960867550384,84,96,84,96,,5000,5000,1.0,3021694564,20260901
B3_spatial_feature,1.0,stability,per_class,all,micro,ap_target_bg,0.18380642352115673,0.1395420192870157,0.23094980943695415,84,96,84,96,,5000,5000,1.0,3021694564,20260901
B3_spatial_feature,1.0,stability,per_class,all,micro,auc_target_other,0.21434613970735641,0.17754706907111495,0.25235724113965463,51,96,51,96,,5000,5000,1.0,3021694564,20260901
B3_spatial_feature,1.0,stability,per_class,all,micro,ap_target_other,0.09878784393656187,0.05402419233483646,0.15292800603670403,51,96,51,96,,5000,5000,1.0,3021694564,20260901
B3_spatial_feature,1.0,stability,per_class,all,micro,target_mean,0.39814259436745697,0.37257259311001684,0.4221986167658765,87,96,87,96,,5000,5000,1.0,3021694564,20260901
B3_spatial_feature,1.0,stability,per_class,all,micro,other_fg_mean,0.5394941963052448,0.5300188761331044,0.5483943796477626,60,96,60,96,,5000,5000,1.0,3021694564,20260901
B3_spatial_feature,1.0,stability,per_class,all,micro,bg_mean,0.5321210845923867,0.5266551738976294,0.5370940647886594,93,96,93,96,,5000,5000,1.0,3021694564,20260901
B3_spatial_feature,1.0,stability,per_class,all,micro,target_median,0.35272800631221685,0.327024074409414,0.3775068481823175,87,96,87,96,,5000,5000,1.0,3021694564,20260901
B3_spatial_feature,1.0,stability,per_class,all,micro,other_fg_median,0.5147071458399296,0.5043841734593897,0.5245205190303104,60,96,60,96,,5000,5000,1.0,3021694564,20260901
B3_spatial_feature,1.0,stability,per_class,all,micro,bg_median,0.5026010363012232,0.495463435528525,0.5092096303332276,93,96,93,96,,5000,5000,1.0,3021694564,20260901
B3_spatial_feature,1.0,stability,per_class,all,micro,target_hit,0.3783783783783784,0.2702702702702703,0.4864864864864865,74,74,74,74,,5000,5000,1.0,3021694564,20260901
B3_spatial_feature,1.0,stability,per_class,all,micro,other_fg_hit,0.02702702702702703,0.0,0.06756756756756757,74,74,74,74,,5000,5000,1.0,3021694564,20260901
B3_spatial_feature,1.0,stability,per_class,all,micro,background_hit,0.5945945945945946,0.4864864864864865,0.7027027027027027,74,74,74,74,,5000,5000,1.0,3021694564,20260901
B3_spatial_feature,1.0,stability,per_class,all,micro,target_top05_fraction,0.45626851821730907,0.38933498795874316,0.5227943038029276,74,74,74,74,,5000,5000,1.0,3021694564,20260901
B3_spatial_feature,1.0,stability,per_class,all,micro,other_fg_top05_fraction,0.026883867673341357,0.012440251486304116,0.04480223264762739,74,74,74,74,,5000,5000,1.0,3021694564,20260901
B3_spatial_feature,1.0,stability,per_class,all,micro,bg_top05_fraction,0.5168476141093495,0.4531993959163234,0.5790083919746971,74,74,74,74,,5000,5000,1.0,3021694564,20260901
B3_spatial_feature,1.0,stability,per_class,all,micro,target_tail_enrich_05,0.8764298642676643,0.7903690711230377,0.963437449383979,73,74,73,74,,5000,5000,1.0,3021694564,20260901
B3_spatial_feature,1.0,stability,per_class,all,micro,other_fg_tail_enrich_05,0.7886317390058202,0.4555332664354993,1.1462076202258846,34,74,34,74,,5000,5000,1.0,3021694564,20260901
B3_spatial_feature,1.0,stability,per_class,all,micro,bg_tail_enrich_05,1.0170086308490511,0.9578263526459421,1.0728253044257865,74,74,74,74,,5000,5000,1.0,3021694564,20260901
B3_spatial_feature,1.0,stability,per_class,all,micro,target_top10_fraction,0.44851191310871347,0.3842352848754831,0.5143540526045938,74,74,74,74,,5000,5000,1.0,3021694564,20260901
B3_spatial_feature,1.0,stability,per_class,all,micro,other_fg_top10_fraction,0.026954760882142624,0.012446551859859654,0.04478920472424801,74,74,74,74,,5000,5000,1.0,3021694564,20260901
B3_spatial_feature,1.0,stability,per_class,all,micro,bg_top10_fraction,0.5241822664475582,0.46142761724325043,0.5854621723159815,74,74,74,74,,5000,5000,1.0,3021694564,20260901
B3_spatial_feature,1.0,stability,per_class,all,micro,target_tail_enrich_10,0.9887873481869356,0.825739381679426,1.2669048614626026,73,74,73,74,,5000,5000,1.0,3021694564,20260901
B3_spatial_feature,1.0,stability,per_class,all,micro,other_fg_tail_enrich_10,0.7302260483503279,0.45433938322765405,1.0356848068165363,34,74,34,74,,5000,5000,1.0,3021694564,20260901
B3_spatial_feature,1.0,stability,per_class,all,micro,bg_tail_enrich_10,1.0638181114427538,1.01305496699114,1.1140145811178757,74,74,74,74,,5000,5000,1.0,3021694564,20260901
B3_spatial_feature,1.0,stability,per_class,all,micro,target_top20_fraction,0.44561313743152187,0.38055299152002925,0.5108469738144877,74,74,74,74,,5000,5000,1.0,3021694564,20260901
B3_spatial_feature,1.0,stability,per_class,all,micro,other_fg_top20_fraction,0.025878998939273548,0.01246858606864146,0.04178889084175678,74,74,74,74,,5000,5000,1.0,3021694564,20260901
B3_spatial_feature,1.0,stability,per_class,all,micro,bg_top20_fraction,0.5280667517291153,0.46527616816260375,0.5897329054637861,74,74,74,74,,5000,5000,1.0,3021694564,20260901
B3_spatial_feature,1.0,stability,per_class,all,micro,target_tail_enrich_20,0.8921812168444908,0.7943451197433541,1.0326402601890416,73,74,73,74,,5000,5000,1.0,3021694564,20260901
B3_spatial_feature,1.0,stability,per_class,all,micro,other_fg_tail_enrich_20,0.6917739489691099,0.49910228046480704,0.9038089340725477,34,74,34,74,,5000,5000,1.0,3021694564,20260901
B3_spatial_feature,1.0,stability,per_class,all,micro,bg_tail_enrich_20,1.060203222312541,1.0250125185288408,1.0936325604777635,74,74,74,74,,5000,5000,1.0,3021694564,20260901
B3_spatial_feature,1.0,stability,per_class,all,micro,auc_target_bg,0.4292862305352384,0.4037915745231129,0.45617088736766326,73,74,73,74,,5000,5000,1.0,3021694564,20260901
B3_spatial_feature,1.0,stability,per_class,all,micro,ap_target_bg,0.47593751712010796,0.4124347329499597,0.5396890554230238,73,74,73,74,,5000,5000,1.0,3021694564,20260901
B3_spatial_feature,1.0,stability,per_class,all,micro,auc_target_other,0.5343288131356744,0.4603666048256794,0.6076207580740235,33,74,33,74,,5000,5000,1.0,3021694564,20260901
B3_spatial_feature,1.0,stability,per_class,all,micro,ap_target_other,0.7763276137173727,0.6520897512710169,0.8787423108828205,33,74,33,74,,5000,5000,1.0,3021694564,20260901
B3_spatial_feature,1.0,stability,per_class,all,micro,target_mean,0.49598161686192,0.4790094786377878,0.5141524364565379,73,74,73,74,,5000,5000,1.0,3021694564,20260901
B3_spatial_feature,1.0,stability,per_class,all,micro,other_fg_mean,0.46305699457896593,0.4251038800964373,0.49980606581234716,34,74,34,74,,5000,5000,1.0,3021694564,20260901
B3_spatial_feature,1.0,stability,per_class,all,micro,bg_mean,0.5436904694832596,0.537890850525213,0.5495309270825274,74,74,74,74,,5000,5000,1.0,3021694564,20260901
B3_spatial_feature,1.0,stability,per_class,all,micro,target_median,0.45536198079177775,0.4350341157909443,0.4765580416031542,73,74,73,74,,5000,5000,1.0,3021694564,20260901
B3_spatial_feature,1.0,stability,per_class,all,micro,other_fg_median,0.43258610302034545,0.39078839053798997,0.4754765570251653,34,74,34,74,,5000,5000,1.0,3021694564,20260901
B3_spatial_feature,1.0,stability,per_class,all,micro,bg_median,0.516198171755752,0.5081838657827796,0.5250618139734945,74,74,74,74,,5000,5000,1.0,3021694564,20260901
B3_spatial_feature,1.0,stability,per_class,all,micro,target_hit,0.2047244094488189,0.13385826771653545,0.2755905511811024,127,127,127,127,,5000,5000,1.0,3021694564,20260901
B3_spatial_feature,1.0,stability,per_class,all,micro,other_fg_hit,0.1968503937007874,0.12598425196850394,0.2677165354330709,127,127,127,127,,5000,5000,1.0,3021694564,20260901
B3_spatial_feature,1.0,stability,per_class,all,micro,background_hit,0.5984251968503937,0.5118110236220472,0.6850393700787402,127,127,127,127,,5000,5000,1.0,3021694564,20260901
B3_spatial_feature,1.0,stability,per_class,all,micro,target_top05_fraction,0.20322741742989917,0.15542545492638132,0.25352599635278017,127,127,127,127,,5000,5000,1.0,3021694564,20260901
B3_spatial_feature,1.0,stability,per_class,all,micro,other_fg_top05_fraction,0.20490181185008222,0.15715885492601991,0.25283359795114435,127,127,127,127,,5000,5000,1.0,3021694564,20260901
B3_spatial_feature,1.0,stability,per_class,all,micro,bg_top05_fraction,0.5912701246469318,0.5426637781076057,0.6413083664197882,127,127,127,127,,5000,5000,1.0,3021694564,20260901
B3_spatial_feature,1.0,stability,per_class,all,micro,target_tail_enrich_05,0.6122575799738774,0.5161872038380795,0.715360365434825,113,127,113,127,,5000,5000,1.0,3021694564,20260901
B3_spatial_feature,1.0,stability,per_class,all,micro,other_fg_tail_enrich_05,0.9721466887211467,0.8582986669816826,1.0898494272342103,79,127,79,127,,5000,5000,1.0,3021694564,20260901
B3_spatial_feature,1.0,stability,per_class,all,micro,bg_tail_enrich_05,1.00464772642142,0.9636419156943902,1.0474315686146536,127,127,127,127,,5000,5000,1.0,3021694564,20260901
B3_spatial_feature,1.0,stability,per_class,all,micro,target_top10_fraction,0.20177760004915513,0.1548115539019813,0.2511431589956774,127,127,127,127,,5000,5000,1.0,3021694564,20260901
B3_spatial_feature,1.0,stability,per_class,all,micro,other_fg_top10_fraction,0.19976424082825942,0.15369652722227511,0.24663923973881008,127,127,127,127,,5000,5000,1.0,3021694564,20260901
B3_spatial_feature,1.0,stability,per_class,all,micro,bg_top10_fraction,0.5980569191120565,0.549697021915204,0.647665864408602,127,127,127,127,,5000,5000,1.0,3021694564,20260901
B3_spatial_feature,1.0,stability,per_class,all,micro,target_tail_enrich_10,0.619301722978392,0.5315188135259112,0.7123932432453237,113,127,113,127,,5000,5000,1.0,3021694564,20260901
B3_spatial_feature,1.0,stability,per_class,all,micro,other_fg_tail_enrich_10,0.9357031610359037,0.8449485925702894,1.0213064770945166,79,127,79,127,,5000,5000,1.0,3021694564,20260901
B3_spatial_feature,1.0,stability,per_class,all,micro,bg_tail_enrich_10,1.013724130246666,0.9777133075567936,1.0495782751018325,127,127,127,127,,5000,5000,1.0,3021694564,20260901
B3_spatial_feature,1.0,stability,per_class,all,micro,target_top20_fraction,0.2022895347145841,0.15583107079070124,0.25138797799409845,127,127,127,127,,5000,5000,1.0,3021694564,20260901
B3_spatial_feature,1.0,stability,per_class,all,micro,other_fg_top20_fraction,0.19925134333857836,0.15324004617394962,0.24589226858157878,127,127,127,127,,5000,5000,1.0,3021694564,20260901
B3_spatial_feature,1.0,stability,per_class,all,micro,bg_top20_fraction,0.5977982621907898,0.5507216360153349,0.6454700427613632,127,127,127,127,,5000,5000,1.0,3021694564,20260901
B3_spatial_feature,1.0,stability,per_class,all,micro,target_tail_enrich_20,0.6472317837990537,0.5708773467746673,0.724952693524488,113,127,113,127,,5000,5000,1.0,3021694564,20260901
B3_spatial_feature,1.0,stability,per_class,all,micro,other_fg_tail_enrich_20,0.9341722642301922,0.8577897163451145,1.0038806446725759,79,127,79,127,,5000,5000,1.0,3021694564,20260901
B3_spatial_feature,1.0,stability,per_class,all,micro,bg_tail_enrich_20,1.0153182762131718,0.9830375219603256,1.0474318141825396,127,127,127,127,,5000,5000,1.0,3021694564,20260901
B3_spatial_feature,1.0,stability,per_class,all,micro,auc_target_bg,0.3439315810322553,0.3147258323972711,0.3728454962101266,113,127,113,127,,5000,5000,1.0,3021694564,20260901
B3_spatial_feature,1.0,stability,per_class,all,micro,ap_target_bg,0.2586692025744716,0.20816468603907495,0.312788719320822,113,127,113,127,,5000,5000,1.0,3021694564,20260901
B3_spatial_feature,1.0,stability,per_class,all,micro,auc_target_other,0.3501620701100379,0.3013099654143159,0.4007751826772877,66,127,66,127,,5000,5000,1.0,3021694564,20260901
B3_spatial_feature,1.0,stability,per_class,all,micro,ap_target_other,0.32803300197836566,0.24215208607410788,0.41826587280272287,66,127,66,127,,5000,5000,1.0,3021694564,20260901
B3_spatial_feature,1.0,stability,per_class,all,micro,target_mean,0.42381654851228395,0.4016909230405039,0.44468115200763836,113,127,113,127,,5000,5000,1.0,3021694564,20260901
B3_spatial_feature,1.0,stability,per_class,all,micro,other_fg_mean,0.510335618059597,0.49422485539632394,0.5248194806221833,79,127,79,127,,5000,5000,1.0,3021694564,20260901
B3_spatial_feature,1.0,stability,per_class,all,micro,bg_mean,0.5327588408114784,0.5265873613416082,0.5384664122250155,127,127,127,127,,5000,5000,1.0,3021694564,20260901
B3_spatial_feature,1.0,stability,per_class,all,micro,target_median,0.38219725541704525,0.3596925794295552,0.4042378983211307,113,127,113,127,,5000,5000,1.0,3021694564,20260901
B3_spatial_feature,1.0,stability,per_class,all,micro,other_fg_median,0.4817382017079788,0.4628130264375765,0.49846379000298446,79,127,79,127,,5000,5000,1.0,3021694564,20260901
B3_spatial_feature,1.0,stability,per_class,all,micro,bg_median,0.5038442777132425,0.49656833292637753,0.5107568389083457,127,127,127,127,,5000,5000,1.0,3021694564,20260901
B3_spatial_feature,1.0,stability,per_class,all,micro,target_hit,0.3949579831932773,0.31092436974789917,0.4789915966386555,119,119,119,119,,5000,5000,1.0,3021694564,20260901
B3_spatial_feature,1.0,stability,per_class,all,micro,other_fg_hit,0.07563025210084033,0.03361344537815126,0.12605042016806722,119,119,119,119,,5000,5000,1.0,3021694564,20260901
B3_spatial_feature,1.0,stability,per_class,all,micro,background_hit,0.5294117647058824,0.4369747899159664,0.6218487394957983,119,119,119,119,,5000,5000,1.0,3021694564,20260901
B3_spatial_feature,1.0,stability,per_class,all,micro,target_top05_fraction,0.40034486153315807,0.34963361758684336,0.45128780045953376,119,119,119,119,,5000,5000,1.0,3021694564,20260901
B3_spatial_feature,1.0,stability,per_class,all,micro,other_fg_top05_fraction,0.09081235528717772,0.05565199202947335,0.13009314874196046,119,119,119,119,,5000,5000,1.0,3021694564,20260901
B3_spatial_feature,1.0,stability,per_class,all,micro,bg_top05_fraction,0.5078745112555101,0.45919386526446815,0.5584670948461489,119,119,119,119,,5000,5000,1.0,3021694564,20260901
B3_spatial_feature,1.0,stability,per_class,all,micro,target_tail_enrich_05,0.8825926167806917,0.8144688316803289,0.9476093158592621,119,119,119,119,,5000,5000,1.0,3021694564,20260901
B3_spatial_feature,1.0,stability,per_class,all,micro,other_fg_tail_enrich_05,0.8880590897226912,0.7529355094546359,1.0179066201840443,30,119,30,119,,5000,5000,1.0,3021694564,20260901
B3_spatial_feature,1.0,stability,per_class,all,micro,bg_tail_enrich_05,0.986870246556566,0.9337886121314604,1.040969659905804,113,119,113,119,,5000,5000,1.0,3021694564,20260901
B3_spatial_feature,1.0,stability,per_class,all,micro,target_top10_fraction,0.40118544813773294,0.3507040201442024,0.4525060620730837,119,119,119,119,,5000,5000,1.0,3021694564,20260901
B3_spatial_feature,1.0,stability,per_class,all,micro,other_fg_top10_fraction,0.09118449710967115,0.05595571188835492,0.1301526435465855,119,119,119,119,,5000,5000,1.0,3021694564,20260901
B3_spatial_feature,1.0,stability,per_class,all,micro,bg_top10_fraction,0.507031681589869,0.45979183444570226,0.5566574002619803,119,119,119,119,,5000,5000,1.0,3021694564,20260901
B3_spatial_feature,1.0,stability,per_class,all,micro,target_tail_enrich_10,0.887786511846574,0.8285074760449833,0.9463996065255341,119,119,119,119,,5000,5000,1.0,3021694564,20260901
B3_spatial_feature,1.0,stability,per_class,all,micro,other_fg_tail_enrich_10,0.9230173391602775,0.8170013855697708,1.0250799056923183,30,119,30,119,,5000,5000,1.0,3021694564,20260901
B3_spatial_feature,1.0,stability,per_class,all,micro,bg_tail_enrich_10,0.9785833544315768,0.9355604468786011,1.0213965702064527,113,119,113,119,,5000,5000,1.0,3021694564,20260901
B3_spatial_feature,1.0,stability,per_class,all,micro,target_top20_fraction,0.4052643067801863,0.3555877599343996,0.4549316428359074,119,119,119,119,,5000,5000,1.0,3021694564,20260901
B3_spatial_feature,1.0,stability,per_class,all,micro,other_fg_top20_fraction,0.0939328848948252,0.059023991409311395,0.13271318451773875,119,119,119,119,,5000,5000,1.0,3021694564,20260901
B3_spatial_feature,1.0,stability,per_class,all,micro,bg_top20_fraction,0.5003421005221284,0.4541018357969253,0.5488334449309528,119,119,119,119,,5000,5000,1.0,3021694564,20260901
B3_spatial_feature,1.0,stability,per_class,all,micro,target_tail_enrich_20,0.901421521678698,0.8471417724034557,0.9537581157688108,119,119,119,119,,5000,5000,1.0,3021694564,20260901
B3_spatial_feature,1.0,stability,per_class,all,micro,other_fg_tail_enrich_20,1.0085736366386342,0.8978219872688981,1.1209811865032153,30,119,30,119,,5000,5000,1.0,3021694564,20260901
B3_spatial_feature,1.0,stability,per_class,all,micro,bg_tail_enrich_20,0.9674076595503591,0.929500671316264,1.0030841093474658,113,119,113,119,,5000,5000,1.0,3021694564,20260901
B3_spatial_feature,1.0,stability,per_class,all,micro,auc_target_bg,0.46686334965925746,0.44288949459686505,0.49032564925738326,113,119,113,119,,5000,5000,1.0,3021694564,20260901
B3_spatial_feature,1.0,stability,per_class,all,micro,ap_target_bg,0.424302322087676,0.3781148208871459,0.46947518888560064,113,119,113,119,,5000,5000,1.0,3021694564,20260901
B3_spatial_feature,1.0,stability,per_class,all,micro,auc_target_other,0.39297694761182217,0.3421966195690994,0.44188728160864327,30,119,30,119,,5000,5000,1.0,3021694564,20260901
B3_spatial_feature,1.0,stability,per_class,all,micro,ap_target_other,0.365981687848655,0.2685646146012665,0.473358789133468,30,119,30,119,,5000,5000,1.0,3021694564,20260901
B3_spatial_feature,1.0,stability,per_class,all,micro,target_mean,0.501996779038944,0.4885910782128707,0.5143314590343064,119,119,119,119,,5000,5000,1.0,3021694564,20260901
B3_spatial_feature,1.0,stability,per_class,all,micro,other_fg_mean,0.5295413014156365,0.5138719861472696,0.5447987970221922,30,119,30,119,,5000,5000,1.0,3021694564,20260901
B3_spatial_feature,1.0,stability,per_class,all,micro,bg_mean,0.5262498151492523,0.5194721809223174,0.5326987411727684,113,119,113,119,,5000,5000,1.0,3021694564,20260901
B3_spatial_feature,1.0,stability,per_class,all,micro,target_median,0.46950368238847795,0.4545671749233949,0.48359080363659795,119,119,119,119,,5000,5000,1.0,3021694564,20260901
B3_spatial_feature,1.0,stability,per_class,all,micro,other_fg_median,0.5069716726740201,0.4873417401795878,0.5278454488919426,30,119,30,119,,5000,5000,1.0,3021694564,20260901
B3_spatial_feature,1.0,stability,per_class,all,micro,bg_median,0.49602984511746767,0.48784850861331097,0.5037274862096316,113,119,113,119,,5000,5000,1.0,3021694564,20260901
B3_spatial_feature,1.0,stability,per_class,all,micro,target_hit,0.11382113821138211,0.056910569105691054,0.17073170731707318,123,123,123,123,,5000,5000,1.0,3021694564,20260901
B3_spatial_feature,1.0,stability,per_class,all,micro,other_fg_hit,0.25203252032520324,0.17886178861788618,0.3333333333333333,123,123,123,123,,5000,5000,1.0,3021694564,20260901
B3_spatial_feature,1.0,stability,per_class,all,micro,background_hit,0.6341463414634146,0.5447154471544715,0.7154471544715447,123,123,123,123,,5000,5000,1.0,3021694564,20260901
B3_spatial_feature,1.0,stability,per_class,all,micro,target_top05_fraction,0.09062760749731864,0.06690058612737614,0.11714508587871733,123,123,123,123,,5000,5000,1.0,3021694564,20260901
B3_spatial_feature,1.0,stability,per_class,all,micro,other_fg_top05_fraction,0.27048494998827255,0.2284155476446215,0.31372950686052414,123,123,123,123,,5000,5000,1.0,3021694564,20260901
B3_spatial_feature,1.0,stability,per_class,all,micro,bg_top05_fraction,0.6384595434985764,0.5924617485677499,0.6816854484622195,123,123,123,123,,5000,5000,1.0,3021694564,20260901
B3_spatial_feature,1.0,stability,per_class,all,micro,target_tail_enrich_05,0.6482141524011501,0.5318633966842425,0.7622197253178891,112,123,112,123,,5000,5000,1.0,3021694564,20260901
B3_spatial_feature,1.0,stability,per_class,all,micro,other_fg_tail_enrich_05,0.9585235840752623,0.8733064878751164,1.0536030203375286,107,123,107,123,,5000,5000,1.0,3021694564,20260901
B3_spatial_feature,1.0,stability,per_class,all,micro,bg_tail_enrich_05,1.015446015046302,0.9787322765871378,1.0475624332821794,122,123,122,123,,5000,5000,1.0,3021694564,20260901
B3_spatial_feature,1.0,stability,per_class,all,micro,target_top10_fraction,0.08832342420010685,0.06539904632034205,0.11374588609319143,123,123,123,123,,5000,5000,1.0,3021694564,20260901
B3_spatial_feature,1.0,stability,per_class,all,micro,other_fg_top10_fraction,0.27071756263868724,0.22839422919904795,0.3137876202879083,123,123,123,123,,5000,5000,1.0,3021694564,20260901
B3_spatial_feature,1.0,stability,per_class,all,micro,bg_top10_fraction,0.6401963878618548,0.5955408326000672,0.6833809878121302,123,123,123,123,,5000,5000,1.0,3021694564,20260901
B3_spatial_feature,1.0,stability,per_class,all,micro,target_tail_enrich_10,0.6724896484782532,0.5553987762018824,0.7992649840766303,112,123,112,123,,5000,5000,1.0,3021694564,20260901
B3_spatial_feature,1.0,stability,per_class,all,micro,other_fg_tail_enrich_10,0.9882730116874968,0.8977136374996054,1.0970737576642553,107,123,107,123,,5000,5000,1.0,3021694564,20260901
B3_spatial_feature,1.0,stability,per_class,all,micro,bg_tail_enrich_10,1.0178435661893073,0.9848768118002809,1.0479244848022857,122,123,122,123,,5000,5000,1.0,3021694564,20260901
B3_spatial_feature,1.0,stability,per_class,all,micro,target_top20_fraction,0.08785161333865422,0.06525779455939677,0.11370221654000068,123,123,123,123,,5000,5000,1.0,3021694564,20260901
B3_spatial_feature,1.0,stability,per_class,all,micro,other_fg_top20_fraction,0.27256785579682047,0.23049671194298396,0.31577889741400167,123,123,123,123,,5000,5000,1.0,3021694564,20260901
B3_spatial_feature,1.0,stability,per_class,all,micro,bg_top20_fraction,0.6388663134771442,0.594725453818874,0.6819371859812949,123,123,123,123,,5000,5000,1.0,3021694564,20260901
B3_spatial_feature,1.0,stability,per_class,all,micro,target_tail_enrich_20,0.622278746435501,0.5481008198393105,0.6954071979638173,112,123,112,123,,5000,5000,1.0,3021694564,20260901
B3_spatial_feature,1.0,stability,per_class,all,micro,other_fg_tail_enrich_20,0.985533407588138,0.9356260664717835,1.0416402415123482,107,123,107,123,,5000,5000,1.0,3021694564,20260901
B3_spatial_feature,1.0,stability,per_class,all,micro,bg_tail_enrich_20,1.0185061480941027,0.9911871703700802,1.0433132668510265,122,123,122,123,,5000,5000,1.0,3021694564,20260901
B3_spatial_feature,1.0,stability,per_class,all,micro,auc_target_bg,0.3548622823490365,0.33129927247364255,0.3765525039481461,111,123,111,123,,5000,5000,1.0,3021694564,20260901
B3_spatial_feature,1.0,stability,per_class,all,micro,ap_target_bg,0.1491692602581711,0.11853993031279475,0.1817122795803113,111,123,111,123,,5000,5000,1.0,3021694564,20260901
B3_spatial_feature,1.0,stability,per_class,all,micro,auc_target_other,0.36357416820910043,0.33782272746515746,0.38805662486869136,96,123,96,123,,5000,5000,1.0,3021694564,20260901
B3_spatial_feature,1.0,stability,per_class,all,micro,ap_target_other,0.27434587522436965,0.22376075669056647,0.32705079773724105,96,123,96,123,,5000,5000,1.0,3021694564,20260901
B3_spatial_feature,1.0,stability,per_class,all,micro,target_mean,0.43606623851634607,0.42013524517115164,0.4509376637543744,112,123,112,123,,5000,5000,1.0,3021694564,20260901
B3_spatial_feature,1.0,stability,per_class,all,micro,other_fg_mean,0.5266276594851075,0.517566891945459,0.5358888667844284,107,123,107,123,,5000,5000,1.0,3021694564,20260901
B3_spatial_feature,1.0,stability,per_class,all,micro,bg_mean,0.5356139868293353,0.5312539663034008,0.5396490419162351,122,123,122,123,,5000,5000,1.0,3021694564,20260901
B3_spatial_feature,1.0,stability,per_class,all,micro,target_median,0.39212403260171413,0.3762234703822826,0.40686859773587025,112,123,112,123,,5000,5000,1.0,3021694564,20260901
B3_spatial_feature,1.0,stability,per_class,all,micro,other_fg_median,0.49317256187167124,0.48152203329983484,0.5049762458706223,107,123,107,123,,5000,5000,1.0,3021694564,20260901
B3_spatial_feature,1.0,stability,per_class,all,micro,bg_median,0.5070428043359616,0.5017760503437003,0.5118483132665377,122,123,122,123,,5000,5000,1.0,3021694564,20260901
B3_spatial_feature,1.0,stability,per_class,all,micro,target_hit,0.2535211267605634,0.15492957746478872,0.352112676056338,71,71,71,71,,5000,5000,1.0,3021694564,20260901
B3_spatial_feature,1.0,stability,per_class,all,micro,other_fg_hit,0.028169014084507043,0.0,0.07042253521126761,71,71,71,71,,5000,5000,1.0,3021694564,20260901
B3_spatial_feature,1.0,stability,per_class,all,micro,background_hit,0.7183098591549296,0.6056338028169014,0.8169014084507042,71,71,71,71,,5000,5000,1.0,3021694564,20260901
B3_spatial_feature,1.0,stability,per_class,all,micro,target_top05_fraction,0.2877463749242408,0.22420248408117965,0.3544176340434732,71,71,71,71,,5000,5000,1.0,3021694564,20260901
B3_spatial_feature,1.0,stability,per_class,all,micro,other_fg_top05_fraction,0.03679596565394324,0.014127194566408801,0.0646814289190995,71,71,71,71,,5000,5000,1.0,3021694564,20260901
B3_spatial_feature,1.0,stability,per_class,all,micro,bg_top05_fraction,0.6750965182156043,0.6085191042395455,0.7378640336564781,71,71,71,71,,5000,5000,1.0,3021694564,20260901
B3_spatial_feature,1.0,stability,per_class,all,micro,target_tail_enrich_05,0.6499642222129551,0.5620805553867843,0.7348544917514344,71,71,71,71,,5000,5000,1.0,3021694564,20260901
B3_spatial_feature,1.0,stability,per_class,all,micro,other_fg_tail_enrich_05,1.085114331739594,0.6008219896591358,1.8284352377013617,14,71,14,71,,5000,5000,1.0,3021694564,20260901
B3_spatial_feature,1.0,stability,per_class,all,micro,bg_tail_enrich_05,1.12138852082441,1.0591479986933088,1.1913284649315155,71,71,71,71,,5000,5000,1.0,3021694564,20260901
B3_spatial_feature,1.0,stability,per_class,all,micro,target_top10_fraction,0.2891618006111062,0.2265270279713795,0.35438368223214456,71,71,71,71,,5000,5000,1.0,3021694564,20260901
B3_spatial_feature,1.0,stability,per_class,all,micro,other_fg_top10_fraction,0.035174755086685425,0.014137890031885585,0.06000856024878239,71,71,71,71,,5000,5000,1.0,3021694564,20260901
B3_spatial_feature,1.0,stability,per_class,all,micro,bg_top10_fraction,0.6754828736991026,0.6101342644525898,0.7374447263556259,71,71,71,71,,5000,5000,1.0,3021694564,20260901
B3_spatial_feature,1.0,stability,per_class,all,micro,target_tail_enrich_10,0.6929246305925335,0.617309283042249,0.7651572710960626,71,71,71,71,,5000,5000,1.0,3021694564,20260901
B3_spatial_feature,1.0,stability,per_class,all,micro,other_fg_tail_enrich_10,0.9297731659708978,0.6841431530507252,1.2471306387134304,14,71,14,71,,5000,5000,1.0,3021694564,20260901
B3_spatial_feature,1.0,stability,per_class,all,micro,bg_tail_enrich_10,1.100257936703177,1.0587025296766426,1.1405649776817628,71,71,71,71,,5000,5000,1.0,3021694564,20260901
B3_spatial_feature,1.0,stability,per_class,all,micro,target_top20_fraction,0.2968954108855834,0.2349681864238875,0.3627600750791397,71,71,71,71,,5000,5000,1.0,3021694564,20260901
B3_spatial_feature,1.0,stability,per_class,all,micro,other_fg_top20_fraction,0.03586889400517631,0.01447679656039794,0.06096948568200203,71,71,71,71,,5000,5000,1.0,3021694564,20260901
B3_spatial_feature,1.0,stability,per_class,all,micro,bg_top20_fraction,0.6670545420203177,0.6017711106353345,0.7289721046104575,71,71,71,71,,5000,5000,1.0,3021694564,20260901
B3_spatial_feature,1.0,stability,per_class,all,micro,target_tail_enrich_20,0.7022594140362386,0.6297563162729496,0.7727770314985375,71,71,71,71,,5000,5000,1.0,3021694564,20260901
B3_spatial_feature,1.0,stability,per_class,all,micro,other_fg_tail_enrich_20,0.8565077643906189,0.6898048425175841,1.0107902429921358,14,71,14,71,,5000,5000,1.0,3021694564,20260901
B3_spatial_feature,1.0,stability,per_class,all,micro,bg_tail_enrich_20,1.076689719426477,1.0439588942522462,1.1083780650252362,71,71,71,71,,5000,5000,1.0,3021694564,20260901
B3_spatial_feature,1.0,stability,per_class,all,micro,auc_target_bg,0.3677062475686407,0.33877649344650984,0.3974583865198675,71,71,71,71,,5000,5000,1.0,3021694564,20260901
B3_spatial_feature,1.0,stability,per_class,all,micro,ap_target_bg,0.32548521925283236,0.2650046040187999,0.38906069951478467,71,71,71,71,,5000,5000,1.0,3021694564,20260901
B3_spatial_feature,1.0,stability,per_class,all,micro,auc_target_other,0.41321623712139627,0.3416374795177382,0.48300334381908355,14,71,14,71,,5000,5000,1.0,3021694564,20260901
B3_spatial_feature,1.0,stability,per_class,all,micro,ap_target_other,0.4971814645059384,0.34419589944840057,0.657091295880018,14,71,14,71,,5000,5000,1.0,3021694564,20260901
B3_spatial_feature,1.0,stability,per_class,all,micro,target_mean,0.4500423226928139,0.4293390144476045,0.46995678254408846,71,71,71,71,,5000,5000,1.0,3021694564,20260901
B3_spatial_feature,1.0,stability,per_class,all,micro,other_fg_mean,0.49535887995519107,0.45265429662970325,0.5302058385150352,14,71,14,71,,5000,5000,1.0,3021694564,20260901
B3_spatial_feature,1.0,stability,per_class,all,micro,bg_mean,0.544814285906347,0.5388253560689376,0.5505902161082578,71,71,71,71,,5000,5000,1.0,3021694564,20260901
B3_spatial_feature,1.0,stability,per_class,all,micro,target_median,0.4104207062595327,0.388606543314289,0.43178678756238703,71,71,71,71,,5000,5000,1.0,3021694564,20260901
B3_spatial_feature,1.0,stability,per_class,all,micro,other_fg_median,0.4586596680538995,0.40519655852758585,0.5034142472400245,14,71,14,71,,5000,5000,1.0,3021694564,20260901
B3_spatial_feature,1.0,stability,per_class,all,micro,bg_median,0.5180031545984913,0.5102944233572818,0.525086402630722,71,71,71,71,,5000,5000,1.0,3021694564,20260901
B3_spatial_feature,1.0,stability,per_class,all,micro,target_hit,0.18666666666666668,0.10666666666666667,0.28,75,75,75,75,,5000,5000,1.0,3021694564,20260901
B3_spatial_feature,1.0,stability,per_class,all,micro,other_fg_hit,0.3333333333333333,0.22666666666666666,0.44,75,75,75,75,,5000,5000,1.0,3021694564,20260901
B3_spatial_feature,1.0,stability,per_class,all,micro,background_hit,0.48,0.37333333333333335,0.5866666666666667,75,75,75,75,,5000,5000,1.0,3021694564,20260901
B3_spatial_feature,1.0,stability,per_class,all,micro,target_top05_fraction,0.1893247331250427,0.13823558908063546,0.24775894261714682,75,75,75,75,,5000,5000,1.0,3021694564,20260901
B3_spatial_feature,1.0,stability,per_class,all,micro,other_fg_top05_fraction,0.32074145524532505,0.26724780553011973,0.3763655124872036,75,75,75,75,,5000,5000,1.0,3021694564,20260901
B3_spatial_feature,1.0,stability,per_class,all,micro,bg_top05_fraction,0.4888069385027589,0.4271820105747737,0.5488584685498772,75,75,75,75,,5000,5000,1.0,3021694564,20260901
B3_spatial_feature,1.0,stability,per_class,all,micro,target_tail_enrich_05,0.6891755369574117,0.5884457307504914,0.7882182675709495,73,75,73,75,,5000,5000,1.0,3021694564,20260901
B3_spatial_feature,1.0,stability,per_class,all,micro,other_fg_tail_enrich_05,0.9604951428551427,0.8559443759005603,1.0595128460276828,70,75,70,75,,5000,5000,1.0,3021694564,20260901
B3_spatial_feature,1.0,stability,per_class,all,micro,bg_tail_enrich_05,1.0501944671977073,0.9885242532903334,1.1094156615264346,73,75,73,75,,5000,5000,1.0,3021694564,20260901
B3_spatial_feature,1.0,stability,per_class,all,micro,target_top10_fraction,0.19475199634544724,0.1432949458492277,0.2543940840568153,75,75,75,75,,5000,5000,1.0,3021694564,20260901
B3_spatial_feature,1.0,stability,per_class,all,micro,other_fg_top10_fraction,0.31504979839089076,0.2641708063053296,0.3674478164699993,75,75,75,75,,5000,5000,1.0,3021694564,20260901
B3_spatial_feature,1.0,stability,per_class,all,micro,bg_top10_fraction,0.488944233386106,0.4289951903738872,0.548488074753476,75,75,75,75,,5000,5000,1.0,3021694564,20260901
B3_spatial_feature,1.0,stability,per_class,all,micro,target_tail_enrich_10,0.7273845768842414,0.6465764158464995,0.8044679210218084,73,75,73,75,,5000,5000,1.0,3021694564,20260901
B3_spatial_feature,1.0,stability,per_class,all,micro,other_fg_tail_enrich_10,0.9912290492254578,0.9043973068885836,1.0739054134352481,70,75,70,75,,5000,5000,1.0,3021694564,20260901
B3_spatial_feature,1.0,stability,per_class,all,micro,bg_tail_enrich_10,1.0286027736788468,0.9860791698473266,1.0704809673408138,73,75,73,75,,5000,5000,1.0,3021694564,20260901
B3_spatial_feature,1.0,stability,per_class,all,micro,target_top20_fraction,0.196737448211016,0.14584905249654845,0.25618877782777244,75,75,75,75,,5000,5000,1.0,3021694564,20260901
B3_spatial_feature,1.0,stability,per_class,all,micro,other_fg_top20_fraction,0.31396620823583515,0.26391359735091857,0.36505472453111015,75,75,75,75,,5000,5000,1.0,3021694564,20260901
B3_spatial_feature,1.0,stability,per_class,all,micro,bg_top20_fraction,0.4883161994172397,0.4283889213642529,0.5466349940426889,75,75,75,75,,5000,5000,1.0,3021694564,20260901
B3_spatial_feature,1.0,stability,per_class,all,micro,target_tail_enrich_20,0.7144527328144852,0.6456350441028826,0.7774920635093373,73,75,73,75,,5000,5000,1.0,3021694564,20260901
B3_spatial_feature,1.0,stability,per_class,all,micro,other_fg_tail_enrich_20,0.9855364974748902,0.9276427070917385,1.039042666971325,70,75,70,75,,5000,5000,1.0,3021694564,20260901
B3_spatial_feature,1.0,stability,per_class,all,micro,bg_tail_enrich_20,1.0252536766302998,0.98205556535285,1.0672138523290657,73,75,73,75,,5000,5000,1.0,3021694564,20260901
B3_spatial_feature,1.0,stability,per_class,all,micro,auc_target_bg,0.39218907581364343,0.3700096464837622,0.4149056642450936,71,75,71,75,,5000,5000,1.0,3021694564,20260901
B3_spatial_feature,1.0,stability,per_class,all,micro,ap_target_bg,0.2829404097454909,0.2299701700715135,0.3421680586953329,71,75,71,75,,5000,5000,1.0,3021694564,20260901
B3_spatial_feature,1.0,stability,per_class,all,micro,auc_target_other,0.41584466550695115,0.3921958138508572,0.4399804693305705,68,75,68,75,,5000,5000,1.0,3021694564,20260901
B3_spatial_feature,1.0,stability,per_class,all,micro,ap_target_other,0.3707697033838497,0.3083640139162606,0.43385811582714073,68,75,68,75,,5000,5000,1.0,3021694564,20260901
B3_spatial_feature,1.0,stability,per_class,all,micro,target_mean,0.4671533004262023,0.45452412771726763,0.47937798252679226,73,75,73,75,,5000,5000,1.0,3021694564,20260901
B3_spatial_feature,1.0,stability,per_class,all,micro,other_fg_mean,0.5238386814823708,0.513962372979582,0.5331077818725366,70,75,70,75,,5000,5000,1.0,3021694564,20260901
B3_spatial_feature,1.0,stability,per_class,all,micro,bg_mean,0.5385144259611954,0.5315104850624427,0.5453488911152543,73,75,73,75,,5000,5000,1.0,3021694564,20260901
B3_spatial_feature,1.0,stability,per_class,all,micro,target_median,0.4256258594663176,0.41085515444886844,0.43993747723599275,73,75,73,75,,5000,5000,1.0,3021694564,20260901
B3_spatial_feature,1.0,stability,per_class,all,micro,other_fg_median,0.4936593302658626,0.48103925857160773,0.5054376546409562,70,75,70,75,,5000,5000,1.0,3021694564,20260901
B3_spatial_feature,1.0,stability,per_class,all,micro,bg_median,0.5113240249761163,0.5022136428348254,0.5202113314441463,73,75,73,75,,5000,5000,1.0,3021694564,20260901
B3_spatial_feature,1.0,stability,per_class,all,micro,target_hit,0.3203125,0.2421875,0.40625,128,128,128,128,,5000,5000,1.0,3021694564,20260901
B3_spatial_feature,1.0,stability,per_class,all,micro,other_fg_hit,0.0859375,0.0390625,0.140625,128,128,128,128,,5000,5000,1.0,3021694564,20260901
B3_spatial_feature,1.0,stability,per_class,all,micro,background_hit,0.59375,0.5078125,0.6796875,128,128,128,128,,5000,5000,1.0,3021694564,20260901
B3_spatial_feature,1.0,stability,per_class,all,micro,target_top05_fraction,0.31931822269562027,0.2721554234573037,0.36997154003320487,128,128,128,128,,5000,5000,1.0,3021694564,20260901
B3_spatial_feature,1.0,stability,per_class,all,micro,other_fg_top05_fraction,0.10326875776707985,0.06802913821625191,0.1420110429328665,128,128,128,128,,5000,5000,1.0,3021694564,20260901
B3_spatial_feature,1.0,stability,per_class,all,micro,bg_top05_fraction,0.577012378511659,0.526503751036977,0.6260332214472178,128,128,128,128,,5000,5000,1.0,3021694564,20260901
B3_spatial_feature,1.0,stability,per_class,all,micro,target_tail_enrich_05,0.7464461528216992,0.6801310092624839,0.8134001078701207,128,128,128,128,,5000,5000,1.0,3021694564,20260901
B3_spatial_feature,1.0,stability,per_class,all,micro,other_fg_tail_enrich_05,1.0213731105674155,0.8315412441579866,1.23657074989689,43,128,43,128,,5000,5000,1.0,3021694564,20260901
B3_spatial_feature,1.0,stability,per_class,all,micro,bg_tail_enrich_05,1.0269452647803035,0.974106379943146,1.0836431447301136,124,128,124,128,,5000,5000,1.0,3021694564,20260901
B3_spatial_feature,1.0,stability,per_class,all,micro,target_top10_fraction,0.32256164634612305,0.27623138369835043,0.37314456057692796,128,128,128,128,,5000,5000,1.0,3021694564,20260901
B3_spatial_feature,1.0,stability,per_class,all,micro,other_fg_top10_fraction,0.09978382958489151,0.06679690336469142,0.13582851437203625,128,128,128,128,,5000,5000,1.0,3021694564,20260901
B3_spatial_feature,1.0,stability,per_class,all,micro,bg_top10_fraction,0.5773540432997544,0.5276213907104484,0.6259965039176473,128,128,128,128,,5000,5000,1.0,3021694564,20260901
B3_spatial_feature,1.0,stability,per_class,all,micro,target_tail_enrich_10,0.766585297448623,0.7100164796347178,0.8208138620822459,128,128,128,128,,5000,5000,1.0,3021694564,20260901
B3_spatial_feature,1.0,stability,per_class,all,micro,other_fg_tail_enrich_10,0.9918224943587195,0.8700154429268685,1.1275894720566686,43,128,43,128,,5000,5000,1.0,3021694564,20260901
B3_spatial_feature,1.0,stability,per_class,all,micro,bg_tail_enrich_10,1.024166504350545,0.9760054076084491,1.0729053657464531,124,128,124,128,,5000,5000,1.0,3021694564,20260901
B3_spatial_feature,1.0,stability,per_class,all,micro,target_top20_fraction,0.3215345014445426,0.27495221325560454,0.370903483933049,128,128,128,128,,5000,5000,1.0,3021694564,20260901
B3_spatial_feature,1.0,stability,per_class,all,micro,other_fg_top20_fraction,0.09821438020118045,0.06519767943919026,0.13424676129011232,128,128,128,128,,5000,5000,1.0,3021694564,20260901
B3_spatial_feature,1.0,stability,per_class,all,micro,bg_top20_fraction,0.5798475183438742,0.5310904687240586,0.6278481990116119,128,128,128,128,,5000,5000,1.0,3021694564,20260901
B3_spatial_feature,1.0,stability,per_class,all,micro,target_tail_enrich_20,0.7742867334176937,0.7233711980756218,0.8222911780465706,128,128,128,128,,5000,5000,1.0,3021694564,20260901
B3_spatial_feature,1.0,stability,per_class,all,micro,other_fg_tail_enrich_20,0.9450208943334909,0.8385130078381932,1.05759077550528,43,128,43,128,,5000,5000,1.0,3021694564,20260901
B3_spatial_feature,1.0,stability,per_class,all,micro,bg_tail_enrich_20,1.0315549692819683,0.9877240542634003,1.0747946208613945,124,128,124,128,,5000,5000,1.0,3021694564,20260901
B3_spatial_feature,1.0,stability,per_class,all,micro,auc_target_bg,0.4100888809424034,0.38647055794267493,0.43437095754759264,124,128,124,128,,5000,5000,1.0,3021694564,20260901
B3_spatial_feature,1.0,stability,per_class,all,micro,ap_target_bg,0.3535892796087274,0.3088886043805709,0.39935557370378383,124,128,124,128,,5000,5000,1.0,3021694564,20260901
B3_spatial_feature,1.0,stability,per_class,all,micro,auc_target_other,0.3876226549018022,0.3506106633335186,0.42666563352253123,43,128,43,128,,5000,5000,1.0,3021694564,20260901
B3_spatial_feature,1.0,stability,per_class,all,micro,ap_target_other,0.43066539058461456,0.34736791238999887,0.520863266641173,43,128,43,128,,5000,5000,1.0,3021694564,20260901
B3_spatial_feature,1.0,stability,per_class,all,micro,target_mean,0.4708506257074472,0.45820180379608244,0.4831277328190046,128,128,128,128,,5000,5000,1.0,3021694564,20260901
B3_spatial_feature,1.0,stability,per_class,all,micro,other_fg_mean,0.5147779696077559,0.4964200853801499,0.53256057788089,43,128,43,128,,5000,5000,1.0,3021694564,20260901
B3_spatial_feature,1.0,stability,per_class,all,micro,bg_mean,0.5344022040187937,0.5251935997621688,0.5427816163114739,124,128,124,128,,5000,5000,1.0,3021694564,20260901
B3_spatial_feature,1.0,stability,per_class,all,micro,target_median,0.4308551251888275,0.4160328878468135,0.44531031127553433,128,128,128,128,,5000,5000,1.0,3021694564,20260901
B3_spatial_feature,1.0,stability,per_class,all,micro,other_fg_median,0.4828825201406035,0.4609376806765795,0.5050291433368712,43,128,43,128,,5000,5000,1.0,3021694564,20260901
B3_spatial_feature,1.0,stability,per_class,all,micro,bg_median,0.5080304790528551,0.49778545590322865,0.5178676168689237,124,128,124,128,,5000,5000,1.0,3021694564,20260901
B3_spatial_feature,1.0,stability,per_class,all,micro,target_hit,0.2911392405063291,0.189873417721519,0.3924050632911392,79,79,79,79,,5000,5000,1.0,3021694564,20260901
B3_spatial_feature,1.0,stability,per_class,all,micro,other_fg_hit,0.0379746835443038,0.0,0.08860759493670886,79,79,79,79,,5000,5000,1.0,3021694564,20260901
B3_spatial_feature,1.0,stability,per_class,all,micro,background_hit,0.6708860759493671,0.569620253164557,0.7721518987341772,79,79,79,79,,5000,5000,1.0,3021694564,20260901
B3_spatial_feature,1.0,stability,per_class,all,micro,target_top05_fraction,0.27652808345679764,0.2266388559355747,0.33124058243145516,79,79,79,79,,5000,5000,1.0,3021694564,20260901
B3_spatial_feature,1.0,stability,per_class,all,micro,other_fg_top05_fraction,0.027759729441941303,0.01543039490574467,0.04315702483090888,79,79,79,79,,5000,5000,1.0,3021694564,20260901
B3_spatial_feature,1.0,stability,per_class,all,micro,bg_top05_fraction,0.6957121871012609,0.6418445830138035,0.7465209927231077,79,79,79,79,,5000,5000,1.0,3021694564,20260901
B3_spatial_feature,1.0,stability,per_class,all,micro,target_tail_enrich_05,0.8384261594327689,0.7527333653522171,0.920994997295972,77,79,77,79,,5000,5000,1.0,3021694564,20260901
B3_spatial_feature,1.0,stability,per_class,all,micro,other_fg_tail_enrich_05,0.5974212111658759,0.39625413543027926,0.8284762052706204,34,79,34,79,,5000,5000,1.0,3021694564,20260901
B3_spatial_feature,1.0,stability,per_class,all,micro,bg_tail_enrich_05,1.0355835965232145,0.991786730415451,1.0759604502600777,79,79,79,79,,5000,5000,1.0,3021694564,20260901
B3_spatial_feature,1.0,stability,per_class,all,micro,target_top10_fraction,0.28267588247719083,0.23146267691984707,0.33682250064653435,79,79,79,79,,5000,5000,1.0,3021694564,20260901
B3_spatial_feature,1.0,stability,per_class,all,micro,other_fg_top10_fraction,0.030406307952418353,0.017203714600995464,0.04732539086416645,79,79,79,79,,5000,5000,1.0,3021694564,20260901
B3_spatial_feature,1.0,stability,per_class,all,micro,bg_top10_fraction,0.6869178095703908,0.6323044603745427,0.7388715275426141,79,79,79,79,,5000,5000,1.0,3021694564,20260901
B3_spatial_feature,1.0,stability,per_class,all,micro,target_tail_enrich_10,0.849475390082385,0.7767946852134313,0.9185878351839828,77,79,77,79,,5000,5000,1.0,3021694564,20260901
B3_spatial_feature,1.0,stability,per_class,all,micro,other_fg_tail_enrich_10,0.6513636857837266,0.520498360204929,0.7904000610438823,34,79,34,79,,5000,5000,1.0,3021694564,20260901
B3_spatial_feature,1.0,stability,per_class,all,micro,bg_tail_enrich_10,1.0209055206858473,0.9801731091265578,1.0564294399685739,79,79,79,79,,5000,5000,1.0,3021694564,20260901
B3_spatial_feature,1.0,stability,per_class,all,micro,target_top20_fraction,0.2817513581696724,0.2323110364091039,0.3351537654764236,79,79,79,79,,5000,5000,1.0,3021694564,20260901
B3_spatial_feature,1.0,stability,per_class,all,micro,other_fg_top20_fraction,0.029198353231414533,0.016576083743417954,0.045013961200093454,79,79,79,79,,5000,5000,1.0,3021694564,20260901
B3_spatial_feature,1.0,stability,per_class,all,micro,bg_top20_fraction,0.6888869498279795,0.6358517214708759,0.7401554879735485,79,79,79,79,,5000,5000,1.0,3021694564,20260901
B3_spatial_feature,1.0,stability,per_class,all,micro,target_tail_enrich_20,0.8483960544505905,0.7932691123803631,0.8997854904504421,77,79,77,79,,5000,5000,1.0,3021694564,20260901
B3_spatial_feature,1.0,stability,per_class,all,micro,other_fg_tail_enrich_20,0.6130811376893197,0.5135360385986327,0.7143293721090421,34,79,34,79,,5000,5000,1.0,3021694564,20260901
B3_spatial_feature,1.0,stability,per_class,all,micro,bg_tail_enrich_20,1.0286802028021012,1.0004535522410363,1.053995132201798,79,79,79,79,,5000,5000,1.0,3021694564,20260901
B3_spatial_feature,1.0,stability,per_class,all,micro,auc_target_bg,0.4403098270967715,0.4194328297966598,0.4609529197560496,77,79,77,79,,5000,5000,1.0,3021694564,20260901
B3_spatial_feature,1.0,stability,per_class,all,micro,ap_target_bg,0.3094999755683113,0.2605340503763229,0.3607544223694535,77,79,77,79,,5000,5000,1.0,3021694564,20260901
B3_spatial_feature,1.0,stability,per_class,all,micro,auc_target_other,0.613419155830489,0.5742199200924052,0.6509968247387853,33,79,33,79,,5000,5000,1.0,3021694564,20260901
B3_spatial_feature,1.0,stability,per_class,all,micro,ap_target_other,0.7896014875556935,0.7258418886209921,0.840670262974611,33,79,33,79,,5000,5000,1.0,3021694564,20260901
B3_spatial_feature,1.0,stability,per_class,all,micro,target_mean,0.498254437543765,0.4861161198196504,0.509628996654484,77,79,77,79,,5000,5000,1.0,3021694564,20260901
B3_spatial_feature,1.0,stability,per_class,all,micro,other_fg_mean,0.4264195169068713,0.3990585466972229,0.4514764107260592,34,79,34,79,,5000,5000,1.0,3021694564,20260901
B3_spatial_feature,1.0,stability,per_class,all,micro,bg_mean,0.5388087895124419,0.5330339167507657,0.5439807670728759,79,79,79,79,,5000,5000,1.0,3021694564,20260901
B3_spatial_feature,1.0,stability,per_class,all,micro,target_median,0.4597633771308057,0.4453795219189726,0.47316990189931607,77,79,77,79,,5000,5000,1.0,3021694564,20260901
B3_spatial_feature,1.0,stability,per_class,all,micro,other_fg_median,0.37954443736987953,0.3521586755508775,0.4062101251729447,34,79,34,79,,5000,5000,1.0,3021694564,20260901
B3_spatial_feature,1.0,stability,per_class,all,micro,bg_median,0.5099077690628511,0.5028545511627122,0.5164392080865329,79,79,79,79,,5000,5000,1.0,3021694564,20260901
B3_spatial_feature,1.0,stability,per_class,all,micro,target_hit,0.2236842105263158,0.13157894736842105,0.3157894736842105,76,76,76,76,,5000,5000,1.0,3021694564,20260901
B3_spatial_feature,1.0,stability,per_class,all,micro,other_fg_hit,0.06578947368421052,0.013157894736842105,0.13157894736842105,76,76,76,76,,5000,5000,1.0,3021694564,20260901
B3_spatial_feature,1.0,stability,per_class,all,micro,background_hit,0.6973684210526315,0.5921052631578947,0.8026315789473685,76,76,76,76,,5000,5000,1.0,3021694564,20260901
B3_spatial_feature,1.0,stability,per_class,all,micro,target_top05_fraction,0.2508589902338883,0.2046964700792405,0.30145829760419024,76,76,76,76,,5000,5000,1.0,3021694564,20260901
B3_spatial_feature,1.0,stability,per_class,all,micro,other_fg_top05_fraction,0.09392325370205439,0.06401865813605058,0.12600989013731392,76,76,76,76,,5000,5000,1.0,3021694564,20260901
B3_spatial_feature,1.0,stability,per_class,all,micro,bg_top05_fraction,0.6545341137599164,0.6041301837299221,0.7025929786516188,76,76,76,76,,5000,5000,1.0,3021694564,20260901
B3_spatial_feature,1.0,stability,per_class,all,micro,target_tail_enrich_05,0.7384489624642185,0.6523189715417039,0.8234063261649065,75,76,75,76,,5000,5000,1.0,3021694564,20260901
B3_spatial_feature,1.0,stability,per_class,all,micro,other_fg_tail_enrich_05,0.8736352716789729,0.6867664998430646,1.0866995284685628,52,76,52,76,,5000,5000,1.0,3021694564,20260901
B3_spatial_feature,1.0,stability,per_class,all,micro,bg_tail_enrich_05,1.1109605763943844,1.0647846426065506,1.157840097987655,76,76,76,76,,5000,5000,1.0,3021694564,20260901
B3_spatial_feature,1.0,stability,per_class,all,micro,target_top10_fraction,0.25299022836221374,0.20801672726303108,0.3042001491604202,76,76,76,76,,5000,5000,1.0,3021694564,20260901
B3_spatial_feature,1.0,stability,per_class,all,micro,other_fg_top10_fraction,0.09493132562757761,0.0674463198124093,0.12307174677821528,76,76,76,76,,5000,5000,1.0,3021694564,20260901
B3_spatial_feature,1.0,stability,per_class,all,micro,bg_top10_fraction,0.651565743108309,0.6019451957766015,0.6994783166938936,76,76,76,76,,5000,5000,1.0,3021694564,20260901
B3_spatial_feature,1.0,stability,per_class,all,micro,target_tail_enrich_10,0.7383955355935835,0.664394780677258,0.8095680463428957,75,76,75,76,,5000,5000,1.0,3021694564,20260901
B3_spatial_feature,1.0,stability,per_class,all,micro,other_fg_tail_enrich_10,0.8970891014651852,0.7659666435789889,1.0353901874353169,52,76,52,76,,5000,5000,1.0,3021694564,20260901
B3_spatial_feature,1.0,stability,per_class,all,micro,bg_tail_enrich_10,1.1000381335750706,1.0643149740085143,1.1345111280832647,76,76,76,76,,5000,5000,1.0,3021694564,20260901
B3_spatial_feature,1.0,stability,per_class,all,micro,target_top20_fraction,0.25451228039105417,0.21103930002812968,0.3027692724603112,76,76,76,76,,5000,5000,1.0,3021694564,20260901
B3_spatial_feature,1.0,stability,per_class,all,micro,other_fg_top20_fraction,0.09437651408599192,0.06748124847164631,0.1225726720647857,76,76,76,76,,5000,5000,1.0,3021694564,20260901
B3_spatial_feature,1.0,stability,per_class,all,micro,bg_top20_fraction,0.6504287449546938,0.6027655107918382,0.6981193864430543,76,76,76,76,,5000,5000,1.0,3021694564,20260901
B3_spatial_feature,1.0,stability,per_class,all,micro,target_tail_enrich_20,0.7567877128907269,0.6927514579049936,0.8162546593558074,75,76,75,76,,5000,5000,1.0,3021694564,20260901
B3_spatial_feature,1.0,stability,per_class,all,micro,other_fg_tail_enrich_20,0.8644633783189939,0.7747582175059748,0.960876209878104,52,76,52,76,,5000,5000,1.0,3021694564,20260901
B3_spatial_feature,1.0,stability,per_class,all,micro,bg_tail_enrich_20,1.1012327319092499,1.0744551236036668,1.1284720978718839,76,76,76,76,,5000,5000,1.0,3021694564,20260901
B3_spatial_feature,1.0,stability,per_class,all,micro,auc_target_bg,0.3867083459472363,0.3607314164624572,0.41064491070909576,75,76,75,76,,5000,5000,1.0,3021694564,20260901
B3_spatial_feature,1.0,stability,per_class,all,micro,ap_target_bg,0.30612819637385946,0.26145541165287456,0.3537574232856328,75,76,75,76,,5000,5000,1.0,3021694564,20260901
B3_spatial_feature,1.0,stability,per_class,all,micro,auc_target_other,0.4256875881032003,0.38759440009486545,0.4617877450175756,51,76,51,76,,5000,5000,1.0,3021694564,20260901
B3_spatial_feature,1.0,stability,per_class,all,micro,ap_target_other,0.5900112613724642,0.525408059216785,0.6538612731645692,51,76,51,76,,5000,5000,1.0,3021694564,20260901
B3_spatial_feature,1.0,stability,per_class,all,micro,target_mean,0.47006767973479896,0.4527398740721242,0.48591573917094544,75,76,75,76,,5000,5000,1.0,3021694564,20260901
B3_spatial_feature,1.0,stability,per_class,all,micro,other_fg_mean,0.5012185254148507,0.4859093127694674,0.5160117871544846,52,76,52,76,,5000,5000,1.0,3021694564,20260901
B3_spatial_feature,1.0,stability,per_class,all,micro,bg_mean,0.5497406311991943,0.5449646550763475,0.5545618226094478,76,76,76,76,,5000,5000,1.0,3021694564,20260901
B3_spatial_feature,1.0,stability,per_class,all,micro,target_median,0.428195115228494,0.410633555750824,0.44502240861032727,75,76,75,76,,5000,5000,1.0,3021694564,20260901
B3_spatial_feature,1.0,stability,per_class,all,micro,other_fg_median,0.4633458708054744,0.4458552897635366,0.4795004804244246,52,76,52,76,,5000,5000,1.0,3021694564,20260901
B3_spatial_feature,1.0,stability,per_class,all,micro,bg_median,0.5260012334114627,0.5199294145219028,0.5322089431023127,76,76,76,76,,5000,5000,1.0,3021694564,20260901
B3_spatial_feature,1.0,stability,per_class,all,micro,target_hit,0.17303370786516853,0.1393258426966292,0.21123595505617979,445,445,445,445,,5000,5000,1.0,3021694564,20260901
B3_spatial_feature,1.0,stability,per_class,all,micro,other_fg_hit,0.22696629213483147,0.18876404494382024,0.2651685393258427,445,445,445,445,,5000,5000,1.0,3021694564,20260901
B3_spatial_feature,1.0,stability,per_class,all,micro,background_hit,0.6,0.550561797752809,0.6449438202247191,445,445,445,445,,5000,5000,1.0,3021694564,20260901
B3_spatial_feature,1.0,stability,per_class,all,micro,target_top05_fraction,0.1747153720341854,0.15465351326345134,0.19517746658975121,445,445,445,445,,5000,5000,1.0,3021694564,20260901
B3_spatial_feature,1.0,stability,per_class,all,micro,other_fg_top05_fraction,0.21894010142517226,0.19572731415872377,0.24117300837350383,445,445,445,445,,5000,5000,1.0,3021694564,20260901
B3_spatial_feature,1.0,stability,per_class,all,micro,bg_top05_fraction,0.6061730303845219,0.5811814656195233,0.6310074711650523,445,445,445,445,,5000,5000,1.0,3021694564,20260901
B3_spatial_feature,1.0,stability,per_class,all,micro,target_tail_enrich_05,0.5655593997613343,0.5111262485472404,0.6327297193307125,413,445,413,445,,5000,5000,1.0,3021694564,20260901
B3_spatial_feature,1.0,stability,per_class,all,micro,other_fg_tail_enrich_05,1.008549026473807,0.9385550510762177,1.0876568126003425,373,445,373,445,,5000,5000,1.0,3021694564,20260901
B3_spatial_feature,1.0,stability,per_class,all,micro,bg_tail_enrich_05,1.070700144046815,1.0461215504232624,1.096271317822472,441,445,441,445,,5000,5000,1.0,3021694564,20260901
B3_spatial_feature,1.0,stability,per_class,all,micro,target_top10_fraction,0.1765124949696315,0.15668345509738765,0.1969566922386037,445,445,445,445,,5000,5000,1.0,3021694564,20260901
B3_spatial_feature,1.0,stability,per_class,all,micro,other_fg_top10_fraction,0.21740037636574597,0.19481036079211808,0.23970277123386416,445,445,445,445,,5000,5000,1.0,3021694564,20260901
B3_spatial_feature,1.0,stability,per_class,all,micro,bg_top10_fraction,0.6056747759009574,0.5809478768837031,0.6304347014249323,445,445,445,445,,5000,5000,1.0,3021694564,20260901
B3_spatial_feature,1.0,stability,per_class,all,micro,target_tail_enrich_10,0.5685800039968149,0.5276091334987381,0.6118724948272946,413,445,413,445,,5000,5000,1.0,3021694564,20260901
B3_spatial_feature,1.0,stability,per_class,all,micro,other_fg_tail_enrich_10,0.9984170388560978,0.9455948485749393,1.0539828502722834,373,445,373,445,,5000,5000,1.0,3021694564,20260901
B3_spatial_feature,1.0,stability,per_class,all,micro,bg_tail_enrich_10,1.0672889600039166,1.0482201145271743,1.0859633607073291,441,445,441,445,,5000,5000,1.0,3021694564,20260901
B3_spatial_feature,1.0,stability,per_class,all,micro,target_top20_fraction,0.17555232025529993,0.1559008582147095,0.19527452207098392,445,445,445,445,,5000,5000,1.0,3021694564,20260901
B3_spatial_feature,1.0,stability,per_class,all,micro,other_fg_top20_fraction,0.2154367349258351,0.19314527345873075,0.2375430422011079,445,445,445,445,,5000,5000,1.0,3021694564,20260901
B3_spatial_feature,1.0,stability,per_class,all,micro,bg_top20_fraction,0.6084938852741356,0.5840372073250192,0.6331213109384368,445,445,445,445,,5000,5000,1.0,3021694564,20260901
B3_spatial_feature,1.0,stability,per_class,all,micro,target_tail_enrich_20,0.5852256429277485,0.550197881357322,0.6213662793796911,413,445,413,445,,5000,5000,1.0,3021694564,20260901
B3_spatial_feature,1.0,stability,per_class,all,micro,other_fg_tail_enrich_20,1.000131297481623,0.9586884254418859,1.0412781222964096,373,445,373,445,,5000,5000,1.0,3021694564,20260901
B3_spatial_feature,1.0,stability,per_class,all,micro,bg_tail_enrich_20,1.0727872886881726,1.0564226612974716,1.0895747631441344,441,445,441,445,,5000,5000,1.0,3021694564,20260901
B3_spatial_feature,1.0,stability,per_class,all,micro,auc_target_bg,0.32464419743738215,0.3120367166225652,0.337526962394675,409,445,409,445,,5000,5000,1.0,3021694564,20260901
B3_spatial_feature,1.0,stability,per_class,all,micro,ap_target_bg,0.26011142905628665,0.23705665752662314,0.2836678163721511,409,445,409,445,,5000,5000,1.0,3021694564,20260901
B3_spatial_feature,1.0,stability,per_class,all,micro,auc_target_other,0.34008012383029873,0.3220700581005139,0.357517701564474,343,445,343,445,,5000,5000,1.0,3021694564,20260901
B3_spatial_feature,1.0,stability,per_class,all,micro,ap_target_other,0.4306727574050251,0.3962815833710873,0.4645250489041918,343,445,343,445,,5000,5000,1.0,3021694564,20260901
B3_spatial_feature,1.0,stability,per_class,all,micro,target_mean,0.41473343744872154,0.4045974530035553,0.4247383935608102,413,445,413,445,,5000,5000,1.0,3021694564,20260901
B3_spatial_feature,1.0,stability,per_class,all,micro,other_fg_mean,0.5231968103228885,0.5158293156606734,0.5307699557281651,373,445,373,445,,5000,5000,1.0,3021694564,20260901
B3_spatial_feature,1.0,stability,per_class,all,micro,bg_mean,0.5424846283524881,0.5398999129255101,0.5452345085007811,441,445,441,445,,5000,5000,1.0,3021694564,20260901
B3_spatial_feature,1.0,stability,per_class,all,micro,target_median,0.3672763771415839,0.35647983960736157,0.37769593562103243,413,445,413,445,,5000,5000,1.0,3021694564,20260901
B3_spatial_feature,1.0,stability,per_class,all,micro,other_fg_median,0.4970131788312909,0.4883314628010272,0.5058612703925742,373,445,373,445,,5000,5000,1.0,3021694564,20260901
B3_spatial_feature,1.0,stability,per_class,all,micro,bg_median,0.5176039510438232,0.5142612088271666,0.5210634495328593,441,445,441,445,,5000,5000,1.0,3021694564,20260901
B3_spatial_feature,1.0,stability,per_class,all,micro,target_hit,0.09411764705882353,0.03529411764705882,0.15294117647058825,85,85,85,85,,5000,5000,1.0,3021694564,20260901
B3_spatial_feature,1.0,stability,per_class,all,micro,other_fg_hit,0.2,0.11764705882352941,0.29411764705882354,85,85,85,85,,5000,5000,1.0,3021694564,20260901
B3_spatial_feature,1.0,stability,per_class,all,micro,background_hit,0.7058823529411765,0.6,0.8,85,85,85,85,,5000,5000,1.0,3021694564,20260901
B3_spatial_feature,1.0,stability,per_class,all,micro,target_top05_fraction,0.10797203903843948,0.07061633003035044,0.15067237529686803,85,85,85,85,,5000,5000,1.0,3021694564,20260901
B3_spatial_feature,1.0,stability,per_class,all,micro,other_fg_top05_fraction,0.2070945281578591,0.1600402360804439,0.25842479279665703,85,85,85,85,,5000,5000,1.0,3021694564,20260901
B3_spatial_feature,1.0,stability,per_class,all,micro,bg_top05_fraction,0.6846317736785128,0.6330567249368583,0.7331706429361072,85,85,85,85,,5000,5000,1.0,3021694564,20260901
B3_spatial_feature,1.0,stability,per_class,all,micro,target_tail_enrich_05,0.5697586311221114,0.4323119822634682,0.7128654410747286,68,85,68,85,,5000,5000,1.0,3021694564,20260901
B3_spatial_feature,1.0,stability,per_class,all,micro,other_fg_tail_enrich_05,1.041841292714071,0.9197794057251883,1.156540285522024,60,85,60,85,,5000,5000,1.0,3021694564,20260901
B3_spatial_feature,1.0,stability,per_class,all,micro,bg_tail_enrich_05,0.9778965231597316,0.9474668787154302,1.007322713237607,85,85,85,85,,5000,5000,1.0,3021694564,20260901
B3_spatial_feature,1.0,stability,per_class,all,micro,target_top10_fraction,0.10616899518475083,0.07048841507088421,0.1472382673255349,85,85,85,85,,5000,5000,1.0,3021694564,20260901
B3_spatial_feature,1.0,stability,per_class,all,micro,other_fg_top10_fraction,0.2037148027269902,0.15641599647449064,0.25556591194768047,85,85,85,85,,5000,5000,1.0,3021694564,20260901
B3_spatial_feature,1.0,stability,per_class,all,micro,bg_top10_fraction,0.6898044311882527,0.6387749477228957,0.7387798756259869,85,85,85,85,,5000,5000,1.0,3021694564,20260901
B3_spatial_feature,1.0,stability,per_class,all,micro,target_tail_enrich_10,0.5831166076550621,0.46809960451784044,0.7044031661569072,68,85,68,85,,5000,5000,1.0,3021694564,20260901
B3_spatial_feature,1.0,stability,per_class,all,micro,other_fg_tail_enrich_10,0.987411225934031,0.8895441808110853,1.0777346570105633,60,85,60,85,,5000,5000,1.0,3021694564,20260901
B3_spatial_feature,1.0,stability,per_class,all,micro,bg_tail_enrich_10,0.9860853982478741,0.9569563327404732,1.012928340071142,85,85,85,85,,5000,5000,1.0,3021694564,20260901
B3_spatial_feature,1.0,stability,per_class,all,micro,target_top20_fraction,0.10684074060005043,0.07123154965039077,0.14827038636575704,85,85,85,85,,5000,5000,1.0,3021694564,20260901
B3_spatial_feature,1.0,stability,per_class,all,micro,other_fg_top20_fraction,0.20433826861121748,0.157298656692181,0.2559897439295744,85,85,85,85,,5000,5000,1.0,3021694564,20260901
B3_spatial_feature,1.0,stability,per_class,all,micro,bg_top20_fraction,0.6884909534707747,0.6371931904811192,0.7363745625800532,85,85,85,85,,5000,5000,1.0,3021694564,20260901
B3_spatial_feature,1.0,stability,per_class,all,micro,target_tail_enrich_20,0.631174694778604,0.5191140045812144,0.7454643248607574,68,85,68,85,,5000,5000,1.0,3021694564,20260901
B3_spatial_feature,1.0,stability,per_class,all,micro,other_fg_tail_enrich_20,1.023828612325159,0.9472098507080452,1.0946085149993008,60,85,60,85,,5000,5000,1.0,3021694564,20260901
B3_spatial_feature,1.0,stability,per_class,all,micro,bg_tail_enrich_20,0.9822428044270486,0.9560262157049061,1.0060261541781041,85,85,85,85,,5000,5000,1.0,3021694564,20260901
B3_spatial_feature,1.0,stability,per_class,all,micro,auc_target_bg,0.35468315071541956,0.31795988007406517,0.39040191217898634,68,85,68,85,,5000,5000,1.0,3021694564,20260901
B3_spatial_feature,1.0,stability,per_class,all,micro,ap_target_bg,0.15913633984056805,0.11511520511405483,0.20904808601269265,68,85,68,85,,5000,5000,1.0,3021694564,20260901
B3_spatial_feature,1.0,stability,per_class,all,micro,auc_target_other,0.30080850043667384,0.25199521286097776,0.35258295120223354,44,85,44,85,,5000,5000,1.0,3021694564,20260901
B3_spatial_feature,1.0,stability,per_class,all,micro,ap_target_other,0.21386493073724244,0.13633145198693994,0.2964043667497155,44,85,44,85,,5000,5000,1.0,3021694564,20260901
B3_spatial_feature,1.0,stability,per_class,all,micro,target_mean,0.4265735079364244,0.4009315678244306,0.451329839406245,68,85,68,85,,5000,5000,1.0,3021694564,20260901
B3_spatial_feature,1.0,stability,per_class,all,micro,other_fg_mean,0.5347163329076436,0.5172463623600455,0.5494635761229527,60,85,60,85,,5000,5000,1.0,3021694564,20260901
B3_spatial_feature,1.0,stability,per_class,all,micro,bg_mean,0.5269969840776161,0.5218817269473253,0.5315798285969365,85,85,85,85,,5000,5000,1.0,3021694564,20260901
B3_spatial_feature,1.0,stability,per_class,all,micro,target_median,0.38518397718229713,0.35854176589918824,0.4109974654106837,68,85,68,85,,5000,5000,1.0,3021694564,20260901
B3_spatial_feature,1.0,stability,per_class,all,micro,other_fg_median,0.5100584591428439,0.4898139458760375,0.5281707620921039,60,85,60,85,,5000,5000,1.0,3021694564,20260901
B3_spatial_feature,1.0,stability,per_class,all,micro,bg_median,0.4964280342354494,0.490813272030038,0.5016257446960491,85,85,85,85,,5000,5000,1.0,3021694564,20260901
B3_spatial_feature,1.0,stability,per_class,all,micro,target_hit,0.21052631578947367,0.10526315789473684,0.3157894736842105,57,57,57,57,,5000,5000,1.0,3021694564,20260901
B3_spatial_feature,1.0,stability,per_class,all,micro,other_fg_hit,0.03508771929824561,0.0,0.08771929824561403,57,57,57,57,,5000,5000,1.0,3021694564,20260901
B3_spatial_feature,1.0,stability,per_class,all,micro,background_hit,0.7543859649122807,0.631578947368421,0.8596491228070176,57,57,57,57,,5000,5000,1.0,3021694564,20260901
B3_spatial_feature,1.0,stability,per_class,all,micro,target_top05_fraction,0.2552575017256458,0.19949855752833598,0.31656418162477723,57,57,57,57,,5000,5000,1.0,3021694564,20260901
B3_spatial_feature,1.0,stability,per_class,all,micro,other_fg_top05_fraction,0.012796836896559888,0.0008996851102114259,0.03067215948102375,57,57,57,57,,5000,5000,1.0,3021694564,20260901
B3_spatial_feature,1.0,stability,per_class,all,micro,bg_top05_fraction,0.7319456613777947,0.672900524074347,0.7879175500574394,57,57,57,57,,5000,5000,1.0,3021694564,20260901
B3_spatial_feature,1.0,stability,per_class,all,micro,target_tail_enrich_05,0.710564424828063,0.6008532566326246,0.8218217702064878,57,57,57,57,,5000,5000,1.0,3021694564,20260901
B3_spatial_feature,1.0,stability,per_class,all,micro,other_fg_tail_enrich_05,0.805468601938701,0.3320175438533657,1.1331477732678832,5,57,5,57,,5000,4971,0.9942,3021694564,20260901
B3_spatial_feature,1.0,stability,per_class,all,micro,bg_tail_enrich_05,1.0402156566021767,1.006441184063059,1.0758730189021057,57,57,57,57,,5000,5000,1.0,3021694564,20260901
B3_spatial_feature,1.0,stability,per_class,all,micro,target_top10_fraction,0.24869213814864088,0.19402513552734463,0.3074934384540348,57,57,57,57,,5000,5000,1.0,3021694564,20260901
B3_spatial_feature,1.0,stability,per_class,all,micro,other_fg_top10_fraction,0.014406645985593353,0.0009113693324219641,0.03481513869325504,57,57,57,57,,5000,5000,1.0,3021694564,20260901
B3_spatial_feature,1.0,stability,per_class,all,micro,bg_top10_fraction,0.7355516142496753,0.6785645937176321,0.7895591588954347,57,57,57,57,,5000,5000,1.0,3021694564,20260901
B3_spatial_feature,1.0,stability,per_class,all,micro,target_tail_enrich_10,0.7107933466773511,0.6112623553689966,0.8081325511003455,57,57,57,57,,5000,5000,1.0,3021694564,20260901
B3_spatial_feature,1.0,stability,per_class,all,micro,other_fg_tail_enrich_10,0.8722875239645221,0.3395413097485275,1.2621862348074941,5,57,5,57,,5000,4971,0.9942,3021694564,20260901
B3_spatial_feature,1.0,stability,per_class,all,micro,bg_tail_enrich_10,1.0507027688800896,1.023828647215777,1.075905476487214,57,57,57,57,,5000,5000,1.0,3021694564,20260901
B3_spatial_feature,1.0,stability,per_class,all,micro,target_top20_fraction,0.2540736974041885,0.19851175743750876,0.3125356520200655,57,57,57,57,,5000,5000,1.0,3021694564,20260901
B3_spatial_feature,1.0,stability,per_class,all,micro,other_fg_top20_fraction,0.013188805847627003,0.0008079409048938135,0.03152852880035234,57,57,57,57,,5000,5000,1.0,3021694564,20260901
B3_spatial_feature,1.0,stability,per_class,all,micro,bg_top20_fraction,0.7319458239854922,0.6747012650175376,0.7864152405214558,57,57,57,57,,5000,5000,1.0,3021694564,20260901
B3_spatial_feature,1.0,stability,per_class,all,micro,target_tail_enrich_20,0.7305319407134483,0.6404490509612154,0.8156670674466062,57,57,57,57,,5000,5000,1.0,3021694564,20260901
B3_spatial_feature,1.0,stability,per_class,all,micro,other_fg_tail_enrich_20,0.804939094466787,0.31966377992765194,1.1521480726737654,5,57,5,57,,5000,4971,0.9942,3021694564,20260901
B3_spatial_feature,1.0,stability,per_class,all,micro,bg_tail_enrich_20,1.0438484434154471,1.0229853825185162,1.0655769627812894,57,57,57,57,,5000,5000,1.0,3021694564,20260901
B3_spatial_feature,1.0,stability,per_class,all,micro,auc_target_bg,0.3905632254429807,0.35960302312936554,0.4195561425078596,57,57,57,57,,5000,5000,1.0,3021694564,20260901
B3_spatial_feature,1.0,stability,per_class,all,micro,ap_target_bg,0.27083012449947064,0.2166225035211557,0.32717688378572973,57,57,57,57,,5000,5000,1.0,3021694564,20260901
B3_spatial_feature,1.0,stability,per_class,all,micro,auc_target_other,0.44654976263593527,0.16860874555974376,0.7402690863579473,5,57,5,57,,5000,4971,0.9942,3021694564,20260901
B3_spatial_feature,1.0,stability,per_class,all,micro,ap_target_other,0.5162123844376703,0.20331716595768232,0.8569595015054232,5,57,5,57,,5000,4971,0.9942,3021694564,20260901
B3_spatial_feature,1.0,stability,per_class,all,micro,target_mean,0.4647543820140329,0.4421860056242898,0.48534390188122756,57,57,57,57,,5000,5000,1.0,3021694564,20260901
B3_spatial_feature,1.0,stability,per_class,all,micro,other_fg_mean,0.4718805438606365,0.3417624591953225,0.5474162481509702,5,57,5,57,,5000,4971,0.9942,3021694564,20260901
B3_spatial_feature,1.0,stability,per_class,all,micro,bg_mean,0.5411230732251676,0.5378633322712191,0.5443889380430128,57,57,57,57,,5000,5000,1.0,3021694564,20260901
B3_spatial_feature,1.0,stability,per_class,all,micro,target_median,0.42244457205136615,0.39780418447365884,0.4444980921713929,57,57,57,57,,5000,5000,1.0,3021694564,20260901
B3_spatial_feature,1.0,stability,per_class,all,micro,other_fg_median,0.4556357979774475,0.3429238597551982,0.5316286832094193,5,57,5,57,,5000,4971,0.9942,3021694564,20260901
B3_spatial_feature,1.0,stability,per_class,all,micro,bg_median,0.5117714036452142,0.5075508319168237,0.5160267774211733,57,57,57,57,,5000,5000,1.0,3021694564,20260901
B3_spatial_feature,1.0,stability,per_class,all,micro,target_hit,0.2111111111111111,0.13333333333333333,0.3,90,90,90,90,,5000,5000,1.0,3021694564,20260901
B3_spatial_feature,1.0,stability,per_class,all,micro,other_fg_hit,0.16666666666666666,0.08888888888888889,0.24444444444444444,90,90,90,90,,5000,5000,1.0,3021694564,20260901
B3_spatial_feature,1.0,stability,per_class,all,micro,background_hit,0.6222222222222222,0.5219444444444445,0.7222222222222222,90,90,90,90,,5000,5000,1.0,3021694564,20260901
B3_spatial_feature,1.0,stability,per_class,all,micro,target_top05_fraction,0.19314883674855296,0.1482106141885231,0.24231405626635885,90,90,90,90,,5000,5000,1.0,3021694564,20260901
B3_spatial_feature,1.0,stability,per_class,all,micro,other_fg_top05_fraction,0.1591798469610647,0.11685899395484017,0.2049878765621799,90,90,90,90,,5000,5000,1.0,3021694564,20260901
B3_spatial_feature,1.0,stability,per_class,all,micro,bg_top05_fraction,0.647115760734827,0.582317506321344,0.7065906032068796,90,90,90,90,,5000,5000,1.0,3021694564,20260901
B3_spatial_feature,1.0,stability,per_class,all,micro,target_tail_enrich_05,0.6611324252369878,0.5810027487468715,0.7433254614000214,88,90,88,90,,5000,5000,1.0,3021694564,20260901
B3_spatial_feature,1.0,stability,per_class,all,micro,other_fg_tail_enrich_05,0.8494315632011652,0.7068684454680215,0.992380338591757,63,90,63,90,,5000,5000,1.0,3021694564,20260901
B3_spatial_feature,1.0,stability,per_class,all,micro,bg_tail_enrich_05,1.1034194411087546,1.0580646137535576,1.151038934736341,85,90,85,90,,5000,5000,1.0,3021694564,20260901
B3_spatial_feature,1.0,stability,per_class,all,micro,target_top10_fraction,0.19800957785587422,0.15361252220913466,0.2474129564400681,90,90,90,90,,5000,5000,1.0,3021694564,20260901
B3_spatial_feature,1.0,stability,per_class,all,micro,other_fg_top10_fraction,0.16261364108528198,0.12027470413684892,0.2083832460048978,90,90,90,90,,5000,5000,1.0,3021694564,20260901
B3_spatial_feature,1.0,stability,per_class,all,micro,bg_top10_fraction,0.6385199923273048,0.5736472872513129,0.6981995796347078,90,90,90,90,,5000,5000,1.0,3021694564,20260901
B3_spatial_feature,1.0,stability,per_class,all,micro,target_tail_enrich_10,0.6608147083064334,0.5950388983520275,0.7285342409363967,88,90,88,90,,5000,5000,1.0,3021694564,20260901
B3_spatial_feature,1.0,stability,per_class,all,micro,other_fg_tail_enrich_10,0.8850871561375137,0.772136636099952,0.9930908793632042,63,90,63,90,,5000,5000,1.0,3021694564,20260901
B3_spatial_feature,1.0,stability,per_class,all,micro,bg_tail_enrich_10,1.0804977400701785,1.047193596609709,1.1136860324907067,85,90,85,90,,5000,5000,1.0,3021694564,20260901
B3_spatial_feature,1.0,stability,per_class,all,micro,target_top20_fraction,0.20557712974866937,0.16043839880053687,0.2558126519562016,90,90,90,90,,5000,5000,1.0,3021694564,20260901
B3_spatial_feature,1.0,stability,per_class,all,micro,other_fg_top20_fraction,0.1646967526005879,0.1222754701927925,0.21082151225636386,90,90,90,90,,5000,5000,1.0,3021694564,20260901
B3_spatial_feature,1.0,stability,per_class,all,micro,bg_top20_fraction,0.6292251240136166,0.5652348538317323,0.6875888005857536,90,90,90,90,,5000,5000,1.0,3021694564,20260901
B3_spatial_feature,1.0,stability,per_class,all,micro,target_tail_enrich_20,0.7051151063244119,0.6480654278243108,0.7623184153077891,88,90,88,90,,5000,5000,1.0,3021694564,20260901
B3_spatial_feature,1.0,stability,per_class,all,micro,other_fg_tail_enrich_20,0.9043070247590341,0.8054790744266949,1.0028309539160116,63,90,63,90,,5000,5000,1.0,3021694564,20260901
B3_spatial_feature,1.0,stability,per_class,all,micro,bg_tail_enrich_20,1.0606092308994572,1.0314310696696831,1.0884306494618639,85,90,85,90,,5000,5000,1.0,3021694564,20260901
B3_spatial_feature,1.0,stability,per_class,all,micro,auc_target_bg,0.37214215577957,0.3514702145093226,0.3927416911704973,83,90,83,90,,5000,5000,1.0,3021694564,20260901
B3_spatial_feature,1.0,stability,per_class,all,micro,ap_target_bg,0.2430458999051463,0.19702404041748964,0.2930198896001333,83,90,83,90,,5000,5000,1.0,3021694564,20260901
B3_spatial_feature,1.0,stability,per_class,all,micro,auc_target_other,0.44315870379925765,0.40973943375173383,0.47962818937731494,61,90,61,90,,5000,5000,1.0,3021694564,20260901
B3_spatial_feature,1.0,stability,per_class,all,micro,ap_target_other,0.48852025764129847,0.4109064492516352,0.5708645066635412,61,90,61,90,,5000,5000,1.0,3021694564,20260901
B3_spatial_feature,1.0,stability,per_class,all,micro,target_mean,0.4577045982695671,0.4453531795985004,0.4696806482381973,88,90,88,90,,5000,5000,1.0,3021694564,20260901
B3_spatial_feature,1.0,stability,per_class,all,micro,other_fg_mean,0.49452230195308905,0.4721516697616016,0.5139720173124578,63,90,63,90,,5000,5000,1.0,3021694564,20260901
B3_spatial_feature,1.0,stability,per_class,all,micro,bg_mean,0.5441615265368772,0.5391020420211775,0.5491526078227362,85,90,85,90,,5000,5000,1.0,3021694564,20260901
B3_spatial_feature,1.0,stability,per_class,all,micro,target_median,0.4121624654666944,0.3976597797236519,0.426243867244515,88,90,88,90,,5000,5000,1.0,3021694564,20260901
B3_spatial_feature,1.0,stability,per_class,all,micro,other_fg_median,0.460982830160194,0.43650117235822544,0.4829526195319875,63,90,63,90,,5000,5000,1.0,3021694564,20260901
B3_spatial_feature,1.0,stability,per_class,all,micro,bg_median,0.5183797357713475,0.5121000613607476,0.5245386074070888,85,90,85,90,,5000,5000,1.0,3021694564,20260901
B3_spatial_feature,1.0,stability,per_class,all,micro,target_hit,0.4523809523809524,0.34523809523809523,0.5595238095238095,84,84,84,84,,5000,5000,1.0,3021694564,20260901
B3_spatial_feature,1.0,stability,per_class,all,micro,other_fg_hit,0.011904761904761904,0.0,0.03571428571428571,84,84,84,84,,5000,5000,1.0,3021694564,20260901
B3_spatial_feature,1.0,stability,per_class,all,micro,background_hit,0.5357142857142857,0.42857142857142855,0.6428571428571429,84,84,84,84,,5000,5000,1.0,3021694564,20260901
B3_spatial_feature,1.0,stability,per_class,all,micro,target_top05_fraction,0.4177121634358475,0.36219601822397873,0.47613884850726945,84,84,84,84,,5000,5000,1.0,3021694564,20260901
B3_spatial_feature,1.0,stability,per_class,all,micro,other_fg_top05_fraction,0.012489824989824991,0.0006105006105006105,0.028668091168091173,84,84,84,84,,5000,5000,1.0,3021694564,20260901
B3_spatial_feature,1.0,stability,per_class,all,micro,bg_top05_fraction,0.5694927612690771,0.5144801224735437,0.6245942977028505,84,84,84,84,,5000,5000,1.0,3021694564,20260901
B3_spatial_feature,1.0,stability,per_class,all,micro,target_tail_enrich_05,0.9983615605981119,0.9210848503917731,1.0699012615221142,84,84,84,84,,5000,5000,1.0,3021694564,20260901
B3_spatial_feature,1.0,stability,per_class,all,micro,other_fg_tail_enrich_05,0.47334165126872796,0.12631093202889931,0.8423671962745015,10,84,10,84,,5000,5000,1.0,3021694564,20260901
B3_spatial_feature,1.0,stability,per_class,all,micro,bg_tail_enrich_05,0.9307713029535213,0.8869113181354437,0.9742698895775753,83,84,83,84,,5000,5000,1.0,3021694564,20260901
B3_spatial_feature,1.0,stability,per_class,all,micro,target_top10_fraction,0.41634394624451154,0.3605225628654073,0.4724783782286874,84,84,84,84,,5000,5000,1.0,3021694564,20260901
B3_spatial_feature,1.0,stability,per_class,all,micro,other_fg_top10_fraction,0.01104422217430212,0.0010942064958137578,0.024496781699643456,84,84,84,84,,5000,5000,1.0,3021694564,20260901
B3_spatial_feature,1.0,stability,per_class,all,micro,bg_top10_fraction,0.5719993488258464,0.5186050784901791,0.6260882590511612,84,84,84,84,,5000,5000,1.0,3021694564,20260901
B3_spatial_feature,1.0,stability,per_class,all,micro,target_tail_enrich_10,1.0001183970068777,0.9286763286929556,1.0638119083482658,84,84,84,84,,5000,5000,1.0,3021694564,20260901
B3_spatial_feature,1.0,stability,per_class,all,micro,other_fg_tail_enrich_10,0.5701022373208067,0.2931671985399372,0.8388100111744594,10,84,10,84,,5000,5000,1.0,3021694564,20260901
B3_spatial_feature,1.0,stability,per_class,all,micro,bg_tail_enrich_10,0.9391162560615525,0.9002689315057714,0.9785945041696416,83,84,83,84,,5000,5000,1.0,3021694564,20260901
B3_spatial_feature,1.0,stability,per_class,all,micro,target_top20_fraction,0.4145740922800871,0.36090137419948665,0.46896157929145177,84,84,84,84,,5000,5000,1.0,3021694564,20260901
B3_spatial_feature,1.0,stability,per_class,all,micro,other_fg_top20_fraction,0.01177427301058738,0.0010006464184305283,0.025694694550954043,84,84,84,84,,5000,5000,1.0,3021694564,20260901
B3_spatial_feature,1.0,stability,per_class,all,micro,bg_top20_fraction,0.5731154453450572,0.521313621349128,0.6255338434688988,84,84,84,84,,5000,5000,1.0,3021694564,20260901
B3_spatial_feature,1.0,stability,per_class,all,micro,target_tail_enrich_20,1.0182961875313001,0.958606094384711,1.0721237996028854,84,84,84,84,,5000,5000,1.0,3021694564,20260901
B3_spatial_feature,1.0,stability,per_class,all,micro,other_fg_tail_enrich_20,0.534213914164299,0.268716077482981,0.8014934886076788,10,84,10,84,,5000,5000,1.0,3021694564,20260901
B3_spatial_feature,1.0,stability,per_class,all,micro,bg_tail_enrich_20,0.9433147720790626,0.9135589509684758,0.9727142807446556,83,84,83,84,,5000,5000,1.0,3021694564,20260901
B3_spatial_feature,1.0,stability,per_class,all,micro,auc_target_bg,0.5160403800899203,0.4950254173287579,0.5357297335686607,83,84,83,84,,5000,5000,1.0,3021694564,20260901
B3_spatial_feature,1.0,stability,per_class,all,micro,ap_target_bg,0.4088042119240024,0.35849687225913107,0.4591790797774506,83,84,83,84,,5000,5000,1.0,3021694564,20260901
B3_spatial_feature,1.0,stability,per_class,all,micro,auc_target_other,0.55221595880198,0.4422826901192491,0.6660915484513638,10,84,10,84,,5000,5000,1.0,3021694564,20260901
B3_spatial_feature,1.0,stability,per_class,all,micro,ap_target_other,0.7259527320556738,0.4819029360704651,0.9556327697807802,10,84,10,84,,5000,5000,1.0,3021694564,20260901
B3_spatial_feature,1.0,stability,per_class,all,micro,target_mean,0.5291563263580965,0.5183966597168099,0.5385888540755368,84,84,84,84,,5000,5000,1.0,3021694564,20260901
B3_spatial_feature,1.0,stability,per_class,all,micro,other_fg_mean,0.43558696051168677,0.35424957392124395,0.5038047111667636,10,84,10,84,,5000,5000,1.0,3021694564,20260901
B3_spatial_feature,1.0,stability,per_class,all,micro,bg_mean,0.517664351138141,0.5118987886231677,0.5233607768661108,83,84,83,84,,5000,5000,1.0,3021694564,20260901
B3_spatial_feature,1.0,stability,per_class,all,micro,target_median,0.501079029093186,0.48813185797826875,0.512674479625587,84,84,84,84,,5000,5000,1.0,3021694564,20260901
B3_spatial_feature,1.0,stability,per_class,all,micro,other_fg_median,0.4018610529601574,0.3170300891622901,0.4803466222279675,10,84,10,84,,5000,5000,1.0,3021694564,20260901
B3_spatial_feature,1.0,stability,per_class,all,micro,bg_median,0.4853852612067418,0.4776716105114162,0.4927585329116673,83,84,83,84,,5000,5000,1.0,3021694564,20260901
B3_spatial_feature,1.0,stability,per_class,all,micro,target_hit,0.14864864864864866,0.06756756756756757,0.22972972972972974,74,74,74,74,,5000,5000,1.0,3021694564,20260901
B3_spatial_feature,1.0,stability,per_class,all,micro,other_fg_hit,0.10810810810810811,0.04054054054054054,0.17567567567567569,74,74,74,74,,5000,5000,1.0,3021694564,20260901
B3_spatial_feature,1.0,stability,per_class,all,micro,background_hit,0.7432432432432432,0.6486486486486487,0.8378378378378378,74,74,74,74,,5000,5000,1.0,3021694564,20260901
B3_spatial_feature,1.0,stability,per_class,all,micro,target_top05_fraction,0.16032529137081056,0.1124004409130654,0.2147289688336985,74,74,74,74,,5000,5000,1.0,3021694564,20260901
B3_spatial_feature,1.0,stability,per_class,all,micro,other_fg_top05_fraction,0.12731222441393136,0.08305561952832578,0.17464996811013878,74,74,74,74,,5000,5000,1.0,3021694564,20260901
B3_spatial_feature,1.0,stability,per_class,all,micro,bg_top05_fraction,0.7120159838687576,0.6567520770921376,0.7663211508641807,74,74,74,74,,5000,5000,1.0,3021694564,20260901
B3_spatial_feature,1.0,stability,per_class,all,micro,target_tail_enrich_05,0.6345929633048111,0.5350093408017474,0.7380716894552989,67,74,67,74,,5000,5000,1.0,3021694564,20260901
B3_spatial_feature,1.0,stability,per_class,all,micro,other_fg_tail_enrich_05,1.135862644597801,0.9769072759315887,1.3188006890749413,37,74,37,74,,5000,5000,1.0,3021694564,20260901
B3_spatial_feature,1.0,stability,per_class,all,micro,bg_tail_enrich_05,1.0021826235313946,0.9629042504869775,1.0372067486142105,73,74,73,74,,5000,5000,1.0,3021694564,20260901
B3_spatial_feature,1.0,stability,per_class,all,micro,target_top10_fraction,0.15782272171738554,0.11045850258064717,0.2109798069996568,74,74,74,74,,5000,5000,1.0,3021694564,20260901
B3_spatial_feature,1.0,stability,per_class,all,micro,other_fg_top10_fraction,0.12527006392622325,0.08191296243480661,0.17279340169137591,74,74,74,74,,5000,5000,1.0,3021694564,20260901
B3_spatial_feature,1.0,stability,per_class,all,micro,bg_top10_fraction,0.7163896568768084,0.661966917485075,0.769771236984308,74,74,74,74,,5000,5000,1.0,3021694564,20260901
B3_spatial_feature,1.0,stability,per_class,all,micro,target_tail_enrich_10,0.6270466120056348,0.5337453793979618,0.7209365445730701,67,74,67,74,,5000,5000,1.0,3021694564,20260901
B3_spatial_feature,1.0,stability,per_class,all,micro,other_fg_tail_enrich_10,1.0732302211692777,0.9557561304750959,1.1891693299530353,37,74,37,74,,5000,5000,1.0,3021694564,20260901
B3_spatial_feature,1.0,stability,per_class,all,micro,bg_tail_enrich_10,1.0103896176414406,0.9780229819696415,1.0413295076112337,73,74,73,74,,5000,5000,1.0,3021694564,20260901
B3_spatial_feature,1.0,stability,per_class,all,micro,target_top20_fraction,0.152918346256863,0.1070669055024876,0.2046015429428137,74,74,74,74,,5000,5000,1.0,3021694564,20260901
B3_spatial_feature,1.0,stability,per_class,all,micro,other_fg_top20_fraction,0.12670105579074423,0.08235972692052311,0.17476725764692633,74,74,74,74,,5000,5000,1.0,3021694564,20260901
B3_spatial_feature,1.0,stability,per_class,all,micro,bg_top20_fraction,0.7197719653630739,0.6656402037860029,0.7728709042273268,74,74,74,74,,5000,5000,1.0,3021694564,20260901
B3_spatial_feature,1.0,stability,per_class,all,micro,target_tail_enrich_20,0.6025681702388374,0.5213669678229955,0.6839388513372255,67,74,67,74,,5000,5000,1.0,3021694564,20260901
B3_spatial_feature,1.0,stability,per_class,all,micro,other_fg_tail_enrich_20,1.0287642081299175,0.9552026489806968,1.1021558694776301,37,74,37,74,,5000,5000,1.0,3021694564,20260901
B3_spatial_feature,1.0,stability,per_class,all,micro,bg_tail_enrich_20,1.0175407502646092,0.9876616123494888,1.045628376731179,73,74,73,74,,5000,5000,1.0,3021694564,20260901
B3_spatial_feature,1.0,stability,per_class,all,micro,auc_target_bg,0.35833238260430833,0.3297280519441417,0.38570352013221504,66,74,66,74,,5000,5000,1.0,3021694564,20260901
B3_spatial_feature,1.0,stability,per_class,all,micro,ap_target_bg,0.1825438538662097,0.13866102777413317,0.23107033698073023,66,74,66,74,,5000,5000,1.0,3021694564,20260901
B3_spatial_feature,1.0,stability,per_class,all,micro,auc_target_other,0.29436063965899556,0.24432315542080388,0.3461842665757017,31,74,31,74,,5000,5000,1.0,3021694564,20260901
B3_spatial_feature,1.0,stability,per_class,all,micro,ap_target_other,0.31239595525419267,0.2161824832741142,0.4131721174512129,31,74,31,74,,5000,5000,1.0,3021694564,20260901
B3_spatial_feature,1.0,stability,per_class,all,micro,target_mean,0.43577570383928066,0.41429226434192257,0.4559258584268027,67,74,67,74,,5000,5000,1.0,3021694564,20260901
B3_spatial_feature,1.0,stability,per_class,all,micro,other_fg_mean,0.5421682183206736,0.528625217088038,0.5564768137745224,37,74,37,74,,5000,5000,1.0,3021694564,20260901
B3_spatial_feature,1.0,stability,per_class,all,micro,bg_mean,0.5323752328074906,0.5252522049193321,0.5385055293614616,73,74,73,74,,5000,5000,1.0,3021694564,20260901
B3_spatial_feature,1.0,stability,per_class,all,micro,target_median,0.39184156627352557,0.3693781357807423,0.4134416406675129,67,74,67,74,,5000,5000,1.0,3021694564,20260901
B3_spatial_feature,1.0,stability,per_class,all,micro,other_fg_median,0.5140183145130003,0.4962711760321179,0.532249307790526,37,74,37,74,,5000,5000,1.0,3021694564,20260901
B3_spatial_feature,1.0,stability,per_class,all,micro,bg_median,0.5024205325809243,0.49190869667656617,0.511295181724268,73,74,73,74,,5000,5000,1.0,3021694564,20260901
