relation,scope,stratum,class_id,class_name,aggregation,metric,estimate,ci_low,ci_high,num_images,num_images_total,num_rows,num_rows_total,num_classes,bootstrap_repeats,bootstrap_valid_repeats,bootstrap_valid_fraction,bootstrap_seed,bootstrap_base_seed
patch_norm,all_positive_classes,all,,,micro,target_hit,0.27852817885421516,0.2612196289359314,0.2963162014458225,1449,1449,2147,2147,,5000,5000,1.0,3021694564,20260901
patch_norm,all_positive_classes,all,,,micro,other_fg_hit,0.1560316721006055,0.13856220449285694,0.17375814081444768,1449,1449,2147,2147,,5000,5000,1.0,3021694564,20260901
patch_norm,all_positive_classes,all,,,micro,background_hit,0.5640428504890544,0.5349380608352984,0.5927643025071866,1449,1449,2147,2147,,5000,5000,1.0,3021694564,20260901
patch_norm,all_positive_classes,all,,,micro,target_top05_fraction,0.27036759610295397,0.2593805130197073,0.2815531619894204,1449,1449,2147,2147,,5000,5000,1.0,3021694564,20260901
patch_norm,all_positive_classes,all,,,micro,other_fg_top05_fraction,0.15631938055245784,0.14448672003666788,0.16846204806543486,1449,1449,2147,2147,,5000,5000,1.0,3021694564,20260901
patch_norm,all_positive_classes,all,,,micro,bg_top05_fraction,0.5728338879446339,0.556375399581049,0.5895768253350848,1449,1449,2147,2147,,5000,5000,1.0,3021694564,20260901
patch_norm,all_positive_classes,all,,,micro,target_tail_enrich_05,1.770230337901577,1.646252617883784,1.9002461469500707,1441,1449,2031,2147,,5000,5000,1.0,3021694564,20260901
patch_norm,all_positive_classes,all,,,micro,other_fg_tail_enrich_05,1.7400201257764236,1.5778390556462656,1.91380567182367,520,1449,1158,2147,,5000,5000,1.0,3021694564,20260901
patch_norm,all_positive_classes,all,,,micro,bg_tail_enrich_05,0.9911955012211814,0.9578854887947095,1.025222217246092,1432,1449,2120,2147,,5000,5000,1.0,3021694564,20260901
patch_norm,all_positive_classes,all,,,micro,target_top10_fraction,0.30400746818993823,0.2928855818461997,0.314937893801226,1449,1449,2147,2147,,5000,5000,1.0,3021694564,20260901
patch_norm,all_positive_classes,all,,,micro,other_fg_top10_fraction,0.17165123072796432,0.15955824168835037,0.18423352522013667,1449,1449,2147,2147,,5000,5000,1.0,3021694564,20260901
patch_norm,all_positive_classes,all,,,micro,bg_top10_fraction,0.5237583679606803,0.5081527478734078,0.5394132302176254,1449,1449,2147,2147,,5000,5000,1.0,3021694564,20260901
patch_norm,all_positive_classes,all,,,micro,target_tail_enrich_10,1.893349417995439,1.8011032313785464,1.9925190668521158,1441,1449,2031,2147,,5000,5000,1.0,3021694564,20260901
patch_norm,all_positive_classes,all,,,micro,other_fg_tail_enrich_10,1.846495786584407,1.7185422987390386,1.9911675947757905,520,1449,1158,2147,,5000,5000,1.0,3021694564,20260901
patch_norm,all_positive_classes,all,,,micro,bg_tail_enrich_10,0.8880931930632565,0.862789548231832,0.9135321922974848,1432,1449,2120,2147,,5000,5000,1.0,3021694564,20260901
patch_norm,all_positive_classes,all,,,micro,target_top20_fraction,0.34201278069225394,0.3304267616984234,0.3536889909344205,1449,1449,2147,2147,,5000,5000,1.0,3021694564,20260901
patch_norm,all_positive_classes,all,,,micro,other_fg_top20_fraction,0.1881394618838987,0.17533193642267506,0.20114766021499222,1449,1449,2147,2147,,5000,5000,1.0,3021694564,20260901
patch_norm,all_positive_classes,all,,,micro,bg_top20_fraction,0.4692176504289952,0.45443487549678113,0.4837745818291888,1449,1449,2147,2147,,5000,5000,1.0,3021694564,20260901
patch_norm,all_positive_classes,all,,,micro,target_tail_enrich_20,1.8742763329086582,1.816730943896432,1.9354310532952819,1441,1449,2031,2147,,5000,5000,1.0,3021694564,20260901
patch_norm,all_positive_classes,all,,,micro,other_fg_tail_enrich_20,1.8288047061483597,1.7417704898651671,1.9232924905475197,520,1449,1158,2147,,5000,5000,1.0,3021694564,20260901
patch_norm,all_positive_classes,all,,,micro,bg_tail_enrich_20,0.7690725893675504,0.7496142118917581,0.7884612151898409,1432,1449,2120,2147,,5000,5000,1.0,3021694564,20260901
patch_norm,all_positive_classes,all,,,micro,auc_target_bg,0.7507862066084865,0.7436896600398999,0.7579856739552763,1424,1449,2004,2147,,5000,5000,1.0,3021694564,20260901
patch_norm,all_positive_classes,all,,,micro,ap_target_bg,0.4311272482901466,0.4187151361261639,0.4431479575558545,1424,1449,2004,2147,,5000,5000,1.0,3021694564,20260901
patch_norm,all_positive_classes,all,,,micro,auc_target_other,0.5031954558773406,0.49959925176092956,0.5069260182497803,462,1449,1052,2147,,5000,5000,1.0,3021694564,20260901
patch_norm,all_positive_classes,all,,,micro,ap_target_other,0.4857088741666027,0.47533906049027463,0.4966313006105548,462,1449,1052,2147,,5000,5000,1.0,3021694564,20260901
patch_norm,all_positive_classes,all,,,micro,target_mean,104.19938590205022,103.08369792359115,105.3612010426862,1441,1449,2031,2147,,5000,5000,1.0,3021694564,20260901
patch_norm,all_positive_classes,all,,,micro,other_fg_mean,96.72062993857482,95.36700807475285,98.1263749038458,520,1449,1158,2147,,5000,5000,1.0,3021694564,20260901
patch_norm,all_positive_classes,all,,,micro,bg_mean,87.03085270227504,85.95337726958019,88.13005177974412,1432,1449,2120,2147,,5000,5000,1.0,3021694564,20260901
patch_norm,all_positive_classes,all,,,micro,target_median,98.38442173689707,97.29634902065732,99.50815347318488,1441,1449,2031,2147,,5000,5000,1.0,3021694564,20260901
patch_norm,all_positive_classes,all,,,micro,other_fg_median,91.46894368318284,90.14915814206252,92.84363858155898,520,1449,1158,2147,,5000,5000,1.0,3021694564,20260901
patch_norm,all_positive_classes,all,,,micro,bg_median,75.9424684911404,75.10216601655245,76.80152272938648,1432,1449,2120,2147,,5000,5000,1.0,3021694564,20260901
patch_norm,all_positive_classes,all,,,micro,spatial_mass_target,0.26606374897607915,0.24865350667902883,0.2832716302774045,1449,1449,2147,2147,,5000,5000,1.0,3021694564,20260901
patch_norm,all_positive_classes,all,,,micro,spatial_mass_other_fg,0.14705476946051357,0.12993698873101342,0.16449764803604303,1449,1449,2147,2147,,5000,5000,1.0,3021694564,20260901
patch_norm,all_positive_classes,all,,,micro,spatial_mass_background,0.5407233082655797,0.5123410517636013,0.5694357937932355,1449,1449,2147,2147,,5000,5000,1.0,3021694564,20260901
patch_norm,all_positive_classes,all,,,macro_class,target_hit,0.28503865535000134,0.2652936132574631,0.305250734242393,1449,1449,2147,2147,20,5000,5000,1.0,3021694564,20260901
patch_norm,all_positive_classes,all,,,macro_class,other_fg_hit,0.1325740817165559,0.1159487447674927,0.15008898716372923,1449,1449,2147,2147,20,5000,5000,1.0,3021694564,20260901
patch_norm,all_positive_classes,all,,,macro_class,background_hit,0.5811637922717697,0.5542557871554424,0.6080164910638767,1449,1449,2147,2147,20,5000,5000,1.0,3021694564,20260901
patch_norm,all_positive_classes,all,,,macro_class,target_top05_fraction,0.2792891997852439,0.2676695052629631,0.2910105937679436,1449,1449,2147,2147,20,5000,5000,1.0,3021694564,20260901
patch_norm,all_positive_classes,all,,,macro_class,other_fg_top05_fraction,0.13668305654548138,0.126085727816788,0.14757018427905488,1449,1449,2147,2147,20,5000,5000,1.0,3021694564,20260901
patch_norm,all_positive_classes,all,,,macro_class,bg_top05_fraction,0.5835456631652554,0.5681048884505258,0.5991934504233661,1449,1449,2147,2147,20,5000,5000,1.0,3021694564,20260901
patch_norm,all_positive_classes,all,,,macro_class,target_tail_enrich_05,1.7914775843612958,1.657897401437171,1.9309923732355339,1441,1449,2031,2147,20,5000,5000,1.0,3021694564,20260901
patch_norm,all_positive_classes,all,,,macro_class,other_fg_tail_enrich_05,2.1158145125884382,1.745735489238619,2.5398154743789987,520,1449,1158,2147,20,5000,5000,1.0,3021694564,20260901
patch_norm,all_positive_classes,all,,,macro_class,bg_tail_enrich_05,0.9832307817278894,0.951825345272924,1.0158714558760775,1432,1449,2120,2147,20,5000,5000,1.0,3021694564,20260901
patch_norm,all_positive_classes,all,,,macro_class,target_top10_fraction,0.3130283922400598,0.3016211626919358,0.3247496828733338,1449,1449,2147,2147,20,5000,5000,1.0,3021694564,20260901
patch_norm,all_positive_classes,all,,,macro_class,other_fg_top10_fraction,0.15010869321720677,0.13951424724548417,0.16101312010622645,1449,1449,2147,2147,20,5000,5000,1.0,3021694564,20260901
patch_norm,all_positive_classes,all,,,macro_class,bg_top10_fraction,0.5362443862354593,0.5221314848875751,0.5506850277381713,1449,1449,2147,2147,20,5000,5000,1.0,3021694564,20260901
patch_norm,all_positive_classes,all,,,macro_class,target_tail_enrich_10,1.9187671295422408,1.8243569895270018,2.0204430090815917,1441,1449,2031,2147,20,5000,5000,1.0,3021694564,20260901
patch_norm,all_positive_classes,all,,,macro_class,other_fg_tail_enrich_10,2.0426201444051206,1.807992243150178,2.299426309652344,520,1449,1158,2147,20,5000,5000,1.0,3021694564,20260901
patch_norm,all_positive_classes,all,,,macro_class,bg_tail_enrich_10,0.885161015269351,0.8610154459490993,0.9095917296231074,1432,1449,2120,2147,20,5000,5000,1.0,3021694564,20260901
patch_norm,all_positive_classes,all,,,macro_class,target_top20_fraction,0.35180473028098425,0.34000084331443936,0.3636909368585391,1449,1449,2147,2147,20,5000,5000,1.0,3021694564,20260901
patch_norm,all_positive_classes,all,,,macro_class,other_fg_top20_fraction,0.16424848968770894,0.1532311364997581,0.1755431895127124,1449,1449,2147,2147,20,5000,5000,1.0,3021694564,20260901
patch_norm,all_positive_classes,all,,,macro_class,bg_top20_fraction,0.48327758550206684,0.4697787887363667,0.49703329013981923,1449,1449,2147,2147,20,5000,5000,1.0,3021694564,20260901
patch_norm,all_positive_classes,all,,,macro_class,target_tail_enrich_20,1.8980948861571356,1.8393261389468352,1.9585086039154416,1441,1449,2031,2147,20,5000,5000,1.0,3021694564,20260901
patch_norm,all_positive_classes,all,,,macro_class,other_fg_tail_enrich_20,1.8670592031179098,1.727615742253346,2.0082484760265453,520,1449,1158,2147,20,5000,5000,1.0,3021694564,20260901
patch_norm,all_positive_classes,all,,,macro_class,bg_tail_enrich_20,0.7702283446676677,0.7517127740951922,0.7890319983640423,1432,1449,2120,2147,20,5000,5000,1.0,3021694564,20260901
patch_norm,all_positive_classes,all,,,macro_class,auc_target_bg,0.7510223399526542,0.7438700014129909,0.7581044597428316,1424,1449,2004,2147,20,5000,5000,1.0,3021694564,20260901
patch_norm,all_positive_classes,all,,,macro_class,ap_target_bg,0.4257325303719256,0.41380428962371313,0.437239569187847,1424,1449,2004,2147,20,5000,5000,1.0,3021694564,20260901
patch_norm,all_positive_classes,all,,,macro_class,auc_target_other,0.517851712523286,0.4943058701837608,0.5432149320768632,462,1449,1052,2147,20,5000,5000,1.0,3021694564,20260901
patch_norm,all_positive_classes,all,,,macro_class,ap_target_other,0.5347893260575565,0.5080276578086276,0.5618632316532837,462,1449,1052,2147,20,5000,5000,1.0,3021694564,20260901
patch_norm,all_positive_classes,all,,,macro_class,target_mean,105.12777621662227,104.1579323461055,106.11475171521964,1441,1449,2031,2147,20,5000,5000,1.0,3021694564,20260901
patch_norm,all_positive_classes,all,,,macro_class,other_fg_mean,99.27458646898798,97.37246652383286,101.32716305186536,520,1449,1158,2147,20,5000,5000,1.0,3021694564,20260901
patch_norm,all_positive_classes,all,,,macro_class,bg_mean,87.55629589413725,86.62744092655896,88.49620855157595,1432,1449,2120,2147,20,5000,5000,1.0,3021694564,20260901
patch_norm,all_positive_classes,all,,,macro_class,target_median,99.33178665545032,98.4084535153066,100.30663494863742,1441,1449,2031,2147,20,5000,5000,1.0,3021694564,20260901
patch_norm,all_positive_classes,all,,,macro_class,other_fg_median,93.50554154845156,91.5175668814918,95.64201100667205,520,1449,1158,2147,20,5000,5000,1.0,3021694564,20260901
patch_norm,all_positive_classes,all,,,macro_class,bg_median,76.41345793995788,75.6926192922704,77.1557937170084,1432,1449,2120,2147,20,5000,5000,1.0,3021694564,20260901
patch_norm,all_positive_classes,all,,,macro_class,spatial_mass_target,0.27380669715410394,0.2543354687355927,0.2934559879734154,1449,1449,2147,2147,20,5000,5000,1.0,3021694564,20260901
patch_norm,all_positive_classes,all,,,macro_class,spatial_mass_other_fg,0.12425092976033884,0.10847473917191679,0.14092425677511752,1449,1449,2147,2147,20,5000,5000,1.0,3021694564,20260901
patch_norm,all_positive_classes,all,,,macro_class,spatial_mass_background,0.5578676443792541,0.5305484892357554,0.5849307194157201,1449,1449,2147,2147,20,5000,5000,1.0,3021694564,20260901
patch_norm,all_positive_classes,single_label,,,micro,target_hit,0.3818770226537217,0.34951456310679613,0.41316073354908306,927,927,927,927,,5000,5000,1.0,3021694564,20260901
patch_norm,all_positive_classes,single_label,,,micro,other_fg_hit,0.0,0.0,0.0,927,927,927,927,,5000,5000,1.0,3021694564,20260901
patch_norm,all_positive_classes,single_label,,,micro,background_hit,0.6170442286947141,0.5857605177993528,0.6494066882416397,927,927,927,927,,5000,5000,1.0,3021694564,20260901
patch_norm,all_positive_classes,single_label,,,micro,target_top05_fraction,0.3632099362232995,0.34463068595088586,0.38059464274142524,927,927,927,927,,5000,5000,1.0,3021694564,20260901
patch_norm,all_positive_classes,single_label,,,micro,other_fg_top05_fraction,0.0,0.0,0.0,927,927,927,927,,5000,5000,1.0,3021694564,20260901
patch_norm,all_positive_classes,single_label,,,micro,bg_top05_fraction,0.6363953677779052,0.6190288078166712,0.6550335789065813,927,927,927,927,,5000,5000,1.0,3021694564,20260901
patch_norm,all_positive_classes,single_label,,,micro,target_tail_enrich_05,1.6610293399270046,1.503523214693319,1.8296731060404994,921,927,921,927,,5000,5000,1.0,3021694564,20260901
patch_norm,all_positive_classes,single_label,,,micro,bg_tail_enrich_05,1.0692539961244192,1.0195759399608564,1.1243970559978291,918,927,918,927,,5000,5000,1.0,3021694564,20260901
patch_norm,all_positive_classes,single_label,,,micro,target_top10_fraction,0.4147514789414434,0.3973202625899774,0.43167781155945706,927,927,927,927,,5000,5000,1.0,3021694564,20260901
patch_norm,all_positive_classes,single_label,,,micro,other_fg_top10_fraction,0.0,0.0,0.0,927,927,927,927,,5000,5000,1.0,3021694564,20260901
patch_norm,all_positive_classes,single_label,,,micro,bg_top10_fraction,0.5847642757654146,0.5678225146293069,0.6021859573479148,927,927,927,927,,5000,5000,1.0,3021694564,20260901
patch_norm,all_positive_classes,single_label,,,micro,target_tail_enrich_10,1.86014447009477,1.734708962140744,1.9944168388439472,921,927,921,927,,5000,5000,1.0,3021694564,20260901
patch_norm,all_positive_classes,single_label,,,micro,bg_tail_enrich_10,0.9574602408036017,0.9210480849820146,0.9957035247325094,918,927,918,927,,5000,5000,1.0,3021694564,20260901
patch_norm,all_positive_classes,single_label,,,micro,target_top20_fraction,0.47378196838837117,0.4564587202523401,0.4906688134986668,927,927,927,927,,5000,5000,1.0,3021694564,20260901
patch_norm,all_positive_classes,single_label,,,micro,other_fg_top20_fraction,0.0,0.0,0.0,927,927,927,927,,5000,5000,1.0,3021694564,20260901
patch_norm,all_positive_classes,single_label,,,micro,bg_top20_fraction,0.5257094445952819,0.5088057691951893,0.5430178839487952,927,927,927,927,,5000,5000,1.0,3021694564,20260901
patch_norm,all_positive_classes,single_label,,,micro,target_tail_enrich_20,1.894988679831131,1.8174615443378193,1.972747810252358,921,927,921,927,,5000,5000,1.0,3021694564,20260901
patch_norm,all_positive_classes,single_label,,,micro,bg_tail_enrich_20,0.819573845475173,0.7943203413275276,0.8458854171775703,918,927,918,927,,5000,5000,1.0,3021694564,20260901
patch_norm,all_positive_classes,single_label,,,micro,auc_target_bg,0.7533495291604264,0.744462595607616,0.7623645943396645,912,927,912,927,,5000,5000,1.0,3021694564,20260901
patch_norm,all_positive_classes,single_label,,,micro,ap_target_bg,0.49534257747098576,0.47995807711449384,0.5105772862947932,912,927,912,927,,5000,5000,1.0,3021694564,20260901
patch_norm,all_positive_classes,single_label,,,micro,target_mean,112.27462590179184,110.66942883736316,113.93308852034026,921,927,921,927,,5000,5000,1.0,3021694564,20260901
patch_norm,all_positive_classes,single_label,,,micro,bg_mean,95.13625922294834,93.53383339916056,96.81430929991778,918,927,918,927,,5000,5000,1.0,3021694564,20260901
patch_norm,all_positive_classes,single_label,,,micro,target_median,105.45705974425607,103.96372298007425,107.05421033266556,921,927,921,927,,5000,5000,1.0,3021694564,20260901
patch_norm,all_positive_classes,single_label,,,micro,bg_median,81.28703623503641,79.97375083091706,82.61749570091193,918,927,918,927,,5000,5000,1.0,3021694564,20260901
patch_norm,all_positive_classes,single_label,,,micro,spatial_mass_target,0.36661701559979265,0.33568542938952506,0.39799731088063367,927,927,927,927,,5000,5000,1.0,3021694564,20260901
patch_norm,all_positive_classes,single_label,,,micro,spatial_mass_other_fg,0.0,0.0,0.0,927,927,927,927,,5000,5000,1.0,3021694564,20260901
patch_norm,all_positive_classes,single_label,,,micro,spatial_mass_background,0.6041935918401405,0.572313244151334,0.6365409378413243,927,927,927,927,,5000,5000,1.0,3021694564,20260901
patch_norm,all_positive_classes,single_label,,,macro_class,target_hit,0.3848324681774665,0.3424341321679833,0.4242594591480986,927,927,927,927,20,5000,5000,1.0,3021694564,20260901
patch_norm,all_positive_classes,single_label,,,macro_class,other_fg_hit,0.0,0.0,0.0,927,927,927,927,20,5000,5000,1.0,3021694564,20260901
patch_norm,all_positive_classes,single_label,,,macro_class,background_hit,0.612786579441581,0.572968528146652,0.6553141866842055,927,927,927,927,20,5000,5000,1.0,3021694564,20260901
patch_norm,all_positive_classes,single_label,,,macro_class,target_top05_fraction,0.3785740138863374,0.35254754818348827,0.4033795557638047,927,927,927,927,20,5000,5000,1.0,3021694564,20260901
patch_norm,all_positive_classes,single_label,,,macro_class,other_fg_top05_fraction,0.0,0.0,0.0,927,927,927,927,20,5000,5000,1.0,3021694564,20260901
patch_norm,all_positive_classes,single_label,,,macro_class,bg_top05_fraction,0.6209099093737138,0.5959700592828377,0.6469505837911422,927,927,927,927,20,5000,5000,1.0,3021694564,20260901
patch_norm,all_positive_classes,single_label,,,macro_class,target_tail_enrich_05,1.7152864050668009,1.541725198984449,1.9128447861357851,921,927,921,927,20,5000,5000,1.0,3021694564,20260901
patch_norm,all_positive_classes,single_label,,,macro_class,bg_tail_enrich_05,1.038441240792269,0.9830609115353486,1.0993749385467873,918,927,918,927,20,5000,5000,1.0,3021694564,20260901
patch_norm,all_positive_classes,single_label,,,macro_class,target_top10_fraction,0.4230667058216004,0.398469372228096,0.44772770180035026,927,927,927,927,20,5000,5000,1.0,3021694564,20260901
patch_norm,all_positive_classes,single_label,,,macro_class,other_fg_top10_fraction,0.0,0.0,0.0,927,927,927,927,20,5000,5000,1.0,3021694564,20260901
patch_norm,all_positive_classes,single_label,,,macro_class,bg_top10_fraction,0.5763885646020174,0.5517404659321385,0.6009746541298323,927,927,927,927,20,5000,5000,1.0,3021694564,20260901
patch_norm,all_positive_classes,single_label,,,macro_class,target_tail_enrich_10,1.8726410138845488,1.7384667873774395,2.022436322988168,921,927,921,927,20,5000,5000,1.0,3021694564,20260901
patch_norm,all_positive_classes,single_label,,,macro_class,bg_tail_enrich_10,0.9434869815817774,0.8977920672256571,0.990818312345097,918,927,918,927,20,5000,5000,1.0,3021694564,20260901
patch_norm,all_positive_classes,single_label,,,macro_class,target_top20_fraction,0.47944660543896556,0.4569132216969532,0.5020263006844927,927,927,927,927,20,5000,5000,1.0,3021694564,20260901
patch_norm,all_positive_classes,single_label,,,macro_class,other_fg_top20_fraction,0.0,0.0,0.0,927,927,927,927,20,5000,5000,1.0,3021694564,20260901
patch_norm,all_positive_classes,single_label,,,macro_class,bg_top20_fraction,0.5200342685836078,0.4974268063617284,0.5425808195066882,927,927,927,927,20,5000,5000,1.0,3021694564,20260901
patch_norm,all_positive_classes,single_label,,,macro_class,target_tail_enrich_20,1.9013201534685717,1.8164704147345956,1.9893418946872545,921,927,921,927,20,5000,5000,1.0,3021694564,20260901
patch_norm,all_positive_classes,single_label,,,macro_class,bg_tail_enrich_20,0.813918073120208,0.7793955020196102,0.8484785549098126,918,927,918,927,20,5000,5000,1.0,3021694564,20260901
patch_norm,all_positive_classes,single_label,,,macro_class,auc_target_bg,0.7472065605714167,0.7362691895364536,0.7583012792374543,912,927,912,927,20,5000,5000,1.0,3021694564,20260901
patch_norm,all_positive_classes,single_label,,,macro_class,ap_target_bg,0.4943972472899283,0.4746396795626707,0.5174002262791101,912,927,912,927,20,5000,5000,1.0,3021694564,20260901
patch_norm,all_positive_classes,single_label,,,macro_class,target_mean,106.96537786310849,105.60713495252332,108.3972339057022,921,927,921,927,20,5000,5000,1.0,3021694564,20260901
patch_norm,all_positive_classes,single_label,,,macro_class,bg_mean,90.18261633120031,88.87336396141428,91.62626175543404,918,927,918,927,20,5000,5000,1.0,3021694564,20260901
patch_norm,all_positive_classes,single_label,,,macro_class,target_median,100.1496516842213,98.84235078215339,101.53266107379122,921,927,921,927,20,5000,5000,1.0,3021694564,20260901
patch_norm,all_positive_classes,single_label,,,macro_class,bg_median,77.42657076518827,76.36315346492215,78.58058037833545,918,927,918,927,20,5000,5000,1.0,3021694564,20260901
patch_norm,all_positive_classes,single_label,,,macro_class,spatial_mass_target,0.37244917612899286,0.3300954938721951,0.4118709360797081,927,927,927,927,20,5000,5000,1.0,3021694564,20260901
patch_norm,all_positive_classes,single_label,,,macro_class,spatial_mass_other_fg,0.0,0.0,0.0,927,927,927,927,20,5000,5000,1.0,3021694564,20260901
patch_norm,all_positive_classes,single_label,,,macro_class,spatial_mass_background,0.6032329165322634,0.563805167557108,0.6467226501834396,927,927,927,927,20,5000,5000,1.0,3021694564,20260901
patch_norm,all_positive_classes,exactly_2_labels,,,micro,target_hit,0.22,0.19466666666666665,0.24533333333333332,375,375,750,750,,5000,5000,1.0,3021694564,20260901
patch_norm,all_positive_classes,exactly_2_labels,,,micro,other_fg_hit,0.22,0.19466666666666665,0.24533333333333332,375,375,750,750,,5000,5000,1.0,3021694564,20260901
patch_norm,all_positive_classes,exactly_2_labels,,,micro,background_hit,0.5573333333333333,0.5066666666666667,0.608,375,375,750,750,,5000,5000,1.0,3021694564,20260901
patch_norm,all_positive_classes,exactly_2_labels,,,micro,target_top05_fraction,0.22324061348691335,0.20889227326746576,0.23813832406095714,375,375,750,750,,5000,5000,1.0,3021694564,20260901
patch_norm,all_positive_classes,exactly_2_labels,,,micro,other_fg_top05_fraction,0.22347590760456043,0.20908421297478255,0.23827260104955664,375,375,750,750,,5000,5000,1.0,3021694564,20260901
patch_norm,all_positive_classes,exactly_2_labels,,,micro,bg_top05_fraction,0.5528082652333124,0.5231397478683576,0.5815888943279218,375,375,750,750,,5000,5000,1.0,3021694564,20260901
patch_norm,all_positive_classes,exactly_2_labels,,,micro,target_tail_enrich_05,1.8533339391291626,1.6289751758735072,2.1019343220610263,373,375,695,750,,5000,5000,1.0,3021694564,20260901
patch_norm,all_positive_classes,exactly_2_labels,,,micro,other_fg_tail_enrich_05,1.850692458079661,1.6271790285912193,2.100384339995699,373,375,695,750,,5000,5000,1.0,3021694564,20260901
patch_norm,all_positive_classes,exactly_2_labels,,,micro,bg_tail_enrich_05,0.9627834463791082,0.9096966305500156,1.0165702919019888,369,375,738,750,,5000,5000,1.0,3021694564,20260901
patch_norm,all_positive_classes,exactly_2_labels,,,micro,target_top10_fraction,0.24664885245667628,0.23335871703512628,0.2606634484679469,375,375,750,750,,5000,5000,1.0,3021694564,20260901
patch_norm,all_positive_classes,exactly_2_labels,,,micro,other_fg_top10_fraction,0.24711944069197042,0.23385685750353757,0.261210739179074,375,375,750,750,,5000,5000,1.0,3021694564,20260901
patch_norm,all_positive_classes,exactly_2_labels,,,micro,bg_top10_fraction,0.5056148620319768,0.47752123790430273,0.5322595065269189,375,375,750,750,,5000,5000,1.0,3021694564,20260901
patch_norm,all_positive_classes,exactly_2_labels,,,micro,target_tail_enrich_10,1.902167633739134,1.7401734720378568,2.073385204432596,373,375,695,750,,5000,5000,1.0,3021694564,20260901
patch_norm,all_positive_classes,exactly_2_labels,,,micro,other_fg_tail_enrich_10,1.9017293130016248,1.7394569789983998,2.0731526812171635,373,375,695,750,,5000,5000,1.0,3021694564,20260901
patch_norm,all_positive_classes,exactly_2_labels,,,micro,bg_tail_enrich_10,0.8656584680187664,0.8232722185133093,0.9091936196704556,369,375,738,750,,5000,5000,1.0,3021694564,20260901
patch_norm,all_positive_classes,exactly_2_labels,,,micro,target_top20_fraction,0.2729760469674291,0.260469907085778,0.2859360449133153,375,375,750,750,,5000,5000,1.0,3021694564,20260901
patch_norm,all_positive_classes,exactly_2_labels,,,micro,other_fg_top20_fraction,0.2738451827698983,0.26110180317343495,0.28678371242523737,375,375,750,750,,5000,5000,1.0,3021694564,20260901
patch_norm,all_positive_classes,exactly_2_labels,,,micro,bg_top20_fraction,0.4524553696871691,0.4268752960633976,0.4776466438893934,375,375,750,750,,5000,5000,1.0,3021694564,20260901
patch_norm,all_positive_classes,exactly_2_labels,,,micro,target_tail_enrich_20,1.847554458360589,1.747551861384553,1.951238180709882,373,375,695,750,,5000,5000,1.0,3021694564,20260901
patch_norm,all_positive_classes,exactly_2_labels,,,micro,other_fg_tail_enrich_20,1.849949573269822,1.7497642221965122,1.9527269484509726,373,375,695,750,,5000,5000,1.0,3021694564,20260901
patch_norm,all_positive_classes,exactly_2_labels,,,micro,bg_tail_enrich_20,0.7610090008353151,0.7285562954495237,0.7956166560358927,369,375,738,750,,5000,5000,1.0,3021694564,20260901
patch_norm,all_positive_classes,exactly_2_labels,,,micro,auc_target_bg,0.7478582608018985,0.7346052862494453,0.7605113568301253,367,375,683,750,,5000,5000,1.0,3021694564,20260901
patch_norm,all_positive_classes,exactly_2_labels,,,micro,ap_target_bg,0.3989021059837931,0.3784676859041123,0.41973218148000435,367,375,683,750,,5000,5000,1.0,3021694564,20260901
patch_norm,all_positive_classes,exactly_2_labels,,,micro,auc_target_other,0.49953507139517545,0.4985651085231296,0.5,322,375,644,750,,5000,5000,1.0,3021694564,20260901
patch_norm,all_positive_classes,exactly_2_labels,,,micro,ap_target_other,0.5441879241594225,0.5378847097102994,0.5507387878606635,322,375,644,750,,5000,5000,1.0,3021694564,20260901
patch_norm,all_positive_classes,exactly_2_labels,,,micro,target_mean,100.30951651058949,98.67044252743185,102.06910453570181,373,375,695,750,,5000,5000,1.0,3021694564,20260901
patch_norm,all_positive_classes,exactly_2_labels,,,micro,other_fg_mean,100.32705557924841,98.68804517529887,102.0822901469287,373,375,695,750,,5000,5000,1.0,3021694564,20260901
patch_norm,all_positive_classes,exactly_2_labels,,,micro,bg_mean,83.98674107852428,82.42487651111126,85.6167356848778,369,375,738,750,,5000,5000,1.0,3021694564,20260901
patch_norm,all_positive_classes,exactly_2_labels,,,micro,target_median,94.98426327053592,93.36785312940505,96.6967820508783,373,375,695,750,,5000,5000,1.0,3021694564,20260901
patch_norm,all_positive_classes,exactly_2_labels,,,micro,other_fg_median,95.02100302058159,93.4054951062475,96.71866578474489,373,375,695,750,,5000,5000,1.0,3021694564,20260901
patch_norm,all_positive_classes,exactly_2_labels,,,micro,bg_median,74.08882621827165,72.87322934562093,75.39192272121261,369,375,738,750,,5000,5000,1.0,3021694564,20260901
patch_norm,all_positive_classes,exactly_2_labels,,,micro,spatial_mass_target,0.2107242675732191,0.18579964458031176,0.23579614701901658,375,375,750,750,,5000,5000,1.0,3021694564,20260901
patch_norm,all_positive_classes,exactly_2_labels,,,micro,spatial_mass_other_fg,0.2107242675732191,0.18579964458031176,0.23579614701901658,375,375,750,750,,5000,5000,1.0,3021694564,20260901
patch_norm,all_positive_classes,exactly_2_labels,,,micro,spatial_mass_background,0.5159381451423417,0.46451427185721966,0.5665163854640257,375,375,750,750,,5000,5000,1.0,3021694564,20260901
patch_norm,all_positive_classes,exactly_2_labels,,,macro_class,target_hit,0.23726149725877987,0.19227527138512027,0.2866742850579489,375,375,750,750,20,5000,5000,1.0,3021694564,20260901
patch_norm,all_positive_classes,exactly_2_labels,,,macro_class,other_fg_hit,0.21017918554875079,0.16487224935411698,0.25842470246063654,375,375,750,750,20,5000,5000,1.0,3021694564,20260901
patch_norm,all_positive_classes,exactly_2_labels,,,macro_class,background_hit,0.5490428336759859,0.49088964753139397,0.6115723794925397,375,375,750,750,20,5000,5000,1.0,3021694564,20260901
patch_norm,all_positive_classes,exactly_2_labels,,,macro_class,target_top05_fraction,0.23752128829526006,0.21045434241423047,0.2630915543104845,375,375,750,750,20,5000,5000,1.0,3021694564,20260901
patch_norm,all_positive_classes,exactly_2_labels,,,macro_class,other_fg_top05_fraction,0.22028433787230844,0.1985658345929769,0.24310053451884334,375,375,750,750,20,5000,5000,1.0,3021694564,20260901
patch_norm,all_positive_classes,exactly_2_labels,,,macro_class,bg_top05_fraction,0.541774904146135,0.5103431376137901,0.5758850759173888,375,375,750,750,20,5000,5000,1.0,3021694564,20260901
patch_norm,all_positive_classes,exactly_2_labels,,,macro_class,target_tail_enrich_05,1.799759669116575,1.4857442663289082,2.1823560765923347,373,375,695,750,20,5000,5000,1.0,3021694564,20260901
patch_norm,all_positive_classes,exactly_2_labels,,,macro_class,other_fg_tail_enrich_05,2.2711698313557607,1.785579658562879,2.7918429934816698,373,375,695,750,20,5000,5000,1.0,3021694564,20260901
patch_norm,all_positive_classes,exactly_2_labels,,,macro_class,bg_tail_enrich_05,0.9346198507771144,0.8766568858484707,0.9954593666368944,369,375,738,750,20,5000,5000,1.0,3021694564,20260901
patch_norm,all_positive_classes,exactly_2_labels,,,macro_class,target_top10_fraction,0.27385666966914746,0.24725765992566853,0.2995585099148523,375,375,750,750,20,5000,5000,1.0,3021694564,20260901
patch_norm,all_positive_classes,exactly_2_labels,,,macro_class,other_fg_top10_fraction,0.23254601729742186,0.21135877968330946,0.25456813499620035,375,375,750,750,20,5000,5000,1.0,3021694564,20260901
patch_norm,all_positive_classes,exactly_2_labels,,,macro_class,bg_top10_fraction,0.49303248915803105,0.46486425610852466,0.5225410283752854,375,375,750,750,20,5000,5000,1.0,3021694564,20260901
patch_norm,all_positive_classes,exactly_2_labels,,,macro_class,target_tail_enrich_10,1.9145328531033328,1.6849306375670672,2.1911664307980914,373,375,695,750,20,5000,5000,1.0,3021694564,20260901
patch_norm,all_positive_classes,exactly_2_labels,,,macro_class,other_fg_tail_enrich_10,2.102928998726941,1.800180908419645,2.412243811030884,373,375,695,750,20,5000,5000,1.0,3021694564,20260901
patch_norm,all_positive_classes,exactly_2_labels,,,macro_class,bg_tail_enrich_10,0.8339847200495752,0.7906917255807797,0.8801696895898993,369,375,738,750,20,5000,5000,1.0,3021694564,20260901
patch_norm,all_positive_classes,exactly_2_labels,,,macro_class,target_top20_fraction,0.30936554394471316,0.28434006919303867,0.33514431835329733,375,375,750,750,20,5000,5000,1.0,3021694564,20260901
patch_norm,all_positive_classes,exactly_2_labels,,,macro_class,other_fg_top20_fraction,0.2470774422346116,0.22588791582283765,0.26882691625163274,375,375,750,750,20,5000,5000,1.0,3021694564,20260901
patch_norm,all_positive_classes,exactly_2_labels,,,macro_class,bg_top20_fraction,0.4427685505471624,0.4167682674574009,0.4696188920038557,375,375,750,750,20,5000,5000,1.0,3021694564,20260901
patch_norm,all_positive_classes,exactly_2_labels,,,macro_class,target_tail_enrich_20,1.9201159641701881,1.7986185517233868,2.0499593721149556,373,375,695,750,20,5000,5000,1.0,3021694564,20260901
patch_norm,all_positive_classes,exactly_2_labels,,,macro_class,other_fg_tail_enrich_20,1.8448855436369402,1.6808915780017533,2.001471291822114,373,375,695,750,20,5000,5000,1.0,3021694564,20260901
patch_norm,all_positive_classes,exactly_2_labels,,,macro_class,bg_tail_enrich_20,0.7338335004061627,0.7003397190663411,0.770021259171092,369,375,738,750,20,5000,5000,1.0,3021694564,20260901
patch_norm,all_positive_classes,exactly_2_labels,,,macro_class,auc_target_bg,0.758526758683467,0.7449084585215974,0.7713910798645511,367,375,683,750,20,5000,5000,1.0,3021694564,20260901
patch_norm,all_positive_classes,exactly_2_labels,,,macro_class,ap_target_bg,0.4060594768646263,0.3790917034025748,0.4316765072135281,367,375,683,750,20,5000,5000,1.0,3021694564,20260901
patch_norm,all_positive_classes,exactly_2_labels,,,macro_class,auc_target_other,0.5090309332755443,0.4823745821722823,0.5362640361273115,322,375,644,750,20,5000,5000,1.0,3021694564,20260901
patch_norm,all_positive_classes,exactly_2_labels,,,macro_class,ap_target_other,0.576838579737432,0.5471924729725525,0.6066277974071773,322,375,644,750,20,5000,5000,1.0,3021694564,20260901
patch_norm,all_positive_classes,exactly_2_labels,,,macro_class,target_mean,102.13863246387265,99.97508041159982,104.36701327881484,373,375,695,750,20,5000,5000,1.0,3021694564,20260901
patch_norm,all_positive_classes,exactly_2_labels,,,macro_class,other_fg_mean,100.94260632559006,98.63721075800561,103.50370409934716,373,375,695,750,20,5000,5000,1.0,3021694564,20260901
patch_norm,all_positive_classes,exactly_2_labels,,,macro_class,bg_mean,83.9709846511336,82.23139425354154,85.8827146716281,369,375,738,750,20,5000,5000,1.0,3021694564,20260901
patch_norm,all_positive_classes,exactly_2_labels,,,macro_class,target_median,97.1134496795721,95.01712190580315,99.37380273015994,373,375,695,750,20,5000,5000,1.0,3021694564,20260901
patch_norm,all_positive_classes,exactly_2_labels,,,macro_class,other_fg_median,95.10576045781646,92.72811544568752,97.75680363669004,373,375,695,750,20,5000,5000,1.0,3021694564,20260901
patch_norm,all_positive_classes,exactly_2_labels,,,macro_class,bg_median,73.96603784902067,72.64162150796322,75.41690597534787,369,375,738,750,20,5000,5000,1.0,3021694564,20260901
patch_norm,all_positive_classes,exactly_2_labels,,,macro_class,spatial_mass_target,0.22844370316684687,0.18427447379612025,0.27810483589497004,375,375,750,750,20,5000,5000,1.0,3021694564,20260901
patch_norm,all_positive_classes,exactly_2_labels,,,macro_class,spatial_mass_other_fg,0.19968956559148082,0.1559746760668689,0.24775186768730564,375,375,750,750,20,5000,5000,1.0,3021694564,20260901
patch_norm,all_positive_classes,exactly_2_labels,,,macro_class,spatial_mass_background,0.5010757641141292,0.4437145150305311,0.5612929914030597,375,375,750,750,20,5000,5000,1.0,3021694564,20260901
patch_norm,all_positive_classes,3plus_labels,,,micro,target_hit,0.16808510638297872,0.14135021097046413,0.1941587049074217,147,147,470,470,,5000,5000,1.0,3021694564,20260901
patch_norm,all_positive_classes,3plus_labels,,,micro,other_fg_hit,0.3617021276595745,0.30360457836572485,0.41810344827586204,147,147,470,470,,5000,5000,1.0,3021694564,20260901
patch_norm,all_positive_classes,3plus_labels,,,micro,background_hit,0.4702127659574468,0.3880564848172929,0.5543768234386341,147,147,470,470,,5000,5000,1.0,3021694564,20260901
patch_norm,all_positive_classes,3plus_labels,,,micro,target_top05_fraction,0.16245352731671986,0.14922428065862847,0.17591483030196464,147,147,470,470,,5000,5000,1.0,3021694564,20260901
patch_norm,all_positive_classes,3plus_labels,,,micro,other_fg_top05_fraction,0.35746974328235454,0.3287742557782214,0.3862283250218849,147,147,470,470,,5000,5000,1.0,3021694564,20260901
patch_norm,all_positive_classes,3plus_labels,,,micro,bg_top05_fraction,0.47942479268515936,0.4384671542801391,0.5205831833141455,147,147,470,470,,5000,5000,1.0,3021694564,20260901
patch_norm,all_positive_classes,3plus_labels,,,micro,target_tail_enrich_05,1.8734041120736384,1.6110793882950987,2.1675168254124433,147,147,415,470,,5000,5000,1.0,3021694564,20260901
patch_norm,all_positive_classes,3plus_labels,,,micro,other_fg_tail_enrich_05,1.573892110764005,1.3726319212981157,1.8035891030930344,147,147,463,470,,5000,5000,1.0,3021694564,20260901
patch_norm,all_positive_classes,3plus_labels,,,micro,bg_tail_enrich_05,0.8819506696528139,0.8138483068710014,0.9563829782207929,145,147,464,470,,5000,5000,1.0,3021694564,20260901
patch_norm,all_positive_classes,3plus_labels,,,micro,target_top10_fraction,0.17711228485653613,0.1651505001141356,0.18963657364778352,147,147,470,470,,5000,5000,1.0,3021694564,20260901
patch_norm,all_positive_classes,3plus_labels,,,micro,other_fg_top10_fraction,0.38977789756162046,0.36316879714709943,0.4163956658641081,147,147,470,470,,5000,5000,1.0,3021694564,20260901
patch_norm,all_positive_classes,3plus_labels,,,micro,bg_top10_fraction,0.4323863528788472,0.39474949525024283,0.4694227577180222,147,147,470,470,,5000,5000,1.0,3021694564,20260901
patch_norm,all_positive_classes,3plus_labels,,,micro,target_tail_enrich_10,1.9522725434765256,1.7324574906130101,2.1954182403206315,147,147,415,470,,5000,5000,1.0,3021694564,20260901
patch_norm,all_positive_classes,3plus_labels,,,micro,other_fg_tail_enrich_10,1.763585849521842,1.5575203259149437,1.992916106335659,147,147,463,470,,5000,5000,1.0,3021694564,20260901
patch_norm,all_positive_classes,3plus_labels,,,micro,bg_tail_enrich_10,0.7865368940485877,0.732376320610514,0.8457120651256088,145,147,464,470,,5000,5000,1.0,3021694564,20260901
patch_norm,all_positive_classes,3plus_labels,,,micro,target_top20_fraction,0.19228408558441784,0.18011761245541463,0.20443319751610398,147,147,470,470,,5000,5000,1.0,3021694564,20260901
patch_norm,all_positive_classes,3plus_labels,,,micro,other_fg_top20_fraction,0.42245007997299366,0.39682642759805425,0.4485067911817258,147,147,470,470,,5000,5000,1.0,3021694564,20260901
patch_norm,all_positive_classes,3plus_labels,,,micro,bg_top20_fraction,0.3845449214167019,0.34763538467083827,0.4216347220700881,147,147,470,470,,5000,5000,1.0,3021694564,20260901
patch_norm,all_positive_classes,3plus_labels,,,micro,target_tail_enrich_20,1.8730609866322956,1.7297488545760142,2.0225051255210884,147,147,415,470,,5000,5000,1.0,3021694564,20260901
patch_norm,all_positive_classes,3plus_labels,,,micro,other_fg_tail_enrich_20,1.7970645708364412,1.6408973834674552,1.960378642460003,147,147,463,470,,5000,5000,1.0,3021694564,20260901
patch_norm,all_positive_classes,3plus_labels,,,micro,bg_tail_enrich_20,0.6819837428804635,0.6380701940993536,0.7281152644168823,145,147,464,470,,5000,5000,1.0,3021694564,20260901
patch_norm,all_positive_classes,3plus_labels,,,micro,auc_target_bg,0.7499598907613669,0.731047962376652,0.7681557633843219,145,147,409,470,,5000,5000,1.0,3021694564,20260901
patch_norm,all_positive_classes,3plus_labels,,,micro,ap_target_bg,0.3417516785647537,0.31389497483872597,0.37039329913759905,145,147,409,470,,5000,5000,1.0,3021694564,20260901
patch_norm,all_positive_classes,3plus_labels,,,micro,auc_target_other,0.5089731215795812,0.499450893233674,0.518319724014991,140,147,408,470,,5000,5000,1.0,3021694564,20260901
patch_norm,all_positive_classes,3plus_labels,,,micro,ap_target_other,0.39340370702107297,0.379539355026147,0.4085367353295584,140,147,408,470,,5000,5000,1.0,3021694564,20260901
patch_norm,all_positive_classes,3plus_labels,,,micro,target_mean,92.79255020880522,90.36511423239968,95.26119218087601,147,147,415,470,,5000,5000,1.0,3021694564,20260901
patch_norm,all_positive_classes,3plus_labels,,,micro,other_fg_mean,91.30709684944262,89.19347709670332,93.43912062692304,147,147,463,470,,5000,5000,1.0,3021694564,20260901
patch_norm,all_positive_classes,3plus_labels,,,micro,bg_mean,75.83643716854637,74.1009127331611,77.69565318918497,145,147,464,470,,5000,5000,1.0,3021694564,20260901
patch_norm,all_positive_classes,3plus_labels,,,micro,target_median,88.3825193979654,86.00943254306112,90.77300663768013,147,147,415,470,,5000,5000,1.0,3021694564,20260901
patch_norm,all_positive_classes,3plus_labels,,,micro,other_fg_median,86.13701875987373,84.14622709839344,88.1393551089813,147,147,463,470,,5000,5000,1.0,3021694564,20260901
patch_norm,all_positive_classes,3plus_labels,,,micro,bg_median,68.3167676473486,66.83119940893253,69.84343202140643,145,147,464,470,,5000,5000,1.0,3021694564,20260901
patch_norm,all_positive_classes,3plus_labels,,,micro,spatial_mass_target,0.1560461593845102,0.1298463444064994,0.1819785299721824,147,147,470,470,,5000,5000,1.0,3021694564,20260901
patch_norm,all_positive_classes,3plus_labels,,,micro,spatial_mass_other_fg,0.33549657308895375,0.27865205341017907,0.3918681204238614,147,147,470,470,,5000,5000,1.0,3021694564,20260901
patch_norm,all_positive_classes,3plus_labels,,,micro,spatial_mass_background,0.45508909436943057,0.3743873146301349,0.5392051362409672,147,147,470,470,,5000,5000,1.0,3021694564,20260901
patch_norm,all_positive_classes,3plus_labels,,,macro_class,target_hit,0.15813638349483933,0.10566459736296231,0.21751270239574225,147,147,470,470,20,5000,5000,1.0,3021694564,20260901
patch_norm,all_positive_classes,3plus_labels,,,macro_class,other_fg_hit,0.35559104702487054,0.2923604754194092,0.4353704066234232,147,147,470,470,20,5000,5000,1.0,3021694564,20260901
patch_norm,all_positive_classes,3plus_labels,,,macro_class,background_hit,0.4862725694802901,0.37740352602022575,0.5729945628105197,147,147,470,470,20,5000,5000,1.0,3021694564,20260901
patch_norm,all_positive_classes,3plus_labels,,,macro_class,target_top05_fraction,0.16013443268520838,0.1268805607730706,0.19943986838986622,147,147,470,470,20,5000,5000,1.0,3021694564,20260901
patch_norm,all_positive_classes,3plus_labels,,,macro_class,other_fg_top05_fraction,0.30764776473288113,0.2773858115692878,0.3558125049510667,147,147,470,470,20,5000,5000,1.0,3021694564,20260901
patch_norm,all_positive_classes,3plus_labels,,,macro_class,bg_top05_fraction,0.531649137338613,0.45875662933956535,0.5820261779527249,147,147,470,470,20,5000,5000,1.0,3021694564,20260901
patch_norm,all_positive_classes,3plus_labels,,,macro_class,target_tail_enrich_05,2.1028086717164185,1.5017169738169056,2.8356495468360654,147,147,415,470,19,5000,5000,1.0,3021694564,20260901
patch_norm,all_positive_classes,3plus_labels,,,macro_class,other_fg_tail_enrich_05,2.20729214310409,1.543546183780563,2.443971549933553,147,147,463,470,20,5000,5000,1.0,3021694564,20260901
patch_norm,all_positive_classes,3plus_labels,,,macro_class,bg_tail_enrich_05,0.9503594889212662,0.8014377461770678,1.1204380488684242,145,147,464,470,20,5000,5000,1.0,3021694564,20260901
patch_norm,all_positive_classes,3plus_labels,,,macro_class,target_top10_fraction,0.18834364731153352,0.15506615895239714,0.21917642960053657,147,147,470,470,20,5000,5000,1.0,3021694564,20260901
patch_norm,all_positive_classes,3plus_labels,,,macro_class,other_fg_top10_fraction,0.34279522935917167,0.3082001991536024,0.3959875102729825,147,147,470,470,20,5000,5000,1.0,3021694564,20260901
patch_norm,all_positive_classes,3plus_labels,,,macro_class,bg_top10_fraction,0.46834994883132863,0.40904151513278697,0.5148710140134009,147,147,470,470,20,5000,5000,1.0,3021694564,20260901
patch_norm,all_positive_classes,3plus_labels,,,macro_class,target_tail_enrich_10,2.2722844587152475,1.8583425882257534,2.6646146491595384,147,147,415,470,19,5000,5000,1.0,3021694564,20260901
patch_norm,all_positive_classes,3plus_labels,,,macro_class,other_fg_tail_enrich_10,2.2707946384348725,1.703900347215222,2.5696693589394686,147,147,463,470,20,5000,5000,1.0,3021694564,20260901
patch_norm,all_positive_classes,3plus_labels,,,macro_class,bg_tail_enrich_10,0.816905474641578,0.7195878594527045,0.9074614755502591,145,147,464,470,20,5000,5000,1.0,3021694564,20260901
patch_norm,all_positive_classes,3plus_labels,,,macro_class,target_top20_fraction,0.21329142485545613,0.1774672962293694,0.2420694068332657,147,147,470,470,20,5000,5000,1.0,3021694564,20260901
patch_norm,all_positive_classes,3plus_labels,,,macro_class,other_fg_top20_fraction,0.3696294508117286,0.3359345916575393,0.4247759621464025,147,147,470,470,20,5000,5000,1.0,3021694564,20260901
patch_norm,all_positive_classes,3plus_labels,,,macro_class,bg_top20_fraction,0.4164964490066144,0.36733139650798946,0.45481306480251166,147,147,470,470,20,5000,5000,1.0,3021694564,20260901
patch_norm,all_positive_classes,3plus_labels,,,macro_class,target_tail_enrich_20,2.309950653502617,2.0033492548402987,2.503316879573235,147,147,415,470,19,5000,5000,1.0,3021694564,20260901
patch_norm,all_positive_classes,3plus_labels,,,macro_class,other_fg_tail_enrich_20,2.133766426084627,1.7703272968822417,2.3215041004430708,147,147,463,470,20,5000,5000,1.0,3021694564,20260901
patch_norm,all_positive_classes,3plus_labels,,,macro_class,bg_tail_enrich_20,0.7047444185759077,0.6424975680265598,0.7637680360906178,145,147,464,470,20,5000,5000,1.0,3021694564,20260901
patch_norm,all_positive_classes,3plus_labels,,,macro_class,auc_target_bg,0.7904439425247509,0.7625509060512556,0.808345440272304,145,147,409,470,19,5000,5000,1.0,3021694564,20260901
patch_norm,all_positive_classes,3plus_labels,,,macro_class,ap_target_bg,0.3544666929341898,0.3076466756108459,0.40122615823844415,145,147,409,470,19,5000,5000,1.0,3021694564,20260901
patch_norm,all_positive_classes,3plus_labels,,,macro_class,auc_target_other,0.509277835871958,0.47154063839252947,0.5675827687805803,140,147,408,470,19,5000,5000,1.0,3021694564,20260901
patch_norm,all_positive_classes,3plus_labels,,,macro_class,ap_target_other,0.47176684461391427,0.4077067842722551,0.5074154559476366,140,147,408,470,19,5000,5000,1.0,3021694564,20260901
patch_norm,all_positive_classes,3plus_labels,,,macro_class,target_mean,100.82343722653982,94.4105656068378,107.58090716891786,147,147,415,470,19,5000,5000,1.0,3021694564,20260901
patch_norm,all_positive_classes,3plus_labels,,,macro_class,other_fg_mean,95.67325902476807,92.63511489035699,97.89740470042621,147,147,463,470,20,5000,5000,1.0,3021694564,20260901
patch_norm,all_positive_classes,3plus_labels,,,macro_class,bg_mean,78.77464635133995,75.93911753204904,81.20654478449217,145,147,464,470,20,5000,5000,1.0,3021694564,20260901
patch_norm,all_positive_classes,3plus_labels,,,macro_class,target_median,98.56834695045143,91.20013614764042,105.93729613462712,147,147,415,470,19,5000,5000,1.0,3021694564,20260901
patch_norm,all_positive_classes,3plus_labels,,,macro_class,other_fg_median,90.03940465373816,87.23890447108857,91.79272890670237,147,147,463,470,20,5000,5000,1.0,3021694564,20260901
patch_norm,all_positive_classes,3plus_labels,,,macro_class,bg_median,71.07927075489167,69.0272348648707,72.93716734958655,145,147,464,470,20,5000,5000,1.0,3021694564,20260901
patch_norm,all_positive_classes,3plus_labels,,,macro_class,spatial_mass_target,0.1532524446458799,0.10023001484653964,0.21211194448442744,147,147,470,470,20,5000,5000,1.0,3021694564,20260901
patch_norm,all_positive_classes,3plus_labels,,,macro_class,spatial_mass_other_fg,0.3222409715078666,0.25328122626711097,0.4070626150625405,147,147,470,470,20,5000,5000,1.0,3021694564,20260901
patch_norm,all_positive_classes,3plus_labels,,,macro_class,spatial_mass_background,0.44925900080135006,0.33883992763034265,0.5384887968997003,147,147,470,470,20,5000,5000,1.0,3021694564,20260901
patch_norm,per_class,all,0,aeroplane,micro,target_hit,0.36666666666666664,0.26666666666666666,0.4666666666666667,90,90,90,90,,5000,5000,1.0,3021694564,20260901
patch_norm,per_class,all,0,aeroplane,micro,other_fg_hit,0.011111111111111112,0.0,0.03333333333333333,90,90,90,90,,5000,5000,1.0,3021694564,20260901
patch_norm,per_class,all,0,aeroplane,micro,background_hit,0.6111111111111112,0.5111111111111111,0.7111111111111111,90,90,90,90,,5000,5000,1.0,3021694564,20260901
patch_norm,per_class,all,0,aeroplane,micro,target_top05_fraction,0.24117787104629201,0.19277146456751723,0.29332060331731385,90,90,90,90,,5000,5000,1.0,3021694564,20260901
patch_norm,per_class,all,0,aeroplane,micro,other_fg_top05_fraction,0.014838936806900193,0.0026165841955315635,0.031134328528493276,90,90,90,90,,5000,5000,1.0,3021694564,20260901
patch_norm,per_class,all,0,aeroplane,micro,bg_top05_fraction,0.7434205140841296,0.6904114671902143,0.7936573120257332,90,90,90,90,,5000,5000,1.0,3021694564,20260901
patch_norm,per_class,all,0,aeroplane,micro,target_tail_enrich_05,1.778756845506744,1.2080830154389985,2.485141383679491,87,90,87,90,,5000,5000,1.0,3021694564,20260901
patch_norm,per_class,all,0,aeroplane,micro,other_fg_tail_enrich_05,3.259667127641731,0.8933747411909603,6.765723645737533,13,90,13,90,,5000,5000,1.0,3021694564,20260901
patch_norm,per_class,all,0,aeroplane,micro,bg_tail_enrich_05,0.9448573239148836,0.8842748149018171,1.0049999864843395,90,90,90,90,,5000,5000,1.0,3021694564,20260901
patch_norm,per_class,all,0,aeroplane,micro,target_top10_fraction,0.27777203624651287,0.22900374543750224,0.33035061445868386,90,90,90,90,,5000,5000,1.0,3021694564,20260901
patch_norm,per_class,all,0,aeroplane,micro,other_fg_top10_fraction,0.017706059175166728,0.0026297315257841577,0.03882298753031013,90,90,90,90,,5000,5000,1.0,3021694564,20260901
patch_norm,per_class,all,0,aeroplane,micro,bg_top10_fraction,0.7039538603393902,0.6503098521813643,0.7547605701037094,90,90,90,90,,5000,5000,1.0,3021694564,20260901
patch_norm,per_class,all,0,aeroplane,micro,target_tail_enrich_10,2.059572944063739,1.5914573009976867,2.5714753889167987,87,90,87,90,,5000,5000,1.0,3021694564,20260901
patch_norm,per_class,all,0,aeroplane,micro,other_fg_tail_enrich_10,2.5440090313378483,0.9416816730751476,4.465105686806955,13,90,13,90,,5000,5000,1.0,3021694564,20260901
patch_norm,per_class,all,0,aeroplane,micro,bg_tail_enrich_10,0.8937561446111227,0.8322242401370032,0.9544227626960405,90,90,90,90,,5000,5000,1.0,3021694564,20260901
patch_norm,per_class,all,0,aeroplane,micro,target_top20_fraction,0.33937200525706585,0.28994964642112037,0.3910666519073549,90,90,90,90,,5000,5000,1.0,3021694564,20260901
patch_norm,per_class,all,0,aeroplane,micro,other_fg_top20_fraction,0.01748151474251754,0.0030186417866849805,0.03952571141953569,90,90,90,90,,5000,5000,1.0,3021694564,20260901
patch_norm,per_class,all,0,aeroplane,micro,bg_top20_fraction,0.6422104117287356,0.5893450721632212,0.6919757372820129,90,90,90,90,,5000,5000,1.0,3021694564,20260901
patch_norm,per_class,all,0,aeroplane,micro,target_tail_enrich_20,2.2031586764748146,1.9285462237327486,2.4894851299170577,87,90,87,90,,5000,5000,1.0,3021694564,20260901
patch_norm,per_class,all,0,aeroplane,micro,other_fg_tail_enrich_20,1.9177859513060156,0.9220335363445699,3.013430755774623,13,90,13,90,,5000,5000,1.0,3021694564,20260901
patch_norm,per_class,all,0,aeroplane,micro,bg_tail_enrich_20,0.8085026938365008,0.7487839271888762,0.8665316953414672,90,90,90,90,,5000,5000,1.0,3021694564,20260901
patch_norm,per_class,all,0,aeroplane,micro,auc_target_bg,0.7955638573826774,0.7697545520537217,0.821118528658359,87,90,87,90,,5000,5000,1.0,3021694564,20260901
patch_norm,per_class,all,0,aeroplane,micro,ap_target_bg,0.3949821000411843,0.35190715129701283,0.44014395741478285,87,90,87,90,,5000,5000,1.0,3021694564,20260901
patch_norm,per_class,all,0,aeroplane,micro,auc_target_other,0.528802068526471,0.325104097808488,0.7262877507352947,12,90,12,90,,5000,5000,1.0,3021694564,20260901
patch_norm,per_class,all,0,aeroplane,micro,ap_target_other,0.8416680337645812,0.7037100980868185,0.9421359090540018,12,90,12,90,,5000,5000,1.0,3021694564,20260901
patch_norm,per_class,all,0,aeroplane,micro,target_mean,113.60221928589174,108.73344849014734,119.3409511963668,87,90,87,90,,5000,5000,1.0,3021694564,20260901
patch_norm,per_class,all,0,aeroplane,micro,other_fg_mean,105.25144455940378,89.37311129657388,128.0017015843406,13,90,13,90,,5000,5000,1.0,3021694564,20260901
patch_norm,per_class,all,0,aeroplane,micro,bg_mean,92.73361523846876,89.63543960146195,95.89502216296091,90,90,90,90,,5000,5000,1.0,3021694564,20260901
patch_norm,per_class,all,0,aeroplane,micro,target_median,106.58166302209612,102.42481892650778,111.56721667360308,87,90,87,90,,5000,5000,1.0,3021694564,20260901
patch_norm,per_class,all,0,aeroplane,micro,other_fg_median,101.22750678429237,86.29420078501983,124.15907487291278,13,90,13,90,,5000,5000,1.0,3021694564,20260901
patch_norm,per_class,all,0,aeroplane,micro,bg_median,80.87608612908258,78.67966428226894,83.10387371169196,90,90,90,90,,5000,5000,1.0,3021694564,20260901
patch_norm,per_class,all,0,aeroplane,micro,spatial_mass_target,0.36842793118450284,0.2683918797550526,0.4684279265843936,90,90,90,90,,5000,5000,1.0,3021694564,20260901
patch_norm,per_class,all,0,aeroplane,micro,spatial_mass_other_fg,0.011111109786563449,2.5377515188922436e-43,0.03333332935969035,90,90,90,90,,5000,5000,1.0,3021694564,20260901
patch_norm,per_class,all,0,aeroplane,micro,spatial_mass_background,0.5570838945151654,0.45607834272474446,0.6584193552245217,90,90,90,90,,5000,5000,1.0,3021694564,20260901
patch_norm,per_class,all,1,bicycle,micro,target_hit,0.0379746835443038,0.0,0.08860759493670886,79,79,79,79,,5000,5000,1.0,3021694564,20260901
patch_norm,per_class,all,1,bicycle,micro,other_fg_hit,0.1518987341772152,0.0759493670886076,0.24050632911392406,79,79,79,79,,5000,5000,1.0,3021694564,20260901
patch_norm,per_class,all,1,bicycle,micro,background_hit,0.810126582278481,0.7215189873417721,0.8987341772151899,79,79,79,79,,5000,5000,1.0,3021694564,20260901
patch_norm,per_class,all,1,bicycle,micro,target_top05_fraction,0.19851079895160245,0.15954628574422086,0.2415522157905857,79,79,79,79,,5000,5000,1.0,3021694564,20260901
patch_norm,per_class,all,1,bicycle,micro,other_fg_top05_fraction,0.18088316759594736,0.12382727430549717,0.2411768917700379,79,79,79,79,,5000,5000,1.0,3021694564,20260901
patch_norm,per_class,all,1,bicycle,micro,bg_top05_fraction,0.6201372101988166,0.562123328705156,0.6761287644742093,79,79,79,79,,5000,5000,1.0,3021694564,20260901
patch_norm,per_class,all,1,bicycle,micro,target_tail_enrich_05,3.377765451741059,2.5041894411903516,4.391464508036502,71,79,71,79,,5000,5000,1.0,3021694564,20260901
patch_norm,per_class,all,1,bicycle,micro,other_fg_tail_enrich_05,2.2208444284576143,1.4974097077966106,3.132602512576226,48,79,48,79,,5000,5000,1.0,3021694564,20260901
patch_norm,per_class,all,1,bicycle,micro,bg_tail_enrich_05,0.789406062875388,0.7238549917607207,0.8567487824280822,79,79,79,79,,5000,5000,1.0,3021694564,20260901
patch_norm,per_class,all,1,bicycle,micro,target_top10_fraction,0.2196316155183775,0.18018661695653337,0.26218734174721214,79,79,79,79,,5000,5000,1.0,3021694564,20260901
patch_norm,per_class,all,1,bicycle,micro,other_fg_top10_fraction,0.19935756762577217,0.1406714943703948,0.26102697283824033,79,79,79,79,,5000,5000,1.0,3021694564,20260901
patch_norm,per_class,all,1,bicycle,micro,bg_top10_fraction,0.5801874838916257,0.525704425014766,0.6338554946733602,79,79,79,79,,5000,5000,1.0,3021694564,20260901
patch_norm,per_class,all,1,bicycle,micro,target_tail_enrich_10,3.42343862159985,2.9021320856877217,3.990423656383795,71,79,71,79,,5000,5000,1.0,3021694564,20260901
patch_norm,per_class,all,1,bicycle,micro,other_fg_tail_enrich_10,2.33466859845524,1.7654661294485914,2.9867551062886872,48,79,48,79,,5000,5000,1.0,3021694564,20260901
patch_norm,per_class,all,1,bicycle,micro,bg_tail_enrich_10,0.7295178802730734,0.6755398977462252,0.7820847314122028,79,79,79,79,,5000,5000,1.0,3021694564,20260901
patch_norm,per_class,all,1,bicycle,micro,target_top20_fraction,0.22420117756718505,0.18269010969937166,0.26811499864820204,79,79,79,79,,5000,5000,1.0,3021694564,20260901
patch_norm,per_class,all,1,bicycle,micro,other_fg_top20_fraction,0.20496890198747292,0.14672849693614343,0.2649011493857983,79,79,79,79,,5000,5000,1.0,3021694564,20260901
patch_norm,per_class,all,1,bicycle,micro,bg_top20_fraction,0.5700777649831152,0.5178682646215401,0.6224078935173424,79,79,79,79,,5000,5000,1.0,3021694564,20260901
patch_norm,per_class,all,1,bicycle,micro,target_tail_enrich_20,2.9552950623512246,2.682818642637727,3.239227929227302,71,79,71,79,,5000,5000,1.0,3021694564,20260901
patch_norm,per_class,all,1,bicycle,micro,other_fg_tail_enrich_20,2.124218311007537,1.7684472991134235,2.5070392036328215,48,79,48,79,,5000,5000,1.0,3021694564,20260901
patch_norm,per_class,all,1,bicycle,micro,bg_tail_enrich_20,0.7115644984622355,0.6663425252906742,0.7556897529380662,79,79,79,79,,5000,5000,1.0,3021694564,20260901
patch_norm,per_class,all,1,bicycle,micro,auc_target_bg,0.8459445914659369,0.8289277765536373,0.8624933336253361,71,79,71,79,,5000,5000,1.0,3021694564,20260901
patch_norm,per_class,all,1,bicycle,micro,ap_target_bg,0.3094423644499203,0.27015736059140183,0.35148091785937124,71,79,71,79,,5000,5000,1.0,3021694564,20260901
patch_norm,per_class,all,1,bicycle,micro,auc_target_other,0.6285399548128459,0.5717068780282583,0.6854907024161582,41,79,41,79,,5000,5000,1.0,3021694564,20260901
patch_norm,per_class,all,1,bicycle,micro,ap_target_other,0.4545284486726572,0.36541296948701,0.5473947075641854,41,79,41,79,,5000,5000,1.0,3021694564,20260901
patch_norm,per_class,all,1,bicycle,micro,target_mean,108.23868202211449,105.17671330447249,111.2986716998514,71,79,71,79,,5000,5000,1.0,3021694564,20260901
patch_norm,per_class,all,1,bicycle,micro,other_fg_mean,100.47521066220399,96.58851229626097,104.79519904222673,48,79,48,79,,5000,5000,1.0,3021694564,20260901
patch_norm,per_class,all,1,bicycle,micro,bg_mean,80.64432964793995,78.6112004922308,82.75208302025429,79,79,79,79,,5000,5000,1.0,3021694564,20260901
patch_norm,per_class,all,1,bicycle,micro,target_median,106.42584717441612,103.23196910833245,109.68706735293435,71,79,71,79,,5000,5000,1.0,3021694564,20260901
patch_norm,per_class,all,1,bicycle,micro,other_fg_median,96.99934808413188,92.88546966259112,101.8193077092563,48,79,48,79,,5000,5000,1.0,3021694564,20260901
patch_norm,per_class,all,1,bicycle,micro,bg_median,74.21681348583367,72.33836756778669,76.10669551740719,79,79,79,79,,5000,5000,1.0,3021694564,20260901
patch_norm,per_class,all,1,bicycle,micro,spatial_mass_target,0.038190695045252084,0.00023294251910188364,0.08856226498584066,79,79,79,79,,5000,5000,1.0,3021694564,20260901
patch_norm,per_class,all,1,bicycle,micro,spatial_mass_other_fg,0.12643122052745584,0.05856180760654486,0.20238625564369542,79,79,79,79,,5000,5000,1.0,3021694564,20260901
patch_norm,per_class,all,1,bicycle,micro,spatial_mass_background,0.7360324225723741,0.6347689173601813,0.8354291526271794,79,79,79,79,,5000,5000,1.0,3021694564,20260901
patch_norm,per_class,all,2,bird,micro,target_hit,0.24271844660194175,0.1650485436893204,0.32038834951456313,103,103,103,103,,5000,5000,1.0,3021694564,20260901
patch_norm,per_class,all,2,bird,micro,other_fg_hit,0.05825242718446602,0.019417475728155338,0.10679611650485436,103,103,103,103,,5000,5000,1.0,3021694564,20260901
patch_norm,per_class,all,2,bird,micro,background_hit,0.6990291262135923,0.6116504854368932,0.7864077669902912,103,103,103,103,,5000,5000,1.0,3021694564,20260901
patch_norm,per_class,all,2,bird,micro,target_top05_fraction,0.191449634011591,0.14876943767496906,0.23791328329380826,103,103,103,103,,5000,5000,1.0,3021694564,20260901
patch_norm,per_class,all,2,bird,micro,other_fg_top05_fraction,0.03606969086338018,0.010953966475811138,0.06771781128122147,103,103,103,103,,5000,5000,1.0,3021694564,20260901
patch_norm,per_class,all,2,bird,micro,bg_top05_fraction,0.7724806751250286,0.7228809312732407,0.8194520582598633,103,103,103,103,,5000,5000,1.0,3021694564,20260901
patch_norm,per_class,all,2,bird,micro,target_tail_enrich_05,1.3887539583355026,0.9827345555765442,1.8761014453087117,99,103,99,103,,5000,5000,1.0,3021694564,20260901
patch_norm,per_class,all,2,bird,micro,other_fg_tail_enrich_05,0.8718697731956385,0.4313239679139783,1.36613945177866,9,103,9,103,,5000,5000,1.0,3021694564,20260901
patch_norm,per_class,all,2,bird,micro,bg_tail_enrich_05,1.0264707237303203,0.9560563901090595,1.1068551841226442,103,103,103,103,,5000,5000,1.0,3021694564,20260901
patch_norm,per_class,all,2,bird,micro,target_top10_fraction,0.23200209679771847,0.1871066907586853,0.2787614676360108,103,103,103,103,,5000,5000,1.0,3021694564,20260901
patch_norm,per_class,all,2,bird,micro,other_fg_top10_fraction,0.03898021366414201,0.012321520257654966,0.0718251961819923,103,103,103,103,,5000,5000,1.0,3021694564,20260901
patch_norm,per_class,all,2,bird,micro,bg_top10_fraction,0.7290176895381395,0.6791296796157614,0.7769453112118518,103,103,103,103,,5000,5000,1.0,3021694564,20260901
patch_norm,per_class,all,2,bird,micro,target_tail_enrich_10,1.6911093169761358,1.312992964903996,2.122318355893381,99,103,99,103,,5000,5000,1.0,3021694564,20260901
patch_norm,per_class,all,2,bird,micro,other_fg_tail_enrich_10,0.8871025742776156,0.494224667350103,1.2879720929484564,9,103,9,103,,5000,5000,1.0,3021694564,20260901
patch_norm,per_class,all,2,bird,micro,bg_tail_enrich_10,0.9474433505819748,0.893432880693977,1.0030557765057155,103,103,103,103,,5000,5000,1.0,3021694564,20260901
patch_norm,per_class,all,2,bird,micro,target_top20_fraction,0.26244599090861054,0.2159316185304148,0.30937955635713665,103,103,103,103,,5000,5000,1.0,3021694564,20260901
patch_norm,per_class,all,2,bird,micro,other_fg_top20_fraction,0.042723544130406244,0.014621089680660537,0.07669305610513011,103,103,103,103,,5000,5000,1.0,3021694564,20260901
patch_norm,per_class,all,2,bird,micro,bg_top20_fraction,0.6947067867716318,0.6436236011803089,0.7440828569743881,103,103,103,103,,5000,5000,1.0,3021694564,20260901
patch_norm,per_class,all,2,bird,micro,target_tail_enrich_20,1.7786642518603972,1.5217557006458888,2.0482021161061623,99,103,99,103,,5000,5000,1.0,3021694564,20260901
patch_norm,per_class,all,2,bird,micro,other_fg_tail_enrich_20,0.9808001606934111,0.6257789869416566,1.3198499349711978,9,103,9,103,,5000,5000,1.0,3021694564,20260901
patch_norm,per_class,all,2,bird,micro,bg_tail_enrich_20,0.8853728325782045,0.8419073569777694,0.9289618533478703,103,103,103,103,,5000,5000,1.0,3021694564,20260901
patch_norm,per_class,all,2,bird,micro,auc_target_bg,0.7270531313955321,0.7019067842703451,0.7521953300721587,99,103,99,103,,5000,5000,1.0,3021694564,20260901
patch_norm,per_class,all,2,bird,micro,ap_target_bg,0.3027193654429191,0.2607743236420765,0.3462140713050095,99,103,99,103,,5000,5000,1.0,3021694564,20260901
patch_norm,per_class,all,2,bird,micro,auc_target_other,0.7897732507726211,0.6623773318724576,0.8993818007179315,5,103,5,103,,5000,4969,0.9938,3021694564,20260901
patch_norm,per_class,all,2,bird,micro,ap_target_other,0.49124911271740734,0.201345158445436,0.8530858450826632,5,103,5,103,,5000,4969,0.9938,3021694564,20260901
patch_norm,per_class,all,2,bird,micro,target_mean,143.70712263060145,138.5339216744747,149.33578050373993,99,103,99,103,,5000,5000,1.0,3021694564,20260901
patch_norm,per_class,all,2,bird,micro,other_fg_mean,101.48171113600914,93.83738606419966,108.8216051125163,9,103,9,103,,5000,5000,1.0,3021694564,20260901
patch_norm,per_class,all,2,bird,micro,bg_mean,125.15910143952121,119.74323894640234,130.73671941901935,103,103,103,103,,5000,5000,1.0,3021694564,20260901
patch_norm,per_class,all,2,bird,micro,target_median,131.2964912183357,126.74685006846947,136.64676172353802,99,103,99,103,,5000,5000,1.0,3021694564,20260901
patch_norm,per_class,all,2,bird,micro,other_fg_median,88.43715922037761,82.29860116481781,94.5412279431782,9,103,9,103,,5000,5000,1.0,3021694564,20260901
patch_norm,per_class,all,2,bird,micro,bg_median,102.5950717370487,98.9703838616899,106.45220246916836,103,103,103,103,,5000,5000,1.0,3021694564,20260901
patch_norm,per_class,all,2,bird,micro,spatial_mass_target,0.23306785711322475,0.15539643452120752,0.31085426164058555,103,103,103,103,,5000,5000,1.0,3021694564,20260901
patch_norm,per_class,all,2,bird,micro,spatial_mass_other_fg,0.048400714220166445,0.009708738342857369,0.09680142623148032,103,103,103,103,,5000,5000,1.0,3021694564,20260901
patch_norm,per_class,all,2,bird,micro,spatial_mass_background,0.6796964752170339,0.5922322139430443,0.7670750485499966,103,103,103,103,,5000,5000,1.0,3021694564,20260901
patch_norm,per_class,all,3,boat,micro,target_hit,0.18055555555555555,0.09722222222222222,0.2777777777777778,72,72,72,72,,5000,5000,1.0,3021694564,20260901
patch_norm,per_class,all,3,boat,micro,other_fg_hit,0.05555555555555555,0.013888888888888888,0.1111111111111111,72,72,72,72,,5000,5000,1.0,3021694564,20260901
patch_norm,per_class,all,3,boat,micro,background_hit,0.7638888888888888,0.6666666666666666,0.8611111111111112,72,72,72,72,,5000,5000,1.0,3021694564,20260901
patch_norm,per_class,all,3,boat,micro,target_top05_fraction,0.17826664191088357,0.12707515760291943,0.23628681754884354,72,72,72,72,,5000,5000,1.0,3021694564,20260901
patch_norm,per_class,all,3,boat,micro,other_fg_top05_fraction,0.03896714817767449,0.01507977509211062,0.06772999887720277,72,72,72,72,,5000,5000,1.0,3021694564,20260901
patch_norm,per_class,all,3,boat,micro,bg_top05_fraction,0.7820628623330942,0.7221249214577783,0.8369143963296432,72,72,72,72,,5000,5000,1.0,3021694564,20260901
patch_norm,per_class,all,3,boat,micro,target_tail_enrich_05,1.7043508015231752,1.0529998573053363,2.5269112323414737,69,72,69,72,,5000,5000,1.0,3021694564,20260901
patch_norm,per_class,all,3,boat,micro,other_fg_tail_enrich_05,4.209726654551222,1.3568343810977772,7.66057338964298,17,72,17,72,,5000,5000,1.0,3021694564,20260901
patch_norm,per_class,all,3,boat,micro,bg_tail_enrich_05,1.0283371431864443,0.9293970189510258,1.1453088528644544,72,72,72,72,,5000,5000,1.0,3021694564,20260901
patch_norm,per_class,all,3,boat,micro,target_top10_fraction,0.22672378651269812,0.177746423178485,0.2829369017820093,72,72,72,72,,5000,5000,1.0,3021694564,20260901
patch_norm,per_class,all,3,boat,micro,other_fg_top10_fraction,0.042851842817324765,0.01604020830633946,0.07531702568290492,72,72,72,72,,5000,5000,1.0,3021694564,20260901
patch_norm,per_class,all,3,boat,micro,bg_top10_fraction,0.7289874975385489,0.671447108793993,0.7823733318949151,72,72,72,72,,5000,5000,1.0,3021694564,20260901
patch_norm,per_class,all,3,boat,micro,target_tail_enrich_10,2.2389345782055377,1.6746078137515552,2.867868377074228,69,72,69,72,,5000,5000,1.0,3021694564,20260901
patch_norm,per_class,all,3,boat,micro,other_fg_tail_enrich_10,2.989651216731371,1.3896894585450645,4.849627831986449,17,72,17,72,,5000,5000,1.0,3021694564,20260901
patch_norm,per_class,all,3,boat,micro,bg_tail_enrich_10,0.9407834950899492,0.8678188910830682,1.018099731317017,72,72,72,72,,5000,5000,1.0,3021694564,20260901
patch_norm,per_class,all,3,boat,micro,target_top20_fraction,0.2725106955581304,0.222444900453415,0.3297954738483146,72,72,72,72,,5000,5000,1.0,3021694564,20260901
patch_norm,per_class,all,3,boat,micro,other_fg_top20_fraction,0.041178434696950456,0.015215110232085377,0.07328907471958719,72,72,72,72,,5000,5000,1.0,3021694564,20260901
patch_norm,per_class,all,3,boat,micro,bg_top20_fraction,0.6846906429461255,0.6282938871417698,0.7368093260291967,72,72,72,72,,5000,5000,1.0,3021694564,20260901
patch_norm,per_class,all,3,boat,micro,target_tail_enrich_20,2.211595933130323,1.892225946266359,2.54393857200455,69,72,69,72,,5000,5000,1.0,3021694564,20260901
patch_norm,per_class,all,3,boat,micro,other_fg_tail_enrich_20,2.3650924892218392,1.602937504380733,3.177061339009668,17,72,17,72,,5000,5000,1.0,3021694564,20260901
patch_norm,per_class,all,3,boat,micro,bg_tail_enrich_20,0.8653439982766743,0.8070319908826856,0.9238601358552405,72,72,72,72,,5000,5000,1.0,3021694564,20260901
patch_norm,per_class,all,3,boat,micro,auc_target_bg,0.753814377351548,0.72207921114303,0.7850836347167317,69,72,69,72,,5000,5000,1.0,3021694564,20260901
patch_norm,per_class,all,3,boat,micro,ap_target_bg,0.3088327983196371,0.26014118665510183,0.36358133603107445,69,72,69,72,,5000,5000,1.0,3021694564,20260901
patch_norm,per_class,all,3,boat,micro,auc_target_other,0.46189323632655405,0.3220120689187858,0.6046850186430978,15,72,15,72,,5000,5000,1.0,3021694564,20260901
patch_norm,per_class,all,3,boat,micro,ap_target_other,0.6480151881901041,0.4797832831529717,0.8026025171783323,15,72,15,72,,5000,5000,1.0,3021694564,20260901
patch_norm,per_class,all,3,boat,micro,target_mean,112.73620842394044,108.20523451822314,117.36903264193273,69,72,69,72,,5000,5000,1.0,3021694564,20260901
patch_norm,per_class,all,3,boat,micro,other_fg_mean,114.55998834525361,102.75483346738554,129.1314662224465,17,72,17,72,,5000,5000,1.0,3021694564,20260901
patch_norm,per_class,all,3,boat,micro,bg_mean,94.82534172296084,90.81989816029278,98.98547135869215,72,72,72,72,,5000,5000,1.0,3021694564,20260901
patch_norm,per_class,all,3,boat,micro,target_median,105.68282168844472,101.41786122454428,110.20586877266565,69,72,69,72,,5000,5000,1.0,3021694564,20260901
patch_norm,per_class,all,3,boat,micro,other_fg_median,108.27786636352539,96.30667788711249,123.5730194981893,17,72,17,72,,5000,5000,1.0,3021694564,20260901
patch_norm,per_class,all,3,boat,micro,bg_median,80.13871267106798,77.2584180328581,83.04513486557536,72,72,72,72,,5000,5000,1.0,3021694564,20260901
patch_norm,per_class,all,3,boat,micro,spatial_mass_target,0.1661410703229692,0.08365917644915317,0.2619873169505525,72,72,72,72,,5000,5000,1.0,3021694564,20260901
patch_norm,per_class,all,3,boat,micro,spatial_mass_other_fg,0.056231181033783634,0.01368435637818486,0.11178673658933919,72,72,72,72,,5000,5000,1.0,3021694564,20260901
patch_norm,per_class,all,3,boat,micro,spatial_mass_background,0.7218422600087019,0.6113441961815027,0.819573136262436,72,72,72,72,,5000,5000,1.0,3021694564,20260901
patch_norm,per_class,all,4,bottle,micro,target_hit,0.13541666666666666,0.07291666666666667,0.20833333333333334,96,96,96,96,,5000,5000,1.0,3021694564,20260901
patch_norm,per_class,all,4,bottle,micro,other_fg_hit,0.22916666666666666,0.14583333333333334,0.3125,96,96,96,96,,5000,5000,1.0,3021694564,20260901
patch_norm,per_class,all,4,bottle,micro,background_hit,0.6354166666666666,0.5416666666666666,0.7291666666666666,96,96,96,96,,5000,5000,1.0,3021694564,20260901
patch_norm,per_class,all,4,bottle,micro,target_top05_fraction,0.15150843330695848,0.11076937664591195,0.19772342595098394,96,96,96,96,,5000,5000,1.0,3021694564,20260901
patch_norm,per_class,all,4,bottle,micro,other_fg_top05_fraction,0.28481344088652244,0.22777235152379835,0.34862036456063483,96,96,96,96,,5000,5000,1.0,3021694564,20260901
patch_norm,per_class,all,4,bottle,micro,bg_top05_fraction,0.5636781258065192,0.5081324845761865,0.6150081269216311,96,96,96,96,,5000,5000,1.0,3021694564,20260901
patch_norm,per_class,all,4,bottle,micro,target_tail_enrich_05,2.180153791468603,1.489885105249621,2.9833376558685885,87,96,87,96,,5000,5000,1.0,3021694564,20260901
patch_norm,per_class,all,4,bottle,micro,other_fg_tail_enrich_05,1.0839618196194907,0.8896582878943585,1.2832141398585264,60,96,60,96,,5000,5000,1.0,3021694564,20260901
patch_norm,per_class,all,4,bottle,micro,bg_tail_enrich_05,1.2623346456582865,1.0457607392911257,1.5651832250537479,93,96,93,96,,5000,5000,1.0,3021694564,20260901
patch_norm,per_class,all,4,bottle,micro,target_top10_fraction,0.16981074824217215,0.12751552386592924,0.21745932720027658,96,96,96,96,,5000,5000,1.0,3021694564,20260901
patch_norm,per_class,all,4,bottle,micro,other_fg_top10_fraction,0.30830436211809265,0.250661919401042,0.37122699155716454,96,96,96,96,,5000,5000,1.0,3021694564,20260901
patch_norm,per_class,all,4,bottle,micro,bg_top10_fraction,0.5217441238739692,0.46997738704706415,0.5715195235658943,96,96,96,96,,5000,5000,1.0,3021694564,20260901
patch_norm,per_class,all,4,bottle,micro,target_tail_enrich_10,2.0192986625687377,1.5887070119453615,2.501901920511259,87,96,87,96,,5000,5000,1.0,3021694564,20260901
patch_norm,per_class,all,4,bottle,micro,other_fg_tail_enrich_10,1.2291528143109784,1.046350508810502,1.4209501896267904,60,96,60,96,,5000,5000,1.0,3021694564,20260901
patch_norm,per_class,all,4,bottle,micro,bg_tail_enrich_10,1.1073711947762421,0.9657134324805926,1.2872368863419161,93,96,93,96,,5000,5000,1.0,3021694564,20260901
patch_norm,per_class,all,4,bottle,micro,target_top20_fraction,0.19835640465751989,0.15439625694312895,0.2452770572975023,96,96,96,96,,5000,5000,1.0,3021694564,20260901
patch_norm,per_class,all,4,bottle,micro,other_fg_top20_fraction,0.34352301921174483,0.28303084708195553,0.40724089942797964,96,96,96,96,,5000,5000,1.0,3021694564,20260901
patch_norm,per_class,all,4,bottle,micro,bg_top20_fraction,0.45791441024670315,0.41052996159799127,0.5026219261934938,96,96,96,96,,5000,5000,1.0,3021694564,20260901
patch_norm,per_class,all,4,bottle,micro,target_tail_enrich_20,1.8238756188935799,1.5680465259350955,2.09338402092344,87,96,87,96,,5000,5000,1.0,3021694564,20260901
patch_norm,per_class,all,4,bottle,micro,other_fg_tail_enrich_20,1.3861283193532925,1.2062792500000066,1.5906294477961194,60,96,60,96,,5000,5000,1.0,3021694564,20260901
patch_norm,per_class,all,4,bottle,micro,bg_tail_enrich_20,0.9214573492185756,0.8271242649754832,1.0376159606915405,93,96,93,96,,5000,5000,1.0,3021694564,20260901
patch_norm,per_class,all,4,bottle,micro,auc_target_bg,0.7235624051188555,0.6887580887170731,0.7567344096703156,84,96,84,96,,5000,5000,1.0,3021694564,20260901
patch_norm,per_class,all,4,bottle,micro,ap_target_bg,0.3004442222640503,0.25408921721652433,0.34896788491951597,84,96,84,96,,5000,5000,1.0,3021694564,20260901
patch_norm,per_class,all,4,bottle,micro,auc_target_other,0.612302377708985,0.5546791018866218,0.6685677402958479,51,96,51,96,,5000,5000,1.0,3021694564,20260901
patch_norm,per_class,all,4,bottle,micro,ap_target_other,0.18951273435715274,0.13615997988927575,0.24986724848415612,51,96,51,96,,5000,5000,1.0,3021694564,20260901
patch_norm,per_class,all,4,bottle,micro,target_mean,109.34269377856023,104.30967420474865,115.11455323773002,87,96,87,96,,5000,5000,1.0,3021694564,20260901
patch_norm,per_class,all,4,bottle,micro,other_fg_mean,93.78604828815062,90.67975701072554,97.04604134701553,60,96,60,96,,5000,5000,1.0,3021694564,20260901
patch_norm,per_class,all,4,bottle,micro,bg_mean,90.72647274806171,86.15697138755779,95.72791425167723,93,96,93,96,,5000,5000,1.0,3021694564,20260901
patch_norm,per_class,all,4,bottle,micro,target_median,102.3751476331689,97.02786677671283,108.47836942336315,87,96,87,96,,5000,5000,1.0,3021694564,20260901
patch_norm,per_class,all,4,bottle,micro,other_fg_median,87.44156653086344,84.52125444571178,90.59070876156841,60,96,60,96,,5000,5000,1.0,3021694564,20260901
patch_norm,per_class,all,4,bottle,micro,bg_median,77.6144423536075,73.65641102334286,82.46158669876014,93,96,93,96,,5000,5000,1.0,3021694564,20260901
patch_norm,per_class,all,4,bottle,micro,spatial_mass_target,0.12496553240556181,0.062499998490597286,0.19783455648275272,96,96,96,96,,5000,5000,1.0,3021694564,20260901
patch_norm,per_class,all,4,bottle,micro,spatial_mass_other_fg,0.23339471804047054,0.15374372974908798,0.3206620607490558,96,96,96,96,,5000,5000,1.0,3021694564,20260901
patch_norm,per_class,all,4,bottle,micro,spatial_mass_background,0.6017191117436814,0.5059375561891721,0.6974699203991874,96,96,96,96,,5000,5000,1.0,3021694564,20260901
patch_norm,per_class,all,5,bus,micro,target_hit,0.5675675675675675,0.44594594594594594,0.6756756756756757,74,74,74,74,,5000,5000,1.0,3021694564,20260901
patch_norm,per_class,all,5,bus,micro,other_fg_hit,0.04054054054054054,0.0,0.0945945945945946,74,74,74,74,,5000,5000,1.0,3021694564,20260901
patch_norm,per_class,all,5,bus,micro,background_hit,0.3918918918918919,0.28378378378378377,0.5135135135135135,74,74,74,74,,5000,5000,1.0,3021694564,20260901
patch_norm,per_class,all,5,bus,micro,target_top05_fraction,0.578389665516266,0.5047094184265238,0.6501541985072391,74,74,74,74,,5000,5000,1.0,3021694564,20260901
patch_norm,per_class,all,5,bus,micro,other_fg_top05_fraction,0.050881370209250716,0.024646727062712127,0.08361721286063385,74,74,74,74,,5000,5000,1.0,3021694564,20260901
patch_norm,per_class,all,5,bus,micro,bg_top05_fraction,0.3690137875593067,0.3030378515278053,0.43734111135426923,74,74,74,74,,5000,5000,1.0,3021694564,20260901
patch_norm,per_class,all,5,bus,micro,target_tail_enrich_05,1.3996403001280315,1.0767580465178415,1.8134150074051285,73,74,73,74,,5000,5000,1.0,3021694564,20260901
patch_norm,per_class,all,5,bus,micro,other_fg_tail_enrich_05,3.1377955630599113,1.652310070607415,4.864475566497396,34,74,34,74,,5000,5000,1.0,3021694564,20260901
patch_norm,per_class,all,5,bus,micro,bg_tail_enrich_05,0.6937721779094439,0.6099905234132585,0.7794767290773014,74,74,74,74,,5000,5000,1.0,3021694564,20260901
patch_norm,per_class,all,5,bus,micro,target_top10_fraction,0.5989029740987892,0.5271642628037351,0.6660852833607597,74,74,74,74,,5000,5000,1.0,3021694564,20260901
patch_norm,per_class,all,5,bus,micro,other_fg_top10_fraction,0.053463124429327144,0.02821359362691043,0.0834866000539898,74,74,74,74,,5000,5000,1.0,3021694564,20260901
patch_norm,per_class,all,5,bus,micro,bg_top10_fraction,0.3462544792063851,0.2857361187096881,0.41044241451672536,74,74,74,74,,5000,5000,1.0,3021694564,20260901
patch_norm,per_class,all,5,bus,micro,target_tail_enrich_10,1.4552740810098674,1.178913219265414,1.7836285224867332,73,74,73,74,,5000,5000,1.0,3021694564,20260901
patch_norm,per_class,all,5,bus,micro,other_fg_tail_enrich_10,3.189839319312603,2.1881546575289192,4.296039881656322,34,74,34,74,,5000,5000,1.0,3021694564,20260901
patch_norm,per_class,all,5,bus,micro,bg_tail_enrich_10,0.6530032123637617,0.5842994121825765,0.7256065587180278,74,74,74,74,,5000,5000,1.0,3021694564,20260901
patch_norm,per_class,all,5,bus,micro,target_top20_fraction,0.6325861669404484,0.5620720465176443,0.6989489484943339,74,74,74,74,,5000,5000,1.0,3021694564,20260901
patch_norm,per_class,all,5,bus,micro,other_fg_top20_fraction,0.059942820289558475,0.03241141184672034,0.091605955345219,74,74,74,74,,5000,5000,1.0,3021694564,20260901
patch_norm,per_class,all,5,bus,micro,bg_top20_fraction,0.3065152328584639,0.25092803085695015,0.3668916915541377,74,74,74,74,,5000,5000,1.0,3021694564,20260901
patch_norm,per_class,all,5,bus,micro,target_tail_enrich_20,1.5476971700714233,1.3378118480042092,1.7779074782444482,73,74,73,74,,5000,5000,1.0,3021694564,20260901
patch_norm,per_class,all,5,bus,micro,other_fg_tail_enrich_20,2.575355986298849,2.0273037569307313,3.1432708825708326,34,74,34,74,,5000,5000,1.0,3021694564,20260901
patch_norm,per_class,all,5,bus,micro,bg_tail_enrich_20,0.5667974886322037,0.5027894597413668,0.6373258424290104,74,74,74,74,,5000,5000,1.0,3021694564,20260901
patch_norm,per_class,all,5,bus,micro,auc_target_bg,0.7671288369093064,0.7401909135427943,0.7933359574802278,73,74,73,74,,5000,5000,1.0,3021694564,20260901
patch_norm,per_class,all,5,bus,micro,ap_target_bg,0.6644996253388815,0.5994237385916329,0.7250362156239584,73,74,73,74,,5000,5000,1.0,3021694564,20260901
patch_norm,per_class,all,5,bus,micro,auc_target_other,0.34691985356400706,0.26488656778349556,0.4367199541178355,33,74,33,74,,5000,5000,1.0,3021694564,20260901
patch_norm,per_class,all,5,bus,micro,ap_target_other,0.7529790311686506,0.633998697701542,0.8536874452079894,33,74,33,74,,5000,5000,1.0,3021694564,20260901
patch_norm,per_class,all,5,bus,micro,target_mean,85.91611147200177,83.89160238850589,88.04570590554897,73,74,73,74,,5000,5000,1.0,3021694564,20260901
patch_norm,per_class,all,5,bus,micro,other_fg_mean,94.45604857599898,88.385524906675,100.9069270455313,34,74,34,74,,5000,5000,1.0,3021694564,20260901
patch_norm,per_class,all,5,bus,micro,bg_mean,73.2116098406022,71.6348415132181,74.89524992947165,74,74,74,74,,5000,5000,1.0,3021694564,20260901
patch_norm,per_class,all,5,bus,micro,target_median,79.74515324422758,78.25062365982983,81.33513740636805,73,74,73,74,,5000,5000,1.0,3021694564,20260901
patch_norm,per_class,all,5,bus,micro,other_fg_median,90.60965739979463,85.3773422608143,95.98442275383893,34,74,34,74,,5000,5000,1.0,3021694564,20260901
patch_norm,per_class,all,5,bus,micro,bg_median,68.1929559192142,66.86106546698389,69.65262342401452,74,74,74,74,,5000,5000,1.0,3021694564,20260901
patch_norm,per_class,all,5,bus,micro,spatial_mass_target,0.5719734053010548,0.454766537321252,0.6801303149060608,74,74,74,74,,5000,5000,1.0,3021694564,20260901
patch_norm,per_class,all,5,bus,micro,spatial_mass_other_fg,0.04077289063422244,0.00023830572535039953,0.09480312561084672,74,74,74,74,,5000,5000,1.0,3021694564,20260901
patch_norm,per_class,all,5,bus,micro,spatial_mass_background,0.38725369615659105,0.2793353431169282,0.4999875467345463,74,74,74,74,,5000,5000,1.0,3021694564,20260901
patch_norm,per_class,all,6,car,micro,target_hit,0.3464566929133858,0.2677165354330709,0.4330708661417323,127,127,127,127,,5000,5000,1.0,3021694564,20260901
patch_norm,per_class,all,6,car,micro,other_fg_hit,0.2283464566929134,0.15748031496062992,0.2992125984251969,127,127,127,127,,5000,5000,1.0,3021694564,20260901
patch_norm,per_class,all,6,car,micro,background_hit,0.4251968503937008,0.33858267716535434,0.5118110236220472,127,127,127,127,,5000,5000,1.0,3021694564,20260901
patch_norm,per_class,all,6,car,micro,target_top05_fraction,0.21997916936058373,0.17344113998384067,0.26913452040428165,127,127,127,127,,5000,5000,1.0,3021694564,20260901
patch_norm,per_class,all,6,car,micro,other_fg_top05_fraction,0.24714678734753817,0.1938792495664585,0.2995225098221581,127,127,127,127,,5000,5000,1.0,3021694564,20260901
patch_norm,per_class,all,6,car,micro,bg_top05_fraction,0.5314759007520033,0.4808342015806027,0.584529026901074,127,127,127,127,,5000,5000,1.0,3021694564,20260901
patch_norm,per_class,all,6,car,micro,target_tail_enrich_05,2.3084179621839014,1.5868005848029108,3.148690318341404,113,127,113,127,,5000,5000,1.0,3021694564,20260901
patch_norm,per_class,all,6,car,micro,other_fg_tail_enrich_05,1.9187000916354544,1.3761831290085678,2.6156046628151723,79,127,79,127,,5000,5000,1.0,3021694564,20260901
patch_norm,per_class,all,6,car,micro,bg_tail_enrich_05,0.9241867533120404,0.8499302315858084,1.000964187372134,127,127,127,127,,5000,5000,1.0,3021694564,20260901
patch_norm,per_class,all,6,car,micro,target_top10_fraction,0.22674907399170263,0.18092644698697477,0.2754007577151262,127,127,127,127,,5000,5000,1.0,3021694564,20260901
patch_norm,per_class,all,6,car,micro,other_fg_top10_fraction,0.2731611792427237,0.21743435307244172,0.3281511529020787,127,127,127,127,,5000,5000,1.0,3021694564,20260901
patch_norm,per_class,all,6,car,micro,bg_top10_fraction,0.49918503999023967,0.4522524985066067,0.5494084327499018,127,127,127,127,,5000,5000,1.0,3021694564,20260901
patch_norm,per_class,all,6,car,micro,target_tail_enrich_10,2.2144666330902307,1.7021109959667862,2.7734263966974737,113,127,113,127,,5000,5000,1.0,3021694564,20260901
patch_norm,per_class,all,6,car,micro,other_fg_tail_enrich_10,2.061451237025584,1.6353659360429604,2.549960454167388,79,127,79,127,,5000,5000,1.0,3021694564,20260901
patch_norm,per_class,all,6,car,micro,bg_tail_enrich_10,0.86608145889337,0.8013515248566044,0.9339201695208986,127,127,127,127,,5000,5000,1.0,3021694564,20260901
patch_norm,per_class,all,6,car,micro,target_top20_fraction,0.2627736334922731,0.2123622700078057,0.31649489589052215,127,127,127,127,,5000,5000,1.0,3021694564,20260901
patch_norm,per_class,all,6,car,micro,other_fg_top20_fraction,0.2896531737731698,0.23226942449212074,0.346198931111477,127,127,127,127,,5000,5000,1.0,3021694564,20260901
patch_norm,per_class,all,6,car,micro,bg_top20_fraction,0.4468127257000718,0.40020522093218747,0.4981578145508023,127,127,127,127,,5000,5000,1.0,3021694564,20260901
patch_norm,per_class,all,6,car,micro,target_tail_enrich_20,1.8884387134413227,1.6218770111348408,2.1672927915612976,113,127,113,127,,5000,5000,1.0,3021694564,20260901
patch_norm,per_class,all,6,car,micro,other_fg_tail_enrich_20,1.999375828671759,1.7355284156155952,2.281932853609023,79,127,79,127,,5000,5000,1.0,3021694564,20260901
patch_norm,per_class,all,6,car,micro,bg_tail_enrich_20,0.751682036387836,0.6981927616663471,0.808578047144583,127,127,127,127,,5000,5000,1.0,3021694564,20260901
patch_norm,per_class,all,6,car,micro,auc_target_bg,0.758108164281937,0.7336463106797001,0.7811381414202238,113,127,113,127,,5000,5000,1.0,3021694564,20260901
patch_norm,per_class,all,6,car,micro,ap_target_bg,0.39454984335779764,0.34073886272667603,0.44913437377086746,113,127,113,127,,5000,5000,1.0,3021694564,20260901
patch_norm,per_class,all,6,car,micro,auc_target_other,0.49439168868819044,0.4295761342622235,0.5598296231974037,66,127,66,127,,5000,5000,1.0,3021694564,20260901
patch_norm,per_class,all,6,car,micro,ap_target_other,0.3701956912220843,0.2885748544520138,0.4550905264410278,66,127,66,127,,5000,5000,1.0,3021694564,20260901
patch_norm,per_class,all,6,car,micro,target_mean,95.46585822778296,92.9213266885125,98.13940596065842,113,127,113,127,,5000,5000,1.0,3021694564,20260901
patch_norm,per_class,all,6,car,micro,other_fg_mean,94.64109477547339,91.1396119592257,98.32278465092604,79,127,79,127,,5000,5000,1.0,3021694564,20260901
patch_norm,per_class,all,6,car,micro,bg_mean,79.66585406792531,77.38976281464649,82.11684558710859,127,127,127,127,,5000,5000,1.0,3021694564,20260901
patch_norm,per_class,all,6,car,micro,target_median,89.23760611610075,87.1029325989005,91.56061194348827,113,127,113,127,,5000,5000,1.0,3021694564,20260901
patch_norm,per_class,all,6,car,micro,other_fg_median,90.56208069716828,87.1868248226224,94.29154876629265,79,127,79,127,,5000,5000,1.0,3021694564,20260901
patch_norm,per_class,all,6,car,micro,bg_median,69.14384313267986,67.84085596602733,70.52240950291551,127,127,127,127,,5000,5000,1.0,3021694564,20260901
patch_norm,per_class,all,6,car,micro,spatial_mass_target,0.33985488758352966,0.2611132712381477,0.4254137476522636,127,127,127,127,,5000,5000,1.0,3021694564,20260901
patch_norm,per_class,all,6,car,micro,spatial_mass_other_fg,0.22052556745157798,0.1497978748929091,0.2913920331247738,127,127,127,127,,5000,5000,1.0,3021694564,20260901
patch_norm,per_class,all,6,car,micro,spatial_mass_background,0.3934545766713687,0.3096722166101148,0.4803234044091779,127,127,127,127,,5000,5000,1.0,3021694564,20260901
patch_norm,per_class,all,7,cat,micro,target_hit,0.3277310924369748,0.24369747899159663,0.4117647058823529,119,119,119,119,,5000,5000,1.0,3021694564,20260901
patch_norm,per_class,all,7,cat,micro,other_fg_hit,0.07563025210084033,0.03361344537815126,0.12605042016806722,119,119,119,119,,5000,5000,1.0,3021694564,20260901
patch_norm,per_class,all,7,cat,micro,background_hit,0.5966386554621849,0.5042016806722689,0.680672268907563,119,119,119,119,,5000,5000,1.0,3021694564,20260901
patch_norm,per_class,all,7,cat,micro,target_top05_fraction,0.29904259250119086,0.25360289854422663,0.3443279551726726,119,119,119,119,,5000,5000,1.0,3021694564,20260901
patch_norm,per_class,all,7,cat,micro,other_fg_top05_fraction,0.09452152782033496,0.059029788730435254,0.13278218587636842,119,119,119,119,,5000,5000,1.0,3021694564,20260901
patch_norm,per_class,all,7,cat,micro,bg_top05_fraction,0.6062204088747679,0.5517919055572391,0.6603650356609414,119,119,119,119,,5000,5000,1.0,3021694564,20260901
patch_norm,per_class,all,7,cat,micro,target_tail_enrich_05,1.1313104732623431,0.8665472428753945,1.4266034303371884,119,119,119,119,,5000,5000,1.0,3021694564,20260901
patch_norm,per_class,all,7,cat,micro,other_fg_tail_enrich_05,1.114842102174721,0.8209361441757902,1.4627939398045116,30,119,30,119,,5000,5000,1.0,3021694564,20260901
patch_norm,per_class,all,7,cat,micro,bg_tail_enrich_05,1.477697102966018,1.2618403617167593,1.7696173744929504,113,119,113,119,,5000,5000,1.0,3021694564,20260901
patch_norm,per_class,all,7,cat,micro,target_top10_fraction,0.3922992852480792,0.3450949562544576,0.43852988072749366,119,119,119,119,,5000,5000,1.0,3021694564,20260901
patch_norm,per_class,all,7,cat,micro,other_fg_top10_fraction,0.08408783725363468,0.05319676447928819,0.11862521117426483,119,119,119,119,,5000,5000,1.0,3021694564,20260901
patch_norm,per_class,all,7,cat,micro,bg_top10_fraction,0.5232882367098645,0.4744423510017756,0.5751941596943673,119,119,119,119,,5000,5000,1.0,3021694564,20260901
patch_norm,per_class,all,7,cat,micro,target_tail_enrich_10,1.4061178199656184,1.1596204492163449,1.6824095146774105,119,119,119,119,,5000,5000,1.0,3021694564,20260901
patch_norm,per_class,all,7,cat,micro,other_fg_tail_enrich_10,0.9911765096025882,0.744108493518333,1.2721639050190234,30,119,30,119,,5000,5000,1.0,3021694564,20260901
patch_norm,per_class,all,7,cat,micro,bg_tail_enrich_10,1.2107851922813506,1.0707847528286925,1.3788035993072367,113,119,113,119,,5000,5000,1.0,3021694564,20260901
patch_norm,per_class,all,7,cat,micro,target_top20_fraction,0.5071103220285366,0.46124212016607236,0.5505348700246651,119,119,119,119,,5000,5000,1.0,3021694564,20260901
patch_norm,per_class,all,7,cat,micro,other_fg_top20_fraction,0.08209450199535072,0.05184312832136026,0.11588021699703767,119,119,119,119,,5000,5000,1.0,3021694564,20260901
patch_norm,per_class,all,7,cat,micro,bg_top20_fraction,0.4104584350891794,0.36799781970285644,0.45546368350996697,119,119,119,119,,5000,5000,1.0,3021694564,20260901
patch_norm,per_class,all,7,cat,micro,target_tail_enrich_20,1.672772224279698,1.483930086915763,1.867025970188844,119,119,119,119,,5000,5000,1.0,3021694564,20260901
patch_norm,per_class,all,7,cat,micro,other_fg_tail_enrich_20,1.038182286436193,0.7928521070753598,1.3190559359445269,30,119,30,119,,5000,5000,1.0,3021694564,20260901
patch_norm,per_class,all,7,cat,micro,bg_tail_enrich_20,0.8978443457699832,0.8071022722604708,0.9982140806541049,113,119,113,119,,5000,5000,1.0,3021694564,20260901
patch_norm,per_class,all,7,cat,micro,auc_target_bg,0.7534585042311035,0.7266083057666903,0.7788959030704221,113,119,113,119,,5000,5000,1.0,3021694564,20260901
patch_norm,per_class,all,7,cat,micro,ap_target_bg,0.5732441592987756,0.535714851848989,0.6085776661472729,113,119,113,119,,5000,5000,1.0,3021694564,20260901
patch_norm,per_class,all,7,cat,micro,auc_target_other,0.7328211037129975,0.6614869527791357,0.7942450980450728,30,119,30,119,,5000,5000,1.0,3021694564,20260901
patch_norm,per_class,all,7,cat,micro,ap_target_other,0.556489916705085,0.46481943720804225,0.6495834005883886,30,119,30,119,,5000,5000,1.0,3021694564,20260901
patch_norm,per_class,all,7,cat,micro,target_mean,121.18800165391741,118.37328270564932,123.95522615785619,119,119,119,119,,5000,5000,1.0,3021694564,20260901
patch_norm,per_class,all,7,cat,micro,other_fg_mean,93.29895789718096,86.15450631023367,102.44390593002994,30,119,30,119,,5000,5000,1.0,3021694564,20260901
patch_norm,per_class,all,7,cat,micro,bg_mean,103.29891741475791,98.2788926116655,108.7654316931694,113,119,113,119,,5000,5000,1.0,3021694564,20260901
patch_norm,per_class,all,7,cat,micro,target_median,118.25297485479787,115.13927357457266,121.35034246925545,119,119,119,119,,5000,5000,1.0,3021694564,20260901
patch_norm,per_class,all,7,cat,micro,other_fg_median,86.16019719441732,79.00594402393855,95.81309256182088,30,119,30,119,,5000,5000,1.0,3021694564,20260901
patch_norm,per_class,all,7,cat,micro,bg_median,84.31914606347549,80.21853185378444,89.41205919494509,113,119,113,119,,5000,5000,1.0,3021694564,20260901
patch_norm,per_class,all,7,cat,micro,spatial_mass_target,0.31124088866879307,0.2275251832921606,0.3955940366347458,119,119,119,119,,5000,5000,1.0,3021694564,20260901
patch_norm,per_class,all,7,cat,micro,spatial_mass_other_fg,0.06690936362965794,0.02521010723928838,0.117011958038712,119,119,119,119,,5000,5000,1.0,3021694564,20260901
patch_norm,per_class,all,7,cat,micro,spatial_mass_background,0.5793569634525051,0.48739750878858235,0.6698878503473599,119,119,119,119,,5000,5000,1.0,3021694564,20260901
patch_norm,per_class,all,8,chair,micro,target_hit,0.0975609756097561,0.04878048780487805,0.15447154471544716,123,123,123,123,,5000,5000,1.0,3021694564,20260901
patch_norm,per_class,all,8,chair,micro,other_fg_hit,0.3333333333333333,0.25203252032520324,0.4146341463414634,123,123,123,123,,5000,5000,1.0,3021694564,20260901
patch_norm,per_class,all,8,chair,micro,background_hit,0.5691056910569106,0.4796747967479675,0.6585365853658537,123,123,123,123,,5000,5000,1.0,3021694564,20260901
patch_norm,per_class,all,8,chair,micro,target_top05_fraction,0.11330506368753497,0.08359289514682929,0.14468167237636986,123,123,123,123,,5000,5000,1.0,3021694564,20260901
patch_norm,per_class,all,8,chair,micro,other_fg_top05_fraction,0.2948927262621288,0.24647090182409548,0.34384659630088815,123,123,123,123,,5000,5000,1.0,3021694564,20260901
patch_norm,per_class,all,8,chair,micro,bg_top05_fraction,0.5918022100503355,0.5432486267980126,0.6406685909771055,123,123,123,123,,5000,5000,1.0,3021694564,20260901
patch_norm,per_class,all,8,chair,micro,target_tail_enrich_05,1.5218282456753425,1.048514776084144,2.0854837946904166,112,123,112,123,,5000,5000,1.0,3021694564,20260901
patch_norm,per_class,all,8,chair,micro,other_fg_tail_enrich_05,1.3554820327598238,1.1124134229622624,1.6394206017727957,107,123,107,123,,5000,5000,1.0,3021694564,20260901
patch_norm,per_class,all,8,chair,micro,bg_tail_enrich_05,0.9857201107637177,0.9051547166962737,1.0733442451106123,122,123,122,123,,5000,5000,1.0,3021694564,20260901
patch_norm,per_class,all,8,chair,micro,target_top10_fraction,0.12089478142073101,0.0932293641707993,0.15052687765651043,123,123,123,123,,5000,5000,1.0,3021694564,20260901
patch_norm,per_class,all,8,chair,micro,other_fg_top10_fraction,0.33829748416262956,0.2906886600246213,0.3860457908112036,123,123,123,123,,5000,5000,1.0,3021694564,20260901
patch_norm,per_class,all,8,chair,micro,bg_top10_fraction,0.5403500548110747,0.4955555265841237,0.5870455839234775,123,123,123,123,,5000,5000,1.0,3021694564,20260901
patch_norm,per_class,all,8,chair,micro,target_tail_enrich_10,1.5243596847356389,1.1978743173594055,1.8912439831251815,112,123,112,123,,5000,5000,1.0,3021694564,20260901
patch_norm,per_class,all,8,chair,micro,other_fg_tail_enrich_10,1.5921464120318018,1.3571041320791386,1.8556080289036054,107,123,107,123,,5000,5000,1.0,3021694564,20260901
patch_norm,per_class,all,8,chair,micro,bg_tail_enrich_10,0.8899043151895598,0.8236511057122524,0.9604623454924661,122,123,122,123,,5000,5000,1.0,3021694564,20260901
patch_norm,per_class,all,8,chair,micro,target_top20_fraction,0.14007428184338463,0.11155380766154573,0.17066812874656354,123,123,123,123,,5000,5000,1.0,3021694564,20260901
patch_norm,per_class,all,8,chair,micro,other_fg_top20_fraction,0.3873425689397835,0.33869341024201294,0.4347080629142294,123,123,123,123,,5000,5000,1.0,3021694564,20260901
patch_norm,per_class,all,8,chair,micro,bg_top20_fraction,0.47177661052765824,0.42992008273539856,0.5148530820197301,123,123,123,123,,5000,5000,1.0,3021694564,20260901
patch_norm,per_class,all,8,chair,micro,target_tail_enrich_20,1.5170335157372128,1.3131635434419375,1.7352854871797416,112,123,112,123,,5000,5000,1.0,3021694564,20260901
patch_norm,per_class,all,8,chair,micro,other_fg_tail_enrich_20,1.7846758985881306,1.5969373909501756,1.9809911151629607,107,123,107,123,,5000,5000,1.0,3021694564,20260901
patch_norm,per_class,all,8,chair,micro,bg_tail_enrich_20,0.7655758739361717,0.7160063541269505,0.8145719479262016,122,123,122,123,,5000,5000,1.0,3021694564,20260901
patch_norm,per_class,all,8,chair,micro,auc_target_bg,0.6928710396013814,0.6657289514484896,0.7197644536917392,111,123,111,123,,5000,5000,1.0,3021694564,20260901
patch_norm,per_class,all,8,chair,micro,ap_target_bg,0.2432702532625879,0.20656267593163824,0.2814749493577706,111,123,111,123,,5000,5000,1.0,3021694564,20260901
patch_norm,per_class,all,8,chair,micro,auc_target_other,0.4221865060732984,0.3823758812948706,0.4622238239618228,96,123,96,123,,5000,5000,1.0,3021694564,20260901
patch_norm,per_class,all,8,chair,micro,ap_target_other,0.3146428703326938,0.26383564167191603,0.3665987038930806,96,123,96,123,,5000,5000,1.0,3021694564,20260901
patch_norm,per_class,all,8,chair,micro,target_mean,86.07817278768206,82.24314131732349,90.3539641658856,112,123,112,123,,5000,5000,1.0,3021694564,20260901
patch_norm,per_class,all,8,chair,micro,other_fg_mean,90.40126914249397,87.37929991719902,93.512552561809,107,123,107,123,,5000,5000,1.0,3021694564,20260901
patch_norm,per_class,all,8,chair,micro,bg_mean,75.80647784469035,73.58919009326756,78.11733246218463,122,123,122,123,,5000,5000,1.0,3021694564,20260901
patch_norm,per_class,all,8,chair,micro,target_median,80.06381131921496,76.48539347826029,84.17424700272181,112,123,112,123,,5000,5000,1.0,3021694564,20260901
patch_norm,per_class,all,8,chair,micro,other_fg_median,85.51420775083739,82.34133808813473,88.73368186312779,107,123,107,123,,5000,5000,1.0,3021694564,20260901
patch_norm,per_class,all,8,chair,micro,bg_median,66.01656058577241,64.48358510878029,67.6596737040848,122,123,122,123,,5000,5000,1.0,3021694564,20260901
patch_norm,per_class,all,8,chair,micro,spatial_mass_target,0.07960185220970088,0.037815451287064046,0.12838153086530896,123,123,123,123,,5000,5000,1.0,3021694564,20260901
patch_norm,per_class,all,8,chair,micro,spatial_mass_other_fg,0.3149515853519296,0.2343144326117756,0.3982374234999707,123,123,123,123,,5000,5000,1.0,3021694564,20260901
patch_norm,per_class,all,8,chair,micro,spatial_mass_background,0.5566628295279675,0.4705343878343181,0.6440766490250648,123,123,123,123,,5000,5000,1.0,3021694564,20260901
patch_norm,per_class,all,9,cow,micro,target_hit,0.4507042253521127,0.3380281690140845,0.5774647887323944,71,71,71,71,,5000,5000,1.0,3021694564,20260901
patch_norm,per_class,all,9,cow,micro,other_fg_hit,0.07042253521126761,0.014084507042253521,0.14084507042253522,71,71,71,71,,5000,5000,1.0,3021694564,20260901
patch_norm,per_class,all,9,cow,micro,background_hit,0.4788732394366197,0.36619718309859156,0.5915492957746479,71,71,71,71,,5000,5000,1.0,3021694564,20260901
patch_norm,per_class,all,9,cow,micro,target_top05_fraction,0.47025905897728165,0.41002997062779906,0.5305148558564214,71,71,71,71,,5000,5000,1.0,3021694564,20260901
patch_norm,per_class,all,9,cow,micro,other_fg_top05_fraction,0.04978335254574735,0.023795839589946337,0.07905669143595931,71,71,71,71,,5000,5000,1.0,3021694564,20260901
patch_norm,per_class,all,9,cow,micro,bg_top05_fraction,0.4795964472707594,0.4227158693682098,0.5371064610007943,71,71,71,71,,5000,5000,1.0,3021694564,20260901
patch_norm,per_class,all,9,cow,micro,target_tail_enrich_05,2.3761282398927848,1.7261470824822178,3.1407819500495755,71,71,71,71,,5000,5000,1.0,3021694564,20260901
patch_norm,per_class,all,9,cow,micro,other_fg_tail_enrich_05,2.8057910020101855,1.26879096078418,4.825102324559176,14,71,14,71,,5000,5000,1.0,3021694564,20260901
patch_norm,per_class,all,9,cow,micro,bg_tail_enrich_05,0.8883739736374885,0.7589029473530827,1.0286309846267234,71,71,71,71,,5000,5000,1.0,3021694564,20260901
patch_norm,per_class,all,9,cow,micro,target_top10_fraction,0.5226785775269457,0.4643836458579065,0.5806354967008264,71,71,71,71,,5000,5000,1.0,3021694564,20260901
patch_norm,per_class,all,9,cow,micro,other_fg_top10_fraction,0.04908452874906743,0.0237564765632046,0.07837983134897376,71,71,71,71,,5000,5000,1.0,3021694564,20260901
patch_norm,per_class,all,9,cow,micro,bg_top10_fraction,0.42787575251777543,0.3743862194264976,0.48420067803323946,71,71,71,71,,5000,5000,1.0,3021694564,20260901
patch_norm,per_class,all,9,cow,micro,target_tail_enrich_10,2.5035119652403943,2.0072952006132,3.034912926428781,71,71,71,71,,5000,5000,1.0,3021694564,20260901
patch_norm,per_class,all,9,cow,micro,other_fg_tail_enrich_10,2.8463674872848763,1.3088314144211586,4.679910292565647,14,71,14,71,,5000,5000,1.0,3021694564,20260901
patch_norm,per_class,all,9,cow,micro,bg_tail_enrich_10,0.7772957981346607,0.664612004578441,0.9030139957479195,71,71,71,71,,5000,5000,1.0,3021694564,20260901
patch_norm,per_class,all,9,cow,micro,target_top20_fraction,0.5468879962960137,0.48621382527820767,0.6061308163813107,71,71,71,71,,5000,5000,1.0,3021694564,20260901
patch_norm,per_class,all,9,cow,micro,other_fg_top20_fraction,0.04272193381661237,0.01999981150564118,0.06899385549808035,71,71,71,71,,5000,5000,1.0,3021694564,20260901
patch_norm,per_class,all,9,cow,micro,bg_top20_fraction,0.40993086088764014,0.3541620896841814,0.4684644288513286,71,71,71,71,,5000,5000,1.0,3021694564,20260901
patch_norm,per_class,all,9,cow,micro,target_tail_enrich_20,2.2673236181677927,1.9663164456404865,2.5738682534308204,71,71,71,71,,5000,5000,1.0,3021694564,20260901
patch_norm,per_class,all,9,cow,micro,other_fg_tail_enrich_20,1.9770644824855002,1.0869941945608066,2.903008933051986,14,71,14,71,,5000,5000,1.0,3021694564,20260901
patch_norm,per_class,all,9,cow,micro,bg_tail_enrich_20,0.6940331946108874,0.6048563122972166,0.7920678327633849,71,71,71,71,,5000,5000,1.0,3021694564,20260901
patch_norm,per_class,all,9,cow,micro,auc_target_bg,0.779562300485162,0.7404798438499856,0.8163835782512674,71,71,71,71,,5000,5000,1.0,3021694564,20260901
patch_norm,per_class,all,9,cow,micro,ap_target_bg,0.5748566672196107,0.5205236902752532,0.6270273141986287,71,71,71,71,,5000,5000,1.0,3021694564,20260901
patch_norm,per_class,all,9,cow,micro,auc_target_other,0.5192237594612285,0.3443319951973189,0.6936892842693957,14,71,14,71,,5000,5000,1.0,3021694564,20260901
patch_norm,per_class,all,9,cow,micro,ap_target_other,0.6211481229817387,0.4785903230785462,0.7551178517231402,14,71,14,71,,5000,5000,1.0,3021694564,20260901
patch_norm,per_class,all,9,cow,micro,target_mean,132.5635488629042,126.62850665627465,138.62636475780897,71,71,71,71,,5000,5000,1.0,3021694564,20260901
patch_norm,per_class,all,9,cow,micro,other_fg_mean,118.74119656685698,105.24447087119967,132.8127213974723,14,71,14,71,,5000,5000,1.0,3021694564,20260901
patch_norm,per_class,all,9,cow,micro,bg_mean,102.2145882647149,95.91028612063093,108.75966287238897,71,71,71,71,,5000,5000,1.0,3021694564,20260901
patch_norm,per_class,all,9,cow,micro,target_median,127.11703716869086,121.27883043289184,133.0962634932827,71,71,71,71,,5000,5000,1.0,3021694564,20260901
patch_norm,per_class,all,9,cow,micro,other_fg_median,109.57105827331543,99.14636728286743,119.91586088180541,14,71,14,71,,5000,5000,1.0,3021694564,20260901
patch_norm,per_class,all,9,cow,micro,bg_median,92.3209564853722,86.19053443452003,98.82972752477082,71,71,71,71,,5000,5000,1.0,3021694564,20260901
patch_norm,per_class,all,9,cow,micro,spatial_mass_target,0.393942400129073,0.2816468487075867,0.5068669606863637,71,71,71,71,,5000,5000,1.0,3021694564,20260901
patch_norm,per_class,all,9,cow,micro,spatial_mass_other_fg,0.05633666470135438,0.014083143574593823,0.11267469287036747,71,71,71,71,,5000,5000,1.0,3021694564,20260901
patch_norm,per_class,all,9,cow,micro,spatial_mass_background,0.4651508912948371,0.35233999785703807,0.577770998754315,71,71,71,71,,5000,5000,1.0,3021694564,20260901
patch_norm,per_class,all,10,diningtable,micro,target_hit,0.32,0.21333333333333335,0.4266666666666667,75,75,75,75,,5000,5000,1.0,3021694564,20260901
patch_norm,per_class,all,10,diningtable,micro,other_fg_hit,0.26666666666666666,0.17333333333333334,0.36,75,75,75,75,,5000,5000,1.0,3021694564,20260901
patch_norm,per_class,all,10,diningtable,micro,background_hit,0.41333333333333333,0.30666666666666664,0.52,75,75,75,75,,5000,5000,1.0,3021694564,20260901
patch_norm,per_class,all,10,diningtable,micro,target_top05_fraction,0.26452859451079264,0.20386363063007798,0.3308250936329882,75,75,75,75,,5000,5000,1.0,3021694564,20260901
patch_norm,per_class,all,10,diningtable,micro,other_fg_top05_fraction,0.27054636402004817,0.21888761691919587,0.3258944152128362,75,75,75,75,,5000,5000,1.0,3021694564,20260901
patch_norm,per_class,all,10,diningtable,micro,bg_top05_fraction,0.46492504146915914,0.40152789175848386,0.5246609192133378,75,75,75,75,,5000,5000,1.0,3021694564,20260901
patch_norm,per_class,all,10,diningtable,micro,target_tail_enrich_05,1.1573791267971187,0.9505878530039864,1.3753621619304441,73,75,73,75,,5000,5000,1.0,3021694564,20260901
patch_norm,per_class,all,10,diningtable,micro,other_fg_tail_enrich_05,0.9490636980978678,0.781240156607887,1.1265023125536386,70,75,70,75,,5000,5000,1.0,3021694564,20260901
patch_norm,per_class,all,10,diningtable,micro,bg_tail_enrich_05,1.0315839381067964,0.8944550412872,1.1861928005745523,73,75,73,75,,5000,5000,1.0,3021694564,20260901
patch_norm,per_class,all,10,diningtable,micro,target_top10_fraction,0.2561631080928772,0.19853794993321217,0.3192045537451431,75,75,75,75,,5000,5000,1.0,3021694564,20260901
patch_norm,per_class,all,10,diningtable,micro,other_fg_top10_fraction,0.31458359678778164,0.2635716901706082,0.36778195262848673,75,75,75,75,,5000,5000,1.0,3021694564,20260901
patch_norm,per_class,all,10,diningtable,micro,bg_top10_fraction,0.42884925471530067,0.3714859912981638,0.4828206128122256,75,75,75,75,,5000,5000,1.0,3021694564,20260901
patch_norm,per_class,all,10,diningtable,micro,target_tail_enrich_10,1.1624135529716586,0.9809337049506162,1.3705938244542544,73,75,73,75,,5000,5000,1.0,3021694564,20260901
patch_norm,per_class,all,10,diningtable,micro,other_fg_tail_enrich_10,1.1708576377821012,0.9993271278594282,1.3630363522922548,70,75,70,75,,5000,5000,1.0,3021694564,20260901
patch_norm,per_class,all,10,diningtable,micro,bg_tail_enrich_10,0.9217690138992081,0.8214288692645443,1.03373732262316,73,75,73,75,,5000,5000,1.0,3021694564,20260901
patch_norm,per_class,all,10,diningtable,micro,target_top20_fraction,0.23966368489026815,0.18746575270979457,0.29645629587234285,75,75,75,75,,5000,5000,1.0,3021694564,20260901
patch_norm,per_class,all,10,diningtable,micro,other_fg_top20_fraction,0.3963809682604907,0.34459159094984426,0.449866117822326,75,75,75,75,,5000,5000,1.0,3021694564,20260901
patch_norm,per_class,all,10,diningtable,micro,bg_top20_fraction,0.36357846137947636,0.3130144932255903,0.41392627163664586,75,75,75,75,,5000,5000,1.0,3021694564,20260901
patch_norm,per_class,all,10,diningtable,micro,target_tail_enrich_20,1.1571339051879705,0.9870516112252175,1.35440138635511,73,75,73,75,,5000,5000,1.0,3021694564,20260901
patch_norm,per_class,all,10,diningtable,micro,other_fg_tail_enrich_20,1.5644315652974048,1.4059400478330508,1.7409709362945784,70,75,70,75,,5000,5000,1.0,3021694564,20260901
patch_norm,per_class,all,10,diningtable,micro,bg_tail_enrich_20,0.7731159271257982,0.7022577335687128,0.8469893261649137,73,75,73,75,,5000,5000,1.0,3021694564,20260901
patch_norm,per_class,all,10,diningtable,micro,auc_target_bg,0.6502773477236421,0.6153213895631329,0.684875447413828,71,75,71,75,,5000,5000,1.0,3021694564,20260901
patch_norm,per_class,all,10,diningtable,micro,ap_target_bg,0.3969378398845605,0.34113430430081954,0.4563474102133654,71,75,71,75,,5000,5000,1.0,3021694564,20260901
patch_norm,per_class,all,10,diningtable,micro,auc_target_other,0.3954814279144664,0.3584068931597718,0.433644743269004,68,75,68,75,,5000,5000,1.0,3021694564,20260901
patch_norm,per_class,all,10,diningtable,micro,ap_target_other,0.3921332039805949,0.33075584919099466,0.45427626976818253,68,75,68,75,,5000,5000,1.0,3021694564,20260901
patch_norm,per_class,all,10,diningtable,micro,target_mean,83.82873197633366,80.44583015050632,87.631206096886,73,75,73,75,,5000,5000,1.0,3021694564,20260901
patch_norm,per_class,all,10,diningtable,micro,other_fg_mean,87.05210775861715,84.0964181494429,90.23353262855213,70,75,70,75,,5000,5000,1.0,3021694564,20260901
patch_norm,per_class,all,10,diningtable,micro,bg_mean,76.14271460358898,72.73766609784813,80.31747652412119,73,75,73,75,,5000,5000,1.0,3021694564,20260901
patch_norm,per_class,all,10,diningtable,micro,target_median,74.98025494405668,72.22173257260708,78.17768310660587,73,75,73,75,,5000,5000,1.0,3021694564,20260901
patch_norm,per_class,all,10,diningtable,micro,other_fg_median,81.18795468466622,78.87703717821132,83.67286271776472,70,75,70,75,,5000,5000,1.0,3021694564,20260901
patch_norm,per_class,all,10,diningtable,micro,bg_median,66.1985714272277,63.8085366445045,69.26979680546181,73,75,73,75,,5000,5000,1.0,3021694564,20260901
patch_norm,per_class,all,10,diningtable,micro,spatial_mass_target,0.3068055548980677,0.20100981206074356,0.41302969934685585,75,75,75,75,,5000,5000,1.0,3021694564,20260901
patch_norm,per_class,all,10,diningtable,micro,spatial_mass_other_fg,0.23993321530754969,0.14687037582715123,0.3335892932437892,75,75,75,75,,5000,5000,1.0,3021694564,20260901
patch_norm,per_class,all,10,diningtable,micro,spatial_mass_background,0.39992789195194556,0.293185189195798,0.5067476218007134,75,75,75,75,,5000,5000,1.0,3021694564,20260901
patch_norm,per_class,all,11,dog,micro,target_hit,0.46875,0.3828125,0.5546875,128,128,128,128,,5000,5000,1.0,3021694564,20260901
patch_norm,per_class,all,11,dog,micro,other_fg_hit,0.1328125,0.078125,0.1953125,128,128,128,128,,5000,5000,1.0,3021694564,20260901
patch_norm,per_class,all,11,dog,micro,background_hit,0.3984375,0.3125,0.484375,128,128,128,128,,5000,5000,1.0,3021694564,20260901
patch_norm,per_class,all,11,dog,micro,target_top05_fraction,0.4170709974857963,0.3660861425750521,0.46717474491675665,128,128,128,128,,5000,5000,1.0,3021694564,20260901
patch_norm,per_class,all,11,dog,micro,other_fg_top05_fraction,0.1071652139997422,0.07239268071965009,0.14522869141920644,128,128,128,128,,5000,5000,1.0,3021694564,20260901
patch_norm,per_class,all,11,dog,micro,bg_top05_fraction,0.47576378851446155,0.4259890183168657,0.5264593290651259,128,128,128,128,,5000,5000,1.0,3021694564,20260901
patch_norm,per_class,all,11,dog,micro,target_tail_enrich_05,1.5773739515716696,1.2962021585409298,1.8801717268474643,128,128,128,128,,5000,5000,1.0,3021694564,20260901
patch_norm,per_class,all,11,dog,micro,other_fg_tail_enrich_05,1.4711250228549297,1.0315414076282068,1.9931470991533156,43,128,43,128,,5000,5000,1.0,3021694564,20260901
patch_norm,per_class,all,11,dog,micro,bg_tail_enrich_05,0.9340099968429414,0.8332355801363355,1.0446490829097965,124,128,124,128,,5000,5000,1.0,3021694564,20260901
patch_norm,per_class,all,11,dog,micro,target_top10_fraction,0.5108378958844212,0.46329684538238103,0.556970870467753,128,128,128,128,,5000,5000,1.0,3021694564,20260901
patch_norm,per_class,all,11,dog,micro,other_fg_top10_fraction,0.10586530699816732,0.07197995094019366,0.14277522768713852,128,128,128,128,,5000,5000,1.0,3021694564,20260901
patch_norm,per_class,all,11,dog,micro,bg_top10_fraction,0.3831966368610012,0.34249819634317313,0.4253530867130031,128,128,128,128,,5000,5000,1.0,3021694564,20260901
patch_norm,per_class,all,11,dog,micro,target_tail_enrich_10,2.0236198052877334,1.7436004697829124,2.3258138788487672,128,128,128,128,,5000,5000,1.0,3021694564,20260901
patch_norm,per_class,all,11,dog,micro,other_fg_tail_enrich_10,1.5365950114188753,1.0832693797112667,2.0737542438865413,43,128,43,128,,5000,5000,1.0,3021694564,20260901
patch_norm,per_class,all,11,dog,micro,bg_tail_enrich_10,0.7509965965800097,0.6795550698640852,0.8300866454816457,124,128,124,128,,5000,5000,1.0,3021694564,20260901
patch_norm,per_class,all,11,dog,micro,target_top20_fraction,0.5691070375791815,0.5225836206686438,0.6152248224493558,128,128,128,128,,5000,5000,1.0,3021694564,20260901
patch_norm,per_class,all,11,dog,micro,other_fg_top20_fraction,0.10384913555183163,0.07157091020501263,0.13896256160683784,128,128,128,128,,5000,5000,1.0,3021694564,20260901
patch_norm,per_class,all,11,dog,micro,bg_top20_fraction,0.32689325927087753,0.29008625175615754,0.36601959033444914,128,128,128,128,,5000,5000,1.0,3021694564,20260901
patch_norm,per_class,all,11,dog,micro,target_tail_enrich_20,2.1537031021029325,1.9593917442720639,2.3501014695500113,128,128,128,128,,5000,5000,1.0,3021694564,20260901
patch_norm,per_class,all,11,dog,micro,other_fg_tail_enrich_20,1.458616003829293,1.130479783836443,1.836702079060357,43,128,43,128,,5000,5000,1.0,3021694564,20260901
patch_norm,per_class,all,11,dog,micro,bg_tail_enrich_20,0.6242208194333356,0.567651715833024,0.6883722068636183,124,128,124,128,,5000,5000,1.0,3021694564,20260901
patch_norm,per_class,all,11,dog,micro,auc_target_bg,0.8129323508320245,0.7910314074339204,0.8335407587894645,124,128,124,128,,5000,5000,1.0,3021694564,20260901
patch_norm,per_class,all,11,dog,micro,ap_target_bg,0.5999351155441182,0.559624084535068,0.6393701904557031,124,128,124,128,,5000,5000,1.0,3021694564,20260901
patch_norm,per_class,all,11,dog,micro,auc_target_other,0.6343164039292576,0.5769854287711854,0.6882541427252593,43,128,43,128,,5000,5000,1.0,3021694564,20260901
patch_norm,per_class,all,11,dog,micro,ap_target_other,0.5513390352523606,0.47289954629187836,0.6331912566767559,43,128,43,128,,5000,5000,1.0,3021694564,20260901
patch_norm,per_class,all,11,dog,micro,target_mean,98.63710946619855,96.69978078991122,100.72616203668909,128,128,128,128,,5000,5000,1.0,3021694564,20260901
patch_norm,per_class,all,11,dog,micro,other_fg_mean,90.0270000401627,85.70355542734494,95.03292812495789,43,128,43,128,,5000,5000,1.0,3021694564,20260901
patch_norm,per_class,all,11,dog,micro,bg_mean,81.33722381785202,79.39990842916464,83.57887569393375,124,128,124,128,,5000,5000,1.0,3021694564,20260901
patch_norm,per_class,all,11,dog,micro,target_median,93.96459847688675,92.18694456294179,95.90097358375787,128,128,128,128,,5000,5000,1.0,3021694564,20260901
patch_norm,per_class,all,11,dog,micro,other_fg_median,84.62500235091808,80.72706526736825,88.9578548618469,43,128,43,128,,5000,5000,1.0,3021694564,20260901
patch_norm,per_class,all,11,dog,micro,bg_median,73.87702248173375,72.41300867085673,75.60893894767761,124,128,124,128,,5000,5000,1.0,3021694564,20260901
patch_norm,per_class,all,11,dog,micro,spatial_mass_target,0.4582891908495793,0.37130117386082806,0.5442685042764323,128,128,128,128,,5000,5000,1.0,3021694564,20260901
patch_norm,per_class,all,11,dog,micro,spatial_mass_other_fg,0.1249920944683254,0.07030466431751851,0.18749209074303508,128,128,128,128,,5000,5000,1.0,3021694564,20260901
patch_norm,per_class,all,11,dog,micro,spatial_mass_background,0.4008670907125084,0.31641534852817127,0.48813660947561777,128,128,128,128,,5000,5000,1.0,3021694564,20260901
patch_norm,per_class,all,12,horse,micro,target_hit,0.27848101265822783,0.17721518987341772,0.379746835443038,79,79,79,79,,5000,5000,1.0,3021694564,20260901
patch_norm,per_class,all,12,horse,micro,other_fg_hit,0.06329113924050633,0.012658227848101266,0.12658227848101267,79,79,79,79,,5000,5000,1.0,3021694564,20260901
patch_norm,per_class,all,12,horse,micro,background_hit,0.6582278481012658,0.5569620253164557,0.759493670886076,79,79,79,79,,5000,5000,1.0,3021694564,20260901
patch_norm,per_class,all,12,horse,micro,target_top05_fraction,0.22265091155830657,0.17682649687687996,0.2732624576416216,79,79,79,79,,5000,5000,1.0,3021694564,20260901
patch_norm,per_class,all,12,horse,micro,other_fg_top05_fraction,0.059228647752964866,0.03292104668728586,0.09188415623125813,79,79,79,79,,5000,5000,1.0,3021694564,20260901
patch_norm,per_class,all,12,horse,micro,bg_top05_fraction,0.7177958707439053,0.6654424316183143,0.7672484829163708,79,79,79,79,,5000,5000,1.0,3021694564,20260901
patch_norm,per_class,all,12,horse,micro,target_tail_enrich_05,1.014902324669098,0.7294402280178961,1.3397618791703354,77,79,77,79,,5000,5000,1.0,3021694564,20260901
patch_norm,per_class,all,12,horse,micro,other_fg_tail_enrich_05,1.9643195772582458,1.1891355708145224,3.0347919529014002,34,79,34,79,,5000,5000,1.0,3021694564,20260901
patch_norm,per_class,all,12,horse,micro,bg_tail_enrich_05,1.2340069079776532,1.0834283891780812,1.438548019279542,79,79,79,79,,5000,5000,1.0,3021694564,20260901
patch_norm,per_class,all,12,horse,micro,target_top10_fraction,0.27456224850627264,0.2285199586055916,0.324196876160116,79,79,79,79,,5000,5000,1.0,3021694564,20260901
patch_norm,per_class,all,12,horse,micro,other_fg_top10_fraction,0.0622858577869582,0.035454487058908864,0.09267694043276137,79,79,79,79,,5000,5000,1.0,3021694564,20260901
patch_norm,per_class,all,12,horse,micro,bg_top10_fraction,0.6626608235954458,0.6114497043674723,0.7110368512691126,79,79,79,79,,5000,5000,1.0,3021694564,20260901
patch_norm,per_class,all,12,horse,micro,target_tail_enrich_10,1.2855411203510547,0.9762440220495068,1.6240327260096101,77,79,77,79,,5000,5000,1.0,3021694564,20260901
patch_norm,per_class,all,12,horse,micro,other_fg_tail_enrich_10,1.9236328330343553,1.3637664548319526,2.6058174320251752,34,79,34,79,,5000,5000,1.0,3021694564,20260901
patch_norm,per_class,all,12,horse,micro,bg_tail_enrich_10,1.1152603616618417,0.9945164503380752,1.2775445210430352,79,79,79,79,,5000,5000,1.0,3021694564,20260901
patch_norm,per_class,all,12,horse,micro,target_top20_fraction,0.36987264925055297,0.32240074030514704,0.41917213737351233,79,79,79,79,,5000,5000,1.0,3021694564,20260901
patch_norm,per_class,all,12,horse,micro,other_fg_top20_fraction,0.05723554575647767,0.034778112935694744,0.08254525988257183,79,79,79,79,,5000,5000,1.0,3021694564,20260901
patch_norm,per_class,all,12,horse,micro,bg_top20_fraction,0.5725651274511021,0.5221191191903326,0.622398503447498,79,79,79,79,,5000,5000,1.0,3021694564,20260901
patch_norm,per_class,all,12,horse,micro,target_tail_enrich_20,1.6512626327631423,1.4063091630740778,1.9025395047084914,77,79,77,79,,5000,5000,1.0,3021694564,20260901
patch_norm,per_class,all,12,horse,micro,other_fg_tail_enrich_20,1.7440000834212164,1.3461032358814495,2.1559867760779357,34,79,34,79,,5000,5000,1.0,3021694564,20260901
patch_norm,per_class,all,12,horse,micro,bg_tail_enrich_20,0.9266038999634116,0.8384700041571728,1.035312568728313,79,79,79,79,,5000,5000,1.0,3021694564,20260901
patch_norm,per_class,all,12,horse,micro,auc_target_bg,0.7260608267670261,0.6928773848880052,0.7575218865199835,77,79,77,79,,5000,5000,1.0,3021694564,20260901
patch_norm,per_class,all,12,horse,micro,ap_target_bg,0.44512537895178833,0.3995198251786037,0.4912227203780462,77,79,77,79,,5000,5000,1.0,3021694564,20260901
patch_norm,per_class,all,12,horse,micro,auc_target_other,0.46525133789631457,0.40342092748280195,0.5277612331169139,33,79,33,79,,5000,5000,1.0,3021694564,20260901
patch_norm,per_class,all,12,horse,micro,ap_target_other,0.7165861666124133,0.6616479191069019,0.7657872815476306,33,79,33,79,,5000,5000,1.0,3021694564,20260901
patch_norm,per_class,all,12,horse,micro,target_mean,104.33986455980276,101.73141481813069,107.28663077229614,77,79,77,79,,5000,5000,1.0,3021694564,20260901
patch_norm,per_class,all,12,horse,micro,other_fg_mean,108.98289857511085,105.08466626501523,113.07682297756179,34,79,34,79,,5000,5000,1.0,3021694564,20260901
patch_norm,per_class,all,12,horse,micro,bg_mean,94.31251723371832,90.58403831118983,98.58144056300354,79,79,79,79,,5000,5000,1.0,3021694564,20260901
patch_norm,per_class,all,12,horse,micro,target_median,100.80107359452681,98.3310928864595,103.58796508563192,77,79,77,79,,5000,5000,1.0,3021694564,20260901
patch_norm,per_class,all,12,horse,micro,other_fg_median,101.4828295988195,97.70870892668472,105.40240721951011,34,79,34,79,,5000,5000,1.0,3021694564,20260901
patch_norm,per_class,all,12,horse,micro,bg_median,83.15769330761101,80.10834419636787,86.69685705885102,79,79,79,79,,5000,5000,1.0,3021694564,20260901
patch_norm,per_class,all,12,horse,micro,spatial_mass_target,0.27873907919731167,0.17861246118243734,0.3798100147316603,79,79,79,79,,5000,5000,1.0,3021694564,20260901
patch_norm,per_class,all,12,horse,micro,spatial_mass_other_fg,0.06671868521731297,0.016272080332451946,0.1262097459156641,79,79,79,79,,5000,5000,1.0,3021694564,20260901
patch_norm,per_class,all,12,horse,micro,spatial_mass_background,0.6163940294326465,0.5066162157918473,0.7212036536940369,79,79,79,79,,5000,5000,1.0,3021694564,20260901
patch_norm,per_class,all,13,motorbike,micro,target_hit,0.42105263157894735,0.3157894736842105,0.5263157894736842,76,76,76,76,,5000,5000,1.0,3021694564,20260901
patch_norm,per_class,all,13,motorbike,micro,other_fg_hit,0.15789473684210525,0.07894736842105263,0.23684210526315788,76,76,76,76,,5000,5000,1.0,3021694564,20260901
patch_norm,per_class,all,13,motorbike,micro,background_hit,0.42105263157894735,0.3157894736842105,0.5394736842105263,76,76,76,76,,5000,5000,1.0,3021694564,20260901
patch_norm,per_class,all,13,motorbike,micro,target_top05_fraction,0.38291373168959913,0.32052074567783573,0.44602014605400825,76,76,76,76,,5000,5000,1.0,3021694564,20260901
patch_norm,per_class,all,13,motorbike,micro,other_fg_top05_fraction,0.14996735032685007,0.10745758817808983,0.19468618766710763,76,76,76,76,,5000,5000,1.0,3021694564,20260901
patch_norm,per_class,all,13,motorbike,micro,bg_top05_fraction,0.4661067722345627,0.40697863955741376,0.5259467119905344,76,76,76,76,,5000,5000,1.0,3021694564,20260901
patch_norm,per_class,all,13,motorbike,micro,target_tail_enrich_05,1.7538863227156385,1.306611296586364,2.3015429412744717,75,76,75,76,,5000,5000,1.0,3021694564,20260901
patch_norm,per_class,all,13,motorbike,micro,other_fg_tail_enrich_05,1.8335131674673268,1.3679333390374742,2.3858355117628816,52,76,52,76,,5000,5000,1.0,3021694564,20260901
patch_norm,per_class,all,13,motorbike,micro,bg_tail_enrich_05,0.7758817520764575,0.6828692660599325,0.8700486544720293,76,76,76,76,,5000,5000,1.0,3021694564,20260901
patch_norm,per_class,all,13,motorbike,micro,target_top10_fraction,0.39502959008027544,0.33858633161076496,0.45130809963946156,76,76,76,76,,5000,5000,1.0,3021694564,20260901
patch_norm,per_class,all,13,motorbike,micro,other_fg_top10_fraction,0.16308147141672436,0.12049532730270729,0.20848254007514821,76,76,76,76,,5000,5000,1.0,3021694564,20260901
patch_norm,per_class,all,13,motorbike,micro,bg_top10_fraction,0.4407015294208541,0.3894648622413279,0.4929804775361333,76,76,76,76,,5000,5000,1.0,3021694564,20260901
patch_norm,per_class,all,13,motorbike,micro,target_tail_enrich_10,1.8585991005298381,1.4972875879738892,2.2656661428434486,75,76,75,76,,5000,5000,1.0,3021694564,20260901
patch_norm,per_class,all,13,motorbike,micro,other_fg_tail_enrich_10,2.220209115585246,1.6765736144981889,2.830186256170184,52,76,52,76,,5000,5000,1.0,3021694564,20260901
patch_norm,per_class,all,13,motorbike,micro,bg_tail_enrich_10,0.7431136763191709,0.6592608957638191,0.8274450157143902,76,76,76,76,,5000,5000,1.0,3021694564,20260901
patch_norm,per_class,all,13,motorbike,micro,target_top20_fraction,0.4283333881109185,0.37503029751268924,0.4825489502398252,76,76,76,76,,5000,5000,1.0,3021694564,20260901
patch_norm,per_class,all,13,motorbike,micro,other_fg_top20_fraction,0.17272106146864596,0.1308188240358593,0.2178239988045001,76,76,76,76,,5000,5000,1.0,3021694564,20260901
patch_norm,per_class,all,13,motorbike,micro,bg_top20_fraction,0.39800786969033336,0.3525091862683821,0.44347322580212967,76,76,76,76,,5000,5000,1.0,3021694564,20260901
patch_norm,per_class,all,13,motorbike,micro,target_tail_enrich_20,1.8856819020216342,1.6461487012229168,2.1350200851138603,75,76,75,76,,5000,5000,1.0,3021694564,20260901
patch_norm,per_class,all,13,motorbike,micro,other_fg_tail_enrich_20,2.164168902331716,1.805087796848857,2.537155908938371,52,76,52,76,,5000,5000,1.0,3021694564,20260901
patch_norm,per_class,all,13,motorbike,micro,bg_tail_enrich_20,0.6645149161946005,0.6020451115619785,0.7284181396771273,76,76,76,76,,5000,5000,1.0,3021694564,20260901
patch_norm,per_class,all,13,motorbike,micro,auc_target_bg,0.7902973281221362,0.7662290894361894,0.813612664423105,75,76,75,76,,5000,5000,1.0,3021694564,20260901
patch_norm,per_class,all,13,motorbike,micro,ap_target_bg,0.5320372071994925,0.48571642671479387,0.577581988020396,75,76,75,76,,5000,5000,1.0,3021694564,20260901
patch_norm,per_class,all,13,motorbike,micro,auc_target_other,0.48775778403702413,0.4490609237350585,0.527691883732843,51,76,51,76,,5000,5000,1.0,3021694564,20260901
patch_norm,per_class,all,13,motorbike,micro,ap_target_other,0.6208044528352841,0.5637057232910273,0.678840665366522,51,76,51,76,,5000,5000,1.0,3021694564,20260901
patch_norm,per_class,all,13,motorbike,micro,target_mean,106.84830531677852,104.6107412943059,109.34953790085841,75,76,75,76,,5000,5000,1.0,3021694564,20260901
patch_norm,per_class,all,13,motorbike,micro,other_fg_mean,106.05446970653284,102.22824166730445,110.0103204054011,52,76,52,76,,5000,5000,1.0,3021694564,20260901
patch_norm,per_class,all,13,motorbike,micro,bg_mean,85.63322521203254,82.94749399889355,88.3311587522411,76,76,76,76,,5000,5000,1.0,3021694564,20260901
patch_norm,per_class,all,13,motorbike,micro,target_median,99.41928985595703,97.23882917022705,101.73173965962728,75,76,75,76,,5000,5000,1.0,3021694564,20260901
patch_norm,per_class,all,13,motorbike,micro,other_fg_median,99.44093425457294,95.88117995109383,103.06271240327133,52,76,52,76,,5000,5000,1.0,3021694564,20260901
patch_norm,per_class,all,13,motorbike,micro,bg_median,75.9634747505188,73.71838744314093,78.2475523860831,76,76,76,76,,5000,5000,1.0,3021694564,20260901
patch_norm,per_class,all,13,motorbike,micro,spatial_mass_target,0.4105345840077945,0.30265289318557814,0.5184181097654385,76,76,76,76,,5000,5000,1.0,3021694564,20260901
patch_norm,per_class,all,13,motorbike,micro,spatial_mass_other_fg,0.14213626532152332,0.06585541360132216,0.2236842058401406,76,76,76,76,,5000,5000,1.0,3021694564,20260901
patch_norm,per_class,all,13,motorbike,micro,spatial_mass_background,0.4078510063595348,0.3025455984755976,0.5134836124207255,76,76,76,76,,5000,5000,1.0,3021694564,20260901
patch_norm,per_class,all,14,person,micro,target_hit,0.25617977528089886,0.2157303370786517,0.298876404494382,445,445,445,445,,5000,5000,1.0,3021694564,20260901
patch_norm,per_class,all,14,person,micro,other_fg_hit,0.23146067415730337,0.19325842696629214,0.2696629213483146,445,445,445,445,,5000,5000,1.0,3021694564,20260901
patch_norm,per_class,all,14,person,micro,background_hit,0.5101123595505618,0.46292134831460674,0.5550561797752809,445,445,445,445,,5000,5000,1.0,3021694564,20260901
patch_norm,per_class,all,14,person,micro,target_top05_fraction,0.26878919292240977,0.24520244828643603,0.29365380797324603,445,445,445,445,,5000,5000,1.0,3021694564,20260901
patch_norm,per_class,all,14,person,micro,other_fg_top05_fraction,0.21683846618610514,0.1940633112888178,0.2399854020188613,445,445,445,445,,5000,5000,1.0,3021694564,20260901
patch_norm,per_class,all,14,person,micro,bg_top05_fraction,0.5137975785751502,0.48914096936820906,0.537927359541947,445,445,445,445,,5000,5000,1.0,3021694564,20260901
patch_norm,per_class,all,14,person,micro,target_tail_enrich_05,1.9263191368859278,1.6623643864723896,2.225140154936331,413,445,413,445,,5000,5000,1.0,3021694564,20260901
patch_norm,per_class,all,14,person,micro,other_fg_tail_enrich_05,1.5853221029079485,1.346567730257746,1.8501327216095715,373,445,373,445,,5000,5000,1.0,3021694564,20260901
patch_norm,per_class,all,14,person,micro,bg_tail_enrich_05,0.959895765127085,0.9089084490402275,1.0110220179243372,441,445,441,445,,5000,5000,1.0,3021694564,20260901
patch_norm,per_class,all,14,person,micro,target_top10_fraction,0.29286684331854523,0.26845233427119114,0.3172667207988923,445,445,445,445,,5000,5000,1.0,3021694564,20260901
patch_norm,per_class,all,14,person,micro,other_fg_top10_fraction,0.23973481465726762,0.21688461331985506,0.26263638908765485,445,445,445,445,,5000,5000,1.0,3021694564,20260901
patch_norm,per_class,all,14,person,micro,bg_top10_fraction,0.46684902967626873,0.4429060461346426,0.4892483281434485,445,445,445,445,,5000,5000,1.0,3021694564,20260901
patch_norm,per_class,all,14,person,micro,target_tail_enrich_10,1.9628336111683478,1.7679409108677437,2.177569173825409,413,445,413,445,,5000,5000,1.0,3021694564,20260901
patch_norm,per_class,all,14,person,micro,other_fg_tail_enrich_10,1.7612336786626561,1.5784156851517777,1.950677385879461,373,445,373,445,,5000,5000,1.0,3021694564,20260901
patch_norm,per_class,all,14,person,micro,bg_tail_enrich_10,0.8585229028770016,0.8159339589935511,0.899765354568448,441,445,441,445,,5000,5000,1.0,3021694564,20260901
patch_norm,per_class,all,14,person,micro,target_top20_fraction,0.31515935621702534,0.29103520657577786,0.33976234081121265,445,445,445,445,,5000,5000,1.0,3021694564,20260901
patch_norm,per_class,all,14,person,micro,other_fg_top20_fraction,0.2663341786658547,0.24299666761829974,0.29007752253400726,445,445,445,445,,5000,5000,1.0,3021694564,20260901
patch_norm,per_class,all,14,person,micro,bg_top20_fraction,0.4179213072151239,0.3952164201026299,0.4392316365051216,445,445,445,445,,5000,5000,1.0,3021694564,20260901
patch_norm,per_class,all,14,person,micro,target_tail_enrich_20,1.8597226964366529,1.7360086309716347,1.985530929447058,413,445,413,445,,5000,5000,1.0,3021694564,20260901
patch_norm,per_class,all,14,person,micro,other_fg_tail_enrich_20,1.8094050057269944,1.6861303876323104,1.9329369934712142,373,445,373,445,,5000,5000,1.0,3021694564,20260901
patch_norm,per_class,all,14,person,micro,bg_tail_enrich_20,0.7477043084670002,0.7163842219675982,0.7773262066967964,441,445,441,445,,5000,5000,1.0,3021694564,20260901
patch_norm,per_class,all,14,person,micro,auc_target_bg,0.7511901468320652,0.7372589514317442,0.7655537243754276,409,445,409,445,,5000,5000,1.0,3021694564,20260901
patch_norm,per_class,all,14,person,micro,ap_target_bg,0.45036103591646776,0.42603476752267205,0.4751938156132532,409,445,409,445,,5000,5000,1.0,3021694564,20260901
patch_norm,per_class,all,14,person,micro,auc_target_other,0.5190614816006235,0.49647859487925683,0.5424175680272195,343,445,343,445,,5000,5000,1.0,3021694564,20260901
patch_norm,per_class,all,14,person,micro,ap_target_other,0.5359155322972599,0.5030864676748971,0.5678890142937112,343,445,343,445,,5000,5000,1.0,3021694564,20260901
patch_norm,per_class,all,14,person,micro,target_mean,99.93850231600243,98.3909717619528,101.58410686351029,413,445,413,445,,5000,5000,1.0,3021694564,20260901
patch_norm,per_class,all,14,person,micro,other_fg_mean,99.30093454312826,97.47760058975828,101.14874672712659,373,445,373,445,,5000,5000,1.0,3021694564,20260901
patch_norm,per_class,all,14,person,micro,bg_mean,83.45250187549892,81.97249372465602,84.92787563043613,441,445,441,445,,5000,5000,1.0,3021694564,20260901
patch_norm,per_class,all,14,person,micro,target_median,94.12997786588876,92.61583962426297,95.72179869732862,413,445,413,445,,5000,5000,1.0,3021694564,20260901
patch_norm,per_class,all,14,person,micro,other_fg_median,94.27916156063131,92.46846382320817,96.15074614982227,373,445,373,445,,5000,5000,1.0,3021694564,20260901
patch_norm,per_class,all,14,person,micro,bg_median,73.75147204063917,72.58703207252248,74.91951796228138,441,445,441,445,,5000,5000,1.0,3021694564,20260901
patch_norm,per_class,all,14,person,micro,spatial_mass_target,0.23780331695838283,0.19923140316904975,0.2776488288865075,445,445,445,445,,5000,5000,1.0,3021694564,20260901
patch_norm,per_class,all,14,person,micro,spatial_mass_other_fg,0.22063462788983257,0.1826256648764151,0.25884187967224453,445,445,445,445,,5000,5000,1.0,3021694564,20260901
patch_norm,per_class,all,14,person,micro,spatial_mass_background,0.48387127111264383,0.4365383234881379,0.5292682999700941,445,445,445,445,,5000,5000,1.0,3021694564,20260901
patch_norm,per_class,all,15,pottedplant,micro,target_hit,0.12941176470588237,0.07058823529411765,0.21176470588235294,85,85,85,85,,5000,5000,1.0,3021694564,20260901
patch_norm,per_class,all,15,pottedplant,micro,other_fg_hit,0.16470588235294117,0.09411764705882353,0.24705882352941178,85,85,85,85,,5000,5000,1.0,3021694564,20260901
patch_norm,per_class,all,15,pottedplant,micro,background_hit,0.7058823529411765,0.6114705882352942,0.8,85,85,85,85,,5000,5000,1.0,3021694564,20260901
patch_norm,per_class,all,15,pottedplant,micro,target_top05_fraction,0.11751102130336329,0.08198352975488288,0.157588082883646,85,85,85,85,,5000,5000,1.0,3021694564,20260901
patch_norm,per_class,all,15,pottedplant,micro,other_fg_top05_fraction,0.2491278330053143,0.19671531378206508,0.3040913848531542,85,85,85,85,,5000,5000,1.0,3021694564,20260901
patch_norm,per_class,all,15,pottedplant,micro,bg_top05_fraction,0.6333611456913222,0.5803035598522533,0.6840996222387931,85,85,85,85,,5000,5000,1.0,3021694564,20260901
patch_norm,per_class,all,15,pottedplant,micro,target_tail_enrich_05,1.8426670519234596,1.148385840792812,2.6440789767471595,68,85,68,85,,5000,5000,1.0,3021694564,20260901
patch_norm,per_class,all,15,pottedplant,micro,other_fg_tail_enrich_05,1.9094414864689178,1.456020909074071,2.4624972301335206,60,85,60,85,,5000,5000,1.0,3021694564,20260901
patch_norm,per_class,all,15,pottedplant,micro,bg_tail_enrich_05,0.9319446801011437,0.865253156607325,1.0027601634280434,85,85,85,85,,5000,5000,1.0,3021694564,20260901
patch_norm,per_class,all,15,pottedplant,micro,target_top10_fraction,0.13857592456543233,0.0999798825836968,0.18261527089766622,85,85,85,85,,5000,5000,1.0,3021694564,20260901
patch_norm,per_class,all,15,pottedplant,micro,other_fg_top10_fraction,0.270331392440794,0.2156284366122467,0.32783961960067065,85,85,85,85,,5000,5000,1.0,3021694564,20260901
patch_norm,per_class,all,15,pottedplant,micro,bg_top10_fraction,0.5907361767549145,0.5364507439479042,0.642818028811702,85,85,85,85,,5000,5000,1.0,3021694564,20260901
patch_norm,per_class,all,15,pottedplant,micro,target_tail_enrich_10,1.941329845631811,1.416582251624947,2.527844173719101,68,85,68,85,,5000,5000,1.0,3021694564,20260901
patch_norm,per_class,all,15,pottedplant,micro,other_fg_tail_enrich_10,2.066189138535415,1.619389886914795,2.5773771922637425,60,85,60,85,,5000,5000,1.0,3021694564,20260901
patch_norm,per_class,all,15,pottedplant,micro,bg_tail_enrich_10,0.8577048477662838,0.7923953640661154,0.9295562882262071,85,85,85,85,,5000,5000,1.0,3021694564,20260901
patch_norm,per_class,all,15,pottedplant,micro,target_top20_fraction,0.16406859506268393,0.11937735497252666,0.21508279429645183,85,85,85,85,,5000,5000,1.0,3021694564,20260901
patch_norm,per_class,all,15,pottedplant,micro,other_fg_top20_fraction,0.2946886288252106,0.23659621796093916,0.3547234997269441,85,85,85,85,,5000,5000,1.0,3021694564,20260901
patch_norm,per_class,all,15,pottedplant,micro,bg_top20_fraction,0.5408909118815648,0.4855273545217564,0.5942880246531111,85,85,85,85,,5000,5000,1.0,3021694564,20260901
patch_norm,per_class,all,15,pottedplant,micro,target_tail_enrich_20,1.829655175221274,1.5238305857174224,2.1495053231447976,68,85,68,85,,5000,5000,1.0,3021694564,20260901
patch_norm,per_class,all,15,pottedplant,micro,other_fg_tail_enrich_20,1.98354946184198,1.7140023186071889,2.2655784302064363,60,85,60,85,,5000,5000,1.0,3021694564,20260901
patch_norm,per_class,all,15,pottedplant,micro,bg_tail_enrich_20,0.762244724998391,0.7076511204365293,0.8182101359086812,85,85,85,85,,5000,5000,1.0,3021694564,20260901
patch_norm,per_class,all,15,pottedplant,micro,auc_target_bg,0.7252572335799432,0.6863676629024974,0.7608699115890143,68,85,68,85,,5000,5000,1.0,3021694564,20260901
patch_norm,per_class,all,15,pottedplant,micro,ap_target_bg,0.2641598642555827,0.2144101582590976,0.32063920313807764,68,85,68,85,,5000,5000,1.0,3021694564,20260901
patch_norm,per_class,all,15,pottedplant,micro,auc_target_other,0.4885054067685594,0.4155926587400586,0.557052093824814,44,85,44,85,,5000,5000,1.0,3021694564,20260901
patch_norm,per_class,all,15,pottedplant,micro,ap_target_other,0.2744583044539135,0.2015755440141729,0.35069181664136356,44,85,44,85,,5000,5000,1.0,3021694564,20260901
patch_norm,per_class,all,15,pottedplant,micro,target_mean,97.50180746541783,91.78179938333993,103.71563965066073,68,85,68,85,,5000,5000,1.0,3021694564,20260901
patch_norm,per_class,all,15,pottedplant,micro,other_fg_mean,92.01416631440556,88.0334360272768,96.22071760666775,60,85,60,85,,5000,5000,1.0,3021694564,20260901
patch_norm,per_class,all,15,pottedplant,micro,bg_mean,79.04882565134801,75.70387975785799,82.90999712395443,85,85,85,85,,5000,5000,1.0,3021694564,20260901
patch_norm,per_class,all,15,pottedplant,micro,target_median,91.88225370294907,86.50438164730329,97.72759300157621,68,85,68,85,,5000,5000,1.0,3021694564,20260901
patch_norm,per_class,all,15,pottedplant,micro,other_fg_median,86.6309375445048,82.74458348609267,90.81485273637867,60,85,60,85,,5000,5000,1.0,3021694564,20260901
patch_norm,per_class,all,15,pottedplant,micro,bg_median,67.7811264038086,65.67824306544135,70.18897324618172,85,85,85,85,,5000,5000,1.0,3021694564,20260901
patch_norm,per_class,all,15,pottedplant,micro,spatial_mass_target,0.10618332088302869,0.0473582481709182,0.17703518103727706,85,85,85,85,,5000,5000,1.0,3021694564,20260901
patch_norm,per_class,all,15,pottedplant,micro,spatial_mass_other_fg,0.15264267109930693,0.08207083318695738,0.23471041928395803,85,85,85,85,,5000,5000,1.0,3021694564,20260901
patch_norm,per_class,all,15,pottedplant,micro,spatial_mass_background,0.6588210575205492,0.552945695275305,0.752939006094339,85,85,85,85,,5000,5000,1.0,3021694564,20260901
patch_norm,per_class,all,16,sheep,micro,target_hit,0.38596491228070173,0.2631578947368421,0.5263157894736842,57,57,57,57,,5000,5000,1.0,3021694564,20260901
patch_norm,per_class,all,16,sheep,micro,other_fg_hit,0.017543859649122806,0.0,0.05263157894736842,57,57,57,57,,5000,5000,1.0,3021694564,20260901
patch_norm,per_class,all,16,sheep,micro,background_hit,0.5964912280701754,0.45614035087719296,0.7192982456140351,57,57,57,57,,5000,5000,1.0,3021694564,20260901
patch_norm,per_class,all,16,sheep,micro,target_top05_fraction,0.4729842098955672,0.4033073134129227,0.5431932861867073,57,57,57,57,,5000,5000,1.0,3021694564,20260901
patch_norm,per_class,all,16,sheep,micro,other_fg_top05_fraction,0.016289035679617394,0.0035987404408457037,0.03248395956152188,57,57,57,57,,5000,5000,1.0,3021694564,20260901
patch_norm,per_class,all,16,sheep,micro,bg_top05_fraction,0.5102769118697097,0.43961531548442906,0.5797712609797098,57,57,57,57,,5000,5000,1.0,3021694564,20260901
patch_norm,per_class,all,16,sheep,micro,target_tail_enrich_05,3.0999396358180586,2.1517000995385427,4.19491278581333,57,57,57,57,,5000,5000,1.0,3021694564,20260901
patch_norm,per_class,all,16,sheep,micro,other_fg_tail_enrich_05,3.92854408920308,0.6643049932499032,9.084154295542008,5,57,5,57,,5000,4971,0.9942,3021694564,20260901
patch_norm,per_class,all,16,sheep,micro,bg_tail_enrich_05,0.7138392629750081,0.6332543729480296,0.7943199975773281,57,57,57,57,,5000,5000,1.0,3021694564,20260901
patch_norm,per_class,all,16,sheep,micro,target_top10_fraction,0.4820070451183042,0.4133430448228038,0.5519090922664768,57,57,57,57,,5000,5000,1.0,3021694564,20260901
patch_norm,per_class,all,16,sheep,micro,other_fg_top10_fraction,0.019670541831206652,0.004329004329004329,0.03862342643506078,57,57,57,57,,5000,5000,1.0,3021694564,20260901
patch_norm,per_class,all,16,sheep,micro,bg_top10_fraction,0.4980974917729362,0.42913354084568883,0.56675853743492,57,57,57,57,,5000,5000,1.0,3021694564,20260901
patch_norm,per_class,all,16,sheep,micro,target_tail_enrich_10,2.8084135909547423,2.2394784738387625,3.4530847245181495,57,57,57,57,,5000,5000,1.0,3021694564,20260901
patch_norm,per_class,all,16,sheep,micro,other_fg_tail_enrich_10,3.4321788554704233,0.9655743927091578,6.270220239978708,5,57,5,57,,5000,4971,0.9942,3021694564,20260901
patch_norm,per_class,all,16,sheep,micro,bg_tail_enrich_10,0.6911273643695441,0.6181104447072642,0.7651608412963814,57,57,57,57,,5000,5000,1.0,3021694564,20260901
patch_norm,per_class,all,16,sheep,micro,target_top20_fraction,0.4823554697165924,0.40879715650717585,0.5548127707787096,57,57,57,57,,5000,5000,1.0,3021694564,20260901
patch_norm,per_class,all,16,sheep,micro,other_fg_top20_fraction,0.023157500735420788,0.0039242843951985225,0.04740707075889419,57,57,57,57,,5000,5000,1.0,3021694564,20260901
patch_norm,per_class,all,16,sheep,micro,bg_top20_fraction,0.4938056123135068,0.42291447932842907,0.5673716554210063,57,57,57,57,,5000,5000,1.0,3021694564,20260901
patch_norm,per_class,all,16,sheep,micro,target_tail_enrich_20,2.3637812986839606,2.059504277059922,2.6928651343249146,57,57,57,57,,5000,5000,1.0,3021694564,20260901
patch_norm,per_class,all,16,sheep,micro,other_fg_tail_enrich_20,2.986005636070514,1.4369035489845419,4.373664274189323,5,57,5,57,,5000,4971,0.9942,3021694564,20260901
patch_norm,per_class,all,16,sheep,micro,bg_tail_enrich_20,0.6752382355159209,0.607421544506033,0.7435088144852938,57,57,57,57,,5000,5000,1.0,3021694564,20260901
patch_norm,per_class,all,16,sheep,micro,auc_target_bg,0.8021289179000456,0.772384681308156,0.8312675147208071,57,57,57,57,,5000,5000,1.0,3021694564,20260901
patch_norm,per_class,all,16,sheep,micro,ap_target_bg,0.5209252206702748,0.4549327810848167,0.586696125550731,57,57,57,57,,5000,5000,1.0,3021694564,20260901
patch_norm,per_class,all,16,sheep,micro,auc_target_other,0.4311860913011321,0.12934397163120567,0.7968628835640237,5,57,5,57,,5000,4971,0.9942,3021694564,20260901
patch_norm,per_class,all,16,sheep,micro,ap_target_other,0.6742192913576404,0.5002502060872522,0.8938675248105503,5,57,5,57,,5000,4971,0.9942,3021694564,20260901
patch_norm,per_class,all,16,sheep,micro,target_mean,112.58685287897083,105.65457712294346,120.43121290410922,57,57,57,57,,5000,5000,1.0,3021694564,20260901
patch_norm,per_class,all,16,sheep,micro,other_fg_mean,102.01687785781107,91.18467189256137,113.09247441082599,5,57,5,57,,5000,4971,0.9942,3021694564,20260901
patch_norm,per_class,all,16,sheep,micro,bg_mean,83.1131550256917,79.64617867527114,86.79272985233885,57,57,57,57,,5000,5000,1.0,3021694564,20260901
patch_norm,per_class,all,16,sheep,micro,target_median,107.22392570763303,99.70555756468522,116.14707735212225,57,57,57,57,,5000,5000,1.0,3021694564,20260901
patch_norm,per_class,all,16,sheep,micro,other_fg_median,100.13701171875,87.63425827026367,113.98702239990234,5,57,5,57,,5000,4971,0.9942,3021694564,20260901
patch_norm,per_class,all,16,sheep,micro,bg_median,74.60606324045281,71.82226042412876,77.52883307975635,57,57,57,57,,5000,5000,1.0,3021694564,20260901
patch_norm,per_class,all,16,sheep,micro,spatial_mass_target,0.38595087787775945,0.2631438590030038,0.5262730680191717,57,57,57,57,,5000,5000,1.0,3021694564,20260901
patch_norm,per_class,all,16,sheep,micro,spatial_mass_other_fg,0.017543859649122806,0.0,0.05263157894736842,57,57,57,57,,5000,5000,1.0,3021694564,20260901
patch_norm,per_class,all,16,sheep,micro,spatial_mass_background,0.5789470397265345,0.43859636637439403,0.7017540754456381,57,57,57,57,,5000,5000,1.0,3021694564,20260901
patch_norm,per_class,all,17,sofa,micro,target_hit,0.16666666666666666,0.08888888888888889,0.24444444444444444,90,90,90,90,,5000,5000,1.0,3021694564,20260901
patch_norm,per_class,all,17,sofa,micro,other_fg_hit,0.24444444444444444,0.15555555555555556,0.3333333333333333,90,90,90,90,,5000,5000,1.0,3021694564,20260901
patch_norm,per_class,all,17,sofa,micro,background_hit,0.5777777777777777,0.4777777777777778,0.6777777777777778,90,90,90,90,,5000,5000,1.0,3021694564,20260901
patch_norm,per_class,all,17,sofa,micro,target_top05_fraction,0.2108349734446226,0.16677635738326527,0.257348511539301,90,90,90,90,,5000,5000,1.0,3021694564,20260901
patch_norm,per_class,all,17,sofa,micro,other_fg_top05_fraction,0.22588596053121338,0.17293047587107183,0.2831460142326371,90,90,90,90,,5000,5000,1.0,3021694564,20260901
patch_norm,per_class,all,17,sofa,micro,bg_top05_fraction,0.5624457326908309,0.5048872116279237,0.6165548423543941,90,90,90,90,,5000,5000,1.0,3021694564,20260901
patch_norm,per_class,all,17,sofa,micro,target_tail_enrich_05,1.0743172951231503,0.75808277065968,1.5438699238795883,88,90,88,90,,5000,5000,1.0,3021694564,20260901
patch_norm,per_class,all,17,sofa,micro,other_fg_tail_enrich_05,2.4123116932514663,1.537733069756418,3.4786402654701134,63,90,63,90,,5000,5000,1.0,3021694564,20260901
patch_norm,per_class,all,17,sofa,micro,bg_tail_enrich_05,1.0615610898599643,0.9428684126909332,1.1941079668516918,85,90,85,90,,5000,5000,1.0,3021694564,20260901
patch_norm,per_class,all,17,sofa,micro,target_top10_fraction,0.22657412997989562,0.1849374307181874,0.27135149491700417,90,90,90,90,,5000,5000,1.0,3021694564,20260901
patch_norm,per_class,all,17,sofa,micro,other_fg_top10_fraction,0.26332429593782997,0.2046252591609905,0.324074546478374,90,90,90,90,,5000,5000,1.0,3021694564,20260901
patch_norm,per_class,all,17,sofa,micro,bg_top10_fraction,0.5090616388651239,0.4543420854628479,0.5614797330433495,90,90,90,90,,5000,5000,1.0,3021694564,20260901
patch_norm,per_class,all,17,sofa,micro,target_tail_enrich_10,1.2403580973462338,0.9810699054521168,1.5417811345717596,88,90,88,90,,5000,5000,1.0,3021694564,20260901
patch_norm,per_class,all,17,sofa,micro,other_fg_tail_enrich_10,2.233439041926071,1.7301802311848828,2.815257885930554,63,90,63,90,,5000,5000,1.0,3021694564,20260901
patch_norm,per_class,all,17,sofa,micro,bg_tail_enrich_10,0.9463431196467538,0.8330983295240613,1.0835246906160747,85,90,85,90,,5000,5000,1.0,3021694564,20260901
patch_norm,per_class,all,17,sofa,micro,target_top20_fraction,0.27295325220425953,0.2286549048514816,0.32010177902767206,90,90,90,90,,5000,5000,1.0,3021694564,20260901
patch_norm,per_class,all,17,sofa,micro,other_fg_top20_fraction,0.2819633386423819,0.22000942990472497,0.34756308603106384,90,90,90,90,,5000,5000,1.0,3021694564,20260901
patch_norm,per_class,all,17,sofa,micro,bg_top20_fraction,0.4441187129870173,0.39509524267249896,0.49081299110938714,90,90,90,90,,5000,5000,1.0,3021694564,20260901
patch_norm,per_class,all,17,sofa,micro,target_tail_enrich_20,1.4980295735011473,1.2584333095126081,1.7466993369523076,88,90,88,90,,5000,5000,1.0,3021694564,20260901
patch_norm,per_class,all,17,sofa,micro,other_fg_tail_enrich_20,2.0613058392879715,1.7721066035556707,2.3663515565531505,63,90,63,90,,5000,5000,1.0,3021694564,20260901
patch_norm,per_class,all,17,sofa,micro,bg_tail_enrich_20,0.8105491663935098,0.718743016791506,0.9207824459343373,85,90,85,90,,5000,5000,1.0,3021694564,20260901
patch_norm,per_class,all,17,sofa,micro,auc_target_bg,0.6995008349502853,0.6616733667069123,0.7344136384747475,83,90,83,90,,5000,5000,1.0,3021694564,20260901
patch_norm,per_class,all,17,sofa,micro,ap_target_bg,0.3780860078741613,0.33357326224624323,0.4239757043490341,83,90,83,90,,5000,5000,1.0,3021694564,20260901
patch_norm,per_class,all,17,sofa,micro,auc_target_other,0.3832791018692579,0.3247424621235077,0.4400493950555966,61,90,61,90,,5000,5000,1.0,3021694564,20260901
patch_norm,per_class,all,17,sofa,micro,ap_target_other,0.45785424059657515,0.385127450272583,0.5340933618236052,61,90,61,90,,5000,5000,1.0,3021694564,20260901
patch_norm,per_class,all,17,sofa,micro,target_mean,81.94489459242332,79.77545507381987,84.40029981716455,88,90,88,90,,5000,5000,1.0,3021694564,20260901
patch_norm,per_class,all,17,sofa,micro,other_fg_mean,92.25772130042502,88.43813672954161,96.38648942116477,63,90,63,90,,5000,5000,1.0,3021694564,20260901
patch_norm,per_class,all,17,sofa,micro,bg_mean,74.4585942645954,71.73891531757478,77.7716452328084,85,90,85,90,,5000,5000,1.0,3021694564,20260901
patch_norm,per_class,all,17,sofa,micro,target_median,78.07135772705078,75.79634363410179,80.64259420818752,88,90,88,90,,5000,5000,1.0,3021694564,20260901
patch_norm,per_class,all,17,sofa,micro,other_fg_median,87.96582279508075,83.63741457792727,92.69805666262009,63,90,63,90,,5000,5000,1.0,3021694564,20260901
patch_norm,per_class,all,17,sofa,micro,bg_median,65.13734243056354,63.26329634471628,67.37309044290254,85,90,85,90,,5000,5000,1.0,3021694564,20260901
patch_norm,per_class,all,17,sofa,micro,spatial_mass_target,0.1635173765616581,0.08888892035047463,0.24130626410847675,90,90,90,90,,5000,5000,1.0,3021694564,20260901
patch_norm,per_class,all,17,sofa,micro,spatial_mass_other_fg,0.2222066016859587,0.14442881152658107,0.311096023271482,90,90,90,90,,5000,5000,1.0,3021694564,20260901
patch_norm,per_class,all,17,sofa,micro,spatial_mass_background,0.5802795871500477,0.47779417208581937,0.6802532877026571,90,90,90,90,,5000,5000,1.0,3021694564,20260901
patch_norm,per_class,all,18,train,micro,target_hit,0.34523809523809523,0.25,0.4523809523809524,84,84,84,84,,5000,5000,1.0,3021694564,20260901
patch_norm,per_class,all,18,train,micro,other_fg_hit,0.023809523809523808,0.0,0.05952380952380952,84,84,84,84,,5000,5000,1.0,3021694564,20260901
patch_norm,per_class,all,18,train,micro,background_hit,0.6309523809523809,0.5238095238095238,0.7380952380952381,84,84,84,84,,5000,5000,1.0,3021694564,20260901
patch_norm,per_class,all,18,train,micro,target_top05_fraction,0.3482653706337916,0.2881232322186269,0.41189041693153533,84,84,84,84,,5000,5000,1.0,3021694564,20260901
patch_norm,per_class,all,18,train,micro,other_fg_top05_fraction,0.012003834372255426,0.0031324973759184285,0.023633201593727907,84,84,84,84,,5000,5000,1.0,3021694564,20260901
patch_norm,per_class,all,18,train,micro,bg_top05_fraction,0.6397307949939526,0.57572670758526,0.6990711918179022,84,84,84,84,,5000,5000,1.0,3021694564,20260901
patch_norm,per_class,all,18,train,micro,target_tail_enrich_05,0.9155999319381197,0.774804795626044,1.0723612353938528,84,84,84,84,,5000,5000,1.0,3021694564,20260901
patch_norm,per_class,all,18,train,micro,other_fg_tail_enrich_05,3.0498993706834385,0.6109062603152525,6.364133742199529,10,84,10,84,,5000,5000,1.0,3021694564,20260901
patch_norm,per_class,all,18,train,micro,bg_tail_enrich_05,1.0666275303157813,0.9740081289982935,1.1556460538555897,83,84,83,84,,5000,5000,1.0,3021694564,20260901
patch_norm,per_class,all,18,train,micro,target_top10_fraction,0.4228795758166361,0.36894389256341625,0.4776167641907014,84,84,84,84,,5000,5000,1.0,3021694564,20260901
patch_norm,per_class,all,18,train,micro,other_fg_top10_fraction,0.011305135029199938,0.0028656578892433562,0.02304705001820615,84,84,84,84,,5000,5000,1.0,3021694564,20260901
patch_norm,per_class,all,18,train,micro,bg_top10_fraction,0.5650521633910383,0.5100633295924797,0.6175226186224764,84,84,84,84,,5000,5000,1.0,3021694564,20260901
patch_norm,per_class,all,18,train,micro,target_tail_enrich_10,1.2276502135422467,1.0904976974991512,1.3784642829509848,84,84,84,84,,5000,5000,1.0,3021694564,20260901
patch_norm,per_class,all,18,train,micro,other_fg_tail_enrich_10,2.2423779810103857,0.7921142586998797,4.0844182718566335,10,84,10,84,,5000,5000,1.0,3021694564,20260901
patch_norm,per_class,all,18,train,micro,bg_tail_enrich_10,0.9569359148758865,0.8870579521798723,1.0244330398409447,83,84,83,84,,5000,5000,1.0,3021694564,20260901
patch_norm,per_class,all,18,train,micro,target_top20_fraction,0.5106226734018451,0.4605943187960343,0.5615167166579556,84,84,84,84,,5000,5000,1.0,3021694564,20260901
patch_norm,per_class,all,18,train,micro,other_fg_top20_fraction,0.012634272402479385,0.0033764989356940564,0.025650882208973866,84,84,84,84,,5000,5000,1.0,3021694564,20260901
patch_norm,per_class,all,18,train,micro,bg_top20_fraction,0.4759050740583326,0.4263859869852315,0.5238142534299635,84,84,84,84,,5000,5000,1.0,3021694564,20260901
patch_norm,per_class,all,18,train,micro,target_tail_enrich_20,1.5294210600021674,1.3833784861853033,1.6861175520768823,84,84,84,84,,5000,5000,1.0,3021694564,20260901
patch_norm,per_class,all,18,train,micro,other_fg_tail_enrich_20,1.7033862540408293,0.9576802451708716,2.697326668780486,10,84,10,84,,5000,5000,1.0,3021694564,20260901
patch_norm,per_class,all,18,train,micro,bg_tail_enrich_20,0.7951702393183122,0.7373221829155456,0.8514683534314736,83,84,83,84,,5000,5000,1.0,3021694564,20260901
patch_norm,per_class,all,18,train,micro,auc_target_bg,0.7199261836646014,0.6952873826127507,0.7447042552351675,83,84,83,84,,5000,5000,1.0,3021694564,20260901
patch_norm,per_class,all,18,train,micro,ap_target_bg,0.5105768081758412,0.4638065844012447,0.5576387646998023,83,84,83,84,,5000,5000,1.0,3021694564,20260901
patch_norm,per_class,all,18,train,micro,auc_target_other,0.46008836371647616,0.3372646703783575,0.5862368972595463,10,84,10,84,,5000,5000,1.0,3021694564,20260901
patch_norm,per_class,all,18,train,micro,ap_target_other,0.7409117609473121,0.5351252921328812,0.920511384885046,10,84,10,84,,5000,5000,1.0,3021694564,20260901
patch_norm,per_class,all,18,train,micro,target_mean,102.35800460545371,99.55739616561887,105.11931902007542,84,84,84,84,,5000,5000,1.0,3021694564,20260901
patch_norm,per_class,all,18,train,micro,other_fg_mean,110.82020172904438,95.67709539326417,131.28740881862367,10,84,10,84,,5000,5000,1.0,3021694564,20260901
patch_norm,per_class,all,18,train,micro,bg_mean,92.74160235450724,89.31322652458961,96.1295106226203,83,84,83,84,,5000,5000,1.0,3021694564,20260901
patch_norm,per_class,all,18,train,micro,target_median,96.43396304902576,93.74665105002266,99.04279624621073,84,84,84,84,,5000,5000,1.0,3021694564,20260901
patch_norm,per_class,all,18,train,micro,other_fg_median,103.76396369934082,87.15175187428792,129.9996315214369,10,84,10,84,,5000,5000,1.0,3021694564,20260901
patch_norm,per_class,all,18,train,micro,bg_median,80.28610381160874,77.65856686149326,82.82015416653698,83,84,83,84,,5000,5000,1.0,3021694564,20260901
patch_norm,per_class,all,18,train,micro,spatial_mass_target,0.3289070223803458,0.23372501867599535,0.4316249032728388,84,84,84,84,,5000,5000,1.0,3021694564,20260901
patch_norm,per_class,all,18,train,micro,spatial_mass_other_fg,0.023809523809523937,5.206806999352064e-38,0.05952380952380965,84,84,84,84,,5000,5000,1.0,3021694564,20260901
patch_norm,per_class,all,18,train,micro,spatial_mass_background,0.6234739243353848,0.5163337491175517,0.7261797704689715,84,84,84,84,,5000,5000,1.0,3021694564,20260901
patch_norm,per_class,all,19,tvmonitor,micro,target_hit,0.17567567567567569,0.0945945945945946,0.2702702702702703,74,74,74,74,,5000,5000,1.0,3021694564,20260901
patch_norm,per_class,all,19,tvmonitor,micro,other_fg_hit,0.0945945945945946,0.04054054054054054,0.16216216216216217,74,74,74,74,,5000,5000,1.0,3021694564,20260901
patch_norm,per_class,all,19,tvmonitor,micro,background_hit,0.7297297297297297,0.6216216216216216,0.8243243243243243,74,74,74,74,,5000,5000,1.0,3021694564,20260901
patch_norm,per_class,all,19,tvmonitor,micro,target_top05_fraction,0.23834606299044422,0.18558137334319766,0.2958362986714694,74,74,74,74,,5000,5000,1.0,3021694564,20260901
patch_norm,per_class,all,19,tvmonitor,micro,other_fg_top05_fraction,0.13381027652009161,0.0839277610236892,0.18853032685136167,74,74,74,74,,5000,5000,1.0,3021694564,20260901
patch_norm,per_class,all,19,tvmonitor,micro,bg_top05_fraction,0.6268214844672881,0.568960789559118,0.6836902370077158,74,74,74,74,,5000,5000,1.0,3021694564,20260901
patch_norm,per_class,all,19,tvmonitor,micro,target_tail_enrich_05,2.300060840066191,1.6221645461530656,3.11602421177005,67,74,67,74,,5000,5000,1.0,3021694564,20260901
patch_norm,per_class,all,19,tvmonitor,micro,other_fg_tail_enrich_05,1.2340694484697465,0.9111945569016353,1.5771631592252395,37,74,37,74,,5000,5000,1.0,3021694564,20260901
patch_norm,per_class,all,19,tvmonitor,micro,bg_tail_enrich_05,0.9341086932209276,0.8477151540973408,1.0189191725279207,73,74,73,74,,5000,5000,1.0,3021694564,20260901
patch_norm,per_class,all,19,tvmonitor,micro,target_top10_fraction,0.2736065078348076,0.21842891355082544,0.33376358549123364,74,74,74,74,,5000,5000,1.0,3021694564,20260901
patch_norm,per_class,all,19,tvmonitor,micro,other_fg_top10_fraction,0.14669725222032445,0.09555627394391346,0.20245318943274762,74,74,74,74,,5000,5000,1.0,3021694564,20260901
patch_norm,per_class,all,19,tvmonitor,micro,bg_top10_fraction,0.5788387612392878,0.5224522216319969,0.6338106959118347,74,74,74,74,,5000,5000,1.0,3021694564,20260901
patch_norm,per_class,all,19,tvmonitor,micro,target_tail_enrich_10,2.328499345605397,1.8197278735687776,2.8914366039534833,67,74,67,74,,5000,5000,1.0,3021694564,20260901
patch_norm,per_class,all,19,tvmonitor,micro,other_fg_tail_enrich_10,1.600124394306387,1.220652108440611,2.012187869144415,37,74,37,74,,5000,5000,1.0,3021694564,20260901
patch_norm,per_class,all,19,tvmonitor,micro,bg_tail_enrich_10,0.8455044651962543,0.7727101980523542,0.9205557033718049,73,74,73,74,,5000,5000,1.0,3021694564,20260901
patch_norm,per_class,all,19,tvmonitor,micro,target_top20_fraction,0.2976398246371887,0.2415802262092398,0.3559758232712499,74,74,74,74,,5000,5000,1.0,3021694564,20260901
patch_norm,per_class,all,19,tvmonitor,micro,other_fg_top20_fraction,0.16437474986181816,0.11046588900164067,0.22456917061958026,74,74,74,74,,5000,5000,1.0,3021694564,20260901
patch_norm,per_class,all,19,tvmonitor,micro,bg_top20_fraction,0.5367714920546784,0.48244320759698595,0.5887709539306804,74,74,74,74,,5000,5000,1.0,3021694564,20260901
patch_norm,per_class,all,19,tvmonitor,micro,target_tail_enrich_20,2.1676515928140425,1.8575713896752895,2.490604071533584,67,74,67,74,,5000,5000,1.0,3021694564,20260901
patch_norm,per_class,all,19,tvmonitor,micro,other_fg_tail_enrich_20,1.7176355964477399,1.3786416520349796,2.083757229264785,37,74,37,74,,5000,5000,1.0,3021694564,20260901
patch_norm,per_class,all,19,tvmonitor,micro,bg_tail_enrich_20,0.7570303442338006,0.7061813168776181,0.8074346789295255,73,74,73,74,,5000,5000,1.0,3021694564,20260901
patch_norm,per_class,all,19,tvmonitor,micro,auc_target_bg,0.745808420457873,0.7126178612955253,0.7781385901678705,66,74,66,74,,5000,5000,1.0,3021694564,20260901
patch_norm,per_class,all,19,tvmonitor,micro,ap_target_bg,0.34966472997085984,0.299421052535079,0.4014937752773247,66,74,66,74,,5000,5000,1.0,3021694564,20260901
patch_norm,per_class,all,19,tvmonitor,micro,auc_target_other,0.5552530517854091,0.4596952273621108,0.6495510866886345,31,74,31,74,,5000,5000,1.0,3021694564,20260901
patch_norm,per_class,all,19,tvmonitor,micro,ap_target_other,0.4911353827056205,0.37832560414951627,0.6054125123102307,31,74,31,74,,5000,5000,1.0,3021694564,20260901
patch_norm,per_class,all,19,tvmonitor,micro,target_mean,105.73283200966668,100.54871759854471,111.15830578601232,67,74,67,74,,5000,5000,1.0,3021694564,20260901
patch_norm,per_class,all,19,tvmonitor,micro,other_fg_mean,89.87238160549674,85.44433087903073,94.6449451675864,37,74,37,74,,5000,5000,1.0,3021694564,20260901
patch_norm,per_class,all,19,tvmonitor,micro,bg_mean,82.59924961426862,78.57808746613293,86.88354178620726,73,74,73,74,,5000,5000,1.0,3021694564,20260901
patch_norm,per_class,all,19,tvmonitor,micro,target_median,102.95048474553806,97.32677854721591,108.7824011889565,67,74,67,74,,5000,5000,1.0,3021694564,20260901
patch_norm,per_class,all,19,tvmonitor,micro,other_fg_median,85.79656446302259,81.32616895993552,90.74693854520638,37,74,37,74,,5000,5000,1.0,3021694564,20260901
patch_norm,per_class,all,19,tvmonitor,micro,bg_median,72.07570034183868,68.97487123107409,75.41851226336335,73,74,73,74,,5000,5000,1.0,3021694564,20260901
patch_norm,per_class,all,19,tvmonitor,micro,spatial_mass_target,0.17199709950449016,0.09109921330218712,0.26291085956843846,74,74,74,74,,5000,5000,1.0,3021694564,20260901
patch_norm,per_class,all,19,tvmonitor,micro,spatial_mass_other_fg,0.0993360353811386,0.04016500650462859,0.17167994673656242,74,74,74,74,,5000,5000,1.0,3021694564,20260901
patch_norm,per_class,all,19,tvmonitor,micro,spatial_mass_background,0.7286668681230564,0.6288492497617397,0.8265708960083672,74,74,74,74,,5000,5000,1.0,3021694564,20260901
r_native_classifier,all_positive_classes,all,,,micro,target_hit,0.8262692128551468,0.8091948750395445,0.8428173501087954,1449,1449,2147,2147,,5000,5000,1.0,3021694564,20260901
r_native_classifier,all_positive_classes,all,,,micro,other_fg_hit,0.04657661853749418,0.037036608565993105,0.056422198694718616,1449,1449,2147,2147,,5000,5000,1.0,3021694564,20260901
r_native_classifier,all_positive_classes,all,,,micro,background_hit,0.12715416860735912,0.11246395442719216,0.14252703432644542,1449,1449,2147,2147,,5000,5000,1.0,3021694564,20260901
r_native_classifier,all_positive_classes,all,,,micro,target_top05_fraction,0.7415192154008174,0.7258802240138961,0.7567974565024292,1449,1449,2147,2147,,5000,5000,1.0,3021694564,20260901
r_native_classifier,all_positive_classes,all,,,micro,other_fg_top05_fraction,0.05044850946646656,0.04410999613131819,0.056936374235609065,1449,1449,2147,2147,,5000,5000,1.0,3021694564,20260901
r_native_classifier,all_positive_classes,all,,,micro,bg_top05_fraction,0.20728930376131416,0.19369066045878294,0.2213040687877309,1449,1449,2147,2147,,5000,5000,1.0,3021694564,20260901
r_native_classifier,all_positive_classes,all,,,micro,target_tail_enrich_05,6.501743887773932,6.243254481035881,6.7600983318772006,1441,1449,2031,2147,,5000,5000,1.0,3021694564,20260901
r_native_classifier,all_positive_classes,all,,,micro,other_fg_tail_enrich_05,0.5452808409439504,0.4310218934715358,0.6785479262358204,520,1449,1158,2147,,5000,5000,1.0,3021694564,20260901
r_native_classifier,all_positive_classes,all,,,micro,bg_tail_enrich_05,0.34678115092142453,0.31497960244511836,0.3832557889130843,1432,1449,2120,2147,,5000,5000,1.0,3021694564,20260901
r_native_classifier,all_positive_classes,all,,,micro,target_top10_fraction,0.6790267806503527,0.6627866154031907,0.6947971679826256,1449,1449,2147,2147,,5000,5000,1.0,3021694564,20260901
r_native_classifier,all_positive_classes,all,,,micro,other_fg_top10_fraction,0.05690700725829823,0.05079623986373772,0.06309637459182395,1449,1449,2147,2147,,5000,5000,1.0,3021694564,20260901
r_native_classifier,all_positive_classes,all,,,micro,bg_top10_fraction,0.26330415298229,0.24853140505329943,0.2784682635445014,1449,1449,2147,2147,,5000,5000,1.0,3021694564,20260901
r_native_classifier,all_positive_classes,all,,,micro,target_tail_enrich_10,4.8040417120742065,4.667988902554721,4.937713585409815,1441,1449,2031,2147,,5000,5000,1.0,3021694564,20260901
r_native_classifier,all_positive_classes,all,,,micro,other_fg_tail_enrich_10,0.5547340861652518,0.46920073983959654,0.6476161742135965,520,1449,1158,2147,,5000,5000,1.0,3021694564,20260901
r_native_classifier,all_positive_classes,all,,,micro,bg_tail_enrich_10,0.4248896827680162,0.3963895035933441,0.4556570563884253,1432,1449,2120,2147,,5000,5000,1.0,3021694564,20260901
r_native_classifier,all_positive_classes,all,,,micro,target_top20_fraction,0.5853978306278999,0.5691582488051677,0.6017297093019701,1449,1449,2147,2147,,5000,5000,1.0,3021694564,20260901
r_native_classifier,all_positive_classes,all,,,micro,other_fg_top20_fraction,0.06571375481686033,0.05924370102945866,0.0722573068681131,1449,1449,2147,2147,,5000,5000,1.0,3021694564,20260901
r_native_classifier,all_positive_classes,all,,,micro,bg_top20_fraction,0.34808141191930947,0.33222028442621554,0.3641256240184307,1449,1449,2147,2147,,5000,5000,1.0,3021694564,20260901
r_native_classifier,all_positive_classes,all,,,micro,target_tail_enrich_20,3.304171203510072,3.2428771331650554,3.364788464851028,1441,1449,2031,2147,,5000,5000,1.0,3021694564,20260901
r_native_classifier,all_positive_classes,all,,,micro,other_fg_tail_enrich_20,0.564525595703875,0.5041333565528664,0.6288798704520328,520,1449,1158,2147,,5000,5000,1.0,3021694564,20260901
r_native_classifier,all_positive_classes,all,,,micro,bg_tail_enrich_20,0.5442675676351589,0.5197466407451323,0.5702414145251534,1432,1449,2120,2147,,5000,5000,1.0,3021694564,20260901
r_native_classifier,all_positive_classes,all,,,micro,auc_target_bg,0.9113741052094763,0.9059752789778917,0.9169544270754012,1424,1449,2004,2147,,5000,5000,1.0,3021694564,20260901
r_native_classifier,all_positive_classes,all,,,micro,ap_target_bg,0.7984928979329743,0.7872861391880744,0.8093839480694841,1424,1449,2004,2147,,5000,5000,1.0,3021694564,20260901
r_native_classifier,all_positive_classes,all,,,micro,auc_target_other,0.8911946012872208,0.8806711916796757,0.9010290435453515,462,1449,1052,2147,,5000,5000,1.0,3021694564,20260901
r_native_classifier,all_positive_classes,all,,,micro,ap_target_other,0.8421224878736339,0.8273274601214011,0.8568070133646079,462,1449,1052,2147,,5000,5000,1.0,3021694564,20260901
r_native_classifier,all_positive_classes,all,,,micro,target_mean,0.5257505040237853,0.5172596763756158,0.5343904743521405,1441,1449,2031,2147,,5000,5000,1.0,3021694564,20260901
r_native_classifier,all_positive_classes,all,,,micro,other_fg_mean,0.07273154726267711,0.06499409037353625,0.08086298131975538,520,1449,1158,2147,,5000,5000,1.0,3021694564,20260901
r_native_classifier,all_positive_classes,all,,,micro,bg_mean,0.09475506467503124,0.0907933185908586,0.09872826779264647,1432,1449,2120,2147,,5000,5000,1.0,3021694564,20260901
r_native_classifier,all_positive_classes,all,,,micro,target_median,0.5270159537259697,0.5174245135850967,0.5369305712927431,1441,1449,2031,2147,,5000,5000,1.0,3021694564,20260901
r_native_classifier,all_positive_classes,all,,,micro,other_fg_median,0.04825056518838396,0.040468969887422074,0.056695229810237335,520,1449,1158,2147,,5000,5000,1.0,3021694564,20260901
r_native_classifier,all_positive_classes,all,,,micro,bg_median,0.05676467006308159,0.0524987510437158,0.06111993407564268,1432,1449,2120,2147,,5000,5000,1.0,3021694564,20260901
r_native_classifier,all_positive_classes,all,,,micro,spatial_mass_target,0.29690552669994597,0.28651483130834304,0.3074863964731833,1449,1449,2147,2147,,5000,5000,1.0,3021694564,20260901
r_native_classifier,all_positive_classes,all,,,micro,spatial_mass_other_fg,0.12295476343932996,0.11342175425267344,0.13243861695348325,1449,1449,2147,2147,,5000,5000,1.0,3021694564,20260901
r_native_classifier,all_positive_classes,all,,,micro,spatial_mass_background,0.5416253969063752,0.5275000791165491,0.5553435197899694,1449,1449,2147,2147,,5000,5000,1.0,3021694564,20260901
r_native_classifier,all_positive_classes,all,,,macro_class,target_hit,0.8239369722336317,0.806760714955188,0.8406529201675482,1449,1449,2147,2147,20,5000,5000,1.0,3021694564,20260901
r_native_classifier,all_positive_classes,all,,,macro_class,other_fg_hit,0.040573404661933855,0.03180202623665846,0.04967302636637413,1449,1449,2147,2147,20,5000,5000,1.0,3021694564,20260901
r_native_classifier,all_positive_classes,all,,,macro_class,background_hit,0.13548962310443446,0.12016771304778238,0.15135236332633978,1449,1449,2147,2147,20,5000,5000,1.0,3021694564,20260901
r_native_classifier,all_positive_classes,all,,,macro_class,target_top05_fraction,0.7431454706257741,0.7284918697106774,0.7573128818539437,1449,1449,2147,2147,20,5000,5000,1.0,3021694564,20260901
r_native_classifier,all_positive_classes,all,,,macro_class,other_fg_top05_fraction,0.04377643272629348,0.0384733188004571,0.048975725734867824,1449,1449,2147,2147,20,5000,5000,1.0,3021694564,20260901
r_native_classifier,all_positive_classes,all,,,macro_class,bg_top05_fraction,0.21218865719723237,0.19897752643489125,0.22579216881955153,1449,1449,2147,2147,20,5000,5000,1.0,3021694564,20260901
r_native_classifier,all_positive_classes,all,,,macro_class,target_tail_enrich_05,6.406898988954948,6.137005285740621,6.677585431100384,1441,1449,2031,2147,20,5000,5000,1.0,3021694564,20260901
r_native_classifier,all_positive_classes,all,,,macro_class,other_fg_tail_enrich_05,0.4581374204722799,0.33795864899080813,0.6210492635454781,520,1449,1158,2147,20,5000,5000,1.0,3021694564,20260901
r_native_classifier,all_positive_classes,all,,,macro_class,bg_tail_enrich_05,0.34160619516155644,0.31243274695077267,0.3761019956746541,1432,1449,2120,2147,20,5000,5000,1.0,3021694564,20260901
r_native_classifier,all_positive_classes,all,,,macro_class,target_top10_fraction,0.6816739826934297,0.6665172400757621,0.6963351201901309,1449,1449,2147,2147,20,5000,5000,1.0,3021694564,20260901
r_native_classifier,all_positive_classes,all,,,macro_class,other_fg_top10_fraction,0.049871773550788465,0.04472776338428733,0.054916299544260194,1449,1449,2147,2147,20,5000,5000,1.0,3021694564,20260901
r_native_classifier,all_positive_classes,all,,,macro_class,bg_top10_fraction,0.2675872107073764,0.25336360038218847,0.28201407302646225,1449,1449,2147,2147,20,5000,5000,1.0,3021694564,20260901
r_native_classifier,all_positive_classes,all,,,macro_class,target_tail_enrich_10,4.744808474049063,4.601913241835208,4.88452222241467,1441,1449,2031,2147,20,5000,5000,1.0,3021694564,20260901
r_native_classifier,all_positive_classes,all,,,macro_class,other_fg_tail_enrich_10,0.4991239537440027,0.4090146601772313,0.6059869942152017,520,1449,1158,2147,20,5000,5000,1.0,3021694564,20260901
r_native_classifier,all_positive_classes,all,,,macro_class,bg_tail_enrich_10,0.41766530665963647,0.3904798550803199,0.4494732365179351,1432,1449,2120,2147,20,5000,5000,1.0,3021694564,20260901
r_native_classifier,all_positive_classes,all,,,macro_class,target_top20_fraction,0.5883963933856682,0.5732127974014292,0.6038177255120765,1449,1449,2147,2147,20,5000,5000,1.0,3021694564,20260901
r_native_classifier,all_positive_classes,all,,,macro_class,other_fg_top20_fraction,0.0576168872514166,0.0520739929132495,0.0632491592926758,1449,1449,2147,2147,20,5000,5000,1.0,3021694564,20260901
r_native_classifier,all_positive_classes,all,,,macro_class,bg_top20_fraction,0.3531076265401484,0.3377633350567444,0.36828246456875896,1449,1449,2147,2147,20,5000,5000,1.0,3021694564,20260901
r_native_classifier,all_positive_classes,all,,,macro_class,target_tail_enrich_20,3.2735148420658433,3.208352804242614,3.3394649117586175,1441,1449,2031,2147,20,5000,5000,1.0,3021694564,20260901
r_native_classifier,all_positive_classes,all,,,macro_class,other_fg_tail_enrich_20,0.5239449209360669,0.45574572375726424,0.6033590010791219,520,1449,1158,2147,20,5000,5000,1.0,3021694564,20260901
r_native_classifier,all_positive_classes,all,,,macro_class,bg_tail_enrich_20,0.5347012872950302,0.5101770775978042,0.5612168079393098,1432,1449,2120,2147,20,5000,5000,1.0,3021694564,20260901
r_native_classifier,all_positive_classes,all,,,macro_class,auc_target_bg,0.9051434305679434,0.8992696540136299,0.9110957073555533,1424,1449,2004,2147,20,5000,5000,1.0,3021694564,20260901
r_native_classifier,all_positive_classes,all,,,macro_class,ap_target_bg,0.783248817603353,0.7726108755092296,0.7938760535581831,1424,1449,2004,2147,20,5000,5000,1.0,3021694564,20260901
r_native_classifier,all_positive_classes,all,,,macro_class,auc_target_other,0.8867652250326262,0.8687344910218266,0.9024888925271506,462,1449,1052,2147,20,5000,5000,1.0,3021694564,20260901
r_native_classifier,all_positive_classes,all,,,macro_class,ap_target_other,0.8598286177624411,0.8349504944229263,0.8810204752524281,462,1449,1052,2147,20,5000,5000,1.0,3021694564,20260901
r_native_classifier,all_positive_classes,all,,,macro_class,target_mean,0.5202146705896481,0.5119435353872818,0.528747676330321,1441,1449,2031,2147,20,5000,5000,1.0,3021694564,20260901
r_native_classifier,all_positive_classes,all,,,macro_class,other_fg_mean,0.07303120893210466,0.06324787045545248,0.08419483017204424,520,1449,1158,2147,20,5000,5000,1.0,3021694564,20260901
r_native_classifier,all_positive_classes,all,,,macro_class,bg_mean,0.09816310428641403,0.09457197437693164,0.10178254300861403,1432,1449,2120,2147,20,5000,5000,1.0,3021694564,20260901
r_native_classifier,all_positive_classes,all,,,macro_class,target_median,0.5207200559646451,0.5110938715107742,0.530509391041171,1441,1449,2031,2147,20,5000,5000,1.0,3021694564,20260901
r_native_classifier,all_positive_classes,all,,,macro_class,other_fg_median,0.0508724200246851,0.04098281923726965,0.062123702892970485,520,1449,1158,2147,20,5000,5000,1.0,3021694564,20260901
r_native_classifier,all_positive_classes,all,,,macro_class,bg_median,0.059931063809974594,0.05609157983275893,0.06384510573827235,1432,1449,2120,2147,20,5000,5000,1.0,3021694564,20260901
r_native_classifier,all_positive_classes,all,,,macro_class,spatial_mass_target,0.3008560999420021,0.290586234728191,0.3113946966501897,1449,1449,2147,2147,20,5000,5000,1.0,3021694564,20260901
r_native_classifier,all_positive_classes,all,,,macro_class,spatial_mass_other_fg,0.10636929260746852,0.0980984619257001,0.1146485357226035,1449,1449,2147,2147,20,5000,5000,1.0,3021694564,20260901
r_native_classifier,all_positive_classes,all,,,macro_class,spatial_mass_background,0.5552787750512296,0.5425345239045852,0.5675372298699183,1449,1449,2147,2147,20,5000,5000,1.0,3021694564,20260901
r_native_classifier,all_positive_classes,single_label,,,micro,target_hit,0.9255663430420712,0.9083063646170443,0.941747572815534,927,927,927,927,,5000,5000,1.0,3021694564,20260901
r_native_classifier,all_positive_classes,single_label,,,micro,other_fg_hit,0.0,0.0,0.0,927,927,927,927,,5000,5000,1.0,3021694564,20260901
r_native_classifier,all_positive_classes,single_label,,,micro,background_hit,0.0744336569579288,0.05825242718446602,0.09169363538295577,927,927,927,927,,5000,5000,1.0,3021694564,20260901
r_native_classifier,all_positive_classes,single_label,,,micro,target_top05_fraction,0.8719767576528834,0.8555878056258426,0.8876029394249987,927,927,927,927,,5000,5000,1.0,3021694564,20260901
r_native_classifier,all_positive_classes,single_label,,,micro,other_fg_top05_fraction,0.0,0.0,0.0,927,927,927,927,,5000,5000,1.0,3021694564,20260901
r_native_classifier,all_positive_classes,single_label,,,micro,bg_top05_fraction,0.1272864682159414,0.11177375963905434,0.14348204850271543,927,927,927,927,,5000,5000,1.0,3021694564,20260901
r_native_classifier,all_positive_classes,single_label,,,micro,target_tail_enrich_05,4.963271384574388,4.670208774574276,5.272726940666299,921,927,921,927,,5000,5000,1.0,3021694564,20260901
r_native_classifier,all_positive_classes,single_label,,,micro,bg_tail_enrich_05,0.1510434771130877,0.13221654868080193,0.17199631349176148,918,927,918,927,,5000,5000,1.0,3021694564,20260901
r_native_classifier,all_positive_classes,single_label,,,micro,target_top10_fraction,0.8241411499191083,0.8058562856139168,0.8414213843881712,927,927,927,927,,5000,5000,1.0,3021694564,20260901
r_native_classifier,all_positive_classes,single_label,,,micro,other_fg_top10_fraction,0.0,0.0,0.0,927,927,927,927,,5000,5000,1.0,3021694564,20260901
r_native_classifier,all_positive_classes,single_label,,,micro,bg_top10_fraction,0.1751131646231416,0.15781504805658364,0.19335515807640624,927,927,927,927,,5000,5000,1.0,3021694564,20260901
r_native_classifier,all_positive_classes,single_label,,,micro,target_tail_enrich_10,3.993383667396662,3.8258774230824466,4.1691049454630935,921,927,921,927,,5000,5000,1.0,3021694564,20260901
r_native_classifier,all_positive_classes,single_label,,,micro,bg_tail_enrich_10,0.20470439595554,0.1852265678697462,0.224903499834571,918,927,918,927,,5000,5000,1.0,3021694564,20260901
r_native_classifier,all_positive_classes,single_label,,,micro,target_top20_fraction,0.7404577998015085,0.7201898713026728,0.7600569442416664,927,927,927,927,,5000,5000,1.0,3021694564,20260901
r_native_classifier,all_positive_classes,single_label,,,micro,other_fg_top20_fraction,0.0,0.0,0.0,927,927,927,927,,5000,5000,1.0,3021694564,20260901
r_native_classifier,all_positive_classes,single_label,,,micro,bg_top20_fraction,0.2587858123887908,0.2392316772187644,0.2790664617668539,927,927,927,927,,5000,5000,1.0,3021694564,20260901
r_native_classifier,all_positive_classes,single_label,,,micro,target_tail_enrich_20,2.999743297482273,2.9148474258931647,3.089174806807306,921,927,921,927,,5000,5000,1.0,3021694564,20260901
r_native_classifier,all_positive_classes,single_label,,,micro,bg_tail_enrich_20,0.3065519047230131,0.28512822859213344,0.32850561222502045,918,927,918,927,,5000,5000,1.0,3021694564,20260901
r_native_classifier,all_positive_classes,single_label,,,micro,auc_target_bg,0.9231499226017266,0.9166511252928012,0.9291425117552469,912,927,912,927,,5000,5000,1.0,3021694564,20260901
r_native_classifier,all_positive_classes,single_label,,,micro,ap_target_bg,0.8417190821194465,0.8284400768962229,0.8549526073378615,912,927,912,927,,5000,5000,1.0,3021694564,20260901
r_native_classifier,all_positive_classes,single_label,,,micro,target_mean,0.5589883349543107,0.5486084426597798,0.5694394719461706,921,927,921,927,,5000,5000,1.0,3021694564,20260901
r_native_classifier,all_positive_classes,single_label,,,micro,bg_mean,0.12693666530069583,0.12026218177932176,0.1338595902221476,918,927,918,927,,5000,5000,1.0,3021694564,20260901
r_native_classifier,all_positive_classes,single_label,,,micro,target_median,0.5643152044909064,0.5523903210468865,0.5764952069514859,921,927,921,927,,5000,5000,1.0,3021694564,20260901
r_native_classifier,all_positive_classes,single_label,,,micro,bg_median,0.08751940374844518,0.07995851767200045,0.09532491767927498,918,927,918,927,,5000,5000,1.0,3021694564,20260901
r_native_classifier,all_positive_classes,single_label,,,micro,spatial_mass_target,0.4017946531025626,0.38581545545426704,0.41786724964137656,927,927,927,927,,5000,5000,1.0,3021694564,20260901
r_native_classifier,all_positive_classes,single_label,,,micro,spatial_mass_other_fg,0.0,0.0,0.0,927,927,927,927,,5000,5000,1.0,3021694564,20260901
r_native_classifier,all_positive_classes,single_label,,,micro,spatial_mass_background,0.5678483052641362,0.5514252356201824,0.5843392457642985,927,927,927,927,,5000,5000,1.0,3021694564,20260901
r_native_classifier,all_positive_classes,single_label,,,macro_class,target_hit,0.9098917109900804,0.8890526126280803,0.9297620298102379,927,927,927,927,20,5000,5000,1.0,3021694564,20260901
r_native_classifier,all_positive_classes,single_label,,,macro_class,other_fg_hit,0.0,0.0,0.0,927,927,927,927,20,5000,5000,1.0,3021694564,20260901
r_native_classifier,all_positive_classes,single_label,,,macro_class,background_hit,0.09010828900991957,0.07023797018976195,0.11094738737191984,927,927,927,927,20,5000,5000,1.0,3021694564,20260901
r_native_classifier,all_positive_classes,single_label,,,macro_class,target_top05_fraction,0.8543253988665583,0.8370632729940437,0.8711018745327438,927,927,927,927,20,5000,5000,1.0,3021694564,20260901
r_native_classifier,all_positive_classes,single_label,,,macro_class,other_fg_top05_fraction,0.0,0.0,0.0,927,927,927,927,20,5000,5000,1.0,3021694564,20260901
r_native_classifier,all_positive_classes,single_label,,,macro_class,bg_top05_fraction,0.1449983286404109,0.12817496977577608,0.16203634333789538,927,927,927,927,20,5000,5000,1.0,3021694564,20260901
r_native_classifier,all_positive_classes,single_label,,,macro_class,target_tail_enrich_05,4.801644951524426,4.466368976594073,5.163832360027211,921,927,921,927,20,5000,5000,1.0,3021694564,20260901
r_native_classifier,all_positive_classes,single_label,,,macro_class,bg_tail_enrich_05,0.22404101979425692,0.15496551491892332,0.3789180225390713,918,927,918,927,20,5000,5000,1.0,3021694564,20260901
r_native_classifier,all_positive_classes,single_label,,,macro_class,target_top10_fraction,0.806310758351046,0.786334943634727,0.8255135547382637,927,927,927,927,20,5000,5000,1.0,3021694564,20260901
r_native_classifier,all_positive_classes,single_label,,,macro_class,other_fg_top10_fraction,0.0,0.0,0.0,927,927,927,927,20,5000,5000,1.0,3021694564,20260901
r_native_classifier,all_positive_classes,single_label,,,macro_class,bg_top10_fraction,0.19304034705153064,0.17376612480144804,0.21294428397530477,927,927,927,927,20,5000,5000,1.0,3021694564,20260901
r_native_classifier,all_positive_classes,single_label,,,macro_class,target_tail_enrich_10,3.8562655084263135,3.658926723720356,4.062260913045914,921,927,921,927,20,5000,5000,1.0,3021694564,20260901
r_native_classifier,all_positive_classes,single_label,,,macro_class,bg_tail_enrich_10,0.259995696762599,0.21242729386502435,0.3436975814482279,918,927,918,927,20,5000,5000,1.0,3021694564,20260901
r_native_classifier,all_positive_classes,single_label,,,macro_class,target_top20_fraction,0.7255611655994704,0.7032246010596152,0.7468414651935055,927,927,927,927,20,5000,5000,1.0,3021694564,20260901
r_native_classifier,all_positive_classes,single_label,,,macro_class,other_fg_top20_fraction,0.0,0.0,0.0,927,927,927,927,20,5000,5000,1.0,3021694564,20260901
r_native_classifier,all_positive_classes,single_label,,,macro_class,bg_top20_fraction,0.2737578531393182,0.2526447088201947,0.29604685160665256,927,927,927,927,20,5000,5000,1.0,3021694564,20260901
r_native_classifier,all_positive_classes,single_label,,,macro_class,target_tail_enrich_20,2.9090649653190703,2.8002881068696928,3.0216472087033206,921,927,921,927,20,5000,5000,1.0,3021694564,20260901
r_native_classifier,all_positive_classes,single_label,,,macro_class,bg_tail_enrich_20,0.3554016044069442,0.31346662948213655,0.41883358595224807,918,927,918,927,20,5000,5000,1.0,3021694564,20260901
r_native_classifier,all_positive_classes,single_label,,,macro_class,auc_target_bg,0.8991332808585991,0.8789127933196622,0.9137814002961345,912,927,912,927,20,5000,5000,1.0,3021694564,20260901
r_native_classifier,all_positive_classes,single_label,,,macro_class,ap_target_bg,0.8156865195098015,0.8004368169960309,0.8312207138376404,912,927,912,927,20,5000,5000,1.0,3021694564,20260901
r_native_classifier,all_positive_classes,single_label,,,macro_class,target_mean,0.5234648035268551,0.510602128573097,0.5358844502136345,921,927,921,927,20,5000,5000,1.0,3021694564,20260901
r_native_classifier,all_positive_classes,single_label,,,macro_class,bg_mean,0.11856190748495647,0.10719370628970389,0.13769428682681528,918,927,918,927,20,5000,5000,1.0,3021694564,20260901
r_native_classifier,all_positive_classes,single_label,,,macro_class,target_median,0.5244239120652184,0.5085440015447424,0.5395498644958505,921,927,921,927,20,5000,5000,1.0,3021694564,20260901
r_native_classifier,all_positive_classes,single_label,,,macro_class,bg_median,0.0767499682476735,0.06559366446035259,0.095323162358855,918,927,918,927,20,5000,5000,1.0,3021694564,20260901
r_native_classifier,all_positive_classes,single_label,,,macro_class,spatial_mass_target,0.4036351837554741,0.3812903360680233,0.4270126861243868,927,927,927,927,20,5000,5000,1.0,3021694564,20260901
r_native_classifier,all_positive_classes,single_label,,,macro_class,spatial_mass_other_fg,0.0,0.0,0.0,927,927,927,927,20,5000,5000,1.0,3021694564,20260901
r_native_classifier,all_positive_classes,single_label,,,macro_class,spatial_mass_background,0.5624149881632763,0.5379662300255488,0.5856318570180068,927,927,927,927,20,5000,5000,1.0,3021694564,20260901
r_native_classifier,all_positive_classes,exactly_2_labels,,,micro,target_hit,0.7933333333333333,0.764,0.8213333333333334,375,375,750,750,,5000,5000,1.0,3021694564,20260901
r_native_classifier,all_positive_classes,exactly_2_labels,,,micro,other_fg_hit,0.056,0.04,0.07333333333333333,375,375,750,750,,5000,5000,1.0,3021694564,20260901
r_native_classifier,all_positive_classes,exactly_2_labels,,,micro,background_hit,0.15066666666666667,0.12533333333333332,0.17733333333333334,375,375,750,750,,5000,5000,1.0,3021694564,20260901
r_native_classifier,all_positive_classes,exactly_2_labels,,,micro,target_top05_fraction,0.6922789122358753,0.666434113811054,0.7168900290978735,375,375,750,750,,5000,5000,1.0,3021694564,20260901
r_native_classifier,all_positive_classes,exactly_2_labels,,,micro,other_fg_top05_fraction,0.06565751605883441,0.054823681375953164,0.07687928919929118,375,375,750,750,,5000,5000,1.0,3021694564,20260901
r_native_classifier,all_positive_classes,exactly_2_labels,,,micro,bg_top05_fraction,0.24131087285259112,0.2178743112868654,0.26621995519215325,375,375,750,750,,5000,5000,1.0,3021694564,20260901
r_native_classifier,all_positive_classes,exactly_2_labels,,,micro,target_tail_enrich_05,7.421148062232057,6.9845306120351225,7.853004464971284,373,375,695,750,,5000,5000,1.0,3021694564,20260901
r_native_classifier,all_positive_classes,exactly_2_labels,,,micro,other_fg_tail_enrich_05,0.5768037950809977,0.40475820051581995,0.7841559445278543,373,375,695,750,,5000,5000,1.0,3021694564,20260901
r_native_classifier,all_positive_classes,exactly_2_labels,,,micro,bg_tail_enrich_05,0.43085913992113484,0.36681260484856565,0.5069155811388734,369,375,738,750,,5000,5000,1.0,3021694564,20260901
r_native_classifier,all_positive_classes,exactly_2_labels,,,micro,target_top10_fraction,0.6226405358643263,0.5967150308453621,0.6475904173810294,375,375,750,750,,5000,5000,1.0,3021694564,20260901
r_native_classifier,all_positive_classes,exactly_2_labels,,,micro,other_fg_top10_fraction,0.07756158306493231,0.06698310057751412,0.08877542612990447,375,375,750,750,,5000,5000,1.0,3021694564,20260901
r_native_classifier,all_positive_classes,exactly_2_labels,,,micro,bg_top10_fraction,0.2989698432358955,0.27407711324601464,0.32515188073630513,375,375,750,750,,5000,5000,1.0,3021694564,20260901
r_native_classifier,all_positive_classes,exactly_2_labels,,,micro,target_tail_enrich_10,5.320580957147205,5.105329419128543,5.538979915511811,373,375,695,750,,5000,5000,1.0,3021694564,20260901
r_native_classifier,all_positive_classes,exactly_2_labels,,,micro,other_fg_tail_enrich_10,0.5859667171570437,0.46233243311587174,0.7258972382189777,373,375,695,750,,5000,5000,1.0,3021694564,20260901
r_native_classifier,all_positive_classes,exactly_2_labels,,,micro,bg_tail_enrich_10,0.5138678915342193,0.45832903254901713,0.5751001683540617,369,375,738,750,,5000,5000,1.0,3021694564,20260901
r_native_classifier,all_positive_classes,exactly_2_labels,,,micro,target_top20_fraction,0.5230775563241625,0.49832172973149524,0.5467984886322559,375,375,750,750,,5000,5000,1.0,3021694564,20260901
r_native_classifier,all_positive_classes,exactly_2_labels,,,micro,other_fg_top20_fraction,0.09267917322500555,0.0822204038536044,0.10339745939241976,375,375,750,750,,5000,5000,1.0,3021694564,20260901
r_native_classifier,all_positive_classes,exactly_2_labels,,,micro,bg_top20_fraction,0.38326439990355454,0.3572824815228311,0.41035507000052496,375,375,750,750,,5000,5000,1.0,3021694564,20260901
r_native_classifier,all_positive_classes,exactly_2_labels,,,micro,target_tail_enrich_20,3.5668763719239105,3.4701436010439126,3.6598942768770923,373,375,695,750,,5000,5000,1.0,3021694564,20260901
r_native_classifier,all_positive_classes,exactly_2_labels,,,micro,other_fg_tail_enrich_20,0.5879905044253123,0.5006453146580828,0.6849808545006206,373,375,695,750,,5000,5000,1.0,3021694564,20260901
r_native_classifier,all_positive_classes,exactly_2_labels,,,micro,bg_tail_enrich_20,0.6429188300977038,0.6002887776383019,0.6881839601207146,369,375,738,750,,5000,5000,1.0,3021694564,20260901
r_native_classifier,all_positive_classes,exactly_2_labels,,,micro,auc_target_bg,0.9124203690311322,0.9027492356084584,0.9215326886311138,367,375,683,750,,5000,5000,1.0,3021694564,20260901
r_native_classifier,all_positive_classes,exactly_2_labels,,,micro,ap_target_bg,0.7911926590300774,0.7718095379204791,0.8095688125685274,367,375,683,750,,5000,5000,1.0,3021694564,20260901
r_native_classifier,all_positive_classes,exactly_2_labels,,,micro,auc_target_other,0.8982845731800508,0.8857295450837631,0.9105797227929748,322,375,644,750,,5000,5000,1.0,3021694564,20260901
r_native_classifier,all_positive_classes,exactly_2_labels,,,micro,ap_target_other,0.8786271314783208,0.8625522793589749,0.8941809785942877,322,375,644,750,,5000,5000,1.0,3021694564,20260901
r_native_classifier,all_positive_classes,exactly_2_labels,,,micro,target_mean,0.5176227339339758,0.5030376201033544,0.5320647088934318,373,375,695,750,,5000,5000,1.0,3021694564,20260901
r_native_classifier,all_positive_classes,exactly_2_labels,,,micro,other_fg_mean,0.08526919412035432,0.0741322639831623,0.09741585451902031,373,375,695,750,,5000,5000,1.0,3021694564,20260901
r_native_classifier,all_positive_classes,exactly_2_labels,,,micro,bg_mean,0.07892227533200852,0.07368415157917851,0.08431376397391904,369,375,738,750,,5000,5000,1.0,3021694564,20260901
r_native_classifier,all_positive_classes,exactly_2_labels,,,micro,target_median,0.5194435006778071,0.5028310238937135,0.5359784734330251,373,375,695,750,,5000,5000,1.0,3021694564,20260901
r_native_classifier,all_positive_classes,exactly_2_labels,,,micro,other_fg_median,0.06254209602731547,0.05116364314994598,0.07509699414504281,373,375,695,750,,5000,5000,1.0,3021694564,20260901
r_native_classifier,all_positive_classes,exactly_2_labels,,,micro,bg_median,0.04148751889042516,0.0359808212429775,0.04719052701459294,369,375,738,750,,5000,5000,1.0,3021694564,20260901
r_native_classifier,all_positive_classes,exactly_2_labels,,,micro,spatial_mass_target,0.24476016248188293,0.23124717880313983,0.25831866386096614,375,375,750,750,,5000,5000,1.0,3021694564,20260901
r_native_classifier,all_positive_classes,exactly_2_labels,,,micro,spatial_mass_other_fg,0.1782937524722268,0.16770298708924675,0.18916005694193108,375,375,750,750,,5000,5000,1.0,3021694564,20260901
r_native_classifier,all_positive_classes,exactly_2_labels,,,micro,spatial_mass_background,0.5309328274702032,0.5063563599436234,0.5553907114509493,375,375,750,750,,5000,5000,1.0,3021694564,20260901
r_native_classifier,all_positive_classes,exactly_2_labels,,,macro_class,target_hit,0.804428567507372,0.7665937629647734,0.8399293400807599,375,375,750,750,20,5000,5000,1.0,3021694564,20260901
r_native_classifier,all_positive_classes,exactly_2_labels,,,macro_class,other_fg_hit,0.03552470446220446,0.02273616281957343,0.04963958300294545,375,375,750,750,20,5000,5000,1.0,3021694564,20260901
r_native_classifier,all_positive_classes,exactly_2_labels,,,macro_class,background_hit,0.1600467280304237,0.12665476352198785,0.1973065899050009,375,375,750,750,20,5000,5000,1.0,3021694564,20260901
r_native_classifier,all_positive_classes,exactly_2_labels,,,macro_class,target_top05_fraction,0.713318941261188,0.680438355666836,0.7435089944713281,375,375,750,750,20,5000,5000,1.0,3021694564,20260901
r_native_classifier,all_positive_classes,exactly_2_labels,,,macro_class,other_fg_top05_fraction,0.05099479926416831,0.041393939464247104,0.0620187085057256,375,375,750,750,20,5000,5000,1.0,3021694564,20260901
r_native_classifier,all_positive_classes,exactly_2_labels,,,macro_class,bg_top05_fraction,0.2349380327368335,0.2064294228148776,0.26771678986964315,375,375,750,750,20,5000,5000,1.0,3021694564,20260901
r_native_classifier,all_positive_classes,exactly_2_labels,,,macro_class,target_tail_enrich_05,7.0767556491254995,6.540729879477615,7.650474351746033,373,375,695,750,20,5000,5000,1.0,3021694564,20260901
r_native_classifier,all_positive_classes,exactly_2_labels,,,macro_class,other_fg_tail_enrich_05,0.4934524440530577,0.3299896754831691,0.7147332196700616,373,375,695,750,20,5000,5000,1.0,3021694564,20260901
r_native_classifier,all_positive_classes,exactly_2_labels,,,macro_class,bg_tail_enrich_05,0.418361620423285,0.33653495383667503,0.5321997072489517,369,375,738,750,20,5000,5000,1.0,3021694564,20260901
r_native_classifier,all_positive_classes,exactly_2_labels,,,macro_class,target_top10_fraction,0.6500513435368386,0.6160649278986806,0.6810897362247971,375,375,750,750,20,5000,5000,1.0,3021694564,20260901
r_native_classifier,all_positive_classes,exactly_2_labels,,,macro_class,other_fg_top10_fraction,0.05930654403096487,0.05010759293264728,0.06945985591231743,375,375,750,750,20,5000,5000,1.0,3021694564,20260901
r_native_classifier,all_positive_classes,exactly_2_labels,,,macro_class,bg_top10_fraction,0.289837326765367,0.25974468446303867,0.3226943347705017,375,375,750,750,20,5000,5000,1.0,3021694564,20260901
r_native_classifier,all_positive_classes,exactly_2_labels,,,macro_class,target_tail_enrich_10,5.1350701508016385,4.816233288748284,5.445674652845699,373,375,695,750,20,5000,5000,1.0,3021694564,20260901
r_native_classifier,all_positive_classes,exactly_2_labels,,,macro_class,other_fg_tail_enrich_10,0.5088477030659904,0.389628859912151,0.6578218772519902,373,375,695,750,20,5000,5000,1.0,3021694564,20260901
r_native_classifier,all_positive_classes,exactly_2_labels,,,macro_class,bg_tail_enrich_10,0.5012977104626943,0.42105759010524296,0.6113605943613774,369,375,738,750,20,5000,5000,1.0,3021694564,20260901
r_native_classifier,all_positive_classes,exactly_2_labels,,,macro_class,target_top20_fraction,0.5503284262265471,0.5162168859710007,0.5831504252927189,375,375,750,750,20,5000,5000,1.0,3021694564,20260901
r_native_classifier,all_positive_classes,exactly_2_labels,,,macro_class,other_fg_top20_fraction,0.07303967144588605,0.0631757520359316,0.08367066870979213,375,375,750,750,20,5000,5000,1.0,3021694564,20260901
r_native_classifier,all_positive_classes,exactly_2_labels,,,macro_class,bg_top20_fraction,0.3755521246859535,0.34400838172272796,0.40795047957298924,375,375,750,750,20,5000,5000,1.0,3021694564,20260901
r_native_classifier,all_positive_classes,exactly_2_labels,,,macro_class,target_tail_enrich_20,3.5054514340815763,3.335907046445217,3.6584035302035187,373,375,695,750,20,5000,5000,1.0,3021694564,20260901
r_native_classifier,all_positive_classes,exactly_2_labels,,,macro_class,other_fg_tail_enrich_20,0.5207968154390412,0.43381369653185897,0.6232160203514624,373,375,695,750,20,5000,5000,1.0,3021694564,20260901
r_native_classifier,all_positive_classes,exactly_2_labels,,,macro_class,bg_tail_enrich_20,0.6266823549557479,0.5587524955795751,0.708180501542833,369,375,738,750,20,5000,5000,1.0,3021694564,20260901
r_native_classifier,all_positive_classes,exactly_2_labels,,,macro_class,auc_target_bg,0.9071886832946682,0.8917432174197972,0.9197165636263857,367,375,683,750,20,5000,5000,1.0,3021694564,20260901
r_native_classifier,all_positive_classes,exactly_2_labels,,,macro_class,ap_target_bg,0.779942277876898,0.7509339808164385,0.8043730758568675,367,375,683,750,20,5000,5000,1.0,3021694564,20260901
r_native_classifier,all_positive_classes,exactly_2_labels,,,macro_class,auc_target_other,0.8887434994905352,0.8678831033701772,0.906240949482683,322,375,644,750,20,5000,5000,1.0,3021694564,20260901
r_native_classifier,all_positive_classes,exactly_2_labels,,,macro_class,ap_target_other,0.8881062560827149,0.8617619875434938,0.9094606893900119,322,375,644,750,20,5000,5000,1.0,3021694564,20260901
r_native_classifier,all_positive_classes,exactly_2_labels,,,macro_class,target_mean,0.5078121993015406,0.4855102840240982,0.5273288367868643,373,375,695,750,20,5000,5000,1.0,3021694564,20260901
r_native_classifier,all_positive_classes,exactly_2_labels,,,macro_class,other_fg_mean,0.08029633796691635,0.06876622118590298,0.09441345707910119,373,375,695,750,20,5000,5000,1.0,3021694564,20260901
r_native_classifier,all_positive_classes,exactly_2_labels,,,macro_class,bg_mean,0.08162321596354352,0.07437570576840004,0.08882306500733654,369,375,738,750,20,5000,5000,1.0,3021694564,20260901
r_native_classifier,all_positive_classes,exactly_2_labels,,,macro_class,target_median,0.5082711803287217,0.48320447134962924,0.5303879616953652,373,375,695,750,20,5000,5000,1.0,3021694564,20260901
r_native_classifier,all_positive_classes,exactly_2_labels,,,macro_class,other_fg_median,0.05978468583848011,0.048046517739774766,0.0741354445567778,373,375,695,750,20,5000,5000,1.0,3021694564,20260901
r_native_classifier,all_positive_classes,exactly_2_labels,,,macro_class,bg_median,0.04464210317919197,0.037200190458478645,0.052262596655667765,369,375,738,750,20,5000,5000,1.0,3021694564,20260901
r_native_classifier,all_positive_classes,exactly_2_labels,,,macro_class,spatial_mass_target,0.2585452238043459,0.2383414310267902,0.28018790148609485,375,375,750,750,20,5000,5000,1.0,3021694564,20260901
r_native_classifier,all_positive_classes,exactly_2_labels,,,macro_class,spatial_mass_other_fg,0.1646207744024471,0.1478672516113117,0.1822133313249483,375,375,750,750,20,5000,5000,1.0,3021694564,20260901
r_native_classifier,all_positive_classes,exactly_2_labels,,,macro_class,spatial_mass_background,0.5317241001175328,0.5079581133201152,0.5562966457146428,375,375,750,750,20,5000,5000,1.0,3021694564,20260901
r_native_classifier,all_positive_classes,3plus_labels,,,micro,target_hit,0.6829787234042554,0.6392377545404513,0.7255361656173889,147,147,470,470,,5000,5000,1.0,3021694564,20260901
r_native_classifier,all_positive_classes,3plus_labels,,,micro,other_fg_hit,0.12340425531914893,0.09503000519452115,0.15450643776824036,147,147,470,470,,5000,5000,1.0,3021694564,20260901
r_native_classifier,all_positive_classes,3plus_labels,,,micro,background_hit,0.19361702127659575,0.15550755939524838,0.23305440820395948,147,147,470,470,,5000,5000,1.0,3021694564,20260901
r_native_classifier,all_positive_classes,3plus_labels,,,micro,target_top05_fraction,0.5627874828604773,0.5284242875935953,0.5973721205956523,147,147,470,470,,5000,5000,1.0,3021694564,20260901
r_native_classifier,all_positive_classes,3plus_labels,,,micro,other_fg_top05_fraction,0.12568045272420805,0.10756784596527517,0.14423157121868038,147,147,470,470,,5000,5000,1.0,3021694564,20260901
r_native_classifier,all_positive_classes,3plus_labels,,,micro,bg_top05_fraction,0.3107923925530226,0.276554388482291,0.34688478266992506,147,147,470,470,,5000,5000,1.0,3021694564,20260901
r_native_classifier,all_positive_classes,3plus_labels,,,micro,target_tail_enrich_05,8.376315632830288,7.7207669401087236,9.050325513522782,147,147,415,470,,5000,5000,1.0,3021694564,20260901
r_native_classifier,all_positive_classes,3plus_labels,,,micro,other_fg_tail_enrich_05,0.49796236767127633,0.38450168631665216,0.6317082822411997,147,147,463,470,,5000,5000,1.0,3021694564,20260901
r_native_classifier,all_positive_classes,3plus_labels,,,micro,bg_tail_enrich_05,0.6003105230642434,0.5218211436316957,0.687825446347364,145,147,464,470,,5000,5000,1.0,3021694564,20260901
r_native_classifier,all_positive_classes,3plus_labels,,,micro,target_top10_fraction,0.4827898940064832,0.45020509030657174,0.5138597595789611,147,147,470,470,,5000,5000,1.0,3021694564,20260901
r_native_classifier,all_positive_classes,3plus_labels,,,micro,other_fg_top10_fraction,0.1361875686912067,0.1188384756621085,0.15344459807894856,147,147,470,470,,5000,5000,1.0,3021694564,20260901
r_native_classifier,all_positive_classes,3plus_labels,,,micro,bg_top10_fraction,0.3803334689795792,0.3448733806073905,0.41722531175615984,147,147,470,470,,5000,5000,1.0,3021694564,20260901
r_native_classifier,all_positive_classes,3plus_labels,,,micro,target_tail_enrich_10,5.738068902007425,5.421073719274183,6.054425867486896,147,147,415,470,,5000,5000,1.0,3021694564,20260901
r_native_classifier,all_positive_classes,3plus_labels,,,micro,other_fg_tail_enrich_10,0.5078514111343754,0.42166780463226816,0.6053400451300232,147,147,463,470,,5000,5000,1.0,3021694564,20260901
r_native_classifier,all_positive_classes,3plus_labels,,,micro,bg_tail_enrich_10,0.7189935086826641,0.650118426820267,0.7971271993566655,145,147,464,470,,5000,5000,1.0,3021694564,20260901
r_native_classifier,all_positive_classes,3plus_labels,,,micro,target_top20_fraction,0.3790140312744276,0.35083209238030555,0.4059668813684891,147,147,470,470,,5000,5000,1.0,3021694564,20260901
r_native_classifier,all_positive_classes,3plus_labels,,,micro,other_fg_top20_fraction,0.15229372696392526,0.13411091302231726,0.1712379345299613,147,147,470,470,,5000,5000,1.0,3021694564,20260901
r_native_classifier,all_positive_classes,3plus_labels,,,micro,bg_top20_fraction,0.4680596667631528,0.4303525730391344,0.5068011161393964,147,147,470,470,,5000,5000,1.0,3021694564,20260901
r_native_classifier,all_positive_classes,3plus_labels,,,micro,target_tail_enrich_20,3.5398290574956284,3.3904523019919437,3.6814555456826557,147,147,415,470,,5000,5000,1.0,3021694564,20260901
r_native_classifier,all_positive_classes,3plus_labels,,,micro,other_fg_tail_enrich_20,0.5293028925475056,0.462445123935075,0.6036150111950268,147,147,463,470,,5000,5000,1.0,3021694564,20260901
r_native_classifier,all_positive_classes,3plus_labels,,,micro,bg_tail_enrich_20,0.8576691772385935,0.8043264423472406,0.9150472159753209,145,147,464,470,,5000,5000,1.0,3021694564,20260901
r_native_classifier,all_positive_classes,3plus_labels,,,micro,auc_target_bg,0.8833688640067353,0.8674387374987027,0.8983632689128237,145,147,409,470,,5000,5000,1.0,3021694564,20260901
r_native_classifier,all_positive_classes,3plus_labels,,,micro,ap_target_bg,0.7142967688195686,0.6852513210718701,0.7428540852090064,145,147,409,470,,5000,5000,1.0,3021694564,20260901
r_native_classifier,all_positive_classes,3plus_labels,,,micro,auc_target_other,0.8800035672210854,0.862021059271762,0.8967991513305822,140,147,408,470,,5000,5000,1.0,3021694564,20260901
r_native_classifier,all_positive_classes,3plus_labels,,,micro,ap_target_other,0.7845024131642759,0.7573764599434495,0.8107274949500212,140,147,408,470,,5000,5000,1.0,3021694564,20260901
r_native_classifier,all_positive_classes,3plus_labels,,,micro,target_mean,0.4655981134825881,0.44443455085920675,0.4861990537958167,147,147,415,470,,5000,5000,1.0,3021694564,20260901
r_native_classifier,all_positive_classes,3plus_labels,,,micro,other_fg_mean,0.05391153740072093,0.04605564668077742,0.062374126036523425,147,147,463,470,,5000,5000,1.0,3021694564,20260901
r_native_classifier,all_positive_classes,3plus_labels,,,micro,bg_mean,0.05626775683190746,0.05190884349993428,0.06075554593965804,145,147,464,470,,5000,5000,1.0,3021694564,20260901
r_native_classifier,all_positive_classes,3plus_labels,,,micro,target_median,0.45692015833793637,0.43269849783378145,0.48025319204346145,147,147,415,470,,5000,5000,1.0,3021694564,20260901
r_native_classifier,all_positive_classes,3plus_labels,,,micro,other_fg_median,0.02679783531137014,0.019223504330496972,0.035112736491540966,147,147,463,470,,5000,5000,1.0,3021694564,20260901
r_native_classifier,all_positive_classes,3plus_labels,,,micro,bg_median,0.020216592567945117,0.01624311065035354,0.024521532234737808,145,147,464,470,,5000,5000,1.0,3021694564,20260901
r_native_classifier,all_positive_classes,3plus_labels,,,micro,spatial_mass_target,0.17323915007935362,0.1594909190159116,0.1869545676858967,147,147,470,470,,5000,5000,1.0,3021694564,20260901
r_native_classifier,all_positive_classes,3plus_labels,,,micro,spatial_mass_other_fg,0.2771565164895134,0.25256210824256087,0.3016524350111598,147,147,470,470,,5000,5000,1.0,3021694564,20260901
r_native_classifier,all_positive_classes,3plus_labels,,,micro,spatial_mass_background,0.5069675054797467,0.47004250706014744,0.5443753186005562,147,147,470,470,,5000,5000,1.0,3021694564,20260901
r_native_classifier,all_positive_classes,3plus_labels,,,macro_class,target_hit,0.7035810986454367,0.6242094854361702,0.7615023055992345,147,147,470,470,20,5000,5000,1.0,3021694564,20260901
r_native_classifier,all_positive_classes,3plus_labels,,,macro_class,other_fg_hit,0.1006379736067236,0.06020227785549687,0.14121695858030747,147,147,470,470,20,5000,5000,1.0,3021694564,20260901
r_native_classifier,all_positive_classes,3plus_labels,,,macro_class,background_hit,0.19578092774783948,0.14111334675175538,0.2707970646662008,147,147,470,470,20,5000,5000,1.0,3021694564,20260901
r_native_classifier,all_positive_classes,3plus_labels,,,macro_class,target_top05_fraction,0.5799196223896683,0.5099261270243214,0.6263997062406222,147,147,470,470,20,5000,5000,1.0,3021694564,20260901
r_native_classifier,all_positive_classes,3plus_labels,,,macro_class,other_fg_top05_fraction,0.09601036119707114,0.07738725002382234,0.12112659609018189,147,147,470,470,20,5000,5000,1.0,3021694564,20260901
r_native_classifier,all_positive_classes,3plus_labels,,,macro_class,bg_top05_fraction,0.3235015507049921,0.2810005811366657,0.38481597679444707,147,147,470,470,20,5000,5000,1.0,3021694564,20260901
r_native_classifier,all_positive_classes,3plus_labels,,,macro_class,target_tail_enrich_05,8.880112084140205,7.879226469154525,9.830453463914912,147,147,415,470,19,5000,5000,1.0,3021694564,20260901
r_native_classifier,all_positive_classes,3plus_labels,,,macro_class,other_fg_tail_enrich_05,0.4088484342744699,0.3100375678999281,0.5541602925243092,147,147,463,470,20,5000,5000,1.0,3021694564,20260901
r_native_classifier,all_positive_classes,3plus_labels,,,macro_class,bg_tail_enrich_05,0.6910102836124171,0.4901242925136814,0.9947829203560385,145,147,464,470,20,5000,5000,1.0,3021694564,20260901
r_native_classifier,all_positive_classes,3plus_labels,,,macro_class,target_top10_fraction,0.4960779024351093,0.42836254232045434,0.5421050715124186,147,147,470,470,20,5000,5000,1.0,3021694564,20260901
r_native_classifier,all_positive_classes,3plus_labels,,,macro_class,other_fg_top10_fraction,0.11490439030939092,0.09493442394205656,0.13973877533220044,147,147,470,470,20,5000,5000,1.0,3021694564,20260901
r_native_classifier,all_positive_classes,3plus_labels,,,macro_class,bg_top10_fraction,0.38790698400382456,0.34479085941400983,0.4474566818027239,147,147,470,470,20,5000,5000,1.0,3021694564,20260901
r_native_classifier,all_positive_classes,3plus_labels,,,macro_class,target_tail_enrich_10,6.189731780873468,5.600896632335342,6.603121277252815,147,147,415,470,19,5000,5000,1.0,3021694564,20260901
r_native_classifier,all_positive_classes,3plus_labels,,,macro_class,other_fg_tail_enrich_10,0.5043674824799537,0.39082395815779486,0.6600054377635605,147,147,463,470,20,5000,5000,1.0,3021694564,20260901
r_native_classifier,all_positive_classes,3plus_labels,,,macro_class,bg_tail_enrich_10,0.7868037780452692,0.6040447456267676,1.07202517558295,145,147,464,470,20,5000,5000,1.0,3021694564,20260901
r_native_classifier,all_positive_classes,3plus_labels,,,macro_class,target_top20_fraction,0.3677065288937956,0.31946906833666805,0.4142565076478179,147,147,470,470,20,5000,5000,1.0,3021694564,20260901
r_native_classifier,all_positive_classes,3plus_labels,,,macro_class,other_fg_top20_fraction,0.1374747988958953,0.11258045717925792,0.16918546687371613,147,147,470,470,20,5000,5000,1.0,3021694564,20260901
r_native_classifier,all_positive_classes,3plus_labels,,,macro_class,bg_top20_fraction,0.4938744644873517,0.44562083843301425,0.5376035511039566,147,147,470,470,20,5000,5000,1.0,3021694564,20260901
r_native_classifier,all_positive_classes,3plus_labels,,,macro_class,target_tail_enrich_20,3.7764846031987105,3.497898531014104,3.953799251134414,147,147,415,470,19,5000,5000,1.0,3021694564,20260901
r_native_classifier,all_positive_classes,3plus_labels,,,macro_class,other_fg_tail_enrich_20,0.5539293134576798,0.45958946571309905,0.6720414355333902,147,147,463,470,20,5000,5000,1.0,3021694564,20260901
r_native_classifier,all_positive_classes,3plus_labels,,,macro_class,bg_tail_enrich_20,0.9070775213408805,0.7776385653492466,1.0832280487698294,145,147,464,470,20,5000,5000,1.0,3021694564,20260901
r_native_classifier,all_positive_classes,3plus_labels,,,macro_class,auc_target_bg,0.9005045336747491,0.8744587061791335,0.9178570271213222,145,147,409,470,19,5000,5000,1.0,3021694564,20260901
r_native_classifier,all_positive_classes,3plus_labels,,,macro_class,ap_target_bg,0.7423756135650182,0.6931258338652805,0.7727384161602812,145,147,409,470,19,5000,5000,1.0,3021694564,20260901
r_native_classifier,all_positive_classes,3plus_labels,,,macro_class,auc_target_other,0.8901164901822457,0.8602325911029308,0.9124182482971943,140,147,408,470,19,5000,5000,1.0,3021694564,20260901
r_native_classifier,all_positive_classes,3plus_labels,,,macro_class,ap_target_other,0.8265592479426485,0.7830732387852691,0.8552337034853293,140,147,408,470,19,5000,5000,1.0,3021694564,20260901
r_native_classifier,all_positive_classes,3plus_labels,,,macro_class,target_mean,0.513929818120215,0.47118134853572907,0.5358626655975491,147,147,415,470,19,5000,5000,1.0,3021694564,20260901
r_native_classifier,all_positive_classes,3plus_labels,,,macro_class,other_fg_mean,0.06436750107144153,0.04220283030397041,0.09063062085850092,147,147,463,470,20,5000,5000,1.0,3021694564,20260901
r_native_classifier,all_positive_classes,3plus_labels,,,macro_class,bg_mean,0.06149583882185085,0.05152797129767716,0.07082118648308151,145,147,464,470,20,5000,5000,1.0,3021694564,20260901
r_native_classifier,all_positive_classes,3plus_labels,,,macro_class,target_median,0.5143553483501888,0.46661124717204955,0.5380113255327955,147,147,415,470,19,5000,5000,1.0,3021694564,20260901
r_native_classifier,all_positive_classes,3plus_labels,,,macro_class,other_fg_median,0.04042702594899303,0.01767298150693948,0.0666173316828528,147,147,463,470,20,5000,5000,1.0,3021694564,20260901
r_native_classifier,all_positive_classes,3plus_labels,,,macro_class,bg_median,0.02957891257953535,0.01941674335277849,0.03957670404118059,145,147,464,470,20,5000,5000,1.0,3021694564,20260901
r_native_classifier,all_positive_classes,3plus_labels,,,macro_class,spatial_mass_target,0.1612079040742637,0.1422884430147835,0.18309631644769037,147,147,470,470,20,5000,5000,1.0,3021694564,20260901
r_native_classifier,all_positive_classes,3plus_labels,,,macro_class,spatial_mass_other_fg,0.24908187303254023,0.21732136020685183,0.29917342918411577,147,147,470,470,20,5000,5000,1.0,3021694564,20260901
r_native_classifier,all_positive_classes,3plus_labels,,,macro_class,spatial_mass_background,0.5489266098129246,0.4955136731539902,0.5855280942662587,147,147,470,470,20,5000,5000,1.0,3021694564,20260901
r_native_classifier,per_class,all,0,aeroplane,micro,target_hit,0.8888888888888888,0.8222222222222222,0.9447222222222181,90,90,90,90,,5000,5000,1.0,3021694564,20260901
r_native_classifier,per_class,all,0,aeroplane,micro,other_fg_hit,0.0,0.0,0.0,90,90,90,90,,5000,5000,1.0,3021694564,20260901
r_native_classifier,per_class,all,0,aeroplane,micro,background_hit,0.1111111111111111,0.05527777777777787,0.17777777777777778,90,90,90,90,,5000,5000,1.0,3021694564,20260901
r_native_classifier,per_class,all,0,aeroplane,micro,target_top05_fraction,0.846867824543263,0.7840576547243215,0.9027437839323803,90,90,90,90,,5000,5000,1.0,3021694564,20260901
r_native_classifier,per_class,all,0,aeroplane,micro,other_fg_top05_fraction,0.0,0.0,0.0,90,90,90,90,,5000,5000,1.0,3021694564,20260901
r_native_classifier,per_class,all,0,aeroplane,micro,bg_top05_fraction,0.15112125427914905,0.0953134610174084,0.21408257556283875,90,90,90,90,,5000,5000,1.0,3021694564,20260901
r_native_classifier,per_class,all,0,aeroplane,micro,target_tail_enrich_05,6.711130319133653,5.719364980173509,7.7887251281381715,87,90,87,90,,5000,5000,1.0,3021694564,20260901
r_native_classifier,per_class,all,0,aeroplane,micro,other_fg_tail_enrich_05,0.0,0.0,0.0,13,90,13,90,,5000,5000,1.0,3021694564,20260901
r_native_classifier,per_class,all,0,aeroplane,micro,bg_tail_enrich_05,0.16824277764384282,0.10636998034308424,0.23898136754779,90,90,90,90,,5000,5000,1.0,3021694564,20260901
r_native_classifier,per_class,all,0,aeroplane,micro,target_top10_fraction,0.7900207898294949,0.7240121091909831,0.8519287004425617,90,90,90,90,,5000,5000,1.0,3021694564,20260901
r_native_classifier,per_class,all,0,aeroplane,micro,other_fg_top10_fraction,0.00044444444444444447,0.0,0.0013333333333333333,90,90,90,90,,5000,5000,1.0,3021694564,20260901
r_native_classifier,per_class,all,0,aeroplane,micro,bg_top10_fraction,0.20723751874737914,0.14608373216211576,0.2727617896829818,90,90,90,90,,5000,5000,1.0,3021694564,20260901
r_native_classifier,per_class,all,0,aeroplane,micro,target_tail_enrich_10,5.3974286104447025,4.87732764566593,5.94142055087924,87,90,87,90,,5000,5000,1.0,3021694564,20260901
r_native_classifier,per_class,all,0,aeroplane,micro,other_fg_tail_enrich_10,0.38461538456730765,0.0,1.2499999998437499,13,90,13,90,,5000,5000,1.0,3021694564,20260901
r_native_classifier,per_class,all,0,aeroplane,micro,bg_tail_enrich_10,0.23040536706173229,0.16348899668997313,0.3048867212448683,90,90,90,90,,5000,5000,1.0,3021694564,20260901
r_native_classifier,per_class,all,0,aeroplane,micro,target_top20_fraction,0.6636907508562696,0.5947416640205492,0.729800870116205,90,90,90,90,,5000,5000,1.0,3021694564,20260901
r_native_classifier,per_class,all,0,aeroplane,micro,other_fg_top20_fraction,0.0009445256324237217,7.215007215007215e-05,0.0021872715630677415,90,90,90,90,,5000,5000,1.0,3021694564,20260901
r_native_classifier,per_class,all,0,aeroplane,micro,bg_top20_fraction,0.33305968223829,0.2673976593567482,0.4016995387644604,90,90,90,90,,5000,5000,1.0,3021694564,20260901
r_native_classifier,per_class,all,0,aeroplane,micro,target_tail_enrich_20,3.907600876015304,3.674743836248484,4.132232657031275,87,90,87,90,,5000,5000,1.0,3021694564,20260901
r_native_classifier,per_class,all,0,aeroplane,micro,other_fg_tail_enrich_20,0.5181982583347651,0.004347826086928167,1.4060470777358278,13,90,13,90,,5000,5000,1.0,3021694564,20260901
r_native_classifier,per_class,all,0,aeroplane,micro,bg_tail_enrich_20,0.3791377489503121,0.3094642278236836,0.45390701157949687,90,90,90,90,,5000,5000,1.0,3021694564,20260901
r_native_classifier,per_class,all,0,aeroplane,micro,auc_target_bg,0.9546998598601398,0.9380742031551894,0.9687644057049031,87,90,87,90,,5000,5000,1.0,3021694564,20260901
r_native_classifier,per_class,all,0,aeroplane,micro,ap_target_bg,0.8475511115319383,0.8050334354533594,0.8854517201921424,87,90,87,90,,5000,5000,1.0,3021694564,20260901
r_native_classifier,per_class,all,0,aeroplane,micro,auc_target_other,0.9540424384857783,0.904398711633482,0.9861136885099153,12,90,12,90,,5000,5000,1.0,3021694564,20260901
r_native_classifier,per_class,all,0,aeroplane,micro,ap_target_other,0.9940895000223134,0.9881472021173788,0.9986850682355846,12,90,12,90,,5000,5000,1.0,3021694564,20260901
r_native_classifier,per_class,all,0,aeroplane,micro,target_mean,0.6676346977219197,0.638354114489365,0.6951732571151639,87,90,87,90,,5000,5000,1.0,3021694564,20260901
r_native_classifier,per_class,all,0,aeroplane,micro,other_fg_mean,0.09503398659865561,0.0131703350973562,0.2080734493734061,13,90,13,90,,5000,5000,1.0,3021694564,20260901
r_native_classifier,per_class,all,0,aeroplane,micro,bg_mean,0.13737786678981348,0.12299044887943789,0.15192678137693147,90,90,90,90,,5000,5000,1.0,3021694564,20260901
r_native_classifier,per_class,all,0,aeroplane,micro,target_median,0.6879629338609761,0.6557571654849549,0.7177932216003913,87,90,87,90,,5000,5000,1.0,3021694564,20260901
r_native_classifier,per_class,all,0,aeroplane,micro,other_fg_median,0.08380565964258634,0.0026624130085110666,0.19970262666989566,13,90,13,90,,5000,5000,1.0,3021694564,20260901
r_native_classifier,per_class,all,0,aeroplane,micro,bg_median,0.07849097961766852,0.06083453483168139,0.09642718353412218,90,90,90,90,,5000,5000,1.0,3021694564,20260901
r_native_classifier,per_class,all,0,aeroplane,micro,spatial_mass_target,0.2768394009119624,0.24043580157184302,0.3122201957926154,90,90,90,90,,5000,5000,1.0,3021694564,20260901
r_native_classifier,per_class,all,0,aeroplane,micro,spatial_mass_other_fg,0.005921613280790754,0.0015881584739124972,0.011682164557504518,90,90,90,90,,5000,5000,1.0,3021694564,20260901
r_native_classifier,per_class,all,0,aeroplane,micro,spatial_mass_background,0.6878446360429128,0.6523729532957077,0.7242964366740651,90,90,90,90,,5000,5000,1.0,3021694564,20260901
r_native_classifier,per_class,all,1,bicycle,micro,target_hit,0.4810126582278481,0.3670886075949367,0.5949367088607594,79,79,79,79,,5000,5000,1.0,3021694564,20260901
r_native_classifier,per_class,all,1,bicycle,micro,other_fg_hit,0.02531645569620253,0.0,0.06329113924050633,79,79,79,79,,5000,5000,1.0,3021694564,20260901
r_native_classifier,per_class,all,1,bicycle,micro,background_hit,0.4936708860759494,0.379746835443038,0.6075949367088608,79,79,79,79,,5000,5000,1.0,3021694564,20260901
r_native_classifier,per_class,all,1,bicycle,micro,target_top05_fraction,0.366652789747142,0.3104815049494318,0.4251711012616854,79,79,79,79,,5000,5000,1.0,3021694564,20260901
r_native_classifier,per_class,all,1,bicycle,micro,other_fg_top05_fraction,0.04315914018661207,0.021707418338487817,0.07036733229349913,79,79,79,79,,5000,5000,1.0,3021694564,20260901
r_native_classifier,per_class,all,1,bicycle,micro,bg_top05_fraction,0.5884469028020938,0.5280031998229119,0.6480444281486774,79,79,79,79,,5000,5000,1.0,3021694564,20260901
r_native_classifier,per_class,all,1,bicycle,micro,target_tail_enrich_05,7.327872068180824,5.991776320831767,8.728292417558553,71,79,71,79,,5000,5000,1.0,3021694564,20260901
r_native_classifier,per_class,all,1,bicycle,micro,other_fg_tail_enrich_05,0.6065315931588774,0.29336281980335777,1.0057617527339955,48,79,48,79,,5000,5000,1.0,3021694564,20260901
r_native_classifier,per_class,all,1,bicycle,micro,bg_tail_enrich_05,0.7958937959310087,0.6916156889905858,0.9171493550349982,79,79,79,79,,5000,5000,1.0,3021694564,20260901
r_native_classifier,per_class,all,1,bicycle,micro,target_top10_fraction,0.31810647984444373,0.2698323746168832,0.36754249557447394,79,79,79,79,,5000,5000,1.0,3021694564,20260901
r_native_classifier,per_class,all,1,bicycle,micro,other_fg_top10_fraction,0.051919621190922895,0.030896048790032486,0.07772927307843411,79,79,79,79,,5000,5000,1.0,3021694564,20260901
r_native_classifier,per_class,all,1,bicycle,micro,bg_top10_fraction,0.6287311686753254,0.5758998989282511,0.6812172769405161,79,79,79,79,,5000,5000,1.0,3021694564,20260901
r_native_classifier,per_class,all,1,bicycle,micro,target_tail_enrich_10,5.372876139684499,4.656750787929742,6.088421446024186,71,79,71,79,,5000,5000,1.0,3021694564,20260901
r_native_classifier,per_class,all,1,bicycle,micro,other_fg_tail_enrich_10,0.5956473418804292,0.3862415390855694,0.8464541702986376,48,79,48,79,,5000,5000,1.0,3021694564,20260901
r_native_classifier,per_class,all,1,bicycle,micro,bg_tail_enrich_10,0.8537798888776301,0.7571906465355558,0.9703985173426527,79,79,79,79,,5000,5000,1.0,3021694564,20260901
r_native_classifier,per_class,all,1,bicycle,micro,target_top20_fraction,0.2596042998813958,0.217326892322051,0.30480056880319145,79,79,79,79,,5000,5000,1.0,3021694564,20260901
r_native_classifier,per_class,all,1,bicycle,micro,other_fg_top20_fraction,0.06885543445966931,0.04302370859196633,0.09923330674952692,79,79,79,79,,5000,5000,1.0,3021694564,20260901
r_native_classifier,per_class,all,1,bicycle,micro,bg_top20_fraction,0.6704925293724845,0.6226677822306641,0.716935456092795,79,79,79,79,,5000,5000,1.0,3021694564,20260901
r_native_classifier,per_class,all,1,bicycle,micro,target_tail_enrich_20,3.60798598644286,3.327915107986431,3.8858069311487626,71,79,71,79,,5000,5000,1.0,3021694564,20260901
r_native_classifier,per_class,all,1,bicycle,micro,other_fg_tail_enrich_20,0.6523118921837213,0.4486304771272553,0.884192175081075,48,79,48,79,,5000,5000,1.0,3021694564,20260901
r_native_classifier,per_class,all,1,bicycle,micro,bg_tail_enrich_20,0.9056571376033896,0.8250491681824452,0.9968918496879567,79,79,79,79,,5000,5000,1.0,3021694564,20260901
r_native_classifier,per_class,all,1,bicycle,micro,auc_target_bg,0.8756112238605073,0.8524330524401074,0.897097392645226,71,79,71,79,,5000,5000,1.0,3021694564,20260901
r_native_classifier,per_class,all,1,bicycle,micro,ap_target_bg,0.46825590749518,0.4143280371511751,0.5243107414599694,71,79,71,79,,5000,5000,1.0,3021694564,20260901
r_native_classifier,per_class,all,1,bicycle,micro,auc_target_other,0.9150542996444341,0.8833788311074279,0.9441278204165667,41,79,41,79,,5000,5000,1.0,3021694564,20260901
r_native_classifier,per_class,all,1,bicycle,micro,ap_target_other,0.8177871376670418,0.7568109162678632,0.875601659518081,41,79,41,79,,5000,5000,1.0,3021694564,20260901
r_native_classifier,per_class,all,1,bicycle,micro,target_mean,0.508958946975142,0.4750750923271635,0.541734469956066,71,79,71,79,,5000,5000,1.0,3021694564,20260901
r_native_classifier,per_class,all,1,bicycle,micro,other_fg_mean,0.08876145770228776,0.0622090910659411,0.11883866264126175,48,79,48,79,,5000,5000,1.0,3021694564,20260901
r_native_classifier,per_class,all,1,bicycle,micro,bg_mean,0.11846015072089933,0.10096855007809985,0.13693031303128916,79,79,79,79,,5000,5000,1.0,3021694564,20260901
r_native_classifier,per_class,all,1,bicycle,micro,target_median,0.5100797608389821,0.46785648821922826,0.5499878816661818,71,79,71,79,,5000,5000,1.0,3021694564,20260901
r_native_classifier,per_class,all,1,bicycle,micro,other_fg_median,0.051406638847159535,0.02617975463998102,0.07976604933671483,48,79,48,79,,5000,5000,1.0,3021694564,20260901
r_native_classifier,per_class,all,1,bicycle,micro,bg_median,0.042634335041482334,0.02766360600885664,0.05926886448766328,79,79,79,79,,5000,5000,1.0,3021694564,20260901
r_native_classifier,per_class,all,1,bicycle,micro,spatial_mass_target,0.10650951054560233,0.08576729182607813,0.12868182096553704,79,79,79,79,,5000,5000,1.0,3021694564,20260901
r_native_classifier,per_class,all,1,bicycle,micro,spatial_mass_other_fg,0.11705868071110188,0.07990230301076759,0.15732301542169966,79,79,79,79,,5000,5000,1.0,3021694564,20260901
r_native_classifier,per_class,all,1,bicycle,micro,spatial_mass_background,0.6674108558063265,0.6260465049762515,0.7067160782274565,79,79,79,79,,5000,5000,1.0,3021694564,20260901
r_native_classifier,per_class,all,2,bird,micro,target_hit,0.8543689320388349,0.7864077669902912,0.9223300970873787,103,103,103,103,,5000,5000,1.0,3021694564,20260901
r_native_classifier,per_class,all,2,bird,micro,other_fg_hit,0.019417475728155338,0.0,0.04854368932038835,103,103,103,103,,5000,5000,1.0,3021694564,20260901
r_native_classifier,per_class,all,2,bird,micro,background_hit,0.1262135922330097,0.06796116504854369,0.1941747572815534,103,103,103,103,,5000,5000,1.0,3021694564,20260901
r_native_classifier,per_class,all,2,bird,micro,target_top05_fraction,0.7252864470736209,0.6630963839537228,0.7837426668566487,103,103,103,103,,5000,5000,1.0,3021694564,20260901
r_native_classifier,per_class,all,2,bird,micro,other_fg_top05_fraction,0.013840876826313719,0.001092233009708738,0.029817105044653562,103,103,103,103,,5000,5000,1.0,3021694564,20260901
r_native_classifier,per_class,all,2,bird,micro,bg_top05_fraction,0.260387239206861,0.2051823299124653,0.3187896342265271,103,103,103,103,,5000,5000,1.0,3021694564,20260901
r_native_classifier,per_class,all,2,bird,micro,target_tail_enrich_05,7.272111659858655,6.216113264350738,8.378024860124139,99,103,99,103,,5000,5000,1.0,3021694564,20260901
r_native_classifier,per_class,all,2,bird,micro,other_fg_tail_enrich_05,0.3624573497011345,0.07490744617353869,0.709920275387983,9,103,9,103,,5000,5000,1.0,3021694564,20260901
r_native_classifier,per_class,all,2,bird,micro,bg_tail_enrich_05,0.37795939550642876,0.25590557477114767,0.5326164716489131,103,103,103,103,,5000,5000,1.0,3021694564,20260901
r_native_classifier,per_class,all,2,bird,micro,target_top10_fraction,0.6404133121209238,0.5735929616042637,0.7045266377371726,103,103,103,103,,5000,5000,1.0,3021694564,20260901
r_native_classifier,per_class,all,2,bird,micro,other_fg_top10_fraction,0.012898543797907813,0.0012500768096350005,0.02764221232061038,103,103,103,103,,5000,5000,1.0,3021694564,20260901
r_native_classifier,per_class,all,2,bird,micro,bg_top10_fraction,0.3461965624171646,0.28431848705991275,0.40896463812206874,103,103,103,103,,5000,5000,1.0,3021694564,20260901
r_native_classifier,per_class,all,2,bird,micro,target_tail_enrich_10,5.335943088918503,4.796829346123505,5.888357993929131,99,103,99,103,,5000,5000,1.0,3021694564,20260901
r_native_classifier,per_class,all,2,bird,micro,other_fg_tail_enrich_10,0.3291450827010261,0.08360487319479312,0.6251715892475572,9,103,9,103,,5000,5000,1.0,3021694564,20260901
r_native_classifier,per_class,all,2,bird,micro,bg_tail_enrich_10,0.4742316703707244,0.35420148237694404,0.6229718508254708,103,103,103,103,,5000,5000,1.0,3021694564,20260901
r_native_classifier,per_class,all,2,bird,micro,target_top20_fraction,0.5249000646775515,0.4583168302749075,0.5892952296090056,103,103,103,103,,5000,5000,1.0,3021694564,20260901
r_native_classifier,per_class,all,2,bird,micro,other_fg_top20_fraction,0.01553346584064246,0.003665515937306769,0.030840505841565134,103,103,103,103,,5000,5000,1.0,3021694564,20260901
r_native_classifier,per_class,all,2,bird,micro,bg_top20_fraction,0.45925727400842764,0.3970365507250721,0.5236095455312322,103,103,103,103,,5000,5000,1.0,3021694564,20260901
r_native_classifier,per_class,all,2,bird,micro,target_tail_enrich_20,3.640139399777325,3.392633664339766,3.885359147938899,99,103,99,103,,5000,5000,1.0,3021694564,20260901
r_native_classifier,per_class,all,2,bird,micro,other_fg_tail_enrich_20,0.3311033666018027,0.1368968626543482,0.5480594825808736,9,103,9,103,,5000,5000,1.0,3021694564,20260901
r_native_classifier,per_class,all,2,bird,micro,bg_tail_enrich_20,0.5982410045426094,0.49611189626270036,0.7157939780547595,103,103,103,103,,5000,5000,1.0,3021694564,20260901
r_native_classifier,per_class,all,2,bird,micro,auc_target_bg,0.916926964156003,0.8962361331567451,0.9353287833613191,99,103,99,103,,5000,5000,1.0,3021694564,20260901
r_native_classifier,per_class,all,2,bird,micro,ap_target_bg,0.737590140920684,0.691325063104415,0.7813994211780538,99,103,99,103,,5000,5000,1.0,3021694564,20260901
r_native_classifier,per_class,all,2,bird,micro,auc_target_other,0.8720543904681204,0.6542210226420752,0.9830438882790388,5,103,5,103,,5000,4969,0.9938,3021694564,20260901
r_native_classifier,per_class,all,2,bird,micro,ap_target_other,0.7344383843391018,0.3453672791082367,0.9968292538002163,5,103,5,103,,5000,4969,0.9938,3021694564,20260901
r_native_classifier,per_class,all,2,bird,micro,target_mean,0.6487744827654959,0.6220759786781163,0.6734333815396409,99,103,99,103,,5000,5000,1.0,3021694564,20260901
r_native_classifier,per_class,all,2,bird,micro,other_fg_mean,0.04602230163289098,0.00912189043733297,0.09147101139109375,9,103,9,103,,5000,5000,1.0,3021694564,20260901
r_native_classifier,per_class,all,2,bird,micro,bg_mean,0.26971985936443443,0.2452470391145989,0.29386613096148234,103,103,103,103,,5000,5000,1.0,3021694564,20260901
r_native_classifier,per_class,all,2,bird,micro,target_median,0.6481123509431126,0.6198799173005143,0.6746677083978997,99,103,99,103,,5000,5000,1.0,3021694564,20260901
r_native_classifier,per_class,all,2,bird,micro,other_fg_median,0.02962896828022268,0.0,0.0751144215464592,9,103,9,103,,5000,5000,1.0,3021694564,20260901
r_native_classifier,per_class,all,2,bird,micro,bg_median,0.2595183497421371,0.2336034216122358,0.2851636898749083,103,103,103,103,,5000,5000,1.0,3021694564,20260901
r_native_classifier,per_class,all,2,bird,micro,spatial_mass_target,0.2290738822114699,0.19195326475146254,0.26751386668121674,103,103,103,103,,5000,5000,1.0,3021694564,20260901
r_native_classifier,per_class,all,2,bird,micro,spatial_mass_other_fg,0.036101383235061416,0.012273826039632446,0.06500006123893504,103,103,103,103,,5000,5000,1.0,3021694564,20260901
r_native_classifier,per_class,all,2,bird,micro,spatial_mass_background,0.7167958129667541,0.6752947050463227,0.7574966114050555,103,103,103,103,,5000,5000,1.0,3021694564,20260901
r_native_classifier,per_class,all,3,boat,micro,target_hit,0.8194444444444444,0.7222222222222222,0.9027777777777778,72,72,72,72,,5000,5000,1.0,3021694564,20260901
r_native_classifier,per_class,all,3,boat,micro,other_fg_hit,0.0,0.0,0.0,72,72,72,72,,5000,5000,1.0,3021694564,20260901
r_native_classifier,per_class,all,3,boat,micro,background_hit,0.18055555555555555,0.09722222222222222,0.2777777777777778,72,72,72,72,,5000,5000,1.0,3021694564,20260901
r_native_classifier,per_class,all,3,boat,micro,target_top05_fraction,0.6994193423807322,0.6249228552126191,0.7734440529325628,72,72,72,72,,5000,5000,1.0,3021694564,20260901
r_native_classifier,per_class,all,3,boat,micro,other_fg_top05_fraction,0.004339106312790523,0.0007216224321487479,0.009484180536812116,72,72,72,72,,5000,5000,1.0,3021694564,20260901
r_native_classifier,per_class,all,3,boat,micro,bg_top05_fraction,0.29160406597046257,0.21992816945738566,0.36541375520749336,72,72,72,72,,5000,5000,1.0,3021694564,20260901
r_native_classifier,per_class,all,3,boat,micro,target_tail_enrich_05,8.062646637785399,6.788511409178922,9.394188763170767,69,72,69,72,,5000,5000,1.0,3021694564,20260901
r_native_classifier,per_class,all,3,boat,micro,other_fg_tail_enrich_05,1.4477847675990405,0.08512206721849463,4.101409187099289,17,72,17,72,,5000,5000,1.0,3021694564,20260901
r_native_classifier,per_class,all,3,boat,micro,bg_tail_enrich_05,0.41236553238025353,0.2595199392561964,0.6372053118081087,72,72,72,72,,5000,5000,1.0,3021694564,20260901
r_native_classifier,per_class,all,3,boat,micro,target_top10_fraction,0.6143285244753228,0.5362132141183978,0.6940233483447852,72,72,72,72,,5000,5000,1.0,3021694564,20260901
r_native_classifier,per_class,all,3,boat,micro,other_fg_top10_fraction,0.0059606602119926565,0.0017902517902517903,0.011552822013036037,72,72,72,72,,5000,5000,1.0,3021694564,20260901
r_native_classifier,per_class,all,3,boat,micro,bg_top10_fraction,0.37667328325895744,0.2984943981599265,0.4536821730073333,72,72,72,72,,5000,5000,1.0,3021694564,20260901
r_native_classifier,per_class,all,3,boat,micro,target_tail_enrich_10,5.784215044005088,5.136451065630357,6.436116470224616,69,72,69,72,,5000,5000,1.0,3021694564,20260901
r_native_classifier,per_class,all,3,boat,micro,other_fg_tail_enrich_10,1.1949322665188487,0.3081119573502545,2.561197267164519,17,72,17,72,,5000,5000,1.0,3021694564,20260901
r_native_classifier,per_class,all,3,boat,micro,bg_tail_enrich_10,0.5096231813589682,0.35183116640014855,0.7337505416643066,72,72,72,72,,5000,5000,1.0,3021694564,20260901
r_native_classifier,per_class,all,3,boat,micro,target_top20_fraction,0.4901031566745881,0.41287620810545533,0.5714304969002592,72,72,72,72,,5000,5000,1.0,3021694564,20260901
r_native_classifier,per_class,all,3,boat,micro,other_fg_top20_fraction,0.010714827412097717,0.0018730225228135427,0.023502862085654316,72,72,72,72,,5000,5000,1.0,3021694564,20260901
r_native_classifier,per_class,all,3,boat,micro,bg_top20_fraction,0.4964803530699026,0.4188481521455561,0.5708760117395851,72,72,72,72,,5000,5000,1.0,3021694564,20260901
r_native_classifier,per_class,all,3,boat,micro,target_tail_enrich_20,3.782801943421808,3.512120463478406,4.040684671486826,69,72,69,72,,5000,5000,1.0,3021694564,20260901
r_native_classifier,per_class,all,3,boat,micro,other_fg_tail_enrich_20,0.8167265590756813,0.29028229622005974,1.5460816740243997,17,72,17,72,,5000,5000,1.0,3021694564,20260901
r_native_classifier,per_class,all,3,boat,micro,bg_tail_enrich_20,0.6240462296725958,0.5044988796353995,0.769475529999681,72,72,72,72,,5000,5000,1.0,3021694564,20260901
r_native_classifier,per_class,all,3,boat,micro,auc_target_bg,0.9175738311588845,0.8984375991798011,0.9357796972131283,69,72,69,72,,5000,5000,1.0,3021694564,20260901
r_native_classifier,per_class,all,3,boat,micro,ap_target_bg,0.7181706556090146,0.6639621464023538,0.767883051159574,69,72,69,72,,5000,5000,1.0,3021694564,20260901
r_native_classifier,per_class,all,3,boat,micro,auc_target_other,0.8050378210151935,0.6585407665974907,0.9153696134548857,15,72,15,72,,5000,5000,1.0,3021694564,20260901
r_native_classifier,per_class,all,3,boat,micro,ap_target_other,0.9402685068708466,0.8963161567480381,0.9762513775776214,15,72,15,72,,5000,5000,1.0,3021694564,20260901
r_native_classifier,per_class,all,3,boat,micro,target_mean,0.5943996306218969,0.5549359903862461,0.6329740980186636,69,72,69,72,,5000,5000,1.0,3021694564,20260901
r_native_classifier,per_class,all,3,boat,micro,other_fg_mean,0.15088381445948218,0.0503075123300776,0.28658167182871586,17,72,17,72,,5000,5000,1.0,3021694564,20260901
r_native_classifier,per_class,all,3,boat,micro,bg_mean,0.1975900633377921,0.16780621495034426,0.2279578653464395,72,72,72,72,,5000,5000,1.0,3021694564,20260901
r_native_classifier,per_class,all,3,boat,micro,target_median,0.5993613425804221,0.5548206211698146,0.6429788309861632,69,72,69,72,,5000,5000,1.0,3021694564,20260901
r_native_classifier,per_class,all,3,boat,micro,other_fg_median,0.13208998213796055,0.03238809707264105,0.271710664739034,17,72,17,72,,5000,5000,1.0,3021694564,20260901
r_native_classifier,per_class,all,3,boat,micro,bg_median,0.1748937350219219,0.14089439032638135,0.21033911185255014,72,72,72,72,,5000,5000,1.0,3021694564,20260901
r_native_classifier,per_class,all,3,boat,micro,spatial_mass_target,0.20095641960182953,0.16343257209906975,0.241575050207838,72,72,72,72,,5000,5000,1.0,3021694564,20260901
r_native_classifier,per_class,all,3,boat,micro,spatial_mass_other_fg,0.030093174768909294,0.008275211427745592,0.05891210514887967,72,72,72,72,,5000,5000,1.0,3021694564,20260901
r_native_classifier,per_class,all,3,boat,micro,spatial_mass_background,0.7262920662760735,0.6783047233035581,0.7715667208191007,72,72,72,72,,5000,5000,1.0,3021694564,20260901
r_native_classifier,per_class,all,4,bottle,micro,target_hit,0.71875,0.625,0.8020833333333334,96,96,96,96,,5000,5000,1.0,3021694564,20260901
r_native_classifier,per_class,all,4,bottle,micro,other_fg_hit,0.09375,0.041666666666666664,0.15625,96,96,96,96,,5000,5000,1.0,3021694564,20260901
r_native_classifier,per_class,all,4,bottle,micro,background_hit,0.1875,0.11458333333333333,0.2708333333333333,96,96,96,96,,5000,5000,1.0,3021694564,20260901
r_native_classifier,per_class,all,4,bottle,micro,target_top05_fraction,0.5779834154821866,0.4958038618419056,0.6545160889196046,96,96,96,96,,5000,5000,1.0,3021694564,20260901
r_native_classifier,per_class,all,4,bottle,micro,other_fg_top05_fraction,0.16417163587553016,0.11636568248848064,0.21495249282487983,96,96,96,96,,5000,5000,1.0,3021694564,20260901
r_native_classifier,per_class,all,4,bottle,micro,bg_top05_fraction,0.25668200685434145,0.19758749881512552,0.3213978374869011,96,96,96,96,,5000,5000,1.0,3021694564,20260901
r_native_classifier,per_class,all,4,bottle,micro,target_tail_enrich_05,9.598017494672902,8.126386791414403,11.09156543609306,87,96,87,96,,5000,5000,1.0,3021694564,20260901
r_native_classifier,per_class,all,4,bottle,micro,other_fg_tail_enrich_05,0.6403364522746083,0.4418855765893808,0.9022063033721556,60,96,60,96,,5000,5000,1.0,3021694564,20260901
r_native_classifier,per_class,all,4,bottle,micro,bg_tail_enrich_05,0.46553907197459415,0.356913284662681,0.5893498769266802,93,96,93,96,,5000,5000,1.0,3021694564,20260901
r_native_classifier,per_class,all,4,bottle,micro,target_top10_fraction,0.4921110297015929,0.4114829825272216,0.5689241768733747,96,96,96,96,,5000,5000,1.0,3021694564,20260901
r_native_classifier,per_class,all,4,bottle,micro,other_fg_top10_fraction,0.18342616487737198,0.13442570036767065,0.23568867543562166,96,96,96,96,,5000,5000,1.0,3021694564,20260901
r_native_classifier,per_class,all,4,bottle,micro,bg_top10_fraction,0.3237477436102458,0.2619191030620162,0.3887681554648056,96,96,96,96,,5000,5000,1.0,3021694564,20260901
r_native_classifier,per_class,all,4,bottle,micro,target_tail_enrich_10,6.136979657815828,5.408373617503144,6.858585261765744,87,96,87,96,,5000,5000,1.0,3021694564,20260901
r_native_classifier,per_class,all,4,bottle,micro,other_fg_tail_enrich_10,0.6386490003046241,0.49597511387164067,0.8005936465561002,60,96,60,96,,5000,5000,1.0,3021694564,20260901
r_native_classifier,per_class,all,4,bottle,micro,bg_tail_enrich_10,0.6151579084034138,0.49489989660859507,0.749807532696054,93,96,93,96,,5000,5000,1.0,3021694564,20260901
r_native_classifier,per_class,all,4,bottle,micro,target_top20_fraction,0.39942651164290593,0.32168543496203916,0.4751140397479684,96,96,96,96,,5000,5000,1.0,3021694564,20260901
r_native_classifier,per_class,all,4,bottle,micro,other_fg_top20_fraction,0.17745840729218285,0.1312623283799754,0.22752246439553434,96,96,96,96,,5000,5000,1.0,3021694564,20260901
r_native_classifier,per_class,all,4,bottle,micro,bg_top20_fraction,0.4223597699300939,0.35938686242813356,0.48972874807809075,96,96,96,96,,5000,5000,1.0,3021694564,20260901
r_native_classifier,per_class,all,4,bottle,micro,target_tail_enrich_20,3.6564841478009953,3.341189775587405,3.958345301345977,87,96,87,96,,5000,5000,1.0,3021694564,20260901
r_native_classifier,per_class,all,4,bottle,micro,other_fg_tail_enrich_20,0.5800612358763398,0.46937225816169886,0.7038228314841807,60,96,60,96,,5000,5000,1.0,3021694564,20260901
r_native_classifier,per_class,all,4,bottle,micro,bg_tail_enrich_20,0.8350222602120954,0.6960796203742433,0.9932605705562465,93,96,93,96,,5000,5000,1.0,3021694564,20260901
r_native_classifier,per_class,all,4,bottle,micro,auc_target_bg,0.9265433877142389,0.9001827697841277,0.9497120736914919,84,96,84,96,,5000,5000,1.0,3021694564,20260901
r_native_classifier,per_class,all,4,bottle,micro,ap_target_bg,0.7759113610320076,0.717043779378694,0.833506209193474,84,96,84,96,,5000,5000,1.0,3021694564,20260901
r_native_classifier,per_class,all,4,bottle,micro,auc_target_other,0.9319342987640248,0.8946485707514439,0.9646200064620738,51,96,51,96,,5000,5000,1.0,3021694564,20260901
r_native_classifier,per_class,all,4,bottle,micro,ap_target_other,0.7722182645289127,0.6853980883381707,0.850910391880789,51,96,51,96,,5000,5000,1.0,3021694564,20260901
r_native_classifier,per_class,all,4,bottle,micro,target_mean,0.5264116624687347,0.4867556050351425,0.5648244875591957,87,96,87,96,,5000,5000,1.0,3021694564,20260901
r_native_classifier,per_class,all,4,bottle,micro,other_fg_mean,0.033100417848489445,0.021724412945837233,0.04708603335673676,60,96,60,96,,5000,5000,1.0,3021694564,20260901
r_native_classifier,per_class,all,4,bottle,micro,bg_mean,0.07064935630655832,0.05530770879303191,0.08648470512617933,93,96,93,96,,5000,5000,1.0,3021694564,20260901
r_native_classifier,per_class,all,4,bottle,micro,target_median,0.5227502516374506,0.4794988359156225,0.5653618683571651,87,96,87,96,,5000,5000,1.0,3021694564,20260901
r_native_classifier,per_class,all,4,bottle,micro,other_fg_median,0.008199325359115998,0.0005220584243293958,0.020806692580967224,60,96,60,96,,5000,5000,1.0,3021694564,20260901
r_native_classifier,per_class,all,4,bottle,micro,bg_median,0.04427676220294288,0.029886943786362568,0.05984179199389788,93,96,93,96,,5000,5000,1.0,3021694564,20260901
r_native_classifier,per_class,all,4,bottle,micro,spatial_mass_target,0.1982030223031567,0.15149742924822932,0.24648094911214377,96,96,96,96,,5000,5000,1.0,3021694564,20260901
r_native_classifier,per_class,all,4,bottle,micro,spatial_mass_other_fg,0.2686319458298385,0.21699169155035633,0.3224420052807545,96,96,96,96,,5000,5000,1.0,3021694564,20260901
r_native_classifier,per_class,all,4,bottle,micro,spatial_mass_background,0.48772612881536287,0.44063473045825957,0.5333257669835196,96,96,96,96,,5000,5000,1.0,3021694564,20260901
r_native_classifier,per_class,all,5,bus,micro,target_hit,0.918918918918919,0.8513513513513513,0.972972972972973,74,74,74,74,,5000,5000,1.0,3021694564,20260901
r_native_classifier,per_class,all,5,bus,micro,other_fg_hit,0.0,0.0,0.0,74,74,74,74,,5000,5000,1.0,3021694564,20260901
r_native_classifier,per_class,all,5,bus,micro,background_hit,0.08108108108108109,0.02702702702702703,0.14864864864864866,74,74,74,74,,5000,5000,1.0,3021694564,20260901
r_native_classifier,per_class,all,5,bus,micro,target_top05_fraction,0.9092991722436957,0.8507624606428839,0.9583367595218589,74,74,74,74,,5000,5000,1.0,3021694564,20260901
r_native_classifier,per_class,all,5,bus,micro,other_fg_top05_fraction,0.002790239632344895,0.0,0.007276507276507276,74,74,74,74,,5000,5000,1.0,3021694564,20260901
r_native_classifier,per_class,all,5,bus,micro,bg_top05_fraction,0.08791058812395938,0.040129927772175285,0.14537187545900204,74,74,74,74,,5000,5000,1.0,3021694564,20260901
r_native_classifier,per_class,all,5,bus,micro,target_tail_enrich_05,3.777035078807332,2.7869060447068112,4.952939791247788,73,74,73,74,,5000,5000,1.0,3021694564,20260901
r_native_classifier,per_class,all,5,bus,micro,other_fg_tail_enrich_05,0.17555690253075745,0.0,0.5329215151014566,34,74,34,74,,5000,5000,1.0,3021694564,20260901
r_native_classifier,per_class,all,5,bus,micro,bg_tail_enrich_05,0.11077055872077982,0.05342717242361257,0.1790065598220637,74,74,74,74,,5000,5000,1.0,3021694564,20260901
r_native_classifier,per_class,all,5,bus,micro,target_top10_fraction,0.8783500708163547,0.8129663925618086,0.9339924074820405,74,74,74,74,,5000,5000,1.0,3021694564,20260901
r_native_classifier,per_class,all,5,bus,micro,other_fg_top10_fraction,0.003296485641588906,0.0005153644394150723,0.007974240319343583,74,74,74,74,,5000,5000,1.0,3021694564,20260901
r_native_classifier,per_class,all,5,bus,micro,bg_top10_fraction,0.11835344354205654,0.06408412019406715,0.18230317150119485,74,74,74,74,,5000,5000,1.0,3021694564,20260901
r_native_classifier,per_class,all,5,bus,micro,target_tail_enrich_10,2.958499245261856,2.4199025975055566,3.579632791365428,73,74,73,74,,5000,5000,1.0,3021694564,20260901
r_native_classifier,per_class,all,5,bus,micro,other_fg_tail_enrich_10,0.22674088940380704,0.012811778851364163,0.6200326355302027,34,74,34,74,,5000,5000,1.0,3021694564,20260901
r_native_classifier,per_class,all,5,bus,micro,bg_tail_enrich_10,0.1497357479741424,0.08560943564118034,0.22389073820683844,74,74,74,74,,5000,5000,1.0,3021694564,20260901
r_native_classifier,per_class,all,5,bus,micro,target_top20_fraction,0.8313464209981845,0.757418425971075,0.8959015100932489,74,74,74,74,,5000,5000,1.0,3021694564,20260901
r_native_classifier,per_class,all,5,bus,micro,other_fg_top20_fraction,0.003484747610784973,0.0009474446443281024,0.0075018242492383876,74,74,74,74,,5000,5000,1.0,3021694564,20260901
r_native_classifier,per_class,all,5,bus,micro,bg_top20_fraction,0.16499557409839777,0.10156613273179353,0.23762500664013742,74,74,74,74,,5000,5000,1.0,3021694564,20260901
r_native_classifier,per_class,all,5,bus,micro,target_tail_enrich_20,2.3096590758539275,2.0176631508109266,2.6200459910632548,73,74,73,74,,5000,5000,1.0,3021694564,20260901
r_native_classifier,per_class,all,5,bus,micro,other_fg_tail_enrich_20,0.40418200554380507,0.07515386471296187,0.8703503226086786,34,74,34,74,,5000,5000,1.0,3021694564,20260901
r_native_classifier,per_class,all,5,bus,micro,bg_tail_enrich_20,0.22061840788666987,0.14529259817089096,0.3053272079179556,74,74,74,74,,5000,5000,1.0,3021694564,20260901
r_native_classifier,per_class,all,5,bus,micro,auc_target_bg,0.9161628136084333,0.8875413873018769,0.9404121037082351,73,74,73,74,,5000,5000,1.0,3021694564,20260901
r_native_classifier,per_class,all,5,bus,micro,ap_target_bg,0.9044597058915348,0.8603502697110034,0.9402767214818688,73,74,73,74,,5000,5000,1.0,3021694564,20260901
r_native_classifier,per_class,all,5,bus,micro,auc_target_other,0.8663418343837503,0.8139654057913186,0.9130134570573846,33,74,33,74,,5000,5000,1.0,3021694564,20260901
r_native_classifier,per_class,all,5,bus,micro,ap_target_other,0.9291361751200231,0.8409773360660564,0.989671132012147,33,74,33,74,,5000,5000,1.0,3021694564,20260901
r_native_classifier,per_class,all,5,bus,micro,target_mean,0.4989157730747505,0.46092587906574556,0.5337841164119964,73,74,73,74,,5000,5000,1.0,3021694564,20260901
r_native_classifier,per_class,all,5,bus,micro,other_fg_mean,0.11982341837798653,0.07319396344775725,0.1728933155368014,34,74,34,74,,5000,5000,1.0,3021694564,20260901
r_native_classifier,per_class,all,5,bus,micro,bg_mean,0.06417262745131301,0.051459759249014615,0.07865002816232466,74,74,74,74,,5000,5000,1.0,3021694564,20260901
r_native_classifier,per_class,all,5,bus,micro,target_median,0.5018135332693793,0.4576852924607022,0.5430485784202008,73,74,73,74,,5000,5000,1.0,3021694564,20260901
r_native_classifier,per_class,all,5,bus,micro,other_fg_median,0.10652187072178897,0.057898412217422784,0.16185932422615054,34,74,34,74,,5000,5000,1.0,3021694564,20260901
r_native_classifier,per_class,all,5,bus,micro,bg_median,0.01887433257306347,0.008169969491585083,0.03250929697957897,74,74,74,74,,5000,5000,1.0,3021694564,20260901
r_native_classifier,per_class,all,5,bus,micro,spatial_mass_target,0.5536094893075248,0.49025366245568386,0.6137453117524274,74,74,74,74,,5000,5000,1.0,3021694564,20260901
r_native_classifier,per_class,all,5,bus,micro,spatial_mass_other_fg,0.024198667648109934,0.013180268817263455,0.036967630129082524,74,74,74,74,,5000,5000,1.0,3021694564,20260901
r_native_classifier,per_class,all,5,bus,micro,spatial_mass_background,0.4096950675939789,0.3526069719690477,0.4680243409068852,74,74,74,74,,5000,5000,1.0,3021694564,20260901
r_native_classifier,per_class,all,6,car,micro,target_hit,0.7795275590551181,0.7086614173228346,0.8503937007874016,127,127,127,127,,5000,5000,1.0,3021694564,20260901
r_native_classifier,per_class,all,6,car,micro,other_fg_hit,0.047244094488188976,0.015748031496062992,0.08661417322834646,127,127,127,127,,5000,5000,1.0,3021694564,20260901
r_native_classifier,per_class,all,6,car,micro,background_hit,0.1732283464566929,0.11023622047244094,0.2440944881889764,127,127,127,127,,5000,5000,1.0,3021694564,20260901
r_native_classifier,per_class,all,6,car,micro,target_top05_fraction,0.6045436748089047,0.5300634033267165,0.6784247320791562,127,127,127,127,,5000,5000,1.0,3021694564,20260901
r_native_classifier,per_class,all,6,car,micro,other_fg_top05_fraction,0.05590653135203486,0.03294205628929002,0.0829303294137007,127,127,127,127,,5000,5000,1.0,3021694564,20260901
r_native_classifier,per_class,all,6,car,micro,bg_top05_fraction,0.33935294344535955,0.2738459194017627,0.4059191503967198,127,127,127,127,,5000,5000,1.0,3021694564,20260901
r_native_classifier,per_class,all,6,car,micro,target_tail_enrich_05,8.86788338585602,7.4651980596731216,10.250678597565207,113,127,113,127,,5000,5000,1.0,3021694564,20260901
r_native_classifier,per_class,all,6,car,micro,other_fg_tail_enrich_05,0.2672581362151857,0.15237471933983082,0.42128490067929075,79,127,79,127,,5000,5000,1.0,3021694564,20260901
r_native_classifier,per_class,all,6,car,micro,bg_tail_enrich_05,0.6546141964800787,0.4950617564172584,0.822511723830393,127,127,127,127,,5000,5000,1.0,3021694564,20260901
r_native_classifier,per_class,all,6,car,micro,target_top10_fraction,0.5377574687608955,0.46187246274600485,0.6152833768023118,127,127,127,127,,5000,5000,1.0,3021694564,20260901
r_native_classifier,per_class,all,6,car,micro,other_fg_top10_fraction,0.0596206152897252,0.03614810373244891,0.08638925152291595,127,127,127,127,,5000,5000,1.0,3021694564,20260901
r_native_classifier,per_class,all,6,car,micro,bg_top10_fraction,0.40222067593884986,0.3329643229979251,0.4713609981425753,127,127,127,127,,5000,5000,1.0,3021694564,20260901
r_native_classifier,per_class,all,6,car,micro,target_tail_enrich_10,5.495222477033684,4.806619540670089,6.168742261708301,113,127,113,127,,5000,5000,1.0,3021694564,20260901
r_native_classifier,per_class,all,6,car,micro,other_fg_tail_enrich_10,0.25315175265579803,0.1680240403623374,0.353011841431277,79,127,79,127,,5000,5000,1.0,3021694564,20260901
r_native_classifier,per_class,all,6,car,micro,bg_tail_enrich_10,0.7506915178628389,0.5896571159524071,0.9155717607216254,127,127,127,127,,5000,5000,1.0,3021694564,20260901
r_native_classifier,per_class,all,6,car,micro,target_top20_fraction,0.4682887997306435,0.3912423134212804,0.54670601397855,127,127,127,127,,5000,5000,1.0,3021694564,20260901
r_native_classifier,per_class,all,6,car,micro,other_fg_top20_fraction,0.07131058609788138,0.045013587985877526,0.10046357868035882,127,127,127,127,,5000,5000,1.0,3021694564,20260901
r_native_classifier,per_class,all,6,car,micro,bg_top20_fraction,0.45964308287912764,0.39056327071973557,0.5295486397472533,127,127,127,127,,5000,5000,1.0,3021694564,20260901
r_native_classifier,per_class,all,6,car,micro,target_tail_enrich_20,3.3564310837746234,3.055195605291703,3.6486789702904465,113,127,113,127,,5000,5000,1.0,3021694564,20260901
r_native_classifier,per_class,all,6,car,micro,other_fg_tail_enrich_20,0.2768109761272947,0.1981008913199049,0.3633622361134506,79,127,79,127,,5000,5000,1.0,3021694564,20260901
r_native_classifier,per_class,all,6,car,micro,bg_tail_enrich_20,0.8009388534953127,0.6600909683693235,0.9416333777120658,127,127,127,127,,5000,5000,1.0,3021694564,20260901
r_native_classifier,per_class,all,6,car,micro,auc_target_bg,0.9160045953294863,0.8920293271326201,0.9376063622293658,113,127,113,127,,5000,5000,1.0,3021694564,20260901
r_native_classifier,per_class,all,6,car,micro,ap_target_bg,0.7899504721637278,0.7368028452638975,0.8394645160973664,113,127,113,127,,5000,5000,1.0,3021694564,20260901
r_native_classifier,per_class,all,6,car,micro,auc_target_other,0.9113644656853407,0.8763809881204526,0.9426909735897524,66,127,66,127,,5000,5000,1.0,3021694564,20260901
r_native_classifier,per_class,all,6,car,micro,ap_target_other,0.833045467513535,0.7614359600724717,0.898016790537796,66,127,66,127,,5000,5000,1.0,3021694564,20260901
r_native_classifier,per_class,all,6,car,micro,target_mean,0.5429000988585772,0.5066505256649239,0.5776896709258154,113,127,113,127,,5000,5000,1.0,3021694564,20260901
r_native_classifier,per_class,all,6,car,micro,other_fg_mean,0.033791640160398644,0.019315115025624476,0.05094250183809023,79,127,79,127,,5000,5000,1.0,3021694564,20260901
r_native_classifier,per_class,all,6,car,micro,bg_mean,0.07456574555092513,0.06571081423673439,0.08387731169760718,127,127,127,127,,5000,5000,1.0,3021694564,20260901
r_native_classifier,per_class,all,6,car,micro,target_median,0.5505703787228703,0.5104917786786042,0.5883479639943447,113,127,113,127,,5000,5000,1.0,3021694564,20260901
r_native_classifier,per_class,all,6,car,micro,other_fg_median,0.021709435772669466,0.006993896683944123,0.0395925180578602,79,127,79,127,,5000,5000,1.0,3021694564,20260901
r_native_classifier,per_class,all,6,car,micro,bg_median,0.03238603224433357,0.02403480843466699,0.04161363084796874,127,127,127,127,,5000,5000,1.0,3021694564,20260901
r_native_classifier,per_class,all,6,car,micro,spatial_mass_target,0.2693765993701206,0.21785734739831986,0.32399532404525655,127,127,127,127,,5000,5000,1.0,3021694564,20260901
r_native_classifier,per_class,all,6,car,micro,spatial_mass_other_fg,0.17584576181825398,0.13589176548150822,0.21654569591614636,127,127,127,127,,5000,5000,1.0,3021694564,20260901
r_native_classifier,per_class,all,6,car,micro,spatial_mass_background,0.5280178088372148,0.48350911253373924,0.5746370965688248,127,127,127,127,,5000,5000,1.0,3021694564,20260901
r_native_classifier,per_class,all,7,cat,micro,target_hit,0.9747899159663865,0.9411764705882353,1.0,119,119,119,119,,5000,5000,1.0,3021694564,20260901
r_native_classifier,per_class,all,7,cat,micro,other_fg_hit,0.0,0.0,0.0,119,119,119,119,,5000,5000,1.0,3021694564,20260901
r_native_classifier,per_class,all,7,cat,micro,background_hit,0.025210084033613446,0.0,0.058823529411764705,119,119,119,119,,5000,5000,1.0,3021694564,20260901
r_native_classifier,per_class,all,7,cat,micro,target_top05_fraction,0.9413906432288781,0.9082407145550526,0.9684805068077126,119,119,119,119,,5000,5000,1.0,3021694564,20260901
r_native_classifier,per_class,all,7,cat,micro,other_fg_top05_fraction,0.006741117499631431,0.0018898136177547945,0.013117394731171822,119,119,119,119,,5000,5000,1.0,3021694564,20260901
r_native_classifier,per_class,all,7,cat,micro,bg_top05_fraction,0.05186823927149005,0.027265628807327722,0.08129057738142487,119,119,119,119,,5000,5000,1.0,3021694564,20260901
r_native_classifier,per_class,all,7,cat,micro,target_tail_enrich_05,4.045147529815724,3.390214147975529,4.806280961940149,119,119,119,119,,5000,5000,1.0,3021694564,20260901
r_native_classifier,per_class,all,7,cat,micro,other_fg_tail_enrich_05,0.06453674789705582,0.019679091376391785,0.1201796883060999,30,119,30,119,,5000,5000,1.0,3021694564,20260901
r_native_classifier,per_class,all,7,cat,micro,bg_tail_enrich_05,0.08835084383832809,0.045730814785033706,0.14179375012983159,113,119,113,119,,5000,5000,1.0,3021694564,20260901
r_native_classifier,per_class,all,7,cat,micro,target_top10_fraction,0.9046901399811345,0.8631820616453048,0.9399516301154206,119,119,119,119,,5000,5000,1.0,3021694564,20260901
r_native_classifier,per_class,all,7,cat,micro,other_fg_top10_fraction,0.014136061014651055,0.00570106188996799,0.024093198271718165,119,119,119,119,,5000,5000,1.0,3021694564,20260901
r_native_classifier,per_class,all,7,cat,micro,bg_top10_fraction,0.0811737990042146,0.05051287122542994,0.11678160398521631,119,119,119,119,,5000,5000,1.0,3021694564,20260901
r_native_classifier,per_class,all,7,cat,micro,target_tail_enrich_10,3.3893299723577393,2.9791281936745886,3.8380788894653532,119,119,119,119,,5000,5000,1.0,3021694564,20260901
r_native_classifier,per_class,all,7,cat,micro,other_fg_tail_enrich_10,0.1688996955773115,0.06021302842582436,0.3195976145312385,30,119,30,119,,5000,5000,1.0,3021694564,20260901
r_native_classifier,per_class,all,7,cat,micro,bg_tail_enrich_10,0.13276007741327964,0.08167372628794477,0.19428505230455484,113,119,113,119,,5000,5000,1.0,3021694564,20260901
r_native_classifier,per_class,all,7,cat,micro,target_top20_fraction,0.8462750762411444,0.7963069266379981,0.891572295563168,119,119,119,119,,5000,5000,1.0,3021694564,20260901
r_native_classifier,per_class,all,7,cat,micro,other_fg_top20_fraction,0.02534910334080423,0.012415011891631272,0.040154755588228834,119,119,119,119,,5000,5000,1.0,3021694564,20260901
r_native_classifier,per_class,all,7,cat,micro,bg_top20_fraction,0.12814890473396395,0.0896434778203851,0.17168862588693184,119,119,119,119,,5000,5000,1.0,3021694564,20260901
r_native_classifier,per_class,all,7,cat,micro,target_tail_enrich_20,2.732297137352874,2.5064339303225127,2.9640837531091107,119,119,119,119,,5000,5000,1.0,3021694564,20260901
r_native_classifier,per_class,all,7,cat,micro,other_fg_tail_enrich_20,0.2846798189626364,0.13424729991764853,0.503762205638897,30,119,30,119,,5000,5000,1.0,3021694564,20260901
r_native_classifier,per_class,all,7,cat,micro,bg_tail_enrich_20,0.20431184958871484,0.14327205034578144,0.2719153408779831,113,119,113,119,,5000,5000,1.0,3021694564,20260901
r_native_classifier,per_class,all,7,cat,micro,auc_target_bg,0.9399042662656057,0.9228789815312356,0.9551060886088052,113,119,113,119,,5000,5000,1.0,3021694564,20260901
r_native_classifier,per_class,all,7,cat,micro,ap_target_bg,0.9171774950315015,0.887776745447847,0.9414209271398473,113,119,113,119,,5000,5000,1.0,3021694564,20260901
r_native_classifier,per_class,all,7,cat,micro,auc_target_other,0.9415717521843815,0.8915621281033075,0.9785181800518689,30,119,30,119,,5000,5000,1.0,3021694564,20260901
r_native_classifier,per_class,all,7,cat,micro,ap_target_other,0.8951466471010712,0.8091009002347944,0.9581813336290593,30,119,30,119,,5000,5000,1.0,3021694564,20260901
r_native_classifier,per_class,all,7,cat,micro,target_mean,0.5037848922101296,0.4778624552265146,0.5288738912184785,119,119,119,119,,5000,5000,1.0,3021694564,20260901
r_native_classifier,per_class,all,7,cat,micro,other_fg_mean,0.019305866413767154,0.011926345791977265,0.027260410923972994,30,119,30,119,,5000,5000,1.0,3021694564,20260901
r_native_classifier,per_class,all,7,cat,micro,bg_mean,0.05112724333377586,0.04439519014786227,0.058203857740017455,113,119,113,119,,5000,5000,1.0,3021694564,20260901
r_native_classifier,per_class,all,7,cat,micro,target_median,0.5073484837257561,0.4776082738576567,0.5368219228257902,119,119,119,119,,5000,5000,1.0,3021694564,20260901
r_native_classifier,per_class,all,7,cat,micro,other_fg_median,0.0032488821384807427,0.0,0.007368238061304582,30,119,30,119,,5000,5000,1.0,3021694564,20260901
r_native_classifier,per_class,all,7,cat,micro,bg_median,0.011412308669846868,0.006756706763542326,0.016799905079031792,113,119,113,119,,5000,5000,1.0,3021694564,20260901
r_native_classifier,per_class,all,7,cat,micro,spatial_mass_target,0.4698146171554798,0.42749905836917146,0.5111078513950548,119,119,119,119,,5000,5000,1.0,3021694564,20260901
r_native_classifier,per_class,all,7,cat,micro,spatial_mass_other_fg,0.07703578738229615,0.04866297949269852,0.10806371153120983,119,119,119,119,,5000,5000,1.0,3021694564,20260901
r_native_classifier,per_class,all,7,cat,micro,spatial_mass_background,0.4138309176572982,0.37368562162595514,0.45654735674048547,119,119,119,119,,5000,5000,1.0,3021694564,20260901
r_native_classifier,per_class,all,8,chair,micro,target_hit,0.5609756097560976,0.4715447154471545,0.6504065040650406,123,123,123,123,,5000,5000,1.0,3021694564,20260901
r_native_classifier,per_class,all,8,chair,micro,other_fg_hit,0.16260162601626016,0.0975609756097561,0.22764227642276422,123,123,123,123,,5000,5000,1.0,3021694564,20260901
r_native_classifier,per_class,all,8,chair,micro,background_hit,0.2764227642276423,0.1951219512195122,0.35772357723577236,123,123,123,123,,5000,5000,1.0,3021694564,20260901
r_native_classifier,per_class,all,8,chair,micro,target_top05_fraction,0.46379205891967373,0.40171725106412315,0.5293410689864004,123,123,123,123,,5000,5000,1.0,3021694564,20260901
r_native_classifier,per_class,all,8,chair,micro,other_fg_top05_fraction,0.17203836615742907,0.12671462875069264,0.21879796651118058,123,123,123,123,,5000,5000,1.0,3021694564,20260901
r_native_classifier,per_class,all,8,chair,micro,bg_top05_fraction,0.3630671142568938,0.3074233138306729,0.4198520839326359,123,123,123,123,,5000,5000,1.0,3021694564,20260901
r_native_classifier,per_class,all,8,chair,micro,target_tail_enrich_05,7.245112934926881,6.191100592871607,8.34908911371024,112,123,112,123,,5000,5000,1.0,3021694564,20260901
r_native_classifier,per_class,all,8,chair,micro,other_fg_tail_enrich_05,1.0078388894684738,0.6504528152421821,1.4610219997573153,107,123,107,123,,5000,5000,1.0,3021694564,20260901
r_native_classifier,per_class,all,8,chair,micro,bg_tail_enrich_05,0.6935693667066811,0.5453518400430615,0.8901831599011889,122,123,122,123,,5000,5000,1.0,3021694564,20260901
r_native_classifier,per_class,all,8,chair,micro,target_top10_fraction,0.39358686598848264,0.3360483204217392,0.45664249041856636,123,123,123,123,,5000,5000,1.0,3021694564,20260901
r_native_classifier,per_class,all,8,chair,micro,other_fg_top10_fraction,0.17129387102548327,0.13049060597465956,0.21213227337780394,123,123,123,123,,5000,5000,1.0,3021694564,20260901
r_native_classifier,per_class,all,8,chair,micro,bg_top10_fraction,0.4340413076024181,0.3812972720232611,0.4889713871410034,123,123,123,123,,5000,5000,1.0,3021694564,20260901
r_native_classifier,per_class,all,8,chair,micro,target_tail_enrich_10,5.2502573262147125,4.6879866327347575,5.827128224031178,112,123,112,123,,5000,5000,1.0,3021694564,20260901
r_native_classifier,per_class,all,8,chair,micro,other_fg_tail_enrich_10,0.9180843584892406,0.6753147163195248,1.2098066915252017,107,123,107,123,,5000,5000,1.0,3021694564,20260901
r_native_classifier,per_class,all,8,chair,micro,bg_tail_enrich_10,0.8232941290559095,0.6773158323316302,1.0074502959033058,122,123,122,123,,5000,5000,1.0,3021694564,20260901
r_native_classifier,per_class,all,8,chair,micro,target_top20_fraction,0.3020543963997105,0.25061534879054237,0.3568190587919624,123,123,123,123,,5000,5000,1.0,3021694564,20260901
r_native_classifier,per_class,all,8,chair,micro,other_fg_top20_fraction,0.18038680643140054,0.1430275393132809,0.21928739173279124,123,123,123,123,,5000,5000,1.0,3021694564,20260901
r_native_classifier,per_class,all,8,chair,micro,bg_top20_fraction,0.5167411144233514,0.46618114169832686,0.5673009042784193,123,123,123,123,,5000,5000,1.0,3021694564,20260901
r_native_classifier,per_class,all,8,chair,micro,target_tail_enrich_20,3.331115213070201,3.049365210887595,3.608627555939999,112,123,112,123,,5000,5000,1.0,3021694564,20260901
r_native_classifier,per_class,all,8,chair,micro,other_fg_tail_enrich_20,0.8834799793077687,0.696277495744759,1.0940679610242572,107,123,107,123,,5000,5000,1.0,3021694564,20260901
r_native_classifier,per_class,all,8,chair,micro,bg_tail_enrich_20,0.921801861927178,0.8105339578025549,1.0451820290470222,122,123,122,123,,5000,5000,1.0,3021694564,20260901
r_native_classifier,per_class,all,8,chair,micro,auc_target_bg,0.8265726685746547,0.7921788023296875,0.8599786768654315,111,123,111,123,,5000,5000,1.0,3021694564,20260901
r_native_classifier,per_class,all,8,chair,micro,ap_target_bg,0.5674503029857263,0.5143934273394021,0.6213793655906773,111,123,111,123,,5000,5000,1.0,3021694564,20260901
r_native_classifier,per_class,all,8,chair,micro,auc_target_other,0.7993047689150031,0.7600514188122142,0.835267011938827,96,123,96,123,,5000,5000,1.0,3021694564,20260901
r_native_classifier,per_class,all,8,chair,micro,ap_target_other,0.6402228269429882,0.5739425430395222,0.703833539171832,96,123,96,123,,5000,5000,1.0,3021694564,20260901
r_native_classifier,per_class,all,8,chair,micro,target_mean,0.371399106832039,0.3300880798813038,0.4116326187445264,112,123,112,123,,5000,5000,1.0,3021694564,20260901
r_native_classifier,per_class,all,8,chair,micro,other_fg_mean,0.08609685092279938,0.06444611955119486,0.11108425776931374,107,123,107,123,,5000,5000,1.0,3021694564,20260901
r_native_classifier,per_class,all,8,chair,micro,bg_mean,0.06027714827714083,0.05069465382940095,0.07134286216858567,122,123,122,123,,5000,5000,1.0,3021694564,20260901
r_native_classifier,per_class,all,8,chair,micro,target_median,0.34524739224330653,0.29796674441659093,0.3905592734118856,112,123,112,123,,5000,5000,1.0,3021694564,20260901
r_native_classifier,per_class,all,8,chair,micro,other_fg_median,0.05252965914426049,0.030848210685629547,0.07908439605741238,107,123,107,123,,5000,5000,1.0,3021694564,20260901
r_native_classifier,per_class,all,8,chair,micro,bg_median,0.018753839282654835,0.011113238133545927,0.028151987014080986,122,123,122,123,,5000,5000,1.0,3021694564,20260901
r_native_classifier,per_class,all,8,chair,micro,spatial_mass_target,0.131904220365639,0.10622499409071132,0.1592958830252036,123,123,123,123,,5000,5000,1.0,3021694564,20260901
r_native_classifier,per_class,all,8,chair,micro,spatial_mass_other_fg,0.246806395213627,0.21249111440928076,0.2825765572888663,123,123,123,123,,5000,5000,1.0,3021694564,20260901
r_native_classifier,per_class,all,8,chair,micro,spatial_mass_background,0.5628684061632409,0.523880856577307,0.6000392512092745,123,123,123,123,,5000,5000,1.0,3021694564,20260901
r_native_classifier,per_class,all,9,cow,micro,target_hit,0.971830985915493,0.9295774647887324,1.0,71,71,71,71,,5000,5000,1.0,3021694564,20260901
r_native_classifier,per_class,all,9,cow,micro,other_fg_hit,0.0,0.0,0.0,71,71,71,71,,5000,5000,1.0,3021694564,20260901
r_native_classifier,per_class,all,9,cow,micro,background_hit,0.028169014084507043,0.0,0.07042253521126761,71,71,71,71,,5000,5000,1.0,3021694564,20260901
r_native_classifier,per_class,all,9,cow,micro,target_top05_fraction,0.9142636520879662,0.8589463230122978,0.9621055720286632,71,71,71,71,,5000,5000,1.0,3021694564,20260901
r_native_classifier,per_class,all,9,cow,micro,other_fg_top05_fraction,0.0029651593773165306,0.0,0.008895478131949592,71,71,71,71,,5000,5000,1.0,3021694564,20260901
r_native_classifier,per_class,all,9,cow,micro,bg_top05_fraction,0.08277118853471707,0.03726045883940621,0.13477466689475573,71,71,71,71,,5000,5000,1.0,3021694564,20260901
r_native_classifier,per_class,all,9,cow,micro,target_tail_enrich_05,5.113435091216644,4.060819251119265,6.2407025747841125,71,71,71,71,,5000,5000,1.0,3021694564,20260901
r_native_classifier,per_class,all,9,cow,micro,other_fg_tail_enrich_05,0.03513456538534409,0.0,0.11573739185760407,14,71,14,71,,5000,5000,1.0,3021694564,20260901
r_native_classifier,per_class,all,9,cow,micro,bg_tail_enrich_05,0.10726041872629503,0.044902911316020346,0.18622020053535257,71,71,71,71,,5000,5000,1.0,3021694564,20260901
r_native_classifier,per_class,all,9,cow,micro,target_top10_fraction,0.8713295665730509,0.8067990911997278,0.9299072445788157,71,71,71,71,,5000,5000,1.0,3021694564,20260901
r_native_classifier,per_class,all,9,cow,micro,other_fg_top10_fraction,0.0041025641025641026,0.0,0.01158540989526905,71,71,71,71,,5000,5000,1.0,3021694564,20260901
r_native_classifier,per_class,all,9,cow,micro,bg_top10_fraction,0.12420672811817343,0.06747252524584084,0.18637506077334445,71,71,71,71,,5000,5000,1.0,3021694564,20260901
r_native_classifier,per_class,all,9,cow,micro,target_tail_enrich_10,4.13666738406196,3.488389237917957,4.780283184917261,71,71,71,71,,5000,5000,1.0,3021694564,20260901
r_native_classifier,per_class,all,9,cow,micro,other_fg_tail_enrich_10,0.05277491726076081,0.0,0.1456032390608139,14,71,14,71,,5000,5000,1.0,3021694564,20260901
r_native_classifier,per_class,all,9,cow,micro,bg_tail_enrich_10,0.15398256892299714,0.08201776920338874,0.23919739356298766,71,71,71,71,,5000,5000,1.0,3021694564,20260901
r_native_classifier,per_class,all,9,cow,micro,target_top20_fraction,0.7724864299093797,0.6986794657564418,0.8408139294505977,71,71,71,71,,5000,5000,1.0,3021694564,20260901
r_native_classifier,per_class,all,9,cow,micro,other_fg_top20_fraction,0.008923245148167502,0.0012866381524373276,0.02032007348417706,71,71,71,71,,5000,5000,1.0,3021694564,20260901
r_native_classifier,per_class,all,9,cow,micro,bg_top20_fraction,0.21812917360930317,0.15161558148401325,0.289930605969631,71,71,71,71,,5000,5000,1.0,3021694564,20260901
r_native_classifier,per_class,all,9,cow,micro,target_tail_enrich_20,3.0463044613516814,2.7136150793321083,3.360113818815822,71,71,71,71,,5000,5000,1.0,3021694564,20260901
r_native_classifier,per_class,all,9,cow,micro,other_fg_tail_enrich_20,0.1541566014269197,0.05601266317591791,0.27762936834869917,14,71,14,71,,5000,5000,1.0,3021694564,20260901
r_native_classifier,per_class,all,9,cow,micro,bg_tail_enrich_20,0.27064513566067594,0.19000360535298147,0.3600874349565312,71,71,71,71,,5000,5000,1.0,3021694564,20260901
r_native_classifier,per_class,all,9,cow,micro,auc_target_bg,0.9168519135840262,0.8934383231303517,0.9377197018475006,71,71,71,71,,5000,5000,1.0,3021694564,20260901
r_native_classifier,per_class,all,9,cow,micro,ap_target_bg,0.8806168154048957,0.843309760029001,0.9134811465581065,71,71,71,71,,5000,5000,1.0,3021694564,20260901
r_native_classifier,per_class,all,9,cow,micro,auc_target_other,0.8657117978107995,0.7773815877184589,0.939953868825599,14,71,14,71,,5000,5000,1.0,3021694564,20260901
r_native_classifier,per_class,all,9,cow,micro,ap_target_other,0.8563301073634951,0.7091700404044179,0.9638909740756287,14,71,14,71,,5000,5000,1.0,3021694564,20260901
r_native_classifier,per_class,all,9,cow,micro,target_mean,0.4786004360101703,0.4407950829659649,0.5157962398051921,71,71,71,71,,5000,5000,1.0,3021694564,20260901
r_native_classifier,per_class,all,9,cow,micro,other_fg_mean,0.01085367210619692,0.003042532077483619,0.01949659618055975,14,71,14,71,,5000,5000,1.0,3021694564,20260901
r_native_classifier,per_class,all,9,cow,micro,bg_mean,0.04142075807850979,0.03198756879659197,0.051640582331740174,71,71,71,71,,5000,5000,1.0,3021694564,20260901
r_native_classifier,per_class,all,9,cow,micro,target_median,0.4831244310128017,0.4363599052954413,0.5280926106117246,71,71,71,71,,5000,5000,1.0,3021694564,20260901
r_native_classifier,per_class,all,9,cow,micro,other_fg_median,0.0,0.0,0.0,14,71,14,71,,5000,5000,1.0,3021694564,20260901
r_native_classifier,per_class,all,9,cow,micro,bg_median,0.016571467363564168,0.008327866196394635,0.025949066327466668,71,71,71,71,,5000,5000,1.0,3021694564,20260901
r_native_classifier,per_class,all,9,cow,micro,spatial_mass_target,0.4079567248552618,0.3510471447934987,0.4659219810634222,71,71,71,71,,5000,5000,1.0,3021694564,20260901
r_native_classifier,per_class,all,9,cow,micro,spatial_mass_other_fg,0.03264073111956388,0.014600323380010438,0.05302733460139535,71,71,71,71,,5000,5000,1.0,3021694564,20260901
r_native_classifier,per_class,all,9,cow,micro,spatial_mass_background,0.5317935691621731,0.47194747976748874,0.5902461251768637,71,71,71,71,,5000,5000,1.0,3021694564,20260901
r_native_classifier,per_class,all,10,diningtable,micro,target_hit,0.6933333333333334,0.5866666666666667,0.8,75,75,75,75,,5000,5000,1.0,3021694564,20260901
r_native_classifier,per_class,all,10,diningtable,micro,other_fg_hit,0.16,0.08,0.24,75,75,75,75,,5000,5000,1.0,3021694564,20260901
r_native_classifier,per_class,all,10,diningtable,micro,background_hit,0.14666666666666667,0.06666666666666667,0.22666666666666666,75,75,75,75,,5000,5000,1.0,3021694564,20260901
r_native_classifier,per_class,all,10,diningtable,micro,target_top05_fraction,0.6581905938933804,0.5777354706527307,0.7345585820452692,75,75,75,75,,5000,5000,1.0,3021694564,20260901
r_native_classifier,per_class,all,10,diningtable,micro,other_fg_top05_fraction,0.13810411286185284,0.09399308243240131,0.18678558400090906,75,75,75,75,,5000,5000,1.0,3021694564,20260901
r_native_classifier,per_class,all,10,diningtable,micro,bg_top05_fraction,0.20256942326679167,0.13996651395894816,0.27094569520194517,75,75,75,75,,5000,5000,1.0,3021694564,20260901
r_native_classifier,per_class,all,10,diningtable,micro,target_tail_enrich_05,4.925434543916531,3.956409019379737,5.981732607794534,73,75,73,75,,5000,5000,1.0,3021694564,20260901
r_native_classifier,per_class,all,10,diningtable,micro,other_fg_tail_enrich_05,0.9068832872652683,0.4998686291256264,1.3894366957964885,70,75,70,75,,5000,5000,1.0,3021694564,20260901
r_native_classifier,per_class,all,10,diningtable,micro,bg_tail_enrich_05,0.4984688792774892,0.321590136363274,0.7140527961389682,73,75,73,75,,5000,5000,1.0,3021694564,20260901
r_native_classifier,per_class,all,10,diningtable,micro,target_top10_fraction,0.5964067085472541,0.5169459694911558,0.6729949643348031,75,75,75,75,,5000,5000,1.0,3021694564,20260901
r_native_classifier,per_class,all,10,diningtable,micro,other_fg_top10_fraction,0.15200911248954482,0.10900575443322014,0.1980109910212836,75,75,75,75,,5000,5000,1.0,3021694564,20260901
r_native_classifier,per_class,all,10,diningtable,micro,bg_top10_fraction,0.2503113444667825,0.18613009029341532,0.3187687647482511,75,75,75,75,,5000,5000,1.0,3021694564,20260901
r_native_classifier,per_class,all,10,diningtable,micro,target_tail_enrich_10,3.9551015558386147,3.348758307470902,4.581061554670161,73,75,73,75,,5000,5000,1.0,3021694564,20260901
r_native_classifier,per_class,all,10,diningtable,micro,other_fg_tail_enrich_10,0.8745295332254622,0.5418549410496966,1.2492126165763024,70,75,70,75,,5000,5000,1.0,3021694564,20260901
r_native_classifier,per_class,all,10,diningtable,micro,bg_tail_enrich_10,0.5790488923253907,0.41000489065501683,0.7872911119833158,73,75,73,75,,5000,5000,1.0,3021694564,20260901
r_native_classifier,per_class,all,10,diningtable,micro,target_top20_fraction,0.48715347404270287,0.41175927921727,0.5630709883380347,75,75,75,75,,5000,5000,1.0,3021694564,20260901
r_native_classifier,per_class,all,10,diningtable,micro,other_fg_top20_fraction,0.1765211633797176,0.13385564817020854,0.22427335130114567,75,75,75,75,,5000,5000,1.0,3021694564,20260901
r_native_classifier,per_class,all,10,diningtable,micro,bg_top20_fraction,0.3352397171794912,0.2683683029600773,0.40445514818360834,75,75,75,75,,5000,5000,1.0,3021694564,20260901
r_native_classifier,per_class,all,10,diningtable,micro,target_tail_enrich_20,2.7538717780788904,2.404636462848508,3.0897409319102,73,75,73,75,,5000,5000,1.0,3021694564,20260901
r_native_classifier,per_class,all,10,diningtable,micro,other_fg_tail_enrich_20,0.8592618647018919,0.5978294617486025,1.1402049249216306,70,75,70,75,,5000,5000,1.0,3021694564,20260901
r_native_classifier,per_class,all,10,diningtable,micro,bg_tail_enrich_20,0.7469027749199743,0.5907900273558369,0.9307557914690289,73,75,73,75,,5000,5000,1.0,3021694564,20260901
r_native_classifier,per_class,all,10,diningtable,micro,auc_target_bg,0.7919080711840109,0.748256274389962,0.8311800426150537,71,75,71,75,,5000,5000,1.0,3021694564,20260901
r_native_classifier,per_class,all,10,diningtable,micro,ap_target_bg,0.6778512049212505,0.6145336366980372,0.7412159647557616,71,75,71,75,,5000,5000,1.0,3021694564,20260901
r_native_classifier,per_class,all,10,diningtable,micro,auc_target_other,0.7540378551387321,0.7052664962489651,0.8004248438000776,68,75,68,75,,5000,5000,1.0,3021694564,20260901
r_native_classifier,per_class,all,10,diningtable,micro,ap_target_other,0.6939352428986574,0.6264409201655755,0.7575380027220091,68,75,68,75,,5000,5000,1.0,3021694564,20260901
r_native_classifier,per_class,all,10,diningtable,micro,target_mean,0.3035446120615098,0.2564825887001541,0.3491440477250456,73,75,73,75,,5000,5000,1.0,3021694564,20260901
r_native_classifier,per_class,all,10,diningtable,micro,other_fg_mean,0.07642372939409876,0.04804287806016651,0.10673605998877866,70,75,70,75,,5000,5000,1.0,3021694564,20260901
r_native_classifier,per_class,all,10,diningtable,micro,bg_mean,0.041637728536566304,0.028046241733396322,0.061869634847344264,73,75,73,75,,5000,5000,1.0,3021694564,20260901
r_native_classifier,per_class,all,10,diningtable,micro,target_median,0.2748687200260999,0.21926551722303883,0.32863115438209106,73,75,73,75,,5000,5000,1.0,3021694564,20260901
r_native_classifier,per_class,all,10,diningtable,micro,other_fg_median,0.050896348218832696,0.02292604090009545,0.0817695386834321,70,75,70,75,,5000,5000,1.0,3021694564,20260901
r_native_classifier,per_class,all,10,diningtable,micro,bg_median,0.011333199753744961,0.0009838432018217204,0.029078429759114902,73,75,73,75,,5000,5000,1.0,3021694564,20260901
r_native_classifier,per_class,all,10,diningtable,micro,spatial_mass_target,0.25933768780281147,0.20902704328360658,0.3151934192435195,75,75,75,75,,5000,5000,1.0,3021694564,20260901
r_native_classifier,per_class,all,10,diningtable,micro,spatial_mass_other_fg,0.2738631121814251,0.23403822479397057,0.31509508020989596,75,75,75,75,,5000,5000,1.0,3021694564,20260901
r_native_classifier,per_class,all,10,diningtable,micro,spatial_mass_background,0.42450186853607497,0.3740386736455063,0.4725733857564628,75,75,75,75,,5000,5000,1.0,3021694564,20260901
r_native_classifier,per_class,all,11,dog,micro,target_hit,0.984375,0.9609375,1.0,128,128,128,128,,5000,5000,1.0,3021694564,20260901
r_native_classifier,per_class,all,11,dog,micro,other_fg_hit,0.0078125,0.0,0.0234375,128,128,128,128,,5000,5000,1.0,3021694564,20260901
r_native_classifier,per_class,all,11,dog,micro,background_hit,0.0078125,0.0,0.0234375,128,128,128,128,,5000,5000,1.0,3021694564,20260901
r_native_classifier,per_class,all,11,dog,micro,target_top05_fraction,0.9460591304032913,0.9157896530575907,0.9724955357091972,128,128,128,128,,5000,5000,1.0,3021694564,20260901
r_native_classifier,per_class,all,11,dog,micro,other_fg_top05_fraction,0.00791929248960499,0.0013772035256410255,0.017069182313322932,128,128,128,128,,5000,5000,1.0,3021694564,20260901
r_native_classifier,per_class,all,11,dog,micro,bg_top05_fraction,0.04602157710710341,0.02154157357513649,0.0749913899320252,128,128,128,128,,5000,5000,1.0,3021694564,20260901
r_native_classifier,per_class,all,11,dog,micro,target_tail_enrich_05,5.1766912092322475,4.368497137823584,6.02140840311525,128,128,128,128,,5000,5000,1.0,3021694564,20260901
r_native_classifier,per_class,all,11,dog,micro,other_fg_tail_enrich_05,0.09854606888947214,0.016519070181648627,0.21763890936906344,43,128,43,128,,5000,5000,1.0,3021694564,20260901
r_native_classifier,per_class,all,11,dog,micro,bg_tail_enrich_05,0.05388407336778774,0.026447269504772896,0.0864709058520331,124,128,124,128,,5000,5000,1.0,3021694564,20260901
r_native_classifier,per_class,all,11,dog,micro,target_top10_fraction,0.8972363149442824,0.8572053096293291,0.9340753878280156,128,128,128,128,,5000,5000,1.0,3021694564,20260901
r_native_classifier,per_class,all,11,dog,micro,other_fg_top10_fraction,0.015862326150709274,0.004613378133546003,0.03061666028983867,128,128,128,128,,5000,5000,1.0,3021694564,20260901
r_native_classifier,per_class,all,11,dog,micro,bg_top10_fraction,0.08680246649994512,0.053518460452215186,0.12452434980083867,128,128,128,128,,5000,5000,1.0,3021694564,20260901
r_native_classifier,per_class,all,11,dog,micro,target_tail_enrich_10,4.174308895783008,3.6867681088416013,4.660078420653936,128,128,128,128,,5000,5000,1.0,3021694564,20260901
r_native_classifier,per_class,all,11,dog,micro,other_fg_tail_enrich_10,0.13249784218337446,0.046407091902782735,0.24256875749161852,43,128,43,128,,5000,5000,1.0,3021694564,20260901
r_native_classifier,per_class,all,11,dog,micro,bg_tail_enrich_10,0.1126609687361517,0.07279965040747068,0.15627707885421568,124,128,124,128,,5000,5000,1.0,3021694564,20260901
r_native_classifier,per_class,all,11,dog,micro,target_top20_fraction,0.8111693126631229,0.7604908107974196,0.8601330726051892,128,128,128,128,,5000,5000,1.0,3021694564,20260901
r_native_classifier,per_class,all,11,dog,micro,other_fg_top20_fraction,0.027989197536547862,0.012390799329162622,0.047394726824961556,128,128,128,128,,5000,5000,1.0,3021694564,20260901
r_native_classifier,per_class,all,11,dog,micro,bg_top20_fraction,0.16043204993086205,0.1162614519067227,0.2065690663185496,128,128,128,128,,5000,5000,1.0,3021694564,20260901
r_native_classifier,per_class,all,11,dog,micro,target_tail_enrich_20,3.154082586707632,2.914821767579537,3.3866050672636283,128,128,128,128,,5000,5000,1.0,3021694564,20260901
r_native_classifier,per_class,all,11,dog,micro,other_fg_tail_enrich_20,0.22181911773819665,0.12273720361223013,0.3317249513090981,43,128,43,128,,5000,5000,1.0,3021694564,20260901
r_native_classifier,per_class,all,11,dog,micro,bg_tail_enrich_20,0.23528980664154459,0.1777734689136558,0.2969239862838449,124,128,124,128,,5000,5000,1.0,3021694564,20260901
r_native_classifier,per_class,all,11,dog,micro,auc_target_bg,0.9589092112273921,0.9456657465691768,0.9700716800476161,124,128,124,128,,5000,5000,1.0,3021694564,20260901
r_native_classifier,per_class,all,11,dog,micro,ap_target_bg,0.9366517602826189,0.9146838010701561,0.9541152920085492,124,128,124,128,,5000,5000,1.0,3021694564,20260901
r_native_classifier,per_class,all,11,dog,micro,auc_target_other,0.9514356438081704,0.9219410239636181,0.9751520418678481,43,128,43,128,,5000,5000,1.0,3021694564,20260901
r_native_classifier,per_class,all,11,dog,micro,ap_target_other,0.9381901381788968,0.8980375360872677,0.9706339269494914,43,128,43,128,,5000,5000,1.0,3021694564,20260901
r_native_classifier,per_class,all,11,dog,micro,target_mean,0.5816264361147669,0.5564616568071934,0.6052662423013707,128,128,128,128,,5000,5000,1.0,3021694564,20260901
r_native_classifier,per_class,all,11,dog,micro,other_fg_mean,0.039101656446675286,0.02433259367729759,0.05547756460632537,43,128,43,128,,5000,5000,1.0,3021694564,20260901
r_native_classifier,per_class,all,11,dog,micro,bg_mean,0.07908246084525773,0.06721124638118665,0.09171332445791004,124,128,124,128,,5000,5000,1.0,3021694564,20260901
r_native_classifier,per_class,all,11,dog,micro,target_median,0.5897115810148534,0.5589315212710062,0.6184285585664838,128,128,128,128,,5000,5000,1.0,3021694564,20260901
r_native_classifier,per_class,all,11,dog,micro,other_fg_median,0.010463953976584383,0.0019434578109752058,0.021471537221600872,43,128,43,128,,5000,5000,1.0,3021694564,20260901
r_native_classifier,per_class,all,11,dog,micro,bg_median,0.04264886087490125,0.030188121336217476,0.056207174496005076,124,128,124,128,,5000,5000,1.0,3021694564,20260901
r_native_classifier,per_class,all,11,dog,micro,spatial_mass_target,0.4269680556753883,0.38477065250699527,0.47080091764219106,128,128,128,128,,5000,5000,1.0,3021694564,20260901
r_native_classifier,per_class,all,11,dog,micro,spatial_mass_other_fg,0.08186176013987279,0.05522066461671784,0.11068770053898332,128,128,128,128,,5000,5000,1.0,3021694564,20260901
r_native_classifier,per_class,all,11,dog,micro,spatial_mass_background,0.4571788593311794,0.41434050624156954,0.4989961763109022,128,128,128,128,,5000,5000,1.0,3021694564,20260901
r_native_classifier,per_class,all,12,horse,micro,target_hit,0.9240506329113924,0.8607594936708861,0.9746835443037974,79,79,79,79,,5000,5000,1.0,3021694564,20260901
r_native_classifier,per_class,all,12,horse,micro,other_fg_hit,0.0,0.0,0.0,79,79,79,79,,5000,5000,1.0,3021694564,20260901
r_native_classifier,per_class,all,12,horse,micro,background_hit,0.0759493670886076,0.02531645569620253,0.13924050632911392,79,79,79,79,,5000,5000,1.0,3021694564,20260901
r_native_classifier,per_class,all,12,horse,micro,target_top05_fraction,0.883446586544521,0.8264603916169541,0.9349540869727411,79,79,79,79,,5000,5000,1.0,3021694564,20260901
r_native_classifier,per_class,all,12,horse,micro,other_fg_top05_fraction,0.005851689079537181,0.0016145326192794547,0.011660378123985717,79,79,79,79,,5000,5000,1.0,3021694564,20260901
r_native_classifier,per_class,all,12,horse,micro,bg_top05_fraction,0.11070172437594156,0.05938342762251823,0.16847513559913624,79,79,79,79,,5000,5000,1.0,3021694564,20260901
r_native_classifier,per_class,all,12,horse,micro,target_tail_enrich_05,4.570414541117389,3.813473229274719,5.427385261262907,77,79,77,79,,5000,5000,1.0,3021694564,20260901
r_native_classifier,per_class,all,12,horse,micro,other_fg_tail_enrich_05,0.2335083723234933,0.05886078332692163,0.4561911280588449,34,79,34,79,,5000,5000,1.0,3021694564,20260901
r_native_classifier,per_class,all,12,horse,micro,bg_tail_enrich_05,0.12650718193709173,0.07064099801804662,0.18947942816820984,79,79,79,79,,5000,5000,1.0,3021694564,20260901
r_native_classifier,per_class,all,12,horse,micro,target_top10_fraction,0.8409430842972102,0.7800441851589379,0.8981333383037682,79,79,79,79,,5000,5000,1.0,3021694564,20260901
r_native_classifier,per_class,all,12,horse,micro,other_fg_top10_fraction,0.01071361670514862,0.004387077581299178,0.018557066549463267,79,79,79,79,,5000,5000,1.0,3021694564,20260901
r_native_classifier,per_class,all,12,horse,micro,bg_top10_fraction,0.14801235079860497,0.0918452320410623,0.20835326007109942,79,79,79,79,,5000,5000,1.0,3021694564,20260901
r_native_classifier,per_class,all,12,horse,micro,target_tail_enrich_10,3.9745643532911905,3.465303658375307,4.5204459433092445,77,79,77,79,,5000,5000,1.0,3021694564,20260901
r_native_classifier,per_class,all,12,horse,micro,other_fg_tail_enrich_10,0.5211777010104495,0.22090537903117877,0.8633376670775362,34,79,34,79,,5000,5000,1.0,3021694564,20260901
r_native_classifier,per_class,all,12,horse,micro,bg_tail_enrich_10,0.1728445392731265,0.11020874266969109,0.23933358018206535,79,79,79,79,,5000,5000,1.0,3021694564,20260901
r_native_classifier,per_class,all,12,horse,micro,target_top20_fraction,0.7465351077929915,0.6801799635850442,0.8092497893999667,79,79,79,79,,5000,5000,1.0,3021694564,20260901
r_native_classifier,per_class,all,12,horse,micro,other_fg_top20_fraction,0.017141265567307308,0.01035347885434008,0.024815243931484928,79,79,79,79,,5000,5000,1.0,3021694564,20260901
r_native_classifier,per_class,all,12,horse,micro,bg_top20_fraction,0.23582933966973138,0.17380628216538388,0.3023772159751812,79,79,79,79,,5000,5000,1.0,3021694564,20260901
r_native_classifier,per_class,all,12,horse,micro,target_tail_enrich_20,3.130143140584415,2.847992909598638,3.412368693445305,77,79,77,79,,5000,5000,1.0,3021694564,20260901
r_native_classifier,per_class,all,12,horse,micro,other_fg_tail_enrich_20,0.7581018416054738,0.46710800610089237,1.0719993803117158,34,79,34,79,,5000,5000,1.0,3021694564,20260901
r_native_classifier,per_class,all,12,horse,micro,bg_tail_enrich_20,0.28390735196821876,0.21484287881526176,0.35609979463021807,79,79,79,79,,5000,5000,1.0,3021694564,20260901
r_native_classifier,per_class,all,12,horse,micro,auc_target_bg,0.9267560319340019,0.9035071830620417,0.9479296538216854,77,79,77,79,,5000,5000,1.0,3021694564,20260901
r_native_classifier,per_class,all,12,horse,micro,ap_target_bg,0.8591744026935546,0.8148656603839177,0.8988932860933029,77,79,77,79,,5000,5000,1.0,3021694564,20260901
r_native_classifier,per_class,all,12,horse,micro,auc_target_other,0.9084649585286668,0.8797863709511398,0.9353451301763716,33,79,33,79,,5000,5000,1.0,3021694564,20260901
r_native_classifier,per_class,all,12,horse,micro,ap_target_other,0.950197537878995,0.9124881433470796,0.9744679394859422,33,79,33,79,,5000,5000,1.0,3021694564,20260901
r_native_classifier,per_class,all,12,horse,micro,target_mean,0.5367744122044403,0.49771988386317634,0.5744439100383549,77,79,77,79,,5000,5000,1.0,3021694564,20260901
r_native_classifier,per_class,all,12,horse,micro,other_fg_mean,0.14881505886083166,0.11204604621330261,0.18502290876271257,34,79,34,79,,5000,5000,1.0,3021694564,20260901
r_native_classifier,per_class,all,12,horse,micro,bg_mean,0.08700116195775012,0.07432171941807425,0.09979438549852299,79,79,79,79,,5000,5000,1.0,3021694564,20260901
r_native_classifier,per_class,all,12,horse,micro,target_median,0.5494651388038289,0.5026196908348439,0.5936299414063493,77,79,77,79,,5000,5000,1.0,3021694564,20260901
r_native_classifier,per_class,all,12,horse,micro,other_fg_median,0.08771731058026061,0.05033118655505119,0.12635647751701662,34,79,34,79,,5000,5000,1.0,3021694564,20260901
r_native_classifier,per_class,all,12,horse,micro,bg_median,0.04585435944023583,0.03227584528609395,0.060412782970750506,79,79,79,79,,5000,5000,1.0,3021694564,20260901
r_native_classifier,per_class,all,12,horse,micro,spatial_mass_target,0.3707078653093003,0.32283467974667024,0.42065070212547534,79,79,79,79,,5000,5000,1.0,3021694564,20260901
r_native_classifier,per_class,all,12,horse,micro,spatial_mass_other_fg,0.034914182157173186,0.021773967660574503,0.050210872593430114,79,79,79,79,,5000,5000,1.0,3021694564,20260901
r_native_classifier,per_class,all,12,horse,micro,spatial_mass_background,0.5670487381800821,0.5167784999277962,0.6166535354231166,79,79,79,79,,5000,5000,1.0,3021694564,20260901
r_native_classifier,per_class,all,13,motorbike,micro,target_hit,0.8947368421052632,0.8157894736842105,0.9605263157894737,76,76,76,76,,5000,5000,1.0,3021694564,20260901
r_native_classifier,per_class,all,13,motorbike,micro,other_fg_hit,0.07894736842105263,0.02631578947368421,0.14473684210526316,76,76,76,76,,5000,5000,1.0,3021694564,20260901
r_native_classifier,per_class,all,13,motorbike,micro,background_hit,0.02631578947368421,0.0,0.06578947368421052,76,76,76,76,,5000,5000,1.0,3021694564,20260901
r_native_classifier,per_class,all,13,motorbike,micro,target_top05_fraction,0.8793543908186647,0.8244057120361452,0.9289132505300828,76,76,76,76,,5000,5000,1.0,3021694564,20260901
r_native_classifier,per_class,all,13,motorbike,micro,other_fg_top05_fraction,0.057652214594735365,0.03392450105789787,0.08405535602990585,76,76,76,76,,5000,5000,1.0,3021694564,20260901
r_native_classifier,per_class,all,13,motorbike,micro,bg_top05_fraction,0.06265601267027043,0.02173973811021636,0.11270736038907071,76,76,76,76,,5000,5000,1.0,3021694564,20260901
r_native_classifier,per_class,all,13,motorbike,micro,target_tail_enrich_05,5.09988105653373,4.125303560684943,6.13222960567481,75,76,75,76,,5000,5000,1.0,3021694564,20260901
r_native_classifier,per_class,all,13,motorbike,micro,other_fg_tail_enrich_05,1.5003831851964544,0.6367697161853492,2.6009235315093733,52,76,52,76,,5000,5000,1.0,3021694564,20260901
r_native_classifier,per_class,all,13,motorbike,micro,bg_tail_enrich_05,0.07788660962616725,0.027663733685065556,0.14219278690363288,76,76,76,76,,5000,5000,1.0,3021694564,20260901
r_native_classifier,per_class,all,13,motorbike,micro,target_top10_fraction,0.8389496380553074,0.7801440811373166,0.8936663258356311,76,76,76,76,,5000,5000,1.0,3021694564,20260901
r_native_classifier,per_class,all,13,motorbike,micro,other_fg_top10_fraction,0.07446148552394816,0.049373042603974814,0.10180729672071472,76,76,76,76,,5000,5000,1.0,3021694564,20260901
r_native_classifier,per_class,all,13,motorbike,micro,bg_top10_fraction,0.08608274808317039,0.0413649780078047,0.138789068930492,76,76,76,76,,5000,5000,1.0,3021694564,20260901
r_native_classifier,per_class,all,13,motorbike,micro,target_tail_enrich_10,4.2517429906272906,3.6814832213176496,4.832910829974213,75,76,75,76,,5000,5000,1.0,3021694564,20260901
r_native_classifier,per_class,all,13,motorbike,micro,other_fg_tail_enrich_10,1.5605742220009828,0.8848175574432383,2.328924591599675,52,76,52,76,,5000,5000,1.0,3021694564,20260901
r_native_classifier,per_class,all,13,motorbike,micro,bg_tail_enrich_10,0.10553318037698978,0.05205558261699562,0.1699127698209747,76,76,76,76,,5000,5000,1.0,3021694564,20260901
r_native_classifier,per_class,all,13,motorbike,micro,target_top20_fraction,0.7494713487376942,0.6845369675097628,0.812698770572034,76,76,76,76,,5000,5000,1.0,3021694564,20260901
r_native_classifier,per_class,all,13,motorbike,micro,other_fg_top20_fraction,0.08471245601142362,0.05944863887951489,0.11220634547070378,76,76,76,76,,5000,5000,1.0,3021694564,20260901
r_native_classifier,per_class,all,13,motorbike,micro,bg_top20_fraction,0.1650521673935406,0.10819144062548196,0.22498193541767422,76,76,76,76,,5000,5000,1.0,3021694564,20260901
r_native_classifier,per_class,all,13,motorbike,micro,target_tail_enrich_20,3.2530683210315106,2.9821331580306265,3.520214823849657,75,76,75,76,,5000,5000,1.0,3021694564,20260901
r_native_classifier,per_class,all,13,motorbike,micro,other_fg_tail_enrich_20,1.2821802262661832,0.8730886443624484,1.714234114525313,52,76,52,76,,5000,5000,1.0,3021694564,20260901
r_native_classifier,per_class,all,13,motorbike,micro,bg_tail_enrich_20,0.2118614402954517,0.14539279851730527,0.2826338060309789,76,76,76,76,,5000,5000,1.0,3021694564,20260901
r_native_classifier,per_class,all,13,motorbike,micro,auc_target_bg,0.9575005419724875,0.9419045418918476,0.9690594698986131,75,76,75,76,,5000,5000,1.0,3021694564,20260901
r_native_classifier,per_class,all,13,motorbike,micro,ap_target_bg,0.9294363293341055,0.9067517979965111,0.9468977455799258,75,76,75,76,,5000,5000,1.0,3021694564,20260901
r_native_classifier,per_class,all,13,motorbike,micro,auc_target_other,0.8295808286037141,0.781017636552497,0.873790972330946,51,76,51,76,,5000,5000,1.0,3021694564,20260901
r_native_classifier,per_class,all,13,motorbike,micro,ap_target_other,0.874147214564216,0.8339979750852197,0.9111830026936699,51,76,51,76,,5000,5000,1.0,3021694564,20260901
r_native_classifier,per_class,all,13,motorbike,micro,target_mean,0.5698593905394546,0.539921131655218,0.5976461467985853,75,76,75,76,,5000,5000,1.0,3021694564,20260901
r_native_classifier,per_class,all,13,motorbike,micro,other_fg_mean,0.23963781817126623,0.1762800614042376,0.30452038419946775,52,76,52,76,,5000,5000,1.0,3021694564,20260901
r_native_classifier,per_class,all,13,motorbike,micro,bg_mean,0.06611193059635388,0.0555610133010256,0.07695254024156299,76,76,76,76,,5000,5000,1.0,3021694564,20260901
r_native_classifier,per_class,all,13,motorbike,micro,target_median,0.589779579937458,0.5545907899639324,0.621595129374651,75,76,75,76,,5000,5000,1.0,3021694564,20260901
r_native_classifier,per_class,all,13,motorbike,micro,other_fg_median,0.20448152439740414,0.13623021971967705,0.27582738706031723,52,76,52,76,,5000,5000,1.0,3021694564,20260901
r_native_classifier,per_class,all,13,motorbike,micro,bg_median,0.025404652929864824,0.01431854403053876,0.037546457267078365,76,76,76,76,,5000,5000,1.0,3021694564,20260901
r_native_classifier,per_class,all,13,motorbike,micro,spatial_mass_target,0.3682086880649685,0.3240539604759665,0.41574634154155654,76,76,76,76,,5000,5000,1.0,3021694564,20260901
r_native_classifier,per_class,all,13,motorbike,micro,spatial_mass_other_fg,0.09983875619026979,0.07411428692576011,0.1271659194326371,76,76,76,76,,5000,5000,1.0,3021694564,20260901
r_native_classifier,per_class,all,13,motorbike,micro,spatial_mass_background,0.49259264002505104,0.4460037469275688,0.5396163702305209,76,76,76,76,,5000,5000,1.0,3021694564,20260901
r_native_classifier,per_class,all,14,person,micro,target_hit,0.851685393258427,0.8179775280898877,0.8831460674157303,445,445,445,445,,5000,5000,1.0,3021694564,20260901
r_native_classifier,per_class,all,14,person,micro,other_fg_hit,0.0651685393258427,0.04269662921348315,0.0898876404494382,445,445,445,445,,5000,5000,1.0,3021694564,20260901
r_native_classifier,per_class,all,14,person,micro,background_hit,0.08314606741573034,0.058426966292134834,0.1101123595505618,445,445,445,445,,5000,5000,1.0,3021694564,20260901
r_native_classifier,per_class,all,14,person,micro,target_top05_fraction,0.7547857466012834,0.7198415325245517,0.7877117655134772,445,445,445,445,,5000,5000,1.0,3021694564,20260901
r_native_classifier,per_class,all,14,person,micro,other_fg_top05_fraction,0.06819879316478958,0.05198973923031433,0.0853966079461718,445,445,445,445,,5000,5000,1.0,3021694564,20260901
r_native_classifier,per_class,all,14,person,micro,bg_top05_fraction,0.17661355876460946,0.14972039744506435,0.2042982767025211,445,445,445,445,,5000,5000,1.0,3021694564,20260901
r_native_classifier,per_class,all,14,person,micro,target_tail_enrich_05,7.177770451007729,6.578944751975882,7.7762128899885985,413,445,413,445,,5000,5000,1.0,3021694564,20260901
r_native_classifier,per_class,all,14,person,micro,other_fg_tail_enrich_05,0.46841977333656976,0.30446630162985944,0.6623822567191722,373,445,373,445,,5000,5000,1.0,3021694564,20260901
r_native_classifier,per_class,all,14,person,micro,bg_tail_enrich_05,0.3294325452838793,0.24877039348929447,0.44526414802513686,441,445,441,445,,5000,5000,1.0,3021694564,20260901
r_native_classifier,per_class,all,14,person,micro,target_top10_fraction,0.6865503952502185,0.65040100634942,0.7220897094767202,445,445,445,445,,5000,5000,1.0,3021694564,20260901
r_native_classifier,per_class,all,14,person,micro,other_fg_top10_fraction,0.07702105333648865,0.06076766820305897,0.09392813499511059,445,445,445,445,,5000,5000,1.0,3021694564,20260901
r_native_classifier,per_class,all,14,person,micro,bg_top10_fraction,0.23590725045707533,0.20681450283003028,0.26606002500408316,445,445,445,445,,5000,5000,1.0,3021694564,20260901
r_native_classifier,per_class,all,14,person,micro,target_tail_enrich_10,5.229914407157764,4.927376166733471,5.538311059726703,413,445,413,445,,5000,5000,1.0,3021694564,20260901
r_native_classifier,per_class,all,14,person,micro,other_fg_tail_enrich_10,0.46892416038470647,0.35586327574099086,0.5918856106254725,373,445,373,445,,5000,5000,1.0,3021694564,20260901
r_native_classifier,per_class,all,14,person,micro,bg_tail_enrich_10,0.4089262887505936,0.3428926002184338,0.4886675205188455,441,445,441,445,,5000,5000,1.0,3021694564,20260901
r_native_classifier,per_class,all,14,person,micro,target_top20_fraction,0.5860296602610429,0.5496627448202253,0.6223521077514826,445,445,445,445,,5000,5000,1.0,3021694564,20260901
r_native_classifier,per_class,all,14,person,micro,other_fg_top20_fraction,0.09036206241071028,0.07477332045512525,0.10656445427436499,445,445,445,445,,5000,5000,1.0,3021694564,20260901
r_native_classifier,per_class,all,14,person,micro,bg_top20_fraction,0.3229527588301068,0.29230620291032383,0.35472884819321404,445,445,445,445,,5000,5000,1.0,3021694564,20260901
r_native_classifier,per_class,all,14,person,micro,target_tail_enrich_20,3.5170426555604304,3.3874979524146567,3.6469975042012175,413,445,413,445,,5000,5000,1.0,3021694564,20260901
r_native_classifier,per_class,all,14,person,micro,other_fg_tail_enrich_20,0.48216290274259277,0.40301851584013765,0.5654795618200423,373,445,373,445,,5000,5000,1.0,3021694564,20260901
r_native_classifier,per_class,all,14,person,micro,bg_tail_enrich_20,0.5462855468788458,0.4887822575535088,0.6076695516649425,441,445,441,445,,5000,5000,1.0,3021694564,20260901
r_native_classifier,per_class,all,14,person,micro,auc_target_bg,0.9353686025284009,0.9255780051583763,0.9445165006656384,409,445,409,445,,5000,5000,1.0,3021694564,20260901
r_native_classifier,per_class,all,14,person,micro,ap_target_bg,0.8553512410246072,0.835439286059528,0.8748657919240419,409,445,409,445,,5000,5000,1.0,3021694564,20260901
r_native_classifier,per_class,all,14,person,micro,auc_target_other,0.940079996918501,0.929206622778808,0.9502395984573433,343,445,343,445,,5000,5000,1.0,3021694564,20260901
r_native_classifier,per_class,all,14,person,micro,ap_target_other,0.8993638437327987,0.8763463543020564,0.9215935723348013,343,445,343,445,,5000,5000,1.0,3021694564,20260901
r_native_classifier,per_class,all,14,person,micro,target_mean,0.5490356398605883,0.533995323730256,0.5638901938172128,413,445,413,445,,5000,5000,1.0,3021694564,20260901
r_native_classifier,per_class,all,14,person,micro,other_fg_mean,0.0675821497031437,0.058928811620429025,0.07718283538466028,373,445,373,445,,5000,5000,1.0,3021694564,20260901
r_native_classifier,per_class,all,14,person,micro,bg_mean,0.08034046963982965,0.07397786034157358,0.08736593151282433,441,445,441,445,,5000,5000,1.0,3021694564,20260901
r_native_classifier,per_class,all,14,person,micro,target_median,0.5547796039679708,0.5379271363858009,0.5717077629399687,413,445,413,445,,5000,5000,1.0,3021694564,20260901
r_native_classifier,per_class,all,14,person,micro,other_fg_median,0.042697492239190935,0.03380972518389229,0.05278347501163937,373,445,373,445,,5000,5000,1.0,3021694564,20260901
r_native_classifier,per_class,all,14,person,micro,bg_median,0.043798607680877295,0.037515415751906124,0.05080534944929347,441,445,441,445,,5000,5000,1.0,3021694564,20260901
r_native_classifier,per_class,all,14,person,micro,spatial_mass_target,0.28371415343946577,0.26158480250317173,0.30620501969937686,445,445,445,445,,5000,5000,1.0,3021694564,20260901
r_native_classifier,per_class,all,14,person,micro,spatial_mass_other_fg,0.17502173735103518,0.15690516418805203,0.19324615347714508,445,445,445,445,,5000,5000,1.0,3021694564,20260901
r_native_classifier,per_class,all,14,person,micro,spatial_mass_background,0.49902426218718626,0.4758365940458529,0.5211444042226446,445,445,445,445,,5000,5000,1.0,3021694564,20260901
r_native_classifier,per_class,all,15,pottedplant,micro,target_hit,0.611764705882353,0.5058823529411764,0.7176470588235294,85,85,85,85,,5000,5000,1.0,3021694564,20260901
r_native_classifier,per_class,all,15,pottedplant,micro,other_fg_hit,0.03529411764705882,0.0,0.08235294117647059,85,85,85,85,,5000,5000,1.0,3021694564,20260901
r_native_classifier,per_class,all,15,pottedplant,micro,background_hit,0.35294117647058826,0.24705882352941178,0.4588235294117647,85,85,85,85,,5000,5000,1.0,3021694564,20260901
r_native_classifier,per_class,all,15,pottedplant,micro,target_top05_fraction,0.4582648728038032,0.3776775470234291,0.5407066979894416,85,85,85,85,,5000,5000,1.0,3021694564,20260901
r_native_classifier,per_class,all,15,pottedplant,micro,other_fg_top05_fraction,0.031786027951571566,0.015324195848144125,0.05108453113650254,85,85,85,85,,5000,5000,1.0,3021694564,20260901
r_native_classifier,per_class,all,15,pottedplant,micro,bg_top05_fraction,0.5099490992446254,0.4310325374648989,0.5861328053738047,85,85,85,85,,5000,5000,1.0,3021694564,20260901
r_native_classifier,per_class,all,15,pottedplant,micro,target_tail_enrich_05,9.934678480837974,8.30005076517067,11.498061689175959,68,85,68,85,,5000,5000,1.0,3021694564,20260901
r_native_classifier,per_class,all,15,pottedplant,micro,other_fg_tail_enrich_05,0.37098698667391733,0.07733787867066098,0.7810876480124109,60,85,60,85,,5000,5000,1.0,3021694564,20260901
r_native_classifier,per_class,all,15,pottedplant,micro,bg_tail_enrich_05,0.7816762733058734,0.6342125923108471,0.9331942759592641,85,85,85,85,,5000,5000,1.0,3021694564,20260901
r_native_classifier,per_class,all,15,pottedplant,micro,target_top10_fraction,0.3783094031649368,0.30292542193211663,0.4570432898738842,85,85,85,85,,5000,5000,1.0,3021694564,20260901
r_native_classifier,per_class,all,15,pottedplant,micro,other_fg_top10_fraction,0.03926361401270368,0.020046724390807142,0.06298185798197141,85,85,85,85,,5000,5000,1.0,3021694564,20260901
r_native_classifier,per_class,all,15,pottedplant,micro,bg_top10_fraction,0.5820704765835002,0.507617754245471,0.6542499265203057,85,85,85,85,,5000,5000,1.0,3021694564,20260901
r_native_classifier,per_class,all,15,pottedplant,micro,target_tail_enrich_10,6.332114620128431,5.593078478674136,7.034046065688015,68,85,68,85,,5000,5000,1.0,3021694564,20260901
r_native_classifier,per_class,all,15,pottedplant,micro,other_fg_tail_enrich_10,0.3870136887268259,0.11831227129414124,0.7494805020540076,60,85,60,85,,5000,5000,1.0,3021694564,20260901
r_native_classifier,per_class,all,15,pottedplant,micro,bg_tail_enrich_10,0.8791549515967101,0.7411991536820413,1.0224673065333674,85,85,85,85,,5000,5000,1.0,3021694564,20260901
r_native_classifier,per_class,all,15,pottedplant,micro,target_top20_fraction,0.2986585118135023,0.22666287935016563,0.3732821302971098,85,85,85,85,,5000,5000,1.0,3021694564,20260901
r_native_classifier,per_class,all,15,pottedplant,micro,other_fg_top20_fraction,0.0504947894182649,0.028694185871559794,0.07796192719509373,85,85,85,85,,5000,5000,1.0,3021694564,20260901
r_native_classifier,per_class,all,15,pottedplant,micro,bg_top20_fraction,0.6505844120353578,0.5805478928902592,0.7173917865246214,85,85,85,85,,5000,5000,1.0,3021694564,20260901
r_native_classifier,per_class,all,15,pottedplant,micro,target_tail_enrich_20,3.7797942647448473,3.4710363381734686,4.071287758823399,68,85,68,85,,5000,5000,1.0,3021694564,20260901
r_native_classifier,per_class,all,15,pottedplant,micro,other_fg_tail_enrich_20,0.3764352545429072,0.19056556243356698,0.6135340333688536,60,85,60,85,,5000,5000,1.0,3021694564,20260901
r_native_classifier,per_class,all,15,pottedplant,micro,bg_tail_enrich_20,0.970322745743223,0.84912448022896,1.0948626696286727,85,85,85,85,,5000,5000,1.0,3021694564,20260901
r_native_classifier,per_class,all,15,pottedplant,micro,auc_target_bg,0.887395972475238,0.8567641552974937,0.9155398833319778,68,85,68,85,,5000,5000,1.0,3021694564,20260901
r_native_classifier,per_class,all,15,pottedplant,micro,ap_target_bg,0.6394580579261516,0.5713871537836812,0.7046226973089791,68,85,68,85,,5000,5000,1.0,3021694564,20260901
r_native_classifier,per_class,all,15,pottedplant,micro,auc_target_other,0.9228162682839343,0.8851896255916095,0.9553195570640487,44,85,44,85,,5000,5000,1.0,3021694564,20260901
r_native_classifier,per_class,all,15,pottedplant,micro,ap_target_other,0.83828182188017,0.7532529331360586,0.9105280300637272,44,85,44,85,,5000,5000,1.0,3021694564,20260901
r_native_classifier,per_class,all,15,pottedplant,micro,target_mean,0.4833748455815731,0.43503552144673985,0.531008293618177,68,85,68,85,,5000,5000,1.0,3021694564,20260901
r_native_classifier,per_class,all,15,pottedplant,micro,other_fg_mean,0.01814342816447254,0.008730018693538068,0.029631607740876247,60,85,60,85,,5000,5000,1.0,3021694564,20260901
r_native_classifier,per_class,all,15,pottedplant,micro,bg_mean,0.0726793085441217,0.05855810857264976,0.08789379411439022,85,85,85,85,,5000,5000,1.0,3021694564,20260901
r_native_classifier,per_class,all,15,pottedplant,micro,target_median,0.46657408908119097,0.4075613976720597,0.5247349336313747,68,85,68,85,,5000,5000,1.0,3021694564,20260901
r_native_classifier,per_class,all,15,pottedplant,micro,other_fg_median,0.011231390807855254,0.0018026560652908135,0.02386567405716502,60,85,60,85,,5000,5000,1.0,3021694564,20260901
r_native_classifier,per_class,all,15,pottedplant,micro,bg_median,0.02959652765215758,0.016857858705402844,0.04431409332551992,85,85,85,85,,5000,5000,1.0,3021694564,20260901
r_native_classifier,per_class,all,15,pottedplant,micro,spatial_mass_target,0.13610781066612723,0.09795871651019245,0.1790575061594684,85,85,85,85,,5000,5000,1.0,3021694564,20260901
r_native_classifier,per_class,all,15,pottedplant,micro,spatial_mass_other_fg,0.16835304106969168,0.12979737701661445,0.21185127913773827,85,85,85,85,,5000,5000,1.0,3021694564,20260901
r_native_classifier,per_class,all,15,pottedplant,micro,spatial_mass_background,0.6256715762264589,0.5796757117615026,0.6695649223687018,85,85,85,85,,5000,5000,1.0,3021694564,20260901
r_native_classifier,per_class,all,16,sheep,micro,target_hit,0.9473684210526315,0.8771929824561403,1.0,57,57,57,57,,5000,5000,1.0,3021694564,20260901
r_native_classifier,per_class,all,16,sheep,micro,other_fg_hit,0.0,0.0,0.0,57,57,57,57,,5000,5000,1.0,3021694564,20260901
r_native_classifier,per_class,all,16,sheep,micro,background_hit,0.05263157894736842,0.0,0.12280701754385964,57,57,57,57,,5000,5000,1.0,3021694564,20260901
r_native_classifier,per_class,all,16,sheep,micro,target_top05_fraction,0.8516963799512276,0.7776089388450883,0.9177128317588844,57,57,57,57,,5000,5000,1.0,3021694564,20260901
r_native_classifier,per_class,all,16,sheep,micro,other_fg_top05_fraction,0.0009233610341643582,0.0,0.0023084025854108957,57,57,57,57,,5000,5000,1.0,3021694564,20260901
r_native_classifier,per_class,all,16,sheep,micro,bg_top05_fraction,0.14691857849752585,0.08103934346662879,0.221006019603665,57,57,57,57,,5000,5000,1.0,3021694564,20260901
r_native_classifier,per_class,all,16,sheep,micro,target_tail_enrich_05,6.61600032795009,5.092031905141644,8.246739698191902,57,57,57,57,,5000,5000,1.0,3021694564,20260901
r_native_classifier,per_class,all,16,sheep,micro,other_fg_tail_enrich_05,0.1165418353556853,0.0,0.3320175438533657,5,57,5,57,,5000,4971,0.9942,3021694564,20260901
r_native_classifier,per_class,all,16,sheep,micro,bg_tail_enrich_05,0.16312391303774373,0.09342725576035481,0.24190021665397238,57,57,57,57,,5000,5000,1.0,3021694564,20260901
r_native_classifier,per_class,all,16,sheep,micro,target_top10_fraction,0.7776613184260719,0.6905946524469525,0.8576464996349108,57,57,57,57,,5000,5000,1.0,3021694564,20260901
r_native_classifier,per_class,all,16,sheep,micro,other_fg_top10_fraction,0.004155124653739612,0.0,0.011311172668513388,57,57,57,57,,5000,5000,1.0,3021694564,20260901
r_native_classifier,per_class,all,16,sheep,micro,bg_top10_fraction,0.2177277953840947,0.13815816915259393,0.3045113113429499,57,57,57,57,,5000,5000,1.0,3021694564,20260901
r_native_classifier,per_class,all,16,sheep,micro,target_tail_enrich_10,4.662746214175089,3.894038565829101,5.4639399596242795,57,57,57,57,,5000,5000,1.0,3021694564,20260901
r_native_classifier,per_class,all,16,sheep,micro,other_fg_tail_enrich_10,0.35910087718791556,0.0,0.8977521929697889,5,57,5,57,,5000,4971,0.9942,3021694564,20260901
r_native_classifier,per_class,all,16,sheep,micro,bg_tail_enrich_10,0.24634005557666191,0.16199874577148993,0.33762131276005897,57,57,57,57,,5000,5000,1.0,3021694564,20260901
r_native_classifier,per_class,all,16,sheep,micro,target_top20_fraction,0.6963682896163328,0.5994308734228245,0.7862608758924553,57,57,57,57,,5000,5000,1.0,3021694564,20260901
r_native_classifier,per_class,all,16,sheep,micro,other_fg_top20_fraction,0.0051014764008471694,0.0,0.01392538350216617,57,57,57,57,,5000,5000,1.0,3021694564,20260901
r_native_classifier,per_class,all,16,sheep,micro,bg_top20_fraction,0.29784881674834013,0.20878169872606261,0.3942700844610606,57,57,57,57,,5000,5000,1.0,3021694564,20260901
r_native_classifier,per_class,all,16,sheep,micro,target_tail_enrich_20,3.2540747586483945,2.9098605529898207,3.598555354298314,57,57,57,57,,5000,5000,1.0,3021694564,20260901
r_native_classifier,per_class,all,16,sheep,micro,other_fg_tail_enrich_20,0.3865674369311209,0.0,0.8437905898376601,5,57,5,57,,5000,4971,0.9942,3021694564,20260901
r_native_classifier,per_class,all,16,sheep,micro,bg_tail_enrich_20,0.34596811505367703,0.25020158223073585,0.4477515372524164,57,57,57,57,,5000,5000,1.0,3021694564,20260901
r_native_classifier,per_class,all,16,sheep,micro,auc_target_bg,0.9317888573274353,0.9016008301015538,0.956947256246042,57,57,57,57,,5000,5000,1.0,3021694564,20260901
r_native_classifier,per_class,all,16,sheep,micro,ap_target_bg,0.8607020472848703,0.8058671038246176,0.907131658574026,57,57,57,57,,5000,5000,1.0,3021694564,20260901
r_native_classifier,per_class,all,16,sheep,micro,auc_target_other,0.9588464031064042,0.9019400301180569,0.9993126733755846,5,57,5,57,,5000,4971,0.9942,3021694564,20260901
r_native_classifier,per_class,all,16,sheep,micro,ap_target_other,0.9745877364989136,0.9308969337047289,0.9986649383964057,5,57,5,57,,5000,4971,0.9942,3021694564,20260901
r_native_classifier,per_class,all,16,sheep,micro,target_mean,0.5477254644310013,0.4998391035086483,0.591980772032543,57,57,57,57,,5000,5000,1.0,3021694564,20260901
r_native_classifier,per_class,all,16,sheep,micro,other_fg_mean,0.013845909444773725,0.000928834238669376,0.02745850586432696,5,57,5,57,,5000,4971,0.9942,3021694564,20260901
r_native_classifier,per_class,all,16,sheep,micro,bg_mean,0.09105906631554475,0.07677061621442782,0.10638360077741152,57,57,57,57,,5000,5000,1.0,3021694564,20260901
r_native_classifier,per_class,all,16,sheep,micro,target_median,0.550445959609198,0.49529638463067577,0.6014382456874541,57,57,57,57,,5000,5000,1.0,3021694564,20260901
r_native_classifier,per_class,all,16,sheep,micro,other_fg_median,0.0,0.0,0.0,5,57,5,57,,5000,4971,0.9942,3021694564,20260901
r_native_classifier,per_class,all,16,sheep,micro,bg_median,0.06043895080750972,0.04565111194173561,0.07638274795955796,57,57,57,57,,5000,5000,1.0,3021694564,20260901
r_native_classifier,per_class,all,16,sheep,micro,spatial_mass_target,0.35279580715455505,0.29405828988212246,0.4115113836345507,57,57,57,57,,5000,5000,1.0,3021694564,20260901
r_native_classifier,per_class,all,16,sheep,micro,spatial_mass_other_fg,0.010710483318880984,0.0009108095576888637,0.02445361854737265,57,57,57,57,,5000,5000,1.0,3021694564,20260901
r_native_classifier,per_class,all,16,sheep,micro,spatial_mass_background,0.6165475717239213,0.5569015677691551,0.6760763826927072,57,57,57,57,,5000,5000,1.0,3021694564,20260901
r_native_classifier,per_class,all,17,sofa,micro,target_hit,0.7888888888888889,0.7,0.8666666666666667,90,90,90,90,,5000,5000,1.0,3021694564,20260901
r_native_classifier,per_class,all,17,sofa,micro,other_fg_hit,0.08888888888888889,0.03333333333333333,0.15555555555555556,90,90,90,90,,5000,5000,1.0,3021694564,20260901
r_native_classifier,per_class,all,17,sofa,micro,background_hit,0.12222222222222222,0.05555555555555555,0.2,90,90,90,90,,5000,5000,1.0,3021694564,20260901
r_native_classifier,per_class,all,17,sofa,micro,target_top05_fraction,0.7643330735435998,0.6911494931856774,0.8332059833737463,90,90,90,90,,5000,5000,1.0,3021694564,20260901
r_native_classifier,per_class,all,17,sofa,micro,other_fg_top05_fraction,0.07843105250999988,0.03739305930424351,0.12487788370354154,90,90,90,90,,5000,5000,1.0,3021694564,20260901
r_native_classifier,per_class,all,17,sofa,micro,bg_top05_fraction,0.1572358739464003,0.10351030583596373,0.21727140725167035,90,90,90,90,,5000,5000,1.0,3021694564,20260901
r_native_classifier,per_class,all,17,sofa,micro,target_tail_enrich_05,5.084019967562126,4.256757455473877,5.9573837334769895,88,90,88,90,,5000,5000,1.0,3021694564,20260901
r_native_classifier,per_class,all,17,sofa,micro,other_fg_tail_enrich_05,0.6434520919743739,0.2365788374537019,1.1768647154120375,63,90,63,90,,5000,5000,1.0,3021694564,20260901
r_native_classifier,per_class,all,17,sofa,micro,bg_tail_enrich_05,0.25713985452292004,0.16630698473562644,0.367340733430043,85,90,85,90,,5000,5000,1.0,3021694564,20260901
r_native_classifier,per_class,all,17,sofa,micro,target_top10_fraction,0.6958561275136117,0.6219680470065935,0.765552464750147,90,90,90,90,,5000,5000,1.0,3021694564,20260901
r_native_classifier,per_class,all,17,sofa,micro,other_fg_top10_fraction,0.08540765619788102,0.04809131210674789,0.12765805190378757,90,90,90,90,,5000,5000,1.0,3021694564,20260901
r_native_classifier,per_class,all,17,sofa,micro,bg_top10_fraction,0.2184216672897479,0.16051456947177795,0.2791849486614583,90,90,90,90,,5000,5000,1.0,3021694564,20260901
r_native_classifier,per_class,all,17,sofa,micro,target_tail_enrich_10,4.159252391116158,3.592894363555026,4.732033872330416,88,90,88,90,,5000,5000,1.0,3021694564,20260901
r_native_classifier,per_class,all,17,sofa,micro,other_fg_tail_enrich_10,0.6491891029115738,0.31961045468148913,1.0618614852747479,63,90,63,90,,5000,5000,1.0,3021694564,20260901
r_native_classifier,per_class,all,17,sofa,micro,bg_tail_enrich_10,0.35860185871078554,0.2647988546151191,0.462411094374493,85,90,85,90,,5000,5000,1.0,3021694564,20260901
r_native_classifier,per_class,all,17,sofa,micro,target_top20_fraction,0.5726877391043886,0.49937180680763343,0.6453231400039792,90,90,90,90,,5000,5000,1.0,3021694564,20260901
r_native_classifier,per_class,all,17,sofa,micro,other_fg_top20_fraction,0.08873177885574636,0.05851987176168868,0.12244438965558134,90,90,90,90,,5000,5000,1.0,3021694564,20260901
r_native_classifier,per_class,all,17,sofa,micro,bg_top20_fraction,0.3381396378049938,0.275525074380843,0.40241586660947337,90,90,90,90,,5000,5000,1.0,3021694564,20260901
r_native_classifier,per_class,all,17,sofa,micro,target_tail_enrich_20,2.9447162138549405,2.6325287295043758,3.2462875514253353,88,90,88,90,,5000,5000,1.0,3021694564,20260901
r_native_classifier,per_class,all,17,sofa,micro,other_fg_tail_enrich_20,0.6684891526865183,0.42963545029192324,0.9404123613191886,63,90,63,90,,5000,5000,1.0,3021694564,20260901
r_native_classifier,per_class,all,17,sofa,micro,bg_tail_enrich_20,0.5841263790325659,0.46536111159357446,0.7225053727465263,85,90,85,90,,5000,5000,1.0,3021694564,20260901
r_native_classifier,per_class,all,17,sofa,micro,auc_target_bg,0.8211642235135657,0.7819393853690538,0.8575242254767673,83,90,83,90,,5000,5000,1.0,3021694564,20260901
r_native_classifier,per_class,all,17,sofa,micro,ap_target_bg,0.7097660724797734,0.6467872841478356,0.7677233158037001,83,90,83,90,,5000,5000,1.0,3021694564,20260901
r_native_classifier,per_class,all,17,sofa,micro,auc_target_other,0.8029408416150242,0.750534711017807,0.8515402804374865,61,90,61,90,,5000,5000,1.0,3021694564,20260901
r_native_classifier,per_class,all,17,sofa,micro,ap_target_other,0.7563085859253471,0.6808752356676425,0.8274044414788145,61,90,61,90,,5000,5000,1.0,3021694564,20260901
r_native_classifier,per_class,all,17,sofa,micro,target_mean,0.36572685430996626,0.3202494324065787,0.4097223563608059,88,90,88,90,,5000,5000,1.0,3021694564,20260901
r_native_classifier,per_class,all,17,sofa,micro,other_fg_mean,0.06661931955565567,0.04038148984858839,0.09644469999328004,63,90,63,90,,5000,5000,1.0,3021694564,20260901
r_native_classifier,per_class,all,17,sofa,micro,bg_mean,0.04768070703664206,0.038127266779120275,0.05874658424792444,85,90,85,90,,5000,5000,1.0,3021694564,20260901
r_native_classifier,per_class,all,17,sofa,micro,target_median,0.342085441108793,0.2875973425313145,0.39480037220145,88,90,88,90,,5000,5000,1.0,3021694564,20260901
r_native_classifier,per_class,all,17,sofa,micro,other_fg_median,0.04714518058897248,0.019725846005968717,0.07944592304404414,63,90,63,90,,5000,5000,1.0,3021694564,20260901
r_native_classifier,per_class,all,17,sofa,micro,bg_median,0.014684458909665837,0.0064949639753545795,0.02542066678095033,85,90,85,90,,5000,5000,1.0,3021694564,20260901
r_native_classifier,per_class,all,17,sofa,micro,spatial_mass_target,0.2939729108294058,0.24777748486279355,0.34505049728439185,90,90,90,90,,5000,5000,1.0,3021694564,20260901
r_native_classifier,per_class,all,17,sofa,micro,spatial_mass_other_fg,0.1510921587753627,0.11567041341603422,0.18978287119185552,90,90,90,90,,5000,5000,1.0,3021694564,20260901
r_native_classifier,per_class,all,17,sofa,micro,spatial_mass_background,0.5297519979377587,0.4748963159426219,0.5797596283236311,90,90,90,90,,5000,5000,1.0,3021694564,20260901
r_native_classifier,per_class,all,18,train,micro,target_hit,0.9761904761904762,0.9404761904761905,1.0,84,84,84,84,,5000,5000,1.0,3021694564,20260901
r_native_classifier,per_class,all,18,train,micro,other_fg_hit,0.0,0.0,0.0,84,84,84,84,,5000,5000,1.0,3021694564,20260901
r_native_classifier,per_class,all,18,train,micro,background_hit,0.023809523809523808,0.0,0.05952380952380952,84,84,84,84,,5000,5000,1.0,3021694564,20260901
r_native_classifier,per_class,all,18,train,micro,target_top05_fraction,0.932855107855108,0.8956995955433453,0.963213773616734,84,84,84,84,,5000,5000,1.0,3021694564,20260901
r_native_classifier,per_class,all,18,train,micro,other_fg_top05_fraction,0.001526251526251526,0.0,0.004578754578754578,84,84,84,84,,5000,5000,1.0,3021694564,20260901
r_native_classifier,per_class,all,18,train,micro,bg_top05_fraction,0.0656186406186406,0.034975228536083806,0.1032555915697363,84,84,84,84,,5000,5000,1.0,3021694564,20260901
r_native_classifier,per_class,all,18,train,micro,target_tail_enrich_05,3.657170838893624,3.0380872219586728,4.326550206388948,84,84,84,84,,5000,5000,1.0,3021694564,20260901
r_native_classifier,per_class,all,18,train,micro,other_fg_tail_enrich_05,0.04127447798320587,0.0,0.1375815932773529,10,84,10,84,,5000,5000,1.0,3021694564,20260901
r_native_classifier,per_class,all,18,train,micro,bg_tail_enrich_05,0.09661799442920976,0.05397029795591749,0.14785671528816638,83,84,83,84,,5000,5000,1.0,3021694564,20260901
r_native_classifier,per_class,all,18,train,micro,target_top10_fraction,0.8993558987595104,0.8588376821508573,0.9349713815220976,84,84,84,84,,5000,5000,1.0,3021694564,20260901
r_native_classifier,per_class,all,18,train,micro,other_fg_top10_fraction,0.001412938912938913,0.0,0.004238816738816738,84,84,84,84,,5000,5000,1.0,3021694564,20260901
r_native_classifier,per_class,all,18,train,micro,bg_top10_fraction,0.09831525888832922,0.06282351612506211,0.13896916964477873,84,84,84,84,,5000,5000,1.0,3021694564,20260901
r_native_classifier,per_class,all,18,train,micro,target_tail_enrich_10,3.3035334671679197,2.8554275753763414,3.781190966584353,84,84,84,84,,5000,5000,1.0,3021694564,20260901
r_native_classifier,per_class,all,18,train,micro,other_fg_tail_enrich_10,0.03830456174077468,0.0,0.10759919552389223,10,84,10,84,,5000,5000,1.0,3021694564,20260901
r_native_classifier,per_class,all,18,train,micro,bg_tail_enrich_10,0.13879048019928045,0.09359620335159566,0.18732707689556113,83,84,83,84,,5000,5000,1.0,3021694564,20260901
r_native_classifier,per_class,all,18,train,micro,target_top20_fraction,0.8142331782048725,0.7652297152649631,0.8606879347235602,84,84,84,84,,5000,5000,1.0,3021694564,20260901
r_native_classifier,per_class,all,18,train,micro,other_fg_top20_fraction,0.00337482980202103,7.582650894752806e-05,0.008344873375005779,84,84,84,84,,5000,5000,1.0,3021694564,20260901
r_native_classifier,per_class,all,18,train,micro,bg_top20_fraction,0.18124323534590073,0.13542671989340987,0.2299732038119561,84,84,84,84,,5000,5000,1.0,3021694564,20260901
r_native_classifier,per_class,all,18,train,micro,target_tail_enrich_20,2.697434502905514,2.432341224003174,2.9611098576203867,84,84,84,84,,5000,5000,1.0,3021694564,20260901
r_native_classifier,per_class,all,18,train,micro,other_fg_tail_enrich_20,0.2041581667370977,0.04508976586400641,0.3848222257703543,10,84,10,84,,5000,5000,1.0,3021694564,20260901
r_native_classifier,per_class,all,18,train,micro,bg_tail_enrich_20,0.2519869344598151,0.19618114115634872,0.31050510795370306,83,84,83,84,,5000,5000,1.0,3021694564,20260901
r_native_classifier,per_class,all,18,train,micro,auc_target_bg,0.9117433322436124,0.8947073368568171,0.9282557290088399,83,84,83,84,,5000,5000,1.0,3021694564,20260901
r_native_classifier,per_class,all,18,train,micro,ap_target_bg,0.8629708239120788,0.82892037648611,0.893506741499117,83,84,83,84,,5000,5000,1.0,3021694564,20260901
r_native_classifier,per_class,all,18,train,micro,auc_target_other,0.8798887666345554,0.7402251394347031,0.9805364220125833,10,84,10,84,,5000,5000,1.0,3021694564,20260901
r_native_classifier,per_class,all,18,train,micro,ap_target_other,0.9580333902978871,0.894087229903454,0.997129635692954,10,84,10,84,,5000,5000,1.0,3021694564,20260901
r_native_classifier,per_class,all,18,train,micro,target_mean,0.5984928937117191,0.564895536775322,0.6309600047828905,84,84,84,84,,5000,5000,1.0,3021694564,20260901
r_native_classifier,per_class,all,18,train,micro,other_fg_mean,0.07373941641942829,0.009521783710894386,0.15300542253141017,10,84,10,84,,5000,5000,1.0,3021694564,20260901
r_native_classifier,per_class,all,18,train,micro,bg_mean,0.18966597794264048,0.16546918851055237,0.2142255605310149,83,84,83,84,,5000,5000,1.0,3021694564,20260901
r_native_classifier,per_class,all,18,train,micro,target_median,0.6052704522208798,0.567357056723198,0.641751249014799,84,84,84,84,,5000,5000,1.0,3021694564,20260901
r_native_classifier,per_class,all,18,train,micro,other_fg_median,0.06171111613512039,0.0,0.13251548856496811,10,84,10,84,,5000,5000,1.0,3021694564,20260901
r_native_classifier,per_class,all,18,train,micro,bg_median,0.14367268230003047,0.11639293933159593,0.17139548486879883,83,84,83,84,,5000,5000,1.0,3021694564,20260901
r_native_classifier,per_class,all,18,train,micro,spatial_mass_target,0.4600665453777072,0.4135427376454962,0.5078233016122664,84,84,84,84,,5000,5000,1.0,3021694564,20260901
r_native_classifier,per_class,all,18,train,micro,spatial_mass_other_fg,0.01096103600381563,0.0019397970453913635,0.022255738709022154,84,84,84,84,,5000,5000,1.0,3021694564,20260901
r_native_classifier,per_class,all,18,train,micro,spatial_mass_background,0.5109894890559926,0.46421059596219233,0.5574186999894057,84,84,84,84,,5000,5000,1.0,3021694564,20260901
r_native_classifier,per_class,all,19,tvmonitor,micro,target_hit,0.8378378378378378,0.7564189189189191,0.918918918918919,74,74,74,74,,5000,5000,1.0,3021694564,20260901
r_native_classifier,per_class,all,19,tvmonitor,micro,other_fg_hit,0.02702702702702703,0.0,0.06756756756756757,74,74,74,74,,5000,5000,1.0,3021694564,20260901
r_native_classifier,per_class,all,19,tvmonitor,micro,background_hit,0.13513513513513514,0.06756756756756757,0.21621621621621623,74,74,74,74,,5000,5000,1.0,3021694564,20260901
r_native_classifier,per_class,all,19,tvmonitor,micro,target_top05_fraction,0.6844245095845383,0.6082941752207401,0.7591143829435081,74,74,74,74,,5000,5000,1.0,3021694564,20260901
r_native_classifier,per_class,all,19,tvmonitor,micro,other_fg_top05_fraction,0.019183686093358923,0.004578955254630931,0.044117441930386456,74,74,74,74,,5000,5000,1.0,3021694564,20260901
r_native_classifier,per_class,all,19,tvmonitor,micro,bg_top05_fraction,0.29227711270741125,0.22162297860421973,0.36310173290836506,74,74,74,74,,5000,5000,1.0,3021694564,20260901
r_native_classifier,per_class,all,19,tvmonitor,micro,target_tail_enrich_05,7.875526161793488,6.529197091810959,9.242213985318461,67,74,67,74,,5000,5000,1.0,3021694564,20260901
r_native_classifier,per_class,all,19,tvmonitor,micro,other_fg_tail_enrich_05,0.17531692621667774,0.027134426161693807,0.38913230585228126,37,74,37,74,,5000,5000,1.0,3021694564,20260901
r_native_classifier,per_class,all,19,tvmonitor,micro,bg_tail_enrich_05,0.5728206205346766,0.31632394660734175,0.9800756286409535,73,74,73,74,,5000,5000,1.0,3021694564,20260901
r_native_classifier,per_class,all,19,tvmonitor,micro,target_top10_fraction,0.5815165168184924,0.5035689789161998,0.6574050632697724,74,74,74,74,,5000,5000,1.0,3021694564,20260901
r_native_classifier,per_class,all,19,tvmonitor,micro,other_fg_top10_fraction,0.030029511436014223,0.012346806858604313,0.052303025688357895,74,74,74,74,,5000,5000,1.0,3021694564,20260901
r_native_classifier,per_class,all,19,tvmonitor,micro,bg_top10_fraction,0.3855106247814933,0.3143127853776005,0.45675941084244676,74,74,74,74,,5000,5000,1.0,3021694564,20260901
r_native_classifier,per_class,all,19,tvmonitor,micro,target_tail_enrich_10,5.595471639897209,4.860416196699887,6.340373364253125,67,74,67,74,,5000,5000,1.0,3021694564,20260901
r_native_classifier,per_class,all,19,tvmonitor,micro,other_fg_tail_enrich_10,0.22852669614883556,0.10399777909003935,0.38730886930205577,37,74,37,74,,5000,5000,1.0,3021694564,20260901
r_native_classifier,per_class,all,19,tvmonitor,micro,bg_tail_enrich_10,0.6577428603454041,0.450062205782561,0.9650102003182616,73,74,73,74,,5000,5000,1.0,3021694564,20260901
r_native_classifier,per_class,all,19,tvmonitor,micro,target_top20_fraction,0.4474453384649381,0.3766707538368245,0.5196610769297565,74,74,74,74,,5000,5000,1.0,3021694564,20260901
r_native_classifier,per_class,all,19,tvmonitor,micro,other_fg_top20_fraction,0.04494757637969121,0.02224113667321386,0.07274822527324813,74,74,74,74,,5000,5000,1.0,3021694564,20260901
r_native_classifier,per_class,all,19,tvmonitor,micro,bg_top20_fraction,0.5055229375012998,0.4373208674785403,0.5719572396953567,74,74,74,74,,5000,5000,1.0,3021694564,20260901
r_native_classifier,per_class,all,19,tvmonitor,micro,target_tail_enrich_20,3.6152492943386934,3.2921304660175776,3.9339427817141757,67,74,67,74,,5000,5000,1.0,3021694564,20260901
r_native_classifier,per_class,all,19,tvmonitor,micro,other_fg_tail_enrich_20,0.33801176132862293,0.1848636930848651,0.5332260185813911,37,74,37,74,,5000,5000,1.0,3021694564,20260901
r_native_classifier,per_class,all,19,tvmonitor,micro,bg_tail_enrich_20,0.756954161367736,0.6237906524848691,0.9178279183969499,73,74,73,74,,5000,5000,1.0,3021694564,20260901
r_native_classifier,per_class,all,19,tvmonitor,micro,auc_target_bg,0.8734822428407454,0.8404118250592507,0.9029956927875875,66,74,66,74,,5000,5000,1.0,3021694564,20260901
r_native_classifier,per_class,all,19,tvmonitor,micro,ap_target_bg,0.7264804441418362,0.6681572589289808,0.7811463491957636,66,74,66,74,,5000,5000,1.0,3021694564,20260901
r_native_classifier,per_class,all,19,tvmonitor,micro,auc_target_other,0.9247950706580004,0.8690565598360607,0.9695304446952362,31,74,31,74,,5000,5000,1.0,3021694564,20260901
r_native_classifier,per_class,all,19,tvmonitor,micro,ap_target_other,0.900843825923613,0.8092155455306571,0.9686390514125582,31,74,31,74,,5000,5000,1.0,3021694564,20260901
r_native_classifier,per_class,all,19,tvmonitor,micro,target_mean,0.5263531354390857,0.4792827217111735,0.5714438860841238,67,74,67,74,,5000,5000,1.0,3021694564,20260901
r_native_classifier,per_class,all,19,tvmonitor,micro,other_fg_mean,0.03304226625879286,0.020786794916665043,0.047192749019550666,37,74,37,74,,5000,5000,1.0,3021694564,20260901
r_native_classifier,per_class,all,19,tvmonitor,micro,bg_mean,0.1226424551024116,0.10299693421209655,0.14307933543752352,73,74,73,74,,5000,5000,1.0,3021694564,20260901
r_native_classifier,per_class,all,19,tvmonitor,micro,target_median,0.5350496946875729,0.48141114393485146,0.5868494947893278,67,74,67,74,,5000,5000,1.0,3021694564,20260901
r_native_classifier,per_class,all,19,tvmonitor,micro,other_fg_median,0.011963661505236617,0.0024040789740110494,0.02383818515050125,37,74,37,74,,5000,5000,1.0,3021694564,20260901
r_native_classifier,per_class,all,19,tvmonitor,micro,bg_median,0.0833768340908884,0.06149077779156711,0.10708593548062634,73,74,73,74,,5000,5000,1.0,3021694564,20260901
r_native_classifier,per_class,all,19,tvmonitor,micro,spatial_mass_target,0.22099858789226492,0.17431341549066978,0.2710843917756417,74,74,74,74,,5000,5000,1.0,3021694564,20260901
r_native_classifier,per_class,all,19,tvmonitor,micro,spatial_mass_other_fg,0.10643544395429057,0.06972448892853651,0.1474321335906515,74,74,74,74,,5000,5000,1.0,3021694564,20260901
r_native_classifier,per_class,all,19,tvmonitor,micro,spatial_mass_background,0.6499932284995511,0.6002380645972349,0.6986068455414293,74,74,74,74,,5000,5000,1.0,3021694564,20260901
s_cosine,all_positive_classes,all,,,micro,target_hit,0.3609687936655799,0.3415830726848855,0.3813677008312134,1449,1449,2147,2147,,5000,5000,1.0,3021694564,20260901
s_cosine,all_positive_classes,all,,,micro,other_fg_hit,0.13553795994410806,0.12043468773839784,0.15009432382653345,1449,1449,2147,2147,,5000,5000,1.0,3021694564,20260901
s_cosine,all_positive_classes,all,,,micro,background_hit,0.5006986492780624,0.47498683059971525,0.5254000146921126,1449,1449,2147,2147,,5000,5000,1.0,3021694564,20260901
s_cosine,all_positive_classes,all,,,micro,target_top05_fraction,0.3219428136324002,0.30732100294991277,0.3363624039211906,1449,1449,2147,2147,,5000,5000,1.0,3021694564,20260901
s_cosine,all_positive_classes,all,,,micro,other_fg_top05_fraction,0.13349463682212814,0.12194622327017947,0.14516707885492394,1449,1449,2147,2147,,5000,5000,1.0,3021694564,20260901
s_cosine,all_positive_classes,all,,,micro,bg_top05_fraction,0.5436511873841696,0.5249671037981921,0.5625187020759457,1449,1449,2147,2147,,5000,5000,1.0,3021694564,20260901
s_cosine,all_positive_classes,all,,,micro,target_tail_enrich_05,1.6099756689303981,1.5185242231655594,1.7067868769181054,1441,1449,2031,2147,,5000,5000,1.0,3021694564,20260901
s_cosine,all_positive_classes,all,,,micro,other_fg_tail_enrich_05,0.9972164892085086,0.9211025026840058,1.0809005655436408,520,1449,1158,2147,,5000,5000,1.0,3021694564,20260901
s_cosine,all_positive_classes,all,,,micro,bg_tail_enrich_05,0.8818830953739855,0.8515987231114772,0.9124977440507472,1432,1449,2120,2147,,5000,5000,1.0,3021694564,20260901
s_cosine,all_positive_classes,all,,,micro,target_top10_fraction,0.31006120376203294,0.2960325402718611,0.3242243438397286,1449,1449,2147,2147,,5000,5000,1.0,3021694564,20260901
s_cosine,all_positive_classes,all,,,micro,other_fg_top10_fraction,0.1333284127777316,0.1220766732422562,0.1448164955326406,1449,1449,2147,2147,,5000,5000,1.0,3021694564,20260901
s_cosine,all_positive_classes,all,,,micro,bg_top10_fraction,0.5557152198705317,0.5374556625867617,0.5739353832815719,1449,1449,2147,2147,,5000,5000,1.0,3021694564,20260901
s_cosine,all_positive_classes,all,,,micro,target_tail_enrich_10,1.4333349800532955,1.3689590162512966,1.499517818173747,1441,1449,2031,2147,,5000,5000,1.0,3021694564,20260901
s_cosine,all_positive_classes,all,,,micro,other_fg_tail_enrich_10,0.968540251782472,0.9077177664541833,1.030235470934599,520,1449,1158,2147,,5000,5000,1.0,3021694564,20260901
s_cosine,all_positive_classes,all,,,micro,bg_tail_enrich_10,0.9018068744678699,0.8735886521013277,0.9312540891708488,1432,1449,2120,2147,,5000,5000,1.0,3021694564,20260901
s_cosine,all_positive_classes,all,,,micro,target_top20_fraction,0.29346664219690927,0.2801891330712047,0.3069273420452304,1449,1449,2147,2147,,5000,5000,1.0,3021694564,20260901
s_cosine,all_positive_classes,all,,,micro,other_fg_top20_fraction,0.13222248973502185,0.12122290453383512,0.14332277843648183,1449,1449,2147,2147,,5000,5000,1.0,3021694564,20260901
s_cosine,all_positive_classes,all,,,micro,bg_top20_fraction,0.5735524039303532,0.5562094453405496,0.5907758472403672,1449,1449,2147,2147,,5000,5000,1.0,3021694564,20260901
s_cosine,all_positive_classes,all,,,micro,target_tail_enrich_20,1.2511893156550355,1.2076199325869799,1.296482246376061,1441,1449,2031,2147,,5000,5000,1.0,3021694564,20260901
s_cosine,all_positive_classes,all,,,micro,other_fg_tail_enrich_20,0.922411082099986,0.8773774533444872,0.9684729963474529,520,1449,1158,2147,,5000,5000,1.0,3021694564,20260901
s_cosine,all_positive_classes,all,,,micro,bg_tail_enrich_20,0.9207334414247245,0.8979986414176573,0.9438001040821555,1432,1449,2120,2147,,5000,5000,1.0,3021694564,20260901
s_cosine,all_positive_classes,all,,,micro,auc_target_bg,0.5418293601537587,0.5312213302599713,0.5523200622533854,1424,1449,2004,2147,,5000,5000,1.0,3021694564,20260901
s_cosine,all_positive_classes,all,,,micro,ap_target_bg,0.3663788690138128,0.35250361777282196,0.37972942996258924,1424,1449,2004,2147,,5000,5000,1.0,3021694564,20260901
s_cosine,all_positive_classes,all,,,micro,auc_target_other,0.5523723641780267,0.5420175214771998,0.5633982621199746,462,1449,1052,2147,,5000,5000,1.0,3021694564,20260901
s_cosine,all_positive_classes,all,,,micro,ap_target_other,0.5134964963837827,0.5028961895804525,0.5246264333158032,462,1449,1052,2147,,5000,5000,1.0,3021694564,20260901
s_cosine,all_positive_classes,all,,,micro,target_mean,0.14251333227243723,0.1281751929742703,0.15657381429544664,1441,1449,2031,2147,,5000,5000,1.0,3021694564,20260901
s_cosine,all_positive_classes,all,,,micro,other_fg_mean,0.07594670809713143,0.05858182686186042,0.09257747472367557,520,1449,1158,2147,,5000,5000,1.0,3021694564,20260901
s_cosine,all_positive_classes,all,,,micro,bg_mean,0.05562721098362807,0.044028427224455706,0.067303030778001,1432,1449,2120,2147,,5000,5000,1.0,3021694564,20260901
s_cosine,all_positive_classes,all,,,micro,target_median,0.18392261895265205,0.16770467936143188,0.20022112477411405,1441,1449,2031,2147,,5000,5000,1.0,3021694564,20260901
s_cosine,all_positive_classes,all,,,micro,other_fg_median,0.09134757237527416,0.07151395680290752,0.11048739767274043,520,1449,1158,2147,,5000,5000,1.0,3021694564,20260901
s_cosine,all_positive_classes,all,,,micro,bg_median,0.09576106229506653,0.08194768908728604,0.10930863775282143,1432,1449,2120,2147,,5000,5000,1.0,3021694564,20260901
s_cosine,all_positive_classes,all,,,micro,spatial_mass_target,0.2515696938766464,0.24140768036305524,0.26193777148505065,1449,1449,2147,2147,,5000,5000,1.0,3021694564,20260901
s_cosine,all_positive_classes,all,,,micro,spatial_mass_other_fg,0.12919242597824301,0.119048070415907,0.1392505050891706,1449,1449,2147,2147,,5000,5000,1.0,3021694564,20260901
s_cosine,all_positive_classes,all,,,micro,spatial_mass_background,0.5816541408109693,0.5669480549561837,0.5960183727032433,1449,1449,2147,2147,,5000,5000,1.0,3021694564,20260901
s_cosine,all_positive_classes,all,,,macro_class,target_hit,0.3363856062276705,0.31610679048802776,0.3581265368565942,1449,1449,2147,2147,20,5000,5000,1.0,3021694564,20260901
s_cosine,all_positive_classes,all,,,macro_class,other_fg_hit,0.1252799027287681,0.11044901525904972,0.13968780682390378,1449,1449,2147,2147,20,5000,5000,1.0,3021694564,20260901
s_cosine,all_positive_classes,all,,,macro_class,background_hit,0.5364965589599142,0.5115877200515542,0.560704336333351,1449,1449,2147,2147,20,5000,5000,1.0,3021694564,20260901
s_cosine,all_positive_classes,all,,,macro_class,target_top05_fraction,0.30103346499900174,0.286732566227739,0.31578794657361636,1449,1449,2147,2147,20,5000,5000,1.0,3021694564,20260901
s_cosine,all_positive_classes,all,,,macro_class,other_fg_top05_fraction,0.12096415299651478,0.109880713006475,0.13241915628033063,1449,1449,2147,2147,20,5000,5000,1.0,3021694564,20260901
s_cosine,all_positive_classes,all,,,macro_class,bg_top05_fraction,0.5770999859200464,0.5601518679239733,0.5942781714086888,1449,1449,2147,2147,20,5000,5000,1.0,3021694564,20260901
s_cosine,all_positive_classes,all,,,macro_class,target_tail_enrich_05,1.611285959257555,1.5051354016939789,1.7203095382844216,1441,1449,2031,2147,20,5000,5000,1.0,3021694564,20260901
s_cosine,all_positive_classes,all,,,macro_class,other_fg_tail_enrich_05,1.0044088921768233,0.8973346142228937,1.120761851119185,520,1449,1158,2147,20,5000,5000,1.0,3021694564,20260901
s_cosine,all_positive_classes,all,,,macro_class,bg_tail_enrich_05,0.9221933582574386,0.895031307636222,0.9506355912940411,1432,1449,2120,2147,20,5000,5000,1.0,3021694564,20260901
s_cosine,all_positive_classes,all,,,macro_class,target_top10_fraction,0.29265845774472965,0.2791200892546684,0.30672665108041486,1449,1449,2147,2147,20,5000,5000,1.0,3021694564,20260901
s_cosine,all_positive_classes,all,,,macro_class,other_fg_top10_fraction,0.11889830413748528,0.1081282741493813,0.1298283527141126,1449,1449,2147,2147,20,5000,5000,1.0,3021694564,20260901
s_cosine,all_positive_classes,all,,,macro_class,bg_top10_fraction,0.5875464735332898,0.5709228515967877,0.6040393380449317,1449,1449,2147,2147,20,5000,5000,1.0,3021694564,20260901
s_cosine,all_positive_classes,all,,,macro_class,target_tail_enrich_10,1.4276841092247352,1.3578144526669553,1.5007493835731112,1441,1449,2031,2147,20,5000,5000,1.0,3021694564,20260901
s_cosine,all_positive_classes,all,,,macro_class,other_fg_tail_enrich_10,0.9379675313387589,0.8534264460203638,1.0304005368442835,520,1449,1158,2147,20,5000,5000,1.0,3021694564,20260901
s_cosine,all_positive_classes,all,,,macro_class,bg_tail_enrich_10,0.9381434967312716,0.9129180637999442,0.963930515019859,1432,1449,2120,2147,20,5000,5000,1.0,3021694564,20260901
s_cosine,all_positive_classes,all,,,macro_class,target_top20_fraction,0.2805361671889788,0.2678262622656919,0.29361460176981075,1449,1449,2147,2147,20,5000,5000,1.0,3021694564,20260901
s_cosine,all_positive_classes,all,,,macro_class,other_fg_top20_fraction,0.11593040465612872,0.10584673000967762,0.12612241012035888,1449,1449,2147,2147,20,5000,5000,1.0,3021694564,20260901
s_cosine,all_positive_classes,all,,,macro_class,bg_top20_fraction,0.6027812590697982,0.5871737048729564,0.6182538046127669,1449,1449,2147,2147,20,5000,5000,1.0,3021694564,20260901
s_cosine,all_positive_classes,all,,,macro_class,target_tail_enrich_20,1.249715617346059,1.204486000805514,1.2959295805970756,1441,1449,2031,2147,20,5000,5000,1.0,3021694564,20260901
s_cosine,all_positive_classes,all,,,macro_class,other_fg_tail_enrich_20,0.8724753693665166,0.8049911555189054,0.9439022670621598,520,1449,1158,2147,20,5000,5000,1.0,3021694564,20260901
s_cosine,all_positive_classes,all,,,macro_class,bg_tail_enrich_20,0.9529357552876485,0.9325046341985196,0.9736034135747431,1432,1449,2120,2147,20,5000,5000,1.0,3021694564,20260901
s_cosine,all_positive_classes,all,,,macro_class,auc_target_bg,0.5363126750920136,0.5268637760004353,0.5456600150913391,1424,1449,2004,2147,20,5000,5000,1.0,3021694564,20260901
s_cosine,all_positive_classes,all,,,macro_class,ap_target_bg,0.3538267641253055,0.34062134295199264,0.3667364519669273,1424,1449,2004,2147,20,5000,5000,1.0,3021694564,20260901
s_cosine,all_positive_classes,all,,,macro_class,auc_target_other,0.5664184575189416,0.5395656940673323,0.5938395061110759,462,1449,1052,2147,20,5000,5000,1.0,3021694564,20260901
s_cosine,all_positive_classes,all,,,macro_class,ap_target_other,0.5533499860277432,0.5199436878464934,0.5864479120737301,462,1449,1052,2147,20,5000,5000,1.0,3021694564,20260901
s_cosine,all_positive_classes,all,,,macro_class,target_mean,0.11143306341833822,0.09930851001865842,0.12317460092653938,1441,1449,2031,2147,20,5000,5000,1.0,3021694564,20260901
s_cosine,all_positive_classes,all,,,macro_class,other_fg_mean,-0.0043396021990682486,-0.0282372383365747,0.020991437886932498,520,1449,1158,2147,20,5000,5000,1.0,3021694564,20260901
s_cosine,all_positive_classes,all,,,macro_class,bg_mean,0.03598896897596046,0.025852717331976954,0.04622312274059364,1432,1449,2120,2147,20,5000,5000,1.0,3021694564,20260901
s_cosine,all_positive_classes,all,,,macro_class,target_median,0.1512884218503215,0.13759876151669584,0.16469046170344434,1441,1449,2031,2147,20,5000,5000,1.0,3021694564,20260901
s_cosine,all_positive_classes,all,,,macro_class,other_fg_median,-0.003162729740136626,-0.032079014770410384,0.02634941623223947,520,1449,1158,2147,20,5000,5000,1.0,3021694564,20260901
s_cosine,all_positive_classes,all,,,macro_class,bg_median,0.07572029501476017,0.06335509041370246,0.08762108202773718,1432,1449,2120,2147,20,5000,5000,1.0,3021694564,20260901
s_cosine,all_positive_classes,all,,,macro_class,spatial_mass_target,0.2518337815541166,0.2417145602820686,0.2620369390833914,1449,1449,2147,2147,20,5000,5000,1.0,3021694564,20260901
s_cosine,all_positive_classes,all,,,macro_class,spatial_mass_other_fg,0.11120889602160353,0.10247417258828136,0.12005523674131272,1449,1449,2147,2147,20,5000,5000,1.0,3021694564,20260901
s_cosine,all_positive_classes,all,,,macro_class,spatial_mass_background,0.6009759405185682,0.5877827294069247,0.613558233050139,1449,1449,2147,2147,20,5000,5000,1.0,3021694564,20260901
s_cosine,all_positive_classes,single_label,,,micro,target_hit,0.48651564185544766,0.45415318230852214,0.5188781014023732,927,927,927,927,,5000,5000,1.0,3021694564,20260901
s_cosine,all_positive_classes,single_label,,,micro,other_fg_hit,0.0,0.0,0.0,927,927,927,927,,5000,5000,1.0,3021694564,20260901
s_cosine,all_positive_classes,single_label,,,micro,background_hit,0.5134843581445523,0.4811218985976268,0.5458468176914779,927,927,927,927,,5000,5000,1.0,3021694564,20260901
s_cosine,all_positive_classes,single_label,,,micro,target_top05_fraction,0.43910824318448677,0.4152269638401677,0.4628112512679419,927,927,927,927,,5000,5000,1.0,3021694564,20260901
s_cosine,all_positive_classes,single_label,,,micro,other_fg_top05_fraction,0.0,0.0,0.0,927,927,927,927,,5000,5000,1.0,3021694564,20260901
s_cosine,all_positive_classes,single_label,,,micro,bg_top05_fraction,0.5602589968899012,0.5366077452250063,0.5842167743263522,927,927,927,927,,5000,5000,1.0,3021694564,20260901
s_cosine,all_positive_classes,single_label,,,micro,target_tail_enrich_05,1.557356153460166,1.441025500681379,1.6841776534729338,921,927,921,927,,5000,5000,1.0,3021694564,20260901
s_cosine,all_positive_classes,single_label,,,micro,bg_tail_enrich_05,0.835502129451771,0.7987755356540566,0.8725413553707424,918,927,918,927,,5000,5000,1.0,3021694564,20260901
s_cosine,all_positive_classes,single_label,,,micro,target_top10_fraction,0.4249585795079619,0.4022052495210646,0.4475274118548435,927,927,927,927,,5000,5000,1.0,3021694564,20260901
s_cosine,all_positive_classes,single_label,,,micro,other_fg_top10_fraction,0.0,0.0,0.0,927,927,927,927,,5000,5000,1.0,3021694564,20260901
s_cosine,all_positive_classes,single_label,,,micro,bg_top10_fraction,0.5743834025168206,0.5518045221172008,0.5971829611779961,927,927,927,927,,5000,5000,1.0,3021694564,20260901
s_cosine,all_positive_classes,single_label,,,micro,target_tail_enrich_10,1.418304527190917,1.330573474695241,1.5098390427782933,921,927,921,927,,5000,5000,1.0,3021694564,20260901
s_cosine,all_positive_classes,single_label,,,micro,bg_tail_enrich_10,0.8491306420925118,0.8150995126528768,0.882392440899893,918,927,918,927,,5000,5000,1.0,3021694564,20260901
s_cosine,all_positive_classes,single_label,,,micro,target_top20_fraction,0.40395689593225886,0.38251787227741774,0.42574780521383426,927,927,927,927,,5000,5000,1.0,3021694564,20260901
s_cosine,all_positive_classes,single_label,,,micro,other_fg_top20_fraction,0.0,0.0,0.0,927,927,927,927,,5000,5000,1.0,3021694564,20260901
s_cosine,all_positive_classes,single_label,,,micro,bg_top20_fraction,0.59553204475902,0.5737171214087878,0.6169880321599326,927,927,927,927,,5000,5000,1.0,3021694564,20260901
s_cosine,all_positive_classes,single_label,,,micro,target_tail_enrich_20,1.2511515776860533,1.1912919791812957,1.3139362889445414,921,927,921,927,,5000,5000,1.0,3021694564,20260901
s_cosine,all_positive_classes,single_label,,,micro,bg_tail_enrich_20,0.8739687339203646,0.8439086160142467,0.9029983680073564,918,927,918,927,,5000,5000,1.0,3021694564,20260901
s_cosine,all_positive_classes,single_label,,,micro,auc_target_bg,0.5552171600133572,0.5404723606965226,0.5702464191530537,912,927,912,927,,5000,5000,1.0,3021694564,20260901
s_cosine,all_positive_classes,single_label,,,micro,ap_target_bg,0.4324077147400095,0.4137780598769436,0.4514008650123861,912,927,912,927,,5000,5000,1.0,3021694564,20260901
s_cosine,all_positive_classes,single_label,,,micro,target_mean,0.10398821127454029,0.08006755799252732,0.12736894241635616,921,927,921,927,,5000,5000,1.0,3021694564,20260901
s_cosine,all_positive_classes,single_label,,,micro,bg_mean,-0.009927825595571083,-0.02723226345757123,0.0071551009647544996,918,927,918,927,,5000,5000,1.0,3021694564,20260901
s_cosine,all_positive_classes,single_label,,,micro,target_median,0.1528405386674694,0.12493594938701753,0.1797382479242578,921,927,921,927,,5000,5000,1.0,3021694564,20260901
s_cosine,all_positive_classes,single_label,,,micro,bg_median,0.03426846861011833,0.013998147125490929,0.05458295480472106,918,927,918,927,,5000,5000,1.0,3021694564,20260901
s_cosine,all_positive_classes,single_label,,,micro,spatial_mass_target,0.34919299899867684,0.3330642466851851,0.36564002233250226,927,927,927,927,,5000,5000,1.0,3021694564,20260901
s_cosine,all_positive_classes,single_label,,,micro,spatial_mass_other_fg,0.0,0.0,0.0,927,927,927,927,,5000,5000,1.0,3021694564,20260901
s_cosine,all_positive_classes,single_label,,,micro,spatial_mass_background,0.6219875674675688,0.6048976765897329,0.6387575141530727,927,927,927,927,,5000,5000,1.0,3021694564,20260901
s_cosine,all_positive_classes,single_label,,,macro_class,target_hit,0.49059268682203205,0.4567769479054428,0.5247463711662975,927,927,927,927,20,5000,5000,1.0,3021694564,20260901
s_cosine,all_positive_classes,single_label,,,macro_class,other_fg_hit,0.0,0.0,0.0,927,927,927,927,20,5000,5000,1.0,3021694564,20260901
s_cosine,all_positive_classes,single_label,,,macro_class,background_hit,0.509407313177968,0.4752536288337025,0.5432230520945572,927,927,927,927,20,5000,5000,1.0,3021694564,20260901
s_cosine,all_positive_classes,single_label,,,macro_class,target_top05_fraction,0.4341009119271038,0.4077540131265679,0.4623710290495882,927,927,927,927,20,5000,5000,1.0,3021694564,20260901
s_cosine,all_positive_classes,single_label,,,macro_class,other_fg_top05_fraction,0.0,0.0,0.0,927,927,927,927,20,5000,5000,1.0,3021694564,20260901
s_cosine,all_positive_classes,single_label,,,macro_class,bg_top05_fraction,0.5651043495070791,0.5369700002018927,0.5913814013530464,927,927,927,927,20,5000,5000,1.0,3021694564,20260901
s_cosine,all_positive_classes,single_label,,,macro_class,target_tail_enrich_05,1.5448872989542988,1.4203174604189506,1.68341619371539,921,927,921,927,20,5000,5000,1.0,3021694564,20260901
s_cosine,all_positive_classes,single_label,,,macro_class,bg_tail_enrich_05,0.8504439112290854,0.8103780004461819,0.8906249489865926,918,927,918,927,20,5000,5000,1.0,3021694564,20260901
s_cosine,all_positive_classes,single_label,,,macro_class,target_top10_fraction,0.4228342969421102,0.396797826941885,0.4502227804874227,927,927,927,927,20,5000,5000,1.0,3021694564,20260901
s_cosine,all_positive_classes,single_label,,,macro_class,other_fg_top10_fraction,0.0,0.0,0.0,927,927,927,927,20,5000,5000,1.0,3021694564,20260901
s_cosine,all_positive_classes,single_label,,,macro_class,bg_top10_fraction,0.5764134660240909,0.5489588692954176,0.6024298791536256,927,927,927,927,20,5000,5000,1.0,3021694564,20260901
s_cosine,all_positive_classes,single_label,,,macro_class,target_tail_enrich_10,1.4154106583596096,1.325849557758954,1.513167447714736,921,927,921,927,20,5000,5000,1.0,3021694564,20260901
s_cosine,all_positive_classes,single_label,,,macro_class,bg_tail_enrich_10,0.859795118459447,0.8228517071079556,0.8969909388142243,918,927,918,927,20,5000,5000,1.0,3021694564,20260901
s_cosine,all_positive_classes,single_label,,,macro_class,target_top20_fraction,0.40691124735557194,0.3815531030445519,0.43362345613867864,927,927,927,927,20,5000,5000,1.0,3021694564,20260901
s_cosine,all_positive_classes,single_label,,,macro_class,other_fg_top20_fraction,0.0,0.0,0.0,927,927,927,927,20,5000,5000,1.0,3021694564,20260901
s_cosine,all_positive_classes,single_label,,,macro_class,bg_top20_fraction,0.5925513686973308,0.5658810557431146,0.6178704041072679,927,927,927,927,20,5000,5000,1.0,3021694564,20260901
s_cosine,all_positive_classes,single_label,,,macro_class,target_tail_enrich_20,1.2583770328219936,1.1933700593006051,1.3306959275638695,921,927,921,927,20,5000,5000,1.0,3021694564,20260901
s_cosine,all_positive_classes,single_label,,,macro_class,bg_tail_enrich_20,0.8768533399966734,0.8422527402894545,0.9098997476896603,918,927,918,927,20,5000,5000,1.0,3021694564,20260901
s_cosine,all_positive_classes,single_label,,,macro_class,auc_target_bg,0.5543825919428071,0.5378332786800201,0.5699073692436288,912,927,912,927,20,5000,5000,1.0,3021694564,20260901
s_cosine,all_positive_classes,single_label,,,macro_class,ap_target_bg,0.43378030877080487,0.4111917325027212,0.4595831446073586,912,927,912,927,20,5000,5000,1.0,3021694564,20260901
s_cosine,all_positive_classes,single_label,,,macro_class,target_mean,0.12470885834104144,0.10625954246988258,0.1424155901305314,921,927,921,927,20,5000,5000,1.0,3021694564,20260901
s_cosine,all_positive_classes,single_label,,,macro_class,bg_mean,0.021017849912579545,0.005380217866362523,0.03587378380653673,918,927,918,927,20,5000,5000,1.0,3021694564,20260901
s_cosine,all_positive_classes,single_label,,,macro_class,target_median,0.17796850581097906,0.15743828371920376,0.19761814325328517,921,927,921,927,20,5000,5000,1.0,3021694564,20260901
s_cosine,all_positive_classes,single_label,,,macro_class,bg_median,0.06644467885457994,0.04788221522150713,0.08473089309170068,918,927,918,927,20,5000,5000,1.0,3021694564,20260901
s_cosine,all_positive_classes,single_label,,,macro_class,spatial_mass_target,0.3538563522172521,0.3304512688423627,0.3784788976405863,927,927,927,927,20,5000,5000,1.0,3021694564,20260901
s_cosine,all_positive_classes,single_label,,,macro_class,spatial_mass_other_fg,0.0,0.0,0.0,927,927,927,927,20,5000,5000,1.0,3021694564,20260901
s_cosine,all_positive_classes,single_label,,,macro_class,spatial_mass_background,0.6134192213528278,0.5877797732147804,0.6372472346616163,927,927,927,927,20,5000,5000,1.0,3021694564,20260901
s_cosine,all_positive_classes,exactly_2_labels,,,micro,target_hit,0.2946666666666667,0.2653333333333333,0.324,375,375,750,750,,5000,5000,1.0,3021694564,20260901
s_cosine,all_positive_classes,exactly_2_labels,,,micro,other_fg_hit,0.21866666666666668,0.19333333333333333,0.244,375,375,750,750,,5000,5000,1.0,3021694564,20260901
s_cosine,all_positive_classes,exactly_2_labels,,,micro,background_hit,0.4826666666666667,0.44,0.5266666666666666,375,375,750,750,,5000,5000,1.0,3021694564,20260901
s_cosine,all_positive_classes,exactly_2_labels,,,micro,target_top05_fraction,0.2609940414081715,0.24260281719345275,0.2807563119997364,375,375,750,750,,5000,5000,1.0,3021694564,20260901
s_cosine,all_positive_classes,exactly_2_labels,,,micro,other_fg_top05_fraction,0.20180185546177123,0.18517521459058878,0.2185591952047415,375,375,750,750,,5000,5000,1.0,3021694564,20260901
s_cosine,all_positive_classes,exactly_2_labels,,,micro,bg_top05_fraction,0.5365220068637508,0.5031160104306407,0.5684828479856877,375,375,750,750,,5000,5000,1.0,3021694564,20260901
s_cosine,all_positive_classes,exactly_2_labels,,,micro,target_tail_enrich_05,1.5952490446455465,1.439383305751441,1.757904983688583,373,375,695,750,,5000,5000,1.0,3021694564,20260901
s_cosine,all_positive_classes,exactly_2_labels,,,micro,other_fg_tail_enrich_05,1.0134383090864278,0.9128510866891435,1.1167230253856073,373,375,695,750,,5000,5000,1.0,3021694564,20260901
s_cosine,all_positive_classes,exactly_2_labels,,,micro,bg_tail_enrich_05,0.908910235837391,0.8503965284671039,0.9661595953467805,369,375,738,750,,5000,5000,1.0,3021694564,20260901
s_cosine,all_positive_classes,exactly_2_labels,,,micro,target_top10_fraction,0.2512360630445331,0.2337224824510881,0.26978047922399295,375,375,750,750,,5000,5000,1.0,3021694564,20260901
s_cosine,all_positive_classes,exactly_2_labels,,,micro,other_fg_top10_fraction,0.20240388205685558,0.18627743870763397,0.2185646510475946,375,375,750,750,,5000,5000,1.0,3021694564,20260901
s_cosine,all_positive_classes,exactly_2_labels,,,micro,bg_top10_fraction,0.5455532663063467,0.513341240118834,0.5766564021393047,375,375,750,750,,5000,5000,1.0,3021694564,20260901
s_cosine,all_positive_classes,exactly_2_labels,,,micro,target_tail_enrich_10,1.4078437861212414,1.2934317733486538,1.5253888850504238,373,375,695,750,,5000,5000,1.0,3021694564,20260901
s_cosine,all_positive_classes,exactly_2_labels,,,micro,other_fg_tail_enrich_10,0.9874447667037946,0.9034468720944134,1.072262655740456,373,375,695,750,,5000,5000,1.0,3021694564,20260901
s_cosine,all_positive_classes,exactly_2_labels,,,micro,bg_tail_enrich_10,0.9321376770036435,0.8750542964102422,0.9919970932306781,369,375,738,750,,5000,5000,1.0,3021694564,20260901
s_cosine,all_positive_classes,exactly_2_labels,,,micro,target_top20_fraction,0.23731733568080804,0.22092657559621157,0.2551899447923312,375,375,750,750,,5000,5000,1.0,3021694564,20260901
s_cosine,all_positive_classes,exactly_2_labels,,,micro,other_fg_top20_fraction,0.19909631481032938,0.1838222985573047,0.21432337992101508,375,375,750,750,,5000,5000,1.0,3021694564,20260901
s_cosine,all_positive_classes,exactly_2_labels,,,micro,bg_top20_fraction,0.5627578835581684,0.5322113658312067,0.5919344520642935,375,375,750,750,,5000,5000,1.0,3021694564,20260901
s_cosine,all_positive_classes,exactly_2_labels,,,micro,target_tail_enrich_20,1.218838225171473,1.1441902293973603,1.295649722518386,373,375,695,750,,5000,5000,1.0,3021694564,20260901
s_cosine,all_positive_classes,exactly_2_labels,,,micro,other_fg_tail_enrich_20,0.9258058826600761,0.8643768338357319,0.9868217140958758,373,375,695,750,,5000,5000,1.0,3021694564,20260901
s_cosine,all_positive_classes,exactly_2_labels,,,micro,bg_tail_enrich_20,0.9413823002490286,0.8988868001522501,0.985028314084411,369,375,738,750,,5000,5000,1.0,3021694564,20260901
s_cosine,all_positive_classes,exactly_2_labels,,,micro,auc_target_bg,0.5327008804968328,0.5146877582075394,0.550412990029911,367,375,683,750,,5000,5000,1.0,3021694564,20260901
s_cosine,all_positive_classes,exactly_2_labels,,,micro,ap_target_bg,0.33230235763848875,0.3101539227618673,0.35491678377726016,367,375,683,750,,5000,5000,1.0,3021694564,20260901
s_cosine,all_positive_classes,exactly_2_labels,,,micro,auc_target_other,0.5486681730029764,0.5366701519651711,0.5618480059926276,322,375,644,750,,5000,5000,1.0,3021694564,20260901
s_cosine,all_positive_classes,exactly_2_labels,,,micro,ap_target_other,0.5645888248830279,0.5554372270519818,0.5741648539232683,322,375,644,750,,5000,5000,1.0,3021694564,20260901
s_cosine,all_positive_classes,exactly_2_labels,,,micro,target_mean,0.18332034703826625,0.1613502704031077,0.2045956480668511,373,375,695,750,,5000,5000,1.0,3021694564,20260901
s_cosine,all_positive_classes,exactly_2_labels,,,micro,other_fg_mean,0.0851849083322289,0.05954142857684994,0.11020010752322833,373,375,695,750,,5000,5000,1.0,3021694564,20260901
s_cosine,all_positive_classes,exactly_2_labels,,,micro,bg_mean,0.10893701756332735,0.08973221030085723,0.12875211232890565,369,375,738,750,,5000,5000,1.0,3021694564,20260901
s_cosine,all_positive_classes,exactly_2_labels,,,micro,target_median,0.22271062789828033,0.19746859584966,0.24657820376957842,373,375,695,750,,5000,5000,1.0,3021694564,20260901
s_cosine,all_positive_classes,exactly_2_labels,,,micro,other_fg_median,0.10580233541232904,0.07675390546007305,0.1336552206181838,373,375,695,750,,5000,5000,1.0,3021694564,20260901
s_cosine,all_positive_classes,exactly_2_labels,,,micro,bg_median,0.14955882240762491,0.12613500275181394,0.17333999537213804,369,375,738,750,,5000,5000,1.0,3021694564,20260901
s_cosine,all_positive_classes,exactly_2_labels,,,micro,spatial_mass_target,0.20148310048738494,0.18915063306875526,0.21435328480387492,375,375,750,750,,5000,5000,1.0,3021694564,20260901
s_cosine,all_positive_classes,exactly_2_labels,,,micro,spatial_mass_other_fg,0.19018134433733455,0.17837240657431347,0.20209465122152664,375,375,750,750,,5000,5000,1.0,3021694564,20260901
s_cosine,all_positive_classes,exactly_2_labels,,,micro,spatial_mass_background,0.5625459877004226,0.5371079791652349,0.5872789642022612,375,375,750,750,,5000,5000,1.0,3021694564,20260901
s_cosine,all_positive_classes,exactly_2_labels,,,macro_class,target_hit,0.23823813776802902,0.20551938603894854,0.2744867692578081,375,375,750,750,20,5000,5000,1.0,3021694564,20260901
s_cosine,all_positive_classes,exactly_2_labels,,,macro_class,other_fg_hit,0.23505669029038598,0.19775857350342718,0.2719831804238027,375,375,750,750,20,5000,5000,1.0,3021694564,20260901
s_cosine,all_positive_classes,exactly_2_labels,,,macro_class,background_hit,0.5241951819315951,0.4764282695317949,0.5717738517001762,375,375,750,750,20,5000,5000,1.0,3021694564,20260901
s_cosine,all_positive_classes,exactly_2_labels,,,macro_class,target_top05_fraction,0.23989449377862812,0.2132414416109655,0.26672151640759295,375,375,750,750,20,5000,5000,1.0,3021694564,20260901
s_cosine,all_positive_classes,exactly_2_labels,,,macro_class,other_fg_top05_fraction,0.20588686949472498,0.1764162793429972,0.2360390771421812,375,375,750,750,20,5000,5000,1.0,3021694564,20260901
s_cosine,all_positive_classes,exactly_2_labels,,,macro_class,bg_top05_fraction,0.5536807272009778,0.5200373349774614,0.5874210127101805,375,375,750,750,20,5000,5000,1.0,3021694564,20260901
s_cosine,all_positive_classes,exactly_2_labels,,,macro_class,target_tail_enrich_05,1.6434703315432972,1.3501575897991551,2.009549198479025,373,375,695,750,20,5000,5000,1.0,3021694564,20260901
s_cosine,all_positive_classes,exactly_2_labels,,,macro_class,other_fg_tail_enrich_05,1.036547762958849,0.9033346411112512,1.1810327986794094,373,375,695,750,20,5000,5000,1.0,3021694564,20260901
s_cosine,all_positive_classes,exactly_2_labels,,,macro_class,bg_tail_enrich_05,0.9372277026892192,0.8708921672821616,1.001849075250876,369,375,738,750,20,5000,5000,1.0,3021694564,20260901
s_cosine,all_positive_classes,exactly_2_labels,,,macro_class,target_top10_fraction,0.23339529666651795,0.20903887184851924,0.25770209955783374,375,375,750,750,20,5000,5000,1.0,3021694564,20260901
s_cosine,all_positive_classes,exactly_2_labels,,,macro_class,other_fg_top10_fraction,0.2008506822653163,0.17353016561676166,0.22858497720625645,375,375,750,750,20,5000,5000,1.0,3021694564,20260901
s_cosine,all_positive_classes,exactly_2_labels,,,macro_class,bg_top10_fraction,0.5650261055217991,0.5339463384409756,0.5957800988078721,375,375,750,750,20,5000,5000,1.0,3021694564,20260901
s_cosine,all_positive_classes,exactly_2_labels,,,macro_class,target_tail_enrich_10,1.427107575012021,1.2164520718092144,1.6904096201172139,373,375,695,750,20,5000,5000,1.0,3021694564,20260901
s_cosine,all_positive_classes,exactly_2_labels,,,macro_class,other_fg_tail_enrich_10,0.9692688508120391,0.8597582038216246,1.085649749152657,373,375,695,750,20,5000,5000,1.0,3021694564,20260901
s_cosine,all_positive_classes,exactly_2_labels,,,macro_class,bg_tail_enrich_10,0.9625502372859811,0.9041950073322647,1.0201004924358514,369,375,738,750,20,5000,5000,1.0,3021694564,20260901
s_cosine,all_positive_classes,exactly_2_labels,,,macro_class,target_top20_fraction,0.2231633224689516,0.2010788639505821,0.24599574477938724,375,375,750,750,20,5000,5000,1.0,3021694564,20260901
s_cosine,all_positive_classes,exactly_2_labels,,,macro_class,other_fg_top20_fraction,0.19191328710360991,0.16759229603875986,0.21634006466335207,375,375,750,750,20,5000,5000,1.0,3021694564,20260901
s_cosine,all_positive_classes,exactly_2_labels,,,macro_class,bg_top20_fraction,0.5841692122421324,0.5551606415776571,0.6123843508534854,375,375,750,750,20,5000,5000,1.0,3021694564,20260901
s_cosine,all_positive_classes,exactly_2_labels,,,macro_class,target_tail_enrich_20,1.2141357002010191,1.100148773259837,1.346350590630983,373,375,695,750,20,5000,5000,1.0,3021694564,20260901
s_cosine,all_positive_classes,exactly_2_labels,,,macro_class,other_fg_tail_enrich_20,0.8802969424011298,0.7983943378385367,0.9659418468080749,373,375,695,750,20,5000,5000,1.0,3021694564,20260901
s_cosine,all_positive_classes,exactly_2_labels,,,macro_class,bg_tail_enrich_20,0.9786645764689134,0.9349560339770965,1.0213122296338641,369,375,738,750,20,5000,5000,1.0,3021694564,20260901
s_cosine,all_positive_classes,exactly_2_labels,,,macro_class,auc_target_bg,0.5198024438248682,0.4989633033302752,0.5431536383424317,367,375,683,750,20,5000,5000,1.0,3021694564,20260901
s_cosine,all_positive_classes,exactly_2_labels,,,macro_class,ap_target_bg,0.3146052840187781,0.29089727846677765,0.33828959847391543,367,375,683,750,20,5000,5000,1.0,3021694564,20260901
s_cosine,all_positive_classes,exactly_2_labels,,,macro_class,auc_target_other,0.5664032585327659,0.5342414492328005,0.5981438462716742,322,375,644,750,20,5000,5000,1.0,3021694564,20260901
s_cosine,all_positive_classes,exactly_2_labels,,,macro_class,ap_target_other,0.6004644337383228,0.5624482294553147,0.6361420341010154,322,375,644,750,20,5000,5000,1.0,3021694564,20260901
s_cosine,all_positive_classes,exactly_2_labels,,,macro_class,target_mean,0.1253379326659692,0.09616046665902692,0.1587870114924861,373,375,695,750,20,5000,5000,1.0,3021694564,20260901
s_cosine,all_positive_classes,exactly_2_labels,,,macro_class,other_fg_mean,0.0009869086270733849,-0.031764659441467155,0.036763865428258234,373,375,695,750,20,5000,5000,1.0,3021694564,20260901
s_cosine,all_positive_classes,exactly_2_labels,,,macro_class,bg_mean,0.07034309178874204,0.05090729772838611,0.0922282599515759,369,375,738,750,20,5000,5000,1.0,3021694564,20260901
s_cosine,all_positive_classes,exactly_2_labels,,,macro_class,target_median,0.15607313793841734,0.12323010540398667,0.19218299129238386,373,375,695,750,20,5000,5000,1.0,3021694564,20260901
s_cosine,all_positive_classes,exactly_2_labels,,,macro_class,other_fg_median,0.0066176359640406236,-0.03130328255146094,0.04802546112010003,373,375,695,750,20,5000,5000,1.0,3021694564,20260901
s_cosine,all_positive_classes,exactly_2_labels,,,macro_class,bg_median,0.10754894096215903,0.08340945837662518,0.13501734324483136,369,375,738,750,20,5000,5000,1.0,3021694564,20260901
s_cosine,all_positive_classes,exactly_2_labels,,,macro_class,spatial_mass_target,0.20686729718008418,0.18856475193433125,0.2268871650281895,375,375,750,750,20,5000,5000,1.0,3021694564,20260901
s_cosine,all_positive_classes,exactly_2_labels,,,macro_class,spatial_mass_other_fg,0.17748304436820156,0.15828700788443717,0.19716179279985152,375,375,750,750,20,5000,5000,1.0,3021694564,20260901
s_cosine,all_positive_classes,exactly_2_labels,,,macro_class,spatial_mass_background,0.5718703314749296,0.5475810123634136,0.5964090004917821,375,375,750,750,20,5000,5000,1.0,3021694564,20260901
s_cosine,all_positive_classes,3plus_labels,,,micro,target_hit,0.21914893617021278,0.18776045180966777,0.25213675213675213,147,147,470,470,,5000,5000,1.0,3021694564,20260901
s_cosine,all_positive_classes,3plus_labels,,,micro,other_fg_hit,0.2702127659574468,0.22707189811394857,0.31343283582089554,147,147,470,470,,5000,5000,1.0,3021694564,20260901
s_cosine,all_positive_classes,3plus_labels,,,micro,background_hit,0.5042553191489362,0.4411134903640257,0.5692963752665245,147,147,470,470,,5000,5000,1.0,3021694564,20260901
s_cosine,all_positive_classes,3plus_labels,,,micro,target_top05_fraction,0.18811137953322268,0.16810687081280995,0.20848230985471766,147,147,470,470,,5000,5000,1.0,3021694564,20260901
s_cosine,all_positive_classes,3plus_labels,,,micro,other_fg_top05_fraction,0.2877906248101722,0.2558527419096325,0.31984189271091445,147,147,470,470,,5000,5000,1.0,3021694564,20260901
s_cosine,all_positive_classes,3plus_labels,,,micro,bg_top05_fraction,0.5222712852107735,0.47315031594991125,0.5706792617034462,147,147,470,470,,5000,5000,1.0,3021694564,20260901
s_cosine,all_positive_classes,3plus_labels,,,micro,target_tail_enrich_05,1.7514156150172586,1.4880053532315087,2.035227367319329,147,147,415,470,,5000,5000,1.0,3021694564,20260901
s_cosine,all_positive_classes,3plus_labels,,,micro,other_fg_tail_enrich_05,0.9728662412276157,0.8565807997097559,1.0978633743273076,147,147,463,470,,5000,5000,1.0,3021694564,20260901
s_cosine,all_positive_classes,3plus_labels,,,micro,bg_tail_enrich_05,0.9306583045433803,0.8583721909965705,1.006439986493363,145,147,464,470,,5000,5000,1.0,3021694564,20260901
s_cosine,all_positive_classes,3plus_labels,,,micro,target_top10_fraction,0.17731437019107255,0.15867100747569454,0.19636975736099238,147,147,470,470,,5000,5000,1.0,3021694564,20260901
s_cosine,all_positive_classes,3plus_labels,,,micro,other_fg_top10_fraction,0.28607061849180493,0.2551774020666973,0.316649618348362,147,147,470,470,,5000,5000,1.0,3021694564,20260901
s_cosine,all_positive_classes,3plus_labels,,,micro,bg_top10_fraction,0.5351110919131474,0.48768672873744234,0.5818448634918038,147,147,470,470,,5000,5000,1.0,3021694564,20260901
s_cosine,all_positive_classes,3plus_labels,,,micro,target_tail_enrich_10,1.5093817917858974,1.3377694771264823,1.6887668991886038,147,147,415,470,,5000,5000,1.0,3021694564,20260901
s_cosine,all_positive_classes,3plus_labels,,,micro,other_fg_tail_enrich_10,0.940163064157596,0.8469826436305654,1.032795213336893,147,147,463,470,,5000,5000,1.0,3021694564,20260901
s_cosine,all_positive_classes,3plus_labels,,,micro,bg_tail_enrich_10,0.957782411211781,0.8906549538979368,1.0291148520113342,145,147,464,470,,5000,5000,1.0,3021694564,20260901
s_cosine,all_positive_classes,3plus_labels,,,micro,target_top20_fraction,0.1651422053339482,0.14859716665128883,0.1822923601371799,147,147,470,470,,5000,5000,1.0,3021694564,20260901
s_cosine,all_positive_classes,3plus_labels,,,micro,other_fg_top20_fraction,0.2862967007517974,0.25635484801722025,0.31556053209681023,147,147,470,470,,5000,5000,1.0,3021694564,20260901
s_cosine,all_positive_classes,3plus_labels,,,micro,bg_top20_fraction,0.547426368251557,0.5017604798842003,0.5915026207561007,147,147,470,470,,5000,5000,1.0,3021694564,20260901
s_cosine,all_positive_classes,3plus_labels,,,micro,target_tail_enrich_20,1.3054513989213272,1.1926269449628024,1.4220233933017845,147,147,415,470,,5000,5000,1.0,3021694564,20260901
s_cosine,all_positive_classes,3plus_labels,,,micro,other_fg_tail_enrich_20,0.9173152151685338,0.8457415452377602,0.9858382012881827,147,147,463,470,,5000,5000,1.0,3021694564,20260901
s_cosine,all_positive_classes,3plus_labels,,,micro,bg_tail_enrich_20,0.9804126303830593,0.9259302973171544,1.0389056645955466,145,147,464,470,,5000,5000,1.0,3021694564,20260901
s_cosine,all_positive_classes,3plus_labels,,,micro,auc_target_bg,0.5272207492337777,0.503769584639385,0.5511778759041663,145,147,409,470,,5000,5000,1.0,3021694564,20260901
s_cosine,all_positive_classes,3plus_labels,,,micro,ap_target_bg,0.2760511183220138,0.24705679607327324,0.3053654347553327,145,147,409,470,,5000,5000,1.0,3021694564,20260901
s_cosine,all_positive_classes,3plus_labels,,,micro,auc_target_other,0.5582191757386458,0.5401398778886896,0.5770586406472716,140,147,408,470,,5000,5000,1.0,3021694564,20260901
s_cosine,all_positive_classes,3plus_labels,,,micro,ap_target_other,0.4328507621839933,0.4175435303235427,0.44938627019287436,140,147,408,470,,5000,5000,1.0,3021694564,20260901
s_cosine,all_positive_classes,3plus_labels,,,micro,target_mean,0.15967179293945433,0.1348278038368925,0.1846645804026302,147,147,415,470,,5000,5000,1.0,3021694564,20260901
s_cosine,all_positive_classes,3plus_labels,,,micro,other_fg_mean,0.06207943128634797,0.04028228630396484,0.0829862360585882,147,147,463,470,,5000,5000,1.0,3021694564,20260901
s_cosine,all_positive_classes,3plus_labels,,,micro,bg_mean,0.10053429357821185,0.08041791261625779,0.12097481982771198,145,147,464,470,,5000,5000,1.0,3021694564,20260901
s_cosine,all_positive_classes,3plus_labels,,,micro,target_median,0.18794413636335458,0.16015764812837485,0.21612270765892685,147,147,415,470,,5000,5000,1.0,3021694564,20260901
s_cosine,all_positive_classes,3plus_labels,,,micro,other_fg_median,0.06964981792440345,0.044024492840228815,0.09412607399417677,147,147,463,470,,5000,5000,1.0,3021694564,20260901
s_cosine,all_positive_classes,3plus_labels,,,micro,bg_median,0.13185471324272682,0.10790511134839229,0.15606922432241707,145,147,464,470,,5000,5000,1.0,3021694564,20260901
s_cosine,all_positive_classes,3plus_labels,,,micro,spatial_mass_target,0.13894871769329295,0.12671484598069022,0.151580369667573,147,147,470,470,,5000,5000,1.0,3021694564,20260901
s_cosine,all_positive_classes,3plus_labels,,,micro,spatial_mass_other_fg,0.2866811283452912,0.26029981973444555,0.312917128705981,147,147,470,470,,5000,5000,1.0,3021694564,20260901
s_cosine,all_positive_classes,3plus_labels,,,micro,spatial_mass_background,0.5325946266029743,0.4948601950202434,0.5711822345789987,147,147,470,470,,5000,5000,1.0,3021694564,20260901
s_cosine,all_positive_classes,3plus_labels,,,macro_class,target_hit,0.12731769740041798,0.10372857180682446,0.16613801877091885,147,147,470,470,20,5000,5000,1.0,3021694564,20260901
s_cosine,all_positive_classes,3plus_labels,,,macro_class,other_fg_hit,0.24198812448812443,0.1834844533431799,0.32481185046617084,147,147,470,470,20,5000,5000,1.0,3021694564,20260901
s_cosine,all_positive_classes,3plus_labels,,,macro_class,background_hit,0.628681227661007,0.5303307479628265,0.6895702759958634,147,147,470,470,20,5000,5000,1.0,3021694564,20260901
s_cosine,all_positive_classes,3plus_labels,,,macro_class,target_top05_fraction,0.14619478519254434,0.12110171126656358,0.17969438685892666,147,147,470,470,20,5000,5000,1.0,3021694564,20260901
s_cosine,all_positive_classes,3plus_labels,,,macro_class,other_fg_top05_fraction,0.2449784452260019,0.20459534072169136,0.3037949916181314,147,147,470,470,20,5000,5000,1.0,3021694564,20260901
s_cosine,all_positive_classes,3plus_labels,,,macro_class,bg_top05_fraction,0.6071780426771771,0.54677690104211,0.6482076837188179,147,147,470,470,20,5000,5000,1.0,3021694564,20260901
s_cosine,all_positive_classes,3plus_labels,,,macro_class,target_tail_enrich_05,1.6107621663276774,1.3200834200628897,2.0146325795113746,147,147,415,470,19,5000,5000,1.0,3021694564,20260901
s_cosine,all_positive_classes,3plus_labels,,,macro_class,other_fg_tail_enrich_05,0.866717723515362,0.692925421408128,1.0878376720152052,147,147,463,470,20,5000,5000,1.0,3021694564,20260901
s_cosine,all_positive_classes,3plus_labels,,,macro_class,bg_tail_enrich_05,1.0125714629664606,0.9407992199762585,1.0855860064586007,145,147,464,470,20,5000,5000,1.0,3021694564,20260901
s_cosine,all_positive_classes,3plus_labels,,,macro_class,target_top10_fraction,0.14800803705459437,0.12198000641688102,0.17851057732298214,147,147,470,470,20,5000,5000,1.0,3021694564,20260901
s_cosine,all_positive_classes,3plus_labels,,,macro_class,other_fg_top10_fraction,0.24060465819401017,0.2019175739901895,0.29689582805232023,147,147,470,470,20,5000,5000,1.0,3021694564,20260901
s_cosine,all_positive_classes,3plus_labels,,,macro_class,bg_top10_fraction,0.609646800425323,0.5531325239512048,0.6505029965344469,147,147,470,470,20,5000,5000,1.0,3021694564,20260901
s_cosine,all_positive_classes,3plus_labels,,,macro_class,target_tail_enrich_10,1.4505563237074346,1.234790121602669,1.6893900935766653,147,147,415,470,19,5000,5000,1.0,3021694564,20260901
s_cosine,all_positive_classes,3plus_labels,,,macro_class,other_fg_tail_enrich_10,0.8129907613898648,0.714335871472231,0.9499197482655122,147,147,463,470,20,5000,5000,1.0,3021694564,20260901
s_cosine,all_positive_classes,3plus_labels,,,macro_class,bg_tail_enrich_10,1.0220377711626534,0.9533660073864396,1.0960296838396613,145,147,464,470,20,5000,5000,1.0,3021694564,20260901
s_cosine,all_positive_classes,3plus_labels,,,macro_class,target_top20_fraction,0.1407647664060329,0.11808209550637103,0.16936186055233785,147,147,470,470,20,5000,5000,1.0,3021694564,20260901
s_cosine,all_positive_classes,3plus_labels,,,macro_class,other_fg_top20_fraction,0.2448899921729623,0.20593074938284212,0.30221759867821985,147,147,470,470,20,5000,5000,1.0,3021694564,20260901
s_cosine,all_positive_classes,3plus_labels,,,macro_class,bg_top20_fraction,0.6128554453408103,0.5550017894161857,0.655204730942801,147,147,470,470,20,5000,5000,1.0,3021694564,20260901
s_cosine,all_positive_classes,3plus_labels,,,macro_class,target_tail_enrich_20,1.2780320495926383,1.1237733937294156,1.4586968044948645,147,147,415,470,19,5000,5000,1.0,3021694564,20260901
s_cosine,all_positive_classes,3plus_labels,,,macro_class,other_fg_tail_enrich_20,0.7857963876940091,0.711961624815139,0.8973904653772083,147,147,463,470,20,5000,5000,1.0,3021694564,20260901
s_cosine,all_positive_classes,3plus_labels,,,macro_class,bg_tail_enrich_20,1.0221895457936967,0.9701203198708473,1.0791086204388503,145,147,464,470,20,5000,5000,1.0,3021694564,20260901
s_cosine,all_positive_classes,3plus_labels,,,macro_class,auc_target_bg,0.5215189760890613,0.4897903805348649,0.5589233202462404,145,147,409,470,19,5000,5000,1.0,3021694564,20260901
s_cosine,all_positive_classes,3plus_labels,,,macro_class,ap_target_bg,0.2417337932155675,0.21042249533521376,0.28416014442734333,145,147,409,470,19,5000,5000,1.0,3021694564,20260901
s_cosine,all_positive_classes,3plus_labels,,,macro_class,auc_target_other,0.5961781905333268,0.5443832482478952,0.6294860887427591,140,147,408,470,19,5000,5000,1.0,3021694564,20260901
s_cosine,all_positive_classes,3plus_labels,,,macro_class,ap_target_other,0.49842162574343485,0.4322021450470516,0.5365945240686476,140,147,408,470,19,5000,5000,1.0,3021694564,20260901
s_cosine,all_positive_classes,3plus_labels,,,macro_class,target_mean,0.12937266424275584,0.08700800381780292,0.18232758196531884,147,147,415,470,19,5000,5000,1.0,3021694564,20260901
s_cosine,all_positive_classes,3plus_labels,,,macro_class,other_fg_mean,-0.037954026906102244,-0.05972781213047624,0.00648569120440636,147,147,463,470,20,5000,5000,1.0,3021694564,20260901
s_cosine,all_positive_classes,3plus_labels,,,macro_class,bg_mean,0.06756694854369452,0.03887652157606619,0.09541375064126878,145,147,464,470,20,5000,5000,1.0,3021694564,20260901
s_cosine,all_positive_classes,3plus_labels,,,macro_class,target_median,0.15371372849651288,0.10911575205309046,0.21633336530124908,147,147,415,470,19,5000,5000,1.0,3021694564,20260901
s_cosine,all_positive_classes,3plus_labels,,,macro_class,other_fg_median,-0.0492347465934083,-0.0810468144998674,0.006363240158557251,147,147,463,470,20,5000,5000,1.0,3021694564,20260901
s_cosine,all_positive_classes,3plus_labels,,,macro_class,bg_median,0.0976051441822057,0.0601488915670834,0.13174234530810636,145,147,464,470,20,5000,5000,1.0,3021694564,20260901
s_cosine,all_positive_classes,3plus_labels,,,macro_class,spatial_mass_target,0.1234752801307912,0.10780620598018317,0.14472063484367165,147,147,470,470,20,5000,5000,1.0,3021694564,20260901
s_cosine,all_positive_classes,3plus_labels,,,macro_class,spatial_mass_other_fg,0.25286254195190094,0.2183903500042233,0.30606861205547475,147,147,470,470,20,5000,5000,1.0,3021694564,20260901
s_cosine,all_positive_classes,3plus_labels,,,macro_class,spatial_mass_background,0.5853829966204411,0.5277246007092768,0.623626660991307,147,147,470,470,20,5000,5000,1.0,3021694564,20260901
s_cosine,per_class,all,0,aeroplane,micro,target_hit,0.3,0.2111111111111111,0.4,90,90,90,90,,5000,5000,1.0,3021694564,20260901
s_cosine,per_class,all,0,aeroplane,micro,other_fg_hit,0.03333333333333333,0.0,0.07777777777777778,90,90,90,90,,5000,5000,1.0,3021694564,20260901
s_cosine,per_class,all,0,aeroplane,micro,background_hit,0.6666666666666666,0.5666666666666667,0.7555555555555555,90,90,90,90,,5000,5000,1.0,3021694564,20260901
s_cosine,per_class,all,0,aeroplane,micro,target_top05_fraction,0.3544077193638596,0.2962309418658103,0.4149465141712948,90,90,90,90,,5000,5000,1.0,3021694564,20260901
s_cosine,per_class,all,0,aeroplane,micro,other_fg_top05_fraction,0.02391063127905233,0.0034860923676713145,0.053209064327485386,90,90,90,90,,5000,5000,1.0,3021694564,20260901
s_cosine,per_class,all,0,aeroplane,micro,bg_top05_fraction,0.6205491707246095,0.5581978143918934,0.6788314942328101,90,90,90,90,,5000,5000,1.0,3021694564,20260901
s_cosine,per_class,all,0,aeroplane,micro,target_tail_enrich_05,2.084448033937193,1.6402790535893337,2.652977156750382,87,90,87,90,,5000,5000,1.0,3021694564,20260901
s_cosine,per_class,all,0,aeroplane,micro,other_fg_tail_enrich_05,1.553551667394738,0.6829154562431753,2.5584373846773016,13,90,13,90,,5000,5000,1.0,3021694564,20260901
s_cosine,per_class,all,0,aeroplane,micro,bg_tail_enrich_05,0.7734784604678727,0.704353756964285,0.8389718339759433,90,90,90,90,,5000,5000,1.0,3021694564,20260901
s_cosine,per_class,all,0,aeroplane,micro,target_top10_fraction,0.332014356513413,0.27533861057683945,0.3896381322060794,90,90,90,90,,5000,5000,1.0,3021694564,20260901
s_cosine,per_class,all,0,aeroplane,micro,other_fg_top10_fraction,0.02497152321941593,0.0036939109136477554,0.05530430416745262,90,90,90,90,,5000,5000,1.0,3021694564,20260901
s_cosine,per_class,all,0,aeroplane,micro,bg_top10_fraction,0.6409936486213773,0.5815463242978243,0.6967314257298275,90,90,90,90,,5000,5000,1.0,3021694564,20260901
s_cosine,per_class,all,0,aeroplane,micro,target_tail_enrich_10,1.7607188185105647,1.469625726815479,2.090731655374761,87,90,87,90,,5000,5000,1.0,3021694564,20260901
s_cosine,per_class,all,0,aeroplane,micro,other_fg_tail_enrich_10,1.4289410443027852,0.6548820147144676,2.2294296006308514,13,90,13,90,,5000,5000,1.0,3021694564,20260901
s_cosine,per_class,all,0,aeroplane,micro,bg_tail_enrich_10,0.7955626662449969,0.7331553570747862,0.8544683992317716,90,90,90,90,,5000,5000,1.0,3021694564,20260901
s_cosine,per_class,all,0,aeroplane,micro,target_top20_fraction,0.2846795918893174,0.2360251084831288,0.3332314475033483,90,90,90,90,,5000,5000,1.0,3021694564,20260901
s_cosine,per_class,all,0,aeroplane,micro,other_fg_top20_fraction,0.020463382861422918,0.0026825525258233384,0.0448805446396963,90,90,90,90,,5000,5000,1.0,3021694564,20260901
s_cosine,per_class,all,0,aeroplane,micro,bg_top20_fraction,0.6934137829430097,0.6439914422207536,0.7424744526674695,90,90,90,90,,5000,5000,1.0,3021694564,20260901
s_cosine,per_class,all,0,aeroplane,micro,target_tail_enrich_20,1.4826118307411098,1.2839357048819247,1.6982387833148322,87,90,87,90,,5000,5000,1.0,3021694564,20260901
s_cosine,per_class,all,0,aeroplane,micro,other_fg_tail_enrich_20,1.1002366072539256,0.4644647591559182,1.7987637186367635,13,90,13,90,,5000,5000,1.0,3021694564,20260901
s_cosine,per_class,all,0,aeroplane,micro,bg_tail_enrich_20,0.865909721493529,0.8177842043175181,0.9121082159632508,90,90,90,90,,5000,5000,1.0,3021694564,20260901
s_cosine,per_class,all,0,aeroplane,micro,auc_target_bg,0.5673069017331307,0.5264327594888973,0.606445512188589,87,90,87,90,,5000,5000,1.0,3021694564,20260901
s_cosine,per_class,all,0,aeroplane,micro,ap_target_bg,0.30904175271263784,0.26728204485654317,0.35027456090350856,87,90,87,90,,5000,5000,1.0,3021694564,20260901
s_cosine,per_class,all,0,aeroplane,micro,auc_target_other,0.5815644471151472,0.42406042333476784,0.7297354473171338,12,90,12,90,,5000,5000,1.0,3021694564,20260901
s_cosine,per_class,all,0,aeroplane,micro,ap_target_other,0.8426645267232589,0.6950553486850016,0.9518049684437954,12,90,12,90,,5000,5000,1.0,3021694564,20260901
s_cosine,per_class,all,0,aeroplane,micro,target_mean,0.037595484732685786,-0.01579286433540947,0.08788474747449512,87,90,87,90,,5000,5000,1.0,3021694564,20260901
s_cosine,per_class,all,0,aeroplane,micro,other_fg_mean,0.03973113723340001,-0.1838582147045748,0.2253899257319256,13,90,13,90,,5000,5000,1.0,3021694564,20260901
s_cosine,per_class,all,0,aeroplane,micro,bg_mean,-0.04901850661908852,-0.08355750788463252,-0.014012937801831687,90,90,90,90,,5000,5000,1.0,3021694564,20260901
s_cosine,per_class,all,0,aeroplane,micro,target_median,0.06624250095765824,0.009064245791467022,0.12001446060940966,87,90,87,90,,5000,5000,1.0,3021694564,20260901
s_cosine,per_class,all,0,aeroplane,micro,other_fg_median,0.054516327961419635,-0.19530324561831852,0.2743072331656002,13,90,13,90,,5000,5000,1.0,3021694564,20260901
s_cosine,per_class,all,0,aeroplane,micro,bg_median,0.005386450387110623,-0.034248988457976436,0.04524782761660588,90,90,90,90,,5000,5000,1.0,3021694564,20260901
s_cosine,per_class,all,0,aeroplane,micro,spatial_mass_target,0.21029348749305224,0.17848129819179626,0.241775906589917,90,90,90,90,,5000,5000,1.0,3021694564,20260901
s_cosine,per_class,all,0,aeroplane,micro,spatial_mass_other_fg,0.009170537910217212,0.0020962912892638188,0.018487031098985515,90,90,90,90,,5000,5000,1.0,3021694564,20260901
s_cosine,per_class,all,0,aeroplane,micro,spatial_mass_background,0.7557132091787127,0.7232328466491567,0.7895303204076157,90,90,90,90,,5000,5000,1.0,3021694564,20260901
s_cosine,per_class,all,1,bicycle,micro,target_hit,0.3037974683544304,0.20253164556962025,0.4050632911392405,79,79,79,79,,5000,5000,1.0,3021694564,20260901
s_cosine,per_class,all,1,bicycle,micro,other_fg_hit,0.16455696202531644,0.08860759493670886,0.24050632911392406,79,79,79,79,,5000,5000,1.0,3021694564,20260901
s_cosine,per_class,all,1,bicycle,micro,background_hit,0.5316455696202531,0.4177215189873418,0.6455696202531646,79,79,79,79,,5000,5000,1.0,3021694564,20260901
s_cosine,per_class,all,1,bicycle,micro,target_top05_fraction,0.22018887486846384,0.17455755175597149,0.2689472240158828,79,79,79,79,,5000,5000,1.0,3021694564,20260901
s_cosine,per_class,all,1,bicycle,micro,other_fg_top05_fraction,0.14636548148128664,0.09326184411348225,0.2047820625336349,79,79,79,79,,5000,5000,1.0,3021694564,20260901
s_cosine,per_class,all,1,bicycle,micro,bg_top05_fraction,0.6321748858838222,0.5689462278966817,0.6906510028434379,79,79,79,79,,5000,5000,1.0,3021694564,20260901
s_cosine,per_class,all,1,bicycle,micro,target_tail_enrich_05,3.1820573359742954,2.428226878889874,4.053996260620715,71,79,71,79,,5000,5000,1.0,3021694564,20260901
s_cosine,per_class,all,1,bicycle,micro,other_fg_tail_enrich_05,0.849646592118042,0.6365068520256905,1.0693864275495766,48,79,48,79,,5000,5000,1.0,3021694564,20260901
s_cosine,per_class,all,1,bicycle,micro,bg_tail_enrich_05,0.8055941447098761,0.7278975691617267,0.8790323808976279,79,79,79,79,,5000,5000,1.0,3021694564,20260901
s_cosine,per_class,all,1,bicycle,micro,target_top10_fraction,0.20725512633202647,0.16483961172946837,0.2536937870312189,79,79,79,79,,5000,5000,1.0,3021694564,20260901
s_cosine,per_class,all,1,bicycle,micro,other_fg_top10_fraction,0.15260851557676436,0.09876495254074379,0.21025404170704284,79,79,79,79,,5000,5000,1.0,3021694564,20260901
s_cosine,per_class,all,1,bicycle,micro,bg_top10_fraction,0.6391509710009066,0.5786246836683954,0.6971647113649498,79,79,79,79,,5000,5000,1.0,3021694564,20260901
s_cosine,per_class,all,1,bicycle,micro,target_tail_enrich_10,2.5543666746034317,2.094171475517633,3.0436158208851745,71,79,71,79,,5000,5000,1.0,3021694564,20260901
s_cosine,per_class,all,1,bicycle,micro,other_fg_tail_enrich_10,0.928144587466749,0.7197263166422955,1.133040071085651,48,79,48,79,,5000,5000,1.0,3021694564,20260901
s_cosine,per_class,all,1,bicycle,micro,bg_tail_enrich_10,0.8100293536243306,0.7384349940268536,0.8761974649857492,79,79,79,79,,5000,5000,1.0,3021694564,20260901
s_cosine,per_class,all,1,bicycle,micro,target_top20_fraction,0.18515915210382036,0.1454223423326906,0.2289718448213574,79,79,79,79,,5000,5000,1.0,3021694564,20260901
s_cosine,per_class,all,1,bicycle,micro,other_fg_top20_fraction,0.14573374645057624,0.09590093788668551,0.19826090837051968,79,79,79,79,,5000,5000,1.0,3021694564,20260901
s_cosine,per_class,all,1,bicycle,micro,bg_top20_fraction,0.6684427785847717,0.6110507012530422,0.7227913229443865,79,79,79,79,,5000,5000,1.0,3021694564,20260901
s_cosine,per_class,all,1,bicycle,micro,target_tail_enrich_20,2.0147792975399637,1.7507843625838801,2.2809803341629156,71,79,71,79,,5000,5000,1.0,3021694564,20260901
s_cosine,per_class,all,1,bicycle,micro,other_fg_tail_enrich_20,0.8960564137326662,0.7064348037401658,1.0810121961103771,48,79,48,79,,5000,5000,1.0,3021694564,20260901
s_cosine,per_class,all,1,bicycle,micro,bg_tail_enrich_20,0.8516037099055124,0.7879345674953947,0.9117251706075229,79,79,79,79,,5000,5000,1.0,3021694564,20260901
s_cosine,per_class,all,1,bicycle,micro,auc_target_bg,0.6798569436134205,0.6406963350551885,0.7178794502019881,71,79,71,79,,5000,5000,1.0,3021694564,20260901
s_cosine,per_class,all,1,bicycle,micro,ap_target_bg,0.26822178652723344,0.22491145770638798,0.3166556275792945,71,79,71,79,,5000,5000,1.0,3021694564,20260901
s_cosine,per_class,all,1,bicycle,micro,auc_target_other,0.7163630432801243,0.6579254870753902,0.7743484171760162,41,79,41,79,,5000,5000,1.0,3021694564,20260901
s_cosine,per_class,all,1,bicycle,micro,ap_target_other,0.5203557335320341,0.42826093774617086,0.6177132395475124,41,79,41,79,,5000,5000,1.0,3021694564,20260901
s_cosine,per_class,all,1,bicycle,micro,target_mean,0.45221037761785127,0.3984614398571018,0.5022942824523746,71,79,71,79,,5000,5000,1.0,3021694564,20260901
s_cosine,per_class,all,1,bicycle,micro,other_fg_mean,0.13083300357040714,0.04486923540058908,0.21144860903035706,48,79,48,79,,5000,5000,1.0,3021694564,20260901
s_cosine,per_class,all,1,bicycle,micro,bg_mean,0.1811495381352132,0.14115300003751635,0.21855777676960494,79,79,79,79,,5000,5000,1.0,3021694564,20260901
s_cosine,per_class,all,1,bicycle,micro,target_median,0.5227505394690474,0.46093482866727326,0.5794003763254366,71,79,71,79,,5000,5000,1.0,3021694564,20260901
s_cosine,per_class,all,1,bicycle,micro,other_fg_median,0.14222296979278326,0.03904929255534496,0.24178053953347123,48,79,48,79,,5000,5000,1.0,3021694564,20260901
s_cosine,per_class,all,1,bicycle,micro,bg_median,0.21081992026559915,0.16052221578746279,0.2565947026426939,79,79,79,79,,5000,5000,1.0,3021694564,20260901
s_cosine,per_class,all,1,bicycle,micro,spatial_mass_target,0.10035353890455127,0.0785417895173931,0.12403313006234615,79,79,79,79,,5000,5000,1.0,3021694564,20260901
s_cosine,per_class,all,1,bicycle,micro,spatial_mass_other_fg,0.12433066545643762,0.08439278989452634,0.16670907620764983,79,79,79,79,,5000,5000,1.0,3021694564,20260901
s_cosine,per_class,all,1,bicycle,micro,spatial_mass_background,0.6707262304387515,0.6259588658903973,0.7136153081549873,79,79,79,79,,5000,5000,1.0,3021694564,20260901
s_cosine,per_class,all,2,bird,micro,target_hit,0.2912621359223301,0.20388349514563106,0.3786407766990291,103,103,103,103,,5000,5000,1.0,3021694564,20260901
s_cosine,per_class,all,2,bird,micro,other_fg_hit,0.05825242718446602,0.019417475728155338,0.10679611650485436,103,103,103,103,,5000,5000,1.0,3021694564,20260901
s_cosine,per_class,all,2,bird,micro,background_hit,0.6504854368932039,0.5631067961165048,0.7378640776699029,103,103,103,103,,5000,5000,1.0,3021694564,20260901
s_cosine,per_class,all,2,bird,micro,target_top05_fraction,0.22917925024785007,0.1754824745653341,0.2840651845883067,103,103,103,103,,5000,5000,1.0,3021694564,20260901
s_cosine,per_class,all,2,bird,micro,other_fg_top05_fraction,0.044333727950232805,0.014255160665961638,0.08111007302451477,103,103,103,103,,5000,5000,1.0,3021694564,20260901
s_cosine,per_class,all,2,bird,micro,bg_top05_fraction,0.7264870218019168,0.6671901194461235,0.7849384950818907,103,103,103,103,,5000,5000,1.0,3021694564,20260901
s_cosine,per_class,all,2,bird,micro,target_tail_enrich_05,1.6874208538362425,1.2210188202021872,2.2574563899394704,99,103,99,103,,5000,5000,1.0,3021694564,20260901
s_cosine,per_class,all,2,bird,micro,other_fg_tail_enrich_05,1.027157116200326,0.5526408187341175,1.5046125962322,9,103,9,103,,5000,5000,1.0,3021694564,20260901
s_cosine,per_class,all,2,bird,micro,bg_tail_enrich_05,0.9326920368673745,0.8550907739640341,1.0133801064639305,103,103,103,103,,5000,5000,1.0,3021694564,20260901
s_cosine,per_class,all,2,bird,micro,target_top10_fraction,0.19791984853196878,0.15001119628710946,0.24678589336791154,103,103,103,103,,5000,5000,1.0,3021694564,20260901
s_cosine,per_class,all,2,bird,micro,other_fg_top10_fraction,0.043500134211929095,0.014173836397638551,0.07940699055426725,103,103,103,103,,5000,5000,1.0,3021694564,20260901
s_cosine,per_class,all,2,bird,micro,bg_top10_fraction,0.758580017256102,0.7034556594309745,0.8117749925206516,103,103,103,103,,5000,5000,1.0,3021694564,20260901
s_cosine,per_class,all,2,bird,micro,target_tail_enrich_10,1.355209395559499,1.0315182423582339,1.7312918760516913,99,103,99,103,,5000,5000,1.0,3021694564,20260901
s_cosine,per_class,all,2,bird,micro,other_fg_tail_enrich_10,0.9979883030685281,0.5518916524161239,1.424498658013303,9,103,9,103,,5000,5000,1.0,3021694564,20260901
s_cosine,per_class,all,2,bird,micro,bg_tail_enrich_10,0.9852691047923106,0.9157790750143385,1.0599559837589478,103,103,103,103,,5000,5000,1.0,3021694564,20260901
s_cosine,per_class,all,2,bird,micro,target_top20_fraction,0.1739312446612376,0.13442980051230471,0.2154933737219192,103,103,103,103,,5000,5000,1.0,3021694564,20260901
s_cosine,per_class,all,2,bird,micro,other_fg_top20_fraction,0.04339575308061245,0.014642213950087132,0.07820297214852082,103,103,103,103,,5000,5000,1.0,3021694564,20260901
s_cosine,per_class,all,2,bird,micro,bg_top20_fraction,0.78267300225815,0.7346884318693244,0.8290892282546379,103,103,103,103,,5000,5000,1.0,3021694564,20260901
s_cosine,per_class,all,2,bird,micro,target_tail_enrich_20,1.073696702432229,0.8732872026100246,1.2954375452365274,99,103,99,103,,5000,5000,1.0,3021694564,20260901
s_cosine,per_class,all,2,bird,micro,other_fg_tail_enrich_20,0.9879311369818642,0.5966189847747612,1.3306669880701745,9,103,9,103,,5000,5000,1.0,3021694564,20260901
s_cosine,per_class,all,2,bird,micro,bg_tail_enrich_20,1.02242269572867,0.9675127425363244,1.0794537536095357,103,103,103,103,,5000,5000,1.0,3021694564,20260901
s_cosine,per_class,all,2,bird,micro,auc_target_bg,0.48241612571550196,0.4439301132960831,0.5206843889144004,99,103,99,103,,5000,5000,1.0,3021694564,20260901
s_cosine,per_class,all,2,bird,micro,ap_target_bg,0.23990192365848542,0.20042968602234285,0.2802304223537428,99,103,99,103,,5000,5000,1.0,3021694564,20260901
s_cosine,per_class,all,2,bird,micro,auc_target_other,0.47054186857809394,0.26937898572594854,0.7467188457162861,5,103,5,103,,5000,4969,0.9938,3021694564,20260901
s_cosine,per_class,all,2,bird,micro,ap_target_other,0.3891475122854973,0.09320346888002072,0.7593965597673925,5,103,5,103,,5000,4969,0.9938,3021694564,20260901
s_cosine,per_class,all,2,bird,micro,target_mean,-0.06271901550752525,-0.12420655447990692,-0.0010037446767555238,99,103,99,103,,5000,5000,1.0,3021694564,20260901
s_cosine,per_class,all,2,bird,micro,other_fg_mean,0.020314187791111108,-0.14835747388819653,0.25319828481749174,9,103,9,103,,5000,5000,1.0,3021694564,20260901
s_cosine,per_class,all,2,bird,micro,bg_mean,-0.028694294782433082,-0.0780708620234996,0.020315943677737116,103,103,103,103,,5000,5000,1.0,3021694564,20260901
s_cosine,per_class,all,2,bird,micro,target_median,-0.06916627688850793,-0.14287228703298516,0.003638194200105552,99,103,99,103,,5000,5000,1.0,3021694564,20260901
s_cosine,per_class,all,2,bird,micro,other_fg_median,-0.006473050452768803,-0.21714018851052969,0.2532852305215783,9,103,9,103,,5000,5000,1.0,3021694564,20260901
s_cosine,per_class,all,2,bird,micro,bg_median,0.012350614707085114,-0.056978816824323195,0.0793519817945972,103,103,103,103,,5000,5000,1.0,3021694564,20260901
s_cosine,per_class,all,2,bird,micro,spatial_mass_target,0.17922803799811643,0.14548239071347108,0.21449567099345976,103,103,103,103,,5000,5000,1.0,3021694564,20260901
s_cosine,per_class,all,2,bird,micro,spatial_mass_other_fg,0.037608808883040856,0.012878609050824804,0.06732681442449964,103,103,103,103,,5000,5000,1.0,3021694564,20260901
s_cosine,per_class,all,2,bird,micro,spatial_mass_background,0.7670985946377504,0.7261207868679634,0.8063800665251548,103,103,103,103,,5000,5000,1.0,3021694564,20260901
s_cosine,per_class,all,3,boat,micro,target_hit,0.3333333333333333,0.2361111111111111,0.4444444444444444,72,72,72,72,,5000,5000,1.0,3021694564,20260901
s_cosine,per_class,all,3,boat,micro,other_fg_hit,0.05555555555555555,0.013888888888888888,0.1111111111111111,72,72,72,72,,5000,5000,1.0,3021694564,20260901
s_cosine,per_class,all,3,boat,micro,background_hit,0.6111111111111112,0.5,0.7222222222222222,72,72,72,72,,5000,5000,1.0,3021694564,20260901
s_cosine,per_class,all,3,boat,micro,target_top05_fraction,0.2871974290495317,0.21105108390022767,0.36687446261914924,72,72,72,72,,5000,5000,1.0,3021694564,20260901
s_cosine,per_class,all,3,boat,micro,other_fg_top05_fraction,0.046682826068790984,0.011945743097058885,0.08796911090770738,72,72,72,72,,5000,5000,1.0,3021694564,20260901
s_cosine,per_class,all,3,boat,micro,bg_top05_fraction,0.6639800250336241,0.5829963287433133,0.7428732461147077,72,72,72,72,,5000,5000,1.0,3021694564,20260901
s_cosine,per_class,all,3,boat,micro,target_tail_enrich_05,1.9454968316478662,1.3415167313304053,2.747636080745303,69,72,69,72,,5000,5000,1.0,3021694564,20260901
s_cosine,per_class,all,3,boat,micro,other_fg_tail_enrich_05,0.9484945631192429,0.27271965305818563,1.8094288587010536,17,72,17,72,,5000,5000,1.0,3021694564,20260901
s_cosine,per_class,all,3,boat,micro,bg_tail_enrich_05,0.7984195401542232,0.7118258510294344,0.8849298104333013,72,72,72,72,,5000,5000,1.0,3021694564,20260901
s_cosine,per_class,all,3,boat,micro,target_top10_fraction,0.24812974473050936,0.17901981557775076,0.3208099016023825,72,72,72,72,,5000,5000,1.0,3021694564,20260901
s_cosine,per_class,all,3,boat,micro,other_fg_top10_fraction,0.04276150310904316,0.010139553448871241,0.08243290748475245,72,72,72,72,,5000,5000,1.0,3021694564,20260901
s_cosine,per_class,all,3,boat,micro,bg_top10_fraction,0.7074934278262415,0.631867022926598,0.7797083239183832,72,72,72,72,,5000,5000,1.0,3021694564,20260901
s_cosine,per_class,all,3,boat,micro,target_tail_enrich_10,1.659998090591968,1.2361511981380595,2.1411463631245855,69,72,69,72,,5000,5000,1.0,3021694564,20260901
s_cosine,per_class,all,3,boat,micro,other_fg_tail_enrich_10,0.7882915389047336,0.32963585067036505,1.2933097430423828,17,72,17,72,,5000,5000,1.0,3021694564,20260901
s_cosine,per_class,all,3,boat,micro,bg_tail_enrich_10,0.8585143462448486,0.777797181904157,0.9366502786927667,72,72,72,72,,5000,5000,1.0,3021694564,20260901
s_cosine,per_class,all,3,boat,micro,target_top20_fraction,0.20452170639188197,0.14739831811430504,0.2665293996975667,72,72,72,72,,5000,5000,1.0,3021694564,20260901
s_cosine,per_class,all,3,boat,micro,other_fg_top20_fraction,0.03984321943905625,0.008274300919362357,0.07932066037277449,72,72,72,72,,5000,5000,1.0,3021694564,20260901
s_cosine,per_class,all,3,boat,micro,bg_top20_fraction,0.7544689250087686,0.6864496961405444,0.8180921026020596,72,72,72,72,,5000,5000,1.0,3021694564,20260901
s_cosine,per_class,all,3,boat,micro,target_tail_enrich_20,1.3135772383816307,1.0519570300528274,1.5882337679896892,69,72,69,72,,5000,5000,1.0,3021694564,20260901
s_cosine,per_class,all,3,boat,micro,other_fg_tail_enrich_20,0.6416387004529058,0.32854335058303163,0.9581509262612398,17,72,17,72,,5000,5000,1.0,3021694564,20260901
s_cosine,per_class,all,3,boat,micro,bg_tail_enrich_20,0.9192118792939278,0.8486255476431308,0.9872045300192631,72,72,72,72,,5000,5000,1.0,3021694564,20260901
s_cosine,per_class,all,3,boat,micro,auc_target_bg,0.5135260332802901,0.45822191196882717,0.567763581927906,69,72,69,72,,5000,5000,1.0,3021694564,20260901
s_cosine,per_class,all,3,boat,micro,ap_target_bg,0.2620562085973507,0.20587315222358496,0.3224234842136529,69,72,69,72,,5000,5000,1.0,3021694564,20260901
s_cosine,per_class,all,3,boat,micro,auc_target_other,0.5961263284455748,0.47301504393616234,0.7129340688262616,15,72,15,72,,5000,5000,1.0,3021694564,20260901
s_cosine,per_class,all,3,boat,micro,ap_target_other,0.7012342382578277,0.5112652634313612,0.8722328917803399,15,72,15,72,,5000,5000,1.0,3021694564,20260901
s_cosine,per_class,all,3,boat,micro,target_mean,-0.017676857668627293,-0.10807440617256937,0.07600871275495658,69,72,69,72,,5000,5000,1.0,3021694564,20260901
s_cosine,per_class,all,3,boat,micro,other_fg_mean,-0.1685692144440358,-0.3073888217182612,-0.023692655967070646,17,72,17,72,,5000,5000,1.0,3021694564,20260901
s_cosine,per_class,all,3,boat,micro,bg_mean,-0.0321601241698665,-0.08622567631051994,0.024389707690428312,72,72,72,72,,5000,5000,1.0,3021694564,20260901
s_cosine,per_class,all,3,boat,micro,target_median,0.006045237197068291,-0.10020111680582829,0.11329055154446256,69,72,69,72,,5000,5000,1.0,3021694564,20260901
s_cosine,per_class,all,3,boat,micro,other_fg_median,-0.18966464092954993,-0.34374525597319006,-0.030849608571803248,17,72,17,72,,5000,5000,1.0,3021694564,20260901
s_cosine,per_class,all,3,boat,micro,bg_median,0.03727284264176786,-0.028555801224360446,0.10565875700000711,72,72,72,72,,5000,5000,1.0,3021694564,20260901
s_cosine,per_class,all,3,boat,micro,spatial_mass_target,0.16072642762446776,0.12661474388506677,0.197927303666721,72,72,72,72,,5000,5000,1.0,3021694564,20260901
s_cosine,per_class,all,3,boat,micro,spatial_mass_other_fg,0.03387950821989863,0.008300935653298641,0.066831971661587,72,72,72,72,,5000,5000,1.0,3021694564,20260901
s_cosine,per_class,all,3,boat,micro,spatial_mass_background,0.7732916000402636,0.7255727244178868,0.8182493881788104,72,72,72,72,,5000,5000,1.0,3021694564,20260901
s_cosine,per_class,all,4,bottle,micro,target_hit,0.22916666666666666,0.14583333333333334,0.3125,96,96,96,96,,5000,5000,1.0,3021694564,20260901
s_cosine,per_class,all,4,bottle,micro,other_fg_hit,0.3229166666666667,0.22916666666666666,0.4166666666666667,96,96,96,96,,5000,5000,1.0,3021694564,20260901
s_cosine,per_class,all,4,bottle,micro,background_hit,0.4479166666666667,0.3541666666666667,0.5520833333333334,96,96,96,96,,5000,5000,1.0,3021694564,20260901
s_cosine,per_class,all,4,bottle,micro,target_top05_fraction,0.24393947708395577,0.1767337159610677,0.3137755177960263,96,96,96,96,,5000,5000,1.0,3021694564,20260901
s_cosine,per_class,all,4,bottle,micro,other_fg_top05_fraction,0.28771444058988216,0.219605779346783,0.3612617033527499,96,96,96,96,,5000,5000,1.0,3021694564,20260901
s_cosine,per_class,all,4,bottle,micro,bg_top05_fraction,0.467255096983532,0.3959850209360124,0.5374128667006013,96,96,96,96,,5000,5000,1.0,3021694564,20260901
s_cosine,per_class,all,4,bottle,micro,target_tail_enrich_05,2.0067810708547826,1.38993093270352,2.77303284179747,87,96,87,96,,5000,5000,1.0,3021694564,20260901
s_cosine,per_class,all,4,bottle,micro,other_fg_tail_enrich_05,0.9237676637546373,0.7386759109235573,1.1262987851681985,60,96,60,96,,5000,5000,1.0,3021694564,20260901
s_cosine,per_class,all,4,bottle,micro,bg_tail_enrich_05,0.7948705857495957,0.6830834642895524,0.9045338900702868,93,96,93,96,,5000,5000,1.0,3021694564,20260901
s_cosine,per_class,all,4,bottle,micro,target_top10_fraction,0.2375941341522159,0.1711066946509724,0.30699303113587423,96,96,96,96,,5000,5000,1.0,3021694564,20260901
s_cosine,per_class,all,4,bottle,micro,other_fg_top10_fraction,0.2965731937613052,0.22878485182243735,0.3691494925341186,96,96,96,96,,5000,5000,1.0,3021694564,20260901
s_cosine,per_class,all,4,bottle,micro,bg_top10_fraction,0.4651519841998659,0.39560501356503175,0.5332223033494318,96,96,96,96,,5000,5000,1.0,3021694564,20260901
s_cosine,per_class,all,4,bottle,micro,target_tail_enrich_10,1.641905835210158,1.2313280371979405,2.1190078543665867,87,96,87,96,,5000,5000,1.0,3021694564,20260901
s_cosine,per_class,all,4,bottle,micro,other_fg_tail_enrich_10,0.9807532589309476,0.7981090756659113,1.1809314904390118,60,96,60,96,,5000,5000,1.0,3021694564,20260901
s_cosine,per_class,all,4,bottle,micro,bg_tail_enrich_10,0.7915447512313115,0.6840074323524779,0.8971586937678518,93,96,93,96,,5000,5000,1.0,3021694564,20260901
s_cosine,per_class,all,4,bottle,micro,target_top20_fraction,0.22699920118759997,0.16357432721149318,0.2935590577152427,96,96,96,96,,5000,5000,1.0,3021694564,20260901
s_cosine,per_class,all,4,bottle,micro,other_fg_top20_fraction,0.3030075611455744,0.23746101537466227,0.3737030553219333,96,96,96,96,,5000,5000,1.0,3021694564,20260901
s_cosine,per_class,all,4,bottle,micro,bg_top20_fraction,0.4695188462387488,0.40339127071618447,0.5333229834185343,96,96,96,96,,5000,5000,1.0,3021694564,20260901
s_cosine,per_class,all,4,bottle,micro,target_tail_enrich_20,1.3410957721470846,1.0766694945072495,1.6302048306527466,87,96,87,96,,5000,5000,1.0,3021694564,20260901
s_cosine,per_class,all,4,bottle,micro,other_fg_tail_enrich_20,1.005943269042709,0.8655034583387176,1.1477677490430083,60,96,60,96,,5000,5000,1.0,3021694564,20260901
s_cosine,per_class,all,4,bottle,micro,bg_tail_enrich_20,0.8028800753315541,0.7073854962798676,0.8994390841040294,93,96,93,96,,5000,5000,1.0,3021694564,20260901
s_cosine,per_class,all,4,bottle,micro,auc_target_bg,0.5896794932275851,0.5410543865800527,0.6401046431357411,84,96,84,96,,5000,5000,1.0,3021694564,20260901
s_cosine,per_class,all,4,bottle,micro,ap_target_bg,0.29862361105340696,0.23668368314871202,0.36237538419148385,84,96,84,96,,5000,5000,1.0,3021694564,20260901
s_cosine,per_class,all,4,bottle,micro,auc_target_other,0.5033537058862336,0.4236894667076546,0.5818808224184069,51,96,51,96,,5000,5000,1.0,3021694564,20260901
s_cosine,per_class,all,4,bottle,micro,ap_target_other,0.19477865204816058,0.13102627467537434,0.2660264188605598,51,96,51,96,,5000,5000,1.0,3021694564,20260901
s_cosine,per_class,all,4,bottle,micro,target_mean,0.07582685369684844,0.013336800852260801,0.1396177251217903,87,96,87,96,,5000,5000,1.0,3021694564,20260901
s_cosine,per_class,all,4,bottle,micro,other_fg_mean,0.02073693574169679,-0.04237763961114231,0.08490386306745525,60,96,60,96,,5000,5000,1.0,3021694564,20260901
s_cosine,per_class,all,4,bottle,micro,bg_mean,-0.06866273834130023,-0.11251411369209724,-0.024937309742185092,93,96,93,96,,5000,5000,1.0,3021694564,20260901
s_cosine,per_class,all,4,bottle,micro,target_median,0.1007385610163897,0.02930345258123786,0.17283371490055455,87,96,87,96,,5000,5000,1.0,3021694564,20260901
s_cosine,per_class,all,4,bottle,micro,other_fg_median,0.04033607474605863,-0.04081462770678181,0.1218621573797579,60,96,60,96,,5000,5000,1.0,3021694564,20260901
s_cosine,per_class,all,4,bottle,micro,bg_median,-0.06273096850140632,-0.11588921410428656,-0.008991743902629894,93,96,93,96,,5000,5000,1.0,3021694564,20260901
s_cosine,per_class,all,4,bottle,micro,spatial_mass_target,0.17664918386435602,0.12952640698810378,0.22717088787527842,96,96,96,96,,5000,5000,1.0,3021694564,20260901
s_cosine,per_class,all,4,bottle,micro,spatial_mass_other_fg,0.28193528226499137,0.2268660580739379,0.34038276464319395,96,96,96,96,,5000,5000,1.0,3021694564,20260901
s_cosine,per_class,all,4,bottle,micro,spatial_mass_background,0.495685585027483,0.4432106606948461,0.546369275949352,96,96,96,96,,5000,5000,1.0,3021694564,20260901
s_cosine,per_class,all,5,bus,micro,target_hit,0.36486486486486486,0.25675675675675674,0.47297297297297297,74,74,74,74,,5000,5000,1.0,3021694564,20260901
s_cosine,per_class,all,5,bus,micro,other_fg_hit,0.04054054054054054,0.0,0.0945945945945946,74,74,74,74,,5000,5000,1.0,3021694564,20260901
s_cosine,per_class,all,5,bus,micro,background_hit,0.5945945945945946,0.4864864864864865,0.7027027027027027,74,74,74,74,,5000,5000,1.0,3021694564,20260901
s_cosine,per_class,all,5,bus,micro,target_top05_fraction,0.3161135476213712,0.2451084865229602,0.38950403995745386,74,74,74,74,,5000,5000,1.0,3021694564,20260901
s_cosine,per_class,all,5,bus,micro,other_fg_top05_fraction,0.028762831109915035,0.008699632071342597,0.05569040748539324,74,74,74,74,,5000,5000,1.0,3021694564,20260901
s_cosine,per_class,all,5,bus,micro,bg_top05_fraction,0.6544215021455418,0.582921099271117,0.7251399210787542,74,74,74,74,,5000,5000,1.0,3021694564,20260901
s_cosine,per_class,all,5,bus,micro,target_tail_enrich_05,0.6340151100931568,0.4666806777366866,0.8339145918375668,73,74,73,74,,5000,5000,1.0,3021694564,20260901
s_cosine,per_class,all,5,bus,micro,other_fg_tail_enrich_05,0.7407958242179746,0.3389402691166924,1.2258200465143994,34,74,34,74,,5000,5000,1.0,3021694564,20260901
s_cosine,per_class,all,5,bus,micro,bg_tail_enrich_05,1.5482390965250565,1.3345628238607898,1.8088526559625089,74,74,74,74,,5000,5000,1.0,3021694564,20260901
s_cosine,per_class,all,5,bus,micro,target_top10_fraction,0.3168119149919571,0.24860189797928375,0.3864199068309616,74,74,74,74,,5000,5000,1.0,3021694564,20260901
s_cosine,per_class,all,5,bus,micro,other_fg_top10_fraction,0.024384490864045035,0.00899063918818767,0.04453929807641071,74,74,74,74,,5000,5000,1.0,3021694564,20260901
s_cosine,per_class,all,5,bus,micro,bg_top10_fraction,0.6582792844091617,0.5900107319696402,0.7260754872117569,74,74,74,74,,5000,5000,1.0,3021694564,20260901
s_cosine,per_class,all,5,bus,micro,target_tail_enrich_10,0.6777254371879665,0.49246043812070023,0.9055518076195856,73,74,73,74,,5000,5000,1.0,3021694564,20260901
s_cosine,per_class,all,5,bus,micro,other_fg_tail_enrich_10,0.5539582146210298,0.2995480642786803,0.8467317486636446,34,74,34,74,,5000,5000,1.0,3021694564,20260901
s_cosine,per_class,all,5,bus,micro,bg_tail_enrich_10,1.603693829325888,1.3988007288602748,1.8400212954518411,74,74,74,74,,5000,5000,1.0,3021694564,20260901
s_cosine,per_class,all,5,bus,micro,target_top20_fraction,0.33395635848755695,0.2691584090216324,0.3999524034305768,74,74,74,74,,5000,5000,1.0,3021694564,20260901
s_cosine,per_class,all,5,bus,micro,other_fg_top20_fraction,0.022941623905303143,0.009690029967823633,0.039113684524555,74,74,74,74,,5000,5000,1.0,3021694564,20260901
s_cosine,per_class,all,5,bus,micro,bg_top20_fraction,0.6417986637274932,0.5764593617727763,0.7061631315077962,74,74,74,74,,5000,5000,1.0,3021694564,20260901
s_cosine,per_class,all,5,bus,micro,target_tail_enrich_20,0.7534540601048507,0.5802246147070718,0.9660801573659475,73,74,73,74,,5000,5000,1.0,3021694564,20260901
s_cosine,per_class,all,5,bus,micro,other_fg_tail_enrich_20,0.5212629203105502,0.3246522059971136,0.7314599952213617,34,74,34,74,,5000,5000,1.0,3021694564,20260901
s_cosine,per_class,all,5,bus,micro,bg_tail_enrich_20,1.473335274706578,1.3411310786708606,1.615049596141213,74,74,74,74,,5000,5000,1.0,3021694564,20260901
s_cosine,per_class,all,5,bus,micro,auc_target_bg,0.37122811195178584,0.3317855105418066,0.41337008031896383,73,74,73,74,,5000,5000,1.0,3021694564,20260901
s_cosine,per_class,all,5,bus,micro,ap_target_bg,0.44707971472036007,0.3865731423092533,0.5056664617725208,73,74,73,74,,5000,5000,1.0,3021694564,20260901
s_cosine,per_class,all,5,bus,micro,auc_target_other,0.676784193944238,0.6016440906496686,0.7502089195935263,33,74,33,74,,5000,5000,1.0,3021694564,20260901
s_cosine,per_class,all,5,bus,micro,ap_target_other,0.8211902158258939,0.7198834047634273,0.905726982522069,33,74,33,74,,5000,5000,1.0,3021694564,20260901
s_cosine,per_class,all,5,bus,micro,target_mean,0.10632632140432813,0.05806901948565796,0.15501602261765704,73,74,73,74,,5000,5000,1.0,3021694564,20260901
s_cosine,per_class,all,5,bus,micro,other_fg_mean,-0.11429583163273256,-0.19709829555253638,-0.03609814900147018,34,74,34,74,,5000,5000,1.0,3021694564,20260901
s_cosine,per_class,all,5,bus,micro,bg_mean,0.21603515380446423,0.1697415842190263,0.2610597155440971,74,74,74,74,,5000,5000,1.0,3021694564,20260901
s_cosine,per_class,all,5,bus,micro,target_median,0.16274197130425744,0.11277430155205694,0.2115023786209939,73,74,73,74,,5000,5000,1.0,3021694564,20260901
s_cosine,per_class,all,5,bus,micro,other_fg_median,-0.14082596379140502,-0.22117230851933808,-0.06103210990424148,34,74,34,74,,5000,5000,1.0,3021694564,20260901
s_cosine,per_class,all,5,bus,micro,bg_median,0.2621373580957486,0.2083499023648344,0.31339472171494964,74,74,74,74,,5000,5000,1.0,3021694564,20260901
s_cosine,per_class,all,5,bus,micro,spatial_mass_target,0.45285065884299175,0.39355749227216696,0.5114414609482549,74,74,74,74,,5000,5000,1.0,3021694564,20260901
s_cosine,per_class,all,5,bus,micro,spatial_mass_other_fg,0.02590468803631469,0.01363840749000775,0.03982511360620657,74,74,74,74,,5000,5000,1.0,3021694564,20260901
s_cosine,per_class,all,5,bus,micro,spatial_mass_background,0.5093677540536266,0.45270749903787433,0.566381626686937,74,74,74,74,,5000,5000,1.0,3021694564,20260901
s_cosine,per_class,all,6,car,micro,target_hit,0.1889763779527559,0.12598425196850394,0.25984251968503935,127,127,127,127,,5000,5000,1.0,3021694564,20260901
s_cosine,per_class,all,6,car,micro,other_fg_hit,0.2204724409448819,0.14960629921259844,0.29133858267716534,127,127,127,127,,5000,5000,1.0,3021694564,20260901
s_cosine,per_class,all,6,car,micro,background_hit,0.5826771653543307,0.49606299212598426,0.6692913385826772,127,127,127,127,,5000,5000,1.0,3021694564,20260901
s_cosine,per_class,all,6,car,micro,target_top05_fraction,0.19394101633869068,0.14099791345823864,0.2511870659557972,127,127,127,127,,5000,5000,1.0,3021694564,20260901
s_cosine,per_class,all,6,car,micro,other_fg_top05_fraction,0.18769886220886928,0.13651177582711133,0.2419160772816827,127,127,127,127,,5000,5000,1.0,3021694564,20260901
s_cosine,per_class,all,6,car,micro,bg_top05_fraction,0.6177541622783086,0.5534049137702147,0.6793065166651714,127,127,127,127,,5000,5000,1.0,3021694564,20260901
s_cosine,per_class,all,6,car,micro,target_tail_enrich_05,0.8997254506028325,0.5936187326938741,1.2943351488701091,113,127,113,127,,5000,5000,1.0,3021694564,20260901
s_cosine,per_class,all,6,car,micro,other_fg_tail_enrich_05,0.9405312891944393,0.669460864106225,1.2576607741032126,79,127,79,127,,5000,5000,1.0,3021694564,20260901
s_cosine,per_class,all,6,car,micro,bg_tail_enrich_05,1.1289835400871715,1.0057560077798158,1.2608345907240546,127,127,127,127,,5000,5000,1.0,3021694564,20260901
s_cosine,per_class,all,6,car,micro,target_top10_fraction,0.20816331383962988,0.15459532463331743,0.2682400690242432,127,127,127,127,,5000,5000,1.0,3021694564,20260901
s_cosine,per_class,all,6,car,micro,other_fg_top10_fraction,0.1856507017389421,0.13607696972959565,0.2378416198420569,127,127,127,127,,5000,5000,1.0,3021694564,20260901
s_cosine,per_class,all,6,car,micro,bg_top10_fraction,0.6054739956909527,0.5413477137401371,0.6659311687493426,127,127,127,127,,5000,5000,1.0,3021694564,20260901
s_cosine,per_class,all,6,car,micro,target_tail_enrich_10,0.7608387373004879,0.5727947163299107,0.9768067612118765,113,127,113,127,,5000,5000,1.0,3021694564,20260901
s_cosine,per_class,all,6,car,micro,other_fg_tail_enrich_10,0.9180399101360192,0.6794880106254275,1.2095917658800102,79,127,79,127,,5000,5000,1.0,3021694564,20260901
s_cosine,per_class,all,6,car,micro,bg_tail_enrich_10,1.065819059418177,0.959611561674085,1.1719370617761689,127,127,127,127,,5000,5000,1.0,3021694564,20260901
s_cosine,per_class,all,6,car,micro,target_top20_fraction,0.22375630760071802,0.16896204701968023,0.28479303667738465,127,127,127,127,,5000,5000,1.0,3021694564,20260901
s_cosine,per_class,all,6,car,micro,other_fg_top20_fraction,0.18012834595367172,0.13379045445700588,0.229284785923612,127,127,127,127,,5000,5000,1.0,3021694564,20260901
s_cosine,per_class,all,6,car,micro,bg_top20_fraction,0.5951500805723837,0.5350284959024678,0.6537558424816527,127,127,127,127,,5000,5000,1.0,3021694564,20260901
s_cosine,per_class,all,6,car,micro,target_tail_enrich_20,0.7628966973680513,0.6137359385878005,0.9256747679494297,113,127,113,127,,5000,5000,1.0,3021694564,20260901
s_cosine,per_class,all,6,car,micro,other_fg_tail_enrich_20,0.844338791769823,0.6690835305965267,1.0399622641614317,79,127,79,127,,5000,5000,1.0,3021694564,20260901
s_cosine,per_class,all,6,car,micro,bg_tail_enrich_20,1.0169444985808167,0.9311816200024785,1.1033789034207737,127,127,127,127,,5000,5000,1.0,3021694564,20260901
s_cosine,per_class,all,6,car,micro,auc_target_bg,0.4447109554957641,0.4033758404624089,0.4846496755303619,113,127,113,127,,5000,5000,1.0,3021694564,20260901
s_cosine,per_class,all,6,car,micro,ap_target_bg,0.3068690598394813,0.25074353261687654,0.36568781939804557,113,127,113,127,,5000,5000,1.0,3021694564,20260901
s_cosine,per_class,all,6,car,micro,auc_target_other,0.47206153690354224,0.4073261603427368,0.5372746974377631,66,127,66,127,,5000,5000,1.0,3021694564,20260901
s_cosine,per_class,all,6,car,micro,ap_target_other,0.37589721187385833,0.2897775219868883,0.4645724295632752,66,127,66,127,,5000,5000,1.0,3021694564,20260901
s_cosine,per_class,all,6,car,micro,target_mean,0.16879397500474105,0.13775076578936868,0.20033311538516502,113,127,113,127,,5000,5000,1.0,3021694564,20260901
s_cosine,per_class,all,6,car,micro,other_fg_mean,0.1022584879017968,0.046498498655429044,0.15797248482491608,79,127,79,127,,5000,5000,1.0,3021694564,20260901
s_cosine,per_class,all,6,car,micro,bg_mean,0.1851316014932439,0.14826804613286657,0.21960614569777206,127,127,127,127,,5000,5000,1.0,3021694564,20260901
s_cosine,per_class,all,6,car,micro,target_median,0.22585783030351508,0.1882377441868607,0.2644398797563266,113,127,113,127,,5000,5000,1.0,3021694564,20260901
s_cosine,per_class,all,6,car,micro,other_fg_median,0.1294688823503218,0.062369453463195876,0.19597232149985047,79,127,79,127,,5000,5000,1.0,3021694564,20260901
s_cosine,per_class,all,6,car,micro,bg_median,0.23317159656215253,0.19075507844113523,0.27373896813658094,127,127,127,127,,5000,5000,1.0,3021694564,20260901
s_cosine,per_class,all,6,car,micro,spatial_mass_target,0.22556415699719357,0.17744032345977098,0.2769706650510821,127,127,127,127,,5000,5000,1.0,3021694564,20260901
s_cosine,per_class,all,6,car,micro,spatial_mass_other_fg,0.17929152250711577,0.13821875660979982,0.22097743057653188,127,127,127,127,,5000,5000,1.0,3021694564,20260901
s_cosine,per_class,all,6,car,micro,spatial_mass_background,0.568054454386469,0.5231290172521523,0.6146495030789569,127,127,127,127,,5000,5000,1.0,3021694564,20260901
s_cosine,per_class,all,7,cat,micro,target_hit,0.6386554621848739,0.5462184873949579,0.7226890756302521,119,119,119,119,,5000,5000,1.0,3021694564,20260901
s_cosine,per_class,all,7,cat,micro,other_fg_hit,0.06722689075630252,0.025210084033613446,0.11764705882352941,119,119,119,119,,5000,5000,1.0,3021694564,20260901
s_cosine,per_class,all,7,cat,micro,background_hit,0.29411764705882354,0.21008403361344538,0.37815126050420167,119,119,119,119,,5000,5000,1.0,3021694564,20260901
s_cosine,per_class,all,7,cat,micro,target_top05_fraction,0.6747298698822171,0.6124571767932153,0.7350844475253656,119,119,119,119,,5000,5000,1.0,3021694564,20260901
s_cosine,per_class,all,7,cat,micro,other_fg_top05_fraction,0.05783081689451204,0.030035636486078116,0.08853512666080958,119,119,119,119,,5000,5000,1.0,3021694564,20260901
s_cosine,per_class,all,7,cat,micro,bg_top05_fraction,0.2669666241476408,0.21603416660313915,0.32204424525148073,119,119,119,119,,5000,5000,1.0,3021694564,20260901
s_cosine,per_class,all,7,cat,micro,target_tail_enrich_05,2.027037307284013,1.7612528226425896,2.3130473773437394,119,119,119,119,,5000,5000,1.0,3021694564,20260901
s_cosine,per_class,all,7,cat,micro,other_fg_tail_enrich_05,0.5940585397387093,0.35562153404874863,0.8666693645279746,30,119,30,119,,5000,5000,1.0,3021694564,20260901
s_cosine,per_class,all,7,cat,micro,bg_tail_enrich_05,0.48355359333308817,0.39465340153750167,0.5777683440130166,113,119,113,119,,5000,5000,1.0,3021694564,20260901
s_cosine,per_class,all,7,cat,micro,target_top10_fraction,0.6863029741710812,0.6277861274676179,0.7435112266538176,119,119,119,119,,5000,5000,1.0,3021694564,20260901
s_cosine,per_class,all,7,cat,micro,other_fg_top10_fraction,0.05392800419335355,0.029513496676628163,0.08134822435185549,119,119,119,119,,5000,5000,1.0,3021694564,20260901
s_cosine,per_class,all,7,cat,micro,bg_top10_fraction,0.25899259959910453,0.21089216320298468,0.31055801593511395,119,119,119,119,,5000,5000,1.0,3021694564,20260901
s_cosine,per_class,all,7,cat,micro,target_tail_enrich_10,1.991640055435023,1.7803562518486025,2.2066183775935166,119,119,119,119,,5000,5000,1.0,3021694564,20260901
s_cosine,per_class,all,7,cat,micro,other_fg_tail_enrich_10,0.5669132096532609,0.34584480078273966,0.836610973952548,30,119,30,119,,5000,5000,1.0,3021694564,20260901
s_cosine,per_class,all,7,cat,micro,bg_tail_enrich_10,0.4585693442206633,0.38127057349264276,0.5408421956829846,113,119,113,119,,5000,5000,1.0,3021694564,20260901
s_cosine,per_class,all,7,cat,micro,target_top20_fraction,0.6794114451988892,0.6226227793347107,0.732559956805879,119,119,119,119,,5000,5000,1.0,3021694564,20260901
s_cosine,per_class,all,7,cat,micro,other_fg_top20_fraction,0.054100043257756955,0.030707917362971484,0.08067372592721543,119,119,119,119,,5000,5000,1.0,3021694564,20260901
s_cosine,per_class,all,7,cat,micro,bg_top20_fraction,0.2658239353363417,0.21981858986225303,0.3140726158044582,119,119,119,119,,5000,5000,1.0,3021694564,20260901
s_cosine,per_class,all,7,cat,micro,target_tail_enrich_20,1.919914919654926,1.7665144658075829,2.075553757167924,119,119,119,119,,5000,5000,1.0,3021694564,20260901
s_cosine,per_class,all,7,cat,micro,other_fg_tail_enrich_20,0.5577620926827872,0.38874660575207765,0.7484197995150634,30,119,30,119,,5000,5000,1.0,3021694564,20260901
s_cosine,per_class,all,7,cat,micro,bg_tail_enrich_20,0.462569929001325,0.39357726242268976,0.5334768391900198,113,119,113,119,,5000,5000,1.0,3021694564,20260901
s_cosine,per_class,all,7,cat,micro,auc_target_bg,0.7912546817341517,0.7624191924483373,0.8179308950343948,113,119,113,119,,5000,5000,1.0,3021694564,20260901
s_cosine,per_class,all,7,cat,micro,ap_target_bg,0.6784647010340165,0.6276108307973908,0.7272544925552605,113,119,113,119,,5000,5000,1.0,3021694564,20260901
s_cosine,per_class,all,7,cat,micro,auc_target_other,0.7713654973549448,0.6975105289202638,0.8335097470493886,30,119,30,119,,5000,5000,1.0,3021694564,20260901
s_cosine,per_class,all,7,cat,micro,ap_target_other,0.5967854549255901,0.48319744052386376,0.7105600990562241,30,119,30,119,,5000,5000,1.0,3021694564,20260901
s_cosine,per_class,all,7,cat,micro,target_mean,0.49013885410551505,0.452132957653808,0.5246808785043374,119,119,119,119,,5000,5000,1.0,3021694564,20260901
s_cosine,per_class,all,7,cat,micro,other_fg_mean,-0.05540684604119058,-0.15303278301047546,0.03539060360389474,30,119,30,119,,5000,5000,1.0,3021694564,20260901
s_cosine,per_class,all,7,cat,micro,bg_mean,-0.06952856521249855,-0.11723184441746956,-0.022704648545840398,113,119,113,119,,5000,5000,1.0,3021694564,20260901
s_cosine,per_class,all,7,cat,micro,target_median,0.6067879280122388,0.5642799090813189,0.6461061691239226,119,119,119,119,,5000,5000,1.0,3021694564,20260901
s_cosine,per_class,all,7,cat,micro,other_fg_median,-0.06477324885005752,-0.17920681175359443,0.043646003598890225,30,119,30,119,,5000,5000,1.0,3021694564,20260901
s_cosine,per_class,all,7,cat,micro,bg_median,-0.05568650969127976,-0.11882208487235824,0.005802330278910649,113,119,113,119,,5000,5000,1.0,3021694564,20260901
s_cosine,per_class,all,7,cat,micro,spatial_mass_target,0.4798775587559623,0.4333780049960747,0.5257451651281356,119,119,119,119,,5000,5000,1.0,3021694564,20260901
s_cosine,per_class,all,7,cat,micro,spatial_mass_other_fg,0.07600714306214026,0.04760300770104557,0.10699209692347951,119,119,119,119,,5000,5000,1.0,3021694564,20260901
s_cosine,per_class,all,7,cat,micro,spatial_mass_background,0.405658767288629,0.36191450326102825,0.45107365103542196,119,119,119,119,,5000,5000,1.0,3021694564,20260901
s_cosine,per_class,all,8,chair,micro,target_hit,0.13008130081300814,0.07317073170731707,0.1951219512195122,123,123,123,123,,5000,5000,1.0,3021694564,20260901
s_cosine,per_class,all,8,chair,micro,other_fg_hit,0.3089430894308943,0.22764227642276422,0.3902439024390244,123,123,123,123,,5000,5000,1.0,3021694564,20260901
s_cosine,per_class,all,8,chair,micro,background_hit,0.5365853658536586,0.44715447154471544,0.6260162601626016,123,123,123,123,,5000,5000,1.0,3021694564,20260901
s_cosine,per_class,all,8,chair,micro,target_top05_fraction,0.12149386837662088,0.08597821510373065,0.15985338330857324,123,123,123,123,,5000,5000,1.0,3021694564,20260901
s_cosine,per_class,all,8,chair,micro,other_fg_top05_fraction,0.2930029682148726,0.2410546938856588,0.34867000011935073,123,123,123,123,,5000,5000,1.0,3021694564,20260901
s_cosine,per_class,all,8,chair,micro,bg_top05_fraction,0.5832828762074748,0.5270731672689895,0.6396436294545589,123,123,123,123,,5000,5000,1.0,3021694564,20260901
s_cosine,per_class,all,8,chair,micro,target_tail_enrich_05,1.4103403709250213,0.9733351424659208,1.906690930952847,112,123,112,123,,5000,5000,1.0,3021694564,20260901
s_cosine,per_class,all,8,chair,micro,other_fg_tail_enrich_05,1.426873327035929,1.1099996667199463,1.793737718470609,107,123,107,123,,5000,5000,1.0,3021694564,20260901
s_cosine,per_class,all,8,chair,micro,bg_tail_enrich_05,0.9899931040878884,0.8855923356822831,1.0980501855894558,122,123,122,123,,5000,5000,1.0,3021694564,20260901
s_cosine,per_class,all,8,chair,micro,target_top10_fraction,0.11297083879283415,0.0815215156017925,0.14693469720304342,123,123,123,123,,5000,5000,1.0,3021694564,20260901
s_cosine,per_class,all,8,chair,micro,other_fg_top10_fraction,0.28223044482757204,0.23445570329915588,0.33300624560632286,123,123,123,123,,5000,5000,1.0,3021694564,20260901
s_cosine,per_class,all,8,chair,micro,bg_top10_fraction,0.6026250763385183,0.5496114682501563,0.655391317831068,123,123,123,123,,5000,5000,1.0,3021694564,20260901
s_cosine,per_class,all,8,chair,micro,target_tail_enrich_10,1.2198431983175095,0.894166665869936,1.5839001781811273,112,123,112,123,,5000,5000,1.0,3021694564,20260901
s_cosine,per_class,all,8,chair,micro,other_fg_tail_enrich_10,1.2904243516146863,1.0349882861806927,1.585376253267167,107,123,107,123,,5000,5000,1.0,3021694564,20260901
s_cosine,per_class,all,8,chair,micro,bg_tail_enrich_10,1.0395114442434417,0.9288055668681857,1.1571931898315744,122,123,122,123,,5000,5000,1.0,3021694564,20260901
s_cosine,per_class,all,8,chair,micro,target_top20_fraction,0.1103040745614306,0.08057547417495489,0.14330404680713438,123,123,123,123,,5000,5000,1.0,3021694564,20260901
s_cosine,per_class,all,8,chair,micro,other_fg_top20_fraction,0.27560883607755865,0.23033732465996418,0.3228489037509939,123,123,123,123,,5000,5000,1.0,3021694564,20260901
s_cosine,per_class,all,8,chair,micro,bg_top20_fraction,0.6124566639701338,0.5633529164712128,0.6616809466096958,123,123,123,123,,5000,5000,1.0,3021694564,20260901
s_cosine,per_class,all,8,chair,micro,target_tail_enrich_20,1.033178427313403,0.8314232801131951,1.2479197641626683,112,123,112,123,,5000,5000,1.0,3021694564,20260901
s_cosine,per_class,all,8,chair,micro,other_fg_tail_enrich_20,1.1706316770505942,1.0007858976441841,1.362898476007943,107,123,107,123,,5000,5000,1.0,3021694564,20260901
s_cosine,per_class,all,8,chair,micro,bg_tail_enrich_20,1.040976844728348,0.9473384030826173,1.1440083825263427,122,123,122,123,,5000,5000,1.0,3021694564,20260901
s_cosine,per_class,all,8,chair,micro,auc_target_bg,0.45597099698305155,0.41443687814736857,0.4983251790657409,111,123,111,123,,5000,5000,1.0,3021694564,20260901
s_cosine,per_class,all,8,chair,micro,ap_target_bg,0.1925174839121035,0.1551935862447794,0.23347245873655068,111,123,111,123,,5000,5000,1.0,3021694564,20260901
s_cosine,per_class,all,8,chair,micro,auc_target_other,0.45552918730080255,0.4022847488213413,0.507768172083325,96,123,96,123,,5000,5000,1.0,3021694564,20260901
s_cosine,per_class,all,8,chair,micro,ap_target_other,0.33132110760697914,0.2774759264586368,0.38688189895855973,96,123,96,123,,5000,5000,1.0,3021694564,20260901
s_cosine,per_class,all,8,chair,micro,target_mean,-0.02461587616721086,-0.0700649937392396,0.02251761674660482,112,123,112,123,,5000,5000,1.0,3021694564,20260901
s_cosine,per_class,all,8,chair,micro,other_fg_mean,-0.0004826750391493654,-0.04967491308887398,0.04863981264825792,107,123,107,123,,5000,5000,1.0,3021694564,20260901
s_cosine,per_class,all,8,chair,micro,bg_mean,-0.011699151505959786,-0.04051618598411673,0.016907968990287278,122,123,122,123,,5000,5000,1.0,3021694564,20260901
s_cosine,per_class,all,8,chair,micro,target_median,-0.021545298689488845,-0.07184518124533441,0.030482236676766205,112,123,112,123,,5000,5000,1.0,3021694564,20260901
s_cosine,per_class,all,8,chair,micro,other_fg_median,0.0035350975595745387,-0.05486898155846844,0.06129902675026515,107,123,107,123,,5000,5000,1.0,3021694564,20260901
s_cosine,per_class,all,8,chair,micro,bg_median,0.008813107802273065,-0.026332654183866773,0.04387874298143479,122,123,122,123,,5000,5000,1.0,3021694564,20260901
s_cosine,per_class,all,8,chair,micro,spatial_mass_target,0.10645002460890882,0.08334625959003579,0.13105284485251859,123,123,123,123,,5000,5000,1.0,3021694564,20260901
s_cosine,per_class,all,8,chair,micro,spatial_mass_other_fg,0.25075516947431536,0.21544136613062242,0.2862368709723866,123,123,123,123,,5000,5000,1.0,3021694564,20260901
s_cosine,per_class,all,8,chair,micro,spatial_mass_background,0.5847596455274559,0.5454327704884657,0.6232930280101614,123,123,123,123,,5000,5000,1.0,3021694564,20260901
s_cosine,per_class,all,9,cow,micro,target_hit,0.2676056338028169,0.16901408450704225,0.38028169014084506,71,71,71,71,,5000,5000,1.0,3021694564,20260901
s_cosine,per_class,all,9,cow,micro,other_fg_hit,0.04225352112676056,0.0,0.09859154929577464,71,71,71,71,,5000,5000,1.0,3021694564,20260901
s_cosine,per_class,all,9,cow,micro,background_hit,0.6901408450704225,0.5774647887323944,0.7887323943661971,71,71,71,71,,5000,5000,1.0,3021694564,20260901
s_cosine,per_class,all,9,cow,micro,target_top05_fraction,0.20755312886957242,0.13939067325391072,0.2798523630348947,71,71,71,71,,5000,5000,1.0,3021694564,20260901
s_cosine,per_class,all,9,cow,micro,other_fg_top05_fraction,0.04135010906911662,0.008106432114956949,0.08519034545448446,71,71,71,71,,5000,5000,1.0,3021694564,20260901
s_cosine,per_class,all,9,cow,micro,bg_top05_fraction,0.7510967620613114,0.6744459674742183,0.8255032261585592,71,71,71,71,,5000,5000,1.0,3021694564,20260901
s_cosine,per_class,all,9,cow,micro,target_tail_enrich_05,0.398795560604761,0.2850976232263674,0.5211917164572611,71,71,71,71,,5000,5000,1.0,3021694564,20260901
s_cosine,per_class,all,9,cow,micro,other_fg_tail_enrich_05,1.090020570840126,0.2765373853667376,2.2528074603869452,14,71,14,71,,5000,5000,1.0,3021694564,20260901
s_cosine,per_class,all,9,cow,micro,bg_tail_enrich_05,1.2818019415332191,1.148997586588779,1.4245329430340374,71,71,71,71,,5000,5000,1.0,3021694564,20260901
s_cosine,per_class,all,9,cow,micro,target_top10_fraction,0.2193499728109373,0.14981160032285432,0.2928735380382759,71,71,71,71,,5000,5000,1.0,3021694564,20260901
s_cosine,per_class,all,9,cow,micro,other_fg_top10_fraction,0.03666484248374648,0.009127791963410941,0.07204356102538279,71,71,71,71,,5000,5000,1.0,3021694564,20260901
s_cosine,per_class,all,9,cow,micro,bg_top10_fraction,0.7438046141022104,0.6696752498425333,0.8162659440266007,71,71,71,71,,5000,5000,1.0,3021694564,20260901
s_cosine,per_class,all,9,cow,micro,target_tail_enrich_10,0.4327835963394469,0.31491229748417926,0.5603681774069015,71,71,71,71,,5000,5000,1.0,3021694564,20260901
s_cosine,per_class,all,9,cow,micro,other_fg_tail_enrich_10,0.934573190902478,0.30070382916817806,1.8160455677745944,14,71,14,71,,5000,5000,1.0,3021694564,20260901
s_cosine,per_class,all,9,cow,micro,bg_tail_enrich_10,1.247093892992732,1.1350504193098654,1.367197777750214,71,71,71,71,,5000,5000,1.0,3021694564,20260901
s_cosine,per_class,all,9,cow,micro,target_top20_fraction,0.22693730263077733,0.1580756423350928,0.29885073331001133,71,71,71,71,,5000,5000,1.0,3021694564,20260901
s_cosine,per_class,all,9,cow,micro,other_fg_top20_fraction,0.033213731488541426,0.01103451932867336,0.06050595268168308,71,71,71,71,,5000,5000,1.0,3021694564,20260901
s_cosine,per_class,all,9,cow,micro,bg_top20_fraction,0.7397580980933119,0.668188775761083,0.8090534165405202,71,71,71,71,,5000,5000,1.0,3021694564,20260901
s_cosine,per_class,all,9,cow,micro,target_tail_enrich_20,0.4480652975680808,0.3384236434923984,0.5636905398298312,71,71,71,71,,5000,5000,1.0,3021694564,20260901
s_cosine,per_class,all,9,cow,micro,other_fg_tail_enrich_20,0.796987023484289,0.36162179797278937,1.320933293123004,14,71,14,71,,5000,5000,1.0,3021694564,20260901
s_cosine,per_class,all,9,cow,micro,bg_tail_enrich_20,1.2223055717491464,1.1272067658275329,1.3222054092001225,71,71,71,71,,5000,5000,1.0,3021694564,20260901
s_cosine,per_class,all,9,cow,micro,auc_target_bg,0.3318257189189021,0.28418654083210954,0.38098181367421735,71,71,71,71,,5000,5000,1.0,3021694564,20260901
s_cosine,per_class,all,9,cow,micro,ap_target_bg,0.31599506965997076,0.25325197367570007,0.38203323480394535,71,71,71,71,,5000,5000,1.0,3021694564,20260901
s_cosine,per_class,all,9,cow,micro,auc_target_other,0.4378204276770533,0.28103723483620585,0.6062753266106321,14,71,14,71,,5000,5000,1.0,3021694564,20260901
s_cosine,per_class,all,9,cow,micro,ap_target_other,0.494833517355851,0.3356285372605441,0.66770050469679,14,71,14,71,,5000,5000,1.0,3021694564,20260901
s_cosine,per_class,all,9,cow,micro,target_mean,-0.506044650654032,-0.5386668692029929,-0.4733920290508145,71,71,71,71,,5000,5000,1.0,3021694564,20260901
s_cosine,per_class,all,9,cow,micro,other_fg_mean,-0.3340573438691769,-0.49170529344896563,-0.18338697080663793,14,71,14,71,,5000,5000,1.0,3021694564,20260901
s_cosine,per_class,all,9,cow,micro,bg_mean,-0.28165613399486317,-0.3417829421387837,-0.2201992453295314,71,71,71,71,,5000,5000,1.0,3021694564,20260901
s_cosine,per_class,all,9,cow,micro,target_median,-0.5266610085964203,-0.5577688238203106,-0.49546079283029265,71,71,71,71,,5000,5000,1.0,3021694564,20260901
s_cosine,per_class,all,9,cow,micro,other_fg_median,-0.3496027396260096,-0.5088833633000666,-0.19340191811543755,14,71,14,71,,5000,5000,1.0,3021694564,20260901
s_cosine,per_class,all,9,cow,micro,bg_median,-0.2758214331058208,-0.3437690677714836,-0.20578913957829112,71,71,71,71,,5000,5000,1.0,3021694564,20260901
s_cosine,per_class,all,9,cow,micro,spatial_mass_target,0.3039816409664255,0.2466318306549203,0.36205214538421265,71,71,71,71,,5000,5000,1.0,3021694564,20260901
s_cosine,per_class,all,9,cow,micro,spatial_mass_other_fg,0.035909370571689705,0.015969661465832886,0.05833399847746682,71,71,71,71,,5000,5000,1.0,3021694564,20260901
s_cosine,per_class,all,9,cow,micro,spatial_mass_background,0.6327878025976915,0.568588915893572,0.6937010384991136,71,71,71,71,,5000,5000,1.0,3021694564,20260901
s_cosine,per_class,all,10,diningtable,micro,target_hit,0.38666666666666666,0.28,0.49333333333333335,75,75,75,75,,5000,5000,1.0,3021694564,20260901
s_cosine,per_class,all,10,diningtable,micro,other_fg_hit,0.37333333333333335,0.26666666666666666,0.48,75,75,75,75,,5000,5000,1.0,3021694564,20260901
s_cosine,per_class,all,10,diningtable,micro,background_hit,0.24,0.14666666666666667,0.3333333333333333,75,75,75,75,,5000,5000,1.0,3021694564,20260901
s_cosine,per_class,all,10,diningtable,micro,target_top05_fraction,0.28893720056413547,0.22200097943515126,0.3596752036068598,75,75,75,75,,5000,5000,1.0,3021694564,20260901
s_cosine,per_class,all,10,diningtable,micro,other_fg_top05_fraction,0.3263064677344863,0.2574263384781574,0.40019374231512395,75,75,75,75,,5000,5000,1.0,3021694564,20260901
s_cosine,per_class,all,10,diningtable,micro,bg_top05_fraction,0.38405457731541315,0.31628805832762885,0.45074454472442077,75,75,75,75,,5000,5000,1.0,3021694564,20260901
s_cosine,per_class,all,10,diningtable,micro,target_tail_enrich_05,1.6349173634604353,1.2043528581769438,2.166518637588199,73,75,73,75,,5000,5000,1.0,3021694564,20260901
s_cosine,per_class,all,10,diningtable,micro,other_fg_tail_enrich_05,1.249792218423639,1.0016331281437982,1.5131957427037597,70,75,70,75,,5000,5000,1.0,3021694564,20260901
s_cosine,per_class,all,10,diningtable,micro,bg_tail_enrich_05,0.8205225258169837,0.6612509678574884,0.9969214085659371,73,75,73,75,,5000,5000,1.0,3021694564,20260901
s_cosine,per_class,all,10,diningtable,micro,target_top10_fraction,0.28863645587833997,0.22423179336434565,0.3567817003020506,75,75,75,75,,5000,5000,1.0,3021694564,20260901
s_cosine,per_class,all,10,diningtable,micro,other_fg_top10_fraction,0.30747141455412513,0.2429552868551173,0.37506458284672395,75,75,75,75,,5000,5000,1.0,3021694564,20260901
s_cosine,per_class,all,10,diningtable,micro,bg_top10_fraction,0.4033703122036123,0.3367562922552049,0.4680187360945156,75,75,75,75,,5000,5000,1.0,3021694564,20260901
s_cosine,per_class,all,10,diningtable,micro,target_tail_enrich_10,1.5013042449080936,1.181603990840374,1.8642173396222304,73,75,73,75,,5000,5000,1.0,3021694564,20260901
s_cosine,per_class,all,10,diningtable,micro,other_fg_tail_enrich_10,1.1293240139626077,0.9172042283704345,1.3661227966415939,70,75,70,75,,5000,5000,1.0,3021694564,20260901
s_cosine,per_class,all,10,diningtable,micro,bg_tail_enrich_10,0.8631854829484445,0.7162781136138802,1.0241410743082087,73,75,73,75,,5000,5000,1.0,3021694564,20260901
s_cosine,per_class,all,10,diningtable,micro,target_top20_fraction,0.28315370651300126,0.2223343617040423,0.3487629781274163,75,75,75,75,,5000,5000,1.0,3021694564,20260901
s_cosine,per_class,all,10,diningtable,micro,other_fg_top20_fraction,0.29245630787222143,0.23417291588386846,0.35525060106778455,75,75,75,75,,5000,5000,1.0,3021694564,20260901
s_cosine,per_class,all,10,diningtable,micro,bg_top20_fraction,0.4238652411226054,0.3604014413447678,0.48566353151685776,75,75,75,75,,5000,5000,1.0,3021694564,20260901
s_cosine,per_class,all,10,diningtable,micro,target_tail_enrich_20,1.4524086483996068,1.2150537009385227,1.7007122026078534,73,75,73,75,,5000,5000,1.0,3021694564,20260901
s_cosine,per_class,all,10,diningtable,micro,other_fg_tail_enrich_20,1.0447848284076744,0.8737823018265083,1.2249838184985473,70,75,70,75,,5000,5000,1.0,3021694564,20260901
s_cosine,per_class,all,10,diningtable,micro,bg_tail_enrich_20,0.9059553742289402,0.7779102046182467,1.0392882241357961,73,75,73,75,,5000,5000,1.0,3021694564,20260901
s_cosine,per_class,all,10,diningtable,micro,auc_target_bg,0.587064628877634,0.5453946234848057,0.6281343029900492,71,75,71,75,,5000,5000,1.0,3021694564,20260901
s_cosine,per_class,all,10,diningtable,micro,ap_target_bg,0.40017563637790243,0.3407393722037661,0.462111618261167,71,75,71,75,,5000,5000,1.0,3021694564,20260901
s_cosine,per_class,all,10,diningtable,micro,auc_target_other,0.5553173253096495,0.501451159098003,0.6112011634160476,68,75,68,75,,5000,5000,1.0,3021694564,20260901
s_cosine,per_class,all,10,diningtable,micro,ap_target_other,0.49019328842550547,0.42573002940733423,0.5545351519268437,68,75,68,75,,5000,5000,1.0,3021694564,20260901
s_cosine,per_class,all,10,diningtable,micro,target_mean,0.14250640522417704,0.09322358249880841,0.18777087485748856,73,75,73,75,,5000,5000,1.0,3021694564,20260901
s_cosine,per_class,all,10,diningtable,micro,other_fg_mean,0.10885854621529582,0.06420182429796269,0.15446936332533318,70,75,70,75,,5000,5000,1.0,3021694564,20260901
s_cosine,per_class,all,10,diningtable,micro,bg_mean,0.07553406067095295,0.037820063704878726,0.1121839318396831,73,75,73,75,,5000,5000,1.0,3021694564,20260901
s_cosine,per_class,all,10,diningtable,micro,target_median,0.17711052949195855,0.12264365775845704,0.2262743392293915,73,75,73,75,,5000,5000,1.0,3021694564,20260901
s_cosine,per_class,all,10,diningtable,micro,other_fg_median,0.12095904887121703,0.06731170342894288,0.17669346212721396,70,75,70,75,,5000,5000,1.0,3021694564,20260901
s_cosine,per_class,all,10,diningtable,micro,bg_median,0.10697761456775542,0.058519101176312836,0.1514465730836665,73,75,73,75,,5000,5000,1.0,3021694564,20260901
s_cosine,per_class,all,10,diningtable,micro,spatial_mass_target,0.22830209371944268,0.17984521754148106,0.28438856163310505,75,75,75,75,,5000,5000,1.0,3021694564,20260901
s_cosine,per_class,all,10,diningtable,micro,spatial_mass_other_fg,0.2875655446574092,0.24572082480539878,0.3319777602975567,75,75,75,75,,5000,5000,1.0,3021694564,20260901
s_cosine,per_class,all,10,diningtable,micro,spatial_mass_background,0.44233016346891724,0.39005169985567534,0.4929755109027028,75,75,75,75,,5000,5000,1.0,3021694564,20260901
s_cosine,per_class,all,11,dog,micro,target_hit,0.578125,0.4921875,0.6640625,128,128,128,128,,5000,5000,1.0,3021694564,20260901
s_cosine,per_class,all,11,dog,micro,other_fg_hit,0.1171875,0.0625,0.1796875,128,128,128,128,,5000,5000,1.0,3021694564,20260901
s_cosine,per_class,all,11,dog,micro,background_hit,0.3046875,0.2265625,0.3828125,128,128,128,128,,5000,5000,1.0,3021694564,20260901
s_cosine,per_class,all,11,dog,micro,target_top05_fraction,0.5090536540889365,0.4431682898107304,0.5780869694125494,128,128,128,128,,5000,5000,1.0,3021694564,20260901
s_cosine,per_class,all,11,dog,micro,other_fg_top05_fraction,0.10801750487965539,0.06599868754429045,0.15523713679391865,128,128,128,128,,5000,5000,1.0,3021694564,20260901
s_cosine,per_class,all,11,dog,micro,bg_top05_fraction,0.3825382160314081,0.31946129083117475,0.442956809082747,128,128,128,128,,5000,5000,1.0,3021694564,20260901
s_cosine,per_class,all,11,dog,micro,target_tail_enrich_05,1.6984706422073754,1.4197859684911585,2.0245806198290017,128,128,128,128,,5000,5000,1.0,3021694564,20260901
s_cosine,per_class,all,11,dog,micro,other_fg_tail_enrich_05,1.2342635716660628,0.8645018971259723,1.6326155788764523,43,128,43,128,,5000,5000,1.0,3021694564,20260901
s_cosine,per_class,all,11,dog,micro,bg_tail_enrich_05,0.6426460925507738,0.5388055212903461,0.7444199706218159,124,128,124,128,,5000,5000,1.0,3021694564,20260901
s_cosine,per_class,all,11,dog,micro,target_top10_fraction,0.4843227057125041,0.4217920682861601,0.549311735799697,128,128,128,128,,5000,5000,1.0,3021694564,20260901
s_cosine,per_class,all,11,dog,micro,other_fg_top10_fraction,0.10435130376638141,0.06480605111110894,0.14885734196424055,128,128,128,128,,5000,5000,1.0,3021694564,20260901
s_cosine,per_class,all,11,dog,micro,bg_top10_fraction,0.41092524940194614,0.35185141556690025,0.4693460385697066,128,128,128,128,,5000,5000,1.0,3021694564,20260901
s_cosine,per_class,all,11,dog,micro,target_tail_enrich_10,1.5900140957435305,1.3567371854247912,1.8503312131958831,128,128,128,128,,5000,5000,1.0,3021694564,20260901
s_cosine,per_class,all,11,dog,micro,other_fg_tail_enrich_10,1.158353731357795,0.8372048903381282,1.5152204109911134,43,128,43,128,,5000,5000,1.0,3021694564,20260901
s_cosine,per_class,all,11,dog,micro,bg_tail_enrich_10,0.6896483147840148,0.5959844270614839,0.7847700589164952,124,128,124,128,,5000,5000,1.0,3021694564,20260901
s_cosine,per_class,all,11,dog,micro,target_top20_fraction,0.44432752249022717,0.3853043450079788,0.5044000855887223,128,128,128,128,,5000,5000,1.0,3021694564,20260901
s_cosine,per_class,all,11,dog,micro,other_fg_top20_fraction,0.0988351842932707,0.06329583984724683,0.13909747891509733,128,128,128,128,,5000,5000,1.0,3021694564,20260901
s_cosine,per_class,all,11,dog,micro,bg_top20_fraction,0.4564346584631899,0.39958078388128654,0.5134380875896668,128,128,128,128,,5000,5000,1.0,3021694564,20260901
s_cosine,per_class,all,11,dog,micro,target_tail_enrich_20,1.366019276119565,1.2060317876864424,1.5394282884603319,128,128,128,128,,5000,5000,1.0,3021694564,20260901
s_cosine,per_class,all,11,dog,micro,other_fg_tail_enrich_20,1.0009843918943415,0.7668699346666475,1.239299415302082,43,128,43,128,,5000,5000,1.0,3021694564,20260901
s_cosine,per_class,all,11,dog,micro,bg_tail_enrich_20,0.7677482911538502,0.6848267938088021,0.8505122006109848,124,128,124,128,,5000,5000,1.0,3021694564,20260901
s_cosine,per_class,all,11,dog,micro,auc_target_bg,0.5769789080157548,0.5373937323236178,0.6174000060032522,124,128,124,128,,5000,5000,1.0,3021694564,20260901
s_cosine,per_class,all,11,dog,micro,ap_target_bg,0.48419445515597337,0.43457804854605275,0.5377019276675913,124,128,124,128,,5000,5000,1.0,3021694564,20260901
s_cosine,per_class,all,11,dog,micro,auc_target_other,0.5528301298977246,0.47643288468786965,0.6275172651225652,43,128,43,128,,5000,5000,1.0,3021694564,20260901
s_cosine,per_class,all,11,dog,micro,ap_target_other,0.531297609868664,0.43812326675605323,0.6254615061990948,43,128,43,128,,5000,5000,1.0,3021694564,20260901
s_cosine,per_class,all,11,dog,micro,target_mean,0.2885260060939103,0.245822323512376,0.3292521718725329,128,128,128,128,,5000,5000,1.0,3021694564,20260901
s_cosine,per_class,all,11,dog,micro,other_fg_mean,0.1772551327503222,0.09707756483669905,0.24813637896954957,43,128,43,128,,5000,5000,1.0,3021694564,20260901
s_cosine,per_class,all,11,dog,micro,bg_mean,0.17636632027459379,0.14282803040530534,0.2099700146073239,124,128,124,128,,5000,5000,1.0,3021694564,20260901
s_cosine,per_class,all,11,dog,micro,target_median,0.33901147373944696,0.2921090240083231,0.3832112398924892,128,128,128,128,,5000,5000,1.0,3021694564,20260901
s_cosine,per_class,all,11,dog,micro,other_fg_median,0.22017068398553272,0.13000019334959403,0.2995749862765393,43,128,43,128,,5000,5000,1.0,3021694564,20260901
s_cosine,per_class,all,11,dog,micro,bg_median,0.2473069279672458,0.20614001680998367,0.2881112438381579,124,128,124,128,,5000,5000,1.0,3021694564,20260901
s_cosine,per_class,all,11,dog,micro,spatial_mass_target,0.3512932815865497,0.3085039643183336,0.39471488106428293,128,128,128,128,,5000,5000,1.0,3021694564,20260901
s_cosine,per_class,all,11,dog,micro,spatial_mass_other_fg,0.09267012905547745,0.0623903157087625,0.12534865379147958,128,128,128,128,,5000,5000,1.0,3021694564,20260901
s_cosine,per_class,all,11,dog,micro,spatial_mass_background,0.5203053284712951,0.47481056851956965,0.5647220488110178,128,128,128,128,,5000,5000,1.0,3021694564,20260901
s_cosine,per_class,all,12,horse,micro,target_hit,0.3037974683544304,0.20253164556962025,0.4050632911392405,79,79,79,79,,5000,5000,1.0,3021694564,20260901
s_cosine,per_class,all,12,horse,micro,other_fg_hit,0.05063291139240506,0.012658227848101266,0.10126582278481013,79,79,79,79,,5000,5000,1.0,3021694564,20260901
s_cosine,per_class,all,12,horse,micro,background_hit,0.6455696202531646,0.5316455696202531,0.7468354430379747,79,79,79,79,,5000,5000,1.0,3021694564,20260901
s_cosine,per_class,all,12,horse,micro,target_top05_fraction,0.27813606282960046,0.21206446164557424,0.3483911304260239,79,79,79,79,,5000,5000,1.0,3021694564,20260901
s_cosine,per_class,all,12,horse,micro,other_fg_top05_fraction,0.06953121188630848,0.037077383653832695,0.10776736074079508,79,79,79,79,,5000,5000,1.0,3021694564,20260901
s_cosine,per_class,all,12,horse,micro,bg_top05_fraction,0.6513590154496218,0.5770697815955145,0.723479584007982,79,79,79,79,,5000,5000,1.0,3021694564,20260901
s_cosine,per_class,all,12,horse,micro,target_tail_enrich_05,0.7965550894244531,0.6498711618153602,0.9449147010815893,77,79,77,79,,5000,5000,1.0,3021694564,20260901
s_cosine,per_class,all,12,horse,micro,other_fg_tail_enrich_05,1.4366876548319019,1.0599736044212542,1.8046604109720497,34,79,34,79,,5000,5000,1.0,3021694564,20260901
s_cosine,per_class,all,12,horse,micro,bg_tail_enrich_05,0.932175727576093,0.8442261801034557,1.0193414385826567,79,79,79,79,,5000,5000,1.0,3021694564,20260901
s_cosine,per_class,all,12,horse,micro,target_top10_fraction,0.2823779925859268,0.21988272584865423,0.3513419394282848,79,79,79,79,,5000,5000,1.0,3021694564,20260901
s_cosine,per_class,all,12,horse,micro,other_fg_top10_fraction,0.05701167413096745,0.031067847405594734,0.08708170396861546,79,79,79,79,,5000,5000,1.0,3021694564,20260901
s_cosine,per_class,all,12,horse,micro,bg_top10_fraction,0.6596281930604592,0.5892459394881739,0.7279465191745536,79,79,79,79,,5000,5000,1.0,3021694564,20260901
s_cosine,per_class,all,12,horse,micro,target_tail_enrich_10,0.8333938405234749,0.6978364291885019,0.9719251874090431,77,79,77,79,,5000,5000,1.0,3021694564,20260901
s_cosine,per_class,all,12,horse,micro,other_fg_tail_enrich_10,1.228338198331275,0.9506518452538218,1.5087636692669353,34,79,34,79,,5000,5000,1.0,3021694564,20260901
s_cosine,per_class,all,12,horse,micro,bg_tail_enrich_10,0.9542580006021393,0.8738808044413071,1.0321482913682083,79,79,79,79,,5000,5000,1.0,3021694564,20260901
s_cosine,per_class,all,12,horse,micro,target_top20_fraction,0.2947632750399811,0.23374902974692782,0.36039226642631866,79,79,79,79,,5000,5000,1.0,3021694564,20260901
s_cosine,per_class,all,12,horse,micro,other_fg_top20_fraction,0.04738695946978034,0.026639334712872047,0.07194269977784191,79,79,79,79,,5000,5000,1.0,3021694564,20260901
s_cosine,per_class,all,12,horse,micro,bg_top20_fraction,0.6571142141217756,0.5905357786042815,0.720864348205695,79,79,79,79,,5000,5000,1.0,3021694564,20260901
s_cosine,per_class,all,12,horse,micro,target_tail_enrich_20,0.8806830170228549,0.7585654398151953,1.0021135292141623,77,79,77,79,,5000,5000,1.0,3021694564,20260901
s_cosine,per_class,all,12,horse,micro,other_fg_tail_enrich_20,1.112099479944854,0.8769253907864625,1.3663363327552145,34,79,34,79,,5000,5000,1.0,3021694564,20260901
s_cosine,per_class,all,12,horse,micro,bg_tail_enrich_20,0.9531317639188931,0.8822839108504913,1.022244649966073,79,79,79,79,,5000,5000,1.0,3021694564,20260901
s_cosine,per_class,all,12,horse,micro,auc_target_bg,0.5496841777120728,0.5094061040938024,0.5884878634928185,77,79,77,79,,5000,5000,1.0,3021694564,20260901
s_cosine,per_class,all,12,horse,micro,ap_target_bg,0.3605721921325181,0.30458437896858,0.4197546379167885,77,79,77,79,,5000,5000,1.0,3021694564,20260901
s_cosine,per_class,all,12,horse,micro,auc_target_other,0.5695235673885839,0.5167202897437241,0.6230530065432544,33,79,33,79,,5000,5000,1.0,3021694564,20260901
s_cosine,per_class,all,12,horse,micro,ap_target_other,0.7550736422462665,0.6889174591860221,0.8125986660731422,33,79,33,79,,5000,5000,1.0,3021694564,20260901
s_cosine,per_class,all,12,horse,micro,target_mean,0.022781207242898175,-0.023429701329873976,0.06848052464916692,77,79,77,79,,5000,5000,1.0,3021694564,20260901
s_cosine,per_class,all,12,horse,micro,other_fg_mean,-0.04254656685653682,-0.1086517360176261,0.020920307727240097,34,79,34,79,,5000,5000,1.0,3021694564,20260901
s_cosine,per_class,all,12,horse,micro,bg_mean,-0.06064919536266626,-0.11374083930916098,-0.008577730635057642,79,79,79,79,,5000,5000,1.0,3021694564,20260901
s_cosine,per_class,all,12,horse,micro,target_median,0.04007145939409951,-0.010775550945008825,0.08971175226585842,77,79,77,79,,5000,5000,1.0,3021694564,20260901
s_cosine,per_class,all,12,horse,micro,other_fg_median,-0.03638075909454047,-0.113377036722489,0.036419581755955166,34,79,34,79,,5000,5000,1.0,3021694564,20260901
s_cosine,per_class,all,12,horse,micro,bg_median,-0.03793321666897192,-0.10010591641708005,0.023749119335493733,79,79,79,79,,5000,5000,1.0,3021694564,20260901
s_cosine,per_class,all,12,horse,micro,spatial_mass_target,0.30252792910212956,0.25512941749118084,0.35240843456262083,79,79,79,79,,5000,5000,1.0,3021694564,20260901
s_cosine,per_class,all,12,horse,micro,spatial_mass_other_fg,0.03994310414418578,0.024259531421769596,0.05906795151914831,79,79,79,79,,5000,5000,1.0,3021694564,20260901
s_cosine,per_class,all,12,horse,micro,spatial_mass_background,0.632461104872106,0.5817107361517374,0.6820240974897824,79,79,79,79,,5000,5000,1.0,3021694564,20260901
s_cosine,per_class,all,13,motorbike,micro,target_hit,0.11842105263157894,0.05263157894736842,0.19736842105263158,76,76,76,76,,5000,5000,1.0,3021694564,20260901
s_cosine,per_class,all,13,motorbike,micro,other_fg_hit,0.09210526315789473,0.02631578947368421,0.15789473684210525,76,76,76,76,,5000,5000,1.0,3021694564,20260901
s_cosine,per_class,all,13,motorbike,micro,background_hit,0.7894736842105263,0.6973684210526315,0.881578947368421,76,76,76,76,,5000,5000,1.0,3021694564,20260901
s_cosine,per_class,all,13,motorbike,micro,target_top05_fraction,0.16598117409283286,0.12365239607996142,0.2130718275894562,76,76,76,76,,5000,5000,1.0,3021694564,20260901
s_cosine,per_class,all,13,motorbike,micro,other_fg_top05_fraction,0.10210027653403896,0.06262280885722717,0.14607444964627828,76,76,76,76,,5000,5000,1.0,3021694564,20260901
s_cosine,per_class,all,13,motorbike,micro,bg_top05_fraction,0.7305690217078108,0.667560434872003,0.7908239978758197,76,76,76,76,,5000,5000,1.0,3021694564,20260901
s_cosine,per_class,all,13,motorbike,micro,target_tail_enrich_05,0.546929999296626,0.4109715413191031,0.6994583406271879,75,76,75,76,,5000,5000,1.0,3021694564,20260901
s_cosine,per_class,all,13,motorbike,micro,other_fg_tail_enrich_05,0.8628419519162,0.5470446898918003,1.2362939852724955,52,76,52,76,,5000,5000,1.0,3021694564,20260901
s_cosine,per_class,all,13,motorbike,micro,bg_tail_enrich_05,1.281950447455477,1.159587564952711,1.4145195758707592,76,76,76,76,,5000,5000,1.0,3021694564,20260901
s_cosine,per_class,all,13,motorbike,micro,target_top10_fraction,0.182253549015758,0.13900066223049728,0.23015608695178824,76,76,76,76,,5000,5000,1.0,3021694564,20260901
s_cosine,per_class,all,13,motorbike,micro,other_fg_top10_fraction,0.09881866281723595,0.06128367574230745,0.14070717794821783,76,76,76,76,,5000,5000,1.0,3021694564,20260901
s_cosine,per_class,all,13,motorbike,micro,bg_top10_fraction,0.7179112608346891,0.6555916664031037,0.7773375513800123,76,76,76,76,,5000,5000,1.0,3021694564,20260901
s_cosine,per_class,all,13,motorbike,micro,target_tail_enrich_10,0.5762585612467827,0.451243254409922,0.7149517384085609,75,76,75,76,,5000,5000,1.0,3021694564,20260901
s_cosine,per_class,all,13,motorbike,micro,other_fg_tail_enrich_10,0.8510832545005587,0.588477933504772,1.1631773671871732,52,76,52,76,,5000,5000,1.0,3021694564,20260901
s_cosine,per_class,all,13,motorbike,micro,bg_tail_enrich_10,1.2529657654032287,1.1367110268972054,1.375150320157314,76,76,76,76,,5000,5000,1.0,3021694564,20260901
s_cosine,per_class,all,13,motorbike,micro,target_top20_fraction,0.2067883045871378,0.16403195314500682,0.25335057239095,76,76,76,76,,5000,5000,1.0,3021694564,20260901
s_cosine,per_class,all,13,motorbike,micro,other_fg_top20_fraction,0.09541487555488147,0.06108611791460403,0.1339289085771357,76,76,76,76,,5000,5000,1.0,3021694564,20260901
s_cosine,per_class,all,13,motorbike,micro,bg_top20_fraction,0.6971160204705,0.6366645635351599,0.7539633624862063,76,76,76,76,,5000,5000,1.0,3021694564,20260901
s_cosine,per_class,all,13,motorbike,micro,target_tail_enrich_20,0.6467893427106822,0.528681762170474,0.7745688395518207,75,76,75,76,,5000,5000,1.0,3021694564,20260901
s_cosine,per_class,all,13,motorbike,micro,other_fg_tail_enrich_20,0.7974845085935459,0.5987603069963601,1.0215785126245964,52,76,52,76,,5000,5000,1.0,3021694564,20260901
s_cosine,per_class,all,13,motorbike,micro,bg_tail_enrich_20,1.2020261325463564,1.1028605660852753,1.3090921023839925,76,76,76,76,,5000,5000,1.0,3021694564,20260901
s_cosine,per_class,all,13,motorbike,micro,auc_target_bg,0.3954836779005863,0.3558824851360818,0.43473434867791416,75,76,75,76,,5000,5000,1.0,3021694564,20260901
s_cosine,per_class,all,13,motorbike,micro,ap_target_bg,0.3112302510732843,0.26543398192490303,0.3586687430508613,75,76,75,76,,5000,5000,1.0,3021694564,20260901
s_cosine,per_class,all,13,motorbike,micro,auc_target_other,0.5239453599804007,0.46939686095718663,0.5775033319431732,51,76,51,76,,5000,5000,1.0,3021694564,20260901
s_cosine,per_class,all,13,motorbike,micro,ap_target_other,0.6427685580993855,0.5734281274394915,0.7093139524340519,51,76,51,76,,5000,5000,1.0,3021694564,20260901
s_cosine,per_class,all,13,motorbike,micro,target_mean,0.0727057319623515,0.019660785636548883,0.1265030716403584,75,76,75,76,,5000,5000,1.0,3021694564,20260901
s_cosine,per_class,all,13,motorbike,micro,other_fg_mean,0.1066090569085064,0.034195518200788554,0.17794129835297645,52,76,52,76,,5000,5000,1.0,3021694564,20260901
s_cosine,per_class,all,13,motorbike,micro,bg_mean,0.20852236491248985,0.16248752272353909,0.25439736670339697,76,76,76,76,,5000,5000,1.0,3021694564,20260901
s_cosine,per_class,all,13,motorbike,micro,target_median,0.13807953660842032,0.07430839023025115,0.202210745119429,75,76,75,76,,5000,5000,1.0,3021694564,20260901
s_cosine,per_class,all,13,motorbike,micro,other_fg_median,0.12334166275776134,0.040535076868260626,0.2049645758974318,52,76,52,76,,5000,5000,1.0,3021694564,20260901
s_cosine,per_class,all,13,motorbike,micro,bg_median,0.29096587281674147,0.23629315744864904,0.34290126218386974,76,76,76,76,,5000,5000,1.0,3021694564,20260901
s_cosine,per_class,all,13,motorbike,micro,spatial_mass_target,0.2647010227726576,0.22589976220747063,0.307222930267974,76,76,76,76,,5000,5000,1.0,3021694564,20260901
s_cosine,per_class,all,13,motorbike,micro,spatial_mass_other_fg,0.09851538967938579,0.07093240978695241,0.12806093864878915,76,76,76,76,,5000,5000,1.0,3021694564,20260901
s_cosine,per_class,all,13,motorbike,micro,spatial_mass_background,0.6014693355874011,0.5543768592668992,0.6486890517273232,76,76,76,76,,5000,5000,1.0,3021694564,20260901
s_cosine,per_class,all,14,person,micro,target_hit,0.47191011235955055,0.42696629213483145,0.5191011235955056,445,445,445,445,,5000,5000,1.0,3021694564,20260901
s_cosine,per_class,all,14,person,micro,other_fg_hit,0.14606741573033707,0.1146067415730337,0.1797752808988764,445,445,445,445,,5000,5000,1.0,3021694564,20260901
s_cosine,per_class,all,14,person,micro,background_hit,0.3775280898876405,0.3325842696629214,0.42247191011235957,445,445,445,445,,5000,5000,1.0,3021694564,20260901
s_cosine,per_class,all,14,person,micro,target_top05_fraction,0.39361885357429055,0.35773134156541797,0.42980441209527076,445,445,445,445,,5000,5000,1.0,3021694564,20260901
s_cosine,per_class,all,14,person,micro,other_fg_top05_fraction,0.16330414914038707,0.1419081979061791,0.1857324742887629,445,445,445,445,,5000,5000,1.0,3021694564,20260901
s_cosine,per_class,all,14,person,micro,bg_top05_fraction,0.4420802232629722,0.4080211430667959,0.4744117603058188,445,445,445,445,,5000,5000,1.0,3021694564,20260901
s_cosine,per_class,all,14,person,micro,target_tail_enrich_05,1.6847060430104077,1.5386083940995792,1.8333172964547688,413,445,413,445,,5000,5000,1.0,3021694564,20260901
s_cosine,per_class,all,14,person,micro,other_fg_tail_enrich_05,0.9256434348306962,0.7629992469675738,1.1192697038303498,373,445,373,445,,5000,5000,1.0,3021694564,20260901
s_cosine,per_class,all,14,person,micro,bg_tail_enrich_05,0.7532553101001,0.6941757981267764,0.8113202917415827,441,445,441,445,,5000,5000,1.0,3021694564,20260901
s_cosine,per_class,all,14,person,micro,target_top10_fraction,0.36311159822764355,0.3298425546975656,0.397326480012868,445,445,445,445,,5000,5000,1.0,3021694564,20260901
s_cosine,per_class,all,14,person,micro,other_fg_top10_fraction,0.17266320371541874,0.15130768862470215,0.19462786324126605,445,445,445,445,,5000,5000,1.0,3021694564,20260901
s_cosine,per_class,all,14,person,micro,bg_top10_fraction,0.4633758299548515,0.4304193090646519,0.49418480539615256,445,445,445,445,,5000,5000,1.0,3021694564,20260901
s_cosine,per_class,all,14,person,micro,target_tail_enrich_10,1.5051448250523918,1.3852588942946937,1.628374292568311,413,445,413,445,,5000,5000,1.0,3021694564,20260901
s_cosine,per_class,all,14,person,micro,other_fg_tail_enrich_10,0.9306420118725638,0.8145464380386358,1.0610137308234369,373,445,373,445,,5000,5000,1.0,3021694564,20260901
s_cosine,per_class,all,14,person,micro,bg_tail_enrich_10,0.7984777750278559,0.7397478871009285,0.8580630559971604,441,445,441,445,,5000,5000,1.0,3021694564,20260901
s_cosine,per_class,all,14,person,micro,target_top20_fraction,0.32447847683867753,0.2938694051437017,0.3565257529050093,445,445,445,445,,5000,5000,1.0,3021694564,20260901
s_cosine,per_class,all,14,person,micro,other_fg_top20_fraction,0.1809456204272087,0.15989809735864188,0.2023628714575103,445,445,445,445,,5000,5000,1.0,3021694564,20260901
s_cosine,per_class,all,14,person,micro,bg_top20_fraction,0.49382884185561243,0.46336696133828614,0.5228245847366094,445,445,445,445,,5000,5000,1.0,3021694564,20260901
s_cosine,per_class,all,14,person,micro,target_tail_enrich_20,1.2638112232754994,1.1795616966686524,1.348973776986266,413,445,413,445,,5000,5000,1.0,3021694564,20260901
s_cosine,per_class,all,14,person,micro,other_fg_tail_enrich_20,0.9223996796169007,0.8379024487723793,1.0097318149466084,373,445,373,445,,5000,5000,1.0,3021694564,20260901
s_cosine,per_class,all,14,person,micro,bg_tail_enrich_20,0.8368714545953144,0.7916801932430684,0.8817885943911976,441,445,441,445,,5000,5000,1.0,3021694564,20260901
s_cosine,per_class,all,14,person,micro,auc_target_bg,0.5551976546991018,0.534634595532928,0.5756057812209139,409,445,409,445,,5000,5000,1.0,3021694564,20260901
s_cosine,per_class,all,14,person,micro,ap_target_bg,0.40337294106884675,0.37354301258916384,0.4332323630527701,409,445,409,445,,5000,5000,1.0,3021694564,20260901
s_cosine,per_class,all,14,person,micro,auc_target_other,0.5242428314065801,0.49751703483992754,0.5499191256722156,343,445,343,445,,5000,5000,1.0,3021694564,20260901
s_cosine,per_class,all,14,person,micro,ap_target_other,0.5316490178936766,0.4954448572142875,0.567542090184999,343,445,343,445,,5000,5000,1.0,3021694564,20260901
s_cosine,per_class,all,14,person,micro,target_mean,0.23270048848068112,0.2117176270205155,0.253619461221213,413,445,413,445,,5000,5000,1.0,3021694564,20260901
s_cosine,per_class,all,14,person,micro,other_fg_mean,0.1554625230151256,0.12674051520652038,0.18408505604794,373,445,373,445,,5000,5000,1.0,3021694564,20260901
s_cosine,per_class,all,14,person,micro,bg_mean,0.1227861153290482,0.10192448110446638,0.14317077659726066,441,445,441,445,,5000,5000,1.0,3021694564,20260901
s_cosine,per_class,all,14,person,micro,target_median,0.2765120113544981,0.25077985452237533,0.3020019060418423,413,445,413,445,,5000,5000,1.0,3021694564,20260901
s_cosine,per_class,all,14,person,micro,other_fg_median,0.18812521678288205,0.15552870076057443,0.22008213212432723,373,445,373,445,,5000,5000,1.0,3021694564,20260901
s_cosine,per_class,all,14,person,micro,bg_median,0.16499562449442448,0.13922168433778692,0.18944317964984247,441,445,441,445,,5000,5000,1.0,3021694564,20260901
s_cosine,per_class,all,14,person,micro,spatial_mass_target,0.24495245291631712,0.22226724969529876,0.26778798908264023,445,445,445,445,,5000,5000,1.0,3021694564,20260901
s_cosine,per_class,all,14,person,micro,spatial_mass_other_fg,0.18772028357155485,0.16862665463351448,0.20664793818905228,445,445,445,445,,5000,5000,1.0,3021694564,20260901
s_cosine,per_class,all,14,person,micro,spatial_mass_background,0.5242005528882145,0.5006017892291833,0.5476958291857305,445,445,445,445,,5000,5000,1.0,3021694564,20260901
s_cosine,per_class,all,15,pottedplant,micro,target_hit,0.3176470588235294,0.2235294117647059,0.4117647058823529,85,85,85,85,,5000,5000,1.0,3021694564,20260901
s_cosine,per_class,all,15,pottedplant,micro,other_fg_hit,0.11764705882352941,0.058823529411764705,0.18823529411764706,85,85,85,85,,5000,5000,1.0,3021694564,20260901
s_cosine,per_class,all,15,pottedplant,micro,background_hit,0.5647058823529412,0.4588235294117647,0.6705882352941176,85,85,85,85,,5000,5000,1.0,3021694564,20260901
s_cosine,per_class,all,15,pottedplant,micro,target_top05_fraction,0.2821686416495665,0.20382696507076695,0.36395146950651674,85,85,85,85,,5000,5000,1.0,3021694564,20260901
s_cosine,per_class,all,15,pottedplant,micro,other_fg_top05_fraction,0.17641037285364364,0.12573335787874354,0.23208648182150843,85,85,85,85,,5000,5000,1.0,3021694564,20260901
s_cosine,per_class,all,15,pottedplant,micro,bg_top05_fraction,0.5403403259602481,0.4644254997256506,0.6153901971081912,85,85,85,85,,5000,5000,1.0,3021694564,20260901
s_cosine,per_class,all,15,pottedplant,micro,target_tail_enrich_05,3.3542877640928457,2.483232224026639,4.303032051405411,68,85,68,85,,5000,5000,1.0,3021694564,20260901
s_cosine,per_class,all,15,pottedplant,micro,other_fg_tail_enrich_05,0.8749168484146597,0.6643209936802578,1.1084030206472613,60,85,60,85,,5000,5000,1.0,3021694564,20260901
s_cosine,per_class,all,15,pottedplant,micro,bg_tail_enrich_05,0.7521607563598529,0.6535620383805111,0.8531016114494894,85,85,85,85,,5000,5000,1.0,3021694564,20260901
s_cosine,per_class,all,15,pottedplant,micro,target_top10_fraction,0.2685333640436424,0.19352661902027524,0.3459016327390583,85,85,85,85,,5000,5000,1.0,3021694564,20260901
s_cosine,per_class,all,15,pottedplant,micro,other_fg_top10_fraction,0.17986358527193383,0.1310894482213023,0.2347477205028283,85,85,85,85,,5000,5000,1.0,3021694564,20260901
s_cosine,per_class,all,15,pottedplant,micro,bg_top10_fraction,0.5505620865919892,0.4766092954551115,0.6215370024081052,85,85,85,85,,5000,5000,1.0,3021694564,20260901
s_cosine,per_class,all,15,pottedplant,micro,target_tail_enrich_10,2.7585974177178003,2.2159289910708755,3.325154249634831,68,85,68,85,,5000,5000,1.0,3021694564,20260901
s_cosine,per_class,all,15,pottedplant,micro,other_fg_tail_enrich_10,0.9056109023721614,0.7154350830712941,1.1082654311202726,60,85,60,85,,5000,5000,1.0,3021694564,20260901
s_cosine,per_class,all,15,pottedplant,micro,bg_tail_enrich_10,0.7674891577801531,0.6712217936357486,0.8662042057743665,85,85,85,85,,5000,5000,1.0,3021694564,20260901
s_cosine,per_class,all,15,pottedplant,micro,target_top20_fraction,0.23815415875297627,0.17021932256018601,0.31131216131335676,85,85,85,85,,5000,5000,1.0,3021694564,20260901
s_cosine,per_class,all,15,pottedplant,micro,other_fg_top20_fraction,0.18551610352680362,0.13827060267460742,0.23672390900675758,85,85,85,85,,5000,5000,1.0,3021694564,20260901
s_cosine,per_class,all,15,pottedplant,micro,bg_top20_fraction,0.575627676592739,0.5077357928307452,0.641072753396366,85,85,85,85,,5000,5000,1.0,3021694564,20260901
s_cosine,per_class,all,15,pottedplant,micro,target_tail_enrich_20,2.181206208408276,1.864915809560877,2.492453761989483,68,85,68,85,,5000,5000,1.0,3021694564,20260901
s_cosine,per_class,all,15,pottedplant,micro,other_fg_tail_enrich_20,0.9416682385946935,0.7812396378507902,1.1111233245333674,60,85,60,85,,5000,5000,1.0,3021694564,20260901
s_cosine,per_class,all,15,pottedplant,micro,bg_tail_enrich_20,0.8077360749779398,0.7181453349941508,0.899650856162929,85,85,85,85,,5000,5000,1.0,3021694564,20260901
s_cosine,per_class,all,15,pottedplant,micro,auc_target_bg,0.6972045613231209,0.6472477028026464,0.7440649874743342,68,85,68,85,,5000,5000,1.0,3021694564,20260901
s_cosine,per_class,all,15,pottedplant,micro,ap_target_bg,0.3563384779168222,0.2840666499449403,0.43425797047546405,68,85,68,85,,5000,5000,1.0,3021694564,20260901
s_cosine,per_class,all,15,pottedplant,micro,auc_target_other,0.6586557055416127,0.5807468910280673,0.7326350579833214,44,85,44,85,,5000,5000,1.0,3021694564,20260901
s_cosine,per_class,all,15,pottedplant,micro,ap_target_other,0.3922749446048512,0.2963235658717136,0.4927272215313463,44,85,44,85,,5000,5000,1.0,3021694564,20260901
s_cosine,per_class,all,15,pottedplant,micro,target_mean,0.402548311086893,0.3408545521393764,0.46362774187965866,68,85,68,85,,5000,5000,1.0,3021694564,20260901
s_cosine,per_class,all,15,pottedplant,micro,other_fg_mean,0.06382263628411762,-0.016221957555539616,0.14339572789171692,60,85,60,85,,5000,5000,1.0,3021694564,20260901
s_cosine,per_class,all,15,pottedplant,micro,bg_mean,0.07199305315321389,0.024376860380753262,0.11918497896424556,85,85,85,85,,5000,5000,1.0,3021694564,20260901
s_cosine,per_class,all,15,pottedplant,micro,target_median,0.4769054222578073,0.4061346800989483,0.5475769731199326,68,85,68,85,,5000,5000,1.0,3021694564,20260901
s_cosine,per_class,all,15,pottedplant,micro,other_fg_median,0.06505330819636583,-0.03469987049445043,0.1640900336958293,60,85,60,85,,5000,5000,1.0,3021694564,20260901
s_cosine,per_class,all,15,pottedplant,micro,bg_median,0.09164994077633738,0.03214253790253733,0.14945382734933546,85,85,85,85,,5000,5000,1.0,3021694564,20260901
s_cosine,per_class,all,15,pottedplant,micro,spatial_mass_target,0.13846966116415227,0.09711210840552881,0.18512803652892162,85,85,85,85,,5000,5000,1.0,3021694564,20260901
s_cosine,per_class,all,15,pottedplant,micro,spatial_mass_other_fg,0.1751698485794751,0.13509264114381306,0.21885054781950788,85,85,85,85,,5000,5000,1.0,3021694564,20260901
s_cosine,per_class,all,15,pottedplant,micro,spatial_mass_background,0.6182881819851258,0.5691936841650921,0.665725233169163,85,85,85,85,,5000,5000,1.0,3021694564,20260901
s_cosine,per_class,all,16,sheep,micro,target_hit,0.40350877192982454,0.2807017543859649,0.5263157894736842,57,57,57,57,,5000,5000,1.0,3021694564,20260901
s_cosine,per_class,all,16,sheep,micro,other_fg_hit,0.0,0.0,0.0,57,57,57,57,,5000,5000,1.0,3021694564,20260901
s_cosine,per_class,all,16,sheep,micro,background_hit,0.5964912280701754,0.47368421052631576,0.7192982456140351,57,57,57,57,,5000,5000,1.0,3021694564,20260901
s_cosine,per_class,all,16,sheep,micro,target_top05_fraction,0.27652348857335,0.20048319738416684,0.3586718327715558,57,57,57,57,,5000,5000,1.0,3021694564,20260901
s_cosine,per_class,all,16,sheep,micro,other_fg_top05_fraction,0.0027345692165636763,0.0,0.00685417998437389,57,57,57,57,,5000,5000,1.0,3021694564,20260901
s_cosine,per_class,all,16,sheep,micro,bg_top05_fraction,0.7198304191378984,0.6382707613628665,0.7954653066356666,57,57,57,57,,5000,5000,1.0,3021694564,20260901
s_cosine,per_class,all,16,sheep,micro,target_tail_enrich_05,0.8265602296430881,0.6127164469360845,1.0650770081203231,57,57,57,57,,5000,5000,1.0,3021694564,20260901
s_cosine,per_class,all,16,sheep,micro,other_fg_tail_enrich_05,0.11234817813724218,0.0,0.27952935222570685,5,57,5,57,,5000,4971,0.9942,3021694564,20260901
s_cosine,per_class,all,16,sheep,micro,bg_tail_enrich_05,1.0088754970340332,0.9102751131184362,1.104565847970081,57,57,57,57,,5000,5000,1.0,3021694564,20260901
s_cosine,per_class,all,16,sheep,micro,target_top10_fraction,0.26031932181621864,0.18928134640862995,0.33649680852624503,57,57,57,57,,5000,5000,1.0,3021694564,20260901
s_cosine,per_class,all,16,sheep,micro,other_fg_top10_fraction,0.0038769325472926583,0.0,0.009188478111608271,57,57,57,57,,5000,5000,1.0,3021694564,20260901
s_cosine,per_class,all,16,sheep,micro,bg_top10_fraction,0.7353419851747284,0.6604243335090577,0.806016295876994,57,57,57,57,,5000,5000,1.0,3021694564,20260901
s_cosine,per_class,all,16,sheep,micro,target_tail_enrich_10,0.7851631925895897,0.5776696605266471,1.018452319460639,57,57,57,57,,5000,5000,1.0,3021694564,20260901
s_cosine,per_class,all,16,sheep,micro,other_fg_tail_enrich_10,0.24093454790582816,0.0,0.45414136301740893,5,57,5,57,,5000,4971,0.9942,3021694564,20260901
s_cosine,per_class,all,16,sheep,micro,bg_tail_enrich_10,1.0382985070011261,0.9461779393642409,1.1276438704564111,57,57,57,57,,5000,5000,1.0,3021694564,20260901
s_cosine,per_class,all,16,sheep,micro,target_top20_fraction,0.24145426048776486,0.17555602566467615,0.3123100351267573,57,57,57,57,,5000,5000,1.0,3021694564,20260901
s_cosine,per_class,all,16,sheep,micro,other_fg_top20_fraction,0.007241990834751928,0.0,0.01745394797599855,57,57,57,57,,5000,5000,1.0,3021694564,20260901
s_cosine,per_class,all,16,sheep,micro,bg_top20_fraction,0.7508472025862621,0.6803189463953262,0.8146236937623278,57,57,57,57,,5000,5000,1.0,3021694564,20260901
s_cosine,per_class,all,16,sheep,micro,target_tail_enrich_20,0.731284725487907,0.5458762185312576,0.9398509787162489,57,57,57,57,,5000,5000,1.0,3021694564,20260901
s_cosine,per_class,all,16,sheep,micro,other_fg_tail_enrich_20,0.4707241701694338,0.0,0.9332206818348152,5,57,5,57,,5000,4971,0.9942,3021694564,20260901
s_cosine,per_class,all,16,sheep,micro,bg_tail_enrich_20,1.067531928308561,0.9874492639130631,1.145699442178169,57,57,57,57,,5000,5000,1.0,3021694564,20260901
s_cosine,per_class,all,16,sheep,micro,auc_target_bg,0.38559117579827795,0.3346197799063264,0.4371501601015354,57,57,57,57,,5000,5000,1.0,3021694564,20260901
s_cosine,per_class,all,16,sheep,micro,ap_target_bg,0.28632662790848545,0.22792845046495733,0.34826871484289235,57,57,57,57,,5000,5000,1.0,3021694564,20260901
s_cosine,per_class,all,16,sheep,micro,auc_target_other,0.4406612749552263,0.16172809344315695,0.8174940898345153,5,57,5,57,,5000,4971,0.9942,3021694564,20260901
s_cosine,per_class,all,16,sheep,micro,ap_target_other,0.5385432326678788,0.1694357272102888,0.9461029563961375,5,57,5,57,,5000,4971,0.9942,3021694564,20260901
s_cosine,per_class,all,16,sheep,micro,target_mean,-0.30829175938650877,-0.36143098829257453,-0.25307534235086193,57,57,57,57,,5000,5000,1.0,3021694564,20260901
s_cosine,per_class,all,16,sheep,micro,other_fg_mean,-0.2049388874225624,-0.3829364894843059,-0.0389545242284956,5,57,5,57,,5000,4971,0.9942,3021694564,20260901
s_cosine,per_class,all,16,sheep,micro,bg_mean,-0.18051540364146532,-0.2265798520127073,-0.13369826804580484,57,57,57,57,,5000,5000,1.0,3021694564,20260901
s_cosine,per_class,all,16,sheep,micro,target_median,-0.31536185300271763,-0.37474167015762966,-0.2537632299072454,57,57,57,57,,5000,5000,1.0,3021694564,20260901
s_cosine,per_class,all,16,sheep,micro,other_fg_median,-0.201163861900568,-0.4442712962627411,0.007950859743037393,5,57,5,57,,5000,4971,0.9942,3021694564,20260901
s_cosine,per_class,all,16,sheep,micro,bg_median,-0.15372532741738515,-0.20703892613569144,-0.10031628836060699,57,57,57,57,,5000,5000,1.0,3021694564,20260901
s_cosine,per_class,all,16,sheep,micro,spatial_mass_target,0.2647263863728496,0.2125486772217412,0.3196276364778577,57,57,57,57,,5000,5000,1.0,3021694564,20260901
s_cosine,per_class,all,16,sheep,micro,spatial_mass_other_fg,0.011161069663470252,0.0009186025382133952,0.025783161191563857,57,57,57,57,,5000,5000,1.0,3021694564,20260901
s_cosine,per_class,all,16,sheep,micro,spatial_mass_background,0.7051539745247155,0.6489783049283321,0.7586221402543678,57,57,57,57,,5000,5000,1.0,3021694564,20260901
s_cosine,per_class,all,17,sofa,micro,target_hit,0.32222222222222224,0.23333333333333334,0.4222222222222222,90,90,90,90,,5000,5000,1.0,3021694564,20260901
s_cosine,per_class,all,17,sofa,micro,other_fg_hit,0.17777777777777778,0.1,0.26666666666666666,90,90,90,90,,5000,5000,1.0,3021694564,20260901
s_cosine,per_class,all,17,sofa,micro,background_hit,0.5,0.4,0.6002777777777737,90,90,90,90,,5000,5000,1.0,3021694564,20260901
s_cosine,per_class,all,17,sofa,micro,target_top05_fraction,0.2866384499750083,0.22303201694423305,0.3532296858890641,90,90,90,90,,5000,5000,1.0,3021694564,20260901
s_cosine,per_class,all,17,sofa,micro,other_fg_top05_fraction,0.16854628753816064,0.11228793376145672,0.23137978463425116,90,90,90,90,,5000,5000,1.0,3021694564,20260901
s_cosine,per_class,all,17,sofa,micro,bg_top05_fraction,0.5438051614767301,0.469406353630586,0.6191298103257759,90,90,90,90,,5000,5000,1.0,3021694564,20260901
s_cosine,per_class,all,17,sofa,micro,target_tail_enrich_05,1.1880219585983327,0.9128309609298463,1.4880529018326543,88,90,88,90,,5000,5000,1.0,3021694564,20260901
s_cosine,per_class,all,17,sofa,micro,other_fg_tail_enrich_05,0.7831905817836768,0.5721340265421079,1.0190063149305313,63,90,63,90,,5000,5000,1.0,3021694564,20260901
s_cosine,per_class,all,17,sofa,micro,bg_tail_enrich_05,0.8533708110744916,0.7543434422743672,0.953389590366195,85,90,85,90,,5000,5000,1.0,3021694564,20260901
s_cosine,per_class,all,17,sofa,micro,target_top10_fraction,0.2818258972988725,0.22332309251153012,0.3446565961273051,90,90,90,90,,5000,5000,1.0,3021694564,20260901
s_cosine,per_class,all,17,sofa,micro,other_fg_top10_fraction,0.1758044932752101,0.12014435086291976,0.2375929133431101,90,90,90,90,,5000,5000,1.0,3021694564,20260901
s_cosine,per_class,all,17,sofa,micro,bg_top10_fraction,0.5415484976673056,0.47010120988619414,0.6106384698417052,90,90,90,90,,5000,5000,1.0,3021694564,20260901
s_cosine,per_class,all,17,sofa,micro,target_tail_enrich_10,1.210848935493354,0.998987970493645,1.4290308360904573,88,90,88,90,,5000,5000,1.0,3021694564,20260901
s_cosine,per_class,all,17,sofa,micro,other_fg_tail_enrich_10,0.9079980152837598,0.7033579336027069,1.1293323887413862,63,90,63,90,,5000,5000,1.0,3021694564,20260901
s_cosine,per_class,all,17,sofa,micro,bg_tail_enrich_10,0.8580221611692321,0.7710609622750539,0.9450164402642742,85,90,85,90,,5000,5000,1.0,3021694564,20260901
s_cosine,per_class,all,17,sofa,micro,target_top20_fraction,0.2874264580872567,0.23216131218852595,0.34728105417354593,90,90,90,90,,5000,5000,1.0,3021694564,20260901
s_cosine,per_class,all,17,sofa,micro,other_fg_top20_fraction,0.17086932288281279,0.11933352150725639,0.22841635543939898,90,90,90,90,,5000,5000,1.0,3021694564,20260901
s_cosine,per_class,all,17,sofa,micro,bg_top20_fraction,0.5410656593742336,0.475474584510887,0.6059743106581469,90,90,90,90,,5000,5000,1.0,3021694564,20260901
s_cosine,per_class,all,17,sofa,micro,target_tail_enrich_20,1.2288543354536765,1.0444983047249385,1.4137728572858652,88,90,88,90,,5000,5000,1.0,3021694564,20260901
s_cosine,per_class,all,17,sofa,micro,other_fg_tail_enrich_20,0.8999369882583833,0.7256484284726464,1.0838353705116184,63,90,63,90,,5000,5000,1.0,3021694564,20260901
s_cosine,per_class,all,17,sofa,micro,bg_tail_enrich_20,0.8745532776924755,0.7974366340908184,0.9499990291761348,85,90,85,90,,5000,5000,1.0,3021694564,20260901
s_cosine,per_class,all,17,sofa,micro,auc_target_bg,0.5779271776604595,0.5326334670709238,0.6211733833179182,83,90,83,90,,5000,5000,1.0,3021694564,20260901
s_cosine,per_class,all,17,sofa,micro,ap_target_bg,0.3573922460706867,0.29709319018164243,0.41922482804533107,83,90,83,90,,5000,5000,1.0,3021694564,20260901
s_cosine,per_class,all,17,sofa,micro,auc_target_other,0.5822638368837252,0.511327614083639,0.6489358741554516,61,90,61,90,,5000,5000,1.0,3021694564,20260901
s_cosine,per_class,all,17,sofa,micro,ap_target_other,0.5788317079007167,0.5022084392564091,0.6602845638328124,61,90,61,90,,5000,5000,1.0,3021694564,20260901
s_cosine,per_class,all,17,sofa,micro,target_mean,0.2531904073898475,0.1943048945276317,0.3086108849866003,88,90,88,90,,5000,5000,1.0,3021694564,20260901
s_cosine,per_class,all,17,sofa,micro,other_fg_mean,0.10764098625902836,0.04418078860777895,0.17318833600541342,63,90,63,90,,5000,5000,1.0,3021694564,20260901
s_cosine,per_class,all,17,sofa,micro,bg_mean,0.15358301193379761,0.11348973886407085,0.19147026166302866,85,90,85,90,,5000,5000,1.0,3021694564,20260901
s_cosine,per_class,all,17,sofa,micro,target_median,0.2983298631840047,0.23252764209661203,0.35956300719110273,88,90,88,90,,5000,5000,1.0,3021694564,20260901
s_cosine,per_class,all,17,sofa,micro,other_fg_median,0.11827436657918114,0.04445491248348152,0.19442435215343695,63,90,63,90,,5000,5000,1.0,3021694564,20260901
s_cosine,per_class,all,17,sofa,micro,bg_median,0.20318938208853496,0.15244985532427077,0.25177847198636205,85,90,85,90,,5000,5000,1.0,3021694564,20260901
s_cosine,per_class,all,17,sofa,micro,spatial_mass_target,0.2572031010718395,0.21218826118455683,0.307119845428711,90,90,90,90,,5000,5000,1.0,3021694564,20260901
s_cosine,per_class,all,17,sofa,micro,spatial_mass_other_fg,0.15525970565310368,0.11686877367908083,0.19647346040686692,90,90,90,90,,5000,5000,1.0,3021694564,20260901
s_cosine,per_class,all,17,sofa,micro,spatial_mass_background,0.5610284593784147,0.5032348856661054,0.6147240409461988,90,90,90,90,,5000,5000,1.0,3021694564,20260901
s_cosine,per_class,all,18,train,micro,target_hit,0.34523809523809523,0.23809523809523808,0.4523809523809524,84,84,84,84,,5000,5000,1.0,3021694564,20260901
s_cosine,per_class,all,18,train,micro,other_fg_hit,0.03571428571428571,0.0,0.08333333333333333,84,84,84,84,,5000,5000,1.0,3021694564,20260901
s_cosine,per_class,all,18,train,micro,background_hit,0.6190476190476191,0.5119047619047619,0.7261904761904762,84,84,84,84,,5000,5000,1.0,3021694564,20260901
s_cosine,per_class,all,18,train,micro,target_top05_fraction,0.2977251904883483,0.24332490122786166,0.3537299323976955,84,84,84,84,,5000,5000,1.0,3021694564,20260901
s_cosine,per_class,all,18,train,micro,other_fg_top05_fraction,0.02783748902169955,0.002489885236595763,0.06534893590814642,84,84,84,84,,5000,5000,1.0,3021694564,20260901
s_cosine,per_class,all,18,train,micro,bg_top05_fraction,0.6741320701847016,0.6138709788627552,0.7334619869652764,84,84,84,84,,5000,5000,1.0,3021694564,20260901
s_cosine,per_class,all,18,train,micro,target_tail_enrich_05,0.819740220103089,0.6659654169945258,0.9978039239499561,84,84,84,84,,5000,5000,1.0,3021694564,20260901
s_cosine,per_class,all,18,train,micro,other_fg_tail_enrich_05,1.7475439484065007,0.6473355662283082,2.8805789557614085,10,84,10,84,,5000,5000,1.0,3021694564,20260901
s_cosine,per_class,all,18,train,micro,bg_tail_enrich_05,1.1789673546702777,1.0756947215896555,1.2826633424525633,83,84,83,84,,5000,5000,1.0,3021694564,20260901
s_cosine,per_class,all,18,train,micro,target_top10_fraction,0.2983568497923165,0.2479381059500782,0.35176121398953075,84,84,84,84,,5000,5000,1.0,3021694564,20260901
s_cosine,per_class,all,18,train,micro,other_fg_top10_fraction,0.022923979253688016,0.0015384534038764552,0.056171151613698816,84,84,84,84,,5000,5000,1.0,3021694564,20260901
s_cosine,per_class,all,18,train,micro,bg_top10_fraction,0.6781086703434948,0.622852824551989,0.7340843402637671,84,84,84,84,,5000,5000,1.0,3021694564,20260901
s_cosine,per_class,all,18,train,micro,target_tail_enrich_10,0.808122998449544,0.6770297129633664,0.9500049603070962,84,84,84,84,,5000,5000,1.0,3021694564,20260901
s_cosine,per_class,all,18,train,micro,other_fg_tail_enrich_10,1.1767769530722632,0.4017571943235683,2.0419621139180477,10,84,10,84,,5000,5000,1.0,3021694564,20260901
s_cosine,per_class,all,18,train,micro,bg_tail_enrich_10,1.189361330605387,1.097817997373554,1.2834200501333295,83,84,83,84,,5000,5000,1.0,3021694564,20260901
s_cosine,per_class,all,18,train,micro,target_top20_fraction,0.2953507475507337,0.2474227210682997,0.3467577430241173,84,84,84,84,,5000,5000,1.0,3021694564,20260901
s_cosine,per_class,all,18,train,micro,other_fg_top20_fraction,0.01775324634540377,0.0014529697229210155,0.043327513281085965,84,84,84,84,,5000,5000,1.0,3021694564,20260901
s_cosine,per_class,all,18,train,micro,bg_top20_fraction,0.6863593175047802,0.6342152683374856,0.7381982862333613,84,84,84,84,,5000,5000,1.0,3021694564,20260901
s_cosine,per_class,all,18,train,micro,target_tail_enrich_20,0.7833682394803848,0.6832966598086627,0.8892885279896586,84,84,84,84,,5000,5000,1.0,3021694564,20260901
s_cosine,per_class,all,18,train,micro,other_fg_tail_enrich_20,0.9707325275555343,0.37824866555648,1.6252882265697486,10,84,10,84,,5000,5000,1.0,3021694564,20260901
s_cosine,per_class,all,18,train,micro,bg_tail_enrich_20,1.2017456969932399,1.1228178250533902,1.2852407519561044,83,84,83,84,,5000,5000,1.0,3021694564,20260901
s_cosine,per_class,all,18,train,micro,auc_target_bg,0.4383297450377409,0.40945933923184924,0.4678019550502752,83,84,83,84,,5000,5000,1.0,3021694564,20260901
s_cosine,per_class,all,18,train,micro,ap_target_bg,0.3623192880131372,0.3192225716398174,0.4064021767374491,83,84,83,84,,5000,5000,1.0,3021694564,20260901
s_cosine,per_class,all,18,train,micro,auc_target_other,0.5094790384772605,0.3567045763274241,0.6808985936560926,10,84,10,84,,5000,5000,1.0,3021694564,20260901
s_cosine,per_class,all,18,train,micro,ap_target_other,0.7224016408173967,0.5013690295121312,0.9299308179667324,10,84,10,84,,5000,5000,1.0,3021694564,20260901
s_cosine,per_class,all,18,train,micro,target_mean,-0.07352221002254708,-0.11462125540426855,-0.030960330708009798,84,84,84,84,,5000,5000,1.0,3021694564,20260901
s_cosine,per_class,all,18,train,micro,other_fg_mean,-0.19535707245692716,-0.33534609844602115,-0.04180875765817423,10,84,10,84,,5000,5000,1.0,3021694564,20260901
s_cosine,per_class,all,18,train,micro,bg_mean,-0.012472335686873655,-0.054007856718841875,0.028957356855929522,83,84,83,84,,5000,5000,1.0,3021694564,20260901
s_cosine,per_class,all,18,train,micro,target_median,-0.06282717474095989,-0.10964551241831075,-0.014916201514487174,84,84,84,84,,5000,5000,1.0,3021694564,20260901
s_cosine,per_class,all,18,train,micro,other_fg_median,-0.2544466875493526,-0.45539741025173236,-0.04381860571780402,10,84,10,84,,5000,5000,1.0,3021694564,20260901
s_cosine,per_class,all,18,train,micro,bg_median,0.044325903217947805,-0.002677920676510209,0.09067500845239652,83,84,83,84,,5000,5000,1.0,3021694564,20260901
s_cosine,per_class,all,18,train,micro,spatial_mass_target,0.36681251751170274,0.322645465619973,0.4130851744740669,84,84,84,84,,5000,5000,1.0,3021694564,20260901
s_cosine,per_class,all,18,train,micro,spatial_mass_other_fg,0.013706109594620233,0.002320294194075922,0.028627188878973746,84,84,84,84,,5000,5000,1.0,3021694564,20260901
s_cosine,per_class,all,18,train,micro,spatial_mass_background,0.602878210312199,0.5574372382147149,0.6484065513104378,84,84,84,84,,5000,5000,1.0,3021694564,20260901
s_cosine,per_class,all,19,tvmonitor,micro,target_hit,0.43243243243243246,0.32432432432432434,0.5405405405405406,74,74,74,74,,5000,5000,1.0,3021694564,20260901
s_cosine,per_class,all,19,tvmonitor,micro,other_fg_hit,0.08108108108108109,0.02702702702702703,0.14864864864864866,74,74,74,74,,5000,5000,1.0,3021694564,20260901
s_cosine,per_class,all,19,tvmonitor,micro,background_hit,0.4864864864864865,0.36486486486486486,0.5945945945945946,74,74,74,74,,5000,5000,1.0,3021694564,20260901
s_cosine,per_class,all,19,tvmonitor,micro,target_top05_fraction,0.3931424024418335,0.3124373713767384,0.4797128452311596,74,74,74,74,,5000,5000,1.0,3021694564,20260901
s_cosine,per_class,all,19,tvmonitor,micro,other_fg_top05_fraction,0.11684203625882147,0.06465138023459503,0.17608852338359807,74,74,74,74,,5000,5000,1.0,3021694564,20260901
s_cosine,per_class,all,19,tvmonitor,micro,bg_top05_fraction,0.4893225606063446,0.40903861525794305,0.566611475827781,74,74,74,74,,5000,5000,1.0,3021694564,20260901
s_cosine,per_class,all,19,tvmonitor,micro,target_tail_enrich_05,3.3994119495542794,2.6426262241773117,4.248651732184716,67,74,67,74,,5000,5000,1.0,3021694564,20260901
s_cosine,per_class,all,19,tvmonitor,micro,other_fg_tail_enrich_05,0.7660523015117179,0.5028946859385983,1.048909895123108,37,74,37,74,,5000,5000,1.0,3021694564,20260901
s_cosine,per_class,all,19,tvmonitor,micro,bg_tail_enrich_05,0.6823165989953263,0.575175534029576,0.7850616385426326,73,74,73,74,,5000,5000,1.0,3021694564,20260901
s_cosine,per_class,all,19,tvmonitor,micro,target_top10_fraction,0.3769191956567983,0.3017742557783367,0.4563022806438335,74,74,74,74,,5000,5000,1.0,3021694564,20260901
s_cosine,per_class,all,19,tvmonitor,micro,other_fg_top10_fraction,0.11190747943133554,0.0631334184223722,0.16619341446422375,74,74,74,74,,5000,5000,1.0,3021694564,20260901
s_cosine,per_class,all,19,tvmonitor,micro,bg_top10_fraction,0.5096117663882822,0.4370540563611901,0.5808786053517679,74,74,74,74,,5000,5000,1.0,3021694564,20260901
s_cosine,per_class,all,19,tvmonitor,micro,target_tail_enrich_10,2.929804233714092,2.3832584031312813,3.5000897416085546,67,74,67,74,,5000,5000,1.0,3021694564,20260901
s_cosine,per_class,all,19,tvmonitor,micro,other_fg_tail_enrich_10,0.8422613885151428,0.576654679330683,1.120396466523492,37,74,37,74,,5000,5000,1.0,3021694564,20260901
s_cosine,per_class,all,19,tvmonitor,micro,bg_tail_enrich_10,0.695555646965151,0.6045179774005086,0.7840729550289642,73,74,73,74,,5000,5000,1.0,3021694564,20260901
s_cosine,per_class,all,19,tvmonitor,micro,target_top20_fraction,0.3451700487185899,0.2750141831440976,0.4177095273931142,74,74,74,74,,5000,5000,1.0,3021694564,20260901
s_cosine,per_class,all,19,tvmonitor,micro,other_fg_top20_fraction,0.10375223825536548,0.059721144993652636,0.15344068829911128,74,74,74,74,,5000,5000,1.0,3021694564,20260901
s_cosine,per_class,all,19,tvmonitor,micro,bg_top20_fraction,0.5498615725711533,0.48328660994385975,0.6154180265245138,74,74,74,74,,5000,5000,1.0,3021694564,20260901
s_cosine,per_class,all,19,tvmonitor,micro,target_tail_enrich_20,2.3166170873114,2.0143109355400317,2.6152057900143713,67,74,67,74,,5000,5000,1.0,3021694564,20260901
s_cosine,per_class,all,19,tvmonitor,micro,other_fg_tail_enrich_20,0.765903941532851,0.5507534493999556,0.9861169456202672,37,74,37,74,,5000,5000,1.0,3021694564,20260901
s_cosine,per_class,all,19,tvmonitor,micro,bg_tail_enrich_20,0.763254910817995,0.685599747453281,0.838321175404936,73,74,73,74,,5000,5000,1.0,3021694564,20260901
s_cosine,per_class,all,19,tvmonitor,micro,auc_target_bg,0.7350158321619381,0.6976452347115503,0.7706951295883993,66,74,66,74,,5000,5000,1.0,3021694564,20260901
s_cosine,per_class,all,19,tvmonitor,micro,ap_target_bg,0.43584185507340756,0.3714083417518422,0.504041402548953,66,74,66,74,,5000,5000,1.0,3021694564,20260901
s_cosine,per_class,all,19,tvmonitor,micro,auc_target_other,0.729939844052309,0.6377817657418533,0.8200197139993428,31,74,31,74,,5000,5000,1.0,3021694564,20260901
s_cosine,per_class,all,19,tvmonitor,micro,ap_target_other,0.6157579075955703,0.48280291815016874,0.7448534376901484,31,74,31,74,,5000,5000,1.0,3021694564,20260901
s_cosine,per_class,all,19,tvmonitor,micro,target_mean,0.47568121373048733,0.42092939741648644,0.5308066455852436,67,74,67,74,,5000,5000,1.0,3021694564,20260901
s_cosine,per_class,all,19,tvmonitor,micro,other_fg_mean,-0.004660239889861236,-0.07180867415215958,0.06323751192072916,37,74,37,74,,5000,5000,1.0,3021694564,20260901
s_cosine,per_class,all,19,tvmonitor,micro,bg_mean,0.12373460912920671,0.08205918765832144,0.16226730360344488,73,74,73,74,,5000,5000,1.0,3021694564,20260901
s_cosine,per_class,all,19,tvmonitor,micro,target_median,0.5841451846341144,0.5153539177937865,0.65227991595033,67,74,67,74,,5000,5000,1.0,3021694564,20260901
s_cosine,per_class,all,19,tvmonitor,micro,other_fg_median,-0.02592728219157859,-0.10108366344149071,0.04901352625582088,37,74,37,74,,5000,5000,1.0,3021694564,20260901
s_cosine,per_class,all,19,tvmonitor,micro,bg_median,0.18094019928934332,0.12698429147361934,0.23284675761376974,73,74,73,74,,5000,5000,1.0,3021694564,20260901
s_cosine,per_class,all,19,tvmonitor,micro,spatial_mass_target,0.22171246880866788,0.17119366135353825,0.27558110852826484,74,74,74,74,,5000,5000,1.0,3021694564,20260901
s_cosine,per_class,all,19,tvmonitor,micro,spatial_mass_other_fg,0.10767403944722705,0.07025181142474853,0.15001585206042065,74,74,74,74,,5000,5000,1.0,3021694564,20260901
s_cosine,per_class,all,19,tvmonitor,micro,spatial_mass_background,0.648259855706144,0.5957755001790419,0.6992834988024992,74,74,74,74,,5000,5000,1.0,3021694564,20260901
s_dot,all_positive_classes,all,,,micro,target_hit,0.40521658127619936,0.385807435082643,0.4257340340985294,1449,1449,2147,2147,,5000,5000,1.0,3021694564,20260901
s_dot,all_positive_classes,all,,,micro,other_fg_hit,0.17699115044247787,0.16035496246184308,0.19346232064243632,1449,1449,2147,2147,,5000,5000,1.0,3021694564,20260901
s_dot,all_positive_classes,all,,,micro,background_hit,0.4149976711690731,0.388709593433383,0.4403977799128435,1449,1449,2147,2147,,5000,5000,1.0,3021694564,20260901
s_dot,all_positive_classes,all,,,micro,target_top05_fraction,0.36804736698957574,0.35298139106261167,0.38310057697100297,1449,1449,2147,2147,,5000,5000,1.0,3021694564,20260901
s_dot,all_positive_classes,all,,,micro,other_fg_top05_fraction,0.15922593324643286,0.14688300524154418,0.17174831839394616,1449,1449,2147,2147,,5000,5000,1.0,3021694564,20260901
s_dot,all_positive_classes,all,,,micro,bg_top05_fraction,0.4717227580326272,0.45311716952395426,0.4903060530451696,1449,1449,2147,2147,,5000,5000,1.0,3021694564,20260901
s_dot,all_positive_classes,all,,,micro,target_tail_enrich_05,1.9524114743961112,1.8461810123407567,2.0622920138003233,1441,1449,2031,2147,,5000,5000,1.0,3021694564,20260901
s_dot,all_positive_classes,all,,,micro,other_fg_tail_enrich_05,1.3438221160225188,1.245643593958977,1.448550678227723,520,1449,1158,2147,,5000,5000,1.0,3021694564,20260901
s_dot,all_positive_classes,all,,,micro,bg_tail_enrich_05,0.7615363656936003,0.7290713168491598,0.7965897483061036,1432,1449,2120,2147,,5000,5000,1.0,3021694564,20260901
s_dot,all_positive_classes,all,,,micro,target_top10_fraction,0.34922471323571747,0.3346774130937412,0.36357341837625395,1449,1449,2147,2147,,5000,5000,1.0,3021694564,20260901
s_dot,all_positive_classes,all,,,micro,other_fg_top10_fraction,0.15528078659466227,0.14317619616540894,0.16743742621711277,1449,1449,2147,2147,,5000,5000,1.0,3021694564,20260901
s_dot,all_positive_classes,all,,,micro,bg_top10_fraction,0.49446756058155106,0.4762168921811519,0.5125284227429332,1449,1449,2147,2147,,5000,5000,1.0,3021694564,20260901
s_dot,all_positive_classes,all,,,micro,target_tail_enrich_10,1.702037958356004,1.6316748121459481,1.7742536862220735,1441,1449,2031,2147,,5000,5000,1.0,3021694564,20260901
s_dot,all_positive_classes,all,,,micro,other_fg_tail_enrich_10,1.2266232578373892,1.1556098890580884,1.2997153844149514,520,1449,1158,2147,,5000,5000,1.0,3021694564,20260901
s_dot,all_positive_classes,all,,,micro,bg_tail_enrich_10,0.7903427616218068,0.7626474618333285,0.8185839302406487,1432,1449,2120,2147,,5000,5000,1.0,3021694564,20260901
s_dot,all_positive_classes,all,,,micro,target_top20_fraction,0.321389519212535,0.3078747469261302,0.3352715861183255,1449,1449,2147,2147,,5000,5000,1.0,3021694564,20260901
s_dot,all_positive_classes,all,,,micro,other_fg_top20_fraction,0.1486849661342213,0.13712932366054173,0.1602765637755592,1449,1449,2147,2147,,5000,5000,1.0,3021694564,20260901
s_dot,all_positive_classes,all,,,micro,bg_top20_fraction,0.5291433165654617,0.5116435000981836,0.5467758028062129,1449,1449,2147,2147,,5000,5000,1.0,3021694564,20260901
s_dot,all_positive_classes,all,,,micro,target_tail_enrich_20,1.4222304243725112,1.3750077842406672,1.4689496196220497,1441,1449,2031,2147,,5000,5000,1.0,3021694564,20260901
s_dot,all_positive_classes,all,,,micro,other_fg_tail_enrich_20,1.0930836976249185,1.0440423482504755,1.1439768050442432,520,1449,1158,2147,,5000,5000,1.0,3021694564,20260901
s_dot,all_positive_classes,all,,,micro,bg_tail_enrich_20,0.8385484061964673,0.8162033933667072,0.8615309809692253,1432,1449,2120,2147,,5000,5000,1.0,3021694564,20260901
s_dot,all_positive_classes,all,,,micro,auc_target_bg,0.5619883403392758,0.5513026816898051,0.572571663193715,1424,1449,2004,2147,,5000,5000,1.0,3021694564,20260901
s_dot,all_positive_classes,all,,,micro,ap_target_bg,0.39689736929670866,0.383069904427656,0.4105621527438686,1424,1449,2004,2147,,5000,5000,1.0,3021694564,20260901
s_dot,all_positive_classes,all,,,micro,auc_target_other,0.5519896329655455,0.5415907547534843,0.5628810613213189,462,1449,1052,2147,,5000,5000,1.0,3021694564,20260901
s_dot,all_positive_classes,all,,,micro,ap_target_other,0.5132598031942942,0.5027728694388739,0.5244322370724631,462,1449,1052,2147,,5000,5000,1.0,3021694564,20260901
s_dot,all_positive_classes,all,,,micro,target_mean,3756.927878260061,3175.1598980460176,4330.859942895592,1441,1449,2031,2147,,5000,5000,1.0,3021694564,20260901
s_dot,all_positive_classes,all,,,micro,other_fg_mean,607.8756614639323,-70.23980230604107,1280.426646144961,520,1449,1158,2147,,5000,5000,1.0,3021694564,20260901
s_dot,all_positive_classes,all,,,micro,bg_mean,-1550.1540602360162,-1997.9861430086542,-1111.022697965423,1432,1449,2120,2147,,5000,5000,1.0,3021694564,20260901
s_dot,all_positive_classes,all,,,micro,target_median,5607.799418586983,5026.038261161165,6176.769025020628,1441,1449,2031,2147,,5000,5000,1.0,3021694564,20260901
s_dot,all_positive_classes,all,,,micro,other_fg_median,1501.9276351814442,844.0123703809675,2172.62343160504,520,1449,1158,2147,,5000,5000,1.0,3021694564,20260901
s_dot,all_positive_classes,all,,,micro,bg_median,1304.5421033539862,914.2648885493586,1669.1711335216978,1432,1449,2120,2147,,5000,5000,1.0,3021694564,20260901
s_dot,all_positive_classes,all,,,micro,spatial_mass_target,0.38726516421484136,0.36792998625009304,0.4074140404753029,1449,1449,2147,2147,,5000,5000,1.0,3021694564,20260901
s_dot,all_positive_classes,all,,,micro,spatial_mass_other_fg,0.16624308731450843,0.15016576244434132,0.18182517528535733,1449,1449,2147,2147,,5000,5000,1.0,3021694564,20260901
s_dot,all_positive_classes,all,,,micro,spatial_mass_background,0.3822160163880466,0.35666298226026877,0.40708177318761585,1449,1449,2147,2147,,5000,5000,1.0,3021694564,20260901
s_dot,all_positive_classes,all,,,macro_class,target_hit,0.3757516558876702,0.3546239742026367,0.39762269739863804,1449,1449,2147,2147,20,5000,5000,1.0,3021694564,20260901
s_dot,all_positive_classes,all,,,macro_class,other_fg_hit,0.16824304086589778,0.1514066361686999,0.18485334937655196,1449,1449,2147,2147,20,5000,5000,1.0,3021694564,20260901
s_dot,all_positive_classes,all,,,macro_class,background_hit,0.45341470735709527,0.42738984152717063,0.4779948356176628,1449,1449,2147,2147,20,5000,5000,1.0,3021694564,20260901
s_dot,all_positive_classes,all,,,macro_class,target_top05_fraction,0.3464636280565194,0.331607972122331,0.36161196827682085,1449,1449,2147,2147,20,5000,5000,1.0,3021694564,20260901
s_dot,all_positive_classes,all,,,macro_class,other_fg_top05_fraction,0.1446389833655299,0.13259132897276682,0.15698422952746854,1449,1449,2147,2147,20,5000,5000,1.0,3021694564,20260901
s_dot,all_positive_classes,all,,,macro_class,bg_top05_fraction,0.5078881727902653,0.49080378095866384,0.5248644746647022,1449,1449,2147,2147,20,5000,5000,1.0,3021694564,20260901
s_dot,all_positive_classes,all,,,macro_class,target_tail_enrich_05,1.9400676276925055,1.8207943999380731,2.0644264853326484,1441,1449,2031,2147,20,5000,5000,1.0,3021694564,20260901
s_dot,all_positive_classes,all,,,macro_class,other_fg_tail_enrich_05,1.3286319463836915,1.1941622928891296,1.4712755105927677,520,1449,1158,2147,20,5000,5000,1.0,3021694564,20260901
s_dot,all_positive_classes,all,,,macro_class,bg_tail_enrich_05,0.8061407765694183,0.7777303119806886,0.8369373010921546,1432,1449,2120,2147,20,5000,5000,1.0,3021694564,20260901
s_dot,all_positive_classes,all,,,macro_class,target_top10_fraction,0.331407121198465,0.31733663890090424,0.3458065342861063,1449,1449,2147,2147,20,5000,5000,1.0,3021694564,20260901
s_dot,all_positive_classes,all,,,macro_class,other_fg_top10_fraction,0.13740201900096177,0.12610975790545353,0.14889112045362,1449,1449,2147,2147,20,5000,5000,1.0,3021694564,20260901
s_dot,all_positive_classes,all,,,macro_class,bg_top10_fraction,0.5301453519131949,0.5137097927439604,0.5464588214314471,1449,1449,2147,2147,20,5000,5000,1.0,3021694564,20260901
s_dot,all_positive_classes,all,,,macro_class,target_tail_enrich_10,1.6879908603258946,1.6116094132881362,1.7671130098537184,1441,1449,2031,2147,20,5000,5000,1.0,3021694564,20260901
s_dot,all_positive_classes,all,,,macro_class,other_fg_tail_enrich_10,1.1652384944485539,1.0633791881443142,1.2741545842655,520,1449,1158,2147,20,5000,5000,1.0,3021694564,20260901
s_dot,all_positive_classes,all,,,macro_class,bg_tail_enrich_10,0.8333397662753678,0.8087461226232215,0.8586962468976204,1432,1449,2120,2147,20,5000,5000,1.0,3021694564,20260901
s_dot,all_positive_classes,all,,,macro_class,target_top20_fraction,0.3076164889541755,0.2945155545911617,0.3210997789806847,1449,1449,2147,2147,20,5000,5000,1.0,3021694564,20260901
s_dot,all_positive_classes,all,,,macro_class,other_fg_top20_fraction,0.12894188935752673,0.11848182812704901,0.13952250003383562,1449,1449,2147,2147,20,5000,5000,1.0,3021694564,20260901
s_dot,all_positive_classes,all,,,macro_class,bg_top20_fraction,0.5626689090726995,0.5470218026082063,0.5781811382899691,1449,1449,2147,2147,20,5000,5000,1.0,3021694564,20260901
s_dot,all_positive_classes,all,,,macro_class,target_tail_enrich_20,1.412763103921884,1.3639638099364177,1.4602287475404723,1441,1449,2031,2147,20,5000,5000,1.0,3021694564,20260901
s_dot,all_positive_classes,all,,,macro_class,other_fg_tail_enrich_20,0.9984618084091081,0.925507571745774,1.0745111142586494,520,1449,1158,2147,20,5000,5000,1.0,3021694564,20260901
s_dot,all_positive_classes,all,,,macro_class,bg_tail_enrich_20,0.8782153897660784,0.8583313777520405,0.8986612392706286,1432,1449,2120,2147,20,5000,5000,1.0,3021694564,20260901
s_dot,all_positive_classes,all,,,macro_class,auc_target_bg,0.5532751452868693,0.5437370615244927,0.5625300830264081,1424,1449,2004,2147,20,5000,5000,1.0,3021694564,20260901
s_dot,all_positive_classes,all,,,macro_class,ap_target_bg,0.38236971447048657,0.369214640460644,0.39543951361803015,1424,1449,2004,2147,20,5000,5000,1.0,3021694564,20260901
s_dot,all_positive_classes,all,,,macro_class,auc_target_other,0.567526218517165,0.540308590611418,0.5954392546883696,462,1449,1052,2147,20,5000,5000,1.0,3021694564,20260901
s_dot,all_positive_classes,all,,,macro_class,ap_target_other,0.5532871140967879,0.5195372943925887,0.5871598065354776,462,1449,1052,2147,20,5000,5000,1.0,3021694564,20260901
s_dot,all_positive_classes,all,,,macro_class,target_mean,2477.1861593439935,1954.6007311913097,2987.195887400976,1441,1449,2031,2147,20,5000,5000,1.0,3021694564,20260901
s_dot,all_positive_classes,all,,,macro_class,other_fg_mean,-1671.8977056775464,-2738.1153128754518,-606.4420029891747,520,1449,1158,2147,20,5000,5000,1.0,3021694564,20260901
s_dot,all_positive_classes,all,,,macro_class,bg_mean,-1991.3541370640673,-2388.7465915573694,-1606.5067127539273,1432,1449,2120,2147,20,5000,5000,1.0,3021694564,20260901
s_dot,all_positive_classes,all,,,macro_class,target_median,4467.550578299308,3946.2095207188027,4966.316109781457,1441,1449,2031,2147,20,5000,5000,1.0,3021694564,20260901
s_dot,all_positive_classes,all,,,macro_class,other_fg_median,-1158.3172391847104,-2262.0524286354107,-67.61654874631678,520,1449,1158,2147,20,5000,5000,1.0,3021694564,20260901
s_dot,all_positive_classes,all,,,macro_class,bg_median,827.8535894283993,474.06310519074236,1155.7827688547982,1432,1449,2120,2147,20,5000,5000,1.0,3021694564,20260901
s_dot,all_positive_classes,all,,,macro_class,spatial_mass_target,0.35841899753891077,0.3376033125568208,0.3797071670647107,1449,1449,2147,2147,20,5000,5000,1.0,3021694564,20260901
s_dot,all_positive_classes,all,,,macro_class,spatial_mass_other_fg,0.15788215677482786,0.14102765422185973,0.17405422334551587,1449,1449,2147,2147,20,5000,5000,1.0,3021694564,20260901
s_dot,all_positive_classes,all,,,macro_class,spatial_mass_background,0.41898948190058505,0.39344120041420794,0.4441340741666203,1449,1449,2147,2147,20,5000,5000,1.0,3021694564,20260901
s_dot,all_positive_classes,single_label,,,micro,target_hit,0.5631067961165048,0.5318230852211435,0.5954692556634305,927,927,927,927,,5000,5000,1.0,3021694564,20260901
s_dot,all_positive_classes,single_label,,,micro,other_fg_hit,0.0,0.0,0.0,927,927,927,927,,5000,5000,1.0,3021694564,20260901
s_dot,all_positive_classes,single_label,,,micro,background_hit,0.43581445523193096,0.4034519956850054,0.4670981661272923,927,927,927,927,,5000,5000,1.0,3021694564,20260901
s_dot,all_positive_classes,single_label,,,micro,target_top05_fraction,0.506490971673255,0.4822887940188392,0.530208438515259,927,927,927,927,,5000,5000,1.0,3021694564,20260901
s_dot,all_positive_classes,single_label,,,micro,other_fg_top05_fraction,0.0,0.0,0.0,927,927,927,927,,5000,5000,1.0,3021694564,20260901
s_dot,all_positive_classes,single_label,,,micro,bg_top05_fraction,0.4927631578511297,0.4691274659742986,0.516912452568883,927,927,927,927,,5000,5000,1.0,3021694564,20260901
s_dot,all_positive_classes,single_label,,,micro,target_tail_enrich_05,1.97260452248076,1.8356710417498894,2.120047580715241,921,927,921,927,,5000,5000,1.0,3021694564,20260901
s_dot,all_positive_classes,single_label,,,micro,bg_tail_enrich_05,0.7220417294705171,0.6854530530906509,0.7599828790790257,918,927,918,927,,5000,5000,1.0,3021694564,20260901
s_dot,all_positive_classes,single_label,,,micro,target_top10_fraction,0.4788640225708445,0.4558744364229051,0.5015406034518807,927,927,927,927,,5000,5000,1.0,3021694564,20260901
s_dot,all_positive_classes,single_label,,,micro,other_fg_top10_fraction,0.0,0.0,0.0,927,927,927,927,,5000,5000,1.0,3021694564,20260901
s_dot,all_positive_classes,single_label,,,micro,bg_top10_fraction,0.5204093433671979,0.4976715678224332,0.543374119811714,927,927,927,927,,5000,5000,1.0,3021694564,20260901
s_dot,all_positive_classes,single_label,,,micro,target_tail_enrich_10,1.704530588419937,1.606559601442499,1.8063757986894409,921,927,921,927,,5000,5000,1.0,3021694564,20260901
s_dot,all_positive_classes,single_label,,,micro,bg_tail_enrich_10,0.7561224027488118,0.723322543702041,0.7896461688011951,918,927,918,927,,5000,5000,1.0,3021694564,20260901
s_dot,all_positive_classes,single_label,,,micro,target_top20_fraction,0.4401578536270637,0.41803301580835783,0.4623670187037336,927,927,927,927,,5000,5000,1.0,3021694564,20260901
s_dot,all_positive_classes,single_label,,,micro,other_fg_top20_fraction,0.0,0.0,0.0,927,927,927,927,,5000,5000,1.0,3021694564,20260901
s_dot,all_positive_classes,single_label,,,micro,bg_top20_fraction,0.5593248537747866,0.5370822093424534,0.5813986468627272,927,927,927,927,,5000,5000,1.0,3021694564,20260901
s_dot,all_positive_classes,single_label,,,micro,target_tail_enrich_20,1.415993682169683,1.3506373316216067,1.482487683649044,921,927,921,927,,5000,5000,1.0,3021694564,20260901
s_dot,all_positive_classes,single_label,,,micro,bg_tail_enrich_20,0.8092676293223957,0.7793856862569718,0.8383603551892543,918,927,918,927,,5000,5000,1.0,3021694564,20260901
s_dot,all_positive_classes,single_label,,,micro,auc_target_bg,0.5694697034448908,0.5536795583993306,0.5850585949655261,912,927,912,927,,5000,5000,1.0,3021694564,20260901
s_dot,all_positive_classes,single_label,,,micro,ap_target_bg,0.46448225835303886,0.4454715206140909,0.4835914370393213,912,927,912,927,,5000,5000,1.0,3021694564,20260901
s_dot,all_positive_classes,single_label,,,micro,target_mean,2202.3831972941102,1179.7375487827992,3212.4970949371714,921,927,921,927,,5000,5000,1.0,3021694564,20260901
s_dot,all_positive_classes,single_label,,,micro,bg_mean,-4938.432124831969,-5671.674710631721,-4217.069207178916,918,927,918,927,,5000,5000,1.0,3021694564,20260901
s_dot,all_positive_classes,single_label,,,micro,target_median,5074.159651972701,4040.5626904902274,6105.085895470576,921,927,921,927,,5000,5000,1.0,3021694564,20260901
s_dot,all_positive_classes,single_label,,,micro,bg_median,-232.66777929111763,-871.2400540524314,390.90860687974475,918,927,918,927,,5000,5000,1.0,3021694564,20260901
s_dot,all_positive_classes,single_label,,,micro,spatial_mass_target,0.540443287183809,0.5091492996761071,0.5727962041621326,927,927,927,927,,5000,5000,1.0,3021694564,20260901
s_dot,all_positive_classes,single_label,,,micro,spatial_mass_other_fg,0.0,0.0,0.0,927,927,927,927,,5000,5000,1.0,3021694564,20260901
s_dot,all_positive_classes,single_label,,,micro,spatial_mass_background,0.41101302345963486,0.378650563782505,0.44230652163297485,927,927,927,927,,5000,5000,1.0,3021694564,20260901
s_dot,all_positive_classes,single_label,,,macro_class,target_hit,0.5519953066131892,0.5195722564652926,0.5849147797187733,927,927,927,927,20,5000,5000,1.0,3021694564,20260901
s_dot,all_positive_classes,single_label,,,macro_class,other_fg_hit,0.0,0.0,0.0,927,927,927,927,20,5000,5000,1.0,3021694564,20260901
s_dot,all_positive_classes,single_label,,,macro_class,background_hit,0.44704315492527247,0.4143948541775095,0.4792917097515816,927,927,927,927,20,5000,5000,1.0,3021694564,20260901
s_dot,all_positive_classes,single_label,,,macro_class,target_top05_fraction,0.496843401090904,0.47099629955098143,0.524423375775995,927,927,927,927,20,5000,5000,1.0,3021694564,20260901
s_dot,all_positive_classes,single_label,,,macro_class,other_fg_top05_fraction,0.0,0.0,0.0,927,927,927,927,20,5000,5000,1.0,3021694564,20260901
s_dot,all_positive_classes,single_label,,,macro_class,bg_top05_fraction,0.5023201432257726,0.47474191257115805,0.5281067249740283,927,927,927,927,20,5000,5000,1.0,3021694564,20260901
s_dot,all_positive_classes,single_label,,,macro_class,target_tail_enrich_05,1.919856566920355,1.781831782508844,2.0694973581021103,921,927,921,927,20,5000,5000,1.0,3021694564,20260901
s_dot,all_positive_classes,single_label,,,macro_class,bg_tail_enrich_05,0.7442559676589423,0.7037675646079801,0.7856498125802629,918,927,918,927,20,5000,5000,1.0,3021694564,20260901
s_dot,all_positive_classes,single_label,,,macro_class,target_top10_fraction,0.4751146449569929,0.44979160763045917,0.501404441991859,927,927,927,927,20,5000,5000,1.0,3021694564,20260901
s_dot,all_positive_classes,single_label,,,macro_class,other_fg_top10_fraction,0.0,0.0,0.0,927,927,927,927,20,5000,5000,1.0,3021694564,20260901
s_dot,all_positive_classes,single_label,,,macro_class,bg_top10_fraction,0.5240561724592765,0.4976662828882732,0.5494967177879757,927,927,927,927,20,5000,5000,1.0,3021694564,20260901
s_dot,all_positive_classes,single_label,,,macro_class,target_tail_enrich_10,1.6814887597804489,1.5827557522010023,1.7868373355468379,921,927,921,927,20,5000,5000,1.0,3021694564,20260901
s_dot,all_positive_classes,single_label,,,macro_class,bg_tail_enrich_10,0.7687157779080713,0.731389910900399,0.8051485460972877,918,927,918,927,20,5000,5000,1.0,3021694564,20260901
s_dot,all_positive_classes,single_label,,,macro_class,target_top20_fraction,0.44259653097176965,0.4170969579095898,0.4685997952417343,927,927,927,927,20,5000,5000,1.0,3021694564,20260901
s_dot,all_positive_classes,single_label,,,macro_class,other_fg_top20_fraction,0.0,0.0,0.0,927,927,927,927,20,5000,5000,1.0,3021694564,20260901
s_dot,all_positive_classes,single_label,,,macro_class,bg_top20_fraction,0.5568511092226103,0.5308391538640632,0.582325016881233,927,927,927,927,20,5000,5000,1.0,3021694564,20260901
s_dot,all_positive_classes,single_label,,,macro_class,target_tail_enrich_20,1.4212628712695037,1.350404604804367,1.4988966864305615,921,927,921,927,20,5000,5000,1.0,3021694564,20260901
s_dot,all_positive_classes,single_label,,,macro_class,bg_tail_enrich_20,0.8125661290668728,0.7779373267639932,0.8459964678758629,918,927,918,927,20,5000,5000,1.0,3021694564,20260901
s_dot,all_positive_classes,single_label,,,macro_class,auc_target_bg,0.5699885620850602,0.553427452387126,0.5857332198417031,912,927,912,927,20,5000,5000,1.0,3021694564,20260901
s_dot,all_positive_classes,single_label,,,macro_class,ap_target_bg,0.4641107189804325,0.44170297486066673,0.48924102869114516,912,927,912,927,20,5000,5000,1.0,3021694564,20260901
s_dot,all_positive_classes,single_label,,,macro_class,target_mean,2628.3770233653886,1903.4052058994096,3343.3756371676086,921,927,921,927,20,5000,5000,1.0,3021694564,20260901
s_dot,all_positive_classes,single_label,,,macro_class,bg_mean,-3531.9780113783672,-4156.190487335991,-2943.5564100492816,918,927,918,927,20,5000,5000,1.0,3021694564,20260901
s_dot,all_positive_classes,single_label,,,macro_class,target_median,5334.4817440069355,4608.625995180144,6044.2045658762945,921,927,921,927,20,5000,5000,1.0,3021694564,20260901
s_dot,all_positive_classes,single_label,,,macro_class,bg_median,431.3701069923183,-85.91838425323175,927.7104875167661,918,927,918,927,20,5000,5000,1.0,3021694564,20260901
s_dot,all_positive_classes,single_label,,,macro_class,spatial_mass_target,0.5263739755592198,0.493539006679998,0.5598486732338809,927,927,927,927,20,5000,5000,1.0,3021694564,20260901
s_dot,all_positive_classes,single_label,,,macro_class,spatial_mass_other_fg,0.0,0.0,0.0,927,927,927,927,20,5000,5000,1.0,3021694564,20260901
s_dot,all_positive_classes,single_label,,,macro_class,spatial_mass_background,0.4129989532003395,0.38015617690100095,0.4457447084513333,927,927,927,927,20,5000,5000,1.0,3021694564,20260901
s_dot,all_positive_classes,exactly_2_labels,,,micro,target_hit,0.31733333333333336,0.2906666666666667,0.344,375,375,750,750,,5000,5000,1.0,3021694564,20260901
s_dot,all_positive_classes,exactly_2_labels,,,micro,other_fg_hit,0.268,0.24266666666666667,0.2920333333333328,375,375,750,750,,5000,5000,1.0,3021694564,20260901
s_dot,all_positive_classes,exactly_2_labels,,,micro,background_hit,0.412,0.368,0.456,375,375,750,750,,5000,5000,1.0,3021694564,20260901
s_dot,all_positive_classes,exactly_2_labels,,,micro,target_top05_fraction,0.2958895033143119,0.2780907670518694,0.3142889109588514,375,375,750,750,,5000,5000,1.0,3021694564,20260901
s_dot,all_positive_classes,exactly_2_labels,,,micro,other_fg_top05_fraction,0.24391433113792796,0.2269434281220019,0.26094104084067116,375,375,750,750,,5000,5000,1.0,3021694564,20260901
s_dot,all_positive_classes,exactly_2_labels,,,micro,bg_top05_fraction,0.4593764174595908,0.4273932425007432,0.4908814737887234,375,375,750,750,,5000,5000,1.0,3021694564,20260901
s_dot,all_positive_classes,exactly_2_labels,,,micro,target_tail_enrich_05,1.896805752951751,1.7191124204902333,2.0862516814332874,373,375,695,750,,5000,5000,1.0,3021694564,20260901
s_dot,all_positive_classes,exactly_2_labels,,,micro,other_fg_tail_enrich_05,1.395429651136355,1.262025363688449,1.5355887776922224,373,375,695,750,,5000,5000,1.0,3021694564,20260901
s_dot,all_positive_classes,exactly_2_labels,,,micro,bg_tail_enrich_05,0.785669192846287,0.717453202335561,0.8634563704650007,369,375,738,750,,5000,5000,1.0,3021694564,20260901
s_dot,all_positive_classes,exactly_2_labels,,,micro,target_top10_fraction,0.2835741535538924,0.2664179514964065,0.3017549141468971,375,375,750,750,,5000,5000,1.0,3021694564,20260901
s_dot,all_positive_classes,exactly_2_labels,,,micro,other_fg_top10_fraction,0.23690180124207355,0.22043931233422595,0.253311181737885,375,375,750,750,,5000,5000,1.0,3021694564,20260901
s_dot,all_positive_classes,exactly_2_labels,,,micro,bg_top10_fraction,0.4785458668201264,0.44710335617908914,0.5095340536451335,375,375,750,750,,5000,5000,1.0,3021694564,20260901
s_dot,all_positive_classes,exactly_2_labels,,,micro,target_tail_enrich_10,1.676530612087816,1.5524789770360068,1.8048436367639948,373,375,695,750,,5000,5000,1.0,3021694564,20260901
s_dot,all_positive_classes,exactly_2_labels,,,micro,other_fg_tail_enrich_10,1.2643493937401493,1.1669811781994004,1.3613996764332175,373,375,695,750,,5000,5000,1.0,3021694564,20260901
s_dot,all_positive_classes,exactly_2_labels,,,micro,bg_tail_enrich_10,0.8068703683173634,0.7522010327394185,0.8656786743821908,369,375,738,750,,5000,5000,1.0,3021694564,20260901
s_dot,all_positive_classes,exactly_2_labels,,,micro,target_top20_fraction,0.2622666914418589,0.24573943089163539,0.27972183901039016,375,375,750,750,,5000,5000,1.0,3021694564,20260901
s_dot,all_positive_classes,exactly_2_labels,,,micro,other_fg_top20_fraction,0.2258315374503062,0.21034779950291707,0.24135805755657264,375,375,750,750,,5000,5000,1.0,3021694564,20260901
s_dot,all_positive_classes,exactly_2_labels,,,micro,bg_top20_fraction,0.5110199164789919,0.4803041936445914,0.5409790632228729,375,375,750,750,,5000,5000,1.0,3021694564,20260901
s_dot,all_positive_classes,exactly_2_labels,,,micro,target_tail_enrich_20,1.4048235873462076,1.3217852894441358,1.4897782718359651,373,375,695,750,,5000,5000,1.0,3021694564,20260901
s_dot,all_positive_classes,exactly_2_labels,,,micro,other_fg_tail_enrich_20,1.1129958774973587,1.0461230740907475,1.1807947262872225,373,375,695,750,,5000,5000,1.0,3021694564,20260901
s_dot,all_positive_classes,exactly_2_labels,,,micro,bg_tail_enrich_20,0.8469305783197083,0.803978046230922,0.8916559644624645,369,375,738,750,,5000,5000,1.0,3021694564,20260901
s_dot,all_positive_classes,exactly_2_labels,,,micro,auc_target_bg,0.5596472458113732,0.5416800630006251,0.5774880653081178,367,375,683,750,,5000,5000,1.0,3021694564,20260901
s_dot,all_positive_classes,exactly_2_labels,,,micro,ap_target_bg,0.3635074111454076,0.3415554855128011,0.38607445702918103,367,375,683,750,,5000,5000,1.0,3021694564,20260901
s_dot,all_positive_classes,exactly_2_labels,,,micro,auc_target_other,0.5479986633268461,0.5362339748720545,0.5611016262756336,322,375,644,750,,5000,5000,1.0,3021694564,20260901
s_dot,all_positive_classes,exactly_2_labels,,,micro,ap_target_other,0.5652243473107201,0.5559701547760635,0.5748746631595083,322,375,644,750,,5000,5000,1.0,3021694564,20260901
s_dot,all_positive_classes,exactly_2_labels,,,micro,target_mean,5351.596816290144,4488.2053125393695,6184.442255075262,373,375,695,750,,5000,5000,1.0,3021694564,20260901
s_dot,all_positive_classes,exactly_2_labels,,,micro,other_fg_mean,843.6251405617564,-185.6465371651624,1834.8978731711663,373,375,695,750,,5000,5000,1.0,3021694564,20260901
s_dot,all_positive_classes,exactly_2_labels,,,micro,bg_mean,890.062830279836,192.2828552320379,1587.3408884908306,369,375,738,750,,5000,5000,1.0,3021694564,20260901
s_dot,all_positive_classes,exactly_2_labels,,,micro,target_median,6628.80726198464,5818.600119106487,7418.347174663106,373,375,695,750,,5000,5000,1.0,3021694564,20260901
s_dot,all_positive_classes,exactly_2_labels,,,micro,other_fg_median,1996.7521561706667,956.8763683169484,2963.438592400717,373,375,695,750,,5000,5000,1.0,3021694564,20260901
s_dot,all_positive_classes,exactly_2_labels,,,micro,bg_median,2791.748473271122,2183.429671327731,3421.4089861180623,369,375,738,750,,5000,5000,1.0,3021694564,20260901
s_dot,all_positive_classes,exactly_2_labels,,,micro,spatial_mass_target,0.29795650713316474,0.2719129640393153,0.32462317380380507,375,375,750,750,,5000,5000,1.0,3021694564,20260901
s_dot,all_positive_classes,exactly_2_labels,,,micro,spatial_mass_other_fg,0.25466666666666676,0.22933333333333344,0.28,375,375,750,750,,5000,5000,1.0,3021694564,20260901
s_dot,all_positive_classes,exactly_2_labels,,,micro,spatial_mass_background,0.36737682614704514,0.3239979906082153,0.41066666702837346,375,375,750,750,,5000,5000,1.0,3021694564,20260901
s_dot,all_positive_classes,exactly_2_labels,,,macro_class,target_hit,0.25902844830290483,0.22257953193551683,0.299592567093639,375,375,750,750,20,5000,5000,1.0,3021694564,20260901
s_dot,all_positive_classes,exactly_2_labels,,,macro_class,other_fg_hit,0.2962322544605153,0.24641490335751665,0.34892536526115014,375,375,750,750,20,5000,5000,1.0,3021694564,20260901
s_dot,all_positive_classes,exactly_2_labels,,,macro_class,background_hit,0.443419783417066,0.3868992631472925,0.4985037533033821,375,375,750,750,20,5000,5000,1.0,3021694564,20260901
s_dot,all_positive_classes,exactly_2_labels,,,macro_class,target_top05_fraction,0.2766998368497919,0.2472860287714534,0.3057454201975346,375,375,750,750,20,5000,5000,1.0,3021694564,20260901
s_dot,all_positive_classes,exactly_2_labels,,,macro_class,other_fg_top05_fraction,0.2431698962006669,0.21143823034415699,0.2758471682359343,375,375,750,750,20,5000,5000,1.0,3021694564,20260901
s_dot,all_positive_classes,exactly_2_labels,,,macro_class,bg_top05_fraction,0.4793907035112176,0.4477072239863922,0.5112108199427376,375,375,750,750,20,5000,5000,1.0,3021694564,20260901
s_dot,all_positive_classes,exactly_2_labels,,,macro_class,target_tail_enrich_05,1.905056095405455,1.5970832052557224,2.2818755448885013,373,375,695,750,20,5000,5000,1.0,3021694564,20260901
s_dot,all_positive_classes,exactly_2_labels,,,macro_class,other_fg_tail_enrich_05,1.3792508240993693,1.2125612774670356,1.5564415540836685,373,375,695,750,20,5000,5000,1.0,3021694564,20260901
s_dot,all_positive_classes,exactly_2_labels,,,macro_class,bg_tail_enrich_05,0.8171163502639651,0.7507942008655961,0.8865041367232871,369,375,738,750,20,5000,5000,1.0,3021694564,20260901
s_dot,all_positive_classes,exactly_2_labels,,,macro_class,target_top10_fraction,0.2680327856462698,0.24090006414422924,0.29536187890083615,375,375,750,750,20,5000,5000,1.0,3021694564,20260901
s_dot,all_positive_classes,exactly_2_labels,,,macro_class,other_fg_top10_fraction,0.22808942562667506,0.19923570246400094,0.2577667886860844,375,375,750,750,20,5000,5000,1.0,3021694564,20260901
s_dot,all_positive_classes,exactly_2_labels,,,macro_class,bg_top10_fraction,0.502945341077288,0.4733511816943173,0.5329169075469549,375,375,750,750,20,5000,5000,1.0,3021694564,20260901
s_dot,all_positive_classes,exactly_2_labels,,,macro_class,target_tail_enrich_10,1.6744137407132524,1.4561132397749295,1.9423575858566542,373,375,695,750,20,5000,5000,1.0,3021694564,20260901
s_dot,all_positive_classes,exactly_2_labels,,,macro_class,other_fg_tail_enrich_10,1.2013388574669763,1.0741814017440123,1.3327352816889697,373,375,695,750,20,5000,5000,1.0,3021694564,20260901
s_dot,all_positive_classes,exactly_2_labels,,,macro_class,bg_tail_enrich_10,0.8455159535206122,0.7911107759723288,0.8997566404220244,369,375,738,750,20,5000,5000,1.0,3021694564,20260901
s_dot,all_positive_classes,exactly_2_labels,,,macro_class,target_top20_fraction,0.24979100907042512,0.22601407426502082,0.2745860435469048,375,375,750,750,20,5000,5000,1.0,3021694564,20260901
s_dot,all_positive_classes,exactly_2_labels,,,macro_class,other_fg_top20_fraction,0.20939995067865896,0.18426447540362928,0.23468637796460082,375,375,750,750,20,5000,5000,1.0,3021694564,20260901
s_dot,all_positive_classes,exactly_2_labels,,,macro_class,bg_top20_fraction,0.5400122311709847,0.5113249428683747,0.5680423572625236,375,375,750,750,20,5000,5000,1.0,3021694564,20260901
s_dot,all_positive_classes,exactly_2_labels,,,macro_class,target_tail_enrich_20,1.380179394821893,1.2597695542337328,1.5172612749648406,373,375,695,750,20,5000,5000,1.0,3021694564,20260901
s_dot,all_positive_classes,exactly_2_labels,,,macro_class,other_fg_tail_enrich_20,1.0125694643788419,0.9219972306042707,1.1055767013470765,373,375,695,750,20,5000,5000,1.0,3021694564,20260901
s_dot,all_positive_classes,exactly_2_labels,,,macro_class,bg_tail_enrich_20,0.8956120135359047,0.8534046642906936,0.9364092534607402,369,375,738,750,20,5000,5000,1.0,3021694564,20260901
s_dot,all_positive_classes,exactly_2_labels,,,macro_class,auc_target_bg,0.5398488798228189,0.5182989373188687,0.5637927665598058,367,375,683,750,20,5000,5000,1.0,3021694564,20260901
s_dot,all_positive_classes,exactly_2_labels,,,macro_class,ap_target_bg,0.34318308663084235,0.3183412772776995,0.3677180352776179,367,375,683,750,20,5000,5000,1.0,3021694564,20260901
s_dot,all_positive_classes,exactly_2_labels,,,macro_class,auc_target_other,0.5673272791767519,0.5351675322285672,0.5997777309289185,322,375,644,750,20,5000,5000,1.0,3021694564,20260901
s_dot,all_positive_classes,exactly_2_labels,,,macro_class,ap_target_other,0.6008168763376124,0.5620669405915975,0.6370132692107595,322,375,644,750,20,5000,5000,1.0,3021694564,20260901
s_dot,all_positive_classes,exactly_2_labels,,,macro_class,target_mean,3828.4201967303006,2154.7306613822166,6125.115859533378,373,375,695,750,20,5000,5000,1.0,3021694564,20260901
s_dot,all_positive_classes,exactly_2_labels,,,macro_class,other_fg_mean,-1514.009855174218,-2870.0212237375617,-135.61576465464395,373,375,695,750,20,5000,5000,1.0,3021694564,20260901
s_dot,all_positive_classes,exactly_2_labels,,,macro_class,bg_mean,101.90169536063445,-636.6762992648873,864.2547564156414,369,375,738,750,20,5000,5000,1.0,3021694564,20260901
s_dot,all_positive_classes,exactly_2_labels,,,macro_class,target_median,5024.312201888371,3551.2146370155233,6933.147278946302,373,375,695,750,20,5000,5000,1.0,3021694564,20260901
s_dot,all_positive_classes,exactly_2_labels,,,macro_class,other_fg_median,-870.863635541202,-2296.8233815283475,537.0743506581811,373,375,695,750,20,5000,5000,1.0,3021694564,20260901
s_dot,all_positive_classes,exactly_2_labels,,,macro_class,bg_median,1920.431846182945,1278.5933757911516,2726.6115073634023,369,375,738,750,20,5000,5000,1.0,3021694564,20260901
s_dot,all_positive_classes,exactly_2_labels,,,macro_class,spatial_mass_target,0.23752535052585114,0.20485457013373218,0.2720572847163526,375,375,750,750,20,5000,5000,1.0,3021694564,20260901
s_dot,all_positive_classes,exactly_2_labels,,,macro_class,spatial_mass_other_fg,0.2826267974175584,0.23360952284993441,0.33582149407530804,375,375,750,750,20,5000,5000,1.0,3021694564,20260901
s_dot,all_positive_classes,exactly_2_labels,,,macro_class,spatial_mass_background,0.38114390645188106,0.32716646037704583,0.44140946197167935,375,375,750,750,20,5000,5000,1.0,3021694564,20260901
s_dot,all_positive_classes,3plus_labels,,,micro,target_hit,0.23404255319148937,0.2042028770407581,0.2639506170085569,147,147,470,470,,5000,5000,1.0,3021694564,20260901
s_dot,all_positive_classes,3plus_labels,,,micro,other_fg_hit,0.38085106382978723,0.3340469953073033,0.42531120331950206,147,147,470,470,,5000,5000,1.0,3021694564,20260901
s_dot,all_positive_classes,3plus_labels,,,micro,background_hit,0.37872340425531914,0.3172243368806296,0.44325481798715205,147,147,470,470,,5000,5000,1.0,3021694564,20260901
s_dot,all_positive_classes,3plus_labels,,,micro,target_top05_fraction,0.21013497595697392,0.1908384837743606,0.22958777685399712,147,147,470,470,,5000,5000,1.0,3021694564,20260901
s_dot,all_positive_classes,3plus_labels,,,micro,other_fg_top05_fraction,0.33813261771626696,0.30601589248356403,0.36946602467327005,147,147,470,470,,5000,5000,1.0,3021694564,20260901
s_dot,all_positive_classes,3plus_labels,,,micro,bg_top05_fraction,0.4499255341986387,0.4033214119879146,0.4980333405811198,147,147,470,470,,5000,5000,1.0,3021694564,20260901
s_dot,all_positive_classes,3plus_labels,,,micro,target_tail_enrich_05,2.0007203397403637,1.713868115586277,2.3159802941239236,147,147,415,470,,5000,5000,1.0,3021694564,20260901
s_dot,all_positive_classes,3plus_labels,,,micro,other_fg_tail_enrich_05,1.2663550816723768,1.1246178771977338,1.4158212687978209,147,147,463,470,,5000,5000,1.0,3021694564,20260901
s_dot,all_positive_classes,3plus_labels,,,micro,bg_tail_enrich_05,0.8012907829653855,0.7310608677617015,0.8775629100621577,145,147,464,470,,5000,5000,1.0,3021694564,20260901
s_dot,all_positive_classes,3plus_labels,,,micro,target_top10_fraction,0.19829339410317715,0.18036921366796574,0.21652912982839495,147,147,470,470,,5000,5000,1.0,3021694564,20260901
s_dot,all_positive_classes,3plus_labels,,,micro,other_fg_top10_fraction,0.33130105933443615,0.29977432068167714,0.3614668838223906,147,147,470,470,,5000,5000,1.0,3021694564,20260901
s_dot,all_positive_classes,3plus_labels,,,micro,bg_top10_fraction,0.46870849181298035,0.42339239507202514,0.5149472886234646,147,147,470,470,,5000,5000,1.0,3021694564,20260901
s_dot,all_positive_classes,3plus_labels,,,micro,target_tail_enrich_10,1.7392232435789188,1.5565277902393173,1.9312996236983837,147,147,415,470,,5000,5000,1.0,3021694564,20260901
s_dot,all_positive_classes,3plus_labels,,,micro,other_fg_tail_enrich_10,1.1699933130157525,1.0602011477411244,1.2804000964413338,147,147,463,470,,5000,5000,1.0,3021694564,20260901
s_dot,all_positive_classes,3plus_labels,,,micro,bg_tail_enrich_10,0.8317585282254483,0.7672252720225053,0.9025697800182743,145,147,464,470,,5000,5000,1.0,3021694564,20260901
s_dot,all_positive_classes,3plus_labels,,,micro,target_top20_fraction,0.18148286990559645,0.16535563665390293,0.19827733934806993,147,147,470,470,,5000,5000,1.0,3021694564,20260901
s_dot,all_positive_classes,3plus_labels,,,micro,other_fg_top20_fraction,0.31883610468605017,0.2892142140699193,0.3479388223771372,147,147,470,470,,5000,5000,1.0,3021694564,20260901
s_dot,all_positive_classes,3plus_labels,,,micro,bg_top20_fraction,0.4985353699097341,0.45426154620917014,0.5423033108316494,147,147,470,470,,5000,5000,1.0,3021694564,20260901
s_dot,all_positive_classes,3plus_labels,,,micro,target_tail_enrich_20,1.4652226925703071,1.349734361808921,1.583148450537631,147,147,415,470,,5000,5000,1.0,3021694564,20260901
s_dot,all_positive_classes,3plus_labels,,,micro,other_fg_tail_enrich_20,1.0631939243822706,0.9884733273488933,1.1345543118793027,147,147,463,470,,5000,5000,1.0,3021694564,20260901
s_dot,all_positive_classes,3plus_labels,,,micro,bg_tail_enrich_20,0.8831469194366532,0.8309523481347989,0.9408436206700747,145,147,464,470,,5000,5000,1.0,3021694564,20260901
s_dot,all_positive_classes,3plus_labels,,,micro,auc_target_bg,0.5492156371858238,0.526454806826365,0.5730735630963625,145,147,409,470,,5000,5000,1.0,3021694564,20260901
s_dot,all_positive_classes,3plus_labels,,,micro,ap_target_bg,0.3019534147685054,0.27298941912034963,0.3306025318096728,145,147,409,470,,5000,5000,1.0,3021694564,20260901
s_dot,all_positive_classes,3plus_labels,,,micro,auc_target_other,0.5582891046501589,0.5399311338938537,0.5773367301705556,140,147,408,470,,5000,5000,1.0,3021694564,20260901
s_dot,all_positive_classes,3plus_labels,,,micro,ap_target_other,0.43123733650072016,0.4164208939771705,0.4470533046325566,140,147,408,470,,5000,5000,1.0,3021694564,20260901
s_dot,all_positive_classes,3plus_labels,,,micro,target_mean,4536.303153534099,3612.463515055962,5459.54249115185,147,147,415,470,,5000,5000,1.0,3021694564,20260901
s_dot,all_positive_classes,3plus_labels,,,micro,other_fg_mean,253.99685374689483,-528.1688639126755,983.8395469599396,147,147,463,470,,5000,5000,1.0,3021694564,20260901
s_dot,all_positive_classes,3plus_labels,,,micro,bg_mean,1272.1717977346304,815.5360963610821,1760.0410488235952,145,147,464,470,,5000,5000,1.0,3021694564,20260901
s_dot,all_positive_classes,3plus_labels,,,micro,target_median,5082.213331575853,4192.078846616759,5959.046548259315,147,147,415,470,,5000,5000,1.0,3021694564,20260901
s_dot,all_positive_classes,3plus_labels,,,micro,other_fg_median,759.1564859643611,-28.476376916998753,1497.1582862781806,147,147,463,470,,5000,5000,1.0,3021694564,20260901
s_dot,all_positive_classes,3plus_labels,,,micro,bg_median,1980.4049724689846,1538.3342649802967,2436.0375981755906,145,147,464,470,,5000,5000,1.0,3021694564,20260901
s_dot,all_positive_classes,3plus_labels,,,micro,spatial_mass_target,0.2276595744680851,0.19745222929936307,0.25854700854700857,147,147,470,470,,5000,5000,1.0,3021694564,20260901
s_dot,all_positive_classes,3plus_labels,,,micro,spatial_mass_other_fg,0.3530295924771266,0.30818793723196714,0.3982538850130454,147,147,470,470,,5000,5000,1.0,3021694564,20260901
s_dot,all_positive_classes,3plus_labels,,,micro,spatial_mass_background,0.3490980741016395,0.2900758293152106,0.41327883448996533,147,147,470,470,,5000,5000,1.0,3021694564,20260901
s_dot,all_positive_classes,3plus_labels,,,macro_class,target_hit,0.16853564352645234,0.11998928304465584,0.23187353966617044,147,147,470,470,20,5000,5000,1.0,3021694564,20260901
s_dot,all_positive_classes,3plus_labels,,,macro_class,other_fg_hit,0.3394153535697654,0.2725559892039468,0.43304535924595294,147,147,470,470,20,5000,5000,1.0,3021694564,20260901
s_dot,all_positive_classes,3plus_labels,,,macro_class,background_hit,0.48787612598274366,0.3826361484982995,0.5605454613550046,147,147,470,470,20,5000,5000,1.0,3021694564,20260901
s_dot,all_positive_classes,3plus_labels,,,macro_class,target_top05_fraction,0.19352619950310465,0.1534126641606623,0.22601196580812735,147,147,470,470,20,5000,5000,1.0,3021694564,20260901
s_dot,all_positive_classes,3plus_labels,,,macro_class,other_fg_top05_fraction,0.2819870464475397,0.24329524920055176,0.3406408570717912,147,147,470,470,20,5000,5000,1.0,3021694564,20260901
s_dot,all_positive_classes,3plus_labels,,,macro_class,bg_top05_fraction,0.5227201422076753,0.469375271597067,0.5666007689954542,147,147,470,470,20,5000,5000,1.0,3021694564,20260901
s_dot,all_positive_classes,3plus_labels,,,macro_class,target_tail_enrich_05,2.127445913748248,1.722866649478822,2.504368709195435,147,147,415,470,19,5000,5000,1.0,3021694564,20260901
s_dot,all_positive_classes,3plus_labels,,,macro_class,other_fg_tail_enrich_05,1.1760415437496081,0.9913475556941534,1.395504673680123,147,147,463,470,20,5000,5000,1.0,3021694564,20260901
s_dot,all_positive_classes,3plus_labels,,,macro_class,bg_tail_enrich_05,0.8879615435817702,0.8095455139579288,0.9860770667363881,145,147,464,470,20,5000,5000,1.0,3021694564,20260901
s_dot,all_positive_classes,3plus_labels,,,macro_class,target_top10_fraction,0.18531976962602634,0.15014060970099705,0.21856445759319706,147,147,470,470,20,5000,5000,1.0,3021694564,20260901
s_dot,all_positive_classes,3plus_labels,,,macro_class,other_fg_top10_fraction,0.2744221452731664,0.23580362730291715,0.33322860581967134,147,147,470,470,20,5000,5000,1.0,3021694564,20260901
s_dot,all_positive_classes,3plus_labels,,,macro_class,bg_top10_fraction,0.537734263153627,0.4809460590854632,0.5821081886497272,147,147,470,470,20,5000,5000,1.0,3021694564,20260901
s_dot,all_positive_classes,3plus_labels,,,macro_class,target_tail_enrich_10,1.8343240837033348,1.5528469325873964,2.0954098783384696,147,147,415,470,19,5000,5000,1.0,3021694564,20260901
s_dot,all_positive_classes,3plus_labels,,,macro_class,other_fg_tail_enrich_10,1.0091360823223563,0.8955920982790913,1.1688392684842837,147,147,463,470,20,5000,5000,1.0,3021694564,20260901
s_dot,all_positive_classes,3plus_labels,,,macro_class,bg_tail_enrich_10,0.8990447098672636,0.8307021554314219,0.9756974460430208,145,147,464,470,20,5000,5000,1.0,3021694564,20260901
s_dot,all_positive_classes,3plus_labels,,,macro_class,target_top20_fraction,0.16638862181640712,0.13801741595152817,0.19777777357206777,147,147,470,470,20,5000,5000,1.0,3021694564,20260901
s_dot,all_positive_classes,3plus_labels,,,macro_class,other_fg_top20_fraction,0.265692390495008,0.22617168716207645,0.32406325089490695,147,147,470,470,20,5000,5000,1.0,3021694564,20260901
s_dot,all_positive_classes,3plus_labels,,,macro_class,bg_top20_fraction,0.5664244069089914,0.5070240972197398,0.6103180029881285,147,147,470,470,20,5000,5000,1.0,3021694564,20260901
s_dot,all_positive_classes,3plus_labels,,,macro_class,target_tail_enrich_20,1.5331739052717712,1.34716599618656,1.7220676542249345,147,147,415,470,19,5000,5000,1.0,3021694564,20260901
s_dot,all_positive_classes,3plus_labels,,,macro_class,other_fg_tail_enrich_20,0.8887298605645266,0.8143541734710095,1.0100398085849749,147,147,463,470,20,5000,5000,1.0,3021694564,20260901
s_dot,all_positive_classes,3plus_labels,,,macro_class,bg_tail_enrich_20,0.938855555876399,0.8833612955452332,0.9977015446723934,145,147,464,470,20,5000,5000,1.0,3021694564,20260901
s_dot,all_positive_classes,3plus_labels,,,macro_class,auc_target_bg,0.5488272800925482,0.5131589899824549,0.5865927465175419,145,147,409,470,19,5000,5000,1.0,3021694564,20260901
s_dot,all_positive_classes,3plus_labels,,,macro_class,ap_target_bg,0.27936325474745693,0.24305242211165531,0.3227235129879997,145,147,409,470,19,5000,5000,1.0,3021694564,20260901
s_dot,all_positive_classes,3plus_labels,,,macro_class,auc_target_other,0.5986809769621955,0.5457606690294499,0.6323829899478502,140,147,408,470,19,5000,5000,1.0,3021694564,20260901
s_dot,all_positive_classes,3plus_labels,,,macro_class,ap_target_other,0.49890871324493946,0.4305105304595955,0.5362951222287312,140,147,408,470,19,5000,5000,1.0,3021694564,20260901
s_dot,all_positive_classes,3plus_labels,,,macro_class,target_mean,3684.986554911809,2192.3889509414157,5391.881088719742,147,147,415,470,19,5000,5000,1.0,3021694564,20260901
s_dot,all_positive_classes,3plus_labels,,,macro_class,other_fg_mean,-2800.909160324074,-4017.7580476053326,-1173.921507905504,147,147,463,470,20,5000,5000,1.0,3021694564,20260901
s_dot,all_positive_classes,3plus_labels,,,macro_class,bg_mean,1029.3052096146478,-26.017707391614966,1977.3414623687236,145,147,464,470,20,5000,5000,1.0,3021694564,20260901
s_dot,all_positive_classes,3plus_labels,,,macro_class,target_median,4235.636442615872,2670.6544294954156,6091.885992377414,147,147,415,470,19,5000,5000,1.0,3021694564,20260901
s_dot,all_positive_classes,3plus_labels,,,macro_class,other_fg_median,-2571.1803962267995,-4030.3977766872395,-753.8283875569832,147,147,463,470,20,5000,5000,1.0,3021694564,20260901
s_dot,all_positive_classes,3plus_labels,,,macro_class,bg_median,1484.9435976390082,463.41066610580657,2324.8621396982257,145,147,464,470,20,5000,5000,1.0,3021694564,20260901
s_dot,all_positive_classes,3plus_labels,,,macro_class,spatial_mass_target,0.16544630418711298,0.11702438345076144,0.22883794550393682,147,147,470,470,20,5000,5000,1.0,3021694564,20260901
s_dot,all_positive_classes,3plus_labels,,,macro_class,spatial_mass_other_fg,0.30448168426479405,0.24176638745908444,0.3984200406946993,147,147,470,470,20,5000,5000,1.0,3021694564,20260901
s_dot,all_positive_classes,3plus_labels,,,macro_class,spatial_mass_background,0.46415600320692035,0.35416083297453266,0.5354077979990131,147,147,470,470,20,5000,5000,1.0,3021694564,20260901
s_dot,per_class,all,0,aeroplane,micro,target_hit,0.35555555555555557,0.26666666666666666,0.45555555555555555,90,90,90,90,,5000,5000,1.0,3021694564,20260901
s_dot,per_class,all,0,aeroplane,micro,other_fg_hit,0.03333333333333333,0.0,0.07777777777777778,90,90,90,90,,5000,5000,1.0,3021694564,20260901
s_dot,per_class,all,0,aeroplane,micro,background_hit,0.6111111111111112,0.5111111111111111,0.7,90,90,90,90,,5000,5000,1.0,3021694564,20260901
s_dot,per_class,all,0,aeroplane,micro,target_top05_fraction,0.4274079873202682,0.36656524528673656,0.4905979730935874,90,90,90,90,,5000,5000,1.0,3021694564,20260901
s_dot,per_class,all,0,aeroplane,micro,other_fg_top05_fraction,0.029758584495426604,0.005781976308292098,0.06199066576698151,90,90,90,90,,5000,5000,1.0,3021694564,20260901
s_dot,per_class,all,0,aeroplane,micro,bg_top05_fraction,0.54025813310901,0.4782988530992917,0.6000634377509377,90,90,90,90,,5000,5000,1.0,3021694564,20260901
s_dot,per_class,all,0,aeroplane,micro,target_tail_enrich_05,2.625027351310636,2.137554257532079,3.2107301850486154,87,90,87,90,,5000,5000,1.0,3021694564,20260901
s_dot,per_class,all,0,aeroplane,micro,other_fg_tail_enrich_05,2.0886523885552304,0.9262119893605332,3.3559043310694934,13,90,13,90,,5000,5000,1.0,3021694564,20260901
s_dot,per_class,all,0,aeroplane,micro,bg_tail_enrich_05,0.6652841310958718,0.5986751212130079,0.7280469781095886,90,90,90,90,,5000,5000,1.0,3021694564,20260901
s_dot,per_class,all,0,aeroplane,micro,target_top10_fraction,0.39524019121068693,0.33566162893079105,0.4541249483581315,90,90,90,90,,5000,5000,1.0,3021694564,20260901
s_dot,per_class,all,0,aeroplane,micro,other_fg_top10_fraction,0.027771335690114477,0.005072125389230653,0.05899566679633879,90,90,90,90,,5000,5000,1.0,3021694564,20260901
s_dot,per_class,all,0,aeroplane,micro,bg_top10_fraction,0.5746812511666545,0.5138081638930352,0.6325541815549417,90,90,90,90,,5000,5000,1.0,3021694564,20260901
s_dot,per_class,all,0,aeroplane,micro,target_tail_enrich_10,2.2111616709440702,1.8864354322857602,2.563330569796382,87,90,87,90,,5000,5000,1.0,3021694564,20260901
s_dot,per_class,all,0,aeroplane,micro,other_fg_tail_enrich_10,1.666345294302561,0.7447407875322769,2.645771543029196,13,90,13,90,,5000,5000,1.0,3021694564,20260901
s_dot,per_class,all,0,aeroplane,micro,bg_tail_enrich_10,0.7060471094603618,0.6445261144627008,0.7654348609699949,90,90,90,90,,5000,5000,1.0,3021694564,20260901
s_dot,per_class,all,0,aeroplane,micro,target_top20_fraction,0.32565165556560494,0.2736749533267163,0.37771314357903174,90,90,90,90,,5000,5000,1.0,3021694564,20260901
s_dot,per_class,all,0,aeroplane,micro,other_fg_top20_fraction,0.02226548459780736,0.0038756919739963438,0.04777285480589818,90,90,90,90,,5000,5000,1.0,3021694564,20260901
s_dot,per_class,all,0,aeroplane,micro,bg_top20_fraction,0.6505683924591127,0.5977649019469661,0.7036099470635362,90,90,90,90,,5000,5000,1.0,3021694564,20260901
s_dot,per_class,all,0,aeroplane,micro,target_tail_enrich_20,1.7319578563806388,1.522557157127116,1.958199864091801,87,90,87,90,,5000,5000,1.0,3021694564,20260901
s_dot,per_class,all,0,aeroplane,micro,other_fg_tail_enrich_20,1.2642379910924286,0.5511202292555978,2.0485228455255937,13,90,13,90,,5000,5000,1.0,3021694564,20260901
s_dot,per_class,all,0,aeroplane,micro,bg_tail_enrich_20,0.8044558154170152,0.7529921172772729,0.8536806964902645,90,90,90,90,,5000,5000,1.0,3021694564,20260901
s_dot,per_class,all,0,aeroplane,micro,auc_target_bg,0.5831334346873576,0.5412839534368474,0.6236162660214405,87,90,87,90,,5000,5000,1.0,3021694564,20260901
s_dot,per_class,all,0,aeroplane,micro,ap_target_bg,0.3436977067490198,0.29959801940062514,0.3868636742139027,87,90,87,90,,5000,5000,1.0,3021694564,20260901
s_dot,per_class,all,0,aeroplane,micro,auc_target_other,0.5780731436421543,0.4129732979641445,0.7341739530767412,12,90,12,90,,5000,5000,1.0,3021694564,20260901
s_dot,per_class,all,0,aeroplane,micro,ap_target_other,0.840876740827461,0.6932774033265052,0.9513259826013292,12,90,12,90,,5000,5000,1.0,3021694564,20260901
s_dot,per_class,all,0,aeroplane,micro,target_mean,-1830.331062834297,-4716.976318705648,697.2881519831425,87,90,87,90,,5000,5000,1.0,3021694564,20260901
s_dot,per_class,all,0,aeroplane,micro,other_fg_mean,-1802.000836678531,-14282.365709195929,7030.656514250472,13,90,13,90,,5000,5000,1.0,3021694564,20260901
s_dot,per_class,all,0,aeroplane,micro,bg_mean,-5233.632320953271,-6862.928961139817,-3610.835035017563,90,90,90,90,,5000,5000,1.0,3021694564,20260901
s_dot,per_class,all,0,aeroplane,micro,target_median,1334.435922995381,-1227.6455222343825,3561.7170985070306,87,90,87,90,,5000,5000,1.0,3021694564,20260901
s_dot,per_class,all,0,aeroplane,micro,other_fg_median,-1216.2597151536208,-13712.93696770716,8160.478406752547,13,90,13,90,,5000,5000,1.0,3021694564,20260901
s_dot,per_class,all,0,aeroplane,micro,bg_median,-386.92959479226005,-1539.9755734700627,736.92842700084,90,90,90,90,,5000,5000,1.0,3021694564,20260901
s_dot,per_class,all,0,aeroplane,micro,spatial_mass_target,0.3111111111111111,0.2222222222222222,0.4111111111111111,90,90,90,90,,5000,5000,1.0,3021694564,20260901
s_dot,per_class,all,0,aeroplane,micro,spatial_mass_other_fg,0.022222222222222223,0.0,0.05555555555555555,90,90,90,90,,5000,5000,1.0,3021694564,20260901
s_dot,per_class,all,0,aeroplane,micro,spatial_mass_background,0.5666666666666667,0.4666666666666667,0.6666666666666666,90,90,90,90,,5000,5000,1.0,3021694564,20260901
s_dot,per_class,all,1,bicycle,micro,target_hit,0.3037974683544304,0.20253164556962025,0.4050632911392405,79,79,79,79,,5000,5000,1.0,3021694564,20260901
s_dot,per_class,all,1,bicycle,micro,other_fg_hit,0.189873417721519,0.10126582278481013,0.27848101265822783,79,79,79,79,,5000,5000,1.0,3021694564,20260901
s_dot,per_class,all,1,bicycle,micro,background_hit,0.5063291139240507,0.3924050632911392,0.620253164556962,79,79,79,79,,5000,5000,1.0,3021694564,20260901
s_dot,per_class,all,1,bicycle,micro,target_top05_fraction,0.28165489400598165,0.22681642873233443,0.3396889912280837,79,79,79,79,,5000,5000,1.0,3021694564,20260901
s_dot,per_class,all,1,bicycle,micro,other_fg_top05_fraction,0.17685228438549752,0.11783976908844643,0.23878140370187337,79,79,79,79,,5000,5000,1.0,3021694564,20260901
s_dot,per_class,all,1,bicycle,micro,bg_top05_fraction,0.5402220638420938,0.4784122005430193,0.6008051753324187,79,79,79,79,,5000,5000,1.0,3021694564,20260901
s_dot,per_class,all,1,bicycle,micro,target_tail_enrich_05,4.018103317263841,3.1968039154059515,4.951859231813942,71,79,71,79,,5000,5000,1.0,3021694564,20260901
s_dot,per_class,all,1,bicycle,micro,other_fg_tail_enrich_05,1.262916665265912,0.9506676814813324,1.5934725070552798,48,79,48,79,,5000,5000,1.0,3021694564,20260901
s_dot,per_class,all,1,bicycle,micro,bg_tail_enrich_05,0.6830956699374191,0.6089340708209203,0.7576866483350558,79,79,79,79,,5000,5000,1.0,3021694564,20260901
s_dot,per_class,all,1,bicycle,micro,target_top10_fraction,0.2549354713673154,0.2042866495295722,0.3098312667776654,79,79,79,79,,5000,5000,1.0,3021694564,20260901
s_dot,per_class,all,1,bicycle,micro,other_fg_top10_fraction,0.17677711422484227,0.1199539735989457,0.23562164910148228,79,79,79,79,,5000,5000,1.0,3021694564,20260901
s_dot,per_class,all,1,bicycle,micro,bg_top10_fraction,0.5674685829471202,0.5070221193034781,0.6274458408351282,79,79,79,79,,5000,5000,1.0,3021694564,20260901
s_dot,per_class,all,1,bicycle,micro,target_tail_enrich_10,3.186844576912288,2.7054278569702483,3.6865161258772114,71,79,71,79,,5000,5000,1.0,3021694564,20260901
s_dot,per_class,all,1,bicycle,micro,other_fg_tail_enrich_10,1.2953338573080886,1.0096873833548297,1.5972164446243708,48,79,48,79,,5000,5000,1.0,3021694564,20260901
s_dot,per_class,all,1,bicycle,micro,bg_tail_enrich_10,0.7123165454364115,0.6445915846845007,0.7785129590667703,79,79,79,79,,5000,5000,1.0,3021694564,20260901
s_dot,per_class,all,1,bicycle,micro,target_top20_fraction,0.21874482878975626,0.17362964482414076,0.26798602041626823,79,79,79,79,,5000,5000,1.0,3021694564,20260901
s_dot,per_class,all,1,bicycle,micro,other_fg_top20_fraction,0.1597403535996383,0.10930857082175158,0.21284722181261725,79,79,79,79,,5000,5000,1.0,3021694564,20260901
s_dot,per_class,all,1,bicycle,micro,bg_top20_fraction,0.6207643843562491,0.563064403022297,0.6768265668381345,79,79,79,79,,5000,5000,1.0,3021694564,20260901
s_dot,per_class,all,1,bicycle,micro,target_tail_enrich_20,2.4338982661690767,2.1597313915063063,2.697874090479979,71,79,71,79,,5000,5000,1.0,3021694564,20260901
s_dot,per_class,all,1,bicycle,micro,other_fg_tail_enrich_20,1.11522044377648,0.8961464987749417,1.340390748638442,48,79,48,79,,5000,5000,1.0,3021694564,20260901
s_dot,per_class,all,1,bicycle,micro,bg_tail_enrich_20,0.7867054682352027,0.7238505775173049,0.8476161890133457,79,79,79,79,,5000,5000,1.0,3021694564,20260901
s_dot,per_class,all,1,bicycle,micro,auc_target_bg,0.7248480755799304,0.6871985441882139,0.7601299986334645,71,79,71,79,,5000,5000,1.0,3021694564,20260901
s_dot,per_class,all,1,bicycle,micro,ap_target_bg,0.3308733627070044,0.28271863594609914,0.38225605392146367,71,79,71,79,,5000,5000,1.0,3021694564,20260901
s_dot,per_class,all,1,bicycle,micro,auc_target_other,0.7172814350979858,0.6603909803565764,0.7753147497050179,41,79,41,79,,5000,5000,1.0,3021694564,20260901
s_dot,per_class,all,1,bicycle,micro,ap_target_other,0.5070459274351253,0.41211499404983437,0.6044285123706139,41,79,41,79,,5000,5000,1.0,3021694564,20260901
s_dot,per_class,all,1,bicycle,micro,target_mean,14060.61443287646,11956.766520644833,16101.11747353017,71,79,71,79,,5000,5000,1.0,3021694564,20260901
s_dot,per_class,all,1,bicycle,micro,other_fg_mean,2784.8286269238197,-221.20833197616278,5618.878719015843,48,79,48,79,,5000,5000,1.0,3021694564,20260901
s_dot,per_class,all,1,bicycle,micro,bg_mean,3058.7176666521314,1965.9609211706168,4099.355959655672,79,79,79,79,,5000,5000,1.0,3021694564,20260901
s_dot,per_class,all,1,bicycle,micro,target_median,15206.83544062225,13025.078638812858,17371.268068310597,71,79,71,79,,5000,5000,1.0,3021694564,20260901
s_dot,per_class,all,1,bicycle,micro,other_fg_median,2179.0915908813477,-1100.6758204266914,5284.675752982993,48,79,48,79,,5000,5000,1.0,3021694564,20260901
s_dot,per_class,all,1,bicycle,micro,bg_median,3335.4089575658872,2156.8218957925146,4380.561828313898,79,79,79,79,,5000,5000,1.0,3021694564,20260901
s_dot,per_class,all,1,bicycle,micro,spatial_mass_target,0.22784810126582278,0.13924050632911392,0.3291139240506329,79,79,79,79,,5000,5000,1.0,3021694564,20260901
s_dot,per_class,all,1,bicycle,micro,spatial_mass_other_fg,0.16455700497651746,0.08860759493670886,0.2531645999132263,79,79,79,79,,5000,5000,1.0,3021694564,20260901
s_dot,per_class,all,1,bicycle,micro,spatial_mass_background,0.35443037974683544,0.25316455696202533,0.45569620253164556,79,79,79,79,,5000,5000,1.0,3021694564,20260901
s_dot,per_class,all,2,bird,micro,target_hit,0.39805825242718446,0.30097087378640774,0.49514563106796117,103,103,103,103,,5000,5000,1.0,3021694564,20260901
s_dot,per_class,all,2,bird,micro,other_fg_hit,0.05825242718446602,0.019417475728155338,0.10679611650485436,103,103,103,103,,5000,5000,1.0,3021694564,20260901
s_dot,per_class,all,2,bird,micro,background_hit,0.5436893203883495,0.44660194174757284,0.6407766990291263,103,103,103,103,,5000,5000,1.0,3021694564,20260901
s_dot,per_class,all,2,bird,micro,target_top05_fraction,0.28689170258855995,0.22749964310124948,0.34637767080368953,103,103,103,103,,5000,5000,1.0,3021694564,20260901
s_dot,per_class,all,2,bird,micro,other_fg_top05_fraction,0.04092553158087139,0.012445634347940175,0.07616497004846519,103,103,103,103,,5000,5000,1.0,3021694564,20260901
s_dot,per_class,all,2,bird,micro,bg_top05_fraction,0.6721827658305686,0.6095965021060032,0.7341354544129838,103,103,103,103,,5000,5000,1.0,3021694564,20260901
s_dot,per_class,all,2,bird,micro,target_tail_enrich_05,2.286259852740995,1.7291722700080105,2.9327788097012837,99,103,99,103,,5000,5000,1.0,3021694564,20260901
s_dot,per_class,all,2,bird,micro,other_fg_tail_enrich_05,0.90988182827797,0.47317871683908175,1.373934191804074,9,103,9,103,,5000,5000,1.0,3021694564,20260901
s_dot,per_class,all,2,bird,micro,bg_tail_enrich_05,0.8601141564374937,0.7742710653725605,0.9541043675771074,103,103,103,103,,5000,5000,1.0,3021694564,20260901
s_dot,per_class,all,2,bird,micro,target_top10_fraction,0.23926889843535223,0.1871686074494107,0.2926261872668571,103,103,103,103,,5000,5000,1.0,3021694564,20260901
s_dot,per_class,all,2,bird,micro,other_fg_top10_fraction,0.04329114067769285,0.014013166523459014,0.07955928074611442,103,103,103,103,,5000,5000,1.0,3021694564,20260901
s_dot,per_class,all,2,bird,micro,bg_top10_fraction,0.717439960886955,0.6585850626123803,0.7733995453761663,103,103,103,103,,5000,5000,1.0,3021694564,20260901
s_dot,per_class,all,2,bird,micro,target_tail_enrich_10,1.701707980901969,1.3279565115695915,2.1231863039733883,99,103,99,103,,5000,5000,1.0,3021694564,20260901
s_dot,per_class,all,2,bird,micro,other_fg_tail_enrich_10,0.9735456829242461,0.5396507579224781,1.3870131599557955,9,103,9,103,,5000,5000,1.0,3021694564,20260901
s_dot,per_class,all,2,bird,micro,bg_tail_enrich_10,0.9199219089435259,0.8496680712759769,0.9953311815450827,103,103,103,103,,5000,5000,1.0,3021694564,20260901
s_dot,per_class,all,2,bird,micro,target_top20_fraction,0.19601445184334554,0.15264276133314436,0.24081036927751587,103,103,103,103,,5000,5000,1.0,3021694564,20260901
s_dot,per_class,all,2,bird,micro,other_fg_top20_fraction,0.043103058954915556,0.014463247992905154,0.07799879236129297,103,103,103,103,,5000,5000,1.0,3021694564,20260901
s_dot,per_class,all,2,bird,micro,bg_top20_fraction,0.7608824892017391,0.7107294916985293,0.8096543804365929,103,103,103,103,,5000,5000,1.0,3021694564,20260901
s_dot,per_class,all,2,bird,micro,target_tail_enrich_20,1.195302678738121,0.9889391503179068,1.418566107359965,99,103,99,103,,5000,5000,1.0,3021694564,20260901
s_dot,per_class,all,2,bird,micro,other_fg_tail_enrich_20,0.9772630673039576,0.5917827412044269,1.3104080817588355,9,103,9,103,,5000,5000,1.0,3021694564,20260901
s_dot,per_class,all,2,bird,micro,bg_tail_enrich_20,0.9852935336609315,0.9307538264188061,1.0418899015660077,103,103,103,103,,5000,5000,1.0,3021694564,20260901
s_dot,per_class,all,2,bird,micro,auc_target_bg,0.48395134105032894,0.4450774978344867,0.5233891780687489,99,103,99,103,,5000,5000,1.0,3021694564,20260901
s_dot,per_class,all,2,bird,micro,ap_target_bg,0.2666379679332891,0.22459618500641326,0.31178479599371517,99,103,99,103,,5000,5000,1.0,3021694564,20260901
s_dot,per_class,all,2,bird,micro,auc_target_other,0.48008363713307595,0.2957513263124907,0.7587830921532336,5,103,5,103,,5000,4969,0.9938,3021694564,20260901
s_dot,per_class,all,2,bird,micro,ap_target_other,0.4087388306710853,0.08941883168680169,0.7771045598965107,5,103,5,103,,5000,4969,0.9938,3021694564,20260901
s_dot,per_class,all,2,bird,micro,target_mean,-8170.626972989907,-12445.211601465735,-3914.407670930542,99,103,99,103,,5000,5000,1.0,3021694564,20260901
s_dot,per_class,all,2,bird,micro,other_fg_mean,2358.9069065497893,-7439.433697122742,13394.696206403027,9,103,9,103,,5000,5000,1.0,3021694564,20260901
s_dot,per_class,all,2,bird,micro,bg_mean,-9655.307812611958,-12872.283006795586,-6568.864038395356,103,103,103,103,,5000,5000,1.0,3021694564,20260901
s_dot,per_class,all,2,bird,micro,target_median,-4748.916721228397,-8773.310194847145,-767.1825744171203,99,103,99,103,,5000,5000,1.0,3021694564,20260901
s_dot,per_class,all,2,bird,micro,other_fg_median,-518.8902418348524,-9780.745191574097,10011.263561407713,9,103,9,103,,5000,5000,1.0,3021694564,20260901
s_dot,per_class,all,2,bird,micro,bg_median,-1045.4744073071527,-3928.5905835938684,1664.155988274731,103,103,103,103,,5000,5000,1.0,3021694564,20260901
s_dot,per_class,all,2,bird,micro,spatial_mass_target,0.3883495145631068,0.2912621359223301,0.4854368932038835,103,103,103,103,,5000,5000,1.0,3021694564,20260901
s_dot,per_class,all,2,bird,micro,spatial_mass_other_fg,0.04854368932038835,0.009708737864077669,0.0970873786407767,103,103,103,103,,5000,5000,1.0,3021694564,20260901
s_dot,per_class,all,2,bird,micro,spatial_mass_background,0.5145631067961165,0.4174757281553398,0.6116504854368932,103,103,103,103,,5000,5000,1.0,3021694564,20260901
s_dot,per_class,all,3,boat,micro,target_hit,0.4444444444444444,0.3333333333333333,0.5555555555555556,72,72,72,72,,5000,5000,1.0,3021694564,20260901
s_dot,per_class,all,3,boat,micro,other_fg_hit,0.09722222222222222,0.027777777777777776,0.16666666666666666,72,72,72,72,,5000,5000,1.0,3021694564,20260901
s_dot,per_class,all,3,boat,micro,background_hit,0.4583333333333333,0.3472222222222222,0.5694444444444444,72,72,72,72,,5000,5000,1.0,3021694564,20260901
s_dot,per_class,all,3,boat,micro,target_top05_fraction,0.3340330207203532,0.254144164871448,0.4162496201779417,72,72,72,72,,5000,5000,1.0,3021694564,20260901
s_dot,per_class,all,3,boat,micro,other_fg_top05_fraction,0.05582865856988664,0.015345886752136753,0.10310022021370703,72,72,72,72,,5000,5000,1.0,3021694564,20260901
s_dot,per_class,all,3,boat,micro,bg_top05_fraction,0.607286350149456,0.5213600538622307,0.6886132212949374,72,72,72,72,,5000,5000,1.0,3021694564,20260901
s_dot,per_class,all,3,boat,micro,target_tail_enrich_05,2.79627257840406,2.0136860205171248,3.729890832504232,69,72,69,72,,5000,5000,1.0,3021694564,20260901
s_dot,per_class,all,3,boat,micro,other_fg_tail_enrich_05,1.173209442345548,0.3748678189052805,2.133817045704888,17,72,17,72,,5000,5000,1.0,3021694564,20260901
s_dot,per_class,all,3,boat,micro,bg_tail_enrich_05,0.7229234103703401,0.6305958928969804,0.8157635057031448,72,72,72,72,,5000,5000,1.0,3021694564,20260901
s_dot,per_class,all,3,boat,micro,target_top10_fraction,0.27996632664632864,0.20884137794211616,0.3563581748149792,72,72,72,72,,5000,5000,1.0,3021694564,20260901
s_dot,per_class,all,3,boat,micro,other_fg_top10_fraction,0.04802764784410474,0.01263895196455027,0.09020583382204983,72,72,72,72,,5000,5000,1.0,3021694564,20260901
s_dot,per_class,all,3,boat,micro,bg_top10_fraction,0.6700368297771854,0.5896577528400382,0.7457073686046465,72,72,72,72,,5000,5000,1.0,3021694564,20260901
s_dot,per_class,all,3,boat,micro,target_tail_enrich_10,2.162969642829559,1.6563874374024325,2.729953561728411,69,72,69,72,,5000,5000,1.0,3021694564,20260901
s_dot,per_class,all,3,boat,micro,other_fg_tail_enrich_10,0.9678350883026148,0.46973585160932985,1.5175492684616763,17,72,17,72,,5000,5000,1.0,3021694564,20260901
s_dot,per_class,all,3,boat,micro,bg_tail_enrich_10,0.8051955139315576,0.7204472278105913,0.8896461468941055,72,72,72,72,,5000,5000,1.0,3021694564,20260901
s_dot,per_class,all,3,boat,micro,target_top20_fraction,0.22189114443539026,0.1632110399740071,0.28603869142109656,72,72,72,72,,5000,5000,1.0,3021694564,20260901
s_dot,per_class,all,3,boat,micro,other_fg_top20_fraction,0.042138580377244016,0.009179240040542679,0.08264604488788607,72,72,72,72,,5000,5000,1.0,3021694564,20260901
s_dot,per_class,all,3,boat,micro,bg_top20_fraction,0.7347121466304571,0.6643018329574462,0.800547203004791,72,72,72,72,,5000,5000,1.0,3021694564,20260901
s_dot,per_class,all,3,boat,micro,target_tail_enrich_20,1.5285646646424296,1.22528215909845,1.8494687637879161,69,72,69,72,,5000,5000,1.0,3021694564,20260901
s_dot,per_class,all,3,boat,micro,other_fg_tail_enrich_20,0.6956195934428635,0.35058554848661055,1.0475989311126512,17,72,17,72,,5000,5000,1.0,3021694564,20260901
s_dot,per_class,all,3,boat,micro,bg_tail_enrich_20,0.8918175535995742,0.8187675220340672,0.9633293905962194,72,72,72,72,,5000,5000,1.0,3021694564,20260901
s_dot,per_class,all,3,boat,micro,auc_target_bg,0.524059661839509,0.4645256803922413,0.5837733577768689,69,72,69,72,,5000,5000,1.0,3021694564,20260901
s_dot,per_class,all,3,boat,micro,ap_target_bg,0.2991219685380584,0.2404218598182393,0.362425394212554,69,72,69,72,,5000,5000,1.0,3021694564,20260901
s_dot,per_class,all,3,boat,micro,auc_target_other,0.5943842830994251,0.46780437740849434,0.7130778266139267,15,72,15,72,,5000,5000,1.0,3021694564,20260901
s_dot,per_class,all,3,boat,micro,ap_target_other,0.7007345556674488,0.5133572959777811,0.8699829196164423,15,72,15,72,,5000,5000,1.0,3021694564,20260901
s_dot,per_class,all,3,boat,micro,target_mean,-1669.4422425626267,-5302.019107521006,2171.6309723858576,69,72,69,72,,5000,5000,1.0,3021694564,20260901
s_dot,per_class,all,3,boat,micro,other_fg_mean,-6018.740218925332,-10611.903478076078,-1459.7319905636878,17,72,17,72,,5000,5000,1.0,3021694564,20260901
s_dot,per_class,all,3,boat,micro,bg_mean,-4977.365511867135,-7055.25390662205,-2922.916230149619,72,72,72,72,,5000,5000,1.0,3021694564,20260901
s_dot,per_class,all,3,boat,micro,target_median,724.7104377193727,-3028.393706711005,4572.236610450382,69,72,69,72,,5000,5000,1.0,3021694564,20260901
s_dot,per_class,all,3,boat,micro,other_fg_median,-5310.16734605677,-9851.141469888687,-931.2858515834865,17,72,17,72,,5000,5000,1.0,3021694564,20260901
s_dot,per_class,all,3,boat,micro,bg_median,516.4020979205767,-1187.2122708938186,2254.171539704502,72,72,72,72,,5000,5000,1.0,3021694564,20260901
s_dot,per_class,all,3,boat,micro,spatial_mass_target,0.4305555555555556,0.3194444444444444,0.5416666666666666,72,72,72,72,,5000,5000,1.0,3021694564,20260901
s_dot,per_class,all,3,boat,micro,spatial_mass_other_fg,0.08333333333333333,0.027777777777777776,0.1527777777777778,72,72,72,72,,5000,5000,1.0,3021694564,20260901
s_dot,per_class,all,3,boat,micro,spatial_mass_background,0.4444444444444444,0.3333333333333333,0.5555555555555556,72,72,72,72,,5000,5000,1.0,3021694564,20260901
s_dot,per_class,all,4,bottle,micro,target_hit,0.25,0.16666666666666666,0.34375,96,96,96,96,,5000,5000,1.0,3021694564,20260901
s_dot,per_class,all,4,bottle,micro,other_fg_hit,0.3020833333333333,0.21875,0.3958333333333333,96,96,96,96,,5000,5000,1.0,3021694564,20260901
s_dot,per_class,all,4,bottle,micro,background_hit,0.4479166666666667,0.3541666666666667,0.5520833333333334,96,96,96,96,,5000,5000,1.0,3021694564,20260901
s_dot,per_class,all,4,bottle,micro,target_top05_fraction,0.2619241705747686,0.19133982872930644,0.3344703961057241,96,96,96,96,,5000,5000,1.0,3021694564,20260901
s_dot,per_class,all,4,bottle,micro,other_fg_top05_fraction,0.3198816470871198,0.24916660449095093,0.39704271234390465,96,96,96,96,,5000,5000,1.0,3021694564,20260901
s_dot,per_class,all,4,bottle,micro,bg_top05_fraction,0.4173702910125756,0.34531829771392486,0.4888295093622185,96,96,96,96,,5000,5000,1.0,3021694564,20260901
s_dot,per_class,all,4,bottle,micro,target_tail_enrich_05,2.0104418577632717,1.3918215617570837,2.762182113934451,87,96,87,96,,5000,5000,1.0,3021694564,20260901
s_dot,per_class,all,4,bottle,micro,other_fg_tail_enrich_05,1.0846635392721895,0.8765133473168111,1.3277520307401647,60,96,60,96,,5000,5000,1.0,3021694564,20260901
s_dot,per_class,all,4,bottle,micro,bg_tail_enrich_05,0.6948381477411049,0.586472067313042,0.8056655608880989,93,96,93,96,,5000,5000,1.0,3021694564,20260901
s_dot,per_class,all,4,bottle,micro,target_top10_fraction,0.25503702786994215,0.18576889785422077,0.32641712650272686,96,96,96,96,,5000,5000,1.0,3021694564,20260901
s_dot,per_class,all,4,bottle,micro,other_fg_top10_fraction,0.3206796123019756,0.25046365608278087,0.39582933404429377,96,96,96,96,,5000,5000,1.0,3021694564,20260901
s_dot,per_class,all,4,bottle,micro,bg_top10_fraction,0.42360267194146894,0.35569833475866236,0.4915713305648939,96,96,96,96,,5000,5000,1.0,3021694564,20260901
s_dot,per_class,all,4,bottle,micro,target_tail_enrich_10,1.7858042008655934,1.363814747814965,2.2644746492029437,87,96,87,96,,5000,5000,1.0,3021694564,20260901
s_dot,per_class,all,4,bottle,micro,other_fg_tail_enrich_10,1.0993856351152471,0.9095050899325077,1.3202373806429626,60,96,60,96,,5000,5000,1.0,3021694564,20260901
s_dot,per_class,all,4,bottle,micro,bg_tail_enrich_10,0.7091313613142813,0.6053497008613873,0.8126396940951648,93,96,93,96,,5000,5000,1.0,3021694564,20260901
s_dot,per_class,all,4,bottle,micro,target_top20_fraction,0.24104429623395865,0.1749479317148136,0.3088618467553467,96,96,96,96,,5000,5000,1.0,3021694564,20260901
s_dot,per_class,all,4,bottle,micro,other_fg_top20_fraction,0.32236377818474676,0.25538081091842724,0.39533570727648304,96,96,96,96,,5000,5000,1.0,3021694564,20260901
s_dot,per_class,all,4,bottle,micro,bg_top20_fraction,0.4360507606489443,0.3703080117456485,0.5007270491311947,96,96,96,96,,5000,5000,1.0,3021694564,20260901
s_dot,per_class,all,4,bottle,micro,target_tail_enrich_20,1.4730174388750676,1.203355949671962,1.7710185627152912,87,96,87,96,,5000,5000,1.0,3021694564,20260901
s_dot,per_class,all,4,bottle,micro,other_fg_tail_enrich_20,1.0834590606776309,0.9448889294310842,1.2266724660343933,60,96,60,96,,5000,5000,1.0,3021694564,20260901
s_dot,per_class,all,4,bottle,micro,bg_tail_enrich_20,0.7326237766231568,0.6392922241616634,0.827751494677801,93,96,93,96,,5000,5000,1.0,3021694564,20260901
s_dot,per_class,all,4,bottle,micro,auc_target_bg,0.5948317387000813,0.5448115003930093,0.6469689712171842,84,96,84,96,,5000,5000,1.0,3021694564,20260901
s_dot,per_class,all,4,bottle,micro,ap_target_bg,0.3157084284757599,0.25130009078388493,0.38328738992958933,84,96,84,96,,5000,5000,1.0,3021694564,20260901
s_dot,per_class,all,4,bottle,micro,auc_target_other,0.5044726837775904,0.4230338787767687,0.5860591891992879,51,96,51,96,,5000,5000,1.0,3021694564,20260901
s_dot,per_class,all,4,bottle,micro,ap_target_other,0.1958689363754874,0.13102366342580996,0.2686732921812704,51,96,51,96,,5000,5000,1.0,3021694564,20260901
s_dot,per_class,all,4,bottle,micro,target_mean,1051.6770976302837,-1520.0161991572488,3581.191681157423,87,96,87,96,,5000,5000,1.0,3021694564,20260901
s_dot,per_class,all,4,bottle,micro,other_fg_mean,-1010.1745272242375,-3086.941885365589,958.842450914632,60,96,60,96,,5000,5000,1.0,3021694564,20260901
s_dot,per_class,all,4,bottle,micro,bg_mean,-5114.398761945949,-7236.790304881531,-3168.1840887940334,93,96,93,96,,5000,5000,1.0,3021694564,20260901
s_dot,per_class,all,4,bottle,micro,target_median,2728.9062300495716,132.4348547026135,5284.270774771905,87,96,87,96,,5000,5000,1.0,3021694564,20260901
s_dot,per_class,all,4,bottle,micro,other_fg_median,-372.546857325236,-2545.4725802993776,1784.892420749141,60,96,60,96,,5000,5000,1.0,3021694564,20260901
s_dot,per_class,all,4,bottle,micro,bg_median,-2932.667551235486,-5004.413462785474,-1187.8174386569199,93,96,93,96,,5000,5000,1.0,3021694564,20260901
s_dot,per_class,all,4,bottle,micro,spatial_mass_target,0.23958333333333334,0.15625,0.3229166666666667,96,96,96,96,,5000,5000,1.0,3021694564,20260901
s_dot,per_class,all,4,bottle,micro,spatial_mass_other_fg,0.2916666666666667,0.20833333333333334,0.3854166666666667,96,96,96,96,,5000,5000,1.0,3021694564,20260901
s_dot,per_class,all,4,bottle,micro,spatial_mass_background,0.40625,0.3125,0.5104166666666666,96,96,96,96,,5000,5000,1.0,3021694564,20260901
s_dot,per_class,all,5,bus,micro,target_hit,0.3918918918918919,0.28378378378378377,0.5,74,74,74,74,,5000,5000,1.0,3021694564,20260901
s_dot,per_class,all,5,bus,micro,other_fg_hit,0.06756756756756757,0.013513513513513514,0.13513513513513514,74,74,74,74,,5000,5000,1.0,3021694564,20260901
s_dot,per_class,all,5,bus,micro,background_hit,0.527027027027027,0.4189189189189189,0.6486486486486487,74,74,74,74,,5000,5000,1.0,3021694564,20260901
s_dot,per_class,all,5,bus,micro,target_top05_fraction,0.3960309691461897,0.31469358624408417,0.4754174016860716,74,74,74,74,,5000,5000,1.0,3021694564,20260901
s_dot,per_class,all,5,bus,micro,other_fg_top05_fraction,0.04271596385750013,0.0150139792311734,0.07791920812102178,74,74,74,74,,5000,5000,1.0,3021694564,20260901
s_dot,per_class,all,5,bus,micro,bg_top05_fraction,0.560204447526638,0.48285998638150135,0.638920847959788,74,74,74,74,,5000,5000,1.0,3021694564,20260901
s_dot,per_class,all,5,bus,micro,target_tail_enrich_05,0.829373304601841,0.6338216850108048,1.0485052962086885,73,74,73,74,,5000,5000,1.0,3021694564,20260901
s_dot,per_class,all,5,bus,micro,other_fg_tail_enrich_05,1.0808424985804412,0.4870437777427296,1.7548683446424673,34,74,34,74,,5000,5000,1.0,3021694564,20260901
s_dot,per_class,all,5,bus,micro,bg_tail_enrich_05,1.38269327296333,1.1206149434812585,1.6980083282816925,74,74,74,74,,5000,5000,1.0,3021694564,20260901
s_dot,per_class,all,5,bus,micro,target_top10_fraction,0.39557365696133556,0.3217913251749927,0.4685660931268027,74,74,74,74,,5000,5000,1.0,3021694564,20260901
s_dot,per_class,all,5,bus,micro,other_fg_top10_fraction,0.02961001737493085,0.01147526309569182,0.05220942473033423,74,74,74,74,,5000,5000,1.0,3021694564,20260901
s_dot,per_class,all,5,bus,micro,bg_top10_fraction,0.5734301511429821,0.500927933056514,0.6453332260676348,74,74,74,74,,5000,5000,1.0,3021694564,20260901
s_dot,per_class,all,5,bus,micro,target_tail_enrich_10,0.847288941065967,0.6581747322763202,1.074143201135685,73,74,73,74,,5000,5000,1.0,3021694564,20260901
s_dot,per_class,all,5,bus,micro,other_fg_tail_enrich_10,0.7171228819188797,0.38238551987012226,1.0845096034372244,34,74,34,74,,5000,5000,1.0,3021694564,20260901
s_dot,per_class,all,5,bus,micro,bg_tail_enrich_10,1.3596823218887581,1.1585050545387345,1.5903806049030198,74,74,74,74,,5000,5000,1.0,3021694564,20260901
s_dot,per_class,all,5,bus,micro,target_top20_fraction,0.39660137274273505,0.3279201929555947,0.4665140667821487,74,74,74,74,,5000,5000,1.0,3021694564,20260901
s_dot,per_class,all,5,bus,micro,other_fg_top20_fraction,0.024679397005029215,0.010836008818704225,0.04115436321618041,74,74,74,74,,5000,5000,1.0,3021694564,20260901
s_dot,per_class,all,5,bus,micro,bg_top20_fraction,0.577590796041037,0.5098324836395528,0.6447283123771369,74,74,74,74,,5000,5000,1.0,3021694564,20260901
s_dot,per_class,all,5,bus,micro,target_tail_enrich_20,0.8992105570250126,0.7235735263313783,1.1106666172289112,73,74,73,74,,5000,5000,1.0,3021694564,20260901
s_dot,per_class,all,5,bus,micro,other_fg_tail_enrich_20,0.5806829152193707,0.3541433713322997,0.8156733520401335,34,74,34,74,,5000,5000,1.0,3021694564,20260901
s_dot,per_class,all,5,bus,micro,bg_tail_enrich_20,1.3028100839071122,1.1687761161884764,1.4484899105036058,74,74,74,74,,5000,5000,1.0,3021694564,20260901
s_dot,per_class,all,5,bus,micro,auc_target_bg,0.4098677122808538,0.370059007844464,0.45109787766219944,73,74,73,74,,5000,5000,1.0,3021694564,20260901
s_dot,per_class,all,5,bus,micro,ap_target_bg,0.47493836372468934,0.41280455215227996,0.5348030006098953,73,74,73,74,,5000,5000,1.0,3021694564,20260901
s_dot,per_class,all,5,bus,micro,auc_target_other,0.6901802729717306,0.6198520916554419,0.7585018455338339,33,74,33,74,,5000,5000,1.0,3021694564,20260901
s_dot,per_class,all,5,bus,micro,ap_target_other,0.8204829270819161,0.7196448860120219,0.9049651367956031,33,74,33,74,,5000,5000,1.0,3021694564,20260901
s_dot,per_class,all,5,bus,micro,target_mean,1330.3260889700086,-112.73333374059355,2976.7011265069273,73,74,73,74,,5000,5000,1.0,3021694564,20260901
s_dot,per_class,all,5,bus,micro,other_fg_mean,-4329.088489289823,-7246.774561045332,-1550.2681086848472,34,74,34,74,,5000,5000,1.0,3021694564,20260901
s_dot,per_class,all,5,bus,micro,bg_mean,3620.9990576614164,2610.7512442122643,4606.764407139603,74,74,74,74,,5000,5000,1.0,3021694564,20260901
s_dot,per_class,all,5,bus,micro,target_median,4182.319868322921,3036.9512775332164,5559.634112856992,73,74,73,74,,5000,5000,1.0,3021694564,20260901
s_dot,per_class,all,5,bus,micro,other_fg_median,-4451.838857314166,-7290.5464499460295,-1880.3728529821124,34,74,34,74,,5000,5000,1.0,3021694564,20260901
s_dot,per_class,all,5,bus,micro,bg_median,4788.91704806766,3722.532150407739,5794.880665552294,74,74,74,74,,5000,5000,1.0,3021694564,20260901
s_dot,per_class,all,5,bus,micro,spatial_mass_target,0.3918918918918919,0.28378378378378377,0.5,74,74,74,74,,5000,5000,1.0,3021694564,20260901
s_dot,per_class,all,5,bus,micro,spatial_mass_other_fg,0.06756756756756757,0.013513513513513514,0.13513513513513514,74,74,74,74,,5000,5000,1.0,3021694564,20260901
s_dot,per_class,all,5,bus,micro,spatial_mass_background,0.5,0.3918918918918919,0.6216216216216216,74,74,74,74,,5000,5000,1.0,3021694564,20260901
s_dot,per_class,all,6,car,micro,target_hit,0.23622047244094488,0.16535433070866143,0.31496062992125984,127,127,127,127,,5000,5000,1.0,3021694564,20260901
s_dot,per_class,all,6,car,micro,other_fg_hit,0.25196850393700787,0.18110236220472442,0.32303149606298925,127,127,127,127,,5000,5000,1.0,3021694564,20260901
s_dot,per_class,all,6,car,micro,background_hit,0.5118110236220472,0.4251968503937008,0.5984251968503937,127,127,127,127,,5000,5000,1.0,3021694564,20260901
s_dot,per_class,all,6,car,micro,target_top05_fraction,0.2497375163351127,0.1881110502424738,0.3173004538283756,127,127,127,127,,5000,5000,1.0,3021694564,20260901
s_dot,per_class,all,6,car,micro,other_fg_top05_fraction,0.22324228354980893,0.1674932361362635,0.28018057617572184,127,127,127,127,,5000,5000,1.0,3021694564,20260901
s_dot,per_class,all,6,car,micro,bg_top05_fraction,0.5260104452615605,0.4572924185087773,0.5923121512761577,127,127,127,127,,5000,5000,1.0,3021694564,20260901
s_dot,per_class,all,6,car,micro,target_tail_enrich_05,1.1885860062888227,0.8153204283916946,1.6743544784105218,113,127,113,127,,5000,5000,1.0,3021694564,20260901
s_dot,per_class,all,6,car,micro,other_fg_tail_enrich_05,1.341219812247726,0.9764757689377304,1.7614025403795155,79,127,79,127,,5000,5000,1.0,3021694564,20260901
s_dot,per_class,all,6,car,micro,bg_tail_enrich_05,0.9213552457999509,0.8011440550639438,1.048526474780687,127,127,127,127,,5000,5000,1.0,3021694564,20260901
s_dot,per_class,all,6,car,micro,target_top10_fraction,0.25565794718238555,0.19579213883204405,0.3214773340002719,127,127,127,127,,5000,5000,1.0,3021694564,20260901
s_dot,per_class,all,6,car,micro,other_fg_top10_fraction,0.21860332400400767,0.16462405873666766,0.2744457707333706,127,127,127,127,,5000,5000,1.0,3021694564,20260901
s_dot,per_class,all,6,car,micro,bg_top10_fraction,0.5248274987939611,0.45895672669087967,0.5884136306831608,127,127,127,127,,5000,5000,1.0,3021694564,20260901
s_dot,per_class,all,6,car,micro,target_tail_enrich_10,1.045689977494094,0.8071812336110357,1.3256180422181587,113,127,113,127,,5000,5000,1.0,3021694564,20260901
s_dot,per_class,all,6,car,micro,other_fg_tail_enrich_10,1.2361465758081782,0.9436921368637357,1.5722375182493373,79,127,79,127,,5000,5000,1.0,3021694564,20260901
s_dot,per_class,all,6,car,micro,bg_tail_enrich_10,0.8935567033031304,0.7890781237451173,0.9994515330748412,127,127,127,127,,5000,5000,1.0,3021694564,20260901
s_dot,per_class,all,6,car,micro,target_top20_fraction,0.2627295880772874,0.20337059428586296,0.32812469636008773,127,127,127,127,,5000,5000,1.0,3021694564,20260901
s_dot,per_class,all,6,car,micro,other_fg_top20_fraction,0.20510476595625138,0.15530944536728583,0.25635091702635054,127,127,127,127,,5000,5000,1.0,3021694564,20260901
s_dot,per_class,all,6,car,micro,bg_top20_fraction,0.5312013528699635,0.46995518235247263,0.5909751684740778,127,127,127,127,,5000,5000,1.0,3021694564,20260901
s_dot,per_class,all,6,car,micro,target_tail_enrich_20,0.9860092798141734,0.8155781585111003,1.1647396584205552,113,127,113,127,,5000,5000,1.0,3021694564,20260901
s_dot,per_class,all,6,car,micro,other_fg_tail_enrich_20,1.0467215217197996,0.8575339638905622,1.2522469755347754,79,127,79,127,,5000,5000,1.0,3021694564,20260901
s_dot,per_class,all,6,car,micro,bg_tail_enrich_20,0.8793626047541959,0.7922954196390866,0.9652834278853181,127,127,127,127,,5000,5000,1.0,3021694564,20260901
s_dot,per_class,all,6,car,micro,auc_target_bg,0.48541699000225075,0.4423533548463664,0.5263399338796386,113,127,113,127,,5000,5000,1.0,3021694564,20260901
s_dot,per_class,all,6,car,micro,ap_target_bg,0.3371759147481461,0.27771447442540037,0.39993135105690925,113,127,113,127,,5000,5000,1.0,3021694564,20260901
s_dot,per_class,all,6,car,micro,auc_target_other,0.47777658516176247,0.411547607400295,0.5440144742565818,66,127,66,127,,5000,5000,1.0,3021694564,20260901
s_dot,per_class,all,6,car,micro,ap_target_other,0.38403285882430355,0.29681611096390953,0.4733560837847308,66,127,66,127,,5000,5000,1.0,3021694564,20260901
s_dot,per_class,all,6,car,micro,target_mean,3884.0751448586993,2721.250242677279,5076.333859277233,113,127,113,127,,5000,5000,1.0,3021694564,20260901
s_dot,per_class,all,6,car,micro,other_fg_mean,809.7076110184287,-1218.9451681123692,2718.1962189101855,79,127,79,127,,5000,5000,1.0,3021694564,20260901
s_dot,per_class,all,6,car,micro,bg_mean,2140.2321784114156,723.6950982126735,3370.512255435485,127,127,127,127,,5000,5000,1.0,3021694564,20260901
s_dot,per_class,all,6,car,micro,target_median,6066.996131154288,4923.219342207693,7241.086102599213,113,127,113,127,,5000,5000,1.0,3021694564,20260901
s_dot,per_class,all,6,car,micro,other_fg_median,1401.4220597472372,-636.069978438228,3319.547767864971,79,127,79,127,,5000,5000,1.0,3021694564,20260901
s_dot,per_class,all,6,car,micro,bg_median,3991.2678171217913,3045.6717149833994,4889.230422377962,127,127,127,127,,5000,5000,1.0,3021694564,20260901
s_dot,per_class,all,6,car,micro,spatial_mass_target,0.2283464566929134,0.15748031496062992,0.30708661417322836,127,127,127,127,,5000,5000,1.0,3021694564,20260901
s_dot,per_class,all,6,car,micro,spatial_mass_other_fg,0.2440944881889764,0.1732283464566929,0.31496062992125984,127,127,127,127,,5000,5000,1.0,3021694564,20260901
s_dot,per_class,all,6,car,micro,spatial_mass_background,0.47244094488188976,0.3858267716535433,0.5669291338582677,127,127,127,127,,5000,5000,1.0,3021694564,20260901
s_dot,per_class,all,7,cat,micro,target_hit,0.7983193277310925,0.7226890756302521,0.865546218487395,119,119,119,119,,5000,5000,1.0,3021694564,20260901
s_dot,per_class,all,7,cat,micro,other_fg_hit,0.05042016806722689,0.01680672268907563,0.09243697478991597,119,119,119,119,,5000,5000,1.0,3021694564,20260901
s_dot,per_class,all,7,cat,micro,background_hit,0.15126050420168066,0.08403361344537816,0.2184873949579832,119,119,119,119,,5000,5000,1.0,3021694564,20260901
s_dot,per_class,all,7,cat,micro,target_top05_fraction,0.7914514282017933,0.7370499065110192,0.8420502058003642,119,119,119,119,,5000,5000,1.0,3021694564,20260901
s_dot,per_class,all,7,cat,micro,other_fg_top05_fraction,0.05503397214720289,0.028971794737024208,0.08451296647137,119,119,119,119,,5000,5000,1.0,3021694564,20260901
s_dot,per_class,all,7,cat,micro,bg_top05_fraction,0.1528264397716673,0.11516846907161146,0.1949819884342292,119,119,119,119,,5000,5000,1.0,3021694564,20260901
s_dot,per_class,all,7,cat,micro,target_tail_enrich_05,2.552999903531392,2.252281429376126,2.873943968135068,119,119,119,119,,5000,5000,1.0,3021694564,20260901
s_dot,per_class,all,7,cat,micro,other_fg_tail_enrich_05,0.613815561772819,0.3420644468808111,0.9447045505214398,30,119,30,119,,5000,5000,1.0,3021694564,20260901
s_dot,per_class,all,7,cat,micro,bg_tail_enrich_05,0.2683564046065365,0.20362587080024894,0.3367995719082791,113,119,113,119,,5000,5000,1.0,3021694564,20260901
s_dot,per_class,all,7,cat,micro,target_top10_fraction,0.777653399430806,0.7236219231191003,0.8275641412363598,119,119,119,119,,5000,5000,1.0,3021694564,20260901
s_dot,per_class,all,7,cat,micro,other_fg_top10_fraction,0.053844412448687276,0.029388929591378003,0.08117107907716474,119,119,119,119,,5000,5000,1.0,3021694564,20260901
s_dot,per_class,all,7,cat,micro,bg_top10_fraction,0.1677244023447821,0.12957318220655845,0.20952854730478748,119,119,119,119,,5000,5000,1.0,3021694564,20260901
s_dot,per_class,all,7,cat,micro,target_tail_enrich_10,2.39857418086183,2.1674998794928935,2.6407773515984476,119,119,119,119,,5000,5000,1.0,3021694564,20260901
s_dot,per_class,all,7,cat,micro,other_fg_tail_enrich_10,0.5928673099097692,0.35988585709623716,0.8811271288542424,30,119,30,119,,5000,5000,1.0,3021694564,20260901
s_dot,per_class,all,7,cat,micro,bg_tail_enrich_10,0.2843347330830706,0.2245775533422755,0.3483675684166921,113,119,113,119,,5000,5000,1.0,3021694564,20260901
s_dot,per_class,all,7,cat,micro,target_top20_fraction,0.74005242176645,0.6847117435942497,0.79073868760892,119,119,119,119,,5000,5000,1.0,3021694564,20260901
s_dot,per_class,all,7,cat,micro,other_fg_top20_fraction,0.05309630342102609,0.030592056957066075,0.07891177213249634,119,119,119,119,,5000,5000,1.0,3021694564,20260901
s_dot,per_class,all,7,cat,micro,bg_top20_fraction,0.20640679409655854,0.1650399533736272,0.25177883881524266,119,119,119,119,,5000,5000,1.0,3021694564,20260901
s_dot,per_class,all,7,cat,micro,target_tail_enrich_20,2.156275856463977,1.9969245211658153,2.3179632840044455,119,119,119,119,,5000,5000,1.0,3021694564,20260901
s_dot,per_class,all,7,cat,micro,other_fg_tail_enrich_20,0.5784519711606156,0.38819324100317526,0.8015195847074555,30,119,30,119,,5000,5000,1.0,3021694564,20260901
s_dot,per_class,all,7,cat,micro,bg_tail_enrich_20,0.3446167178880084,0.283157881866969,0.4103280815679097,113,119,113,119,,5000,5000,1.0,3021694564,20260901
s_dot,per_class,all,7,cat,micro,auc_target_bg,0.8248617432499932,0.797953032040304,0.84950958778281,113,119,113,119,,5000,5000,1.0,3021694564,20260901
s_dot,per_class,all,7,cat,micro,ap_target_bg,0.7446157110014401,0.6958176720696106,0.7896729652887832,113,119,113,119,,5000,5000,1.0,3021694564,20260901
s_dot,per_class,all,7,cat,micro,auc_target_other,0.7874676331298097,0.7127763749265883,0.8495522262031804,30,119,30,119,,5000,5000,1.0,3021694564,20260901
s_dot,per_class,all,7,cat,micro,ap_target_other,0.6235728088438217,0.5116803287287824,0.7334264108701836,30,119,30,119,,5000,5000,1.0,3021694564,20260901
s_dot,per_class,all,7,cat,micro,target_mean,19490.828947824786,17590.874820774607,21332.951495593363,119,119,119,119,,5000,5000,1.0,3021694564,20260901
s_dot,per_class,all,7,cat,micro,other_fg_mean,-4637.526442997562,-9217.998353730556,-1063.1349623907822,30,119,30,119,,5000,5000,1.0,3021694564,20260901
s_dot,per_class,all,7,cat,micro,bg_mean,-8917.21151516937,-11527.592697660746,-6481.422782477758,113,119,113,119,,5000,5000,1.0,3021694564,20260901
s_dot,per_class,all,7,cat,micro,target_median,23311.130269539455,21225.140879013958,25394.06921679072,119,119,119,119,,5000,5000,1.0,3021694564,20260901
s_dot,per_class,all,7,cat,micro,other_fg_median,-3578.6015594482424,-8265.049609954835,-125.91645336584742,30,119,30,119,,5000,5000,1.0,3021694564,20260901
s_dot,per_class,all,7,cat,micro,bg_median,-3504.6595551545643,-5962.954700965371,-1417.42354863253,113,119,113,119,,5000,5000,1.0,3021694564,20260901
s_dot,per_class,all,7,cat,micro,spatial_mass_target,0.7899159663865546,0.7142857142857143,0.865546218487395,119,119,119,119,,5000,5000,1.0,3021694564,20260901
s_dot,per_class,all,7,cat,micro,spatial_mass_other_fg,0.04201680672268908,0.008403361344537815,0.07563025210084033,119,119,119,119,,5000,5000,1.0,3021694564,20260901
s_dot,per_class,all,7,cat,micro,spatial_mass_background,0.14285714285714285,0.07563025210084033,0.21008403361344538,119,119,119,119,,5000,5000,1.0,3021694564,20260901
s_dot,per_class,all,8,chair,micro,target_hit,0.15447154471544716,0.0975609756097561,0.21951219512195122,123,123,123,123,,5000,5000,1.0,3021694564,20260901
s_dot,per_class,all,8,chair,micro,other_fg_hit,0.4065040650406504,0.3170731707317073,0.4959349593495935,123,123,123,123,,5000,5000,1.0,3021694564,20260901
s_dot,per_class,all,8,chair,micro,background_hit,0.42276422764227645,0.3333333333333333,0.5121951219512195,123,123,123,123,,5000,5000,1.0,3021694564,20260901
s_dot,per_class,all,8,chair,micro,target_top05_fraction,0.1218136876546921,0.08535605168052114,0.16117796567456452,123,123,123,123,,5000,5000,1.0,3021694564,20260901
s_dot,per_class,all,8,chair,micro,other_fg_top05_fraction,0.3411153647622914,0.28577739306801353,0.40086399593563754,123,123,123,123,,5000,5000,1.0,3021694564,20260901
s_dot,per_class,all,8,chair,micro,bg_top05_fraction,0.5350970264820093,0.47574370591477694,0.5926434773865265,123,123,123,123,,5000,5000,1.0,3021694564,20260901
s_dot,per_class,all,8,chair,micro,target_tail_enrich_05,1.332036442156516,0.8960818455889723,1.8162776772517157,112,123,112,123,,5000,5000,1.0,3021694564,20260901
s_dot,per_class,all,8,chair,micro,other_fg_tail_enrich_05,1.7312994441697702,1.3652394850586225,2.157800247866174,107,123,107,123,,5000,5000,1.0,3021694564,20260901
s_dot,per_class,all,8,chair,micro,bg_tail_enrich_05,0.8909229918293491,0.7889462561327736,1.0015710055103029,122,123,122,123,,5000,5000,1.0,3021694564,20260901
s_dot,per_class,all,8,chair,micro,target_top10_fraction,0.1173246079195345,0.08442180914997424,0.15347882088626655,123,123,123,123,,5000,5000,1.0,3021694564,20260901
s_dot,per_class,all,8,chair,micro,other_fg_top10_fraction,0.32030842300856394,0.2688153386564894,0.37418339803527445,123,123,123,123,,5000,5000,1.0,3021694564,20260901
s_dot,per_class,all,8,chair,micro,bg_top10_fraction,0.5600877435593867,0.5061033218625629,0.6135723663361645,123,123,123,123,,5000,5000,1.0,3021694564,20260901
s_dot,per_class,all,8,chair,micro,target_tail_enrich_10,1.2775289441102247,0.9530820373477645,1.6456359682494508,112,123,112,123,,5000,5000,1.0,3021694564,20260901
s_dot,per_class,all,8,chair,micro,other_fg_tail_enrich_10,1.4987935649877346,1.2178796980018787,1.8286448671825393,107,123,107,123,,5000,5000,1.0,3021694564,20260901
s_dot,per_class,all,8,chair,micro,bg_tail_enrich_10,0.959591683965399,0.8523275192407198,1.074025741782469,122,123,122,123,,5000,5000,1.0,3021694564,20260901
s_dot,per_class,all,8,chair,micro,target_top20_fraction,0.11409592139512373,0.08283587619817508,0.1484971817167261,123,123,123,123,,5000,5000,1.0,3021694564,20260901
s_dot,per_class,all,8,chair,micro,other_fg_top20_fraction,0.2968523810951827,0.25035120409546,0.34585873219933594,123,123,123,123,,5000,5000,1.0,3021694564,20260901
s_dot,per_class,all,8,chair,micro,bg_top20_fraction,0.587365202592604,0.53773148907484,0.6381891870456142,123,123,123,123,,5000,5000,1.0,3021694564,20260901
s_dot,per_class,all,8,chair,micro,target_tail_enrich_20,1.0634973630286644,0.853725736437325,1.2837473093882976,112,123,112,123,,5000,5000,1.0,3021694564,20260901
s_dot,per_class,all,8,chair,micro,other_fg_tail_enrich_20,1.2887735834281313,1.1114776710480792,1.4922160259738568,107,123,107,123,,5000,5000,1.0,3021694564,20260901
s_dot,per_class,all,8,chair,micro,bg_tail_enrich_20,1.0009094090099795,0.903647552528964,1.1080723968963313,122,123,122,123,,5000,5000,1.0,3021694564,20260901
s_dot,per_class,all,8,chair,micro,auc_target_bg,0.4550453373976497,0.4128017233212979,0.4978927637145259,111,123,111,123,,5000,5000,1.0,3021694564,20260901
s_dot,per_class,all,8,chair,micro,ap_target_bg,0.19688292993394252,0.15946796677937813,0.23756475082570286,111,123,111,123,,5000,5000,1.0,3021694564,20260901
s_dot,per_class,all,8,chair,micro,auc_target_other,0.4546137783164883,0.40088486637198956,0.5075062161477604,96,123,96,123,,5000,5000,1.0,3021694564,20260901
s_dot,per_class,all,8,chair,micro,ap_target_other,0.3306934160618707,0.2757011462740117,0.38657248323203297,96,123,96,123,,5000,5000,1.0,3021694564,20260901
s_dot,per_class,all,8,chair,micro,target_mean,171.54698002713238,-1554.23071831395,2154.459794044137,112,123,112,123,,5000,5000,1.0,3021694564,20260901
s_dot,per_class,all,8,chair,micro,other_fg_mean,-1045.2339314946187,-2659.914593955253,501.5685915062994,107,123,107,123,,5000,5000,1.0,3021694564,20260901
s_dot,per_class,all,8,chair,micro,bg_mean,-1001.9552431498682,-1945.005468888557,60.34663516704688,122,123,122,123,,5000,5000,1.0,3021694564,20260901
s_dot,per_class,all,8,chair,micro,target_median,588.56610946783,-1004.3294698348318,2352.3965319019676,112,123,112,123,,5000,5000,1.0,3021694564,20260901
s_dot,per_class,all,8,chair,micro,other_fg_median,-541.1044020563643,-2235.371478094639,1065.6936086054436,107,123,107,123,,5000,5000,1.0,3021694564,20260901
s_dot,per_class,all,8,chair,micro,bg_median,-111.23349113151676,-931.1715478459342,658.0212660645203,122,123,122,123,,5000,5000,1.0,3021694564,20260901
s_dot,per_class,all,8,chair,micro,spatial_mass_target,0.13821138211382114,0.08130081300813008,0.2032520325203252,123,123,123,123,,5000,5000,1.0,3021694564,20260901
s_dot,per_class,all,8,chair,micro,spatial_mass_other_fg,0.36585365805199477,0.28455284455927404,0.45528455236093784,123,123,123,123,,5000,5000,1.0,3021694564,20260901
s_dot,per_class,all,8,chair,micro,spatial_mass_background,0.37398373983739835,0.2926829268292683,0.4634146341463415,123,123,123,123,,5000,5000,1.0,3021694564,20260901
s_dot,per_class,all,9,cow,micro,target_hit,0.2535211267605634,0.15492957746478872,0.352112676056338,71,71,71,71,,5000,5000,1.0,3021694564,20260901
s_dot,per_class,all,9,cow,micro,other_fg_hit,0.056338028169014086,0.014084507042253521,0.11267605633802817,71,71,71,71,,5000,5000,1.0,3021694564,20260901
s_dot,per_class,all,9,cow,micro,background_hit,0.6901408450704225,0.5774647887323944,0.7887323943661971,71,71,71,71,,5000,5000,1.0,3021694564,20260901
s_dot,per_class,all,9,cow,micro,target_top05_fraction,0.20111932620980716,0.1359084308135893,0.2708812688407322,71,71,71,71,,5000,5000,1.0,3021694564,20260901
s_dot,per_class,all,9,cow,micro,other_fg_top05_fraction,0.04535117348530334,0.010888323510963376,0.09037181332018461,71,71,71,71,,5000,5000,1.0,3021694564,20260901
s_dot,per_class,all,9,cow,micro,bg_top05_fraction,0.7535295003048896,0.6788272455377721,0.8255921750816118,71,71,71,71,,5000,5000,1.0,3021694564,20260901
s_dot,per_class,all,9,cow,micro,target_tail_enrich_05,0.3947034639912104,0.28411851435457286,0.5136606357446363,71,71,71,71,,5000,5000,1.0,3021694564,20260901
s_dot,per_class,all,9,cow,micro,other_fg_tail_enrich_05,1.3757705084982106,0.376620026479631,2.6437255364616528,14,71,14,71,,5000,5000,1.0,3021694564,20260901
s_dot,per_class,all,9,cow,micro,bg_tail_enrich_05,1.3008455804516197,1.1688887766773846,1.4473487581885094,71,71,71,71,,5000,5000,1.0,3021694564,20260901
s_dot,per_class,all,9,cow,micro,target_top10_fraction,0.20958736358088698,0.14354743227064767,0.27886112540228153,71,71,71,71,,5000,5000,1.0,3021694564,20260901
s_dot,per_class,all,9,cow,micro,other_fg_top10_fraction,0.039214247612840265,0.01055098028112865,0.07565685646186127,71,71,71,71,,5000,5000,1.0,3021694564,20260901
s_dot,per_class,all,9,cow,micro,bg_top10_fraction,0.7510178182031669,0.6792844644594243,0.8206016792775407,71,71,71,71,,5000,5000,1.0,3021694564,20260901
s_dot,per_class,all,9,cow,micro,target_tail_enrich_10,0.4153137381285053,0.3039354140049531,0.5343940184976446,71,71,71,71,,5000,5000,1.0,3021694564,20260901
s_dot,per_class,all,9,cow,micro,other_fg_tail_enrich_10,1.0942518613417618,0.3751990154270626,2.017277593728904,14,71,14,71,,5000,5000,1.0,3021694564,20260901
s_dot,per_class,all,9,cow,micro,bg_tail_enrich_10,1.2750935416784168,1.1597905290998518,1.399758727581374,71,71,71,71,,5000,5000,1.0,3021694564,20260901
s_dot,per_class,all,9,cow,micro,target_top20_fraction,0.21351265253219406,0.14739607156592932,0.28253611124948086,71,71,71,71,,5000,5000,1.0,3021694564,20260901
s_dot,per_class,all,9,cow,micro,other_fg_top20_fraction,0.03393957408306804,0.011997424013780825,0.060985546355274166,71,71,71,71,,5000,5000,1.0,3021694564,20260901
s_dot,per_class,all,9,cow,micro,bg_top20_fraction,0.7524569055973686,0.6837006165754039,0.8190781517279031,71,71,71,71,,5000,5000,1.0,3021694564,20260901
s_dot,per_class,all,9,cow,micro,target_tail_enrich_20,0.41712599085725266,0.31475120342375873,0.5260266514287384,71,71,71,71,,5000,5000,1.0,3021694564,20260901
s_dot,per_class,all,9,cow,micro,other_fg_tail_enrich_20,0.8341968100186941,0.4121328449597429,1.340501255870202,14,71,14,71,,5000,5000,1.0,3021694564,20260901
s_dot,per_class,all,9,cow,micro,bg_tail_enrich_20,1.2576241345394723,1.1609285127297357,1.3588343336986528,71,71,71,71,,5000,5000,1.0,3021694564,20260901
s_dot,per_class,all,9,cow,micro,auc_target_bg,0.2908387835023551,0.2467407462311712,0.33643964616294086,71,71,71,71,,5000,5000,1.0,3021694564,20260901
s_dot,per_class,all,9,cow,micro,ap_target_bg,0.30429760372163905,0.24333567090204336,0.36860995731426494,71,71,71,71,,5000,5000,1.0,3021694564,20260901
s_dot,per_class,all,9,cow,micro,auc_target_other,0.4324058704850246,0.2734888731276996,0.6009251197126841,14,71,14,71,,5000,5000,1.0,3021694564,20260901
s_dot,per_class,all,9,cow,micro,ap_target_other,0.49272927703556174,0.33555245212753837,0.6643077849933607,14,71,14,71,,5000,5000,1.0,3021694564,20260901
s_dot,per_class,all,9,cow,micro,target_mean,-16190.641983723193,-17765.842715737217,-14664.88982720166,71,71,71,71,,5000,5000,1.0,3021694564,20260901
s_dot,per_class,all,9,cow,micro,other_fg_mean,-10109.0907429787,-15519.113818897227,-5233.795284597008,14,71,14,71,,5000,5000,1.0,3021694564,20260901
s_dot,per_class,all,9,cow,micro,bg_mean,-9350.377059421178,-11318.14471974241,-7401.049368559416,71,71,71,71,,5000,5000,1.0,3021694564,20260901
s_dot,per_class,all,9,cow,micro,target_median,-14834.012403031471,-16343.550000601756,-13402.754443703236,71,71,71,71,,5000,5000,1.0,3021694564,20260901
s_dot,per_class,all,9,cow,micro,other_fg_median,-8672.335619790214,-13052.97407030378,-4466.0479583215765,14,71,14,71,,5000,5000,1.0,3021694564,20260901
s_dot,per_class,all,9,cow,micro,bg_median,-7110.463282464256,-9047.621451649195,-5252.605023687658,71,71,71,71,,5000,5000,1.0,3021694564,20260901
s_dot,per_class,all,9,cow,micro,spatial_mass_target,0.2535211267605634,0.15492957746478872,0.352112676056338,71,71,71,71,,5000,5000,1.0,3021694564,20260901
s_dot,per_class,all,9,cow,micro,spatial_mass_other_fg,0.056338028169014086,0.014084507042253521,0.11267605633802817,71,71,71,71,,5000,5000,1.0,3021694564,20260901
s_dot,per_class,all,9,cow,micro,spatial_mass_background,0.676056337188667,0.5633802816691533,0.7746478873239436,71,71,71,71,,5000,5000,1.0,3021694564,20260901
s_dot,per_class,all,10,diningtable,micro,target_hit,0.26666666666666666,0.17333333333333334,0.37333333333333335,75,75,75,75,,5000,5000,1.0,3021694564,20260901
s_dot,per_class,all,10,diningtable,micro,other_fg_hit,0.48,0.37333333333333335,0.5866666666666667,75,75,75,75,,5000,5000,1.0,3021694564,20260901
s_dot,per_class,all,10,diningtable,micro,background_hit,0.25333333333333335,0.16,0.36,75,75,75,75,,5000,5000,1.0,3021694564,20260901
s_dot,per_class,all,10,diningtable,micro,target_top05_fraction,0.27606137736323483,0.21148277214449812,0.3445319850980841,75,75,75,75,,5000,5000,1.0,3021694564,20260901
s_dot,per_class,all,10,diningtable,micro,other_fg_top05_fraction,0.38848719568224205,0.3150041369149728,0.463925622672991,75,75,75,75,,5000,5000,1.0,3021694564,20260901
s_dot,per_class,all,10,diningtable,micro,bg_top05_fraction,0.334749672568558,0.2702152866110683,0.3973184180445403,75,75,75,75,,5000,5000,1.0,3021694564,20260901
s_dot,per_class,all,10,diningtable,micro,target_tail_enrich_05,1.6634054460499088,1.1993423303087443,2.256709075446669,73,75,73,75,,5000,5000,1.0,3021694564,20260901
s_dot,per_class,all,10,diningtable,micro,other_fg_tail_enrich_05,1.4449689153200767,1.1802838969753757,1.7339470304946265,70,75,70,75,,5000,5000,1.0,3021694564,20260901
s_dot,per_class,all,10,diningtable,micro,bg_tail_enrich_05,0.723082914800216,0.5690323230920115,0.8999054574939295,73,75,73,75,,5000,5000,1.0,3021694564,20260901
s_dot,per_class,all,10,diningtable,micro,target_top10_fraction,0.28670596789324104,0.22326111286789266,0.35226210712992617,75,75,75,75,,5000,5000,1.0,3021694564,20260901
s_dot,per_class,all,10,diningtable,micro,other_fg_top10_fraction,0.35332392741499985,0.28647336428514825,0.42274670149016486,75,75,75,75,,5000,5000,1.0,3021694564,20260901
s_dot,per_class,all,10,diningtable,micro,bg_top10_fraction,0.3592705095500588,0.2940325628147881,0.42183895223437734,75,75,75,75,,5000,5000,1.0,3021694564,20260901
s_dot,per_class,all,10,diningtable,micro,target_tail_enrich_10,1.5781704127086527,1.2142120391466626,1.9958043607884741,73,75,73,75,,5000,5000,1.0,3021694564,20260901
s_dot,per_class,all,10,diningtable,micro,other_fg_tail_enrich_10,1.2737831542191576,1.0687499695250964,1.480059001419427,70,75,70,75,,5000,5000,1.0,3021694564,20260901
s_dot,per_class,all,10,diningtable,micro,bg_tail_enrich_10,0.7582759094692597,0.6203473894333926,0.9071362329930506,73,75,73,75,,5000,5000,1.0,3021694564,20260901
s_dot,per_class,all,10,diningtable,micro,target_top20_fraction,0.2843508030653846,0.22471927510450102,0.3485640296560595,75,75,75,75,,5000,5000,1.0,3021694564,20260901
s_dot,per_class,all,10,diningtable,micro,other_fg_top20_fraction,0.3363822445000526,0.2756822793764845,0.4006045290324215,75,75,75,75,,5000,5000,1.0,3021694564,20260901
s_dot,per_class,all,10,diningtable,micro,bg_top20_fraction,0.3787422079423912,0.31730414751566094,0.4398700349908837,75,75,75,75,,5000,5000,1.0,3021694564,20260901
s_dot,per_class,all,10,diningtable,micro,target_tail_enrich_20,1.5010696891168003,1.2446138039835961,1.7731059608640365,73,75,73,75,,5000,5000,1.0,3021694564,20260901
s_dot,per_class,all,10,diningtable,micro,other_fg_tail_enrich_20,1.2042121646824986,1.023425535397475,1.3930514334735522,70,75,70,75,,5000,5000,1.0,3021694564,20260901
s_dot,per_class,all,10,diningtable,micro,bg_tail_enrich_20,0.8012780956715434,0.6801852913625906,0.9299291586643229,73,75,73,75,,5000,5000,1.0,3021694564,20260901
s_dot,per_class,all,10,diningtable,micro,auc_target_bg,0.6068684231209166,0.5626977197917425,0.6492874718226014,71,75,71,75,,5000,5000,1.0,3021694564,20260901
s_dot,per_class,all,10,diningtable,micro,ap_target_bg,0.41689153251217687,0.35537761623192554,0.4786697663668465,71,75,71,75,,5000,5000,1.0,3021694564,20260901
s_dot,per_class,all,10,diningtable,micro,auc_target_other,0.5437356096613453,0.4917072223063192,0.5982793737138186,68,75,68,75,,5000,5000,1.0,3021694564,20260901
s_dot,per_class,all,10,diningtable,micro,ap_target_other,0.4665525661902014,0.4037018563431734,0.5306776749819891,68,75,68,75,,5000,5000,1.0,3021694564,20260901
s_dot,per_class,all,10,diningtable,micro,target_mean,1458.2704963109816,-366.72113677372863,3375.5440376831057,73,75,73,75,,5000,5000,1.0,3021694564,20260901
s_dot,per_class,all,10,diningtable,micro,other_fg_mean,2067.343297427632,518.4056565137033,4021.4143653442097,70,75,70,75,,5000,5000,1.0,3021694564,20260901
s_dot,per_class,all,10,diningtable,micro,bg_mean,1457.1628548093645,-518.0727094354609,3753.9003796710513,73,75,73,75,,5000,5000,1.0,3021694564,20260901
s_dot,per_class,all,10,diningtable,micro,target_median,2221.4509179102233,501.1364986124039,3901.5231356394247,73,75,73,75,,5000,5000,1.0,3021694564,20260901
s_dot,per_class,all,10,diningtable,micro,other_fg_median,1543.8589565822056,91.38806572971386,3238.125563408969,70,75,70,75,,5000,5000,1.0,3021694564,20260901
s_dot,per_class,all,10,diningtable,micro,bg_median,1723.4450527870492,-17.00284833629146,3789.835138140781,73,75,73,75,,5000,5000,1.0,3021694564,20260901
s_dot,per_class,all,10,diningtable,micro,spatial_mass_target,0.2666666650772095,0.17333333174387613,0.3733333317438761,75,75,75,75,,5000,5000,1.0,3021694564,20260901
s_dot,per_class,all,10,diningtable,micro,spatial_mass_other_fg,0.44,0.3333333333333333,0.5466666666666666,75,75,75,75,,5000,5000,1.0,3021694564,20260901
s_dot,per_class,all,10,diningtable,micro,spatial_mass_background,0.24000000178620629,0.14666666845287296,0.3333333404781585,75,75,75,75,,5000,5000,1.0,3021694564,20260901
s_dot,per_class,all,11,dog,micro,target_hit,0.640625,0.5546875,0.7265625,128,128,128,128,,5000,5000,1.0,3021694564,20260901
s_dot,per_class,all,11,dog,micro,other_fg_hit,0.140625,0.0859375,0.203125,128,128,128,128,,5000,5000,1.0,3021694564,20260901
s_dot,per_class,all,11,dog,micro,background_hit,0.21875,0.1484375,0.2890625,128,128,128,128,,5000,5000,1.0,3021694564,20260901
s_dot,per_class,all,11,dog,micro,target_top05_fraction,0.580326199814259,0.5160316118963671,0.6483473570745162,128,128,128,128,,5000,5000,1.0,3021694564,20260901
s_dot,per_class,all,11,dog,micro,other_fg_top05_fraction,0.11539749549103989,0.07157400351813387,0.16604936557162092,128,128,128,128,,5000,5000,1.0,3021694564,20260901
s_dot,per_class,all,11,dog,micro,bg_top05_fraction,0.3040809921947012,0.24686372664364356,0.3611525115036823,128,128,128,128,,5000,5000,1.0,3021694564,20260901
s_dot,per_class,all,11,dog,micro,target_tail_enrich_05,2.1693939843592607,1.8065789376307213,2.575444806912857,128,128,128,128,,5000,5000,1.0,3021694564,20260901
s_dot,per_class,all,11,dog,micro,other_fg_tail_enrich_05,1.2329998977177457,0.8735052678131757,1.6165564758320123,43,128,43,128,,5000,5000,1.0,3021694564,20260901
s_dot,per_class,all,11,dog,micro,bg_tail_enrich_05,0.5077484373765886,0.41408923081421045,0.6068673397848331,124,128,124,128,,5000,5000,1.0,3021694564,20260901
s_dot,per_class,all,11,dog,micro,target_top10_fraction,0.5462076879138854,0.4836687402991237,0.6106255950133157,128,128,128,128,,5000,5000,1.0,3021694564,20260901
s_dot,per_class,all,11,dog,micro,other_fg_top10_fraction,0.11242676739789617,0.07066857613211414,0.1596351808649293,128,128,128,128,,5000,5000,1.0,3021694564,20260901
s_dot,per_class,all,11,dog,micro,bg_top10_fraction,0.3408646433126396,0.28525138821507506,0.3968301376344145,128,128,128,128,,5000,5000,1.0,3021694564,20260901
s_dot,per_class,all,11,dog,micro,target_tail_enrich_10,1.9118698053461063,1.6445267523837708,2.2099233024314437,128,128,128,128,,5000,5000,1.0,3021694564,20260901
s_dot,per_class,all,11,dog,micro,other_fg_tail_enrich_10,1.2194387476250725,0.903896822523084,1.5577682163275965,43,128,43,128,,5000,5000,1.0,3021694564,20260901
s_dot,per_class,all,11,dog,micro,bg_tail_enrich_10,0.5607070296470661,0.4744265097688468,0.6482461714077121,124,128,124,128,,5000,5000,1.0,3021694564,20260901
s_dot,per_class,all,11,dog,micro,target_top20_fraction,0.4954445866531126,0.43690334384634444,0.5552748162076963,128,128,128,128,,5000,5000,1.0,3021694564,20260901
s_dot,per_class,all,11,dog,micro,other_fg_top20_fraction,0.10368641329566222,0.06632209182642333,0.145850345742374,128,128,128,128,,5000,5000,1.0,3021694564,20260901
s_dot,per_class,all,11,dog,micro,bg_top20_fraction,0.40041596207210645,0.34518217913011817,0.4561433943420196,128,128,128,128,,5000,5000,1.0,3021694564,20260901
s_dot,per_class,all,11,dog,micro,target_tail_enrich_20,1.6050032991390764,1.428502250089246,1.7952754579515462,128,128,128,128,,5000,5000,1.0,3021694564,20260901
s_dot,per_class,all,11,dog,micro,other_fg_tail_enrich_20,1.057390735493135,0.8290029390548418,1.2988234838972803,43,128,43,128,,5000,5000,1.0,3021694564,20260901
s_dot,per_class,all,11,dog,micro,bg_tail_enrich_20,0.6625431622131346,0.5846567902901612,0.7417752168001012,124,128,124,128,,5000,5000,1.0,3021694564,20260901
s_dot,per_class,all,11,dog,micro,auc_target_bg,0.6197061543051244,0.5796797482931686,0.65990034834834,124,128,124,128,,5000,5000,1.0,3021694564,20260901
s_dot,per_class,all,11,dog,micro,ap_target_bg,0.5346472718590083,0.4853547048159013,0.5862711779564163,124,128,124,128,,5000,5000,1.0,3021694564,20260901
s_dot,per_class,all,11,dog,micro,auc_target_other,0.5678503371226219,0.4918635485477751,0.6433851670874351,43,128,43,128,,5000,5000,1.0,3021694564,20260901
s_dot,per_class,all,11,dog,micro,ap_target_other,0.5447944341223404,0.4509088302382253,0.6409073379237495,43,128,43,128,,5000,5000,1.0,3021694564,20260901
s_dot,per_class,all,11,dog,micro,target_mean,9361.75059012595,7536.194588360344,11110.781793914093,128,128,128,128,,5000,5000,1.0,3021694564,20260901
s_dot,per_class,all,11,dog,micro,other_fg_mean,3533.7298657665474,290.17095203486906,6340.119246486875,43,128,43,128,,5000,5000,1.0,3021694564,20260901
s_dot,per_class,all,11,dog,micro,bg_mean,2639.1976546802575,1166.1395643802393,3999.0049703560235,124,128,124,128,,5000,5000,1.0,3021694564,20260901
s_dot,per_class,all,11,dog,micro,target_median,11592.557948708534,9827.235923011602,13291.499548228085,128,128,128,128,,5000,5000,1.0,3021694564,20260901
s_dot,per_class,all,11,dog,micro,other_fg_median,5323.873789232831,2441.6493332107343,7862.367418723023,43,128,43,128,,5000,5000,1.0,3021694564,20260901
s_dot,per_class,all,11,dog,micro,bg_median,6052.851697767935,4662.295667604483,7338.076751627241,124,128,124,128,,5000,5000,1.0,3021694564,20260901
s_dot,per_class,all,11,dog,micro,spatial_mass_target,0.6327416189014912,0.546875,0.7186082378029823,128,128,128,128,,5000,5000,1.0,3021694564,20260901
s_dot,per_class,all,11,dog,micro,spatial_mass_other_fg,0.1328124995343387,0.07812499953433871,0.1953124995343387,128,128,128,128,,5000,5000,1.0,3021694564,20260901
s_dot,per_class,all,11,dog,micro,spatial_mass_background,0.21100838130223565,0.14069588130223565,0.2813917626044713,128,128,128,128,,5000,5000,1.0,3021694564,20260901
s_dot,per_class,all,12,horse,micro,target_hit,0.379746835443038,0.27848101265822783,0.4936708860759494,79,79,79,79,,5000,5000,1.0,3021694564,20260901
s_dot,per_class,all,12,horse,micro,other_fg_hit,0.11392405063291139,0.05063291139240506,0.189873417721519,79,79,79,79,,5000,5000,1.0,3021694564,20260901
s_dot,per_class,all,12,horse,micro,background_hit,0.5063291139240507,0.3924050632911392,0.620253164556962,79,79,79,79,,5000,5000,1.0,3021694564,20260901
s_dot,per_class,all,12,horse,micro,target_top05_fraction,0.3351278365435595,0.26638496084615343,0.4105627695996616,79,79,79,79,,5000,5000,1.0,3021694564,20260901
s_dot,per_class,all,12,horse,micro,other_fg_top05_fraction,0.08497407749572972,0.04782275222231918,0.1274207263110494,79,79,79,79,,5000,5000,1.0,3021694564,20260901
s_dot,per_class,all,12,horse,micro,bg_top05_fraction,0.5789243761262415,0.503772094110202,0.6528647870311761,79,79,79,79,,5000,5000,1.0,3021694564,20260901
s_dot,per_class,all,12,horse,micro,target_tail_enrich_05,1.0435722481219096,0.864456350081503,1.248584678920024,77,79,77,79,,5000,5000,1.0,3021694564,20260901
s_dot,per_class,all,12,horse,micro,other_fg_tail_enrich_05,2.062335334289532,1.618525015592253,2.5070803322584725,34,79,34,79,,5000,5000,1.0,3021694564,20260901
s_dot,per_class,all,12,horse,micro,bg_tail_enrich_05,0.8054859115019397,0.7159208090705926,0.8915446335730185,79,79,79,79,,5000,5000,1.0,3021694564,20260901
s_dot,per_class,all,12,horse,micro,target_top10_fraction,0.33656160745886937,0.2706194529074451,0.4068916681409713,79,79,79,79,,5000,5000,1.0,3021694564,20260901
s_dot,per_class,all,12,horse,micro,other_fg_top10_fraction,0.06714833676034856,0.03829490895185662,0.1000428410282364,79,79,79,79,,5000,5000,1.0,3021694564,20260901
s_dot,per_class,all,12,horse,micro,bg_top10_fraction,0.5951456305857238,0.5231333368426484,0.6652414833371334,79,79,79,79,,5000,5000,1.0,3021694564,20260901
s_dot,per_class,all,12,horse,micro,target_tail_enrich_10,1.0654902953673602,0.9110965895213715,1.2313916251965074,77,79,77,79,,5000,5000,1.0,3021694564,20260901
s_dot,per_class,all,12,horse,micro,other_fg_tail_enrich_10,1.6501771660064257,1.273065531542399,2.034898053100417,34,79,34,79,,5000,5000,1.0,3021694564,20260901
s_dot,per_class,all,12,horse,micro,bg_tail_enrich_10,0.8392616072698476,0.7580505638046863,0.9173798000304487,79,79,79,79,,5000,5000,1.0,3021694564,20260901
s_dot,per_class,all,12,horse,micro,target_top20_fraction,0.33681677449319647,0.27456656426995496,0.40289927583022095,79,79,79,79,,5000,5000,1.0,3021694564,20260901
s_dot,per_class,all,12,horse,micro,other_fg_top20_fraction,0.05031063069426986,0.0289259343707219,0.07519062266987182,79,79,79,79,,5000,5000,1.0,3021694564,20260901
s_dot,per_class,all,12,horse,micro,bg_top20_fraction,0.6121370434440713,0.544715651030089,0.6774949196016755,79,79,79,79,,5000,5000,1.0,3021694564,20260901
s_dot,per_class,all,12,horse,micro,target_tail_enrich_20,1.0698624233776937,0.9342138420990561,1.2155968679981084,77,79,77,79,,5000,5000,1.0,3021694564,20260901
s_dot,per_class,all,12,horse,micro,other_fg_tail_enrich_20,1.25751706952774,0.9868962564354958,1.5413783158962502,34,79,34,79,,5000,5000,1.0,3021694564,20260901
s_dot,per_class,all,12,horse,micro,bg_tail_enrich_20,0.8761413980139312,0.8072560134327836,0.9418992503681856,79,79,79,79,,5000,5000,1.0,3021694564,20260901
s_dot,per_class,all,12,horse,micro,auc_target_bg,0.5623641682291344,0.5225348971147685,0.6013917368204041,77,79,77,79,,5000,5000,1.0,3021694564,20260901
s_dot,per_class,all,12,horse,micro,ap_target_bg,0.3814625509362259,0.3247126329105732,0.44020555740300826,77,79,77,79,,5000,5000,1.0,3021694564,20260901
s_dot,per_class,all,12,horse,micro,auc_target_other,0.5661892065798293,0.5108014125333799,0.6221183186821718,33,79,33,79,,5000,5000,1.0,3021694564,20260901
s_dot,per_class,all,12,horse,micro,ap_target_other,0.7528104600998371,0.6864702988832355,0.8106464974052054,33,79,33,79,,5000,5000,1.0,3021694564,20260901
s_dot,per_class,all,12,horse,micro,target_mean,-189.0664914829615,-2000.2728607417887,1713.1760229079766,77,79,77,79,,5000,5000,1.0,3021694564,20260901
s_dot,per_class,all,12,horse,micro,other_fg_mean,-3521.0265708119905,-6080.288695649905,-1065.7066848859877,34,79,34,79,,5000,5000,1.0,3021694564,20260901
s_dot,per_class,all,12,horse,micro,bg_mean,-4794.860066282775,-6889.336728662478,-2830.747974041716,79,79,79,79,,5000,5000,1.0,3021694564,20260901
s_dot,per_class,all,12,horse,micro,target_median,1337.8372580292937,-356.05036016088735,3165.326020583035,77,79,77,79,,5000,5000,1.0,3021694564,20260901
s_dot,per_class,all,12,horse,micro,other_fg_median,-1413.6826797934139,-4002.692171060471,986.1037761679702,34,79,34,79,,5000,5000,1.0,3021694564,20260901
s_dot,per_class,all,12,horse,micro,bg_median,-1878.495050213005,-3762.8163981196244,-123.41135864499492,79,79,79,79,,5000,5000,1.0,3021694564,20260901
s_dot,per_class,all,12,horse,micro,spatial_mass_target,0.35443037974683544,0.25316455696202533,0.45569620253164556,79,79,79,79,,5000,5000,1.0,3021694564,20260901
s_dot,per_class,all,12,horse,micro,spatial_mass_other_fg,0.11392405063291139,0.05063291139240506,0.189873417721519,79,79,79,79,,5000,5000,1.0,3021694564,20260901
s_dot,per_class,all,12,horse,micro,spatial_mass_background,0.5063291139240507,0.3924050632911392,0.620253164556962,79,79,79,79,,5000,5000,1.0,3021694564,20260901
s_dot,per_class,all,13,motorbike,micro,target_hit,0.19736842105263158,0.11842105263157894,0.2894736842105263,76,76,76,76,,5000,5000,1.0,3021694564,20260901
s_dot,per_class,all,13,motorbike,micro,other_fg_hit,0.14473684210526316,0.06578947368421052,0.2236842105263158,76,76,76,76,,5000,5000,1.0,3021694564,20260901
s_dot,per_class,all,13,motorbike,micro,background_hit,0.6578947368421053,0.5526315789473685,0.7631578947368421,76,76,76,76,,5000,5000,1.0,3021694564,20260901
s_dot,per_class,all,13,motorbike,micro,target_top05_fraction,0.2479355777638732,0.19633374004801918,0.30283252855188436,76,76,76,76,,5000,5000,1.0,3021694564,20260901
s_dot,per_class,all,13,motorbike,micro,other_fg_top05_fraction,0.14494707908733484,0.09772277399428797,0.1975015779577505,76,76,76,76,,5000,5000,1.0,3021694564,20260901
s_dot,per_class,all,13,motorbike,micro,bg_top05_fraction,0.6061051973998038,0.5386729368083755,0.6724839696421394,76,76,76,76,,5000,5000,1.0,3021694564,20260901
s_dot,per_class,all,13,motorbike,micro,target_tail_enrich_05,0.8568525040973395,0.6912993061435584,1.0291480757349438,75,76,75,76,,5000,5000,1.0,3021694564,20260901
s_dot,per_class,all,13,motorbike,micro,other_fg_tail_enrich_05,1.5072205449234122,1.0631406991775083,2.022513128174098,52,76,52,76,,5000,5000,1.0,3021694564,20260901
s_dot,per_class,all,13,motorbike,micro,bg_tail_enrich_05,1.0419890067304307,0.924586247268293,1.1728146867188338,76,76,76,76,,5000,5000,1.0,3021694564,20260901
s_dot,per_class,all,13,motorbike,micro,target_top10_fraction,0.26108499208561575,0.21103463983064896,0.3149328193818716,76,76,76,76,,5000,5000,1.0,3021694564,20260901
s_dot,per_class,all,13,motorbike,micro,other_fg_top10_fraction,0.12930289844094833,0.08657356185939395,0.17657808240223852,76,76,76,76,,5000,5000,1.0,3021694564,20260901
s_dot,per_class,all,13,motorbike,micro,bg_top10_fraction,0.6084268911829546,0.5426960542909091,0.6736829921505514,76,76,76,76,,5000,5000,1.0,3021694564,20260901
s_dot,per_class,all,13,motorbike,micro,target_tail_enrich_10,0.8832699536038285,0.7358208553162539,1.038764691102797,75,76,75,76,,5000,5000,1.0,3021694564,20260901
s_dot,per_class,all,13,motorbike,micro,other_fg_tail_enrich_10,1.267975866693888,0.9109771880503664,1.6798585600275415,52,76,52,76,,5000,5000,1.0,3021694564,20260901
s_dot,per_class,all,13,motorbike,micro,bg_tail_enrich_10,1.0353127219798768,0.9219520235710186,1.1564729973927974,76,76,76,76,,5000,5000,1.0,3021694564,20260901
s_dot,per_class,all,13,motorbike,micro,target_top20_fraction,0.2661048456260992,0.2181161207109939,0.31710682064685336,76,76,76,76,,5000,5000,1.0,3021694564,20260901
s_dot,per_class,all,13,motorbike,micro,other_fg_top20_fraction,0.11418382797172794,0.07719887139264292,0.15451884848281228,76,76,76,76,,5000,5000,1.0,3021694564,20260901
s_dot,per_class,all,13,motorbike,micro,bg_top20_fraction,0.619030527014692,0.5563870090605216,0.6799757586186473,76,76,76,76,,5000,5000,1.0,3021694564,20260901
s_dot,per_class,all,13,motorbike,micro,target_tail_enrich_20,0.8929750398185018,0.7576605622557518,1.0356770615824498,75,76,75,76,,5000,5000,1.0,3021694564,20260901
s_dot,per_class,all,13,motorbike,micro,other_fg_tail_enrich_20,1.0496972908329665,0.8065361224691641,1.3029565663805982,52,76,52,76,,5000,5000,1.0,3021694564,20260901
s_dot,per_class,all,13,motorbike,micro,bg_tail_enrich_20,1.0462762107029402,0.9515572726388444,1.1453919007530768,76,76,76,76,,5000,5000,1.0,3021694564,20260901
s_dot,per_class,all,13,motorbike,micro,auc_target_bg,0.43358675417283754,0.39116333611386356,0.474754183575766,75,76,75,76,,5000,5000,1.0,3021694564,20260901
s_dot,per_class,all,13,motorbike,micro,ap_target_bg,0.3440789263578044,0.29562438139781894,0.3944336123852007,75,76,75,76,,5000,5000,1.0,3021694564,20260901
s_dot,per_class,all,13,motorbike,micro,auc_target_other,0.5193712340189278,0.4636423490785106,0.5731613510034249,51,76,51,76,,5000,5000,1.0,3021694564,20260901
s_dot,per_class,all,13,motorbike,micro,ap_target_other,0.6401424390997207,0.570555305872884,0.7072241405946281,51,76,51,76,,5000,5000,1.0,3021694564,20260901
s_dot,per_class,all,13,motorbike,micro,target_mean,331.66384895979695,-1800.9114536757502,2471.8183705078204,75,76,75,76,,5000,5000,1.0,3021694564,20260901
s_dot,per_class,all,13,motorbike,micro,other_fg_mean,2728.8965070094487,-270.297581907611,5554.285766368909,52,76,52,76,,5000,5000,1.0,3021694564,20260901
s_dot,per_class,all,13,motorbike,micro,bg_mean,3179.8967867756287,1574.6696016426367,4753.030467248771,76,76,76,76,,5000,5000,1.0,3021694564,20260901
s_dot,per_class,all,13,motorbike,micro,target_median,4139.077803497315,2111.743528213965,6167.584349446547,75,76,75,76,,5000,5000,1.0,3021694564,20260901
s_dot,per_class,all,13,motorbike,micro,other_fg_median,4597.0718008188105,1947.826170939491,7241.8390639577,52,76,52,76,,5000,5000,1.0,3021694564,20260901
s_dot,per_class,all,13,motorbike,micro,bg_median,6431.533869090833,5135.503360793465,7713.842031614403,76,76,76,76,,5000,5000,1.0,3021694564,20260901
s_dot,per_class,all,13,motorbike,micro,spatial_mass_target,0.19736842105263158,0.11842105263157894,0.2894736842105263,76,76,76,76,,5000,5000,1.0,3021694564,20260901
s_dot,per_class,all,13,motorbike,micro,spatial_mass_other_fg,0.14473684210526316,0.06578947368421052,0.2236842105263158,76,76,76,76,,5000,5000,1.0,3021694564,20260901
s_dot,per_class,all,13,motorbike,micro,spatial_mass_background,0.618421052631579,0.5131578947368421,0.7236842105263158,76,76,76,76,,5000,5000,1.0,3021694564,20260901
s_dot,per_class,all,14,person,micro,target_hit,0.5235955056179775,0.4764044943820225,0.5707865168539326,445,445,445,445,,5000,5000,1.0,3021694564,20260901
s_dot,per_class,all,14,person,micro,other_fg_hit,0.18651685393258427,0.15280898876404495,0.2247191011235955,445,445,445,445,,5000,5000,1.0,3021694564,20260901
s_dot,per_class,all,14,person,micro,background_hit,0.2853932584269663,0.24488764044943823,0.32808988764044944,445,445,445,445,,5000,5000,1.0,3021694564,20260901
s_dot,per_class,all,14,person,micro,target_top05_fraction,0.4352686637734625,0.399341308459698,0.4719331748801658,445,445,445,445,,5000,5000,1.0,3021694564,20260901
s_dot,per_class,all,14,person,micro,other_fg_top05_fraction,0.19907156374234003,0.17542434753253985,0.22470259814700974,445,445,445,445,,5000,5000,1.0,3021694564,20260901
s_dot,per_class,all,14,person,micro,bg_top05_fraction,0.36460242134922977,0.3330751731532766,0.39449358566919807,445,445,445,445,,5000,5000,1.0,3021694564,20260901
s_dot,per_class,all,14,person,micro,target_tail_enrich_05,2.0961299785128165,1.9074967061201833,2.287533436361922,413,445,413,445,,5000,5000,1.0,3021694564,20260901
s_dot,per_class,all,14,person,micro,other_fg_tail_enrich_05,1.2769619771013756,1.0643604643070796,1.510874491150425,373,445,373,445,,5000,5000,1.0,3021694564,20260901
s_dot,per_class,all,14,person,micro,bg_tail_enrich_05,0.6344244134900787,0.5659684996925639,0.7121341545350921,441,445,441,445,,5000,5000,1.0,3021694564,20260901
s_dot,per_class,all,14,person,micro,target_top10_fraction,0.39745202444484945,0.36386102151797955,0.43202593689123187,445,445,445,445,,5000,5000,1.0,3021694564,20260901
s_dot,per_class,all,14,person,micro,other_fg_top10_fraction,0.21006386253428694,0.18663734148948743,0.234863776881281,445,445,445,445,,5000,5000,1.0,3021694564,20260901
s_dot,per_class,all,14,person,micro,bg_top10_fraction,0.39154677808568966,0.3609428305723241,0.42061487706999817,445,445,445,445,,5000,5000,1.0,3021694564,20260901
s_dot,per_class,all,14,person,micro,target_tail_enrich_10,1.79673166532958,1.663106400357028,1.9345255811313729,413,445,413,445,,5000,5000,1.0,3021694564,20260901
s_dot,per_class,all,14,person,micro,other_fg_tail_enrich_10,1.2290686912805024,1.0907827634639955,1.3741812694452513,373,445,373,445,,5000,5000,1.0,3021694564,20260901
s_dot,per_class,all,14,person,micro,bg_tail_enrich_10,0.6700656994844313,0.6143287124397542,0.7260016565004939,441,445,441,445,,5000,5000,1.0,3021694564,20260901
s_dot,per_class,all,14,person,micro,target_top20_fraction,0.349873916775655,0.318886967667044,0.3823440545162261,445,445,445,445,,5000,5000,1.0,3021694564,20260901
s_dot,per_class,all,14,person,micro,other_fg_top20_fraction,0.21379269847969656,0.19052873697279235,0.23720009869132833,445,445,445,445,,5000,5000,1.0,3021694564,20260901
s_dot,per_class,all,14,person,micro,bg_top20_fraction,0.4355268561723368,0.4062010675019606,0.46379097821037724,445,445,445,445,,5000,5000,1.0,3021694564,20260901
s_dot,per_class,all,14,person,micro,target_tail_enrich_20,1.4548636537214221,1.3630067192763342,1.5470385849317794,413,445,413,445,,5000,5000,1.0,3021694564,20260901
s_dot,per_class,all,14,person,micro,other_fg_tail_enrich_20,1.1429788044951732,1.0478098622286969,1.2445277908705443,373,445,373,445,,5000,5000,1.0,3021694564,20260901
s_dot,per_class,all,14,person,micro,bg_tail_enrich_20,0.7315212623348147,0.6871760832650567,0.7766056552972638,441,445,441,445,,5000,5000,1.0,3021694564,20260901
s_dot,per_class,all,14,person,micro,auc_target_bg,0.5840604279056673,0.563586274701858,0.6046282810956618,409,445,409,445,,5000,5000,1.0,3021694564,20260901
s_dot,per_class,all,14,person,micro,ap_target_bg,0.4383879047582579,0.40934899775821637,0.46797525792201905,409,445,409,445,,5000,5000,1.0,3021694564,20260901
s_dot,per_class,all,14,person,micro,auc_target_other,0.5232369756430494,0.49628977058298607,0.5492646406520659,343,445,343,445,,5000,5000,1.0,3021694564,20260901
s_dot,per_class,all,14,person,micro,ap_target_other,0.5364852993344094,0.5002650517139375,0.5724555491650339,343,445,343,445,,5000,5000,1.0,3021694564,20260901
s_dot,per_class,all,14,person,micro,target_mean,7704.213029070099,6766.516639086023,8645.235911284957,413,445,413,445,,5000,5000,1.0,3021694564,20260901
s_dot,per_class,all,14,person,micro,other_fg_mean,3020.345834065627,1744.916162276875,4239.0409952622285,373,445,373,445,,5000,5000,1.0,3021694564,20260901
s_dot,per_class,all,14,person,micro,bg_mean,458.38098201393615,-379.96649613213856,1286.6523066043274,441,445,441,445,,5000,5000,1.0,3021694564,20260901
s_dot,per_class,all,14,person,micro,target_median,8613.868661322258,7678.2417180815755,9579.820126009849,413,445,413,445,,5000,5000,1.0,3021694564,20260901
s_dot,per_class,all,14,person,micro,other_fg_median,4829.114632041461,3618.1122767518314,5980.053323863452,373,445,373,445,,5000,5000,1.0,3021694564,20260901
s_dot,per_class,all,14,person,micro,bg_median,3070.784341148779,2352.332248789171,3779.464989184326,441,445,441,445,,5000,5000,1.0,3021694564,20260901
s_dot,per_class,all,14,person,micro,spatial_mass_target,0.5011269821322345,0.4539459614447982,0.5483146067415731,445,445,445,445,,5000,5000,1.0,3021694564,20260901
s_dot,per_class,all,14,person,micro,spatial_mass_other_fg,0.17735709018921583,0.1436492250206765,0.2135222258728536,445,445,445,445,,5000,5000,1.0,3021694564,20260901
s_dot,per_class,all,14,person,micro,spatial_mass_background,0.2585945793919349,0.21814852780505511,0.29905150987166024,445,445,445,445,,5000,5000,1.0,3021694564,20260901
s_dot,per_class,all,15,pottedplant,micro,target_hit,0.3058823529411765,0.21176470588235294,0.4,85,85,85,85,,5000,5000,1.0,3021694564,20260901
s_dot,per_class,all,15,pottedplant,micro,other_fg_hit,0.24705882352941178,0.16470588235294117,0.3411764705882353,85,85,85,85,,5000,5000,1.0,3021694564,20260901
s_dot,per_class,all,15,pottedplant,micro,background_hit,0.4470588235294118,0.3411764705882353,0.5529411764705883,85,85,85,85,,5000,5000,1.0,3021694564,20260901
s_dot,per_class,all,15,pottedplant,micro,target_top05_fraction,0.2932872185230369,0.21497657746506116,0.3752584199179968,85,85,85,85,,5000,5000,1.0,3021694564,20260901
s_dot,per_class,all,15,pottedplant,micro,other_fg_top05_fraction,0.23379214624160904,0.17373514536810725,0.2987715019383944,85,85,85,85,,5000,5000,1.0,3021694564,20260901
s_dot,per_class,all,15,pottedplant,micro,bg_top05_fraction,0.471839975698812,0.3967858173527892,0.5455881553720219,85,85,85,85,,5000,5000,1.0,3021694564,20260901
s_dot,per_class,all,15,pottedplant,micro,target_tail_enrich_05,3.6243353868412624,2.6763339049624184,4.6762908217465124,68,85,68,85,,5000,5000,1.0,3021694564,20260901
s_dot,per_class,all,15,pottedplant,micro,other_fg_tail_enrich_05,1.3354676773525584,1.0105055220377461,1.7028792932275176,60,85,60,85,,5000,5000,1.0,3021694564,20260901
s_dot,per_class,all,15,pottedplant,micro,bg_tail_enrich_05,0.6537431229336446,0.5543440060920193,0.7555573282183995,85,85,85,85,,5000,5000,1.0,3021694564,20260901
s_dot,per_class,all,15,pottedplant,micro,target_top10_fraction,0.27548799098919663,0.20002146731293038,0.3540373430580247,85,85,85,85,,5000,5000,1.0,3021694564,20260901
s_dot,per_class,all,15,pottedplant,micro,other_fg_top10_fraction,0.22453403477624037,0.16889044688196528,0.2843249088245434,85,85,85,85,,5000,5000,1.0,3021694564,20260901
s_dot,per_class,all,15,pottedplant,micro,bg_top10_fraction,0.4989370101421285,0.4251696465100166,0.5696003156321142,85,85,85,85,,5000,5000,1.0,3021694564,20260901
s_dot,per_class,all,15,pottedplant,micro,target_tail_enrich_10,2.932573976695728,2.3243856773656324,3.568400706611853,68,85,68,85,,5000,5000,1.0,3021694564,20260901
s_dot,per_class,all,15,pottedplant,micro,other_fg_tail_enrich_10,1.2573464124440812,0.9898866800588704,1.5555732940980276,60,85,60,85,,5000,5000,1.0,3021694564,20260901
s_dot,per_class,all,15,pottedplant,micro,bg_tail_enrich_10,0.6921935920142451,0.5951693952216441,0.7927868245430401,85,85,85,85,,5000,5000,1.0,3021694564,20260901
s_dot,per_class,all,15,pottedplant,micro,target_top20_fraction,0.24502058629339185,0.1753624936578678,0.319036969341049,85,85,85,85,,5000,5000,1.0,3021694564,20260901
s_dot,per_class,all,15,pottedplant,micro,other_fg_top20_fraction,0.21661958473401446,0.16414870046993735,0.2720889253111027,85,85,85,85,,5000,5000,1.0,3021694564,20260901
s_dot,per_class,all,15,pottedplant,micro,bg_top20_fraction,0.5377496796098181,0.468200112828527,0.603746079490162,85,85,85,85,,5000,5000,1.0,3021694564,20260901
s_dot,per_class,all,15,pottedplant,micro,target_tail_enrich_20,2.323519622285983,1.9967800112367295,2.650177064610471,68,85,68,85,,5000,5000,1.0,3021694564,20260901
s_dot,per_class,all,15,pottedplant,micro,other_fg_tail_enrich_20,1.1860352915972732,0.9690386153451052,1.4124458576954824,60,85,60,85,,5000,5000,1.0,3021694564,20260901
s_dot,per_class,all,15,pottedplant,micro,bg_tail_enrich_20,0.7506284840623815,0.6576679240462251,0.8442153109351815,85,85,85,85,,5000,5000,1.0,3021694564,20260901
s_dot,per_class,all,15,pottedplant,micro,auc_target_bg,0.7216825847693158,0.6742088458336626,0.766501067769093,68,85,68,85,,5000,5000,1.0,3021694564,20260901
s_dot,per_class,all,15,pottedplant,micro,ap_target_bg,0.38427924588246937,0.3102243540622896,0.46265131859308484,68,85,68,85,,5000,5000,1.0,3021694564,20260901
s_dot,per_class,all,15,pottedplant,micro,auc_target_other,0.6581175579224712,0.5807202399545027,0.7306200199054708,44,85,44,85,,5000,5000,1.0,3021694564,20260901
s_dot,per_class,all,15,pottedplant,micro,ap_target_other,0.383024411594913,0.28550774925385164,0.4841124785269098,44,85,44,85,,5000,5000,1.0,3021694564,20260901
s_dot,per_class,all,15,pottedplant,micro,target_mean,11305.32518730327,8490.236694203637,14437.536076552818,68,85,68,85,,5000,5000,1.0,3021694564,20260901
s_dot,per_class,all,15,pottedplant,micro,other_fg_mean,-350.8068496358013,-2698.426416968866,1804.034365014613,60,85,60,85,,5000,5000,1.0,3021694564,20260901
s_dot,per_class,all,15,pottedplant,micro,bg_mean,-900.6051831268915,-2509.8724026915634,591.017058769941,85,85,85,85,,5000,5000,1.0,3021694564,20260901
s_dot,per_class,all,15,pottedplant,micro,target_median,12129.120880687939,9325.227641761378,15270.056379648822,68,85,68,85,,5000,5000,1.0,3021694564,20260901
s_dot,per_class,all,15,pottedplant,micro,other_fg_median,-618.2472948392232,-3192.16769477547,1828.924208061328,60,85,60,85,,5000,5000,1.0,3021694564,20260901
s_dot,per_class,all,15,pottedplant,micro,bg_median,280.2711357565487,-954.2876460468067,1394.4415282316763,85,85,85,85,,5000,5000,1.0,3021694564,20260901
s_dot,per_class,all,15,pottedplant,micro,spatial_mass_target,0.24077498141457052,0.15294117647058825,0.32941176470588235,85,85,85,85,,5000,5000,1.0,3021694564,20260901
s_dot,per_class,all,15,pottedplant,micro,spatial_mass_other_fg,0.23529411970967226,0.15294117647058825,0.3294117667684958,85,85,85,85,,5000,5000,1.0,3021694564,20260901
s_dot,per_class,all,15,pottedplant,micro,spatial_mass_background,0.3592250164817361,0.25882352941176473,0.459626506356632,85,85,85,85,,5000,5000,1.0,3021694564,20260901
s_dot,per_class,all,16,sheep,micro,target_hit,0.47368421052631576,0.3508771929824561,0.5964912280701754,57,57,57,57,,5000,5000,1.0,3021694564,20260901
s_dot,per_class,all,16,sheep,micro,other_fg_hit,0.017543859649122806,0.0,0.05263157894736842,57,57,57,57,,5000,5000,1.0,3021694564,20260901
s_dot,per_class,all,16,sheep,micro,background_hit,0.49122807017543857,0.367982456140351,0.6140350877192983,57,57,57,57,,5000,5000,1.0,3021694564,20260901
s_dot,per_class,all,16,sheep,micro,target_top05_fraction,0.3099853597776035,0.22882382009113308,0.3983075971355057,57,57,57,57,,5000,5000,1.0,3021694564,20260901
s_dot,per_class,all,16,sheep,micro,other_fg_top05_fraction,0.009553235315008167,0.0,0.02343916471340294,57,57,57,57,,5000,5000,1.0,3021694564,20260901
s_dot,per_class,all,16,sheep,micro,bg_top05_fraction,0.6795498818352004,0.5929178969691437,0.7602900692616761,57,57,57,57,,5000,5000,1.0,3021694564,20260901
s_dot,per_class,all,16,sheep,micro,target_tail_enrich_05,0.945146427649775,0.707232041452886,1.1993213254340802,57,57,57,57,,5000,5000,1.0,3021694564,20260901
s_dot,per_class,all,16,sheep,micro,other_fg_tail_enrich_05,0.8119264507316124,0.0,1.860450404832275,5,57,5,57,,5000,4971,0.9942,3021694564,20260901
s_dot,per_class,all,16,sheep,micro,bg_tail_enrich_05,0.9387155384159992,0.8365572399860923,1.0374123048037052,57,57,57,57,,5000,5000,1.0,3021694564,20260901
s_dot,per_class,all,16,sheep,micro,target_top10_fraction,0.27862564245887644,0.2040355410217607,0.3596300866837175,57,57,57,57,,5000,5000,1.0,3021694564,20260901
s_dot,per_class,all,16,sheep,micro,other_fg_top10_fraction,0.009121149702867154,0.0,0.02147406302530956,57,57,57,57,,5000,5000,1.0,3021694564,20260901
s_dot,per_class,all,16,sheep,micro,bg_top10_fraction,0.7117914473764957,0.6327895926250093,0.7860263532907208,57,57,57,57,,5000,5000,1.0,3021694564,20260901
s_dot,per_class,all,16,sheep,micro,target_tail_enrich_10,0.8540539862761181,0.6346813381407628,1.0971434946662149,57,57,57,57,,5000,5000,1.0,3021694564,20260901
s_dot,per_class,all,16,sheep,micro,other_fg_tail_enrich_10,0.6620462213147785,0.0,1.3587255397926234,5,57,5,57,,5000,4971,0.9942,3021694564,20260901
s_dot,per_class,all,16,sheep,micro,bg_tail_enrich_10,0.9922993080412494,0.8975712014348856,1.084517033401531,57,57,57,57,,5000,5000,1.0,3021694564,20260901
s_dot,per_class,all,16,sheep,micro,target_top20_fraction,0.24599032681321545,0.17955785888837478,0.31823861694921324,57,57,57,57,,5000,5000,1.0,3021694564,20260901
s_dot,per_class,all,16,sheep,micro,other_fg_top20_fraction,0.009526913488957846,0.0,0.02260989440773102,57,57,57,57,,5000,5000,1.0,3021694564,20260901
s_dot,per_class,all,16,sheep,micro,bg_top20_fraction,0.7440262136066058,0.6727046788702761,0.8096522679889919,57,57,57,57,,5000,5000,1.0,3021694564,20260901
s_dot,per_class,all,16,sheep,micro,target_tail_enrich_20,0.7259069921112768,0.5505157448291872,0.9183786275433892,57,57,57,57,,5000,5000,1.0,3021694564,20260901
s_dot,per_class,all,16,sheep,micro,other_fg_tail_enrich_20,0.6059063228882343,0.0,1.1429709354272013,5,57,5,57,,5000,4971,0.9942,3021694564,20260901
s_dot,per_class,all,16,sheep,micro,bg_tail_enrich_20,1.0508903169455723,0.9687278618776939,1.1303974646412063,57,57,57,57,,5000,5000,1.0,3021694564,20260901
s_dot,per_class,all,16,sheep,micro,auc_target_bg,0.3591232903832613,0.3090389646849018,0.4100440321483027,57,57,57,57,,5000,5000,1.0,3021694564,20260901
s_dot,per_class,all,16,sheep,micro,ap_target_bg,0.28696531929261365,0.22838224769557988,0.34891834481393597,57,57,57,57,,5000,5000,1.0,3021694564,20260901
s_dot,per_class,all,16,sheep,micro,auc_target_other,0.44442392821470894,0.15104053473361187,0.8282210401891252,5,57,5,57,,5000,4971,0.9942,3021694564,20260901
s_dot,per_class,all,16,sheep,micro,ap_target_other,0.5389501850946137,0.16705340452283235,0.9463580395591618,5,57,5,57,,5000,4971,0.9942,3021694564,20260901
s_dot,per_class,all,16,sheep,micro,target_mean,-10272.248081546877,-12180.994708445598,-8296.323879395959,57,57,57,57,,5000,5000,1.0,3021694564,20260901
s_dot,per_class,all,16,sheep,micro,other_fg_mean,-5530.484980928692,-11177.88137600946,-810.1198581459176,5,57,5,57,,5000,4971,0.9942,3021694564,20260901
s_dot,per_class,all,16,sheep,micro,bg_mean,-5698.401717644268,-7056.192909618391,-4371.90224279303,57,57,57,57,,5000,5000,1.0,3021694564,20260901
s_dot,per_class,all,16,sheep,micro,target_median,-8797.073308041221,-10695.00058415731,-6945.308244296963,57,57,57,57,,5000,5000,1.0,3021694564,20260901
s_dot,per_class,all,16,sheep,micro,other_fg_median,-4861.898547363281,-11439.548828125,354.4779357910156,5,57,5,57,,5000,4971,0.9942,3021694564,20260901
s_dot,per_class,all,16,sheep,micro,bg_median,-3487.7279292324133,-4733.449801675897,-2303.295464535764,57,57,57,57,,5000,5000,1.0,3021694564,20260901
s_dot,per_class,all,16,sheep,micro,spatial_mass_target,0.47368421052631576,0.3508771929824561,0.5964912280701754,57,57,57,57,,5000,5000,1.0,3021694564,20260901
s_dot,per_class,all,16,sheep,micro,spatial_mass_other_fg,0.017543859649122806,0.0,0.05263157894736842,57,57,57,57,,5000,5000,1.0,3021694564,20260901
s_dot,per_class,all,16,sheep,micro,spatial_mass_background,0.45614035087719307,0.3333333333333333,0.5789473684210528,57,57,57,57,,5000,5000,1.0,3021694564,20260901
s_dot,per_class,all,17,sofa,micro,target_hit,0.26666666666666666,0.17777777777777778,0.35555555555555557,90,90,90,90,,5000,5000,1.0,3021694564,20260901
s_dot,per_class,all,17,sofa,micro,other_fg_hit,0.3111111111111111,0.22194444444444453,0.4111111111111111,90,90,90,90,,5000,5000,1.0,3021694564,20260901
s_dot,per_class,all,17,sofa,micro,background_hit,0.4222222222222222,0.32222222222222224,0.5222222222222223,90,90,90,90,,5000,5000,1.0,3021694564,20260901
s_dot,per_class,all,17,sofa,micro,target_top05_fraction,0.29671529581101297,0.23162141424083496,0.36591166395900643,90,90,90,90,,5000,5000,1.0,3021694564,20260901
s_dot,per_class,all,17,sofa,micro,other_fg_top05_fraction,0.22234615132770444,0.15664307964327318,0.29430982624711655,90,90,90,90,,5000,5000,1.0,3021694564,20260901
s_dot,per_class,all,17,sofa,micro,bg_top05_fraction,0.4802651521878816,0.4104969950079599,0.5500453424424013,90,90,90,90,,5000,5000,1.0,3021694564,20260901
s_dot,per_class,all,17,sofa,micro,target_tail_enrich_05,1.303103716075425,1.0308278002835973,1.5820421235571336,88,90,88,90,,5000,5000,1.0,3021694564,20260901
s_dot,per_class,all,17,sofa,micro,other_fg_tail_enrich_05,1.3648088496444628,0.9672307516534276,1.8942809122806912,63,90,63,90,,5000,5000,1.0,3021694564,20260901
s_dot,per_class,all,17,sofa,micro,bg_tail_enrich_05,0.7727016561917215,0.6594415605039544,0.8987880498374552,85,90,85,90,,5000,5000,1.0,3021694564,20260901
s_dot,per_class,all,17,sofa,micro,target_top10_fraction,0.3060554433058852,0.24449544016640143,0.37069514767929945,90,90,90,90,,5000,5000,1.0,3021694564,20260901
s_dot,per_class,all,17,sofa,micro,other_fg_top10_fraction,0.21199773231043595,0.1503462633880638,0.28049507174476473,90,90,90,90,,5000,5000,1.0,3021694564,20260901
s_dot,per_class,all,17,sofa,micro,bg_top10_fraction,0.4808426155065267,0.415358273238246,0.5471191228187913,90,90,90,90,,5000,5000,1.0,3021694564,20260901
s_dot,per_class,all,17,sofa,micro,target_tail_enrich_10,1.4147627060852979,1.1633057947919316,1.6763238486884828,88,90,88,90,,5000,5000,1.0,3021694564,20260901
s_dot,per_class,all,17,sofa,micro,other_fg_tail_enrich_10,1.2347650044852099,0.9335829799531266,1.5969687506497594,63,90,63,90,,5000,5000,1.0,3021694564,20260901
s_dot,per_class,all,17,sofa,micro,bg_tail_enrich_10,0.7746639835937957,0.6788450880930745,0.8757537611093801,85,90,85,90,,5000,5000,1.0,3021694564,20260901
s_dot,per_class,all,17,sofa,micro,target_top20_fraction,0.3076675770363205,0.2503723812790086,0.3687576081494048,90,90,90,90,,5000,5000,1.0,3021694564,20260901
s_dot,per_class,all,17,sofa,micro,other_fg_top20_fraction,0.19609138861968445,0.13935157089380237,0.2586383880247439,90,90,90,90,,5000,5000,1.0,3021694564,20260901
s_dot,per_class,all,17,sofa,micro,bg_top20_fraction,0.49553170327994717,0.43239437794990776,0.5586017587387565,90,90,90,90,,5000,5000,1.0,3021694564,20260901
s_dot,per_class,all,17,sofa,micro,target_tail_enrich_20,1.4069877086363487,1.1957491335866062,1.6186924573137655,88,90,88,90,,5000,5000,1.0,3021694564,20260901
s_dot,per_class,all,17,sofa,micro,other_fg_tail_enrich_20,1.1251462159668522,0.9116254987894575,1.3582666227065163,63,90,63,90,,5000,5000,1.0,3021694564,20260901
s_dot,per_class,all,17,sofa,micro,bg_tail_enrich_20,0.8048063055825465,0.7239925814856729,0.8861659379419946,85,90,85,90,,5000,5000,1.0,3021694564,20260901
s_dot,per_class,all,17,sofa,micro,auc_target_bg,0.6050915698420527,0.5574544008528349,0.6506526828851197,83,90,83,90,,5000,5000,1.0,3021694564,20260901
s_dot,per_class,all,17,sofa,micro,ap_target_bg,0.38361032964686254,0.3243522022091558,0.445630119172571,83,90,83,90,,5000,5000,1.0,3021694564,20260901
s_dot,per_class,all,17,sofa,micro,auc_target_other,0.5695844967113409,0.496456905913572,0.6392933414050426,61,90,61,90,,5000,5000,1.0,3021694564,20260901
s_dot,per_class,all,17,sofa,micro,ap_target_other,0.5624479561489842,0.48593041968393863,0.645552896105163,61,90,61,90,,5000,5000,1.0,3021694564,20260901
s_dot,per_class,all,17,sofa,micro,target_mean,5195.764411509291,3629.2943278578136,6708.209908534459,88,90,88,90,,5000,5000,1.0,3021694564,20260901
s_dot,per_class,all,17,sofa,micro,other_fg_mean,-27.498564440516887,-3314.910890603791,2558.267663660387,63,90,63,90,,5000,5000,1.0,3021694564,20260901
s_dot,per_class,all,17,sofa,micro,bg_mean,1893.7581737972444,564.9371670872399,3205.649013379541,85,90,85,90,,5000,5000,1.0,3021694564,20260901
s_dot,per_class,all,17,sofa,micro,target_median,5668.493562915109,4157.518788669983,7115.240592823245,88,90,88,90,,5000,5000,1.0,3021694564,20260901
s_dot,per_class,all,17,sofa,micro,other_fg_median,-62.67112489730593,-3843.5854327257653,2826.161387049291,63,90,63,90,,5000,5000,1.0,3021694564,20260901
s_dot,per_class,all,17,sofa,micro,bg_median,2824.168544073666,1795.6284625392852,3867.001569335005,85,90,85,90,,5000,5000,1.0,3021694564,20260901
s_dot,per_class,all,17,sofa,micro,spatial_mass_target,0.26666666666666666,0.17777777777777778,0.35555555555555557,90,90,90,90,,5000,5000,1.0,3021694564,20260901
s_dot,per_class,all,17,sofa,micro,spatial_mass_other_fg,0.29999999867545335,0.20000000000000395,0.39999999867545327,90,90,90,90,,5000,5000,1.0,3021694564,20260901
s_dot,per_class,all,17,sofa,micro,spatial_mass_background,0.4000000008192259,0.30000000081922584,0.5000000008192258,90,90,90,90,,5000,5000,1.0,3021694564,20260901
s_dot,per_class,all,18,train,micro,target_hit,0.42857142857142855,0.32142857142857145,0.5357142857142857,84,84,84,84,,5000,5000,1.0,3021694564,20260901
s_dot,per_class,all,18,train,micro,other_fg_hit,0.047619047619047616,0.011904761904761904,0.09523809523809523,84,84,84,84,,5000,5000,1.0,3021694564,20260901
s_dot,per_class,all,18,train,micro,background_hit,0.5238095238095238,0.4166666666666667,0.6309523809523809,84,84,84,84,,5000,5000,1.0,3021694564,20260901
s_dot,per_class,all,18,train,micro,target_top05_fraction,0.3579970912207753,0.30047532042597824,0.41753539009295587,84,84,84,84,,5000,5000,1.0,3021694564,20260901
s_dot,per_class,all,18,train,micro,other_fg_top05_fraction,0.027532238716449244,0.0021876271876271874,0.06482365100786153,84,84,84,84,,5000,5000,1.0,3021694564,20260901
s_dot,per_class,all,18,train,micro,bg_top05_fraction,0.6141654197575249,0.5518877069123781,0.6767671950977873,84,84,84,84,,5000,5000,1.0,3021694564,20260901
s_dot,per_class,all,18,train,micro,target_tail_enrich_05,1.0465735701398584,0.8564823951125876,1.260096799002934,84,84,84,84,,5000,5000,1.0,3021694564,20260901
s_dot,per_class,all,18,train,micro,other_fg_tail_enrich_05,1.701270841669113,0.5864639009161134,2.855916679174604,10,84,10,84,,5000,5000,1.0,3021694564,20260901
s_dot,per_class,all,18,train,micro,bg_tail_enrich_05,1.076209912948914,0.9721688691987425,1.181416469217078,83,84,83,84,,5000,5000,1.0,3021694564,20260901
s_dot,per_class,all,18,train,micro,target_top10_fraction,0.3418082362589059,0.28926152894521473,0.3958850786887357,84,84,84,84,,5000,5000,1.0,3021694564,20260901
s_dot,per_class,all,18,train,micro,other_fg_top10_fraction,0.024466138119535855,0.0018437538900087677,0.05928258060408056,84,84,84,84,,5000,5000,1.0,3021694564,20260901
s_dot,per_class,all,18,train,micro,bg_top10_fraction,0.6331111085596729,0.5769047381426169,0.6908450184308184,84,84,84,84,,5000,5000,1.0,3021694564,20260901
s_dot,per_class,all,18,train,micro,target_tail_enrich_10,0.9892536695257602,0.8331691613120349,1.1605294642016275,84,84,84,84,,5000,5000,1.0,3021694564,20260901
s_dot,per_class,all,18,train,micro,other_fg_tail_enrich_10,1.346760828835421,0.45670204195206676,2.2996702483787046,10,84,10,84,,5000,5000,1.0,3021694564,20260901
s_dot,per_class,all,18,train,micro,bg_tail_enrich_10,1.109662199709542,1.0178537979727507,1.202251893521508,83,84,83,84,,5000,5000,1.0,3021694564,20260901
s_dot,per_class,all,18,train,micro,target_top20_fraction,0.3231995498247009,0.2745979814100275,0.37396766933167824,84,84,84,84,,5000,5000,1.0,3021694564,20260901
s_dot,per_class,all,18,train,micro,other_fg_top20_fraction,0.018534702090094807,0.0015582918620379157,0.04497466113918656,84,84,84,84,,5000,5000,1.0,3021694564,20260901
s_dot,per_class,all,18,train,micro,bg_top20_fraction,0.6577290594861219,0.6049429005610198,0.7103376866705842,84,84,84,84,,5000,5000,1.0,3021694564,20260901
s_dot,per_class,all,18,train,micro,target_tail_enrich_20,0.8913846395555636,0.7789771685905277,1.0148518391815764,84,84,84,84,,5000,5000,1.0,3021694564,20260901
s_dot,per_class,all,18,train,micro,other_fg_tail_enrich_20,1.0029551477716945,0.39918992691970884,1.6679570565594206,10,84,10,84,,5000,5000,1.0,3021694564,20260901
s_dot,per_class,all,18,train,micro,bg_tail_enrich_20,1.147415895239762,1.0679806086047599,1.2292598803174322,83,84,83,84,,5000,5000,1.0,3021694564,20260901
s_dot,per_class,all,18,train,micro,auc_target_bg,0.4413130559102273,0.411808157197262,0.47179418462732453,83,84,83,84,,5000,5000,1.0,3021694564,20260901
s_dot,per_class,all,18,train,micro,ap_target_bg,0.37600150295697976,0.3333292616771809,0.4199324540413162,83,84,83,84,,5000,5000,1.0,3021694564,20260901
s_dot,per_class,all,18,train,micro,auc_target_other,0.5125708622300477,0.3517975304955124,0.6892130546586274,10,84,10,84,,5000,5000,1.0,3021694564,20260901
s_dot,per_class,all,18,train,micro,ap_target_other,0.722383101523272,0.5012396181800363,0.9291135996523471,10,84,10,84,,5000,5000,1.0,3021694564,20260901
s_dot,per_class,all,18,train,micro,target_mean,-4557.914693356274,-6068.407803303316,-3067.8886065517413,84,84,84,84,,5000,5000,1.0,3021694564,20260901
s_dot,per_class,all,18,train,micro,other_fg_mean,-10125.998869248935,-18854.28266029732,-3257.835352832894,10,84,10,84,,5000,5000,1.0,3021694564,20260901
s_dot,per_class,all,18,train,micro,bg_mean,-4061.637841752253,-5568.82217306737,-2581.7627701233923,83,84,83,84,,5000,5000,1.0,3021694564,20260901
s_dot,per_class,all,18,train,micro,target_median,-2274.2281147184826,-3543.0173290269718,-977.5195360058833,84,84,84,84,,5000,5000,1.0,3021694564,20260901
s_dot,per_class,all,18,train,micro,other_fg_median,-9400.344836425782,-20272.230542789035,-1909.2862735748324,10,84,10,84,,5000,5000,1.0,3021694564,20260901
s_dot,per_class,all,18,train,micro,bg_median,533.6242326368769,-556.1082845458586,1610.4886983096799,83,84,83,84,,5000,5000,1.0,3021694564,20260901
s_dot,per_class,all,18,train,micro,spatial_mass_target,0.4166666666666667,0.30952380952380953,0.5238095238095238,84,84,84,84,,5000,5000,1.0,3021694564,20260901
s_dot,per_class,all,18,train,micro,spatial_mass_other_fg,0.047619047619047616,0.011904761904761904,0.09523809523809523,84,84,84,84,,5000,5000,1.0,3021694564,20260901
s_dot,per_class,all,18,train,micro,spatial_mass_background,0.5,0.39285714285714285,0.6071428571428571,84,84,84,84,,5000,5000,1.0,3021694564,20260901
s_dot,per_class,all,19,tvmonitor,micro,target_hit,0.44594594594594594,0.33783783783783783,0.5540540540540541,74,74,74,74,,5000,5000,1.0,3021694564,20260901
s_dot,per_class,all,19,tvmonitor,micro,other_fg_hit,0.16216216216216217,0.08108108108108109,0.24324324324324326,74,74,74,74,,5000,5000,1.0,3021694564,20260901
s_dot,per_class,all,19,tvmonitor,micro,background_hit,0.3918918918918919,0.28378378378378377,0.5,74,74,74,74,,5000,5000,1.0,3021694564,20260901
s_dot,per_class,all,19,tvmonitor,micro,target_top05_fraction,0.444503237782043,0.36158769089556786,0.5334600983040705,74,74,74,74,,5000,5000,1.0,3021694564,20260901
s_dot,per_class,all,19,tvmonitor,micro,other_fg_top05_fraction,0.13597302029023225,0.07889274039878594,0.19981410354987875,74,74,74,74,,5000,5000,1.0,3021694564,20260901
s_dot,per_class,all,19,tvmonitor,micro,bg_top05_fraction,0.4184929033968863,0.3412624386477516,0.49472743934025926,74,74,74,74,,5000,5000,1.0,3021694564,20260901
s_dot,per_class,all,19,tvmonitor,micro,target_tail_enrich_05,4.019035213949972,3.140852890936268,5.009728841536753,67,74,67,74,,5000,5000,1.0,3021694564,20260901
s_dot,per_class,all,19,tvmonitor,micro,other_fg_tail_enrich_05,1.1724067499381248,0.7535994488543113,1.6397533252013878,37,74,37,74,,5000,5000,1.0,3021694564,20260901
s_dot,per_class,all,19,tvmonitor,micro,bg_tail_enrich_05,0.5782856057658189,0.4803268458918669,0.6754004146146392,73,74,73,74,,5000,5000,1.0,3021694564,20260901
s_dot,per_class,all,19,tvmonitor,micro,target_top10_fraction,0.41790794055540237,0.34006539851051626,0.49854330152675,74,74,74,74,,5000,5000,1.0,3021694564,20260901
s_dot,per_class,all,19,tvmonitor,micro,other_fg_top10_fraction,0.12752825737391624,0.07430549838512206,0.1871116011315928,74,74,74,74,,5000,5000,1.0,3021694564,20260901
s_dot,per_class,all,19,tvmonitor,micro,bg_top10_fraction,0.4526534931983472,0.3800938727538158,0.5241938007533665,74,74,74,74,,5000,5000,1.0,3021694564,20260901
s_dot,per_class,all,19,tvmonitor,micro,target_tail_enrich_10,3.3007568814653614,2.714767443473079,3.9164047867543643,67,74,67,74,,5000,5000,1.0,3021694564,20260901
s_dot,per_class,all,19,tvmonitor,micro,other_fg_tail_enrich_10,1.0217800441474503,0.6880924100710863,1.38768822843089,37,74,37,74,,5000,5000,1.0,3021694564,20260901
s_dot,per_class,all,19,tvmonitor,micro,bg_tail_enrich_10,0.6094818512931302,0.5253555011544081,0.6939492423190072,73,74,73,74,,5000,5000,1.0,3021694564,20260901
s_dot,per_class,all,19,tvmonitor,micro,target_top20_fraction,0.3675224791205871,0.2954271502391297,0.442324417335777,74,74,74,74,,5000,5000,1.0,3021694564,20260901
s_dot,per_class,all,19,tvmonitor,micro,other_fg_top20_fraction,0.1164257060014641,0.06877070835459574,0.16955796326538972,74,74,74,74,,5000,5000,1.0,3021694564,20260901
s_dot,per_class,all,19,tvmonitor,micro,bg_top20_fraction,0.5144897043318646,0.44821998121857476,0.5809357471242979,74,74,74,74,,5000,5000,1.0,3021694564,20260901
s_dot,per_class,all,19,tvmonitor,micro,target_tail_enrich_20,2.498829058680601,2.1850957019153205,2.807589576234046,67,74,67,74,,5000,5000,1.0,3021694564,20260901
s_dot,per_class,all,19,tvmonitor,micro,other_fg_tail_enrich_20,0.8727701670866237,0.6378792918661859,1.1085424998978888,37,74,37,74,,5000,5000,1.0,3021694564,20260901
s_dot,per_class,all,19,tvmonitor,micro,bg_tail_enrich_20,0.7065875669202919,0.6306449329880781,0.7803624149869093,73,74,73,74,,5000,5000,1.0,3021694564,20260901
s_dot,per_class,all,19,tvmonitor,micro,auc_target_bg,0.7548516588085387,0.7175019894496762,0.7908412356862581,66,74,66,74,,5000,5000,1.0,3021694564,20260901
s_dot,per_class,all,19,tvmonitor,micro,ap_target_bg,0.4871197476743438,0.4200376602479934,0.5540117747511583,66,74,66,74,,5000,5000,1.0,3021694564,20260901
s_dot,per_class,all,19,tvmonitor,micro,auc_target_other,0.7287048394239096,0.6323475146718839,0.8210446949915389,31,74,31,74,,5000,5000,1.0,3021694564,20260901
s_dot,per_class,all,19,tvmonitor,micro,ap_target_other,0.6133751499033856,0.48011499631996185,0.7422197033968958,31,74,31,74,,5000,5000,1.0,3021694564,20260901
s_dot,per_class,all,19,tvmonitor,micro,target_mean,17077.93845990925,14529.550193616642,19707.72878594764,67,74,67,74,,5000,5000,1.0,3021694564,20260901
s_dot,per_class,all,19,tvmonitor,micro,other_fg_mean,-2234.041737657486,-4735.787096063627,118.67477237070246,37,74,37,74,,5000,5000,1.0,3021694564,20260901
s_dot,per_class,all,19,tvmonitor,micro,bg_mean,1430.3249378421683,-248.6365750624915,2934.5259317721707,73,74,73,74,,5000,5000,1.0,3021694564,20260901
s_dot,per_class,all,19,tvmonitor,micro,target_median,20158.934670063987,17026.16042260009,23357.967340904474,67,74,67,74,,5000,5000,1.0,3021694564,20260901
s_dot,per_class,all,19,tvmonitor,micro,other_fg_median,-2022.1885306996269,-4294.789762272468,77.83632842076499,37,74,37,74,,5000,5000,1.0,3021694564,20260901
s_dot,per_class,all,19,tvmonitor,micro,bg_median,3466.0478561610394,1965.883052634275,4926.580021845151,73,74,73,74,,5000,5000,1.0,3021694564,20260901
s_dot,per_class,all,19,tvmonitor,micro,spatial_mass_target,0.4189189189189189,0.3108108108108108,0.527027027027027,74,74,74,74,,5000,5000,1.0,3021694564,20260901
s_dot,per_class,all,19,tvmonitor,micro,spatial_mass_other_fg,0.16216216216216217,0.08108108108108109,0.24324324324324326,74,74,74,74,,5000,5000,1.0,3021694564,20260901
s_dot,per_class,all,19,tvmonitor,micro,spatial_mass_background,0.3783783783783784,0.2702702702702703,0.4864864864864865,74,74,74,74,,5000,5000,1.0,3021694564,20260901
s_last,all_positive_classes,all,,,micro,target_hit,0.40521658127619936,0.385807435082643,0.4257340340985294,1449,1449,2147,2147,,5000,5000,1.0,3021694564,20260901
s_last,all_positive_classes,all,,,micro,other_fg_hit,0.17699115044247787,0.16035496246184308,0.19346232064243632,1449,1449,2147,2147,,5000,5000,1.0,3021694564,20260901
s_last,all_positive_classes,all,,,micro,background_hit,0.4149976711690731,0.388709593433383,0.4403977799128435,1449,1449,2147,2147,,5000,5000,1.0,3021694564,20260901
s_last,all_positive_classes,all,,,micro,target_top05_fraction,0.36804736698957574,0.35298139106261167,0.38310057697100297,1449,1449,2147,2147,,5000,5000,1.0,3021694564,20260901
s_last,all_positive_classes,all,,,micro,other_fg_top05_fraction,0.15922593324643286,0.14688300524154418,0.17174831839394616,1449,1449,2147,2147,,5000,5000,1.0,3021694564,20260901
s_last,all_positive_classes,all,,,micro,bg_top05_fraction,0.4717227580326272,0.45311716952395426,0.4903060530451696,1449,1449,2147,2147,,5000,5000,1.0,3021694564,20260901
s_last,all_positive_classes,all,,,micro,target_tail_enrich_05,1.9524114743961112,1.8461810123407567,2.0622920138003233,1441,1449,2031,2147,,5000,5000,1.0,3021694564,20260901
s_last,all_positive_classes,all,,,micro,other_fg_tail_enrich_05,1.3438221160225188,1.245643593958977,1.448550678227723,520,1449,1158,2147,,5000,5000,1.0,3021694564,20260901
s_last,all_positive_classes,all,,,micro,bg_tail_enrich_05,0.7615363656936003,0.7290713168491598,0.7965897483061036,1432,1449,2120,2147,,5000,5000,1.0,3021694564,20260901
s_last,all_positive_classes,all,,,micro,target_top10_fraction,0.34922471323571747,0.3346774130937412,0.36357341837625395,1449,1449,2147,2147,,5000,5000,1.0,3021694564,20260901
s_last,all_positive_classes,all,,,micro,other_fg_top10_fraction,0.15528078659466227,0.14317619616540894,0.16743742621711277,1449,1449,2147,2147,,5000,5000,1.0,3021694564,20260901
s_last,all_positive_classes,all,,,micro,bg_top10_fraction,0.49446756058155106,0.4762168921811519,0.5125284227429332,1449,1449,2147,2147,,5000,5000,1.0,3021694564,20260901
s_last,all_positive_classes,all,,,micro,target_tail_enrich_10,1.702037958356004,1.6316748121459481,1.7742536862220735,1441,1449,2031,2147,,5000,5000,1.0,3021694564,20260901
s_last,all_positive_classes,all,,,micro,other_fg_tail_enrich_10,1.2266232578373892,1.1556098890580884,1.2997153844149514,520,1449,1158,2147,,5000,5000,1.0,3021694564,20260901
s_last,all_positive_classes,all,,,micro,bg_tail_enrich_10,0.7903427616218068,0.7626474618333285,0.8185839302406487,1432,1449,2120,2147,,5000,5000,1.0,3021694564,20260901
s_last,all_positive_classes,all,,,micro,target_top20_fraction,0.321389519212535,0.3078747469261302,0.3352715861183255,1449,1449,2147,2147,,5000,5000,1.0,3021694564,20260901
s_last,all_positive_classes,all,,,micro,other_fg_top20_fraction,0.1486849661342213,0.13712932366054173,0.1602765637755592,1449,1449,2147,2147,,5000,5000,1.0,3021694564,20260901
s_last,all_positive_classes,all,,,micro,bg_top20_fraction,0.5291433165654617,0.5116435000981836,0.5467758028062129,1449,1449,2147,2147,,5000,5000,1.0,3021694564,20260901
s_last,all_positive_classes,all,,,micro,target_tail_enrich_20,1.4222304243725112,1.3750077842406672,1.4689496196220497,1441,1449,2031,2147,,5000,5000,1.0,3021694564,20260901
s_last,all_positive_classes,all,,,micro,other_fg_tail_enrich_20,1.0930836976249185,1.0440423482504755,1.1439768050442432,520,1449,1158,2147,,5000,5000,1.0,3021694564,20260901
s_last,all_positive_classes,all,,,micro,bg_tail_enrich_20,0.8385484061964673,0.8162033933667072,0.8615309809692253,1432,1449,2120,2147,,5000,5000,1.0,3021694564,20260901
s_last,all_positive_classes,all,,,micro,auc_target_bg,0.5619883421066681,0.5513026869414251,0.5725716633699266,1424,1449,2004,2147,,5000,5000,1.0,3021694564,20260901
s_last,all_positive_classes,all,,,micro,ap_target_bg,0.39689736929670866,0.383069904427656,0.4105621527438686,1424,1449,2004,2147,,5000,5000,1.0,3021694564,20260901
s_last,all_positive_classes,all,,,micro,auc_target_other,0.5519896329655455,0.5415907547534843,0.5628810613213189,462,1449,1052,2147,,5000,5000,1.0,3021694564,20260901
s_last,all_positive_classes,all,,,micro,ap_target_other,0.5132598031942942,0.5027728694388739,0.5244322370724631,462,1449,1052,2147,,5000,5000,1.0,3021694564,20260901
s_last,all_positive_classes,all,,,micro,target_mean,191.71991591290305,162.0316940374732,221.0082628585804,1441,1449,2031,2147,,5000,5000,1.0,3021694564,20260901
s_last,all_positive_classes,all,,,micro,other_fg_mean,31.02052378601194,-3.5844099835348597,65.34149607918377,520,1449,1158,2147,,5000,5000,1.0,3021694564,20260901
s_last,all_positive_classes,all,,,micro,bg_mean,-79.10596516631803,-101.95929963152244,-56.69663751857816,1432,1449,2120,2147,,5000,5000,1.0,3021694564,20260901
s_last,all_positive_classes,all,,,micro,target_median,286.17180595261374,256.48393297512007,315.2069130846659,1441,1449,2031,2147,,5000,5000,1.0,3021694564,20260901
s_last,all_positive_classes,all,,,micro,other_fg_median,76.6449208915819,43.070825123923065,110.87122173509991,520,1449,1158,2147,,5000,5000,1.0,3021694564,20260901
s_last,all_positive_classes,all,,,micro,bg_median,66.57213291271044,46.655882700992414,85.17952948960131,1432,1449,2120,2147,,5000,5000,1.0,3021694564,20260901
s_last,all_positive_classes,all,,,micro,spatial_mass_target,0.3869430166007365,0.36769483877822184,0.40723321532557466,1449,1449,2147,2147,,5000,5000,1.0,3021694564,20260901
s_last,all_positive_classes,all,,,micro,spatial_mass_other_fg,0.16636955097837924,0.150247609024998,0.18194542039568756,1449,1449,2147,2147,,5000,5000,1.0,3021694564,20260901
s_last,all_positive_classes,all,,,micro,spatial_mass_background,0.3826303092294802,0.35737951028079196,0.4074661466939223,1449,1449,2147,2147,,5000,5000,1.0,3021694564,20260901
s_last,all_positive_classes,all,,,macro_class,target_hit,0.3757516558876702,0.3546239742026367,0.39762269739863804,1449,1449,2147,2147,20,5000,5000,1.0,3021694564,20260901
s_last,all_positive_classes,all,,,macro_class,other_fg_hit,0.16824304086589778,0.1514066361686999,0.18485334937655196,1449,1449,2147,2147,20,5000,5000,1.0,3021694564,20260901
s_last,all_positive_classes,all,,,macro_class,background_hit,0.45341470735709527,0.42738984152717063,0.4779948356176628,1449,1449,2147,2147,20,5000,5000,1.0,3021694564,20260901
s_last,all_positive_classes,all,,,macro_class,target_top05_fraction,0.3464636280565194,0.331607972122331,0.36161196827682085,1449,1449,2147,2147,20,5000,5000,1.0,3021694564,20260901
s_last,all_positive_classes,all,,,macro_class,other_fg_top05_fraction,0.1446389833655299,0.13259132897276682,0.15698422952746854,1449,1449,2147,2147,20,5000,5000,1.0,3021694564,20260901
s_last,all_positive_classes,all,,,macro_class,bg_top05_fraction,0.5078881727902653,0.49080378095866384,0.5248644746647022,1449,1449,2147,2147,20,5000,5000,1.0,3021694564,20260901
s_last,all_positive_classes,all,,,macro_class,target_tail_enrich_05,1.9400676276925055,1.8207943999380731,2.0644264853326484,1441,1449,2031,2147,20,5000,5000,1.0,3021694564,20260901
s_last,all_positive_classes,all,,,macro_class,other_fg_tail_enrich_05,1.3286319463836915,1.1941622928891296,1.4712755105927677,520,1449,1158,2147,20,5000,5000,1.0,3021694564,20260901
s_last,all_positive_classes,all,,,macro_class,bg_tail_enrich_05,0.8061407765694183,0.7777303119806886,0.8369373010921546,1432,1449,2120,2147,20,5000,5000,1.0,3021694564,20260901
s_last,all_positive_classes,all,,,macro_class,target_top10_fraction,0.331407121198465,0.31733663890090424,0.3458065342861063,1449,1449,2147,2147,20,5000,5000,1.0,3021694564,20260901
s_last,all_positive_classes,all,,,macro_class,other_fg_top10_fraction,0.13740201900096177,0.12610975790545353,0.14889112045362,1449,1449,2147,2147,20,5000,5000,1.0,3021694564,20260901
s_last,all_positive_classes,all,,,macro_class,bg_top10_fraction,0.5301453519131949,0.5137097927439604,0.5464588214314471,1449,1449,2147,2147,20,5000,5000,1.0,3021694564,20260901
s_last,all_positive_classes,all,,,macro_class,target_tail_enrich_10,1.6879908603258946,1.6116094132881362,1.7671130098537184,1441,1449,2031,2147,20,5000,5000,1.0,3021694564,20260901
s_last,all_positive_classes,all,,,macro_class,other_fg_tail_enrich_10,1.1652384944485539,1.0633791881443142,1.2741545842655,520,1449,1158,2147,20,5000,5000,1.0,3021694564,20260901
s_last,all_positive_classes,all,,,macro_class,bg_tail_enrich_10,0.8333397662753678,0.8087461226232215,0.8586962468976204,1432,1449,2120,2147,20,5000,5000,1.0,3021694564,20260901
s_last,all_positive_classes,all,,,macro_class,target_top20_fraction,0.3076164889541755,0.2945155545911617,0.3210997789806847,1449,1449,2147,2147,20,5000,5000,1.0,3021694564,20260901
s_last,all_positive_classes,all,,,macro_class,other_fg_top20_fraction,0.12894188935752673,0.11848182812704901,0.13952250003383562,1449,1449,2147,2147,20,5000,5000,1.0,3021694564,20260901
s_last,all_positive_classes,all,,,macro_class,bg_top20_fraction,0.5626689090726995,0.5470218026082063,0.5781811382899691,1449,1449,2147,2147,20,5000,5000,1.0,3021694564,20260901
s_last,all_positive_classes,all,,,macro_class,target_tail_enrich_20,1.412763103921884,1.3639638099364177,1.4602287475404723,1441,1449,2031,2147,20,5000,5000,1.0,3021694564,20260901
s_last,all_positive_classes,all,,,macro_class,other_fg_tail_enrich_20,0.9984618084091081,0.925507571745774,1.0745111142586494,520,1449,1158,2147,20,5000,5000,1.0,3021694564,20260901
s_last,all_positive_classes,all,,,macro_class,bg_tail_enrich_20,0.8782153897660784,0.8583313777520405,0.8986612392706286,1432,1449,2120,2147,20,5000,5000,1.0,3021694564,20260901
s_last,all_positive_classes,all,,,macro_class,auc_target_bg,0.5532751483937589,0.5437370719251098,0.5625300891998379,1424,1449,2004,2147,20,5000,5000,1.0,3021694564,20260901
s_last,all_positive_classes,all,,,macro_class,ap_target_bg,0.38236971447048657,0.369214640460644,0.39543951361803015,1424,1449,2004,2147,20,5000,5000,1.0,3021694564,20260901
s_last,all_positive_classes,all,,,macro_class,auc_target_other,0.567526218517165,0.540308590611418,0.5954392546883696,462,1449,1052,2147,20,5000,5000,1.0,3021694564,20260901
s_last,all_positive_classes,all,,,macro_class,ap_target_other,0.5532871140967879,0.5195372943925887,0.5871598065354776,462,1449,1052,2147,20,5000,5000,1.0,3021694564,20260901
s_last,all_positive_classes,all,,,macro_class,target_mean,126.4133721548209,99.74529710264352,152.43969601259988,1441,1449,2031,2147,20,5000,5000,1.0,3021694564,20260901
s_last,all_positive_classes,all,,,macro_class,other_fg_mean,-85.31866946680825,-139.72885795160252,-30.94736260166883,520,1449,1158,2147,20,5000,5000,1.0,3021694564,20260901
s_last,all_positive_classes,all,,,macro_class,bg_mean,-101.6208614815257,-121.9002095092375,-81.98169940353623,1432,1449,2120,2147,20,5000,5000,1.0,3021694564,20260901
s_last,all_positive_classes,all,,,macro_class,target_median,227.9837281763376,201.37915455118159,253.4362501284703,1441,1449,2031,2147,20,5000,5000,1.0,3021694564,20260901
s_last,all_positive_classes,all,,,macro_class,other_fg_median,-59.11012633565413,-115.43487389886579,-3.45054177427563,520,1449,1158,2147,20,5000,5000,1.0,3021694564,20260901
s_last,all_positive_classes,all,,,macro_class,bg_median,42.246224956939315,24.191930396869783,58.98079045875179,1432,1449,2120,2147,20,5000,5000,1.0,3021694564,20260901
s_last,all_positive_classes,all,,,macro_class,spatial_mass_target,0.35787856488905645,0.3369196404517203,0.3790299557096403,1449,1449,2147,2147,20,5000,5000,1.0,3021694564,20260901
s_last,all_positive_classes,all,,,macro_class,spatial_mass_other_fg,0.15821002203848847,0.1412840936205336,0.17440083704953746,1449,1449,2147,2147,20,5000,5000,1.0,3021694564,20260901
s_last,all_positive_classes,all,,,macro_class,spatial_mass_background,0.4195092802486191,0.3942618060965966,0.4444207328498243,1449,1449,2147,2147,20,5000,5000,1.0,3021694564,20260901
s_last,all_positive_classes,single_label,,,micro,target_hit,0.5631067961165048,0.5318230852211435,0.5954692556634305,927,927,927,927,,5000,5000,1.0,3021694564,20260901
s_last,all_positive_classes,single_label,,,micro,other_fg_hit,0.0,0.0,0.0,927,927,927,927,,5000,5000,1.0,3021694564,20260901
s_last,all_positive_classes,single_label,,,micro,background_hit,0.43581445523193096,0.4034519956850054,0.4670981661272923,927,927,927,927,,5000,5000,1.0,3021694564,20260901
s_last,all_positive_classes,single_label,,,micro,target_top05_fraction,0.506490971673255,0.4822887940188392,0.530208438515259,927,927,927,927,,5000,5000,1.0,3021694564,20260901
s_last,all_positive_classes,single_label,,,micro,other_fg_top05_fraction,0.0,0.0,0.0,927,927,927,927,,5000,5000,1.0,3021694564,20260901
s_last,all_positive_classes,single_label,,,micro,bg_top05_fraction,0.4927631578511297,0.4691274659742986,0.516912452568883,927,927,927,927,,5000,5000,1.0,3021694564,20260901
s_last,all_positive_classes,single_label,,,micro,target_tail_enrich_05,1.97260452248076,1.8356710417498894,2.120047580715241,921,927,921,927,,5000,5000,1.0,3021694564,20260901
s_last,all_positive_classes,single_label,,,micro,bg_tail_enrich_05,0.7220417294705171,0.6854530530906509,0.7599828790790257,918,927,918,927,,5000,5000,1.0,3021694564,20260901
s_last,all_positive_classes,single_label,,,micro,target_top10_fraction,0.4788640225708445,0.4558744364229051,0.5015406034518807,927,927,927,927,,5000,5000,1.0,3021694564,20260901
s_last,all_positive_classes,single_label,,,micro,other_fg_top10_fraction,0.0,0.0,0.0,927,927,927,927,,5000,5000,1.0,3021694564,20260901
s_last,all_positive_classes,single_label,,,micro,bg_top10_fraction,0.5204093433671979,0.4976715678224332,0.543374119811714,927,927,927,927,,5000,5000,1.0,3021694564,20260901
s_last,all_positive_classes,single_label,,,micro,target_tail_enrich_10,1.704530588419937,1.606559601442499,1.8063757986894409,921,927,921,927,,5000,5000,1.0,3021694564,20260901
s_last,all_positive_classes,single_label,,,micro,bg_tail_enrich_10,0.7561224027488118,0.723322543702041,0.7896461688011951,918,927,918,927,,5000,5000,1.0,3021694564,20260901
s_last,all_positive_classes,single_label,,,micro,target_top20_fraction,0.4401578536270637,0.41803301580835783,0.4623670187037336,927,927,927,927,,5000,5000,1.0,3021694564,20260901
s_last,all_positive_classes,single_label,,,micro,other_fg_top20_fraction,0.0,0.0,0.0,927,927,927,927,,5000,5000,1.0,3021694564,20260901
s_last,all_positive_classes,single_label,,,micro,bg_top20_fraction,0.5593248537747866,0.5370822093424534,0.5813986468627272,927,927,927,927,,5000,5000,1.0,3021694564,20260901
s_last,all_positive_classes,single_label,,,micro,target_tail_enrich_20,1.415993682169683,1.3506373316216067,1.482487683649044,921,927,921,927,,5000,5000,1.0,3021694564,20260901
s_last,all_positive_classes,single_label,,,micro,bg_tail_enrich_20,0.8092676293223957,0.7793856862569718,0.8383603551892543,918,927,918,927,,5000,5000,1.0,3021694564,20260901
s_last,all_positive_classes,single_label,,,micro,auc_target_bg,0.5694697073285027,0.5536795585930863,0.5850586102256493,912,927,912,927,,5000,5000,1.0,3021694564,20260901
s_last,all_positive_classes,single_label,,,micro,ap_target_bg,0.46448225835303886,0.4454715206140909,0.4835914370393213,912,927,912,927,,5000,5000,1.0,3021694564,20260901
s_last,all_positive_classes,single_label,,,micro,target_mean,112.38989279265985,60.203227421231844,163.9370500390419,921,927,921,927,,5000,5000,1.0,3021694564,20260901
s_last,all_positive_classes,single_label,,,micro,bg_mean,-252.0132997940043,-289.4314274216726,-215.20140389749218,918,927,918,927,,5000,5000,1.0,3021694564,20260901
s_last,all_positive_classes,single_label,,,micro,target_median,258.93961652281746,206.19409442798545,311.5488486736946,921,927,921,927,,5000,5000,1.0,3021694564,20260901
s_last,all_positive_classes,single_label,,,micro,bg_median,-11.873277609969017,-44.4602811680037,19.948470201410927,918,927,918,927,,5000,5000,1.0,3021694564,20260901
s_last,all_positive_classes,single_label,,,micro,spatial_mass_target,0.5396145254744387,0.5078573375992241,0.5715180711184598,927,927,927,927,,5000,5000,1.0,3021694564,20260901
s_last,all_positive_classes,single_label,,,micro,spatial_mass_other_fg,0.0,0.0,0.0,927,927,927,927,,5000,5000,1.0,3021694564,20260901
s_last,all_positive_classes,single_label,,,micro,spatial_mass_background,0.4118352840019834,0.37933423935838223,0.4435360716657589,927,927,927,927,,5000,5000,1.0,3021694564,20260901
s_last,all_positive_classes,single_label,,,macro_class,target_hit,0.5519953066131892,0.5195722564652926,0.5849147797187733,927,927,927,927,20,5000,5000,1.0,3021694564,20260901
s_last,all_positive_classes,single_label,,,macro_class,other_fg_hit,0.0,0.0,0.0,927,927,927,927,20,5000,5000,1.0,3021694564,20260901
s_last,all_positive_classes,single_label,,,macro_class,background_hit,0.44704315492527247,0.4143948541775095,0.4792917097515816,927,927,927,927,20,5000,5000,1.0,3021694564,20260901
s_last,all_positive_classes,single_label,,,macro_class,target_top05_fraction,0.496843401090904,0.47099629955098143,0.524423375775995,927,927,927,927,20,5000,5000,1.0,3021694564,20260901
s_last,all_positive_classes,single_label,,,macro_class,other_fg_top05_fraction,0.0,0.0,0.0,927,927,927,927,20,5000,5000,1.0,3021694564,20260901
s_last,all_positive_classes,single_label,,,macro_class,bg_top05_fraction,0.5023201432257726,0.47474191257115805,0.5281067249740283,927,927,927,927,20,5000,5000,1.0,3021694564,20260901
s_last,all_positive_classes,single_label,,,macro_class,target_tail_enrich_05,1.919856566920355,1.781831782508844,2.0694973581021103,921,927,921,927,20,5000,5000,1.0,3021694564,20260901
s_last,all_positive_classes,single_label,,,macro_class,bg_tail_enrich_05,0.7442559676589423,0.7037675646079801,0.7856498125802629,918,927,918,927,20,5000,5000,1.0,3021694564,20260901
s_last,all_positive_classes,single_label,,,macro_class,target_top10_fraction,0.4751146449569929,0.44979160763045917,0.501404441991859,927,927,927,927,20,5000,5000,1.0,3021694564,20260901
s_last,all_positive_classes,single_label,,,macro_class,other_fg_top10_fraction,0.0,0.0,0.0,927,927,927,927,20,5000,5000,1.0,3021694564,20260901
s_last,all_positive_classes,single_label,,,macro_class,bg_top10_fraction,0.5240561724592765,0.4976662828882732,0.5494967177879757,927,927,927,927,20,5000,5000,1.0,3021694564,20260901
s_last,all_positive_classes,single_label,,,macro_class,target_tail_enrich_10,1.6814887597804489,1.5827557522010023,1.7868373355468379,921,927,921,927,20,5000,5000,1.0,3021694564,20260901
s_last,all_positive_classes,single_label,,,macro_class,bg_tail_enrich_10,0.7687157779080713,0.731389910900399,0.8051485460972877,918,927,918,927,20,5000,5000,1.0,3021694564,20260901
s_last,all_positive_classes,single_label,,,macro_class,target_top20_fraction,0.44259653097176965,0.4170969579095898,0.4685997952417343,927,927,927,927,20,5000,5000,1.0,3021694564,20260901
s_last,all_positive_classes,single_label,,,macro_class,other_fg_top20_fraction,0.0,0.0,0.0,927,927,927,927,20,5000,5000,1.0,3021694564,20260901
s_last,all_positive_classes,single_label,,,macro_class,bg_top20_fraction,0.5568511092226103,0.5308391538640632,0.582325016881233,927,927,927,927,20,5000,5000,1.0,3021694564,20260901
s_last,all_positive_classes,single_label,,,macro_class,target_tail_enrich_20,1.4212628712695037,1.350404604804367,1.4988966864305615,921,927,921,927,20,5000,5000,1.0,3021694564,20260901
s_last,all_positive_classes,single_label,,,macro_class,bg_tail_enrich_20,0.8125661290668728,0.7779373267639932,0.8459964678758629,918,927,918,927,20,5000,5000,1.0,3021694564,20260901
s_last,all_positive_classes,single_label,,,macro_class,auc_target_bg,0.5699885654906891,0.553427452387126,0.5857332226722832,912,927,912,927,20,5000,5000,1.0,3021694564,20260901
s_last,all_positive_classes,single_label,,,macro_class,ap_target_bg,0.4641107189804325,0.44170297486066673,0.48924102869114516,912,927,912,927,20,5000,5000,1.0,3021694564,20260901
s_last,all_positive_classes,single_label,,,macro_class,target_mean,134.12879841439155,97.13273692654774,170.61591712894418,921,927,921,927,20,5000,5000,1.0,3021694564,20260901
s_last,all_positive_classes,single_label,,,macro_class,bg_mean,-180.24049149438926,-212.0946999084473,-150.21272846743219,918,927,918,927,20,5000,5000,1.0,3021694564,20260901
s_last,all_positive_classes,single_label,,,macro_class,target_median,272.22412182740464,235.18295222958403,308.4420119080907,921,927,921,927,20,5000,5000,1.0,3021694564,20260901
s_last,all_positive_classes,single_label,,,macro_class,bg_median,22.013262846237485,-4.384504116556112,47.342026201366316,918,927,918,927,20,5000,5000,1.0,3021694564,20260901
s_last,all_positive_classes,single_label,,,macro_class,spatial_mass_target,0.5259033956568728,0.4930251449848325,0.5593673457697279,927,927,927,927,20,5000,5000,1.0,3021694564,20260901
s_last,all_positive_classes,single_label,,,macro_class,spatial_mass_other_fg,0.0,0.0,0.0,927,927,927,927,20,5000,5000,1.0,3021694564,20260901
s_last,all_positive_classes,single_label,,,macro_class,spatial_mass_background,0.4134942654640258,0.38071500495862265,0.44645772411372175,927,927,927,927,20,5000,5000,1.0,3021694564,20260901
s_last,all_positive_classes,exactly_2_labels,,,micro,target_hit,0.31733333333333336,0.2906666666666667,0.344,375,375,750,750,,5000,5000,1.0,3021694564,20260901
s_last,all_positive_classes,exactly_2_labels,,,micro,other_fg_hit,0.268,0.24266666666666667,0.2920333333333328,375,375,750,750,,5000,5000,1.0,3021694564,20260901
s_last,all_positive_classes,exactly_2_labels,,,micro,background_hit,0.412,0.368,0.456,375,375,750,750,,5000,5000,1.0,3021694564,20260901
s_last,all_positive_classes,exactly_2_labels,,,micro,target_top05_fraction,0.2958895033143119,0.2780907670518694,0.3142889109588514,375,375,750,750,,5000,5000,1.0,3021694564,20260901
s_last,all_positive_classes,exactly_2_labels,,,micro,other_fg_top05_fraction,0.24391433113792796,0.2269434281220019,0.26094104084067116,375,375,750,750,,5000,5000,1.0,3021694564,20260901
s_last,all_positive_classes,exactly_2_labels,,,micro,bg_top05_fraction,0.4593764174595908,0.4273932425007432,0.4908814737887234,375,375,750,750,,5000,5000,1.0,3021694564,20260901
s_last,all_positive_classes,exactly_2_labels,,,micro,target_tail_enrich_05,1.896805752951751,1.7191124204902333,2.0862516814332874,373,375,695,750,,5000,5000,1.0,3021694564,20260901
s_last,all_positive_classes,exactly_2_labels,,,micro,other_fg_tail_enrich_05,1.395429651136355,1.262025363688449,1.5355887776922224,373,375,695,750,,5000,5000,1.0,3021694564,20260901
s_last,all_positive_classes,exactly_2_labels,,,micro,bg_tail_enrich_05,0.785669192846287,0.717453202335561,0.8634563704650007,369,375,738,750,,5000,5000,1.0,3021694564,20260901
s_last,all_positive_classes,exactly_2_labels,,,micro,target_top10_fraction,0.2835741535538924,0.2664179514964065,0.3017549141468971,375,375,750,750,,5000,5000,1.0,3021694564,20260901
s_last,all_positive_classes,exactly_2_labels,,,micro,other_fg_top10_fraction,0.23690180124207355,0.22043931233422595,0.253311181737885,375,375,750,750,,5000,5000,1.0,3021694564,20260901
s_last,all_positive_classes,exactly_2_labels,,,micro,bg_top10_fraction,0.4785458668201264,0.44710335617908914,0.5095340536451335,375,375,750,750,,5000,5000,1.0,3021694564,20260901
s_last,all_positive_classes,exactly_2_labels,,,micro,target_tail_enrich_10,1.676530612087816,1.5524789770360068,1.8048436367639948,373,375,695,750,,5000,5000,1.0,3021694564,20260901
s_last,all_positive_classes,exactly_2_labels,,,micro,other_fg_tail_enrich_10,1.2643493937401493,1.1669811781994004,1.3613996764332175,373,375,695,750,,5000,5000,1.0,3021694564,20260901
s_last,all_positive_classes,exactly_2_labels,,,micro,bg_tail_enrich_10,0.8068703683173634,0.7522010327394185,0.8656786743821908,369,375,738,750,,5000,5000,1.0,3021694564,20260901
s_last,all_positive_classes,exactly_2_labels,,,micro,target_top20_fraction,0.2622666914418589,0.24573943089163539,0.27972183901039016,375,375,750,750,,5000,5000,1.0,3021694564,20260901
s_last,all_positive_classes,exactly_2_labels,,,micro,other_fg_top20_fraction,0.2258315374503062,0.21034779950291707,0.24135805755657264,375,375,750,750,,5000,5000,1.0,3021694564,20260901
s_last,all_positive_classes,exactly_2_labels,,,micro,bg_top20_fraction,0.5110199164789919,0.4803041936445914,0.5409790632228729,375,375,750,750,,5000,5000,1.0,3021694564,20260901
s_last,all_positive_classes,exactly_2_labels,,,micro,target_tail_enrich_20,1.4048235873462076,1.3217852894441358,1.4897782718359651,373,375,695,750,,5000,5000,1.0,3021694564,20260901
s_last,all_positive_classes,exactly_2_labels,,,micro,other_fg_tail_enrich_20,1.1129958774973587,1.0461230740907475,1.1807947262872225,373,375,695,750,,5000,5000,1.0,3021694564,20260901
s_last,all_positive_classes,exactly_2_labels,,,micro,bg_tail_enrich_20,0.8469305783197083,0.803978046230922,0.8916559644624645,369,375,738,750,,5000,5000,1.0,3021694564,20260901
s_last,all_positive_classes,exactly_2_labels,,,micro,auc_target_bg,0.5596472458113732,0.5416800630006251,0.5774880653081178,367,375,683,750,,5000,5000,1.0,3021694564,20260901
s_last,all_positive_classes,exactly_2_labels,,,micro,ap_target_bg,0.3635074111454076,0.3415554855128011,0.38607445702918103,367,375,683,750,,5000,5000,1.0,3021694564,20260901
s_last,all_positive_classes,exactly_2_labels,,,micro,auc_target_other,0.5479986633268461,0.5362339748720545,0.5611016262756336,322,375,644,750,,5000,5000,1.0,3021694564,20260901
s_last,all_positive_classes,exactly_2_labels,,,micro,ap_target_other,0.5652243473107201,0.5559701547760635,0.5748746631595083,322,375,644,750,,5000,5000,1.0,3021694564,20260901
s_last,all_positive_classes,exactly_2_labels,,,micro,target_mean,273.09752144371225,229.03775994245274,315.5984857175556,373,375,695,750,,5000,5000,1.0,3021694564,20260901
s_last,all_positive_classes,exactly_2_labels,,,micro,other_fg_mean,43.05106344534184,-9.473734824350686,93.63673670488984,373,375,695,750,,5000,5000,1.0,3021694564,20260901
s_last,all_positive_classes,exactly_2_labels,,,micro,bg_mean,45.42082707675385,9.812393105556623,81.00364760555493,369,375,738,750,,5000,5000,1.0,3021694564,20260901
s_last,all_positive_classes,exactly_2_labels,,,micro,target_median,338.27489219421534,296.92918327571283,378.5659303461187,373,375,695,750,,5000,5000,1.0,3021694564,20260901
s_last,all_positive_classes,exactly_2_labels,,,micro,other_fg_median,101.89632729797376,48.83039057412217,151.22733627882783,373,375,695,750,,5000,5000,1.0,3021694564,20260901
s_last,all_positive_classes,exactly_2_labels,,,micro,bg_median,142.46581248627083,111.4226743952733,174.59803983737183,369,375,738,750,,5000,5000,1.0,3021694564,20260901
s_last,all_positive_classes,exactly_2_labels,,,micro,spatial_mass_target,0.2980510519826043,0.2719782019413969,0.32449380851829684,375,375,750,750,,5000,5000,1.0,3021694564,20260901
s_last,all_positive_classes,exactly_2_labels,,,micro,spatial_mass_other_fg,0.2551070251955416,0.2298820646792192,0.2800602864838264,375,375,750,750,,5000,5000,1.0,3021694564,20260901
s_last,all_positive_classes,exactly_2_labels,,,micro,spatial_mass_background,0.3668823663728685,0.3233924409781842,0.4107738809061068,375,375,750,750,,5000,5000,1.0,3021694564,20260901
s_last,all_positive_classes,exactly_2_labels,,,macro_class,target_hit,0.25902844830290483,0.22257953193551683,0.299592567093639,375,375,750,750,20,5000,5000,1.0,3021694564,20260901
s_last,all_positive_classes,exactly_2_labels,,,macro_class,other_fg_hit,0.2962322544605153,0.24641490335751665,0.34892536526115014,375,375,750,750,20,5000,5000,1.0,3021694564,20260901
s_last,all_positive_classes,exactly_2_labels,,,macro_class,background_hit,0.443419783417066,0.3868992631472925,0.4985037533033821,375,375,750,750,20,5000,5000,1.0,3021694564,20260901
s_last,all_positive_classes,exactly_2_labels,,,macro_class,target_top05_fraction,0.2766998368497919,0.2472860287714534,0.3057454201975346,375,375,750,750,20,5000,5000,1.0,3021694564,20260901
s_last,all_positive_classes,exactly_2_labels,,,macro_class,other_fg_top05_fraction,0.2431698962006669,0.21143823034415699,0.2758471682359343,375,375,750,750,20,5000,5000,1.0,3021694564,20260901
s_last,all_positive_classes,exactly_2_labels,,,macro_class,bg_top05_fraction,0.4793907035112176,0.4477072239863922,0.5112108199427376,375,375,750,750,20,5000,5000,1.0,3021694564,20260901
s_last,all_positive_classes,exactly_2_labels,,,macro_class,target_tail_enrich_05,1.905056095405455,1.5970832052557224,2.2818755448885013,373,375,695,750,20,5000,5000,1.0,3021694564,20260901
s_last,all_positive_classes,exactly_2_labels,,,macro_class,other_fg_tail_enrich_05,1.3792508240993693,1.2125612774670356,1.5564415540836685,373,375,695,750,20,5000,5000,1.0,3021694564,20260901
s_last,all_positive_classes,exactly_2_labels,,,macro_class,bg_tail_enrich_05,0.8171163502639651,0.7507942008655961,0.8865041367232871,369,375,738,750,20,5000,5000,1.0,3021694564,20260901
s_last,all_positive_classes,exactly_2_labels,,,macro_class,target_top10_fraction,0.2680327856462698,0.24090006414422924,0.29536187890083615,375,375,750,750,20,5000,5000,1.0,3021694564,20260901
s_last,all_positive_classes,exactly_2_labels,,,macro_class,other_fg_top10_fraction,0.22808942562667506,0.19923570246400094,0.2577667886860844,375,375,750,750,20,5000,5000,1.0,3021694564,20260901
s_last,all_positive_classes,exactly_2_labels,,,macro_class,bg_top10_fraction,0.502945341077288,0.4733511816943173,0.5329169075469549,375,375,750,750,20,5000,5000,1.0,3021694564,20260901
s_last,all_positive_classes,exactly_2_labels,,,macro_class,target_tail_enrich_10,1.6744137407132524,1.4561132397749295,1.9423575858566542,373,375,695,750,20,5000,5000,1.0,3021694564,20260901
s_last,all_positive_classes,exactly_2_labels,,,macro_class,other_fg_tail_enrich_10,1.2013388574669763,1.0741814017440123,1.3327352816889697,373,375,695,750,20,5000,5000,1.0,3021694564,20260901
s_last,all_positive_classes,exactly_2_labels,,,macro_class,bg_tail_enrich_10,0.8455159535206122,0.7911107759723288,0.8997566404220244,369,375,738,750,20,5000,5000,1.0,3021694564,20260901
s_last,all_positive_classes,exactly_2_labels,,,macro_class,target_top20_fraction,0.24979100907042512,0.22601407426502082,0.2745860435469048,375,375,750,750,20,5000,5000,1.0,3021694564,20260901
s_last,all_positive_classes,exactly_2_labels,,,macro_class,other_fg_top20_fraction,0.20939995067865896,0.18426447540362928,0.23468637796460082,375,375,750,750,20,5000,5000,1.0,3021694564,20260901
s_last,all_positive_classes,exactly_2_labels,,,macro_class,bg_top20_fraction,0.5400122311709847,0.5113249428683747,0.5680423572625236,375,375,750,750,20,5000,5000,1.0,3021694564,20260901
s_last,all_positive_classes,exactly_2_labels,,,macro_class,target_tail_enrich_20,1.380179394821893,1.2597695542337328,1.5172612749648406,373,375,695,750,20,5000,5000,1.0,3021694564,20260901
s_last,all_positive_classes,exactly_2_labels,,,macro_class,other_fg_tail_enrich_20,1.0125694643788419,0.9219972306042707,1.1055767013470765,373,375,695,750,20,5000,5000,1.0,3021694564,20260901
s_last,all_positive_classes,exactly_2_labels,,,macro_class,bg_tail_enrich_20,0.8956120135359047,0.8534046642906936,0.9364092534607402,369,375,738,750,20,5000,5000,1.0,3021694564,20260901
s_last,all_positive_classes,exactly_2_labels,,,macro_class,auc_target_bg,0.5398488798228189,0.5182989373188687,0.5637927665598058,367,375,683,750,20,5000,5000,1.0,3021694564,20260901
s_last,all_positive_classes,exactly_2_labels,,,macro_class,ap_target_bg,0.34318308663084235,0.3183412772776995,0.3677180352776179,367,375,683,750,20,5000,5000,1.0,3021694564,20260901
s_last,all_positive_classes,exactly_2_labels,,,macro_class,auc_target_other,0.5673272791767519,0.5351675322285672,0.5997777309289185,322,375,644,750,20,5000,5000,1.0,3021694564,20260901
s_last,all_positive_classes,exactly_2_labels,,,macro_class,ap_target_other,0.6008168763376124,0.5620669405915975,0.6370132692107595,322,375,644,750,20,5000,5000,1.0,3021694564,20260901
s_last,all_positive_classes,exactly_2_labels,,,macro_class,target_mean,195.36824308419062,109.95813424768683,312.570999019102,373,375,695,750,20,5000,5000,1.0,3021694564,20260901
s_last,all_positive_classes,exactly_2_labels,,,macro_class,other_fg_mean,-77.2614890978176,-146.46015237460344,-6.920612754908144,373,375,695,750,20,5000,5000,1.0,3021694564,20260901
s_last,all_positive_classes,exactly_2_labels,,,macro_class,bg_mean,5.200149108145321,-32.49024991842589,44.10381431359479,369,375,738,750,20,5000,5000,1.0,3021694564,20260901
s_last,all_positive_classes,exactly_2_labels,,,macro_class,target_median,256.3958497261105,181.22215614582908,353.80567933329627,373,375,695,750,20,5000,5000,1.0,3021694564,20260901
s_last,all_positive_classes,exactly_2_labels,,,macro_class,other_fg_median,-44.44107257693733,-117.20927327597919,27.40745947654672,373,375,695,750,20,5000,5000,1.0,3021694564,20260901
s_last,all_positive_classes,exactly_2_labels,,,macro_class,bg_median,98.00162371126774,65.24794227411918,139.14180625826583,369,375,738,750,20,5000,5000,1.0,3021694564,20260901
s_last,all_positive_classes,exactly_2_labels,,,macro_class,spatial_mass_target,0.23690430025077633,0.20418867987239722,0.27145283872724907,375,375,750,750,20,5000,5000,1.0,3021694564,20260901
s_last,all_positive_classes,exactly_2_labels,,,macro_class,spatial_mass_other_fg,0.28337708533630884,0.2346812845055123,0.3365786427827245,375,375,750,750,20,5000,5000,1.0,3021694564,20260901
s_last,all_positive_classes,exactly_2_labels,,,macro_class,spatial_mass_background,0.3810669428463985,0.3270899130014547,0.4409204052785578,375,375,750,750,20,5000,5000,1.0,3021694564,20260901
s_last,all_positive_classes,3plus_labels,,,micro,target_hit,0.23404255319148937,0.2042028770407581,0.2639506170085569,147,147,470,470,,5000,5000,1.0,3021694564,20260901
s_last,all_positive_classes,3plus_labels,,,micro,other_fg_hit,0.38085106382978723,0.3340469953073033,0.42531120331950206,147,147,470,470,,5000,5000,1.0,3021694564,20260901
s_last,all_positive_classes,3plus_labels,,,micro,background_hit,0.37872340425531914,0.3172243368806296,0.44325481798715205,147,147,470,470,,5000,5000,1.0,3021694564,20260901
s_last,all_positive_classes,3plus_labels,,,micro,target_top05_fraction,0.21013497595697392,0.1908384837743606,0.22958777685399712,147,147,470,470,,5000,5000,1.0,3021694564,20260901
s_last,all_positive_classes,3plus_labels,,,micro,other_fg_top05_fraction,0.33813261771626696,0.30601589248356403,0.36946602467327005,147,147,470,470,,5000,5000,1.0,3021694564,20260901
s_last,all_positive_classes,3plus_labels,,,micro,bg_top05_fraction,0.4499255341986387,0.4033214119879146,0.4980333405811198,147,147,470,470,,5000,5000,1.0,3021694564,20260901
s_last,all_positive_classes,3plus_labels,,,micro,target_tail_enrich_05,2.0007203397403637,1.713868115586277,2.3159802941239236,147,147,415,470,,5000,5000,1.0,3021694564,20260901
s_last,all_positive_classes,3plus_labels,,,micro,other_fg_tail_enrich_05,1.2663550816723768,1.1246178771977338,1.4158212687978209,147,147,463,470,,5000,5000,1.0,3021694564,20260901
s_last,all_positive_classes,3plus_labels,,,micro,bg_tail_enrich_05,0.8012907829653855,0.7310608677617015,0.8775629100621577,145,147,464,470,,5000,5000,1.0,3021694564,20260901
s_last,all_positive_classes,3plus_labels,,,micro,target_top10_fraction,0.19829339410317715,0.18036921366796574,0.21652912982839495,147,147,470,470,,5000,5000,1.0,3021694564,20260901
s_last,all_positive_classes,3plus_labels,,,micro,other_fg_top10_fraction,0.33130105933443615,0.29977432068167714,0.3614668838223906,147,147,470,470,,5000,5000,1.0,3021694564,20260901
s_last,all_positive_classes,3plus_labels,,,micro,bg_top10_fraction,0.46870849181298035,0.42339239507202514,0.5149472886234646,147,147,470,470,,5000,5000,1.0,3021694564,20260901
s_last,all_positive_classes,3plus_labels,,,micro,target_tail_enrich_10,1.7392232435789188,1.5565277902393173,1.9312996236983837,147,147,415,470,,5000,5000,1.0,3021694564,20260901
s_last,all_positive_classes,3plus_labels,,,micro,other_fg_tail_enrich_10,1.1699933130157525,1.0602011477411244,1.2804000964413338,147,147,463,470,,5000,5000,1.0,3021694564,20260901
s_last,all_positive_classes,3plus_labels,,,micro,bg_tail_enrich_10,0.8317585282254483,0.7672252720225053,0.9025697800182743,145,147,464,470,,5000,5000,1.0,3021694564,20260901
s_last,all_positive_classes,3plus_labels,,,micro,target_top20_fraction,0.18148286990559645,0.16535563665390293,0.19827733934806993,147,147,470,470,,5000,5000,1.0,3021694564,20260901
s_last,all_positive_classes,3plus_labels,,,micro,other_fg_top20_fraction,0.31883610468605017,0.2892142140699193,0.3479388223771372,147,147,470,470,,5000,5000,1.0,3021694564,20260901
s_last,all_positive_classes,3plus_labels,,,micro,bg_top20_fraction,0.4985353699097341,0.45426154620917014,0.5423033108316494,147,147,470,470,,5000,5000,1.0,3021694564,20260901
s_last,all_positive_classes,3plus_labels,,,micro,target_tail_enrich_20,1.4652226925703071,1.349734361808921,1.583148450537631,147,147,415,470,,5000,5000,1.0,3021694564,20260901
s_last,all_positive_classes,3plus_labels,,,micro,other_fg_tail_enrich_20,1.0631939243822706,0.9884733273488933,1.1345543118793027,147,147,463,470,,5000,5000,1.0,3021694564,20260901
s_last,all_positive_classes,3plus_labels,,,micro,bg_tail_enrich_20,0.8831469194366532,0.8309523481347989,0.9408436206700747,145,147,464,470,,5000,5000,1.0,3021694564,20260901
s_last,all_positive_classes,3plus_labels,,,micro,auc_target_bg,0.5492156371858238,0.526454806826365,0.5730735630963625,145,147,409,470,,5000,5000,1.0,3021694564,20260901
s_last,all_positive_classes,3plus_labels,,,micro,ap_target_bg,0.3019534147685054,0.27298941912034963,0.3306025318096728,145,147,409,470,,5000,5000,1.0,3021694564,20260901
s_last,all_positive_classes,3plus_labels,,,micro,auc_target_other,0.5582891046501589,0.5399311338938537,0.5773367301705556,140,147,408,470,,5000,5000,1.0,3021694564,20260901
s_last,all_positive_classes,3plus_labels,,,micro,ap_target_other,0.43123733650072016,0.4164208939771705,0.4470533046325566,140,147,408,470,,5000,5000,1.0,3021694564,20260901
s_last,all_positive_classes,3plus_labels,,,micro,target_mean,231.49224229803832,184.34775017281436,278.6061004395294,147,147,415,470,,5000,5000,1.0,3021694564,20260901
s_last,all_positive_classes,3plus_labels,,,micro,other_fg_mean,12.961722353540438,-26.95300311733256,50.2063499114753,147,147,463,470,,5000,5000,1.0,3021694564,20260901
s_last,all_positive_classes,3plus_labels,,,micro,bg_mean,64.92024283546876,41.61765062505652,89.81671535089937,145,147,464,470,,5000,5000,1.0,3021694564,20260901
s_last,all_positive_classes,3plus_labels,,,micro,target_median,259.3506048126842,213.92612016361295,304.0963101399811,147,147,415,470,,5000,5000,1.0,3021694564,20260901
s_last,all_positive_classes,3plus_labels,,,micro,other_fg_median,38.74054194462222,-1.4531778782315414,76.40153781548712,147,147,463,470,,5000,5000,1.0,3021694564,20260901
s_last,all_positive_classes,3plus_labels,,,micro,bg_median,101.06211423713329,78.50278881691342,124.31351833841954,145,147,464,470,,5000,5000,1.0,3021694564,20260901
s_last,all_positive_classes,3plus_labels,,,micro,spatial_mass_target,0.22767170753196497,0.19747475621719981,0.25855330521781106,147,147,470,470,,5000,5000,1.0,3021694564,20260901
s_last,all_positive_classes,3plus_labels,,,micro,spatial_mass_other_fg,0.352904589476434,0.3082274579994028,0.39754292628067084,147,147,470,470,,5000,5000,1.0,3021694564,20260901
s_last,all_positive_classes,3plus_labels,,,micro,spatial_mass_background,0.3501578529068165,0.2909128396141796,0.4137286863954924,147,147,470,470,,5000,5000,1.0,3021694564,20260901
s_last,all_positive_classes,3plus_labels,,,macro_class,target_hit,0.16853564352645234,0.11998928304465584,0.23187353966617044,147,147,470,470,20,5000,5000,1.0,3021694564,20260901
s_last,all_positive_classes,3plus_labels,,,macro_class,other_fg_hit,0.3394153535697654,0.2725559892039468,0.43304535924595294,147,147,470,470,20,5000,5000,1.0,3021694564,20260901
s_last,all_positive_classes,3plus_labels,,,macro_class,background_hit,0.48787612598274366,0.3826361484982995,0.5605454613550046,147,147,470,470,20,5000,5000,1.0,3021694564,20260901
s_last,all_positive_classes,3plus_labels,,,macro_class,target_top05_fraction,0.19352619950310465,0.1534126641606623,0.22601196580812735,147,147,470,470,20,5000,5000,1.0,3021694564,20260901
s_last,all_positive_classes,3plus_labels,,,macro_class,other_fg_top05_fraction,0.2819870464475397,0.24329524920055176,0.3406408570717912,147,147,470,470,20,5000,5000,1.0,3021694564,20260901
s_last,all_positive_classes,3plus_labels,,,macro_class,bg_top05_fraction,0.5227201422076753,0.469375271597067,0.5666007689954542,147,147,470,470,20,5000,5000,1.0,3021694564,20260901
s_last,all_positive_classes,3plus_labels,,,macro_class,target_tail_enrich_05,2.127445913748248,1.722866649478822,2.504368709195435,147,147,415,470,19,5000,5000,1.0,3021694564,20260901
s_last,all_positive_classes,3plus_labels,,,macro_class,other_fg_tail_enrich_05,1.1760415437496081,0.9913475556941534,1.395504673680123,147,147,463,470,20,5000,5000,1.0,3021694564,20260901
s_last,all_positive_classes,3plus_labels,,,macro_class,bg_tail_enrich_05,0.8879615435817702,0.8095455139579288,0.9860770667363881,145,147,464,470,20,5000,5000,1.0,3021694564,20260901
s_last,all_positive_classes,3plus_labels,,,macro_class,target_top10_fraction,0.18531976962602634,0.15014060970099705,0.21856445759319706,147,147,470,470,20,5000,5000,1.0,3021694564,20260901
s_last,all_positive_classes,3plus_labels,,,macro_class,other_fg_top10_fraction,0.2744221452731664,0.23580362730291715,0.33322860581967134,147,147,470,470,20,5000,5000,1.0,3021694564,20260901
s_last,all_positive_classes,3plus_labels,,,macro_class,bg_top10_fraction,0.537734263153627,0.4809460590854632,0.5821081886497272,147,147,470,470,20,5000,5000,1.0,3021694564,20260901
s_last,all_positive_classes,3plus_labels,,,macro_class,target_tail_enrich_10,1.8343240837033348,1.5528469325873964,2.0954098783384696,147,147,415,470,19,5000,5000,1.0,3021694564,20260901
s_last,all_positive_classes,3plus_labels,,,macro_class,other_fg_tail_enrich_10,1.0091360823223563,0.8955920982790913,1.1688392684842837,147,147,463,470,20,5000,5000,1.0,3021694564,20260901
s_last,all_positive_classes,3plus_labels,,,macro_class,bg_tail_enrich_10,0.8990447098672636,0.8307021554314219,0.9756974460430208,145,147,464,470,20,5000,5000,1.0,3021694564,20260901
s_last,all_positive_classes,3plus_labels,,,macro_class,target_top20_fraction,0.16638862181640712,0.13801741595152817,0.19777777357206777,147,147,470,470,20,5000,5000,1.0,3021694564,20260901
s_last,all_positive_classes,3plus_labels,,,macro_class,other_fg_top20_fraction,0.265692390495008,0.22617168716207645,0.32406325089490695,147,147,470,470,20,5000,5000,1.0,3021694564,20260901
s_last,all_positive_classes,3plus_labels,,,macro_class,bg_top20_fraction,0.5664244069089914,0.5070240972197398,0.6103180029881285,147,147,470,470,20,5000,5000,1.0,3021694564,20260901
s_last,all_positive_classes,3plus_labels,,,macro_class,target_tail_enrich_20,1.5331739052717712,1.34716599618656,1.7220676542249345,147,147,415,470,19,5000,5000,1.0,3021694564,20260901
s_last,all_positive_classes,3plus_labels,,,macro_class,other_fg_tail_enrich_20,0.8887298605645266,0.8143541734710095,1.0100398085849749,147,147,463,470,20,5000,5000,1.0,3021694564,20260901
s_last,all_positive_classes,3plus_labels,,,macro_class,bg_tail_enrich_20,0.938855555876399,0.8833612955452332,0.9977015446723934,145,147,464,470,20,5000,5000,1.0,3021694564,20260901
s_last,all_positive_classes,3plus_labels,,,macro_class,auc_target_bg,0.5488272800925482,0.5131589899824549,0.5865927465175419,145,147,409,470,19,5000,5000,1.0,3021694564,20260901
s_last,all_positive_classes,3plus_labels,,,macro_class,ap_target_bg,0.27936325474745693,0.24305242211165531,0.3227235129879997,145,147,409,470,19,5000,5000,1.0,3021694564,20260901
s_last,all_positive_classes,3plus_labels,,,macro_class,auc_target_other,0.5986809769621955,0.5457606690294499,0.6323829899478502,140,147,408,470,19,5000,5000,1.0,3021694564,20260901
s_last,all_positive_classes,3plus_labels,,,macro_class,ap_target_other,0.49890871324493946,0.4305105304595955,0.5362951222287312,140,147,408,470,19,5000,5000,1.0,3021694564,20260901
s_last,all_positive_classes,3plus_labels,,,macro_class,target_mean,188.0486756209741,111.87987526893839,275.1532695204325,147,147,415,470,19,5000,5000,1.0,3021694564,20260901
s_last,all_positive_classes,3plus_labels,,,macro_class,other_fg_mean,-142.93329218483694,-205.03035011442788,-59.90642873982681,147,147,463,470,20,5000,5000,1.0,3021694564,20260901
s_last,all_positive_classes,3plus_labels,,,macro_class,bg_mean,52.526509678641204,-1.3277103928419882,100.90578030611371,145,147,464,470,20,5000,5000,1.0,3021694564,20260901
s_last,all_positive_classes,3plus_labels,,,macro_class,target_median,216.14891029647583,136.28625604488172,310.8752477072185,147,147,415,470,19,5000,5000,1.0,3021694564,20260901
s_last,all_positive_classes,3plus_labels,,,macro_class,other_fg_median,-131.2099927316013,-205.67536231613644,-38.46864136298575,147,147,463,470,20,5000,5000,1.0,3021694564,20260901
s_last,all_positive_classes,3plus_labels,,,macro_class,bg_median,75.77820808784382,23.648327191551257,118.64012024416405,145,147,464,470,20,5000,5000,1.0,3021694564,20260901
s_last,all_positive_classes,3plus_labels,,,macro_class,spatial_mass_target,0.16546230445238025,0.11702283173131155,0.2288361060013202,147,147,470,470,20,5000,5000,1.0,3021694564,20260901
s_last,all_positive_classes,3plus_labels,,,macro_class,spatial_mass_other_fg,0.3053975929091271,0.24259681281726245,0.39938681824243183,147,147,470,470,20,5000,5000,1.0,3021694564,20260901
s_last,all_positive_classes,3plus_labels,,,macro_class,spatial_mass_background,0.46459667226263546,0.35439226971456383,0.535978176353529,147,147,470,470,20,5000,5000,1.0,3021694564,20260901
s_last,per_class,all,0,aeroplane,micro,target_hit,0.35555555555555557,0.26666666666666666,0.45555555555555555,90,90,90,90,,5000,5000,1.0,3021694564,20260901
s_last,per_class,all,0,aeroplane,micro,other_fg_hit,0.03333333333333333,0.0,0.07777777777777778,90,90,90,90,,5000,5000,1.0,3021694564,20260901
s_last,per_class,all,0,aeroplane,micro,background_hit,0.6111111111111112,0.5111111111111111,0.7,90,90,90,90,,5000,5000,1.0,3021694564,20260901
s_last,per_class,all,0,aeroplane,micro,target_top05_fraction,0.4274079873202682,0.36656524528673656,0.4905979730935874,90,90,90,90,,5000,5000,1.0,3021694564,20260901
s_last,per_class,all,0,aeroplane,micro,other_fg_top05_fraction,0.029758584495426604,0.005781976308292098,0.06199066576698151,90,90,90,90,,5000,5000,1.0,3021694564,20260901
s_last,per_class,all,0,aeroplane,micro,bg_top05_fraction,0.54025813310901,0.4782988530992917,0.6000634377509377,90,90,90,90,,5000,5000,1.0,3021694564,20260901
s_last,per_class,all,0,aeroplane,micro,target_tail_enrich_05,2.625027351310636,2.137554257532079,3.2107301850486154,87,90,87,90,,5000,5000,1.0,3021694564,20260901
s_last,per_class,all,0,aeroplane,micro,other_fg_tail_enrich_05,2.0886523885552304,0.9262119893605332,3.3559043310694934,13,90,13,90,,5000,5000,1.0,3021694564,20260901
s_last,per_class,all,0,aeroplane,micro,bg_tail_enrich_05,0.6652841310958718,0.5986751212130079,0.7280469781095886,90,90,90,90,,5000,5000,1.0,3021694564,20260901
s_last,per_class,all,0,aeroplane,micro,target_top10_fraction,0.39524019121068693,0.33566162893079105,0.4541249483581315,90,90,90,90,,5000,5000,1.0,3021694564,20260901
s_last,per_class,all,0,aeroplane,micro,other_fg_top10_fraction,0.027771335690114477,0.005072125389230653,0.05899566679633879,90,90,90,90,,5000,5000,1.0,3021694564,20260901
s_last,per_class,all,0,aeroplane,micro,bg_top10_fraction,0.5746812511666545,0.5138081638930352,0.6325541815549417,90,90,90,90,,5000,5000,1.0,3021694564,20260901
s_last,per_class,all,0,aeroplane,micro,target_tail_enrich_10,2.2111616709440702,1.8864354322857602,2.563330569796382,87,90,87,90,,5000,5000,1.0,3021694564,20260901
s_last,per_class,all,0,aeroplane,micro,other_fg_tail_enrich_10,1.666345294302561,0.7447407875322769,2.645771543029196,13,90,13,90,,5000,5000,1.0,3021694564,20260901
s_last,per_class,all,0,aeroplane,micro,bg_tail_enrich_10,0.7060471094603618,0.6445261144627008,0.7654348609699949,90,90,90,90,,5000,5000,1.0,3021694564,20260901
s_last,per_class,all,0,aeroplane,micro,target_top20_fraction,0.32565165556560494,0.2736749533267163,0.37771314357903174,90,90,90,90,,5000,5000,1.0,3021694564,20260901
s_last,per_class,all,0,aeroplane,micro,other_fg_top20_fraction,0.02226548459780736,0.0038756919739963438,0.04777285480589818,90,90,90,90,,5000,5000,1.0,3021694564,20260901
s_last,per_class,all,0,aeroplane,micro,bg_top20_fraction,0.6505683924591127,0.5977649019469661,0.7036099470635362,90,90,90,90,,5000,5000,1.0,3021694564,20260901
s_last,per_class,all,0,aeroplane,micro,target_tail_enrich_20,1.7319578563806388,1.522557157127116,1.958199864091801,87,90,87,90,,5000,5000,1.0,3021694564,20260901
s_last,per_class,all,0,aeroplane,micro,other_fg_tail_enrich_20,1.2642379910924286,0.5511202292555978,2.0485228455255937,13,90,13,90,,5000,5000,1.0,3021694564,20260901
s_last,per_class,all,0,aeroplane,micro,bg_tail_enrich_20,0.8044558154170152,0.7529921172772729,0.8536806964902645,90,90,90,90,,5000,5000,1.0,3021694564,20260901
s_last,per_class,all,0,aeroplane,micro,auc_target_bg,0.5831334346873576,0.5412839534368474,0.6236162660214405,87,90,87,90,,5000,5000,1.0,3021694564,20260901
s_last,per_class,all,0,aeroplane,micro,ap_target_bg,0.3436977067490198,0.29959801940062514,0.3868636742139027,87,90,87,90,,5000,5000,1.0,3021694564,20260901
s_last,per_class,all,0,aeroplane,micro,auc_target_other,0.5780731436421543,0.4129732979641445,0.7341739530767412,12,90,12,90,,5000,5000,1.0,3021694564,20260901
s_last,per_class,all,0,aeroplane,micro,ap_target_other,0.840876740827461,0.6932774033265052,0.9513259826013292,12,90,12,90,,5000,5000,1.0,3021694564,20260901
s_last,per_class,all,0,aeroplane,micro,target_mean,-93.40368694186215,-240.71218043650512,35.58333568589328,87,90,87,90,,5000,5000,1.0,3021694564,20260901
s_last,per_class,all,0,aeroplane,micro,other_fg_mean,-91.95796408663387,-728.8438813546268,358.7816749965582,13,90,13,90,,5000,5000,1.0,3021694564,20260901
s_last,per_class,all,0,aeroplane,micro,bg_mean,-267.07767123918813,-350.2223642296424,-184.2646470690141,90,90,90,90,,5000,5000,1.0,3021694564,20260901
s_last,per_class,all,0,aeroplane,micro,target_median,68.09764628848811,-62.64801828681629,181.75810846705494,87,90,87,90,,5000,5000,1.0,3021694564,20260901
s_last,per_class,all,0,aeroplane,micro,other_fg_median,-62.06698421331552,-699.785340761175,416.4376510750162,13,90,13,90,,5000,5000,1.0,3021694564,20260901
s_last,per_class,all,0,aeroplane,micro,bg_median,-19.74541631539663,-78.58654521935516,37.60622219903599,90,90,90,90,,5000,5000,1.0,3021694564,20260901
s_last,per_class,all,0,aeroplane,micro,spatial_mass_target,0.31114284193411423,0.22222222156087723,0.41114284261267287,90,90,90,90,,5000,5000,1.0,3021694564,20260901
s_last,per_class,all,0,aeroplane,micro,spatial_mass_other_fg,0.022222222222222223,0.0,0.05555555555555555,90,90,90,90,,5000,5000,1.0,3021694564,20260901
s_last,per_class,all,0,aeroplane,micro,spatial_mass_background,0.5666349334064085,0.4666031992083839,0.6666031972546761,90,90,90,90,,5000,5000,1.0,3021694564,20260901
s_last,per_class,all,1,bicycle,micro,target_hit,0.3037974683544304,0.20253164556962025,0.4050632911392405,79,79,79,79,,5000,5000,1.0,3021694564,20260901
s_last,per_class,all,1,bicycle,micro,other_fg_hit,0.189873417721519,0.10126582278481013,0.27848101265822783,79,79,79,79,,5000,5000,1.0,3021694564,20260901
s_last,per_class,all,1,bicycle,micro,background_hit,0.5063291139240507,0.3924050632911392,0.620253164556962,79,79,79,79,,5000,5000,1.0,3021694564,20260901
s_last,per_class,all,1,bicycle,micro,target_top05_fraction,0.28165489400598165,0.22681642873233443,0.3396889912280837,79,79,79,79,,5000,5000,1.0,3021694564,20260901
s_last,per_class,all,1,bicycle,micro,other_fg_top05_fraction,0.17685228438549752,0.11783976908844643,0.23878140370187337,79,79,79,79,,5000,5000,1.0,3021694564,20260901
s_last,per_class,all,1,bicycle,micro,bg_top05_fraction,0.5402220638420938,0.4784122005430193,0.6008051753324187,79,79,79,79,,5000,5000,1.0,3021694564,20260901
s_last,per_class,all,1,bicycle,micro,target_tail_enrich_05,4.018103317263841,3.1968039154059515,4.951859231813942,71,79,71,79,,5000,5000,1.0,3021694564,20260901
s_last,per_class,all,1,bicycle,micro,other_fg_tail_enrich_05,1.262916665265912,0.9506676814813324,1.5934725070552798,48,79,48,79,,5000,5000,1.0,3021694564,20260901
s_last,per_class,all,1,bicycle,micro,bg_tail_enrich_05,0.6830956699374191,0.6089340708209203,0.7576866483350558,79,79,79,79,,5000,5000,1.0,3021694564,20260901
s_last,per_class,all,1,bicycle,micro,target_top10_fraction,0.2549354713673154,0.2042866495295722,0.3098312667776654,79,79,79,79,,5000,5000,1.0,3021694564,20260901
s_last,per_class,all,1,bicycle,micro,other_fg_top10_fraction,0.17677711422484227,0.1199539735989457,0.23562164910148228,79,79,79,79,,5000,5000,1.0,3021694564,20260901
s_last,per_class,all,1,bicycle,micro,bg_top10_fraction,0.5674685829471202,0.5070221193034781,0.6274458408351282,79,79,79,79,,5000,5000,1.0,3021694564,20260901
s_last,per_class,all,1,bicycle,micro,target_tail_enrich_10,3.186844576912288,2.7054278569702483,3.6865161258772114,71,79,71,79,,5000,5000,1.0,3021694564,20260901
s_last,per_class,all,1,bicycle,micro,other_fg_tail_enrich_10,1.2953338573080886,1.0096873833548297,1.5972164446243708,48,79,48,79,,5000,5000,1.0,3021694564,20260901
s_last,per_class,all,1,bicycle,micro,bg_tail_enrich_10,0.7123165454364115,0.6445915846845007,0.7785129590667703,79,79,79,79,,5000,5000,1.0,3021694564,20260901
s_last,per_class,all,1,bicycle,micro,target_top20_fraction,0.21874482878975626,0.17362964482414076,0.26798602041626823,79,79,79,79,,5000,5000,1.0,3021694564,20260901
s_last,per_class,all,1,bicycle,micro,other_fg_top20_fraction,0.1597403535996383,0.10930857082175158,0.21284722181261725,79,79,79,79,,5000,5000,1.0,3021694564,20260901
s_last,per_class,all,1,bicycle,micro,bg_top20_fraction,0.6207643843562491,0.563064403022297,0.6768265668381345,79,79,79,79,,5000,5000,1.0,3021694564,20260901
s_last,per_class,all,1,bicycle,micro,target_tail_enrich_20,2.4338982661690767,2.1597313915063063,2.697874090479979,71,79,71,79,,5000,5000,1.0,3021694564,20260901
s_last,per_class,all,1,bicycle,micro,other_fg_tail_enrich_20,1.11522044377648,0.8961464987749417,1.340390748638442,48,79,48,79,,5000,5000,1.0,3021694564,20260901
s_last,per_class,all,1,bicycle,micro,bg_tail_enrich_20,0.7867054682352027,0.7238505775173049,0.8476161890133457,79,79,79,79,,5000,5000,1.0,3021694564,20260901
s_last,per_class,all,1,bicycle,micro,auc_target_bg,0.7248480755799304,0.6871985441882139,0.7601299986334645,71,79,71,79,,5000,5000,1.0,3021694564,20260901
s_last,per_class,all,1,bicycle,micro,ap_target_bg,0.3308733627070044,0.28271863594609914,0.38225605392146367,71,79,71,79,,5000,5000,1.0,3021694564,20260901
s_last,per_class,all,1,bicycle,micro,auc_target_other,0.7172814350979858,0.6603909803565764,0.7753147497050179,41,79,41,79,,5000,5000,1.0,3021694564,20260901
s_last,per_class,all,1,bicycle,micro,ap_target_other,0.5070459274351253,0.41211499404983437,0.6044285123706139,41,79,41,79,,5000,5000,1.0,3021694564,20260901
s_last,per_class,all,1,bicycle,micro,target_mean,717.5276996233265,610.1661642417279,821.6566803330722,71,79,71,79,,5000,5000,1.0,3021694564,20260901
s_last,per_class,all,1,bicycle,micro,other_fg_mean,142.11268505644753,-11.288491485455536,286.7371931907955,48,79,48,79,,5000,5000,1.0,3021694564,20260901
s_last,per_class,all,1,bicycle,micro,bg_mean,156.08952668540675,100.32501954818699,209.19437530091588,79,79,79,79,,5000,5000,1.0,3021694564,20260901
s_last,per_class,all,1,bicycle,micro,target_median,776.0205470877634,664.6832403357599,886.473777461279,71,79,71,79,,5000,5000,1.0,3021694564,20260901
s_last,per_class,all,1,bicycle,micro,other_fg_median,111.20129696528117,-56.16863092176275,269.68247197002967,48,79,48,79,,5000,5000,1.0,3021694564,20260901
s_last,per_class,all,1,bicycle,micro,bg_median,170.20936927312536,110.06485220571108,223.54460202349884,79,79,79,79,,5000,5000,1.0,3021694564,20260901
s_last,per_class,all,1,bicycle,micro,spatial_mass_target,0.22875759859469572,0.1398861890199435,0.329113924058347,79,79,79,79,,5000,5000,1.0,3021694564,20260901
s_last,per_class,all,1,bicycle,micro,spatial_mass_other_fg,0.16891944823385793,0.08903682571423205,0.2575270431705668,79,79,79,79,,5000,5000,1.0,3021694564,20260901
s_last,per_class,all,1,bicycle,micro,spatial_mass_background,0.35443266241346505,0.2531668393062722,0.4557007677599759,79,79,79,79,,5000,5000,1.0,3021694564,20260901
s_last,per_class,all,2,bird,micro,target_hit,0.39805825242718446,0.30097087378640774,0.49514563106796117,103,103,103,103,,5000,5000,1.0,3021694564,20260901
s_last,per_class,all,2,bird,micro,other_fg_hit,0.05825242718446602,0.019417475728155338,0.10679611650485436,103,103,103,103,,5000,5000,1.0,3021694564,20260901
s_last,per_class,all,2,bird,micro,background_hit,0.5436893203883495,0.44660194174757284,0.6407766990291263,103,103,103,103,,5000,5000,1.0,3021694564,20260901
s_last,per_class,all,2,bird,micro,target_top05_fraction,0.28689170258855995,0.22749964310124948,0.34637767080368953,103,103,103,103,,5000,5000,1.0,3021694564,20260901
s_last,per_class,all,2,bird,micro,other_fg_top05_fraction,0.04092553158087139,0.012445634347940175,0.07616497004846519,103,103,103,103,,5000,5000,1.0,3021694564,20260901
s_last,per_class,all,2,bird,micro,bg_top05_fraction,0.6721827658305686,0.6095965021060032,0.7341354544129838,103,103,103,103,,5000,5000,1.0,3021694564,20260901
s_last,per_class,all,2,bird,micro,target_tail_enrich_05,2.286259852740995,1.7291722700080105,2.9327788097012837,99,103,99,103,,5000,5000,1.0,3021694564,20260901
s_last,per_class,all,2,bird,micro,other_fg_tail_enrich_05,0.90988182827797,0.47317871683908175,1.373934191804074,9,103,9,103,,5000,5000,1.0,3021694564,20260901
s_last,per_class,all,2,bird,micro,bg_tail_enrich_05,0.8601141564374937,0.7742710653725605,0.9541043675771074,103,103,103,103,,5000,5000,1.0,3021694564,20260901
s_last,per_class,all,2,bird,micro,target_top10_fraction,0.23926889843535223,0.1871686074494107,0.2926261872668571,103,103,103,103,,5000,5000,1.0,3021694564,20260901
s_last,per_class,all,2,bird,micro,other_fg_top10_fraction,0.04329114067769285,0.014013166523459014,0.07955928074611442,103,103,103,103,,5000,5000,1.0,3021694564,20260901
s_last,per_class,all,2,bird,micro,bg_top10_fraction,0.717439960886955,0.6585850626123803,0.7733995453761663,103,103,103,103,,5000,5000,1.0,3021694564,20260901
s_last,per_class,all,2,bird,micro,target_tail_enrich_10,1.701707980901969,1.3279565115695915,2.1231863039733883,99,103,99,103,,5000,5000,1.0,3021694564,20260901
s_last,per_class,all,2,bird,micro,other_fg_tail_enrich_10,0.9735456829242461,0.5396507579224781,1.3870131599557955,9,103,9,103,,5000,5000,1.0,3021694564,20260901
s_last,per_class,all,2,bird,micro,bg_tail_enrich_10,0.9199219089435259,0.8496680712759769,0.9953311815450827,103,103,103,103,,5000,5000,1.0,3021694564,20260901
s_last,per_class,all,2,bird,micro,target_top20_fraction,0.19601445184334554,0.15264276133314436,0.24081036927751587,103,103,103,103,,5000,5000,1.0,3021694564,20260901
s_last,per_class,all,2,bird,micro,other_fg_top20_fraction,0.043103058954915556,0.014463247992905154,0.07799879236129297,103,103,103,103,,5000,5000,1.0,3021694564,20260901
s_last,per_class,all,2,bird,micro,bg_top20_fraction,0.7608824892017391,0.7107294916985293,0.8096543804365929,103,103,103,103,,5000,5000,1.0,3021694564,20260901
s_last,per_class,all,2,bird,micro,target_tail_enrich_20,1.195302678738121,0.9889391503179068,1.418566107359965,99,103,99,103,,5000,5000,1.0,3021694564,20260901
s_last,per_class,all,2,bird,micro,other_fg_tail_enrich_20,0.9772630673039576,0.5917827412044269,1.3104080817588355,9,103,9,103,,5000,5000,1.0,3021694564,20260901
s_last,per_class,all,2,bird,micro,bg_tail_enrich_20,0.9852935336609315,0.9307538264188061,1.0418899015660077,103,103,103,103,,5000,5000,1.0,3021694564,20260901
s_last,per_class,all,2,bird,micro,auc_target_bg,0.48395134105032894,0.4450774978344867,0.5233891780687489,99,103,99,103,,5000,5000,1.0,3021694564,20260901
s_last,per_class,all,2,bird,micro,ap_target_bg,0.2666379679332891,0.22459618500641326,0.31178479599371517,99,103,99,103,,5000,5000,1.0,3021694564,20260901
s_last,per_class,all,2,bird,micro,auc_target_other,0.48008363713307595,0.2957513263124907,0.7587830921532336,5,103,5,103,,5000,4969,0.9938,3021694564,20260901
s_last,per_class,all,2,bird,micro,ap_target_other,0.4087388306710853,0.08941883168680169,0.7771045598965107,5,103,5,103,,5000,4969,0.9938,3021694564,20260901
s_last,per_class,all,2,bird,micro,target_mean,-416.9555458629182,-635.0920216231598,-199.75627168526248,99,103,99,103,,5000,5000,1.0,3021694564,20260901
s_last,per_class,all,2,bird,micro,other_fg_mean,120.37745884613906,-379.64199845727745,683.5452003893932,9,103,9,103,,5000,5000,1.0,3021694564,20260901
s_last,per_class,all,2,bird,micro,bg_mean,-492.72034577370977,-656.8859176571111,-335.2159276810694,103,103,103,103,,5000,5000,1.0,3021694564,20260901
s_last,per_class,all,2,bird,micro,target_median,-242.3421315809693,-447.7110884193642,-39.15011706651586,99,103,99,103,,5000,5000,1.0,3021694564,20260901
s_last,per_class,all,2,bird,micro,other_fg_median,-26.479500240749783,-499.12152883768084,510.88513408899246,9,103,9,103,,5000,5000,1.0,3021694564,20260901
s_last,per_class,all,2,bird,micro,bg_median,-53.351643525281,-200.48004671393088,84.9236002019308,103,103,103,103,,5000,5000,1.0,3021694564,20260901
s_last,per_class,all,2,bird,micro,spatial_mass_target,0.3869415093394159,0.2912621359223301,0.4826208827565017,103,103,103,103,,5000,5000,1.0,3021694564,20260901
s_last,per_class,all,2,bird,micro,spatial_mass_other_fg,0.04854368932038835,0.009708737864077669,0.0970873786407767,103,103,103,103,,5000,5000,1.0,3021694564,20260901
s_last,per_class,all,2,bird,micro,spatial_mass_background,0.5159711113112667,0.4202917383278249,0.6116504854368932,103,103,103,103,,5000,5000,1.0,3021694564,20260901
s_last,per_class,all,3,boat,micro,target_hit,0.4444444444444444,0.3333333333333333,0.5555555555555556,72,72,72,72,,5000,5000,1.0,3021694564,20260901
s_last,per_class,all,3,boat,micro,other_fg_hit,0.09722222222222222,0.027777777777777776,0.16666666666666666,72,72,72,72,,5000,5000,1.0,3021694564,20260901
s_last,per_class,all,3,boat,micro,background_hit,0.4583333333333333,0.3472222222222222,0.5694444444444444,72,72,72,72,,5000,5000,1.0,3021694564,20260901
s_last,per_class,all,3,boat,micro,target_top05_fraction,0.3340330207203532,0.254144164871448,0.4162496201779417,72,72,72,72,,5000,5000,1.0,3021694564,20260901
s_last,per_class,all,3,boat,micro,other_fg_top05_fraction,0.05582865856988664,0.015345886752136753,0.10310022021370703,72,72,72,72,,5000,5000,1.0,3021694564,20260901
s_last,per_class,all,3,boat,micro,bg_top05_fraction,0.607286350149456,0.5213600538622307,0.6886132212949374,72,72,72,72,,5000,5000,1.0,3021694564,20260901
s_last,per_class,all,3,boat,micro,target_tail_enrich_05,2.79627257840406,2.0136860205171248,3.729890832504232,69,72,69,72,,5000,5000,1.0,3021694564,20260901
s_last,per_class,all,3,boat,micro,other_fg_tail_enrich_05,1.173209442345548,0.3748678189052805,2.133817045704888,17,72,17,72,,5000,5000,1.0,3021694564,20260901
s_last,per_class,all,3,boat,micro,bg_tail_enrich_05,0.7229234103703401,0.6305958928969804,0.8157635057031448,72,72,72,72,,5000,5000,1.0,3021694564,20260901
s_last,per_class,all,3,boat,micro,target_top10_fraction,0.27996632664632864,0.20884137794211616,0.3563581748149792,72,72,72,72,,5000,5000,1.0,3021694564,20260901
s_last,per_class,all,3,boat,micro,other_fg_top10_fraction,0.04802764784410474,0.01263895196455027,0.09020583382204983,72,72,72,72,,5000,5000,1.0,3021694564,20260901
s_last,per_class,all,3,boat,micro,bg_top10_fraction,0.6700368297771854,0.5896577528400382,0.7457073686046465,72,72,72,72,,5000,5000,1.0,3021694564,20260901
s_last,per_class,all,3,boat,micro,target_tail_enrich_10,2.162969642829559,1.6563874374024325,2.729953561728411,69,72,69,72,,5000,5000,1.0,3021694564,20260901
s_last,per_class,all,3,boat,micro,other_fg_tail_enrich_10,0.9678350883026148,0.46973585160932985,1.5175492684616763,17,72,17,72,,5000,5000,1.0,3021694564,20260901
s_last,per_class,all,3,boat,micro,bg_tail_enrich_10,0.8051955139315576,0.7204472278105913,0.8896461468941055,72,72,72,72,,5000,5000,1.0,3021694564,20260901
s_last,per_class,all,3,boat,micro,target_top20_fraction,0.22189114443539026,0.1632110399740071,0.28603869142109656,72,72,72,72,,5000,5000,1.0,3021694564,20260901
s_last,per_class,all,3,boat,micro,other_fg_top20_fraction,0.042138580377244016,0.009179240040542679,0.08264604488788607,72,72,72,72,,5000,5000,1.0,3021694564,20260901
s_last,per_class,all,3,boat,micro,bg_top20_fraction,0.7347121466304571,0.6643018329574462,0.800547203004791,72,72,72,72,,5000,5000,1.0,3021694564,20260901
s_last,per_class,all,3,boat,micro,target_tail_enrich_20,1.5285646646424296,1.22528215909845,1.8494687637879161,69,72,69,72,,5000,5000,1.0,3021694564,20260901
s_last,per_class,all,3,boat,micro,other_fg_tail_enrich_20,0.6956195934428635,0.35058554848661055,1.0475989311126512,17,72,17,72,,5000,5000,1.0,3021694564,20260901
s_last,per_class,all,3,boat,micro,bg_tail_enrich_20,0.8918175535995742,0.8187675220340672,0.9633293905962194,72,72,72,72,,5000,5000,1.0,3021694564,20260901
s_last,per_class,all,3,boat,micro,auc_target_bg,0.524059661839509,0.4645256803922413,0.5837733577768689,69,72,69,72,,5000,5000,1.0,3021694564,20260901
s_last,per_class,all,3,boat,micro,ap_target_bg,0.2991219685380584,0.2404218598182393,0.362425394212554,69,72,69,72,,5000,5000,1.0,3021694564,20260901
s_last,per_class,all,3,boat,micro,auc_target_other,0.5943842830994251,0.46780437740849434,0.7130778266139267,15,72,15,72,,5000,5000,1.0,3021694564,20260901
s_last,per_class,all,3,boat,micro,ap_target_other,0.7007345556674488,0.5133572959777811,0.8699829196164423,15,72,15,72,,5000,5000,1.0,3021694564,20260901
s_last,per_class,all,3,boat,micro,target_mean,-85.19336501399135,-270.56751954378643,110.82057497644655,69,72,69,72,,5000,5000,1.0,3021694564,20260901
s_last,per_class,all,3,boat,micro,other_fg_mean,-307.1425395139519,-541.5364114964367,-74.49163285873591,17,72,17,72,,5000,5000,1.0,3021694564,20260901
s_last,per_class,all,3,boat,micro,bg_mean,-254.00011054138395,-360.0369046562728,-149.1594383255403,72,72,72,72,,5000,5000,1.0,3021694564,20260901
s_last,per_class,all,3,boat,micro,target_median,36.982724701148875,-154.54206098070796,233.32596487552536,69,72,69,72,,5000,5000,1.0,3021694564,20260901
s_last,per_class,all,3,boat,micro,other_fg_median,-270.983332676046,-502.7139387887716,-47.52447939932376,17,72,17,72,,5000,5000,1.0,3021694564,20260901
s_last,per_class,all,3,boat,micro,bg_median,26.35253325021929,-60.58466926649626,115.03270463701338,72,72,72,72,,5000,5000,1.0,3021694564,20260901
s_last,per_class,all,3,boat,micro,spatial_mass_target,0.4305253575245708,0.3194142472413353,0.5416364694635241,72,72,72,72,,5000,5000,1.0,3021694564,20260901
s_last,per_class,all,3,boat,micro,spatial_mass_other_fg,0.08333333333333333,0.027777777777777776,0.1527777777777778,72,72,72,72,,5000,5000,1.0,3021694564,20260901
s_last,per_class,all,3,boat,micro,spatial_mass_background,0.44447464287213023,0.33333333425976336,0.5555857531305972,72,72,72,72,,5000,5000,1.0,3021694564,20260901
s_last,per_class,all,4,bottle,micro,target_hit,0.25,0.16666666666666666,0.34375,96,96,96,96,,5000,5000,1.0,3021694564,20260901
s_last,per_class,all,4,bottle,micro,other_fg_hit,0.3020833333333333,0.21875,0.3958333333333333,96,96,96,96,,5000,5000,1.0,3021694564,20260901
s_last,per_class,all,4,bottle,micro,background_hit,0.4479166666666667,0.3541666666666667,0.5520833333333334,96,96,96,96,,5000,5000,1.0,3021694564,20260901
s_last,per_class,all,4,bottle,micro,target_top05_fraction,0.2619241705747686,0.19133982872930644,0.3344703961057241,96,96,96,96,,5000,5000,1.0,3021694564,20260901
s_last,per_class,all,4,bottle,micro,other_fg_top05_fraction,0.3198816470871198,0.24916660449095093,0.39704271234390465,96,96,96,96,,5000,5000,1.0,3021694564,20260901
s_last,per_class,all,4,bottle,micro,bg_top05_fraction,0.4173702910125756,0.34531829771392486,0.4888295093622185,96,96,96,96,,5000,5000,1.0,3021694564,20260901
s_last,per_class,all,4,bottle,micro,target_tail_enrich_05,2.0104418577632717,1.3918215617570837,2.762182113934451,87,96,87,96,,5000,5000,1.0,3021694564,20260901
s_last,per_class,all,4,bottle,micro,other_fg_tail_enrich_05,1.0846635392721895,0.8765133473168111,1.3277520307401647,60,96,60,96,,5000,5000,1.0,3021694564,20260901
s_last,per_class,all,4,bottle,micro,bg_tail_enrich_05,0.6948381477411049,0.586472067313042,0.8056655608880989,93,96,93,96,,5000,5000,1.0,3021694564,20260901
s_last,per_class,all,4,bottle,micro,target_top10_fraction,0.25503702786994215,0.18576889785422077,0.32641712650272686,96,96,96,96,,5000,5000,1.0,3021694564,20260901
s_last,per_class,all,4,bottle,micro,other_fg_top10_fraction,0.3206796123019756,0.25046365608278087,0.39582933404429377,96,96,96,96,,5000,5000,1.0,3021694564,20260901
s_last,per_class,all,4,bottle,micro,bg_top10_fraction,0.42360267194146894,0.35569833475866236,0.4915713305648939,96,96,96,96,,5000,5000,1.0,3021694564,20260901
s_last,per_class,all,4,bottle,micro,target_tail_enrich_10,1.7858042008655934,1.363814747814965,2.2644746492029437,87,96,87,96,,5000,5000,1.0,3021694564,20260901
s_last,per_class,all,4,bottle,micro,other_fg_tail_enrich_10,1.0993856351152471,0.9095050899325077,1.3202373806429626,60,96,60,96,,5000,5000,1.0,3021694564,20260901
s_last,per_class,all,4,bottle,micro,bg_tail_enrich_10,0.7091313613142813,0.6053497008613873,0.8126396940951648,93,96,93,96,,5000,5000,1.0,3021694564,20260901
s_last,per_class,all,4,bottle,micro,target_top20_fraction,0.24104429623395865,0.1749479317148136,0.3088618467553467,96,96,96,96,,5000,5000,1.0,3021694564,20260901
s_last,per_class,all,4,bottle,micro,other_fg_top20_fraction,0.32236377818474676,0.25538081091842724,0.39533570727648304,96,96,96,96,,5000,5000,1.0,3021694564,20260901
s_last,per_class,all,4,bottle,micro,bg_top20_fraction,0.4360507606489443,0.3703080117456485,0.5007270491311947,96,96,96,96,,5000,5000,1.0,3021694564,20260901
s_last,per_class,all,4,bottle,micro,target_tail_enrich_20,1.4730174388750676,1.203355949671962,1.7710185627152912,87,96,87,96,,5000,5000,1.0,3021694564,20260901
s_last,per_class,all,4,bottle,micro,other_fg_tail_enrich_20,1.0834590606776309,0.9448889294310842,1.2266724660343933,60,96,60,96,,5000,5000,1.0,3021694564,20260901
s_last,per_class,all,4,bottle,micro,bg_tail_enrich_20,0.7326237766231568,0.6392922241616634,0.827751494677801,93,96,93,96,,5000,5000,1.0,3021694564,20260901
s_last,per_class,all,4,bottle,micro,auc_target_bg,0.5948317387000813,0.5448115003930093,0.6469689712171842,84,96,84,96,,5000,5000,1.0,3021694564,20260901
s_last,per_class,all,4,bottle,micro,ap_target_bg,0.3157084284757599,0.25130009078388493,0.38328738992958933,84,96,84,96,,5000,5000,1.0,3021694564,20260901
s_last,per_class,all,4,bottle,micro,auc_target_other,0.5044726837775904,0.4230338787767687,0.5860591891992879,51,96,51,96,,5000,5000,1.0,3021694564,20260901
s_last,per_class,all,4,bottle,micro,ap_target_other,0.1958689363754874,0.13102366342580996,0.2686732921812704,51,96,51,96,,5000,5000,1.0,3021694564,20260901
s_last,per_class,all,4,bottle,micro,target_mean,53.66816947780745,-77.56800040164724,182.75191510222487,87,96,87,96,,5000,5000,1.0,3021694564,20260901
s_last,per_class,all,4,bottle,micro,other_fg_mean,-51.5502506532231,-157.52983721835113,48.930722261393356,60,96,60,96,,5000,5000,1.0,3021694564,20260901
s_last,per_class,all,4,bottle,micro,bg_mean,-260.99305926557565,-369.3008950677204,-161.67571125505438,93,96,93,96,,5000,5000,1.0,3021694564,20260901
s_last,per_class,all,4,bottle,micro,target_median,139.2589084896548,6.758287879318931,269.66180641576386,87,96,87,96,,5000,5000,1.0,3021694564,20260901
s_last,per_class,all,4,bottle,micro,other_fg_median,-19.011450843016306,-129.89810012258508,91.08490701067737,60,96,60,96,,5000,5000,1.0,3021694564,20260901
s_last,per_class,all,4,bottle,micro,bg_median,-149.6570584993529,-255.38039647269918,-60.615552644134105,93,96,93,96,,5000,5000,1.0,3021694564,20260901
s_last,per_class,all,4,bottle,micro,spatial_mass_target,0.24018781949437648,0.15688053266794033,0.3235478629691289,96,96,96,96,,5000,5000,1.0,3021694564,20260901
s_last,per_class,all,4,bottle,micro,spatial_mass_other_fg,0.29169269804288334,0.20833334114300017,0.3854427198885407,96,96,96,96,,5000,5000,1.0,3021694564,20260901
s_last,per_class,all,4,bottle,micro,spatial_mass_background,0.4056187941677176,0.31186888548717695,0.5097854021315774,96,96,96,96,,5000,5000,1.0,3021694564,20260901
s_last,per_class,all,5,bus,micro,target_hit,0.3918918918918919,0.28378378378378377,0.5,74,74,74,74,,5000,5000,1.0,3021694564,20260901
s_last,per_class,all,5,bus,micro,other_fg_hit,0.06756756756756757,0.013513513513513514,0.13513513513513514,74,74,74,74,,5000,5000,1.0,3021694564,20260901
s_last,per_class,all,5,bus,micro,background_hit,0.527027027027027,0.4189189189189189,0.6486486486486487,74,74,74,74,,5000,5000,1.0,3021694564,20260901
s_last,per_class,all,5,bus,micro,target_top05_fraction,0.3960309691461897,0.31469358624408417,0.4754174016860716,74,74,74,74,,5000,5000,1.0,3021694564,20260901
s_last,per_class,all,5,bus,micro,other_fg_top05_fraction,0.04271596385750013,0.0150139792311734,0.07791920812102178,74,74,74,74,,5000,5000,1.0,3021694564,20260901
s_last,per_class,all,5,bus,micro,bg_top05_fraction,0.560204447526638,0.48285998638150135,0.638920847959788,74,74,74,74,,5000,5000,1.0,3021694564,20260901
s_last,per_class,all,5,bus,micro,target_tail_enrich_05,0.829373304601841,0.6338216850108048,1.0485052962086885,73,74,73,74,,5000,5000,1.0,3021694564,20260901
s_last,per_class,all,5,bus,micro,other_fg_tail_enrich_05,1.0808424985804412,0.4870437777427296,1.7548683446424673,34,74,34,74,,5000,5000,1.0,3021694564,20260901
s_last,per_class,all,5,bus,micro,bg_tail_enrich_05,1.38269327296333,1.1206149434812585,1.6980083282816925,74,74,74,74,,5000,5000,1.0,3021694564,20260901
s_last,per_class,all,5,bus,micro,target_top10_fraction,0.39557365696133556,0.3217913251749927,0.4685660931268027,74,74,74,74,,5000,5000,1.0,3021694564,20260901
s_last,per_class,all,5,bus,micro,other_fg_top10_fraction,0.02961001737493085,0.01147526309569182,0.05220942473033423,74,74,74,74,,5000,5000,1.0,3021694564,20260901
s_last,per_class,all,5,bus,micro,bg_top10_fraction,0.5734301511429821,0.500927933056514,0.6453332260676348,74,74,74,74,,5000,5000,1.0,3021694564,20260901
s_last,per_class,all,5,bus,micro,target_tail_enrich_10,0.847288941065967,0.6581747322763202,1.074143201135685,73,74,73,74,,5000,5000,1.0,3021694564,20260901
s_last,per_class,all,5,bus,micro,other_fg_tail_enrich_10,0.7171228819188797,0.38238551987012226,1.0845096034372244,34,74,34,74,,5000,5000,1.0,3021694564,20260901
s_last,per_class,all,5,bus,micro,bg_tail_enrich_10,1.3596823218887581,1.1585050545387345,1.5903806049030198,74,74,74,74,,5000,5000,1.0,3021694564,20260901
s_last,per_class,all,5,bus,micro,target_top20_fraction,0.39660137274273505,0.3279201929555947,0.4665140667821487,74,74,74,74,,5000,5000,1.0,3021694564,20260901
s_last,per_class,all,5,bus,micro,other_fg_top20_fraction,0.024679397005029215,0.010836008818704225,0.04115436321618041,74,74,74,74,,5000,5000,1.0,3021694564,20260901
s_last,per_class,all,5,bus,micro,bg_top20_fraction,0.577590796041037,0.5098324836395528,0.6447283123771369,74,74,74,74,,5000,5000,1.0,3021694564,20260901
s_last,per_class,all,5,bus,micro,target_tail_enrich_20,0.8992105570250126,0.7235735263313783,1.1106666172289112,73,74,73,74,,5000,5000,1.0,3021694564,20260901
s_last,per_class,all,5,bus,micro,other_fg_tail_enrich_20,0.5806829152193707,0.3541433713322997,0.8156733520401335,34,74,34,74,,5000,5000,1.0,3021694564,20260901
s_last,per_class,all,5,bus,micro,bg_tail_enrich_20,1.3028100839071122,1.1687761161884764,1.4484899105036058,74,74,74,74,,5000,5000,1.0,3021694564,20260901
s_last,per_class,all,5,bus,micro,auc_target_bg,0.4098677122808538,0.370059007844464,0.45109787766219944,73,74,73,74,,5000,5000,1.0,3021694564,20260901
s_last,per_class,all,5,bus,micro,ap_target_bg,0.47493836372468934,0.41280455215227996,0.5348030006098953,73,74,73,74,,5000,5000,1.0,3021694564,20260901
s_last,per_class,all,5,bus,micro,auc_target_other,0.6901802729717306,0.6198520916554419,0.7585018455338339,33,74,33,74,,5000,5000,1.0,3021694564,20260901
s_last,per_class,all,5,bus,micro,ap_target_other,0.8204829270819161,0.7196448860120219,0.9049651367956031,33,74,33,74,,5000,5000,1.0,3021694564,20260901
s_last,per_class,all,5,bus,micro,target_mean,67.88791682448567,-5.752898629589157,151.9041394156572,73,74,73,74,,5000,5000,1.0,3021694564,20260901
s_last,per_class,all,5,bus,micro,other_fg_mean,-220.91786610669078,-369.81040515161584,-79.1117863234187,34,74,34,74,,5000,5000,1.0,3021694564,20260901
s_last,per_class,all,5,bus,micro,bg_mean,184.78332775364257,133.22933671231445,235.0879533384089,74,74,74,74,,5000,5000,1.0,3021694564,20260901
s_last,per_class,all,5,bus,micro,target_median,213.42811002796643,154.97876515127317,283.71388194024826,73,74,73,74,,5000,5000,1.0,3021694564,20260901
s_last,per_class,all,5,bus,micro,other_fg_median,-227.18194241383497,-372.04413164330924,-95.95737168158804,34,74,34,74,,5000,5000,1.0,3021694564,20260901
s_last,per_class,all,5,bus,micro,bg_median,244.38339089058542,189.9646658842628,295.7187553976033,74,74,74,74,,5000,5000,1.0,3021694564,20260901
s_last,per_class,all,5,bus,micro,spatial_mass_target,0.39185548956330063,0.28374738145519246,0.49996359767141174,74,74,74,74,,5000,5000,1.0,3021694564,20260901
s_last,per_class,all,5,bus,micro,spatial_mass_other_fg,0.0675678283966369,0.013513774342582847,0.13513513513513514,74,74,74,74,,5000,5000,1.0,3021694564,20260901
s_last,per_class,all,5,bus,micro,spatial_mass_background,0.5000361386384513,0.3918916292891309,0.6216208435393669,74,74,74,74,,5000,5000,1.0,3021694564,20260901
s_last,per_class,all,6,car,micro,target_hit,0.23622047244094488,0.16535433070866143,0.31496062992125984,127,127,127,127,,5000,5000,1.0,3021694564,20260901
s_last,per_class,all,6,car,micro,other_fg_hit,0.25196850393700787,0.18110236220472442,0.32303149606298925,127,127,127,127,,5000,5000,1.0,3021694564,20260901
s_last,per_class,all,6,car,micro,background_hit,0.5118110236220472,0.4251968503937008,0.5984251968503937,127,127,127,127,,5000,5000,1.0,3021694564,20260901
s_last,per_class,all,6,car,micro,target_top05_fraction,0.2497375163351127,0.1881110502424738,0.3173004538283756,127,127,127,127,,5000,5000,1.0,3021694564,20260901
s_last,per_class,all,6,car,micro,other_fg_top05_fraction,0.22324228354980893,0.1674932361362635,0.28018057617572184,127,127,127,127,,5000,5000,1.0,3021694564,20260901
s_last,per_class,all,6,car,micro,bg_top05_fraction,0.5260104452615605,0.4572924185087773,0.5923121512761577,127,127,127,127,,5000,5000,1.0,3021694564,20260901
s_last,per_class,all,6,car,micro,target_tail_enrich_05,1.1885860062888227,0.8153204283916946,1.6743544784105218,113,127,113,127,,5000,5000,1.0,3021694564,20260901
s_last,per_class,all,6,car,micro,other_fg_tail_enrich_05,1.341219812247726,0.9764757689377304,1.7614025403795155,79,127,79,127,,5000,5000,1.0,3021694564,20260901
s_last,per_class,all,6,car,micro,bg_tail_enrich_05,0.9213552457999509,0.8011440550639438,1.048526474780687,127,127,127,127,,5000,5000,1.0,3021694564,20260901
s_last,per_class,all,6,car,micro,target_top10_fraction,0.25565794718238555,0.19579213883204405,0.3214773340002719,127,127,127,127,,5000,5000,1.0,3021694564,20260901
s_last,per_class,all,6,car,micro,other_fg_top10_fraction,0.21860332400400767,0.16462405873666766,0.2744457707333706,127,127,127,127,,5000,5000,1.0,3021694564,20260901
s_last,per_class,all,6,car,micro,bg_top10_fraction,0.5248274987939611,0.45895672669087967,0.5884136306831608,127,127,127,127,,5000,5000,1.0,3021694564,20260901
s_last,per_class,all,6,car,micro,target_tail_enrich_10,1.045689977494094,0.8071812336110357,1.3256180422181587,113,127,113,127,,5000,5000,1.0,3021694564,20260901
s_last,per_class,all,6,car,micro,other_fg_tail_enrich_10,1.2361465758081782,0.9436921368637357,1.5722375182493373,79,127,79,127,,5000,5000,1.0,3021694564,20260901
s_last,per_class,all,6,car,micro,bg_tail_enrich_10,0.8935567033031304,0.7890781237451173,0.9994515330748412,127,127,127,127,,5000,5000,1.0,3021694564,20260901
s_last,per_class,all,6,car,micro,target_top20_fraction,0.2627295880772874,0.20337059428586296,0.32812469636008773,127,127,127,127,,5000,5000,1.0,3021694564,20260901
s_last,per_class,all,6,car,micro,other_fg_top20_fraction,0.20510476595625138,0.15530944536728583,0.25635091702635054,127,127,127,127,,5000,5000,1.0,3021694564,20260901
s_last,per_class,all,6,car,micro,bg_top20_fraction,0.5312013528699635,0.46995518235247263,0.5909751684740778,127,127,127,127,,5000,5000,1.0,3021694564,20260901
s_last,per_class,all,6,car,micro,target_tail_enrich_20,0.9860092798141734,0.8155781585111003,1.1647396584205552,113,127,113,127,,5000,5000,1.0,3021694564,20260901
s_last,per_class,all,6,car,micro,other_fg_tail_enrich_20,1.0467215217197996,0.8575339638905622,1.2522469755347754,79,127,79,127,,5000,5000,1.0,3021694564,20260901
s_last,per_class,all,6,car,micro,bg_tail_enrich_20,0.8793626047541959,0.7922954196390866,0.9652834278853181,127,127,127,127,,5000,5000,1.0,3021694564,20260901
s_last,per_class,all,6,car,micro,auc_target_bg,0.48541699000225075,0.4423533548463664,0.5263399338796386,113,127,113,127,,5000,5000,1.0,3021694564,20260901
s_last,per_class,all,6,car,micro,ap_target_bg,0.3371759147481461,0.27771447442540037,0.39993135105690925,113,127,113,127,,5000,5000,1.0,3021694564,20260901
s_last,per_class,all,6,car,micro,auc_target_other,0.47777658516176247,0.411547607400295,0.5440144742565818,66,127,66,127,,5000,5000,1.0,3021694564,20260901
s_last,per_class,all,6,car,micro,ap_target_other,0.38403285882430355,0.29681611096390953,0.4733560837847308,66,127,66,127,,5000,5000,1.0,3021694564,20260901
s_last,per_class,all,6,car,micro,target_mean,198.2083724695432,138.8682145294529,259.05056821957186,113,127,113,127,,5000,5000,1.0,3021694564,20260901
s_last,per_class,all,6,car,micro,other_fg_mean,41.3202172445276,-62.204032847037745,138.71236538774582,79,127,79,127,,5000,5000,1.0,3021694564,20260901
s_last,per_class,all,6,car,micro,bg_mean,109.21826196606237,36.930909499860874,172.00072695913119,127,127,127,127,,5000,5000,1.0,3021694564,20260901
s_last,per_class,all,6,car,micro,target_median,309.60509033751697,251.2369773326022,369.52011496436455,113,127,113,127,,5000,5000,1.0,3021694564,20260901
s_last,per_class,all,6,car,micro,other_fg_median,71.51601841479918,-32.45930758994746,169.39995767974298,79,127,79,127,,5000,5000,1.0,3021694564,20260901
s_last,per_class,all,6,car,micro,bg_median,203.6785254659146,155.4237779626403,249.50248578644292,127,127,127,127,,5000,5000,1.0,3021694564,20260901
s_last,per_class,all,6,car,micro,spatial_mass_target,0.2283060381650108,0.15743996916634204,0.3070394165771798,127,127,127,127,,5000,5000,1.0,3021694564,20260901
s_last,per_class,all,6,car,micro,spatial_mass_other_fg,0.24423100086898308,0.17325282528793765,0.31521613112703867,127,127,127,127,,5000,5000,1.0,3021694564,20260901
s_last,per_class,all,6,car,micro,spatial_mass_background,0.472359097903709,0.38587055700200573,0.5667024709606125,127,127,127,127,,5000,5000,1.0,3021694564,20260901
s_last,per_class,all,7,cat,micro,target_hit,0.7983193277310925,0.7226890756302521,0.865546218487395,119,119,119,119,,5000,5000,1.0,3021694564,20260901
s_last,per_class,all,7,cat,micro,other_fg_hit,0.05042016806722689,0.01680672268907563,0.09243697478991597,119,119,119,119,,5000,5000,1.0,3021694564,20260901
s_last,per_class,all,7,cat,micro,background_hit,0.15126050420168066,0.08403361344537816,0.2184873949579832,119,119,119,119,,5000,5000,1.0,3021694564,20260901
s_last,per_class,all,7,cat,micro,target_top05_fraction,0.7914514282017933,0.7370499065110192,0.8420502058003642,119,119,119,119,,5000,5000,1.0,3021694564,20260901
s_last,per_class,all,7,cat,micro,other_fg_top05_fraction,0.05503397214720289,0.028971794737024208,0.08451296647137,119,119,119,119,,5000,5000,1.0,3021694564,20260901
s_last,per_class,all,7,cat,micro,bg_top05_fraction,0.1528264397716673,0.11516846907161146,0.1949819884342292,119,119,119,119,,5000,5000,1.0,3021694564,20260901
s_last,per_class,all,7,cat,micro,target_tail_enrich_05,2.552999903531392,2.252281429376126,2.873943968135068,119,119,119,119,,5000,5000,1.0,3021694564,20260901
s_last,per_class,all,7,cat,micro,other_fg_tail_enrich_05,0.613815561772819,0.3420644468808111,0.9447045505214398,30,119,30,119,,5000,5000,1.0,3021694564,20260901
s_last,per_class,all,7,cat,micro,bg_tail_enrich_05,0.2683564046065365,0.20362587080024894,0.3367995719082791,113,119,113,119,,5000,5000,1.0,3021694564,20260901
s_last,per_class,all,7,cat,micro,target_top10_fraction,0.777653399430806,0.7236219231191003,0.8275641412363598,119,119,119,119,,5000,5000,1.0,3021694564,20260901
s_last,per_class,all,7,cat,micro,other_fg_top10_fraction,0.053844412448687276,0.029388929591378003,0.08117107907716474,119,119,119,119,,5000,5000,1.0,3021694564,20260901
s_last,per_class,all,7,cat,micro,bg_top10_fraction,0.1677244023447821,0.12957318220655845,0.20952854730478748,119,119,119,119,,5000,5000,1.0,3021694564,20260901
s_last,per_class,all,7,cat,micro,target_tail_enrich_10,2.39857418086183,2.1674998794928935,2.6407773515984476,119,119,119,119,,5000,5000,1.0,3021694564,20260901
s_last,per_class,all,7,cat,micro,other_fg_tail_enrich_10,0.5928673099097692,0.35988585709623716,0.8811271288542424,30,119,30,119,,5000,5000,1.0,3021694564,20260901
s_last,per_class,all,7,cat,micro,bg_tail_enrich_10,0.2843347330830706,0.2245775533422755,0.3483675684166921,113,119,113,119,,5000,5000,1.0,3021694564,20260901
s_last,per_class,all,7,cat,micro,target_top20_fraction,0.74005242176645,0.6847117435942497,0.79073868760892,119,119,119,119,,5000,5000,1.0,3021694564,20260901
s_last,per_class,all,7,cat,micro,other_fg_top20_fraction,0.05309630342102609,0.030592056957066075,0.07891177213249634,119,119,119,119,,5000,5000,1.0,3021694564,20260901
s_last,per_class,all,7,cat,micro,bg_top20_fraction,0.20640679409655854,0.1650399533736272,0.25177883881524266,119,119,119,119,,5000,5000,1.0,3021694564,20260901
s_last,per_class,all,7,cat,micro,target_tail_enrich_20,2.156275856463977,1.9969245211658153,2.3179632840044455,119,119,119,119,,5000,5000,1.0,3021694564,20260901
s_last,per_class,all,7,cat,micro,other_fg_tail_enrich_20,0.5784519711606156,0.38819324100317526,0.8015195847074555,30,119,30,119,,5000,5000,1.0,3021694564,20260901
s_last,per_class,all,7,cat,micro,bg_tail_enrich_20,0.3446167178880084,0.283157881866969,0.4103280815679097,113,119,113,119,,5000,5000,1.0,3021694564,20260901
s_last,per_class,all,7,cat,micro,auc_target_bg,0.8248617432499932,0.797953032040304,0.84950958778281,113,119,113,119,,5000,5000,1.0,3021694564,20260901
s_last,per_class,all,7,cat,micro,ap_target_bg,0.7446157110014401,0.6958176720696106,0.7896729652887832,113,119,113,119,,5000,5000,1.0,3021694564,20260901
s_last,per_class,all,7,cat,micro,auc_target_other,0.7874676331298097,0.7127763749265883,0.8495522262031804,30,119,30,119,,5000,5000,1.0,3021694564,20260901
s_last,per_class,all,7,cat,micro,ap_target_other,0.6235728088438217,0.5116803287287824,0.7334264108701836,30,119,30,119,,5000,5000,1.0,3021694564,20260901
s_last,per_class,all,7,cat,micro,target_mean,994.6371630510157,897.6805388097014,1088.642582416791,119,119,119,119,,5000,5000,1.0,3021694564,20260901
s_last,per_class,all,7,cat,micro,other_fg_mean,-236.65777122442796,-470.4039909159123,-54.25287638707143,30,119,30,119,,5000,5000,1.0,3021694564,20260901
s_last,per_class,all,7,cat,micro,bg_mean,-455.0545272303937,-588.2649786736054,-330.7537091665243,113,119,113,119,,5000,5000,1.0,3021694564,20260901
s_last,per_class,all,7,cat,micro,target_median,1189.5910938647614,1083.1408942615285,1295.8856284165581,119,119,119,119,,5000,5000,1.0,3021694564,20260901
s_last,per_class,all,7,cat,micro,other_fg_median,-182.6197421391805,-421.7740352678299,-6.4256476899440305,30,119,30,119,,5000,5000,1.0,3021694564,20260901
s_last,per_class,all,7,cat,micro,bg_median,-178.84639973213189,-304.2957421393087,-72.33258820036744,113,119,113,119,,5000,5000,1.0,3021694564,20260901
s_last,per_class,all,7,cat,micro,spatial_mass_target,0.7888076862038779,0.7131774280454312,0.8633296579999086,119,119,119,119,,5000,5000,1.0,3021694564,20260901
s_last,per_class,all,7,cat,micro,spatial_mass_other_fg,0.0431250787081847,0.009511633330033445,0.07895506805732551,119,119,119,119,,5000,5000,1.0,3021694564,20260901
s_last,per_class,all,7,cat,micro,spatial_mass_background,0.14285574247812347,0.07563025776244454,0.2100826387871123,119,119,119,119,,5000,5000,1.0,3021694564,20260901
s_last,per_class,all,8,chair,micro,target_hit,0.15447154471544716,0.0975609756097561,0.21951219512195122,123,123,123,123,,5000,5000,1.0,3021694564,20260901
s_last,per_class,all,8,chair,micro,other_fg_hit,0.4065040650406504,0.3170731707317073,0.4959349593495935,123,123,123,123,,5000,5000,1.0,3021694564,20260901
s_last,per_class,all,8,chair,micro,background_hit,0.42276422764227645,0.3333333333333333,0.5121951219512195,123,123,123,123,,5000,5000,1.0,3021694564,20260901
s_last,per_class,all,8,chair,micro,target_top05_fraction,0.1218136876546921,0.08535605168052114,0.16117796567456452,123,123,123,123,,5000,5000,1.0,3021694564,20260901
s_last,per_class,all,8,chair,micro,other_fg_top05_fraction,0.3411153647622914,0.28577739306801353,0.40086399593563754,123,123,123,123,,5000,5000,1.0,3021694564,20260901
s_last,per_class,all,8,chair,micro,bg_top05_fraction,0.5350970264820093,0.47574370591477694,0.5926434773865265,123,123,123,123,,5000,5000,1.0,3021694564,20260901
s_last,per_class,all,8,chair,micro,target_tail_enrich_05,1.332036442156516,0.8960818455889723,1.8162776772517157,112,123,112,123,,5000,5000,1.0,3021694564,20260901
s_last,per_class,all,8,chair,micro,other_fg_tail_enrich_05,1.7312994441697702,1.3652394850586225,2.157800247866174,107,123,107,123,,5000,5000,1.0,3021694564,20260901
s_last,per_class,all,8,chair,micro,bg_tail_enrich_05,0.8909229918293491,0.7889462561327736,1.0015710055103029,122,123,122,123,,5000,5000,1.0,3021694564,20260901
s_last,per_class,all,8,chair,micro,target_top10_fraction,0.1173246079195345,0.08442180914997424,0.15347882088626655,123,123,123,123,,5000,5000,1.0,3021694564,20260901
s_last,per_class,all,8,chair,micro,other_fg_top10_fraction,0.32030842300856394,0.2688153386564894,0.37418339803527445,123,123,123,123,,5000,5000,1.0,3021694564,20260901
s_last,per_class,all,8,chair,micro,bg_top10_fraction,0.5600877435593867,0.5061033218625629,0.6135723663361645,123,123,123,123,,5000,5000,1.0,3021694564,20260901
s_last,per_class,all,8,chair,micro,target_tail_enrich_10,1.2775289441102247,0.9530820373477645,1.6456359682494508,112,123,112,123,,5000,5000,1.0,3021694564,20260901
s_last,per_class,all,8,chair,micro,other_fg_tail_enrich_10,1.4987935649877346,1.2178796980018787,1.8286448671825393,107,123,107,123,,5000,5000,1.0,3021694564,20260901
s_last,per_class,all,8,chair,micro,bg_tail_enrich_10,0.959591683965399,0.8523275192407198,1.074025741782469,122,123,122,123,,5000,5000,1.0,3021694564,20260901
s_last,per_class,all,8,chair,micro,target_top20_fraction,0.11409592139512373,0.08283587619817508,0.1484971817167261,123,123,123,123,,5000,5000,1.0,3021694564,20260901
s_last,per_class,all,8,chair,micro,other_fg_top20_fraction,0.2968523810951827,0.25035120409546,0.34585873219933594,123,123,123,123,,5000,5000,1.0,3021694564,20260901
s_last,per_class,all,8,chair,micro,bg_top20_fraction,0.587365202592604,0.53773148907484,0.6381891870456142,123,123,123,123,,5000,5000,1.0,3021694564,20260901
s_last,per_class,all,8,chair,micro,target_tail_enrich_20,1.0634973630286644,0.853725736437325,1.2837473093882976,112,123,112,123,,5000,5000,1.0,3021694564,20260901
s_last,per_class,all,8,chair,micro,other_fg_tail_enrich_20,1.2887735834281313,1.1114776710480792,1.4922160259738568,107,123,107,123,,5000,5000,1.0,3021694564,20260901
s_last,per_class,all,8,chair,micro,bg_tail_enrich_20,1.0009094090099795,0.903647552528964,1.1080723968963313,122,123,122,123,,5000,5000,1.0,3021694564,20260901
s_last,per_class,all,8,chair,micro,auc_target_bg,0.4550453373976497,0.4128017233212979,0.4978927637145259,111,123,111,123,,5000,5000,1.0,3021694564,20260901
s_last,per_class,all,8,chair,micro,ap_target_bg,0.19688292993394252,0.15946796677937813,0.23756475082570286,111,123,111,123,,5000,5000,1.0,3021694564,20260901
s_last,per_class,all,8,chair,micro,auc_target_other,0.4546137783164883,0.40088486637198956,0.5075062161477604,96,123,96,123,,5000,5000,1.0,3021694564,20260901
s_last,per_class,all,8,chair,micro,ap_target_other,0.3306934160618707,0.2757011462740117,0.38657248323203297,96,123,96,123,,5000,5000,1.0,3021694564,20260901
s_last,per_class,all,8,chair,micro,target_mean,8.754219234465298,-79.31400148694334,109.94431050317976,112,123,112,123,,5000,5000,1.0,3021694564,20260901
s_last,per_class,all,8,chair,micro,other_fg_mean,-53.339368822907076,-135.73819343956166,25.595563979562172,107,123,107,123,,5000,5000,1.0,3021694564,20260901
s_last,per_class,all,8,chair,micro,bg_mean,-51.13081259970333,-99.25564115778967,3.079551117507212,122,123,122,123,,5000,5000,1.0,3021694564,20260901
s_last,per_class,all,8,chair,micro,target_median,30.035137610410207,-51.25197096227901,120.04522794648285,112,123,112,123,,5000,5000,1.0,3021694564,20260901
s_last,per_class,all,8,chair,micro,other_fg_median,-27.613118673039374,-114.07332239952109,54.38344832363346,107,123,107,123,,5000,5000,1.0,3021694564,20260901
s_last,per_class,all,8,chair,micro,bg_median,-5.676359946610497,-47.51864731971357,33.579505826105134,122,123,122,123,,5000,5000,1.0,3021694564,20260901
s_last,per_class,all,8,chair,micro,spatial_mass_target,0.13825441095938562,0.08134383955223548,0.20327273248630454,123,123,123,123,,5000,5000,1.0,3021694564,20260901
s_last,per_class,all,8,chair,micro,spatial_mass_other_fg,0.3667873011958827,0.284526713281866,0.45528451873034975,123,123,123,123,,5000,5000,1.0,3021694564,20260901
s_last,per_class,all,8,chair,micro,spatial_mass_background,0.3729374990350767,0.29071939158966503,0.4614293822919585,123,123,123,123,,5000,5000,1.0,3021694564,20260901
s_last,per_class,all,9,cow,micro,target_hit,0.2535211267605634,0.15492957746478872,0.352112676056338,71,71,71,71,,5000,5000,1.0,3021694564,20260901
s_last,per_class,all,9,cow,micro,other_fg_hit,0.056338028169014086,0.014084507042253521,0.11267605633802817,71,71,71,71,,5000,5000,1.0,3021694564,20260901
s_last,per_class,all,9,cow,micro,background_hit,0.6901408450704225,0.5774647887323944,0.7887323943661971,71,71,71,71,,5000,5000,1.0,3021694564,20260901
s_last,per_class,all,9,cow,micro,target_top05_fraction,0.20111932620980716,0.1359084308135893,0.2708812688407322,71,71,71,71,,5000,5000,1.0,3021694564,20260901
s_last,per_class,all,9,cow,micro,other_fg_top05_fraction,0.04535117348530334,0.010888323510963376,0.09037181332018461,71,71,71,71,,5000,5000,1.0,3021694564,20260901
s_last,per_class,all,9,cow,micro,bg_top05_fraction,0.7535295003048896,0.6788272455377721,0.8255921750816118,71,71,71,71,,5000,5000,1.0,3021694564,20260901
s_last,per_class,all,9,cow,micro,target_tail_enrich_05,0.3947034639912104,0.28411851435457286,0.5136606357446363,71,71,71,71,,5000,5000,1.0,3021694564,20260901
s_last,per_class,all,9,cow,micro,other_fg_tail_enrich_05,1.3757705084982106,0.376620026479631,2.6437255364616528,14,71,14,71,,5000,5000,1.0,3021694564,20260901
s_last,per_class,all,9,cow,micro,bg_tail_enrich_05,1.3008455804516197,1.1688887766773846,1.4473487581885094,71,71,71,71,,5000,5000,1.0,3021694564,20260901
s_last,per_class,all,9,cow,micro,target_top10_fraction,0.20958736358088698,0.14354743227064767,0.27886112540228153,71,71,71,71,,5000,5000,1.0,3021694564,20260901
s_last,per_class,all,9,cow,micro,other_fg_top10_fraction,0.039214247612840265,0.01055098028112865,0.07565685646186127,71,71,71,71,,5000,5000,1.0,3021694564,20260901
s_last,per_class,all,9,cow,micro,bg_top10_fraction,0.7510178182031669,0.6792844644594243,0.8206016792775407,71,71,71,71,,5000,5000,1.0,3021694564,20260901
s_last,per_class,all,9,cow,micro,target_tail_enrich_10,0.4153137381285053,0.3039354140049531,0.5343940184976446,71,71,71,71,,5000,5000,1.0,3021694564,20260901
s_last,per_class,all,9,cow,micro,other_fg_tail_enrich_10,1.0942518613417618,0.3751990154270626,2.017277593728904,14,71,14,71,,5000,5000,1.0,3021694564,20260901
s_last,per_class,all,9,cow,micro,bg_tail_enrich_10,1.2750935416784168,1.1597905290998518,1.399758727581374,71,71,71,71,,5000,5000,1.0,3021694564,20260901
s_last,per_class,all,9,cow,micro,target_top20_fraction,0.21351265253219406,0.14739607156592932,0.28253611124948086,71,71,71,71,,5000,5000,1.0,3021694564,20260901
s_last,per_class,all,9,cow,micro,other_fg_top20_fraction,0.03393957408306804,0.011997424013780825,0.060985546355274166,71,71,71,71,,5000,5000,1.0,3021694564,20260901
s_last,per_class,all,9,cow,micro,bg_top20_fraction,0.7524569055973686,0.6837006165754039,0.8190781517279031,71,71,71,71,,5000,5000,1.0,3021694564,20260901
s_last,per_class,all,9,cow,micro,target_tail_enrich_20,0.41712599085725266,0.31475120342375873,0.5260266514287384,71,71,71,71,,5000,5000,1.0,3021694564,20260901
s_last,per_class,all,9,cow,micro,other_fg_tail_enrich_20,0.8341968100186941,0.4121328449597429,1.340501255870202,14,71,14,71,,5000,5000,1.0,3021694564,20260901
s_last,per_class,all,9,cow,micro,bg_tail_enrich_20,1.2576241345394723,1.1609285127297357,1.3588343336986528,71,71,71,71,,5000,5000,1.0,3021694564,20260901
s_last,per_class,all,9,cow,micro,auc_target_bg,0.2908387835023551,0.2467407462311712,0.33643964616294086,71,71,71,71,,5000,5000,1.0,3021694564,20260901
s_last,per_class,all,9,cow,micro,ap_target_bg,0.30429760372163905,0.24333567090204336,0.36860995731426494,71,71,71,71,,5000,5000,1.0,3021694564,20260901
s_last,per_class,all,9,cow,micro,auc_target_other,0.4324058704850246,0.2734888731276996,0.6009251197126841,14,71,14,71,,5000,5000,1.0,3021694564,20260901
s_last,per_class,all,9,cow,micro,ap_target_other,0.49272927703556174,0.33555245212753837,0.6643077849933607,14,71,14,71,,5000,5000,1.0,3021694564,20260901
s_last,per_class,all,9,cow,micro,target_mean,-826.2252087974646,-906.6093319402488,-748.3644981064198,71,71,71,71,,5000,5000,1.0,3021694564,20260901
s_last,per_class,all,9,cow,micro,other_fg_mean,-515.8773569811035,-791.95643021129,-267.08598678658615,14,71,14,71,,5000,5000,1.0,3021694564,20260901
s_last,per_class,all,9,cow,micro,bg_mean,-477.1594138306595,-577.5766328034845,-377.6832052724947,71,71,71,71,,5000,5000,1.0,3021694564,20260901
s_last,per_class,all,9,cow,micro,target_median,-756.9949983408753,-834.028262146426,-683.9564207318804,71,71,71,71,,5000,5000,1.0,3021694564,20260901
s_last,per_class,all,9,cow,micro,other_fg_median,-442.558260338647,-666.1067730358669,-227.9070480176809,14,71,14,71,,5000,5000,1.0,3021694564,20260901
s_last,per_class,all,9,cow,micro,bg_median,-362.85429677493136,-461.70948617407976,-268.0458689011319,71,71,71,71,,5000,5000,1.0,3021694564,20260901
s_last,per_class,all,9,cow,micro,spatial_mass_target,0.25351902684913763,0.15492957746478872,0.35211269001104667,71,71,71,71,,5000,5000,1.0,3021694564,20260901
s_last,per_class,all,9,cow,micro,spatial_mass_other_fg,0.05633802817040234,0.014084507042253521,0.11267605634080469,71,71,71,71,,5000,5000,1.0,3021694564,20260901
s_last,per_class,all,9,cow,micro,spatial_mass_background,0.676056328674085,0.5633802840890855,0.7746478914048814,71,71,71,71,,5000,5000,1.0,3021694564,20260901
s_last,per_class,all,10,diningtable,micro,target_hit,0.26666666666666666,0.17333333333333334,0.37333333333333335,75,75,75,75,,5000,5000,1.0,3021694564,20260901
s_last,per_class,all,10,diningtable,micro,other_fg_hit,0.48,0.37333333333333335,0.5866666666666667,75,75,75,75,,5000,5000,1.0,3021694564,20260901
s_last,per_class,all,10,diningtable,micro,background_hit,0.25333333333333335,0.16,0.36,75,75,75,75,,5000,5000,1.0,3021694564,20260901
s_last,per_class,all,10,diningtable,micro,target_top05_fraction,0.27606137736323483,0.21148277214449812,0.3445319850980841,75,75,75,75,,5000,5000,1.0,3021694564,20260901
s_last,per_class,all,10,diningtable,micro,other_fg_top05_fraction,0.38848719568224205,0.3150041369149728,0.463925622672991,75,75,75,75,,5000,5000,1.0,3021694564,20260901
s_last,per_class,all,10,diningtable,micro,bg_top05_fraction,0.334749672568558,0.2702152866110683,0.3973184180445403,75,75,75,75,,5000,5000,1.0,3021694564,20260901
s_last,per_class,all,10,diningtable,micro,target_tail_enrich_05,1.6634054460499088,1.1993423303087443,2.256709075446669,73,75,73,75,,5000,5000,1.0,3021694564,20260901
s_last,per_class,all,10,diningtable,micro,other_fg_tail_enrich_05,1.4449689153200767,1.1802838969753757,1.7339470304946265,70,75,70,75,,5000,5000,1.0,3021694564,20260901
s_last,per_class,all,10,diningtable,micro,bg_tail_enrich_05,0.723082914800216,0.5690323230920115,0.8999054574939295,73,75,73,75,,5000,5000,1.0,3021694564,20260901
s_last,per_class,all,10,diningtable,micro,target_top10_fraction,0.28670596789324104,0.22326111286789266,0.35226210712992617,75,75,75,75,,5000,5000,1.0,3021694564,20260901
s_last,per_class,all,10,diningtable,micro,other_fg_top10_fraction,0.35332392741499985,0.28647336428514825,0.42274670149016486,75,75,75,75,,5000,5000,1.0,3021694564,20260901
s_last,per_class,all,10,diningtable,micro,bg_top10_fraction,0.3592705095500588,0.2940325628147881,0.42183895223437734,75,75,75,75,,5000,5000,1.0,3021694564,20260901
s_last,per_class,all,10,diningtable,micro,target_tail_enrich_10,1.5781704127086527,1.2142120391466626,1.9958043607884741,73,75,73,75,,5000,5000,1.0,3021694564,20260901
s_last,per_class,all,10,diningtable,micro,other_fg_tail_enrich_10,1.2737831542191576,1.0687499695250964,1.480059001419427,70,75,70,75,,5000,5000,1.0,3021694564,20260901
s_last,per_class,all,10,diningtable,micro,bg_tail_enrich_10,0.7582759094692597,0.6203473894333926,0.9071362329930506,73,75,73,75,,5000,5000,1.0,3021694564,20260901
s_last,per_class,all,10,diningtable,micro,target_top20_fraction,0.2843508030653846,0.22471927510450102,0.3485640296560595,75,75,75,75,,5000,5000,1.0,3021694564,20260901
s_last,per_class,all,10,diningtable,micro,other_fg_top20_fraction,0.3363822445000526,0.2756822793764845,0.4006045290324215,75,75,75,75,,5000,5000,1.0,3021694564,20260901
s_last,per_class,all,10,diningtable,micro,bg_top20_fraction,0.3787422079423912,0.31730414751566094,0.4398700349908837,75,75,75,75,,5000,5000,1.0,3021694564,20260901
s_last,per_class,all,10,diningtable,micro,target_tail_enrich_20,1.5010696891168003,1.2446138039835961,1.7731059608640365,73,75,73,75,,5000,5000,1.0,3021694564,20260901
s_last,per_class,all,10,diningtable,micro,other_fg_tail_enrich_20,1.2042121646824986,1.023425535397475,1.3930514334735522,70,75,70,75,,5000,5000,1.0,3021694564,20260901
s_last,per_class,all,10,diningtable,micro,bg_tail_enrich_20,0.8012780956715434,0.6801852913625906,0.9299291586643229,73,75,73,75,,5000,5000,1.0,3021694564,20260901
s_last,per_class,all,10,diningtable,micro,auc_target_bg,0.6068684231209166,0.5626977197917425,0.6492874718226014,71,75,71,75,,5000,5000,1.0,3021694564,20260901
s_last,per_class,all,10,diningtable,micro,ap_target_bg,0.41689153251217687,0.35537761623192554,0.4786697663668465,71,75,71,75,,5000,5000,1.0,3021694564,20260901
s_last,per_class,all,10,diningtable,micro,auc_target_other,0.5437356096613453,0.4917072223063192,0.5982793737138186,68,75,68,75,,5000,5000,1.0,3021694564,20260901
s_last,per_class,all,10,diningtable,micro,ap_target_other,0.4665525661902014,0.4037018563431734,0.5306776749819891,68,75,68,75,,5000,5000,1.0,3021694564,20260901
s_last,per_class,all,10,diningtable,micro,target_mean,74.41705204927749,-18.714159094665145,172.25750449601875,73,75,73,75,,5000,5000,1.0,3021694564,20260901
s_last,per_class,all,10,diningtable,micro,other_fg_mean,105.49866692695271,26.4547770677667,205.21693430303247,70,75,70,75,,5000,5000,1.0,3021694564,20260901
s_last,per_class,all,10,diningtable,micro,bg_mean,74.36052771888848,-26.43778623967255,191.565419252357,73,75,73,75,,5000,5000,1.0,3021694564,20260901
s_last,per_class,all,10,diningtable,micro,target_median,113.3629386718959,25.573513385911784,199.0987634401878,73,75,73,75,,5000,5000,1.0,3021694564,20260901
s_last,per_class,all,10,diningtable,micro,other_fg_median,78.78471988950457,4.663628062273899,165.24489563483422,70,75,70,75,,5000,5000,1.0,3021694564,20260901
s_last,per_class,all,10,diningtable,micro,bg_median,87.949182518541,-0.8676749869177005,193.39920705933523,73,75,73,75,,5000,5000,1.0,3021694564,20260901
s_last,per_class,all,10,diningtable,micro,spatial_mass_target,0.26255459845106555,0.1692212571307098,0.36922123169307025,75,75,75,75,,5000,5000,1.0,3021694564,20260901
s_last,per_class,all,10,diningtable,micro,spatial_mass_other_fg,0.4396333345302501,0.3329666662714494,0.546664174418112,75,75,75,75,,5000,5000,1.0,3021694564,20260901
s_last,per_class,all,10,diningtable,micro,spatial_mass_background,0.24447871992784048,0.15150956828736872,0.34666664718999707,75,75,75,75,,5000,5000,1.0,3021694564,20260901
s_last,per_class,all,11,dog,micro,target_hit,0.640625,0.5546875,0.7265625,128,128,128,128,,5000,5000,1.0,3021694564,20260901
s_last,per_class,all,11,dog,micro,other_fg_hit,0.140625,0.0859375,0.203125,128,128,128,128,,5000,5000,1.0,3021694564,20260901
s_last,per_class,all,11,dog,micro,background_hit,0.21875,0.1484375,0.2890625,128,128,128,128,,5000,5000,1.0,3021694564,20260901
s_last,per_class,all,11,dog,micro,target_top05_fraction,0.580326199814259,0.5160316118963671,0.6483473570745162,128,128,128,128,,5000,5000,1.0,3021694564,20260901
s_last,per_class,all,11,dog,micro,other_fg_top05_fraction,0.11539749549103989,0.07157400351813387,0.16604936557162092,128,128,128,128,,5000,5000,1.0,3021694564,20260901
s_last,per_class,all,11,dog,micro,bg_top05_fraction,0.3040809921947012,0.24686372664364356,0.3611525115036823,128,128,128,128,,5000,5000,1.0,3021694564,20260901
s_last,per_class,all,11,dog,micro,target_tail_enrich_05,2.1693939843592607,1.8065789376307213,2.575444806912857,128,128,128,128,,5000,5000,1.0,3021694564,20260901
s_last,per_class,all,11,dog,micro,other_fg_tail_enrich_05,1.2329998977177457,0.8735052678131757,1.6165564758320123,43,128,43,128,,5000,5000,1.0,3021694564,20260901
s_last,per_class,all,11,dog,micro,bg_tail_enrich_05,0.5077484373765886,0.41408923081421045,0.6068673397848331,124,128,124,128,,5000,5000,1.0,3021694564,20260901
s_last,per_class,all,11,dog,micro,target_top10_fraction,0.5462076879138854,0.4836687402991237,0.6106255950133157,128,128,128,128,,5000,5000,1.0,3021694564,20260901
s_last,per_class,all,11,dog,micro,other_fg_top10_fraction,0.11242676739789617,0.07066857613211414,0.1596351808649293,128,128,128,128,,5000,5000,1.0,3021694564,20260901
s_last,per_class,all,11,dog,micro,bg_top10_fraction,0.3408646433126396,0.28525138821507506,0.3968301376344145,128,128,128,128,,5000,5000,1.0,3021694564,20260901
s_last,per_class,all,11,dog,micro,target_tail_enrich_10,1.9118698053461063,1.6445267523837708,2.2099233024314437,128,128,128,128,,5000,5000,1.0,3021694564,20260901
s_last,per_class,all,11,dog,micro,other_fg_tail_enrich_10,1.2194387476250725,0.903896822523084,1.5577682163275965,43,128,43,128,,5000,5000,1.0,3021694564,20260901
s_last,per_class,all,11,dog,micro,bg_tail_enrich_10,0.5607070296470661,0.4744265097688468,0.6482461714077121,124,128,124,128,,5000,5000,1.0,3021694564,20260901
s_last,per_class,all,11,dog,micro,target_top20_fraction,0.4954445866531126,0.43690334384634444,0.5552748162076963,128,128,128,128,,5000,5000,1.0,3021694564,20260901
s_last,per_class,all,11,dog,micro,other_fg_top20_fraction,0.10368641329566222,0.06632209182642333,0.145850345742374,128,128,128,128,,5000,5000,1.0,3021694564,20260901
s_last,per_class,all,11,dog,micro,bg_top20_fraction,0.40041596207210645,0.34518217913011817,0.4561433943420196,128,128,128,128,,5000,5000,1.0,3021694564,20260901
s_last,per_class,all,11,dog,micro,target_tail_enrich_20,1.6050032991390764,1.428502250089246,1.7952754579515462,128,128,128,128,,5000,5000,1.0,3021694564,20260901
s_last,per_class,all,11,dog,micro,other_fg_tail_enrich_20,1.057390735493135,0.8290029390548418,1.2988234838972803,43,128,43,128,,5000,5000,1.0,3021694564,20260901
s_last,per_class,all,11,dog,micro,bg_tail_enrich_20,0.6625431622131346,0.5846567902901612,0.7417752168001012,124,128,124,128,,5000,5000,1.0,3021694564,20260901
s_last,per_class,all,11,dog,micro,auc_target_bg,0.6197061543051244,0.5796797482931686,0.65990034834834,124,128,124,128,,5000,5000,1.0,3021694564,20260901
s_last,per_class,all,11,dog,micro,ap_target_bg,0.5346472718590083,0.4853547048159013,0.5862711779564163,124,128,124,128,,5000,5000,1.0,3021694564,20260901
s_last,per_class,all,11,dog,micro,auc_target_other,0.5678503371226219,0.4918635485477751,0.6433851670874351,43,128,43,128,,5000,5000,1.0,3021694564,20260901
s_last,per_class,all,11,dog,micro,ap_target_other,0.5447944341223404,0.4509088302382253,0.6409073379237495,43,128,43,128,,5000,5000,1.0,3021694564,20260901
s_last,per_class,all,11,dog,micro,target_mean,477.739816456132,384.5798054563867,566.9946881426044,128,128,128,128,,5000,5000,1.0,3021694564,20260901
s_last,per_class,all,11,dog,micro,other_fg_mean,180.32989086701315,14.807725142215293,323.5428431723478,43,128,43,128,,5000,5000,1.0,3021694564,20260901
s_last,per_class,all,11,dog,micro,bg_mean,134.68098662879024,59.509308312433454,204.07336040039442,124,128,124,128,,5000,5000,1.0,3021694564,20260901
s_last,per_class,all,11,dog,micro,target_median,591.5802243892103,501.49401539899407,678.2789693980011,128,128,128,128,,5000,5000,1.0,3021694564,20260901
s_last,per_class,all,11,dog,micro,other_fg_median,271.68278867144915,124.59989268222412,401.22474644683933,43,128,43,128,,5000,5000,1.0,3021694564,20260901
s_last,per_class,all,11,dog,micro,bg_median,308.8832808406122,237.9217680161981,374.4696434938791,124,128,124,128,,5000,5000,1.0,3021694564,20260901
s_last,per_class,all,11,dog,micro,spatial_mass_target,0.6289667616996621,0.5462187251908595,0.7113699338296114,128,128,128,128,,5000,5000,1.0,3021694564,20260901
s_last,per_class,all,11,dog,micro,spatial_mass_other_fg,0.1328125,0.078125,0.1953125,128,128,128,128,,5000,5000,1.0,3021694564,20260901
s_last,per_class,all,11,dog,micro,spatial_mass_background,0.21453624632412677,0.1474387393829015,0.2882898868978831,128,128,128,128,,5000,5000,1.0,3021694564,20260901
s_last,per_class,all,12,horse,micro,target_hit,0.379746835443038,0.27848101265822783,0.4936708860759494,79,79,79,79,,5000,5000,1.0,3021694564,20260901
s_last,per_class,all,12,horse,micro,other_fg_hit,0.11392405063291139,0.05063291139240506,0.189873417721519,79,79,79,79,,5000,5000,1.0,3021694564,20260901
s_last,per_class,all,12,horse,micro,background_hit,0.5063291139240507,0.3924050632911392,0.620253164556962,79,79,79,79,,5000,5000,1.0,3021694564,20260901
s_last,per_class,all,12,horse,micro,target_top05_fraction,0.3351278365435595,0.26638496084615343,0.4105627695996616,79,79,79,79,,5000,5000,1.0,3021694564,20260901
s_last,per_class,all,12,horse,micro,other_fg_top05_fraction,0.08497407749572972,0.04782275222231918,0.1274207263110494,79,79,79,79,,5000,5000,1.0,3021694564,20260901
s_last,per_class,all,12,horse,micro,bg_top05_fraction,0.5789243761262415,0.503772094110202,0.6528647870311761,79,79,79,79,,5000,5000,1.0,3021694564,20260901
s_last,per_class,all,12,horse,micro,target_tail_enrich_05,1.0435722481219096,0.864456350081503,1.248584678920024,77,79,77,79,,5000,5000,1.0,3021694564,20260901
s_last,per_class,all,12,horse,micro,other_fg_tail_enrich_05,2.062335334289532,1.618525015592253,2.5070803322584725,34,79,34,79,,5000,5000,1.0,3021694564,20260901
s_last,per_class,all,12,horse,micro,bg_tail_enrich_05,0.8054859115019397,0.7159208090705926,0.8915446335730185,79,79,79,79,,5000,5000,1.0,3021694564,20260901
s_last,per_class,all,12,horse,micro,target_top10_fraction,0.33656160745886937,0.2706194529074451,0.4068916681409713,79,79,79,79,,5000,5000,1.0,3021694564,20260901
s_last,per_class,all,12,horse,micro,other_fg_top10_fraction,0.06714833676034856,0.03829490895185662,0.1000428410282364,79,79,79,79,,5000,5000,1.0,3021694564,20260901
s_last,per_class,all,12,horse,micro,bg_top10_fraction,0.5951456305857238,0.5231333368426484,0.6652414833371334,79,79,79,79,,5000,5000,1.0,3021694564,20260901
s_last,per_class,all,12,horse,micro,target_tail_enrich_10,1.0654902953673602,0.9110965895213715,1.2313916251965074,77,79,77,79,,5000,5000,1.0,3021694564,20260901
s_last,per_class,all,12,horse,micro,other_fg_tail_enrich_10,1.6501771660064257,1.273065531542399,2.034898053100417,34,79,34,79,,5000,5000,1.0,3021694564,20260901
s_last,per_class,all,12,horse,micro,bg_tail_enrich_10,0.8392616072698476,0.7580505638046863,0.9173798000304487,79,79,79,79,,5000,5000,1.0,3021694564,20260901
s_last,per_class,all,12,horse,micro,target_top20_fraction,0.33681677449319647,0.27456656426995496,0.40289927583022095,79,79,79,79,,5000,5000,1.0,3021694564,20260901
s_last,per_class,all,12,horse,micro,other_fg_top20_fraction,0.05031063069426986,0.0289259343707219,0.07519062266987182,79,79,79,79,,5000,5000,1.0,3021694564,20260901
s_last,per_class,all,12,horse,micro,bg_top20_fraction,0.6121370434440713,0.544715651030089,0.6774949196016755,79,79,79,79,,5000,5000,1.0,3021694564,20260901
s_last,per_class,all,12,horse,micro,target_tail_enrich_20,1.0698624233776937,0.9342138420990561,1.2155968679981084,77,79,77,79,,5000,5000,1.0,3021694564,20260901
s_last,per_class,all,12,horse,micro,other_fg_tail_enrich_20,1.25751706952774,0.9868962564354958,1.5413783158962502,34,79,34,79,,5000,5000,1.0,3021694564,20260901
s_last,per_class,all,12,horse,micro,bg_tail_enrich_20,0.8761413980139312,0.8072560134327836,0.9418992503681856,79,79,79,79,,5000,5000,1.0,3021694564,20260901
s_last,per_class,all,12,horse,micro,auc_target_bg,0.5623641682291344,0.5225348971147685,0.6013917368204041,77,79,77,79,,5000,5000,1.0,3021694564,20260901
s_last,per_class,all,12,horse,micro,ap_target_bg,0.3814625509362259,0.3247126329105732,0.44020555740300826,77,79,77,79,,5000,5000,1.0,3021694564,20260901
s_last,per_class,all,12,horse,micro,auc_target_other,0.5661892065798293,0.5108014125333799,0.6221183186821718,33,79,33,79,,5000,5000,1.0,3021694564,20260901
s_last,per_class,all,12,horse,micro,ap_target_other,0.7528104600998371,0.6864702988832355,0.8106464974052054,33,79,33,79,,5000,5000,1.0,3021694564,20260901
s_last,per_class,all,12,horse,micro,target_mean,-9.648258435696652,-102.07599338768073,87.42514538674973,77,79,77,79,,5000,5000,1.0,3021694564,20260901
s_last,per_class,all,12,horse,micro,other_fg_mean,-179.68162810277497,-310.28342125678233,-54.38411419243227,34,79,34,79,,5000,5000,1.0,3021694564,20260901
s_last,per_class,all,12,horse,micro,bg_mean,-244.6866692071584,-351.5699796285964,-144.45599740387968,79,79,79,79,,5000,5000,1.0,3021694564,20260901
s_last,per_class,all,12,horse,micro,target_median,68.2712198039154,-18.169617428249374,161.52986234799155,77,79,77,79,,5000,5000,1.0,3021694564,20260901
s_last,per_class,all,12,horse,micro,other_fg_median,-72.14169003682979,-204.2615226677959,50.32189613482242,34,79,34,79,,5000,5000,1.0,3021694564,20260901
s_last,per_class,all,12,horse,micro,bg_median,-95.86154510854166,-192.0204131688121,-6.297808902399574,79,79,79,79,,5000,5000,1.0,3021694564,20260901
s_last,per_class,all,12,horse,micro,spatial_mass_target,0.35398398355630445,0.25271816111893713,0.45569620287908835,79,79,79,79,,5000,5000,1.0,3021694564,20260901
s_last,per_class,all,12,horse,micro,spatial_mass_other_fg,0.11422774391366729,0.0506329113924054,0.19017711100227472,79,79,79,79,,5000,5000,1.0,3021694564,20260901
s_last,per_class,all,12,horse,micro,spatial_mass_background,0.5064718166864587,0.39269047030543286,0.620253164556962,79,79,79,79,,5000,5000,1.0,3021694564,20260901
s_last,per_class,all,13,motorbike,micro,target_hit,0.19736842105263158,0.11842105263157894,0.2894736842105263,76,76,76,76,,5000,5000,1.0,3021694564,20260901
s_last,per_class,all,13,motorbike,micro,other_fg_hit,0.14473684210526316,0.06578947368421052,0.2236842105263158,76,76,76,76,,5000,5000,1.0,3021694564,20260901
s_last,per_class,all,13,motorbike,micro,background_hit,0.6578947368421053,0.5526315789473685,0.7631578947368421,76,76,76,76,,5000,5000,1.0,3021694564,20260901
s_last,per_class,all,13,motorbike,micro,target_top05_fraction,0.2479355777638732,0.19633374004801918,0.30283252855188436,76,76,76,76,,5000,5000,1.0,3021694564,20260901
s_last,per_class,all,13,motorbike,micro,other_fg_top05_fraction,0.14494707908733484,0.09772277399428797,0.1975015779577505,76,76,76,76,,5000,5000,1.0,3021694564,20260901
s_last,per_class,all,13,motorbike,micro,bg_top05_fraction,0.6061051973998038,0.5386729368083755,0.6724839696421394,76,76,76,76,,5000,5000,1.0,3021694564,20260901
s_last,per_class,all,13,motorbike,micro,target_tail_enrich_05,0.8568525040973395,0.6912993061435584,1.0291480757349438,75,76,75,76,,5000,5000,1.0,3021694564,20260901
s_last,per_class,all,13,motorbike,micro,other_fg_tail_enrich_05,1.5072205449234122,1.0631406991775083,2.022513128174098,52,76,52,76,,5000,5000,1.0,3021694564,20260901
s_last,per_class,all,13,motorbike,micro,bg_tail_enrich_05,1.0419890067304307,0.924586247268293,1.1728146867188338,76,76,76,76,,5000,5000,1.0,3021694564,20260901
s_last,per_class,all,13,motorbike,micro,target_top10_fraction,0.26108499208561575,0.21103463983064896,0.3149328193818716,76,76,76,76,,5000,5000,1.0,3021694564,20260901
s_last,per_class,all,13,motorbike,micro,other_fg_top10_fraction,0.12930289844094833,0.08657356185939395,0.17657808240223852,76,76,76,76,,5000,5000,1.0,3021694564,20260901
s_last,per_class,all,13,motorbike,micro,bg_top10_fraction,0.6084268911829546,0.5426960542909091,0.6736829921505514,76,76,76,76,,5000,5000,1.0,3021694564,20260901
s_last,per_class,all,13,motorbike,micro,target_tail_enrich_10,0.8832699536038285,0.7358208553162539,1.038764691102797,75,76,75,76,,5000,5000,1.0,3021694564,20260901
s_last,per_class,all,13,motorbike,micro,other_fg_tail_enrich_10,1.267975866693888,0.9109771880503664,1.6798585600275415,52,76,52,76,,5000,5000,1.0,3021694564,20260901
s_last,per_class,all,13,motorbike,micro,bg_tail_enrich_10,1.0353127219798768,0.9219520235710186,1.1564729973927974,76,76,76,76,,5000,5000,1.0,3021694564,20260901
s_last,per_class,all,13,motorbike,micro,target_top20_fraction,0.2661048456260992,0.2181161207109939,0.31710682064685336,76,76,76,76,,5000,5000,1.0,3021694564,20260901
s_last,per_class,all,13,motorbike,micro,other_fg_top20_fraction,0.11418382797172794,0.07719887139264292,0.15451884848281228,76,76,76,76,,5000,5000,1.0,3021694564,20260901
s_last,per_class,all,13,motorbike,micro,bg_top20_fraction,0.619030527014692,0.5563870090605216,0.6799757586186473,76,76,76,76,,5000,5000,1.0,3021694564,20260901
s_last,per_class,all,13,motorbike,micro,target_tail_enrich_20,0.8929750398185018,0.7576605622557518,1.0356770615824498,75,76,75,76,,5000,5000,1.0,3021694564,20260901
s_last,per_class,all,13,motorbike,micro,other_fg_tail_enrich_20,1.0496972908329665,0.8065361224691641,1.3029565663805982,52,76,52,76,,5000,5000,1.0,3021694564,20260901
s_last,per_class,all,13,motorbike,micro,bg_tail_enrich_20,1.0462762107029402,0.9515572726388444,1.1453919007530768,76,76,76,76,,5000,5000,1.0,3021694564,20260901
s_last,per_class,all,13,motorbike,micro,auc_target_bg,0.43358675417283754,0.39116333611386356,0.474754183575766,75,76,75,76,,5000,5000,1.0,3021694564,20260901
s_last,per_class,all,13,motorbike,micro,ap_target_bg,0.3440789263578044,0.29562438139781894,0.3944336123852007,75,76,75,76,,5000,5000,1.0,3021694564,20260901
s_last,per_class,all,13,motorbike,micro,auc_target_other,0.5193712340189278,0.4636423490785106,0.5731613510034249,51,76,51,76,,5000,5000,1.0,3021694564,20260901
s_last,per_class,all,13,motorbike,micro,ap_target_other,0.6401424390997207,0.570555305872884,0.7072241405946281,51,76,51,76,,5000,5000,1.0,3021694564,20260901
s_last,per_class,all,13,motorbike,micro,target_mean,16.92514902599604,-91.90237447978294,126.13944815109289,75,76,75,76,,5000,5000,1.0,3021694564,20260901
s_last,per_class,all,13,motorbike,micro,other_fg_mean,139.25841137938215,-13.7935652330473,283.4409487427062,52,76,52,76,,5000,5000,1.0,3021694564,20260901
s_last,per_class,all,13,motorbike,micro,bg_mean,162.2734226528681,80.35701871362902,242.55206171806222,76,76,76,76,,5000,5000,1.0,3021694564,20260901
s_last,per_class,all,13,motorbike,micro,target_median,211.22142086029052,107.76445494186557,314.7382085555478,75,76,75,76,,5000,5000,1.0,3021694564,20260901
s_last,per_class,all,13,motorbike,micro,other_fg_median,234.59333097476227,99.39958559609296,369.55854027612054,52,76,52,76,,5000,5000,1.0,3021694564,20260901
s_last,per_class,all,13,motorbike,micro,bg_median,328.2078270786687,262.0700488557941,393.64533944600504,76,76,76,76,,5000,5000,1.0,3021694564,20260901
s_last,per_class,all,13,motorbike,micro,spatial_mass_target,0.19761565933026876,0.118420632262416,0.2897207123033372,76,76,76,76,,5000,5000,1.0,3021694564,20260901
s_last,per_class,all,13,motorbike,micro,spatial_mass_other_fg,0.14473605312806392,0.06578947368433805,0.22368421052634382,76,76,76,76,,5000,5000,1.0,3021694564,20260901
s_last,per_class,all,13,motorbike,micro,spatial_mass_background,0.6181736240361452,0.5126630334865363,0.7236842098278542,76,76,76,76,,5000,5000,1.0,3021694564,20260901
s_last,per_class,all,14,person,micro,target_hit,0.5235955056179775,0.4764044943820225,0.5707865168539326,445,445,445,445,,5000,5000,1.0,3021694564,20260901
s_last,per_class,all,14,person,micro,other_fg_hit,0.18651685393258427,0.15280898876404495,0.2247191011235955,445,445,445,445,,5000,5000,1.0,3021694564,20260901
s_last,per_class,all,14,person,micro,background_hit,0.2853932584269663,0.24488764044943823,0.32808988764044944,445,445,445,445,,5000,5000,1.0,3021694564,20260901
s_last,per_class,all,14,person,micro,target_top05_fraction,0.4352686637734625,0.399341308459698,0.4719331748801658,445,445,445,445,,5000,5000,1.0,3021694564,20260901
s_last,per_class,all,14,person,micro,other_fg_top05_fraction,0.19907156374234003,0.17542434753253985,0.22470259814700974,445,445,445,445,,5000,5000,1.0,3021694564,20260901
s_last,per_class,all,14,person,micro,bg_top05_fraction,0.36460242134922977,0.3330751731532766,0.39449358566919807,445,445,445,445,,5000,5000,1.0,3021694564,20260901
s_last,per_class,all,14,person,micro,target_tail_enrich_05,2.0961299785128165,1.9074967061201833,2.287533436361922,413,445,413,445,,5000,5000,1.0,3021694564,20260901
s_last,per_class,all,14,person,micro,other_fg_tail_enrich_05,1.2769619771013756,1.0643604643070796,1.510874491150425,373,445,373,445,,5000,5000,1.0,3021694564,20260901
s_last,per_class,all,14,person,micro,bg_tail_enrich_05,0.6344244134900787,0.5659684996925639,0.7121341545350921,441,445,441,445,,5000,5000,1.0,3021694564,20260901
s_last,per_class,all,14,person,micro,target_top10_fraction,0.39745202444484945,0.36386102151797955,0.43202593689123187,445,445,445,445,,5000,5000,1.0,3021694564,20260901
s_last,per_class,all,14,person,micro,other_fg_top10_fraction,0.21006386253428694,0.18663734148948743,0.234863776881281,445,445,445,445,,5000,5000,1.0,3021694564,20260901
s_last,per_class,all,14,person,micro,bg_top10_fraction,0.39154677808568966,0.3609428305723241,0.42061487706999817,445,445,445,445,,5000,5000,1.0,3021694564,20260901
s_last,per_class,all,14,person,micro,target_tail_enrich_10,1.79673166532958,1.663106400357028,1.9345255811313729,413,445,413,445,,5000,5000,1.0,3021694564,20260901
s_last,per_class,all,14,person,micro,other_fg_tail_enrich_10,1.2290686912805024,1.0907827634639955,1.3741812694452513,373,445,373,445,,5000,5000,1.0,3021694564,20260901
s_last,per_class,all,14,person,micro,bg_tail_enrich_10,0.6700656994844313,0.6143287124397542,0.7260016565004939,441,445,441,445,,5000,5000,1.0,3021694564,20260901
s_last,per_class,all,14,person,micro,target_top20_fraction,0.349873916775655,0.318886967667044,0.3823440545162261,445,445,445,445,,5000,5000,1.0,3021694564,20260901
s_last,per_class,all,14,person,micro,other_fg_top20_fraction,0.21379269847969656,0.19052873697279235,0.23720009869132833,445,445,445,445,,5000,5000,1.0,3021694564,20260901
s_last,per_class,all,14,person,micro,bg_top20_fraction,0.4355268561723368,0.4062010675019606,0.46379097821037724,445,445,445,445,,5000,5000,1.0,3021694564,20260901
s_last,per_class,all,14,person,micro,target_tail_enrich_20,1.4548636537214221,1.3630067192763342,1.5470385849317794,413,445,413,445,,5000,5000,1.0,3021694564,20260901
s_last,per_class,all,14,person,micro,other_fg_tail_enrich_20,1.1429788044951732,1.0478098622286969,1.2445277908705443,373,445,373,445,,5000,5000,1.0,3021694564,20260901
s_last,per_class,all,14,person,micro,bg_tail_enrich_20,0.7315212623348147,0.6871760832650567,0.7766056552972638,441,445,441,445,,5000,5000,1.0,3021694564,20260901
s_last,per_class,all,14,person,micro,auc_target_bg,0.5840604279056673,0.563586274701858,0.6046282810956618,409,445,409,445,,5000,5000,1.0,3021694564,20260901
s_last,per_class,all,14,person,micro,ap_target_bg,0.4383879047582579,0.40934899775821637,0.46797525792201905,409,445,409,445,,5000,5000,1.0,3021694564,20260901
s_last,per_class,all,14,person,micro,auc_target_other,0.5232369756430494,0.49628977058298607,0.5492646406520659,343,445,343,445,,5000,5000,1.0,3021694564,20260901
s_last,per_class,all,14,person,micro,ap_target_other,0.5364852993344094,0.5002650517139375,0.5724555491650339,343,445,343,445,,5000,5000,1.0,3021694564,20260901
s_last,per_class,all,14,person,micro,target_mean,393.15396055064264,345.3023437974549,441.1753315819004,413,445,413,445,,5000,5000,1.0,3021694564,20260901
s_last,per_class,all,14,person,micro,other_fg_mean,154.1313723039335,89.04487681610446,216.3226473042821,373,445,373,445,,5000,5000,1.0,3021694564,20260901
s_last,per_class,all,14,person,micro,bg_mean,23.391655716255453,-19.390083308705993,65.65919800575298,441,445,441,445,,5000,5000,1.0,3021694564,20260901
s_last,per_class,all,14,person,micro,target_median,439.5746284779206,391.8286178739828,488.8681305988269,413,445,413,445,,5000,5000,1.0,3021694564,20260901
s_last,per_class,all,14,person,micro,other_fg_median,246.43471513804417,184.6360127931593,305.1683077080659,373,445,373,445,,5000,5000,1.0,3021694564,20260901
s_last,per_class,all,14,person,micro,bg_median,156.7053013603602,120.04194773999274,192.8700079204452,441,445,441,445,,5000,5000,1.0,3021694564,20260901
s_last,per_class,all,14,person,micro,spatial_mass_target,0.5020236365036428,0.45609034459831194,0.5482600126893783,445,445,445,445,,5000,5000,1.0,3021694564,20260901
s_last,per_class,all,14,person,micro,spatial_mass_other_fg,0.17643061690411974,0.14309939130623436,0.21337576835843006,445,445,445,445,,5000,5000,1.0,3021694564,20260901
s_last,per_class,all,14,person,micro,spatial_mass_background,0.2586005169241056,0.2188757402913992,0.29916287481439247,445,445,445,445,,5000,5000,1.0,3021694564,20260901
s_last,per_class,all,15,pottedplant,micro,target_hit,0.3058823529411765,0.21176470588235294,0.4,85,85,85,85,,5000,5000,1.0,3021694564,20260901
s_last,per_class,all,15,pottedplant,micro,other_fg_hit,0.24705882352941178,0.16470588235294117,0.3411764705882353,85,85,85,85,,5000,5000,1.0,3021694564,20260901
s_last,per_class,all,15,pottedplant,micro,background_hit,0.4470588235294118,0.3411764705882353,0.5529411764705883,85,85,85,85,,5000,5000,1.0,3021694564,20260901
s_last,per_class,all,15,pottedplant,micro,target_top05_fraction,0.2932872185230369,0.21497657746506116,0.3752584199179968,85,85,85,85,,5000,5000,1.0,3021694564,20260901
s_last,per_class,all,15,pottedplant,micro,other_fg_top05_fraction,0.23379214624160904,0.17373514536810725,0.2987715019383944,85,85,85,85,,5000,5000,1.0,3021694564,20260901
s_last,per_class,all,15,pottedplant,micro,bg_top05_fraction,0.471839975698812,0.3967858173527892,0.5455881553720219,85,85,85,85,,5000,5000,1.0,3021694564,20260901
s_last,per_class,all,15,pottedplant,micro,target_tail_enrich_05,3.6243353868412624,2.6763339049624184,4.6762908217465124,68,85,68,85,,5000,5000,1.0,3021694564,20260901
s_last,per_class,all,15,pottedplant,micro,other_fg_tail_enrich_05,1.3354676773525584,1.0105055220377461,1.7028792932275176,60,85,60,85,,5000,5000,1.0,3021694564,20260901
s_last,per_class,all,15,pottedplant,micro,bg_tail_enrich_05,0.6537431229336446,0.5543440060920193,0.7555573282183995,85,85,85,85,,5000,5000,1.0,3021694564,20260901
s_last,per_class,all,15,pottedplant,micro,target_top10_fraction,0.27548799098919663,0.20002146731293038,0.3540373430580247,85,85,85,85,,5000,5000,1.0,3021694564,20260901
s_last,per_class,all,15,pottedplant,micro,other_fg_top10_fraction,0.22453403477624037,0.16889044688196528,0.2843249088245434,85,85,85,85,,5000,5000,1.0,3021694564,20260901
s_last,per_class,all,15,pottedplant,micro,bg_top10_fraction,0.4989370101421285,0.4251696465100166,0.5696003156321142,85,85,85,85,,5000,5000,1.0,3021694564,20260901
s_last,per_class,all,15,pottedplant,micro,target_tail_enrich_10,2.932573976695728,2.3243856773656324,3.568400706611853,68,85,68,85,,5000,5000,1.0,3021694564,20260901
s_last,per_class,all,15,pottedplant,micro,other_fg_tail_enrich_10,1.2573464124440812,0.9898866800588704,1.5555732940980276,60,85,60,85,,5000,5000,1.0,3021694564,20260901
s_last,per_class,all,15,pottedplant,micro,bg_tail_enrich_10,0.6921935920142451,0.5951693952216441,0.7927868245430401,85,85,85,85,,5000,5000,1.0,3021694564,20260901
s_last,per_class,all,15,pottedplant,micro,target_top20_fraction,0.24502058629339185,0.1753624936578678,0.319036969341049,85,85,85,85,,5000,5000,1.0,3021694564,20260901
s_last,per_class,all,15,pottedplant,micro,other_fg_top20_fraction,0.21661958473401446,0.16414870046993735,0.2720889253111027,85,85,85,85,,5000,5000,1.0,3021694564,20260901
s_last,per_class,all,15,pottedplant,micro,bg_top20_fraction,0.5377496796098181,0.468200112828527,0.603746079490162,85,85,85,85,,5000,5000,1.0,3021694564,20260901
s_last,per_class,all,15,pottedplant,micro,target_tail_enrich_20,2.323519622285983,1.9967800112367295,2.650177064610471,68,85,68,85,,5000,5000,1.0,3021694564,20260901
s_last,per_class,all,15,pottedplant,micro,other_fg_tail_enrich_20,1.1860352915972732,0.9690386153451052,1.4124458576954824,60,85,60,85,,5000,5000,1.0,3021694564,20260901
s_last,per_class,all,15,pottedplant,micro,bg_tail_enrich_20,0.7506284840623815,0.6576679240462251,0.8442153109351815,85,85,85,85,,5000,5000,1.0,3021694564,20260901
s_last,per_class,all,15,pottedplant,micro,auc_target_bg,0.7216825847693158,0.6742088458336626,0.766501067769093,68,85,68,85,,5000,5000,1.0,3021694564,20260901
s_last,per_class,all,15,pottedplant,micro,ap_target_bg,0.38427924588246937,0.3102243540622896,0.46265131859308484,68,85,68,85,,5000,5000,1.0,3021694564,20260901
s_last,per_class,all,15,pottedplant,micro,auc_target_other,0.6581175579224712,0.5807202399545027,0.7306200199054708,44,85,44,85,,5000,5000,1.0,3021694564,20260901
s_last,per_class,all,15,pottedplant,micro,ap_target_other,0.383024411594913,0.28550774925385164,0.4841124785269098,44,85,44,85,,5000,5000,1.0,3021694564,20260901
s_last,per_class,all,15,pottedplant,micro,target_mean,576.9224385057759,433.2655619340032,736.762399888693,68,85,68,85,,5000,5000,1.0,3021694564,20260901
s_last,per_class,all,15,pottedplant,micro,other_fg_mean,-17.902036392026538,-137.70349174774003,92.06173987495986,60,85,60,85,,5000,5000,1.0,3021694564,20260901
s_last,per_class,all,15,pottedplant,micro,bg_mean,-45.958813961241226,-128.08138487220464,30.16021204599735,85,85,85,85,,5000,5000,1.0,3021694564,20260901
s_last,per_class,all,15,pottedplant,micro,target_median,618.9615857566105,475.87600860216725,779.2467719185321,68,85,68,85,,5000,5000,1.0,3021694564,20260901
s_last,per_class,all,15,pottedplant,micro,other_fg_median,-31.549798286954562,-162.8996194252043,93.33189545488126,60,85,60,85,,5000,5000,1.0,3021694564,20260901
s_last,per_class,all,15,pottedplant,micro,bg_median,14.302526934006634,-48.698284511145424,71.1597935596634,85,85,85,85,,5000,5000,1.0,3021694564,20260901
s_last,per_class,all,15,pottedplant,micro,spatial_mass_target,0.24115564647842855,0.15294117576935715,0.3294117640046512,85,85,85,85,,5000,5000,1.0,3021694564,20260901
s_last,per_class,all,15,pottedplant,micro,spatial_mass_other_fg,0.23763360524948604,0.15163981632392923,0.3317070995358317,85,85,85,85,,5000,5000,1.0,3021694564,20260901
s_last,per_class,all,15,pottedplant,micro,spatial_mass_background,0.3577057504787368,0.2590279940581888,0.4588680862860694,85,85,85,85,,5000,5000,1.0,3021694564,20260901
s_last,per_class,all,16,sheep,micro,target_hit,0.47368421052631576,0.3508771929824561,0.5964912280701754,57,57,57,57,,5000,5000,1.0,3021694564,20260901
s_last,per_class,all,16,sheep,micro,other_fg_hit,0.017543859649122806,0.0,0.05263157894736842,57,57,57,57,,5000,5000,1.0,3021694564,20260901
s_last,per_class,all,16,sheep,micro,background_hit,0.49122807017543857,0.367982456140351,0.6140350877192983,57,57,57,57,,5000,5000,1.0,3021694564,20260901
s_last,per_class,all,16,sheep,micro,target_top05_fraction,0.3099853597776035,0.22882382009113308,0.3983075971355057,57,57,57,57,,5000,5000,1.0,3021694564,20260901
s_last,per_class,all,16,sheep,micro,other_fg_top05_fraction,0.009553235315008167,0.0,0.02343916471340294,57,57,57,57,,5000,5000,1.0,3021694564,20260901
s_last,per_class,all,16,sheep,micro,bg_top05_fraction,0.6795498818352004,0.5929178969691437,0.7602900692616761,57,57,57,57,,5000,5000,1.0,3021694564,20260901
s_last,per_class,all,16,sheep,micro,target_tail_enrich_05,0.945146427649775,0.707232041452886,1.1993213254340802,57,57,57,57,,5000,5000,1.0,3021694564,20260901
s_last,per_class,all,16,sheep,micro,other_fg_tail_enrich_05,0.8119264507316124,0.0,1.860450404832275,5,57,5,57,,5000,4971,0.9942,3021694564,20260901
s_last,per_class,all,16,sheep,micro,bg_tail_enrich_05,0.9387155384159992,0.8365572399860923,1.0374123048037052,57,57,57,57,,5000,5000,1.0,3021694564,20260901
s_last,per_class,all,16,sheep,micro,target_top10_fraction,0.27862564245887644,0.2040355410217607,0.3596300866837175,57,57,57,57,,5000,5000,1.0,3021694564,20260901
s_last,per_class,all,16,sheep,micro,other_fg_top10_fraction,0.009121149702867154,0.0,0.02147406302530956,57,57,57,57,,5000,5000,1.0,3021694564,20260901
s_last,per_class,all,16,sheep,micro,bg_top10_fraction,0.7117914473764957,0.6327895926250093,0.7860263532907208,57,57,57,57,,5000,5000,1.0,3021694564,20260901
s_last,per_class,all,16,sheep,micro,target_tail_enrich_10,0.8540539862761181,0.6346813381407628,1.0971434946662149,57,57,57,57,,5000,5000,1.0,3021694564,20260901
s_last,per_class,all,16,sheep,micro,other_fg_tail_enrich_10,0.6620462213147785,0.0,1.3587255397926234,5,57,5,57,,5000,4971,0.9942,3021694564,20260901
s_last,per_class,all,16,sheep,micro,bg_tail_enrich_10,0.9922993080412494,0.8975712014348856,1.084517033401531,57,57,57,57,,5000,5000,1.0,3021694564,20260901
s_last,per_class,all,16,sheep,micro,target_top20_fraction,0.24599032681321545,0.17955785888837478,0.31823861694921324,57,57,57,57,,5000,5000,1.0,3021694564,20260901
s_last,per_class,all,16,sheep,micro,other_fg_top20_fraction,0.009526913488957846,0.0,0.02260989440773102,57,57,57,57,,5000,5000,1.0,3021694564,20260901
s_last,per_class,all,16,sheep,micro,bg_top20_fraction,0.7440262136066058,0.6727046788702761,0.8096522679889919,57,57,57,57,,5000,5000,1.0,3021694564,20260901
s_last,per_class,all,16,sheep,micro,target_tail_enrich_20,0.7259069921112768,0.5505157448291872,0.9183786275433892,57,57,57,57,,5000,5000,1.0,3021694564,20260901
s_last,per_class,all,16,sheep,micro,other_fg_tail_enrich_20,0.6059063228882343,0.0,1.1429709354272013,5,57,5,57,,5000,4971,0.9942,3021694564,20260901
s_last,per_class,all,16,sheep,micro,bg_tail_enrich_20,1.0508903169455723,0.9687278618776939,1.1303974646412063,57,57,57,57,,5000,5000,1.0,3021694564,20260901
s_last,per_class,all,16,sheep,micro,auc_target_bg,0.35912335252105243,0.3090389662383466,0.41004415487044,57,57,57,57,,5000,5000,1.0,3021694564,20260901
s_last,per_class,all,16,sheep,micro,ap_target_bg,0.28696531929261365,0.22838224769557988,0.34891834481393597,57,57,57,57,,5000,5000,1.0,3021694564,20260901
s_last,per_class,all,16,sheep,micro,auc_target_other,0.44442392821470894,0.15104053473361187,0.8282210401891252,5,57,5,57,,5000,4971,0.9942,3021694564,20260901
s_last,per_class,all,16,sheep,micro,ap_target_other,0.5389501850946137,0.16705340452283235,0.9463580395591618,5,57,5,57,,5000,4971,0.9942,3021694564,20260901
s_last,per_class,all,16,sheep,micro,target_mean,-524.2034460124439,-621.6087617383516,-423.36998966496526,57,57,57,57,,5000,5000,1.0,3021694564,20260901
s_last,per_class,all,16,sheep,micro,other_fg_mean,-282.22636703563563,-570.4188447762888,-41.34125402409297,5,57,5,57,,5000,4971,0.9942,3021694564,20260901
s_last,per_class,all,16,sheep,micro,bg_mean,-290.79533428505147,-360.0848232574044,-223.10269389099682,57,57,57,57,,5000,5000,1.0,3021694564,20260901
s_last,per_class,all,16,sheep,micro,target_median,-448.92375126219633,-545.7769396380374,-354.42626508076995,57,57,57,57,,5000,5000,1.0,3021694564,20260901
s_last,per_class,all,16,sheep,micro,other_fg_median,-248.10770416259766,-583.7719930013021,18.089374542236328,5,57,5,57,,5000,4971,0.9942,3021694564,20260901
s_last,per_class,all,16,sheep,micro,bg_median,-177.982364943153,-241.55284272944718,-117.53955086814733,57,57,57,57,,5000,5000,1.0,3021694564,20260901
s_last,per_class,all,16,sheep,micro,spatial_mass_target,0.4705788271882282,0.3454470022484682,0.596473106686146,57,57,57,57,,5000,5000,1.0,3021694564,20260901
s_last,per_class,all,16,sheep,micro,spatial_mass_other_fg,0.017543859649122806,0.0,0.05263157894736842,57,57,57,57,,5000,5000,1.0,3021694564,20260901
s_last,per_class,all,16,sheep,micro,spatial_mass_background,0.45924573036258953,0.33333314186419294,0.5851741179256272,57,57,57,57,,5000,5000,1.0,3021694564,20260901
s_last,per_class,all,17,sofa,micro,target_hit,0.26666666666666666,0.17777777777777778,0.35555555555555557,90,90,90,90,,5000,5000,1.0,3021694564,20260901
s_last,per_class,all,17,sofa,micro,other_fg_hit,0.3111111111111111,0.22194444444444453,0.4111111111111111,90,90,90,90,,5000,5000,1.0,3021694564,20260901
s_last,per_class,all,17,sofa,micro,background_hit,0.4222222222222222,0.32222222222222224,0.5222222222222223,90,90,90,90,,5000,5000,1.0,3021694564,20260901
s_last,per_class,all,17,sofa,micro,target_top05_fraction,0.29671529581101297,0.23162141424083496,0.36591166395900643,90,90,90,90,,5000,5000,1.0,3021694564,20260901
s_last,per_class,all,17,sofa,micro,other_fg_top05_fraction,0.22234615132770444,0.15664307964327318,0.29430982624711655,90,90,90,90,,5000,5000,1.0,3021694564,20260901
s_last,per_class,all,17,sofa,micro,bg_top05_fraction,0.4802651521878816,0.4104969950079599,0.5500453424424013,90,90,90,90,,5000,5000,1.0,3021694564,20260901
s_last,per_class,all,17,sofa,micro,target_tail_enrich_05,1.303103716075425,1.0308278002835973,1.5820421235571336,88,90,88,90,,5000,5000,1.0,3021694564,20260901
s_last,per_class,all,17,sofa,micro,other_fg_tail_enrich_05,1.3648088496444628,0.9672307516534276,1.8942809122806912,63,90,63,90,,5000,5000,1.0,3021694564,20260901
s_last,per_class,all,17,sofa,micro,bg_tail_enrich_05,0.7727016561917215,0.6594415605039544,0.8987880498374552,85,90,85,90,,5000,5000,1.0,3021694564,20260901
s_last,per_class,all,17,sofa,micro,target_top10_fraction,0.3060554433058852,0.24449544016640143,0.37069514767929945,90,90,90,90,,5000,5000,1.0,3021694564,20260901
s_last,per_class,all,17,sofa,micro,other_fg_top10_fraction,0.21199773231043595,0.1503462633880638,0.28049507174476473,90,90,90,90,,5000,5000,1.0,3021694564,20260901
s_last,per_class,all,17,sofa,micro,bg_top10_fraction,0.4808426155065267,0.415358273238246,0.5471191228187913,90,90,90,90,,5000,5000,1.0,3021694564,20260901
s_last,per_class,all,17,sofa,micro,target_tail_enrich_10,1.4147627060852979,1.1633057947919316,1.6763238486884828,88,90,88,90,,5000,5000,1.0,3021694564,20260901
s_last,per_class,all,17,sofa,micro,other_fg_tail_enrich_10,1.2347650044852099,0.9335829799531266,1.5969687506497594,63,90,63,90,,5000,5000,1.0,3021694564,20260901
s_last,per_class,all,17,sofa,micro,bg_tail_enrich_10,0.7746639835937957,0.6788450880930745,0.8757537611093801,85,90,85,90,,5000,5000,1.0,3021694564,20260901
s_last,per_class,all,17,sofa,micro,target_top20_fraction,0.3076675770363205,0.2503723812790086,0.3687576081494048,90,90,90,90,,5000,5000,1.0,3021694564,20260901
s_last,per_class,all,17,sofa,micro,other_fg_top20_fraction,0.19609138861968445,0.13935157089380237,0.2586383880247439,90,90,90,90,,5000,5000,1.0,3021694564,20260901
s_last,per_class,all,17,sofa,micro,bg_top20_fraction,0.49553170327994717,0.43239437794990776,0.5586017587387565,90,90,90,90,,5000,5000,1.0,3021694564,20260901
s_last,per_class,all,17,sofa,micro,target_tail_enrich_20,1.4069877086363487,1.1957491335866062,1.6186924573137655,88,90,88,90,,5000,5000,1.0,3021694564,20260901
s_last,per_class,all,17,sofa,micro,other_fg_tail_enrich_20,1.1251462159668522,0.9116254987894575,1.3582666227065163,63,90,63,90,,5000,5000,1.0,3021694564,20260901
s_last,per_class,all,17,sofa,micro,bg_tail_enrich_20,0.8048063055825465,0.7239925814856729,0.8861659379419946,85,90,85,90,,5000,5000,1.0,3021694564,20260901
s_last,per_class,all,17,sofa,micro,auc_target_bg,0.6050915698420527,0.5574544008528349,0.6506526828851197,83,90,83,90,,5000,5000,1.0,3021694564,20260901
s_last,per_class,all,17,sofa,micro,ap_target_bg,0.38361032964686254,0.3243522022091558,0.445630119172571,83,90,83,90,,5000,5000,1.0,3021694564,20260901
s_last,per_class,all,17,sofa,micro,auc_target_other,0.5695844967113409,0.496456905913572,0.6392933414050426,61,90,61,90,,5000,5000,1.0,3021694564,20260901
s_last,per_class,all,17,sofa,micro,ap_target_other,0.5624479561489842,0.48593041968393863,0.645552896105163,61,90,61,90,,5000,5000,1.0,3021694564,20260901
s_last,per_class,all,17,sofa,micro,target_mean,265.1452330167806,185.20664424268045,342.3268911254543,88,90,88,90,,5000,5000,1.0,3021694564,20260901
s_last,per_class,all,17,sofa,micro,other_fg_mean,-1.403280293272391,-169.16333177468695,130.55104569250665,63,90,63,90,,5000,5000,1.0,3021694564,20260901
s_last,per_class,all,17,sofa,micro,bg_mean,96.64043866635689,28.829328104144366,163.58758513559985,85,90,85,90,,5000,5000,1.0,3021694564,20260901
s_last,per_class,all,17,sofa,micro,target_median,289.26908996836704,212.16248409667713,363.0980857701125,88,90,88,90,,5000,5000,1.0,3021694564,20260901
s_last,per_class,all,17,sofa,micro,other_fg_median,-3.198175097268725,-196.14214657371187,144.22193952975422,63,90,63,90,,5000,5000,1.0,3021694564,20260901
s_last,per_class,all,17,sofa,micro,bg_median,144.12024304726543,91.63277833442056,197.3370919882831,85,90,85,90,,5000,5000,1.0,3021694564,20260901
s_last,per_class,all,17,sofa,micro,spatial_mass_target,0.2667133748524368,0.17782420264984994,0.3556959559102072,90,90,90,90,,5000,5000,1.0,3021694564,20260901
s_last,per_class,all,17,sofa,micro,spatial_mass_other_fg,0.2986170651643785,0.20440131954021493,0.3986170636501474,90,90,90,90,,5000,5000,1.0,3021694564,20260901
s_last,per_class,all,17,sofa,micro,spatial_mass_background,0.40133523405573635,0.3000002898614575,0.5032593581480944,90,90,90,90,,5000,5000,1.0,3021694564,20260901
s_last,per_class,all,18,train,micro,target_hit,0.42857142857142855,0.32142857142857145,0.5357142857142857,84,84,84,84,,5000,5000,1.0,3021694564,20260901
s_last,per_class,all,18,train,micro,other_fg_hit,0.047619047619047616,0.011904761904761904,0.09523809523809523,84,84,84,84,,5000,5000,1.0,3021694564,20260901
s_last,per_class,all,18,train,micro,background_hit,0.5238095238095238,0.4166666666666667,0.6309523809523809,84,84,84,84,,5000,5000,1.0,3021694564,20260901
s_last,per_class,all,18,train,micro,target_top05_fraction,0.3579970912207753,0.30047532042597824,0.41753539009295587,84,84,84,84,,5000,5000,1.0,3021694564,20260901
s_last,per_class,all,18,train,micro,other_fg_top05_fraction,0.027532238716449244,0.0021876271876271874,0.06482365100786153,84,84,84,84,,5000,5000,1.0,3021694564,20260901
s_last,per_class,all,18,train,micro,bg_top05_fraction,0.6141654197575249,0.5518877069123781,0.6767671950977873,84,84,84,84,,5000,5000,1.0,3021694564,20260901
s_last,per_class,all,18,train,micro,target_tail_enrich_05,1.0465735701398584,0.8564823951125876,1.260096799002934,84,84,84,84,,5000,5000,1.0,3021694564,20260901
s_last,per_class,all,18,train,micro,other_fg_tail_enrich_05,1.701270841669113,0.5864639009161134,2.855916679174604,10,84,10,84,,5000,5000,1.0,3021694564,20260901
s_last,per_class,all,18,train,micro,bg_tail_enrich_05,1.076209912948914,0.9721688691987425,1.181416469217078,83,84,83,84,,5000,5000,1.0,3021694564,20260901
s_last,per_class,all,18,train,micro,target_top10_fraction,0.3418082362589059,0.28926152894521473,0.3958850786887357,84,84,84,84,,5000,5000,1.0,3021694564,20260901
s_last,per_class,all,18,train,micro,other_fg_top10_fraction,0.024466138119535855,0.0018437538900087677,0.05928258060408056,84,84,84,84,,5000,5000,1.0,3021694564,20260901
s_last,per_class,all,18,train,micro,bg_top10_fraction,0.6331111085596729,0.5769047381426169,0.6908450184308184,84,84,84,84,,5000,5000,1.0,3021694564,20260901
s_last,per_class,all,18,train,micro,target_tail_enrich_10,0.9892536695257602,0.8331691613120349,1.1605294642016275,84,84,84,84,,5000,5000,1.0,3021694564,20260901
s_last,per_class,all,18,train,micro,other_fg_tail_enrich_10,1.346760828835421,0.45670204195206676,2.2996702483787046,10,84,10,84,,5000,5000,1.0,3021694564,20260901
s_last,per_class,all,18,train,micro,bg_tail_enrich_10,1.109662199709542,1.0178537979727507,1.202251893521508,83,84,83,84,,5000,5000,1.0,3021694564,20260901
s_last,per_class,all,18,train,micro,target_top20_fraction,0.3231995498247009,0.2745979814100275,0.37396766933167824,84,84,84,84,,5000,5000,1.0,3021694564,20260901
s_last,per_class,all,18,train,micro,other_fg_top20_fraction,0.018534702090094807,0.0015582918620379157,0.04497466113918656,84,84,84,84,,5000,5000,1.0,3021694564,20260901
s_last,per_class,all,18,train,micro,bg_top20_fraction,0.6577290594861219,0.6049429005610198,0.7103376866705842,84,84,84,84,,5000,5000,1.0,3021694564,20260901
s_last,per_class,all,18,train,micro,target_tail_enrich_20,0.8913846395555636,0.7789771685905277,1.0148518391815764,84,84,84,84,,5000,5000,1.0,3021694564,20260901
s_last,per_class,all,18,train,micro,other_fg_tail_enrich_20,1.0029551477716945,0.39918992691970884,1.6679570565594206,10,84,10,84,,5000,5000,1.0,3021694564,20260901
s_last,per_class,all,18,train,micro,bg_tail_enrich_20,1.147415895239762,1.0679806086047599,1.2292598803174322,83,84,83,84,,5000,5000,1.0,3021694564,20260901
s_last,per_class,all,18,train,micro,auc_target_bg,0.4413130559102273,0.411808157197262,0.47179418462732453,83,84,83,84,,5000,5000,1.0,3021694564,20260901
s_last,per_class,all,18,train,micro,ap_target_bg,0.37600150295697976,0.3333292616771809,0.4199324540413162,83,84,83,84,,5000,5000,1.0,3021694564,20260901
s_last,per_class,all,18,train,micro,auc_target_other,0.5125708622300477,0.3517975304955124,0.6892130546586274,10,84,10,84,,5000,5000,1.0,3021694564,20260901
s_last,per_class,all,18,train,micro,ap_target_other,0.722383101523272,0.5012396181800363,0.9291135996523471,10,84,10,84,,5000,5000,1.0,3021694564,20260901
s_last,per_class,all,18,train,micro,target_mean,-232.59510176239488,-309.67712756241343,-156.55752919180824,84,84,84,84,,5000,5000,1.0,3021694564,20260901
s_last,per_class,all,18,train,micro,other_fg_mean,-516.7402022534376,-962.1535634428014,-166.25070941465253,10,84,10,84,,5000,5000,1.0,3021694564,20260901
s_last,per_class,all,18,train,micro,bg_mean,-207.26958050009148,-284.182755959491,-131.75002479532137,83,84,83,84,,5000,5000,1.0,3021694564,20260901
s_last,per_class,all,18,train,micro,target_median,-116.05621239968708,-180.80383782840912,-49.88383392230387,84,84,84,84,,5000,5000,1.0,3021694564,20260901
s_last,per_class,all,18,train,micro,other_fg_median,-479.7093257904053,-1034.5129194842445,-97.43285290718096,10,84,10,84,,5000,5000,1.0,3021694564,20260901
s_last,per_class,all,18,train,micro,bg_median,27.231396266853952,-28.378780153549506,82.18490368355346,83,84,83,84,,5000,5000,1.0,3021694564,20260901
s_last,per_class,all,18,train,micro,spatial_mass_target,0.4166480942777411,0.3095232163536258,0.5237910864779941,84,84,84,84,,5000,5000,1.0,3021694564,20260901
s_last,per_class,all,18,train,micro,spatial_mass_other_fg,0.047619047619047616,0.011904761904761904,0.09523809523809523,84,84,84,84,,5000,5000,1.0,3021694564,20260901
s_last,per_class,all,18,train,micro,spatial_mass_background,0.5000197704314356,0.39287730797851206,0.6071612961207634,84,84,84,84,,5000,5000,1.0,3021694564,20260901
s_last,per_class,all,19,tvmonitor,micro,target_hit,0.44594594594594594,0.33783783783783783,0.5540540540540541,74,74,74,74,,5000,5000,1.0,3021694564,20260901
s_last,per_class,all,19,tvmonitor,micro,other_fg_hit,0.16216216216216217,0.08108108108108109,0.24324324324324326,74,74,74,74,,5000,5000,1.0,3021694564,20260901
s_last,per_class,all,19,tvmonitor,micro,background_hit,0.3918918918918919,0.28378378378378377,0.5,74,74,74,74,,5000,5000,1.0,3021694564,20260901
s_last,per_class,all,19,tvmonitor,micro,target_top05_fraction,0.444503237782043,0.36158769089556786,0.5334600983040705,74,74,74,74,,5000,5000,1.0,3021694564,20260901
s_last,per_class,all,19,tvmonitor,micro,other_fg_top05_fraction,0.13597302029023225,0.07889274039878594,0.19981410354987875,74,74,74,74,,5000,5000,1.0,3021694564,20260901
s_last,per_class,all,19,tvmonitor,micro,bg_top05_fraction,0.4184929033968863,0.3412624386477516,0.49472743934025926,74,74,74,74,,5000,5000,1.0,3021694564,20260901
s_last,per_class,all,19,tvmonitor,micro,target_tail_enrich_05,4.019035213949972,3.140852890936268,5.009728841536753,67,74,67,74,,5000,5000,1.0,3021694564,20260901
s_last,per_class,all,19,tvmonitor,micro,other_fg_tail_enrich_05,1.1724067499381248,0.7535994488543113,1.6397533252013878,37,74,37,74,,5000,5000,1.0,3021694564,20260901
s_last,per_class,all,19,tvmonitor,micro,bg_tail_enrich_05,0.5782856057658189,0.4803268458918669,0.6754004146146392,73,74,73,74,,5000,5000,1.0,3021694564,20260901
s_last,per_class,all,19,tvmonitor,micro,target_top10_fraction,0.41790794055540237,0.34006539851051626,0.49854330152675,74,74,74,74,,5000,5000,1.0,3021694564,20260901
s_last,per_class,all,19,tvmonitor,micro,other_fg_top10_fraction,0.12752825737391624,0.07430549838512206,0.1871116011315928,74,74,74,74,,5000,5000,1.0,3021694564,20260901
s_last,per_class,all,19,tvmonitor,micro,bg_top10_fraction,0.4526534931983472,0.3800938727538158,0.5241938007533665,74,74,74,74,,5000,5000,1.0,3021694564,20260901
s_last,per_class,all,19,tvmonitor,micro,target_tail_enrich_10,3.3007568814653614,2.714767443473079,3.9164047867543643,67,74,67,74,,5000,5000,1.0,3021694564,20260901
s_last,per_class,all,19,tvmonitor,micro,other_fg_tail_enrich_10,1.0217800441474503,0.6880924100710863,1.38768822843089,37,74,37,74,,5000,5000,1.0,3021694564,20260901
s_last,per_class,all,19,tvmonitor,micro,bg_tail_enrich_10,0.6094818512931302,0.5253555011544081,0.6939492423190072,73,74,73,74,,5000,5000,1.0,3021694564,20260901
s_last,per_class,all,19,tvmonitor,micro,target_top20_fraction,0.3675224791205871,0.2954271502391297,0.442324417335777,74,74,74,74,,5000,5000,1.0,3021694564,20260901
s_last,per_class,all,19,tvmonitor,micro,other_fg_top20_fraction,0.1164257060014641,0.06877070835459574,0.16955796326538972,74,74,74,74,,5000,5000,1.0,3021694564,20260901
s_last,per_class,all,19,tvmonitor,micro,bg_top20_fraction,0.5144897043318646,0.44821998121857476,0.5809357471242979,74,74,74,74,,5000,5000,1.0,3021694564,20260901
s_last,per_class,all,19,tvmonitor,micro,target_tail_enrich_20,2.498829058680601,2.1850957019153205,2.807589576234046,67,74,67,74,,5000,5000,1.0,3021694564,20260901
s_last,per_class,all,19,tvmonitor,micro,other_fg_tail_enrich_20,0.8727701670866237,0.6378792918661859,1.1085424998978888,37,74,37,74,,5000,5000,1.0,3021694564,20260901
s_last,per_class,all,19,tvmonitor,micro,bg_tail_enrich_20,0.7065875669202919,0.6306449329880781,0.7803624149869093,73,74,73,74,,5000,5000,1.0,3021694564,20260901
s_last,per_class,all,19,tvmonitor,micro,auc_target_bg,0.7548516588085387,0.7175019894496762,0.7908412356862581,66,74,66,74,,5000,5000,1.0,3021694564,20260901
s_last,per_class,all,19,tvmonitor,micro,ap_target_bg,0.4871197476743438,0.4200376602479934,0.5540117747511583,66,74,66,74,,5000,5000,1.0,3021694564,20260901
s_last,per_class,all,19,tvmonitor,micro,auc_target_other,0.7287048394239096,0.6323475146718839,0.8210446949915389,31,74,31,74,,5000,5000,1.0,3021694564,20260901
s_last,per_class,all,19,tvmonitor,micro,ap_target_other,0.6133751499033856,0.48011499631996185,0.7422197033968958,31,74,31,74,,5000,5000,1.0,3021694564,20260901
s_last,per_class,all,19,tvmonitor,micro,target_mean,871.504865637941,741.4579761142498,1005.7057862757309,67,74,67,74,,5000,5000,1.0,3021694564,20260901
s_last,per_class,all,19,tvmonitor,micro,other_fg_mean,-114.0054604944754,-241.67211411845824,6.056096608892602,37,74,37,74,,5000,5000,1.0,3021694564,20260901
s_last,per_class,all,19,tvmonitor,micro,bg_mean,72.99096101537245,-12.688181893698077,149.75189387876554,73,74,73,74,,5000,5000,1.0,3021694564,20260901
s_last,per_class,all,19,tvmonitor,micro,target_median,1028.7312907745588,868.8625749959265,1191.981239486647,67,74,67,74,,5000,5000,1.0,3021694564,20260901
s_last,per_class,all,19,tvmonitor,micro,other_fg_median,-103.19437185503743,-219.16756443717432,3.9720683451657015,37,74,37,74,,5000,5000,1.0,3021694564,20260901
s_last,per_class,all,19,tvmonitor,micro,bg_median,176.87600705803257,100.32104595967358,251.40847385631847,73,74,73,74,,5000,5000,1.0,3021694564,20260901
s_last,per_class,all,19,tvmonitor,micro,spatial_mass_target,0.4190329368154663,0.31081220897054856,0.52725370267566,74,74,74,74,,5000,5000,1.0,3021694564,20260901
s_last,per_class,all,19,tvmonitor,micro,spatial_mass_other_fg,0.1621859861188584,0.08112872899447039,0.24331471511332728,74,74,74,74,,5000,5000,1.0,3021694564,20260901
s_last,per_class,all,19,tvmonitor,micro,spatial_mass_background,0.37824124484477334,0.2701576674795556,0.48639240506963566,74,74,74,74,,5000,5000,1.0,3021694564,20260901
