relation,scope,stratum,class_id,class_name,aggregation,metric,estimate,ci_low,ci_high,num_images,num_images_total,num_rows,num_rows_total,num_classes,bootstrap_repeats,bootstrap_valid_repeats,bootstrap_valid_fraction,bootstrap_seed,bootstrap_base_seed
s_negmag,all_positive_classes,all,,,micro,target_hit,0.2710759198882161,0.2533014646792795,0.2894740000505344,1449,1449,2147,2147,,5000,5000,1.0,3021694564,20260901
s_negmag,all_positive_classes,all,,,micro,other_fg_hit,0.168141592920354,0.15143117713597043,0.18566941203627566,1449,1449,2147,2147,,5000,5000,1.0,3021694564,20260901
s_negmag,all_positive_classes,all,,,micro,background_hit,0.55985095482068,0.5335805261402485,0.5856876508482227,1449,1449,2147,2147,,5000,5000,1.0,3021694564,20260901
s_negmag,all_positive_classes,all,,,micro,target_top05_fraction,0.1989803474031149,0.18893029559286403,0.20940717151771937,1449,1449,2147,2147,,5000,5000,1.0,3021694564,20260901
s_negmag,all_positive_classes,all,,,micro,other_fg_top05_fraction,0.15329173476354113,0.14011999975510364,0.16639659262721665,1449,1449,2147,2147,,5000,5000,1.0,3021694564,20260901
s_negmag,all_positive_classes,all,,,micro,bg_top05_fraction,0.6474460560063027,0.6314615933934741,0.6634421165994298,1449,1449,2147,2147,,5000,5000,1.0,3021694564,20260901
s_negmag,all_positive_classes,all,,,micro,target_tail_enrich_05,0.9709885242337686,0.8976412560410578,1.0524162070632737,1441,1449,2031,2147,,5000,5000,1.0,3021694564,20260901
s_negmag,all_positive_classes,all,,,micro,other_fg_tail_enrich_05,1.4783701545603796,1.3504354803569922,1.6167150453377843,520,1449,1158,2147,,5000,5000,1.0,3021694564,20260901
s_negmag,all_positive_classes,all,,,micro,bg_tail_enrich_05,1.1207274913144931,1.0916171425056718,1.1512641331939175,1432,1449,2120,2147,,5000,5000,1.0,3021694564,20260901
s_negmag,all_positive_classes,all,,,micro,target_top10_fraction,0.20955244506165935,0.19963620451456862,0.21953381973551803,1449,1449,2147,2147,,5000,5000,1.0,3021694564,20260901
s_negmag,all_positive_classes,all,,,micro,other_fg_top10_fraction,0.161062808087129,0.14778006554931272,0.17442344475925725,1449,1449,2147,2147,,5000,5000,1.0,3021694564,20260901
s_negmag,all_positive_classes,all,,,micro,bg_top10_fraction,0.6290308466736834,0.6133899691505765,0.6445794118349832,1449,1449,2147,2147,,5000,5000,1.0,3021694564,20260901
s_negmag,all_positive_classes,all,,,micro,target_tail_enrich_10,1.072513394708087,1.0117595278265328,1.1339810865482827,1441,1449,2031,2147,,5000,5000,1.0,3021694564,20260901
s_negmag,all_positive_classes,all,,,micro,other_fg_tail_enrich_10,1.5644939879361008,1.4726308923029199,1.6612799963707006,520,1449,1158,2147,,5000,5000,1.0,3021694564,20260901
s_negmag,all_positive_classes,all,,,micro,bg_tail_enrich_10,1.0903425555016242,1.063978306298207,1.11825231860847,1432,1449,2120,2147,,5000,5000,1.0,3021694564,20260901
s_negmag,all_positive_classes,all,,,micro,target_top20_fraction,0.2295248953116819,0.21931338037798734,0.23978675567223243,1449,1449,2147,2147,,5000,5000,1.0,3021694564,20260901
s_negmag,all_positive_classes,all,,,micro,other_fg_top20_fraction,0.1635163999288242,0.15046617381060487,0.17658835683816027,1449,1449,2147,2147,,5000,5000,1.0,3021694564,20260901
s_negmag,all_positive_classes,all,,,micro,bg_top20_fraction,0.6066019716355445,0.5910723213952673,0.6223780847598243,1449,1449,2147,2147,,5000,5000,1.0,3021694564,20260901
s_negmag,all_positive_classes,all,,,micro,target_tail_enrich_20,1.0970174009531668,1.0534596017101219,1.1413596930893681,1441,1449,2031,2147,,5000,5000,1.0,3021694564,20260901
s_negmag,all_positive_classes,all,,,micro,other_fg_tail_enrich_20,1.4928345400160934,1.4315424564921915,1.5568161967613983,520,1449,1158,2147,,5000,5000,1.0,3021694564,20260901
s_negmag,all_positive_classes,all,,,micro,bg_tail_enrich_20,1.032623730688871,1.0105541148548536,1.0550726355819358,1432,1449,2120,2147,,5000,5000,1.0,3021694564,20260901
s_negmag,all_positive_classes,all,,,micro,auc_target_bg,0.44899813689193774,0.4384647844889977,0.4592812823391261,1424,1449,2004,2147,,5000,5000,1.0,3021694564,20260901
s_negmag,all_positive_classes,all,,,micro,ap_target_bg,0.2991414152218824,0.28773147755183487,0.31025222746273445,1424,1449,2004,2147,,5000,5000,1.0,3021694564,20260901
s_negmag,all_positive_classes,all,,,micro,auc_target_other,0.428319355640303,0.4168093942235224,0.44006936335389557,462,1449,1052,2147,,5000,5000,1.0,3021694564,20260901
s_negmag,all_positive_classes,all,,,micro,ap_target_other,0.46492860438997596,0.45290075004204483,0.4779588241709819,462,1449,1052,2147,,5000,5000,1.0,3021694564,20260901
s_negmag,all_positive_classes,all,,,micro,target_mean,-57.792885560601796,-68.01419650862624,-47.95122043245376,1441,1449,2031,2147,,5000,5000,1.0,3021694564,20260901
s_negmag,all_positive_classes,all,,,micro,other_fg_mean,18.89955953636605,6.2466012674545475,32.54419084252543,520,1449,1158,2147,,5000,5000,1.0,3021694564,20260901
s_negmag,all_positive_classes,all,,,micro,bg_mean,-6.919134270735413,-13.52754848216182,-0.7031711086669071,1432,1449,2120,2147,,5000,5000,1.0,3021694564,20260901
s_negmag,all_positive_classes,all,,,micro,target_median,-72.84385519542886,-82.2185339221047,-63.754826162296496,1441,1449,2031,2147,,5000,5000,1.0,3021694564,20260901
s_negmag,all_positive_classes,all,,,micro,other_fg_median,17.281304315253706,4.117596233491533,31.845029961734532,520,1449,1158,2147,,5000,5000,1.0,3021694564,20260901
s_negmag,all_positive_classes,all,,,micro,bg_median,-35.57221288815457,-41.743372412916706,-29.56448095562274,1432,1449,2120,2147,,5000,5000,1.0,3021694564,20260901
s_negmag,all_positive_classes,all,,,micro,spatial_mass_target,0.25849531924506836,0.24079444585741994,0.2764841943282964,1449,1449,2147,2147,,5000,5000,1.0,3021694564,20260901
s_negmag,all_positive_classes,all,,,micro,spatial_mass_other_fg,0.15741419995167497,0.14137988970294663,0.1738980172563325,1449,1449,2147,2147,,5000,5000,1.0,3021694564,20260901
s_negmag,all_positive_classes,all,,,micro,spatial_mass_background,0.5395889072849535,0.5129670010982633,0.5654367917893727,1449,1449,2147,2147,,5000,5000,1.0,3021694564,20260901
s_negmag,all_positive_classes,all,,,macro_class,target_hit,0.2803622949040358,0.26050004757828,0.3005775343819985,1449,1449,2147,2147,20,5000,5000,1.0,3021694564,20260901
s_negmag,all_positive_classes,all,,,macro_class,other_fg_hit,0.14982821490020895,0.1342975041111124,0.1659760205772374,1449,1449,2147,2147,20,5000,5000,1.0,3021694564,20260901
s_negmag,all_positive_classes,all,,,macro_class,background_hit,0.568587267973533,0.5431278305826729,0.5940505938107511,1449,1449,2147,2147,20,5000,5000,1.0,3021694564,20260901
s_negmag,all_positive_classes,all,,,macro_class,target_top05_fraction,0.21253492410597657,0.20094040525910276,0.2238388031850445,1449,1449,2147,2147,20,5000,5000,1.0,3021694564,20260901
s_negmag,all_positive_classes,all,,,macro_class,other_fg_top05_fraction,0.13983828023146166,0.1280259257862764,0.1518192767048079,1449,1449,2147,2147,20,5000,5000,1.0,3021694564,20260901
s_negmag,all_positive_classes,all,,,macro_class,bg_top05_fraction,0.6473154345721476,0.6319626522968428,0.6625822376898707,1449,1449,2147,2147,20,5000,5000,1.0,3021694564,20260901
s_negmag,all_positive_classes,all,,,macro_class,target_tail_enrich_05,0.9744133511373994,0.8955248825315559,1.0634619217800967,1441,1449,2031,2147,20,5000,5000,1.0,3021694564,20260901
s_negmag,all_positive_classes,all,,,macro_class,other_fg_tail_enrich_05,1.9928341705885906,1.633755134258459,2.415628218071974,520,1449,1158,2147,20,5000,5000,1.0,3021694564,20260901
s_negmag,all_positive_classes,all,,,macro_class,bg_tail_enrich_05,1.0861123332627554,1.0573379675393428,1.1167283754813644,1432,1449,2120,2147,20,5000,5000,1.0,3021694564,20260901
s_negmag,all_positive_classes,all,,,macro_class,target_top10_fraction,0.2185173607589593,0.2079758401784959,0.22901279409938058,1449,1449,2147,2147,20,5000,5000,1.0,3021694564,20260901
s_negmag,all_positive_classes,all,,,macro_class,other_fg_top10_fraction,0.14949476944083576,0.13723102073925103,0.16119482086613887,1449,1449,2147,2147,20,5000,5000,1.0,3021694564,20260901
s_negmag,all_positive_classes,all,,,macro_class,bg_top10_fraction,0.631570196021618,0.6170831439685264,0.6462388369882479,1449,1449,2147,2147,20,5000,5000,1.0,3021694564,20260901
s_negmag,all_positive_classes,all,,,macro_class,target_tail_enrich_10,1.0208875649936977,0.9613771113963145,1.0819968318824045,1441,1449,2031,2147,20,5000,5000,1.0,3021694564,20260901
s_negmag,all_positive_classes,all,,,macro_class,other_fg_tail_enrich_10,1.9633086803295785,1.7424669292658739,2.2091295540679643,520,1449,1158,2147,20,5000,5000,1.0,3021694564,20260901
s_negmag,all_positive_classes,all,,,macro_class,bg_tail_enrich_10,1.0589835626366177,1.033756223466394,1.0855350048705679,1432,1449,2120,2147,20,5000,5000,1.0,3021694564,20260901
s_negmag,all_positive_classes,all,,,macro_class,target_top20_fraction,0.23416999168791866,0.22367976286793392,0.2448033557565607,1449,1449,2147,2147,20,5000,5000,1.0,3021694564,20260901
s_negmag,all_positive_classes,all,,,macro_class,other_fg_top20_fraction,0.15383276860838277,0.14143967971286225,0.16564745423890195,1449,1449,2147,2147,20,5000,5000,1.0,3021694564,20260901
s_negmag,all_positive_classes,all,,,macro_class,bg_top20_fraction,0.611589470818559,0.5972638077141499,0.6263769254504392,1449,1449,2147,2147,20,5000,5000,1.0,3021694564,20260901
s_negmag,all_positive_classes,all,,,macro_class,target_tail_enrich_20,1.0307253303559452,0.9907259434305153,1.0729331224124259,1441,1449,2031,2147,20,5000,5000,1.0,3021694564,20260901
s_negmag,all_positive_classes,all,,,macro_class,other_fg_tail_enrich_20,1.7686695050704315,1.643475349268594,1.900376829833723,520,1449,1158,2147,20,5000,5000,1.0,3021694564,20260901
s_negmag,all_positive_classes,all,,,macro_class,bg_tail_enrich_20,1.0076467892981489,0.9876134866634986,1.028413591595344,1432,1449,2120,2147,20,5000,5000,1.0,3021694564,20260901
s_negmag,all_positive_classes,all,,,macro_class,auc_target_bg,0.4414188568410344,0.4321662069453838,0.4505913301846317,1424,1449,2004,2147,20,5000,5000,1.0,3021694564,20260901
s_negmag,all_positive_classes,all,,,macro_class,ap_target_bg,0.29535952091699186,0.2848383956831213,0.30595191568021507,1424,1449,2004,2147,20,5000,5000,1.0,3021694564,20260901
s_negmag,all_positive_classes,all,,,macro_class,auc_target_other,0.3714656583186992,0.344486130632929,0.3995624610417993,462,1449,1052,2147,20,5000,5000,1.0,3021694564,20260901
s_negmag,all_positive_classes,all,,,macro_class,ap_target_other,0.4847243577134557,0.4581165720924896,0.5123703782283163,462,1449,1052,2147,20,5000,5000,1.0,3021694564,20260901
s_negmag,all_positive_classes,all,,,macro_class,target_mean,-52.78836656450788,-63.58070521626821,-42.83197888092766,1441,1449,2031,2147,20,5000,5000,1.0,3021694564,20260901
s_negmag,all_positive_classes,all,,,macro_class,other_fg_mean,50.82382926269679,28.233877879398758,73.7866758149415,520,1449,1158,2147,20,5000,5000,1.0,3021694564,20260901
s_negmag,all_positive_classes,all,,,macro_class,bg_mean,-3.015230127334744,-9.911939295530091,3.7746240228249257,1432,1449,2120,2147,20,5000,5000,1.0,3021694564,20260901
s_negmag,all_positive_classes,all,,,macro_class,target_median,-69.71791339205444,-79.43852999145051,-60.64258060297822,1441,1449,2031,2147,20,5000,5000,1.0,3021694564,20260901
s_negmag,all_positive_classes,all,,,macro_class,other_fg_median,57.91431706408017,38.39375658503362,79.26078770044174,520,1449,1158,2147,20,5000,5000,1.0,3021694564,20260901
s_negmag,all_positive_classes,all,,,macro_class,bg_median,-30.379259489068716,-36.72351938784772,-23.966046743427853,1432,1449,2120,2147,20,5000,5000,1.0,3021694564,20260901
s_negmag,all_positive_classes,all,,,macro_class,spatial_mass_target,0.26884556553882394,0.2492425324141826,0.2886448850894342,1449,1449,2147,2147,20,5000,5000,1.0,3021694564,20260901
s_negmag,all_positive_classes,all,,,macro_class,spatial_mass_other_fg,0.1387114612673149,0.12360562983411952,0.15402003200901962,1449,1449,2147,2147,20,5000,5000,1.0,3021694564,20260901
s_negmag,all_positive_classes,all,,,macro_class,spatial_mass_background,0.547831141273079,0.5219257945379857,0.5729506445871622,1449,1449,2147,2147,20,5000,5000,1.0,3021694564,20260901
s_negmag,all_positive_classes,single_label,,,micro,target_hit,0.3807982740021575,0.34951456310679613,0.41316073354908306,927,927,927,927,,5000,5000,1.0,3021694564,20260901
s_negmag,all_positive_classes,single_label,,,micro,other_fg_hit,0.0,0.0,0.0,927,927,927,927,,5000,5000,1.0,3021694564,20260901
s_negmag,all_positive_classes,single_label,,,micro,background_hit,0.6192017259978425,0.5868392664509169,0.6504854368932039,927,927,927,927,,5000,5000,1.0,3021694564,20260901
s_negmag,all_positive_classes,single_label,,,micro,target_top05_fraction,0.27796795818808795,0.260264139169263,0.29573073764758867,927,927,927,927,,5000,5000,1.0,3021694564,20260901
s_negmag,all_positive_classes,single_label,,,micro,other_fg_top05_fraction,0.0,0.0,0.0,927,927,927,927,,5000,5000,1.0,3021694564,20260901
s_negmag,all_positive_classes,single_label,,,micro,bg_top05_fraction,0.7218418777867966,0.7040509577936179,0.7394731991376328,927,927,927,927,,5000,5000,1.0,3021694564,20260901
s_negmag,all_positive_classes,single_label,,,micro,target_tail_enrich_05,0.9866233354084232,0.8846296963106602,1.0963442096978901,921,927,921,927,,5000,5000,1.0,3021694564,20260901
s_negmag,all_positive_classes,single_label,,,micro,bg_tail_enrich_05,1.212936077787051,1.1641338367757927,1.2676897263670823,918,927,918,927,,5000,5000,1.0,3021694564,20260901
s_negmag,all_positive_classes,single_label,,,micro,target_top10_fraction,0.28745379904691226,0.2708685425335692,0.3037795998877746,927,927,927,927,,5000,5000,1.0,3021694564,20260901
s_negmag,all_positive_classes,single_label,,,micro,other_fg_top10_fraction,0.0,0.0,0.0,927,927,927,927,,5000,5000,1.0,3021694564,20260901
s_negmag,all_positive_classes,single_label,,,micro,bg_top10_fraction,0.7121728590691785,0.6958692700621599,0.7287600299661843,927,927,927,927,,5000,5000,1.0,3021694564,20260901
s_negmag,all_positive_classes,single_label,,,micro,target_tail_enrich_10,1.0370550003369465,0.9555515462027206,1.123904681689252,921,927,921,927,,5000,5000,1.0,3021694564,20260901
s_negmag,all_positive_classes,single_label,,,micro,bg_tail_enrich_10,1.2040745359192484,1.160008053881026,1.2526387902712999,918,927,918,927,,5000,5000,1.0,3021694564,20260901
s_negmag,all_positive_classes,single_label,,,micro,target_top20_fraction,0.3124293665916044,0.2956281915901671,0.32925842814088924,927,927,927,927,,5000,5000,1.0,3021694564,20260901
s_negmag,all_positive_classes,single_label,,,micro,other_fg_top20_fraction,0.0,0.0,0.0,927,927,927,927,,5000,5000,1.0,3021694564,20260901
s_negmag,all_positive_classes,single_label,,,micro,bg_top20_fraction,0.6872224433351041,0.6704234501412357,0.7040400410461841,927,927,927,927,,5000,5000,1.0,3021694564,20260901
s_negmag,all_positive_classes,single_label,,,micro,target_tail_enrich_20,1.067345566524438,1.0073840411608452,1.1297922328448382,921,927,921,927,,5000,5000,1.0,3021694564,20260901
s_negmag,all_positive_classes,single_label,,,micro,bg_tail_enrich_20,1.1355186470181482,1.1020835812185767,1.1716894378119582,918,927,918,927,,5000,5000,1.0,3021694564,20260901
s_negmag,all_positive_classes,single_label,,,micro,auc_target_bg,0.44020823428717837,0.42506366973507015,0.45551225342834345,912,927,912,927,,5000,5000,1.0,3021694564,20260901
s_negmag,all_positive_classes,single_label,,,micro,ap_target_bg,0.3495018117546116,0.33377188203315866,0.3651971341501221,912,927,912,927,,5000,5000,1.0,3021694564,20260901
s_negmag,all_positive_classes,single_label,,,micro,target_mean,-42.82732856772763,-52.85507522231703,-33.23781895482087,921,927,921,927,,5000,5000,1.0,3021694564,20260901
s_negmag,all_positive_classes,single_label,,,micro,bg_mean,16.661408755707427,9.99559083571325,23.28512390433704,918,927,918,927,,5000,5000,1.0,3021694564,20260901
s_negmag,all_positive_classes,single_label,,,micro,target_median,-70.57134139814275,-80.41062330129225,-61.120251044085876,921,927,921,927,,5000,5000,1.0,3021694564,20260901
s_negmag,all_positive_classes,single_label,,,micro,bg_median,-38.69687108866757,-44.145813051027815,-33.1376304370024,918,927,918,927,,5000,5000,1.0,3021694564,20260901
s_negmag,all_positive_classes,single_label,,,micro,spatial_mass_target,0.3655837703020185,0.33453337095861824,0.39771900888924006,927,927,927,927,,5000,5000,1.0,3021694564,20260901
s_negmag,all_positive_classes,single_label,,,micro,spatial_mass_other_fg,0.0,0.0,0.0,927,927,927,927,,5000,5000,1.0,3021694564,20260901
s_negmag,all_positive_classes,single_label,,,micro,spatial_mass_background,0.6053647066565006,0.5729473620645954,0.6379947202907431,927,927,927,927,,5000,5000,1.0,3021694564,20260901
s_negmag,all_positive_classes,single_label,,,macro_class,target_hit,0.38229473288274674,0.3411314765671881,0.4210810452302569,927,927,927,927,20,5000,5000,1.0,3021694564,20260901
s_negmag,all_positive_classes,single_label,,,macro_class,other_fg_hit,0.0,0.0,0.0,927,927,927,927,20,5000,5000,1.0,3021694564,20260901
s_negmag,all_positive_classes,single_label,,,macro_class,background_hit,0.6177052671172534,0.5789189547697432,0.6588685234328117,927,927,927,927,20,5000,5000,1.0,3021694564,20260901
s_negmag,all_positive_classes,single_label,,,macro_class,target_top05_fraction,0.29815333255379795,0.2713306662391634,0.3249411035000641,927,927,927,927,20,5000,5000,1.0,3021694564,20260901
s_negmag,all_positive_classes,single_label,,,macro_class,other_fg_top05_fraction,0.0,0.0,0.0,927,927,927,927,20,5000,5000,1.0,3021694564,20260901
s_negmag,all_positive_classes,single_label,,,macro_class,bg_top05_fraction,0.7015594407715796,0.6749664352710056,0.7283398809890996,927,927,927,927,20,5000,5000,1.0,3021694564,20260901
s_negmag,all_positive_classes,single_label,,,macro_class,target_tail_enrich_05,1.007191290105904,0.9053352478658966,1.1190170359324987,921,927,921,927,20,5000,5000,1.0,3021694564,20260901
s_negmag,all_positive_classes,single_label,,,macro_class,bg_tail_enrich_05,1.1684050937930133,1.112569595618879,1.2302456303719111,918,927,918,927,20,5000,5000,1.0,3021694564,20260901
s_negmag,all_positive_classes,single_label,,,macro_class,target_top10_fraction,0.30227403810507014,0.27649859981802427,0.3287640614156954,927,927,927,927,20,5000,5000,1.0,3021694564,20260901
s_negmag,all_positive_classes,single_label,,,macro_class,other_fg_top10_fraction,0.0,0.0,0.0,927,927,927,927,20,5000,5000,1.0,3021694564,20260901
s_negmag,all_positive_classes,single_label,,,macro_class,bg_top10_fraction,0.69725641172932,0.6708301318781488,0.7230587901168717,927,927,927,927,20,5000,5000,1.0,3021694564,20260901
s_negmag,all_positive_classes,single_label,,,macro_class,target_tail_enrich_10,1.030450630628298,0.9511141758086278,1.1169903976746351,921,927,921,927,20,5000,5000,1.0,3021694564,20260901
s_negmag,all_positive_classes,single_label,,,macro_class,bg_tail_enrich_10,1.1934342382614818,1.136482202883475,1.257682680264657,918,927,918,927,20,5000,5000,1.0,3021694564,20260901
s_negmag,all_positive_classes,single_label,,,macro_class,target_top20_fraction,0.3226491467742333,0.296444587965789,0.35008162071710747,927,927,927,927,20,5000,5000,1.0,3021694564,20260901
s_negmag,all_positive_classes,single_label,,,macro_class,other_fg_top20_fraction,0.0,0.0,0.0,927,927,927,927,20,5000,5000,1.0,3021694564,20260901
s_negmag,all_positive_classes,single_label,,,macro_class,bg_top20_fraction,0.6769779456237345,0.6495946098858512,0.7031494584981761,927,927,927,927,20,5000,5000,1.0,3021694564,20260901
s_negmag,all_positive_classes,single_label,,,macro_class,target_tail_enrich_20,1.0528941248692876,0.9932725437123984,1.1133069952128545,921,927,921,927,20,5000,5000,1.0,3021694564,20260901
s_negmag,all_positive_classes,single_label,,,macro_class,bg_tail_enrich_20,1.1314846314680116,1.0906699098810886,1.1768419533747614,918,927,918,927,20,5000,5000,1.0,3021694564,20260901
s_negmag,all_positive_classes,single_label,,,macro_class,auc_target_bg,0.435309853283556,0.4209419048881505,0.449615869401174,912,927,912,927,20,5000,5000,1.0,3021694564,20260901
s_negmag,all_positive_classes,single_label,,,macro_class,ap_target_bg,0.35193744025975593,0.329836881040239,0.3802428330184317,912,927,912,927,20,5000,5000,1.0,3021694564,20260901
s_negmag,all_positive_classes,single_label,,,macro_class,target_mean,-46.68575146373739,-54.84058518155308,-38.997323168531786,921,927,921,927,20,5000,5000,1.0,3021694564,20260901
s_negmag,all_positive_classes,single_label,,,macro_class,bg_mean,3.641407403821958,-2.1083349299990846,9.718747696547947,918,927,918,927,20,5000,5000,1.0,3021694564,20260901
s_negmag,all_positive_classes,single_label,,,macro_class,target_median,-73.33194184462903,-81.27392420365977,-65.98075860381596,921,927,921,927,20,5000,5000,1.0,3021694564,20260901
s_negmag,all_positive_classes,single_label,,,macro_class,bg_median,-43.193989740080106,-47.83172397110198,-38.24867009438061,918,927,918,927,20,5000,5000,1.0,3021694564,20260901
s_negmag,all_positive_classes,single_label,,,macro_class,spatial_mass_target,0.36910169201278736,0.32789605274402067,0.407967626749117,927,927,927,927,20,5000,5000,1.0,3021694564,20260901
s_negmag,all_positive_classes,single_label,,,macro_class,spatial_mass_other_fg,0.0,0.0,0.0,927,927,927,927,20,5000,5000,1.0,3021694564,20260901
s_negmag,all_positive_classes,single_label,,,macro_class,spatial_mass_background,0.6069028267221892,0.5674623408656362,0.6482900921213604,927,927,927,927,20,5000,5000,1.0,3021694564,20260901
s_negmag,all_positive_classes,exactly_2_labels,,,micro,target_hit,0.21466666666666667,0.188,0.24,375,375,750,750,,5000,5000,1.0,3021694564,20260901
s_negmag,all_positive_classes,exactly_2_labels,,,micro,other_fg_hit,0.236,0.20933333333333334,0.26266666666666666,375,375,750,750,,5000,5000,1.0,3021694564,20260901
s_negmag,all_positive_classes,exactly_2_labels,,,micro,background_hit,0.5466666666666666,0.5,0.5933333333333334,375,375,750,750,,5000,5000,1.0,3021694564,20260901
s_negmag,all_positive_classes,exactly_2_labels,,,micro,target_top05_fraction,0.16060653002354225,0.14680308814460172,0.1745649782988927,375,375,750,750,,5000,5000,1.0,3021694564,20260901
s_negmag,all_positive_classes,exactly_2_labels,,,micro,other_fg_top05_fraction,0.21387799044112152,0.1965576375753458,0.23128421642245664,375,375,750,750,,5000,5000,1.0,3021694564,20260901
s_negmag,all_positive_classes,exactly_2_labels,,,micro,bg_top05_fraction,0.6251761632960197,0.5977660043930859,0.6526463255227832,375,375,750,750,,5000,5000,1.0,3021694564,20260901
s_negmag,all_positive_classes,exactly_2_labels,,,micro,target_tail_enrich_05,0.9503703313831511,0.8383741711225251,1.0773631963581434,373,375,695,750,,5000,5000,1.0,3021694564,20260901
s_negmag,all_positive_classes,exactly_2_labels,,,micro,other_fg_tail_enrich_05,1.4961114496247068,1.3116518436228302,1.6938056109067912,373,375,695,750,,5000,5000,1.0,3021694564,20260901
s_negmag,all_positive_classes,exactly_2_labels,,,micro,bg_tail_enrich_05,1.0881395699802812,1.0421404293016654,1.1367246938850029,369,375,738,750,,5000,5000,1.0,3021694564,20260901
s_negmag,all_positive_classes,exactly_2_labels,,,micro,target_top10_fraction,0.170730376301769,0.15746607920795308,0.18392877126287144,375,375,750,750,,5000,5000,1.0,3021694564,20260901
s_negmag,all_positive_classes,exactly_2_labels,,,micro,other_fg_top10_fraction,0.2231599766419229,0.20598778089381808,0.24030925773611786,375,375,750,750,,5000,5000,1.0,3021694564,20260901
s_negmag,all_positive_classes,exactly_2_labels,,,micro,bg_top10_fraction,0.6057499369750784,0.5790309561128213,0.6325587395392869,375,375,750,750,,5000,5000,1.0,3021694564,20260901
s_negmag,all_positive_classes,exactly_2_labels,,,micro,target_tail_enrich_10,1.0795046236906152,0.9803673346841276,1.1851143752707702,373,375,695,750,,5000,5000,1.0,3021694564,20260901
s_negmag,all_positive_classes,exactly_2_labels,,,micro,other_fg_tail_enrich_10,1.5531320677045024,1.4205975523785588,1.6929857582096122,373,375,695,750,,5000,5000,1.0,3021694564,20260901
s_negmag,all_positive_classes,exactly_2_labels,,,micro,bg_tail_enrich_10,1.0586343283884851,1.0180093924434288,1.1037297505573438,369,375,738,750,,5000,5000,1.0,3021694564,20260901
s_negmag,all_positive_classes,exactly_2_labels,,,micro,target_top20_fraction,0.1876803757789714,0.17423273868168873,0.20086206414290875,375,375,750,750,,5000,5000,1.0,3021694564,20260901
s_negmag,all_positive_classes,exactly_2_labels,,,micro,other_fg_top20_fraction,0.22899453490165494,0.2120503659396472,0.2459796814101497,375,375,750,750,,5000,5000,1.0,3021694564,20260901
s_negmag,all_positive_classes,exactly_2_labels,,,micro,bg_top20_fraction,0.5829716892221509,0.5560482020087308,0.6101945336876224,375,375,750,750,,5000,5000,1.0,3021694564,20260901
s_negmag,all_positive_classes,exactly_2_labels,,,micro,target_tail_enrich_20,1.1193605044089483,1.0443075096006598,1.1969758544732894,373,375,695,750,,5000,5000,1.0,3021694564,20260901
s_negmag,all_positive_classes,exactly_2_labels,,,micro,other_fg_tail_enrich_20,1.4846453010524794,1.3983355979607386,1.571166873356937,373,375,695,750,,5000,5000,1.0,3021694564,20260901
s_negmag,all_positive_classes,exactly_2_labels,,,micro,bg_tail_enrich_20,1.0025045001524717,0.9683127359649153,1.038824385681386,369,375,738,750,,5000,5000,1.0,3021694564,20260901
s_negmag,all_positive_classes,exactly_2_labels,,,micro,auc_target_bg,0.4569030330019324,0.4392831305904061,0.4752883785711743,367,375,683,750,,5000,5000,1.0,3021694564,20260901
s_negmag,all_positive_classes,exactly_2_labels,,,micro,ap_target_bg,0.27400693324316944,0.25489332646483465,0.2930362081786192,367,375,683,750,,5000,5000,1.0,3021694564,20260901
s_negmag,all_positive_classes,exactly_2_labels,,,micro,auc_target_other,0.43710255604951165,0.4224138113762425,0.4509533790850235,322,375,644,750,,5000,5000,1.0,3021694564,20260901
s_negmag,all_positive_classes,exactly_2_labels,,,micro,ap_target_other,0.5281907244029169,0.5203459061230875,0.5361165273309452,322,375,644,750,,5000,5000,1.0,3021694564,20260901
s_negmag,all_positive_classes,exactly_2_labels,,,micro,target_mean,-66.67066450843807,-86.22656181551645,-48.937741603717946,373,375,695,750,,5000,5000,1.0,3021694564,20260901
s_negmag,all_positive_classes,exactly_2_labels,,,micro,other_fg_mean,8.811234210682263,-8.425418518216684,27.059473879014924,373,375,695,750,,5000,5000,1.0,3021694564,20260901
s_negmag,all_positive_classes,exactly_2_labels,,,micro,bg_mean,-28.328448765762616,-43.324431506278394,-15.311544321684657,369,375,738,750,,5000,5000,1.0,3021694564,20260901
s_negmag,all_positive_classes,exactly_2_labels,,,micro,target_median,-72.83680606348265,-90.41186029529729,-57.209753682879985,373,375,695,750,,5000,5000,1.0,3021694564,20260901
s_negmag,all_positive_classes,exactly_2_labels,,,micro,other_fg_median,3.919511539215664,-13.615547966490498,23.50929723697944,373,375,695,750,,5000,5000,1.0,3021694564,20260901
s_negmag,all_positive_classes,exactly_2_labels,,,micro,bg_median,-44.60380837206696,-60.1466913250682,-31.721678463830283,369,375,738,750,,5000,5000,1.0,3021694564,20260901
s_negmag,all_positive_classes,exactly_2_labels,,,micro,spatial_mass_target,0.20559022778011388,0.17989413873461862,0.2307634895329628,375,375,750,750,,5000,5000,1.0,3021694564,20260901
s_negmag,all_positive_classes,exactly_2_labels,,,micro,spatial_mass_other_fg,0.22162963556390453,0.19631575136579774,0.24659027842900968,375,375,750,750,,5000,5000,1.0,3021694564,20260901
s_negmag,all_positive_classes,exactly_2_labels,,,micro,spatial_mass_background,0.5154252705639526,0.46803408460308904,0.563053547125387,375,375,750,750,,5000,5000,1.0,3021694564,20260901
s_negmag,all_positive_classes,exactly_2_labels,,,macro_class,target_hit,0.21956641456369716,0.17689102626406486,0.2686979142060342,375,375,750,750,20,5000,5000,1.0,3021694564,20260901
s_negmag,all_positive_classes,exactly_2_labels,,,macro_class,other_fg_hit,0.2303275200041504,0.18661959217602542,0.280649223389131,375,375,750,750,20,5000,5000,1.0,3021694564,20260901
s_negmag,all_positive_classes,exactly_2_labels,,,macro_class,background_hit,0.5451060654321525,0.48869203725320076,0.6030595514468831,375,375,750,750,20,5000,5000,1.0,3021694564,20260901
s_negmag,all_positive_classes,exactly_2_labels,,,macro_class,target_top05_fraction,0.17308515765084312,0.1510406178743016,0.19697502065551145,375,375,750,750,20,5000,5000,1.0,3021694564,20260901
s_negmag,all_positive_classes,exactly_2_labels,,,macro_class,other_fg_top05_fraction,0.22856678308845385,0.20365330945590088,0.2541175010334266,375,375,750,750,20,5000,5000,1.0,3021694564,20260901
s_negmag,all_positive_classes,exactly_2_labels,,,macro_class,bg_top05_fraction,0.5980028329058613,0.5663712665231676,0.6309738631149884,375,375,750,750,20,5000,5000,1.0,3021694564,20260901
s_negmag,all_positive_classes,exactly_2_labels,,,macro_class,target_tail_enrich_05,0.8340190294604037,0.7311114782045688,0.9524850571540796,373,375,695,750,20,5000,5000,1.0,3021694564,20260901
s_negmag,all_positive_classes,exactly_2_labels,,,macro_class,other_fg_tail_enrich_05,2.0953373413210334,1.6147700869301347,2.6455722630271774,373,375,695,750,20,5000,5000,1.0,3021694564,20260901
s_negmag,all_positive_classes,exactly_2_labels,,,macro_class,bg_tail_enrich_05,1.027662105828974,0.9779930628586565,1.0785076677933778,369,375,738,750,20,5000,5000,1.0,3021694564,20260901
s_negmag,all_positive_classes,exactly_2_labels,,,macro_class,target_top10_fraction,0.18123276664898655,0.1588892924976188,0.205784005327157,375,375,750,750,20,5000,5000,1.0,3021694564,20260901
s_negmag,all_positive_classes,exactly_2_labels,,,macro_class,other_fg_top10_fraction,0.2395954964196237,0.21556646432215978,0.2637718258860693,375,375,750,750,20,5000,5000,1.0,3021694564,20260901
s_negmag,all_positive_classes,exactly_2_labels,,,macro_class,bg_top10_fraction,0.5785159448618927,0.5490691280644584,0.6087073325943774,375,375,750,750,20,5000,5000,1.0,3021694564,20260901
s_negmag,all_positive_classes,exactly_2_labels,,,macro_class,target_tail_enrich_10,0.893563239922176,0.7979011487691912,0.999617163358751,373,375,695,750,20,5000,5000,1.0,3021694564,20260901
s_negmag,all_positive_classes,exactly_2_labels,,,macro_class,other_fg_tail_enrich_10,2.0194147883765274,1.7340134998929566,2.3126177046958727,373,375,695,750,20,5000,5000,1.0,3021694564,20260901
s_negmag,all_positive_classes,exactly_2_labels,,,macro_class,bg_tail_enrich_10,0.9962846695416573,0.9516505846047922,1.0433086637095614,369,375,738,750,20,5000,5000,1.0,3021694564,20260901
s_negmag,all_positive_classes,exactly_2_labels,,,macro_class,target_top20_fraction,0.1970203903811091,0.17464229529320077,0.22117247221400282,375,375,750,750,20,5000,5000,1.0,3021694564,20260901
s_negmag,all_positive_classes,exactly_2_labels,,,macro_class,other_fg_top20_fraction,0.24425923628926957,0.22055457073464138,0.26910950134145356,375,375,750,750,20,5000,5000,1.0,3021694564,20260901
s_negmag,all_positive_classes,exactly_2_labels,,,macro_class,bg_top20_fraction,0.5581781686279693,0.5301224692472213,0.5875460602934415,375,375,750,750,20,5000,5000,1.0,3021694564,20260901
s_negmag,all_positive_classes,exactly_2_labels,,,macro_class,target_tail_enrich_20,0.965156019583586,0.8847395632290682,1.0497291949450558,373,375,695,750,20,5000,5000,1.0,3021694564,20260901
s_negmag,all_positive_classes,exactly_2_labels,,,macro_class,other_fg_tail_enrich_20,1.824239579745009,1.6560135790888144,1.9805074339856836,373,375,695,750,20,5000,5000,1.0,3021694564,20260901
s_negmag,all_positive_classes,exactly_2_labels,,,macro_class,bg_tail_enrich_20,0.9431291881320648,0.9079042571526884,0.9803514850623801,369,375,738,750,20,5000,5000,1.0,3021694564,20260901
s_negmag,all_positive_classes,exactly_2_labels,,,macro_class,auc_target_bg,0.4417207690515005,0.4197193974383683,0.4618592000725091,367,375,683,750,20,5000,5000,1.0,3021694564,20260901
s_negmag,all_positive_classes,exactly_2_labels,,,macro_class,ap_target_bg,0.27326060977773503,0.24978401458330116,0.29717520558023575,367,375,683,750,20,5000,5000,1.0,3021694564,20260901
s_negmag,all_positive_classes,exactly_2_labels,,,macro_class,auc_target_other,0.36306385542274466,0.33484816581819427,0.3917599554416107,322,375,644,750,20,5000,5000,1.0,3021694564,20260901
s_negmag,all_positive_classes,exactly_2_labels,,,macro_class,ap_target_other,0.5269516742578105,0.49776711747640773,0.5590027885216727,322,375,644,750,20,5000,5000,1.0,3021694564,20260901
s_negmag,all_positive_classes,exactly_2_labels,,,macro_class,target_mean,-85.82737376150477,-169.86986620700327,-37.41909313268425,373,375,695,750,20,5000,5000,1.0,3021694564,20260901
s_negmag,all_positive_classes,exactly_2_labels,,,macro_class,other_fg_mean,38.43017047246902,10.6654978173226,63.96425338900905,373,375,695,750,20,5000,5000,1.0,3021694564,20260901
s_negmag,all_positive_classes,exactly_2_labels,,,macro_class,bg_mean,-17.999437211537398,-33.30031600665941,-4.17668457809884,369,375,738,750,20,5000,5000,1.0,3021694564,20260901
s_negmag,all_positive_classes,exactly_2_labels,,,macro_class,target_median,-87.85993080448377,-156.41695850100686,-45.89853112756145,373,375,695,750,20,5000,5000,1.0,3021694564,20260901
s_negmag,all_positive_classes,exactly_2_labels,,,macro_class,other_fg_median,44.78943466069457,22.947772496798347,67.75175670243188,373,375,695,750,20,5000,5000,1.0,3021694564,20260901
s_negmag,all_positive_classes,exactly_2_labels,,,macro_class,bg_median,-30.554561849078,-45.68891345517871,-16.420817068374586,369,375,738,750,20,5000,5000,1.0,3021694564,20260901
s_negmag,all_positive_classes,exactly_2_labels,,,macro_class,spatial_mass_target,0.21646600602521154,0.17375009318344345,0.26616218594036006,375,375,750,750,20,5000,5000,1.0,3021694564,20260901
s_negmag,all_positive_classes,exactly_2_labels,,,macro_class,spatial_mass_other_fg,0.20964068120875196,0.16917941556011176,0.2574429662027515,375,375,750,750,20,5000,5000,1.0,3021694564,20260901
s_negmag,all_positive_classes,exactly_2_labels,,,macro_class,spatial_mass_background,0.5047288069846287,0.44580753066226725,0.563806465148901,375,375,750,750,20,5000,5000,1.0,3021694564,20260901
s_negmag,all_positive_classes,3plus_labels,,,micro,target_hit,0.14468085106382977,0.11839039305280866,0.17025862068965517,147,147,470,470,,5000,5000,1.0,3021694564,20260901
s_negmag,all_positive_classes,3plus_labels,,,micro,other_fg_hit,0.39148936170212767,0.34296915616428536,0.44009125662843745,147,147,470,470,,5000,5000,1.0,3021694564,20260901
s_negmag,all_positive_classes,3plus_labels,,,micro,background_hit,0.46382978723404256,0.3953962732314878,0.5324947589098532,147,147,470,470,,5000,5000,1.0,3021694564,20260901
s_negmag,all_positive_classes,3plus_labels,,,micro,target_top05_fraction,0.1044247045031331,0.09207505329046758,0.11693509648851279,147,147,470,470,,5000,5000,1.0,3021694564,20260901
s_negmag,all_positive_classes,3plus_labels,,,micro,other_fg_top05_fraction,0.3589550249074079,0.32696275989878254,0.3912592931154578,147,147,470,470,,5000,5000,1.0,3021694564,20260901
s_negmag,all_positive_classes,3plus_labels,,,micro,bg_top05_fraction,0.5362492320535267,0.4963619783475676,0.5749217179335906,147,147,470,470,,5000,5000,1.0,3021694564,20260901
s_negmag,all_positive_classes,3plus_labels,,,micro,target_tail_enrich_05,0.9708198084248973,0.775673496781132,1.1973519026338508,147,147,415,470,,5000,5000,1.0,3021694564,20260901
s_negmag,all_positive_classes,3plus_labels,,,micro,other_fg_tail_enrich_05,1.4517390528979461,1.3033787714190483,1.6205856961355383,147,147,463,470,,5000,5000,1.0,3021694564,20260901
s_negmag,all_positive_classes,3plus_labels,,,micro,bg_tail_enrich_05,0.990129223130969,0.935831186175613,1.0487271316977085,145,147,464,470,,5000,5000,1.0,3021694564,20260901
s_negmag,all_positive_classes,3plus_labels,,,micro,target_top10_fraction,0.11785456511610531,0.10660853740996604,0.12924984914217105,147,147,470,470,,5000,5000,1.0,3021694564,20260901
s_negmag,all_positive_classes,3plus_labels,,,micro,other_fg_top10_fraction,0.37964226910983817,0.3492379487993569,0.41110575199145316,147,147,470,470,,5000,5000,1.0,3021694564,20260901
s_negmag,all_positive_classes,3plus_labels,,,micro,bg_top10_fraction,0.502196882382893,0.4642803071118404,0.5392683474090514,147,147,470,470,,5000,5000,1.0,3021694564,20260901
s_negmag,all_positive_classes,3plus_labels,,,micro,target_tail_enrich_10,1.1394971948838957,0.9902796539810891,1.293332732726829,147,147,415,470,,5000,5000,1.0,3021694564,20260901
s_negmag,all_positive_classes,3plus_labels,,,micro,other_fg_tail_enrich_10,1.5815491381757592,1.4680780605081958,1.702743350467685,147,147,463,470,,5000,5000,1.0,3021694564,20260901
s_negmag,all_positive_classes,3plus_labels,,,micro,bg_tail_enrich_10,0.915762196851013,0.8697584743232298,0.9640217539779753,145,147,464,470,,5000,5000,1.0,3021694564,20260901
s_negmag,all_positive_classes,3plus_labels,,,micro,target_top20_fraction,0.13278222461603295,0.12093854882030346,0.14472507282657046,147,147,470,470,,5000,5000,1.0,3021694564,20260901
s_negmag,all_positive_classes,3plus_labels,,,micro,other_fg_top20_fraction,0.3815400201509455,0.3509266309417665,0.41246597876354907,147,147,470,470,,5000,5000,1.0,3021694564,20260901
s_negmag,all_positive_classes,3plus_labels,,,micro,bg_top20_fraction,0.485298853645233,0.4472232951722299,0.5239664025739038,147,147,470,470,,5000,5000,1.0,3021694564,20260901
s_negmag,all_positive_classes,3plus_labels,,,micro,target_tail_enrich_20,1.1254494554280756,1.022454329016396,1.228093603956741,147,147,415,470,,5000,5000,1.0,3021694564,20260901
s_negmag,all_positive_classes,3plus_labels,,,micro,other_fg_tail_enrich_20,1.5051272421320987,1.4261308482571422,1.589669798806007,147,147,463,470,,5000,5000,1.0,3021694564,20260901
s_negmag,all_positive_classes,3plus_labels,,,micro,bg_tail_enrich_20,0.8769566163474705,0.837623237080141,0.9164997131028654,145,147,464,470,,5000,5000,1.0,3021694564,20260901
s_negmag,all_positive_classes,3plus_labels,,,micro,auc_target_bg,0.4553975186337818,0.43274878538259726,0.47684846925808916,145,147,409,470,,5000,5000,1.0,3021694564,20260901
s_negmag,all_positive_classes,3plus_labels,,,micro,ap_target_bg,0.22881909139208562,0.2058600050119874,0.25290625351965323,145,147,409,470,,5000,5000,1.0,3021694564,20260901
s_negmag,all_positive_classes,3plus_labels,,,micro,auc_target_other,0.41445567656302185,0.3961366961203476,0.4323734981802739,140,147,408,470,,5000,5000,1.0,3021694564,20260901
s_negmag,all_positive_classes,3plus_labels,,,micro,ap_target_other,0.3650736894675897,0.3473340397508718,0.3837803280146166,140,147,408,470,,5000,5000,1.0,3021694564,20260901
s_negmag,all_positive_classes,3plus_labels,,,micro,target_mean,-76.13799790202611,-104.98638150722725,-50.22338943079865,147,147,415,470,,5000,5000,1.0,3021694564,20260901
s_negmag,all_positive_classes,3plus_labels,,,micro,other_fg_mean,34.042942044681936,16.909294341008106,53.264954621083966,147,147,463,470,,5000,5000,1.0,3021694564,20260901
s_negmag,all_positive_classes,3plus_labels,,,micro,bg_mean,-19.520135134839826,-34.09879086099044,-6.188620090043286,145,147,464,470,,5000,5000,1.0,3021694564,20260901
s_negmag,all_positive_classes,3plus_labels,,,micro,target_median,-77.8989982171231,-105.70062450654942,-53.48245712093957,147,147,415,470,,5000,5000,1.0,3021694564,20260901
s_negmag,all_positive_classes,3plus_labels,,,micro,other_fg_median,37.33842306114234,18.90322547276229,58.53961304525451,147,147,463,470,,5000,5000,1.0,3021694564,20260901
s_negmag,all_positive_classes,3plus_labels,,,micro,bg_median,-15.025329924365185,-27.58937895956589,-2.3350759091650692,145,147,464,470,,5000,5000,1.0,3021694564,20260901
s_negmag,all_positive_classes,3plus_labels,,,micro,spatial_mass_target,0.13170345641299008,0.10654102761290507,0.15656620645957567,147,147,470,470,,5000,5000,1.0,3021694564,20260901
s_negmag,all_positive_classes,3plus_labels,,,micro,spatial_mass_other_fg,0.3654171502623782,0.31832742544617126,0.4132166448810433,147,147,470,470,,5000,5000,1.0,3021694564,20260901
s_negmag,all_positive_classes,3plus_labels,,,micro,spatial_mass_background,0.44841563393032824,0.3829923599350998,0.514767234173992,147,147,470,470,,5000,5000,1.0,3021694564,20260901
s_negmag,all_positive_classes,3plus_labels,,,macro_class,target_hit,0.15178667064696474,0.09788451840171769,0.21154887929962962,147,147,470,470,20,5000,5000,1.0,3021694564,20260901
s_negmag,all_positive_classes,3plus_labels,,,macro_class,other_fg_hit,0.35381347937414115,0.2871882301155024,0.44537854928095877,147,147,470,470,20,5000,5000,1.0,3021694564,20260901
s_negmag,all_positive_classes,3plus_labels,,,macro_class,background_hit,0.4943998499788941,0.38230832707265167,0.5841998052694488,147,147,470,470,20,5000,5000,1.0,3021694564,20260901
s_negmag,all_positive_classes,3plus_labels,,,macro_class,target_top05_fraction,0.10126159830734763,0.07537238844201605,0.13304204451600624,147,147,470,470,20,5000,5000,1.0,3021694564,20260901
s_negmag,all_positive_classes,3plus_labels,,,macro_class,other_fg_top05_fraction,0.34271312874076576,0.3064783368693354,0.3982867385142073,147,147,470,470,20,5000,5000,1.0,3021694564,20260901
s_negmag,all_positive_classes,3plus_labels,,,macro_class,bg_top05_fraction,0.5558066807801696,0.48903135228171624,0.6035450792011486,147,147,470,470,20,5000,5000,1.0,3021694564,20260901
s_negmag,all_positive_classes,3plus_labels,,,macro_class,target_tail_enrich_05,1.153888175129878,0.622893663156092,1.7830264307546186,147,147,415,470,19,5000,5000,1.0,3021694564,20260901
s_negmag,all_positive_classes,3plus_labels,,,macro_class,other_fg_tail_enrich_05,2.2232523954882906,1.5299668460636713,2.44098894878147,147,147,463,470,20,5000,5000,1.0,3021694564,20260901
s_negmag,all_positive_classes,3plus_labels,,,macro_class,bg_tail_enrich_05,0.9547417811967644,0.8712604428763301,1.0528523739888636,145,147,464,470,20,5000,5000,1.0,3021694564,20260901
s_negmag,all_positive_classes,3plus_labels,,,macro_class,target_top10_fraction,0.10207833902325195,0.08285137142884134,0.12615271261773858,147,147,470,470,20,5000,5000,1.0,3021694564,20260901
s_negmag,all_positive_classes,3plus_labels,,,macro_class,other_fg_top10_fraction,0.35778620501381336,0.320472128434946,0.4166792337376925,147,147,470,470,20,5000,5000,1.0,3021694564,20260901
s_negmag,all_positive_classes,3plus_labels,,,macro_class,bg_top10_fraction,0.5399524643824709,0.47387055258343885,0.5826506920811175,147,147,470,470,20,5000,5000,1.0,3021694564,20260901
s_negmag,all_positive_classes,3plus_labels,,,macro_class,target_tail_enrich_10,1.0781917589216032,0.7759606989807835,1.4341353339419909,147,147,415,470,19,5000,5000,1.0,3021694564,20260901
s_negmag,all_positive_classes,3plus_labels,,,macro_class,other_fg_tail_enrich_10,2.1010921678214425,1.652815943341041,2.2775463334716948,147,147,463,470,20,5000,5000,1.0,3021694564,20260901
s_negmag,all_positive_classes,3plus_labels,,,macro_class,bg_tail_enrich_10,0.9025210405864662,0.8387047903986098,0.9624918964796743,145,147,464,470,20,5000,5000,1.0,3021694564,20260901
s_negmag,all_positive_classes,3plus_labels,,,macro_class,target_top20_fraction,0.10625871242532345,0.08768869143250341,0.12902476174973285,147,147,470,470,20,5000,5000,1.0,3021694564,20260901
s_negmag,all_positive_classes,3plus_labels,,,macro_class,other_fg_top20_fraction,0.35401903490297226,0.3168822370828698,0.41237058297712004,147,147,470,470,20,5000,5000,1.0,3021694564,20260901
s_negmag,all_positive_classes,3plus_labels,,,macro_class,bg_top20_fraction,0.5392424298841845,0.4738447919828992,0.5807144009148283,147,147,470,470,20,5000,5000,1.0,3021694564,20260901
s_negmag,all_positive_classes,3plus_labels,,,macro_class,target_tail_enrich_20,1.0160195882779899,0.8162655511983047,1.2475428975377778,147,147,415,470,19,5000,5000,1.0,3021694564,20260901
s_negmag,all_positive_classes,3plus_labels,,,macro_class,other_fg_tail_enrich_20,1.8186476167088332,1.5931669588130937,1.921504434886174,147,147,463,470,20,5000,5000,1.0,3021694564,20260901
s_negmag,all_positive_classes,3plus_labels,,,macro_class,bg_tail_enrich_20,0.8956224301742539,0.8438227883229242,0.9436462968491757,145,147,464,470,20,5000,5000,1.0,3021694564,20260901
s_negmag,all_positive_classes,3plus_labels,,,macro_class,auc_target_bg,0.43153549441977895,0.39426583550909183,0.46662451430057306,145,147,409,470,19,5000,5000,1.0,3021694564,20260901
s_negmag,all_positive_classes,3plus_labels,,,macro_class,ap_target_bg,0.2125915097306407,0.17618418850810685,0.25631296073778415,145,147,409,470,19,5000,5000,1.0,3021694564,20260901
s_negmag,all_positive_classes,3plus_labels,,,macro_class,auc_target_other,0.3565542779107514,0.3209802773400845,0.40828223229919025,140,147,408,470,19,5000,5000,1.0,3021694564,20260901
s_negmag,all_positive_classes,3plus_labels,,,macro_class,ap_target_other,0.4161986390232187,0.3520637357333753,0.44523145808706344,140,147,408,470,19,5000,5000,1.0,3021694564,20260901
s_negmag,all_positive_classes,3plus_labels,,,macro_class,target_mean,-52.3441271982667,-86.09425014260569,-24.99140869451161,147,147,415,470,19,5000,5000,1.0,3021694564,20260901
s_negmag,all_positive_classes,3plus_labels,,,macro_class,other_fg_mean,93.24536662000075,53.74375550475832,136.80285448793722,147,147,463,470,20,5000,5000,1.0,3021694564,20260901
s_negmag,all_positive_classes,3plus_labels,,,macro_class,bg_mean,-25.343947413560805,-61.610085325110816,20.587624130125715,145,147,464,470,20,5000,5000,1.0,3021694564,20260901
s_negmag,all_positive_classes,3plus_labels,,,macro_class,target_median,-54.303514769762195,-88.29242624536425,-27.377447369142384,147,147,415,470,19,5000,5000,1.0,3021694564,20260901
s_negmag,all_positive_classes,3plus_labels,,,macro_class,other_fg_median,104.24649735175763,57.82366295345763,154.86364531678026,147,147,463,470,20,5000,5000,1.0,3021694564,20260901
s_negmag,all_positive_classes,3plus_labels,,,macro_class,bg_median,-8.84947400451343,-42.48515849545083,31.923967118643002,145,147,464,470,20,5000,5000,1.0,3021694564,20260901
s_negmag,all_positive_classes,3plus_labels,,,macro_class,spatial_mass_target,0.1426229073655118,0.08870925595221575,0.2013420088456666,147,147,470,470,20,5000,5000,1.0,3021694564,20260901
s_negmag,all_positive_classes,3plus_labels,,,macro_class,spatial_mass_other_fg,0.3273203558766182,0.2679691240025399,0.4129783219282668,147,147,470,470,20,5000,5000,1.0,3021694564,20260901
s_negmag,all_positive_classes,3plus_labels,,,macro_class,spatial_mass_background,0.4691589220498469,0.36047668960367324,0.5556594037518385,147,147,470,470,20,5000,5000,1.0,3021694564,20260901
s_negmag,per_class,all,0,aeroplane,micro,target_hit,0.4,0.3,0.5,90,90,90,90,,5000,5000,1.0,3021694564,20260901
s_negmag,per_class,all,0,aeroplane,micro,other_fg_hit,0.0,0.0,0.0,90,90,90,90,,5000,5000,1.0,3021694564,20260901
s_negmag,per_class,all,0,aeroplane,micro,background_hit,0.5888888888888889,0.4888888888888889,0.6888888888888889,90,90,90,90,,5000,5000,1.0,3021694564,20260901
s_negmag,per_class,all,0,aeroplane,micro,target_top05_fraction,0.17484680265382013,0.13576953594716748,0.21544922214001155,90,90,90,90,,5000,5000,1.0,3021694564,20260901
s_negmag,per_class,all,0,aeroplane,micro,other_fg_top05_fraction,0.010452971894619491,0.0014544909281751387,0.024971713704551226,90,90,90,90,,5000,5000,1.0,3021694564,20260901
s_negmag,per_class,all,0,aeroplane,micro,bg_top05_fraction,0.8141375473888821,0.7714784208915123,0.8542974709140326,90,90,90,90,,5000,5000,1.0,3021694564,20260901
s_negmag,per_class,all,0,aeroplane,micro,target_tail_enrich_05,1.0817079081756535,0.7259953832334417,1.5363697132667309,87,90,87,90,,5000,5000,1.0,3021694564,20260901
s_negmag,per_class,all,0,aeroplane,micro,other_fg_tail_enrich_05,2.9796241443059843,0.5206780549220688,6.574731654181056,13,90,13,90,,5000,5000,1.0,3021694564,20260901
s_negmag,per_class,all,0,aeroplane,micro,bg_tail_enrich_05,1.0435042468951288,0.9926503588918317,1.0932984670375214,90,90,90,90,,5000,5000,1.0,3021694564,20260901
s_negmag,per_class,all,0,aeroplane,micro,target_top10_fraction,0.1561140795556981,0.12286040891593494,0.1904317030264884,90,90,90,90,,5000,5000,1.0,3021694564,20260901
s_negmag,per_class,all,0,aeroplane,micro,other_fg_top10_fraction,0.012522823307720329,0.0019066859066859069,0.031382005656433565,90,90,90,90,,5000,5000,1.0,3021694564,20260901
s_negmag,per_class,all,0,aeroplane,micro,bg_top10_fraction,0.8309356998737413,0.7924371516016842,0.8668510370006712,90,90,90,90,,5000,5000,1.0,3021694564,20260901
s_negmag,per_class,all,0,aeroplane,micro,target_tail_enrich_10,0.9458720186825506,0.6829331865838945,1.2636953692618935,87,90,87,90,,5000,5000,1.0,3021694564,20260901
s_negmag,per_class,all,0,aeroplane,micro,other_fg_tail_enrich_10,2.7457927967050395,0.956488582534844,4.8120134851884275,13,90,13,90,,5000,5000,1.0,3021694564,20260901
s_negmag,per_class,all,0,aeroplane,micro,bg_tail_enrich_10,1.0677100854818156,1.0235259555824752,1.1120449960928984,90,90,90,90,,5000,5000,1.0,3021694564,20260901
s_negmag,per_class,all,0,aeroplane,micro,target_top20_fraction,0.15785249588821934,0.12720541074265765,0.1900999633140679,90,90,90,90,,5000,5000,1.0,3021694564,20260901
s_negmag,per_class,all,0,aeroplane,micro,other_fg_top20_fraction,0.013018942387408732,0.0017563721544975686,0.03352885703467505,90,90,90,90,,5000,5000,1.0,3021694564,20260901
s_negmag,per_class,all,0,aeroplane,micro,bg_top20_fraction,0.828913943603547,0.7928634712913861,0.8630625748132348,90,90,90,90,,5000,5000,1.0,3021694564,20260901
s_negmag,per_class,all,0,aeroplane,micro,target_tail_enrich_20,0.9021367956210593,0.7199489127999329,1.1065036088018285,87,90,87,90,,5000,5000,1.0,3021694564,20260901
s_negmag,per_class,all,0,aeroplane,micro,other_fg_tail_enrich_20,2.010060680041871,0.9858757062316494,3.05225253701365,13,90,13,90,,5000,5000,1.0,3021694564,20260901
s_negmag,per_class,all,0,aeroplane,micro,bg_tail_enrich_20,1.0623162574600538,1.0219829691975166,1.1033897982408452,90,90,90,90,,5000,5000,1.0,3021694564,20260901
s_negmag,per_class,all,0,aeroplane,micro,auc_target_bg,0.3772193826483713,0.3387236057931815,0.4184608723977222,87,90,87,90,,5000,5000,1.0,3021694564,20260901
s_negmag,per_class,all,0,aeroplane,micro,ap_target_bg,0.20783096317126215,0.1770496108824728,0.23980705470872818,87,90,87,90,,5000,5000,1.0,3021694564,20260901
s_negmag,per_class,all,0,aeroplane,micro,auc_target_other,0.36609518094691357,0.21647280806228805,0.5263873959800521,12,90,12,90,,5000,5000,1.0,3021694564,20260901
s_negmag,per_class,all,0,aeroplane,micro,ap_target_other,0.8613086721756931,0.787256197525077,0.9202801673778759,12,90,12,90,,5000,5000,1.0,3021694564,20260901
s_negmag,per_class,all,0,aeroplane,micro,target_mean,-35.45344367621348,-61.391192417063564,-6.74536313112617,87,90,87,90,,5000,5000,1.0,3021694564,20260901
s_negmag,per_class,all,0,aeroplane,micro,other_fg_mean,31.663046793429995,-47.62338986430686,145.12544661086653,13,90,13,90,,5000,5000,1.0,3021694564,20260901
s_negmag,per_class,all,0,aeroplane,micro,bg_mean,6.721079205913923,-4.68066298607137,18.345946090333367,90,90,90,90,,5000,5000,1.0,3021694564,20260901
s_negmag,per_class,all,0,aeroplane,micro,target_median,-66.50021218517045,-89.51977144921324,-41.84608412585433,87,90,87,90,,5000,5000,1.0,3021694564,20260901
s_negmag,per_class,all,0,aeroplane,micro,other_fg_median,28.495321640601524,-53.214103479683395,144.13850767034455,13,90,13,90,,5000,5000,1.0,3021694564,20260901
s_negmag,per_class,all,0,aeroplane,micro,bg_median,-38.0299136294259,-45.64892988923523,-29.83192782779535,90,90,90,90,,5000,5000,1.0,3021694564,20260901
s_negmag,per_class,all,0,aeroplane,micro,spatial_mass_target,0.39581941101286144,0.29584711033436983,0.4989385863807466,90,90,90,90,,5000,5000,1.0,3021694564,20260901
s_negmag,per_class,all,0,aeroplane,micro,spatial_mass_other_fg,1.2825453489363603e-09,0.0,3.847636046809081e-09,90,90,90,90,,5000,5000,1.0,3021694564,20260901
s_negmag,per_class,all,0,aeroplane,micro,spatial_mass_background,0.548646155626943,0.4483945991692759,0.6487744256758562,90,90,90,90,,5000,5000,1.0,3021694564,20260901
s_negmag,per_class,all,1,bicycle,micro,target_hit,0.02531645569620253,0.0,0.06329113924050633,79,79,79,79,,5000,5000,1.0,3021694564,20260901
s_negmag,per_class,all,1,bicycle,micro,other_fg_hit,0.12658227848101267,0.06329113924050633,0.20253164556962025,79,79,79,79,,5000,5000,1.0,3021694564,20260901
s_negmag,per_class,all,1,bicycle,micro,background_hit,0.8481012658227848,0.7721518987341772,0.9240506329113924,79,79,79,79,,5000,5000,1.0,3021694564,20260901
s_negmag,per_class,all,1,bicycle,micro,target_top05_fraction,0.037874299578996434,0.026166258476366687,0.050826150177581325,79,79,79,79,,5000,5000,1.0,3021694564,20260901
s_negmag,per_class,all,1,bicycle,micro,other_fg_top05_fraction,0.162639424062201,0.11194824721112341,0.2195357333639777,79,79,79,79,,5000,5000,1.0,3021694564,20260901
s_negmag,per_class,all,1,bicycle,micro,bg_top05_fraction,0.7994862763588021,0.7424801559350707,0.8507557647923382,79,79,79,79,,5000,5000,1.0,3021694564,20260901
s_negmag,per_class,all,1,bicycle,micro,target_tail_enrich_05,0.5160593689371507,0.3135632377482041,0.7786287357707254,71,79,71,79,,5000,5000,1.0,3021694564,20260901
s_negmag,per_class,all,1,bicycle,micro,other_fg_tail_enrich_05,2.431992010947578,1.5688983055602372,3.475536742004632,48,79,48,79,,5000,5000,1.0,3021694564,20260901
s_negmag,per_class,all,1,bicycle,micro,bg_tail_enrich_05,1.049384264742952,0.9789672266175835,1.1206747091919764,79,79,79,79,,5000,5000,1.0,3021694564,20260901
s_negmag,per_class,all,1,bicycle,micro,target_top10_fraction,0.0347961402579201,0.024585042347825388,0.04636814734889037,79,79,79,79,,5000,5000,1.0,3021694564,20260901
s_negmag,per_class,all,1,bicycle,micro,other_fg_top10_fraction,0.19893416543323894,0.14364642783373507,0.25868461212903643,79,79,79,79,,5000,5000,1.0,3021694564,20260901
s_negmag,per_class,all,1,bicycle,micro,bg_top10_fraction,0.7660986371757583,0.7070402242138404,0.8203280919479836,79,79,79,79,,5000,5000,1.0,3021694564,20260901
s_negmag,per_class,all,1,bicycle,micro,target_tail_enrich_10,0.4493414794817485,0.29531710239893955,0.6429841466964292,71,79,71,79,,5000,5000,1.0,3021694564,20260901
s_negmag,per_class,all,1,bicycle,micro,other_fg_tail_enrich_10,2.657131237125171,2.0602804472947085,3.343219544500345,48,79,48,79,,5000,5000,1.0,3021694564,20260901
s_negmag,per_class,all,1,bicycle,micro,bg_tail_enrich_10,0.9911334723451719,0.9264633653505954,1.0533116852620792,79,79,79,79,,5000,5000,1.0,3021694564,20260901
s_negmag,per_class,all,1,bicycle,micro,target_top20_fraction,0.034521907228173984,0.0251004577924035,0.04471379949509308,79,79,79,79,,5000,5000,1.0,3021694564,20260901
s_negmag,per_class,all,1,bicycle,micro,other_fg_top20_fraction,0.2046999398476319,0.14683790709063899,0.2655517967043015,79,79,79,79,,5000,5000,1.0,3021694564,20260901
s_negmag,per_class,all,1,bicycle,micro,bg_top20_fraction,0.7606920425306695,0.702052306799307,0.8168641095785817,79,79,79,79,,5000,5000,1.0,3021694564,20260901
s_negmag,per_class,all,1,bicycle,micro,target_tail_enrich_20,0.43452153759825124,0.3164290441340695,0.5690327195367152,71,79,71,79,,5000,5000,1.0,3021694564,20260901
s_negmag,per_class,all,1,bicycle,micro,other_fg_tail_enrich_20,2.213772617141604,1.877061500578073,2.581684283129286,48,79,48,79,,5000,5000,1.0,3021694564,20260901
s_negmag,per_class,all,1,bicycle,micro,bg_tail_enrich_20,0.9755266437453076,0.9144584325187162,1.0327675287060765,79,79,79,79,,5000,5000,1.0,3021694564,20260901
s_negmag,per_class,all,1,bicycle,micro,auc_target_bg,0.23809015750720328,0.2039226996970177,0.2733132570598728,71,79,71,79,,5000,5000,1.0,3021694564,20260901
s_negmag,per_class,all,1,bicycle,micro,ap_target_bg,0.0890766838231069,0.07269948622523435,0.10612916403516612,71,79,71,79,,5000,5000,1.0,3021694564,20260901
s_negmag,per_class,all,1,bicycle,micro,auc_target_other,0.20485810352486603,0.15546701120145717,0.2582251968385631,41,79,41,79,,5000,5000,1.0,3021694564,20260901
s_negmag,per_class,all,1,bicycle,micro,ap_target_other,0.26791094999238346,0.19352655477821662,0.35110688919159966,41,79,41,79,,5000,5000,1.0,3021694564,20260901
s_negmag,per_class,all,1,bicycle,micro,target_mean,-113.33140297823653,-137.1694501503529,-80.06587834454189,71,79,71,79,,5000,5000,1.0,3021694564,20260901
s_negmag,per_class,all,1,bicycle,micro,other_fg_mean,35.775670536057895,-2.547478256478018,79.40537418993861,48,79,48,79,,5000,5000,1.0,3021694564,20260901
s_negmag,per_class,all,1,bicycle,micro,bg_mean,-19.73584354778217,-41.348925437818764,10.30212092958012,79,79,79,79,,5000,5000,1.0,3021694564,20260901
s_negmag,per_class,all,1,bicycle,micro,target_median,-122.11886314607003,-144.77446873088434,-92.43636328434374,71,79,71,79,,5000,5000,1.0,3021694564,20260901
s_negmag,per_class,all,1,bicycle,micro,other_fg_median,52.49400087694327,2.700091823077371,109.92732544466843,48,79,48,79,,5000,5000,1.0,3021694564,20260901
s_negmag,per_class,all,1,bicycle,micro,bg_median,-25.24661555975864,-51.142160996119195,9.945934356717217,79,79,79,79,,5000,5000,1.0,3021694564,20260901
s_negmag,per_class,all,1,bicycle,micro,spatial_mass_target,0.025316455698160573,3.797244104860176e-27,0.06329113924246436,79,79,79,79,,5000,5000,1.0,3021694564,20260901
s_negmag,per_class,all,1,bicycle,micro,spatial_mass_other_fg,0.11392405150539066,0.05063291139240521,0.18987341772151906,79,79,79,79,,5000,5000,1.0,3021694564,20260901
s_negmag,per_class,all,1,bicycle,micro,spatial_mass_background,0.7848534850710178,0.6962025278731238,0.8734610769897699,79,79,79,79,,5000,5000,1.0,3021694564,20260901
s_negmag,per_class,all,2,bird,micro,target_hit,0.24271844660194175,0.1650485436893204,0.32063106796116153,103,103,103,103,,5000,5000,1.0,3021694564,20260901
s_negmag,per_class,all,2,bird,micro,other_fg_hit,0.02912621359223301,0.0,0.06796116504854369,103,103,103,103,,5000,5000,1.0,3021694564,20260901
s_negmag,per_class,all,2,bird,micro,background_hit,0.7281553398058253,0.6407766990291263,0.8155339805825242,103,103,103,103,,5000,5000,1.0,3021694564,20260901
s_negmag,per_class,all,2,bird,micro,target_top05_fraction,0.14662634461433638,0.11193413600749445,0.1853373614441256,103,103,103,103,,5000,5000,1.0,3021694564,20260901
s_negmag,per_class,all,2,bird,micro,other_fg_top05_fraction,0.05130317363327072,0.018621757153310554,0.09047386674813856,103,103,103,103,,5000,5000,1.0,3021694564,20260901
s_negmag,per_class,all,2,bird,micro,bg_top05_fraction,0.8020704817523928,0.7536026289188015,0.8470118855907051,103,103,103,103,,5000,5000,1.0,3021694564,20260901
s_negmag,per_class,all,2,bird,micro,target_tail_enrich_05,0.8141387932064164,0.5837502300084964,1.1076921761854965,99,103,99,103,,5000,5000,1.0,3021694564,20260901
s_negmag,per_class,all,2,bird,micro,other_fg_tail_enrich_05,1.2975798803201026,0.7872402485340722,1.8534589349030302,9,103,9,103,,5000,5000,1.0,3021694564,20260901
s_negmag,per_class,all,2,bird,micro,bg_tail_enrich_05,1.061524297725658,1.0006758743884774,1.1229532047227413,103,103,103,103,,5000,5000,1.0,3021694564,20260901
s_negmag,per_class,all,2,bird,micro,target_top10_fraction,0.17786698909659818,0.1393226644505984,0.21813148616645306,103,103,103,103,,5000,5000,1.0,3021694564,20260901
s_negmag,per_class,all,2,bird,micro,other_fg_top10_fraction,0.048278694571477536,0.017114499663350588,0.0855123644345428,103,103,103,103,,5000,5000,1.0,3021694564,20260901
s_negmag,per_class,all,2,bird,micro,bg_top10_fraction,0.7737298453336668,0.7268643539944714,0.81857592034887,103,103,103,103,,5000,5000,1.0,3021694564,20260901
s_negmag,per_class,all,2,bird,micro,target_tail_enrich_10,1.0601895255791567,0.8359955262318876,1.3138486331228656,99,103,99,103,,5000,5000,1.0,3021694564,20260901
s_negmag,per_class,all,2,bird,micro,other_fg_tail_enrich_10,1.199374059797186,0.7289516511752537,1.7118195478839637,9,103,9,103,,5000,5000,1.0,3021694564,20260901
s_negmag,per_class,all,2,bird,micro,bg_tail_enrich_10,1.0104924490751905,0.962790037323605,1.0568085010737613,103,103,103,103,,5000,5000,1.0,3021694564,20260901
s_negmag,per_class,all,2,bird,micro,target_top20_fraction,0.2000290058817582,0.15942381689061838,0.2430203297545508,103,103,103,103,,5000,5000,1.0,3021694564,20260901
s_negmag,per_class,all,2,bird,micro,other_fg_top20_fraction,0.044275286761103844,0.015148061933021218,0.07933280935339339,103,103,103,103,,5000,5000,1.0,3021694564,20260901
s_negmag,per_class,all,2,bird,micro,bg_top20_fraction,0.755323483575725,0.7079983847757461,0.8001464163082103,103,103,103,103,,5000,5000,1.0,3021694564,20260901
s_negmag,per_class,all,2,bird,micro,target_tail_enrich_20,1.1484620011364282,0.964517951018614,1.3475460483919688,99,103,99,103,,5000,5000,1.0,3021694564,20260901
s_negmag,per_class,all,2,bird,micro,other_fg_tail_enrich_20,1.0484593373625668,0.6430604838113696,1.4773253990590551,9,103,9,103,,5000,5000,1.0,3021694564,20260901
s_negmag,per_class,all,2,bird,micro,bg_tail_enrich_20,0.9688840335827236,0.926752088364463,1.0077354682057833,103,103,103,103,,5000,5000,1.0,3021694564,20260901
s_negmag,per_class,all,2,bird,micro,auc_target_bg,0.4686513480949516,0.4307633945480186,0.5061206674138351,99,103,99,103,,5000,5000,1.0,3021694564,20260901
s_negmag,per_class,all,2,bird,micro,ap_target_bg,0.22010252810522235,0.1836737393037634,0.25856948075948766,99,103,99,103,,5000,5000,1.0,3021694564,20260901
s_negmag,per_class,all,2,bird,micro,auc_target_other,0.4986360340232201,0.22581142359102885,0.7116774555217541,5,103,5,103,,5000,4969,0.9938,3021694564,20260901
s_negmag,per_class,all,2,bird,micro,ap_target_other,0.36983127390571446,0.06626864593631741,0.7524590923599536,5,103,5,103,,5000,4969,0.9938,3021694564,20260901
s_negmag,per_class,all,2,bird,micro,target_mean,-17.08555354608645,-108.76986750849655,47.145343474155474,99,103,99,103,,5000,5000,1.0,3021694564,20260901
s_negmag,per_class,all,2,bird,micro,other_fg_mean,-57.74222891414385,-421.2912548395031,283.96756731152846,9,103,9,103,,5000,5000,1.0,3021694564,20260901
s_negmag,per_class,all,2,bird,micro,bg_mean,41.39538106652457,-1.8038643112598494,78.94355897522772,103,103,103,103,,5000,5000,1.0,3021694564,20260901
s_negmag,per_class,all,2,bird,micro,target_median,-57.87063901434944,-132.6796232839626,-2.4318875614571245,99,103,99,103,,5000,5000,1.0,3021694564,20260901
s_negmag,per_class,all,2,bird,micro,other_fg_median,102.78831683264838,-152.24584148762716,406.63795561875577,9,103,9,103,,5000,5000,1.0,3021694564,20260901
s_negmag,per_class,all,2,bird,micro,bg_median,-52.96103508264116,-82.30802507464169,-24.736271177970092,103,103,103,103,,5000,5000,1.0,3021694564,20260901
s_negmag,per_class,all,2,bird,micro,spatial_mass_target,0.24271585003843585,0.1650459471258145,0.3206307433907233,103,103,103,103,,5000,5000,1.0,3021694564,20260901
s_negmag,per_class,all,2,bird,micro,spatial_mass_other_fg,0.029126970676391032,7.570841580231502e-07,0.06796116504854369,103,103,103,103,,5000,5000,1.0,3021694564,20260901
s_negmag,per_class,all,2,bird,micro,spatial_mass_background,0.6990309652953761,0.6116504854224261,0.7864077664116054,103,103,103,103,,5000,5000,1.0,3021694564,20260901
s_negmag,per_class,all,3,boat,micro,target_hit,0.19444444444444445,0.1111111111111111,0.2916666666666667,72,72,72,72,,5000,5000,1.0,3021694564,20260901
s_negmag,per_class,all,3,boat,micro,other_fg_hit,0.05555555555555555,0.013888888888888888,0.1111111111111111,72,72,72,72,,5000,5000,1.0,3021694564,20260901
s_negmag,per_class,all,3,boat,micro,background_hit,0.75,0.6388888888888888,0.8472222222222222,72,72,72,72,,5000,5000,1.0,3021694564,20260901
s_negmag,per_class,all,3,boat,micro,target_top05_fraction,0.1541715515022091,0.10432074213136175,0.21136984699763242,72,72,72,72,,5000,5000,1.0,3021694564,20260901
s_negmag,per_class,all,3,boat,micro,other_fg_top05_fraction,0.03801200709095446,0.012910747918971602,0.06868271874028443,72,72,72,72,,5000,5000,1.0,3021694564,20260901
s_negmag,per_class,all,3,boat,micro,bg_top05_fraction,0.807469219184614,0.7471470752329307,0.8628810057464679,72,72,72,72,,5000,5000,1.0,3021694564,20260901
s_negmag,per_class,all,3,boat,micro,target_tail_enrich_05,0.9586445354131329,0.5789580504110179,1.4189119553670606,69,72,69,72,,5000,5000,1.0,3021694564,20260901
s_negmag,per_class,all,3,boat,micro,other_fg_tail_enrich_05,3.694041675360288,1.2038425673157662,6.750735445331159,17,72,17,72,,5000,5000,1.0,3021694564,20260901
s_negmag,per_class,all,3,boat,micro,bg_tail_enrich_05,1.0538388847458409,0.9606326962519159,1.1632987224978317,72,72,72,72,,5000,5000,1.0,3021694564,20260901
s_negmag,per_class,all,3,boat,micro,target_top10_fraction,0.16482406478842715,0.11742068660565573,0.2201317440022183,72,72,72,72,,5000,5000,1.0,3021694564,20260901
s_negmag,per_class,all,3,boat,micro,other_fg_top10_fraction,0.0391931115413166,0.014108933102603688,0.06932991367933283,72,72,72,72,,5000,5000,1.0,3021694564,20260901
s_negmag,per_class,all,3,boat,micro,bg_top10_fraction,0.795262884800066,0.738291960074979,0.8475578119846378,72,72,72,72,,5000,5000,1.0,3021694564,20260901
s_negmag,per_class,all,3,boat,micro,target_tail_enrich_10,1.02226769039072,0.6983481960127397,1.3938183076899375,69,72,69,72,,5000,5000,1.0,3021694564,20260901
s_negmag,per_class,all,3,boat,micro,other_fg_tail_enrich_10,2.8859337575463053,1.3357377708209628,4.67133172872133,17,72,17,72,,5000,5000,1.0,3021694564,20260901
s_negmag,per_class,all,3,boat,micro,bg_tail_enrich_10,1.02458455226278,0.9525703050120726,1.0982029195075569,72,72,72,72,,5000,5000,1.0,3021694564,20260901
s_negmag,per_class,all,3,boat,micro,target_top20_fraction,0.18992895306650154,0.14130791575398638,0.24399380290436878,72,72,72,72,,5000,5000,1.0,3021694564,20260901
s_negmag,per_class,all,3,boat,micro,other_fg_top20_fraction,0.039409503821416635,0.01400537727482651,0.07107945031239232,72,72,72,72,,5000,5000,1.0,3021694564,20260901
s_negmag,per_class,all,3,boat,micro,bg_top20_fraction,0.7699334118555788,0.7135771928919862,0.8225455360838917,72,72,72,72,,5000,5000,1.0,3021694564,20260901
s_negmag,per_class,all,3,boat,micro,target_tail_enrich_20,1.1521058820516148,0.9021599379156228,1.4192706255911118,69,72,69,72,,5000,5000,1.0,3021694564,20260901
s_negmag,per_class,all,3,boat,micro,other_fg_tail_enrich_20,2.37052122691436,1.5940382834429494,3.1483401077269204,17,72,17,72,,5000,5000,1.0,3021694564,20260901
s_negmag,per_class,all,3,boat,micro,bg_tail_enrich_20,0.9784880247129346,0.9170757624075737,1.0374691716736344,72,72,72,72,,5000,5000,1.0,3021694564,20260901
s_negmag,per_class,all,3,boat,micro,auc_target_bg,0.4727665271778852,0.41211334597899457,0.5317267794479701,69,72,69,72,,5000,5000,1.0,3021694564,20260901
s_negmag,per_class,all,3,boat,micro,ap_target_bg,0.22488324638222998,0.17686505339789463,0.276752552592523,69,72,69,72,,5000,5000,1.0,3021694564,20260901
s_negmag,per_class,all,3,boat,micro,auc_target_other,0.3646643207366714,0.2428208911113705,0.4928528771458544,15,72,15,72,,5000,5000,1.0,3021694564,20260901
s_negmag,per_class,all,3,boat,micro,ap_target_other,0.6285711909749658,0.4618582412773346,0.7803974737867123,15,72,15,72,,5000,5000,1.0,3021694564,20260901
s_negmag,per_class,all,3,boat,micro,target_mean,3.8098449172720588,-25.930906942510706,32.650339952644075,69,72,69,72,,5000,5000,1.0,3021694564,20260901
s_negmag,per_class,all,3,boat,micro,other_fg_mean,84.0452045330491,45.694241824816395,123.78657419263608,17,72,17,72,,5000,5000,1.0,3021694564,20260901
s_negmag,per_class,all,3,boat,micro,bg_mean,29.813196421707207,16.33704202051716,43.92797449274309,72,72,72,72,,5000,5000,1.0,3021694564,20260901
s_negmag,per_class,all,3,boat,micro,target_median,-21.364924458489902,-49.109838613332094,5.5606806858969415,69,72,69,72,,5000,5000,1.0,3021694564,20260901
s_negmag,per_class,all,3,boat,micro,other_fg_median,77.75024127960205,38.718818205514104,117.58221541630043,17,72,17,72,,5000,5000,1.0,3021694564,20260901
s_negmag,per_class,all,3,boat,micro,bg_median,-25.442592761582798,-34.82556966489388,-16.321257113499772,72,72,72,72,,5000,5000,1.0,3021694564,20260901
s_negmag,per_class,all,3,boat,micro,spatial_mass_target,0.18036006473866403,0.09721653494573274,0.27720214180238445,72,72,72,72,,5000,5000,1.0,3021694564,20260901
s_negmag,per_class,all,3,boat,micro,spatial_mass_other_fg,0.04144531985124001,4.879835865540435e-16,0.09655818177594128,72,72,72,72,,5000,5000,1.0,3021694564,20260901
s_negmag,per_class,all,3,boat,micro,spatial_mass_background,0.722639061093545,0.6117580248653041,0.8198669350719063,72,72,72,72,,5000,5000,1.0,3021694564,20260901
s_negmag,per_class,all,4,bottle,micro,target_hit,0.14583333333333334,0.08333333333333333,0.21875,96,96,96,96,,5000,5000,1.0,3021694564,20260901
s_negmag,per_class,all,4,bottle,micro,other_fg_hit,0.34375,0.25,0.4375,96,96,96,96,,5000,5000,1.0,3021694564,20260901
s_negmag,per_class,all,4,bottle,micro,background_hit,0.5104166666666666,0.40625,0.6041666666666666,96,96,96,96,,5000,5000,1.0,3021694564,20260901
s_negmag,per_class,all,4,bottle,micro,target_top05_fraction,0.12699395766394606,0.08760567763700022,0.17247452485571677,96,96,96,96,,5000,5000,1.0,3021694564,20260901
s_negmag,per_class,all,4,bottle,micro,other_fg_top05_fraction,0.341734905853934,0.27219988366536957,0.41638291429005053,96,96,96,96,,5000,5000,1.0,3021694564,20260901
s_negmag,per_class,all,4,bottle,micro,bg_top05_fraction,0.5312711364821201,0.46485209560613083,0.5960073325857708,96,96,96,96,,5000,5000,1.0,3021694564,20260901
s_negmag,per_class,all,4,bottle,micro,target_tail_enrich_05,1.1369215262823855,0.7128785941655376,1.620721846799358,87,96,87,96,,5000,5000,1.0,3021694564,20260901
s_negmag,per_class,all,4,bottle,micro,other_fg_tail_enrich_05,1.407137606381294,1.1324962529652536,1.722495319779275,60,96,60,96,,5000,5000,1.0,3021694564,20260901
s_negmag,per_class,all,4,bottle,micro,bg_tail_enrich_05,1.2250744702816672,0.9911632320525404,1.5422381425188447,93,96,93,96,,5000,5000,1.0,3021694564,20260901
s_negmag,per_class,all,4,bottle,micro,target_top10_fraction,0.13398590067076457,0.09506844998118576,0.1780369953736226,96,96,96,96,,5000,5000,1.0,3021694564,20260901
s_negmag,per_class,all,4,bottle,micro,other_fg_top10_fraction,0.3359159557004401,0.2692156659920067,0.40634678352707676,96,96,96,96,,5000,5000,1.0,3021694564,20260901
s_negmag,per_class,all,4,bottle,micro,bg_top10_fraction,0.5300981436287954,0.4686431028990542,0.589052635343769,96,96,96,96,,5000,5000,1.0,3021694564,20260901
s_negmag,per_class,all,4,bottle,micro,target_tail_enrich_10,1.1437677872751346,0.8182137842561508,1.5108938156761742,87,96,87,96,,5000,5000,1.0,3021694564,20260901
s_negmag,per_class,all,4,bottle,micro,other_fg_tail_enrich_10,1.3158206787999818,1.094018700383379,1.5627292829416588,60,96,60,96,,5000,5000,1.0,3021694564,20260901
s_negmag,per_class,all,4,bottle,micro,bg_tail_enrich_10,1.1577382372237337,0.9824708833463669,1.373658177310335,93,96,93,96,,5000,5000,1.0,3021694564,20260901
s_negmag,per_class,all,4,bottle,micro,target_top20_fraction,0.14042352204842842,0.10190073425299975,0.18450317945662176,96,96,96,96,,5000,5000,1.0,3021694564,20260901
s_negmag,per_class,all,4,bottle,micro,other_fg_top20_fraction,0.3381438702161117,0.27333325285769067,0.40803064880327267,96,96,96,96,,5000,5000,1.0,3021694564,20260901
s_negmag,per_class,all,4,bottle,micro,bg_top20_fraction,0.5211614089741562,0.4646438238981993,0.5768398649738302,96,96,96,96,,5000,5000,1.0,3021694564,20260901
s_negmag,per_class,all,4,bottle,micro,target_tail_enrich_20,1.0420039095351659,0.8134663266629792,1.291001720673878,87,96,87,96,,5000,5000,1.0,3021694564,20260901
s_negmag,per_class,all,4,bottle,micro,other_fg_tail_enrich_20,1.2977579565941064,1.1320288407698385,1.4771949715510833,60,96,60,96,,5000,5000,1.0,3021694564,20260901
s_negmag,per_class,all,4,bottle,micro,bg_tail_enrich_20,1.0739313046649417,0.9396509915060272,1.227053245178322,93,96,93,96,,5000,5000,1.0,3021694564,20260901
s_negmag,per_class,all,4,bottle,micro,auc_target_bg,0.382482881041888,0.3308234005379349,0.43376356669183536,84,96,84,96,,5000,5000,1.0,3021694564,20260901
s_negmag,per_class,all,4,bottle,micro,ap_target_bg,0.20299228651841836,0.16261095353388286,0.2459626687632609,84,96,84,96,,5000,5000,1.0,3021694564,20260901
s_negmag,per_class,all,4,bottle,micro,auc_target_other,0.4006071550035689,0.32752720618146997,0.47367146678056427,51,96,51,96,,5000,5000,1.0,3021694564,20260901
s_negmag,per_class,all,4,bottle,micro,ap_target_other,0.15024422879295696,0.09893027099159214,0.20760412697063246,51,96,51,96,,5000,5000,1.0,3021694564,20260901
s_negmag,per_class,all,4,bottle,micro,target_mean,-74.3934568600337,-116.87254604208363,-36.42265401833414,87,96,87,96,,5000,5000,1.0,3021694564,20260901
s_negmag,per_class,all,4,bottle,micro,other_fg_mean,88.38473879549409,32.8476348728467,152.951664155649,60,96,60,96,,5000,5000,1.0,3021694564,20260901
s_negmag,per_class,all,4,bottle,micro,bg_mean,20.68103739660395,-13.856106741553317,56.69574216282465,93,96,93,96,,5000,5000,1.0,3021694564,20260901
s_negmag,per_class,all,4,bottle,micro,target_median,-91.77885681502093,-132.95062918581286,-55.16227582207043,87,96,87,96,,5000,5000,1.0,3021694564,20260901
s_negmag,per_class,all,4,bottle,micro,other_fg_median,86.91916026063264,27.439382320639144,155.52596075845574,60,96,60,96,,5000,5000,1.0,3021694564,20260901
s_negmag,per_class,all,4,bottle,micro,bg_median,4.440405305034371,-29.26095393388062,44.280323965455906,93,96,93,96,,5000,5000,1.0,3021694564,20260901
s_negmag,per_class,all,4,bottle,micro,spatial_mass_target,0.1331528867599017,0.06957297710203486,0.2027258638607214,96,96,96,96,,5000,5000,1.0,3021694564,20260901
s_negmag,per_class,all,4,bottle,micro,spatial_mass_other_fg,0.3450428190048729,0.25134662266117785,0.4387215586430158,96,96,96,96,,5000,5000,1.0,3021694564,20260901
s_negmag,per_class,all,4,bottle,micro,spatial_mass_background,0.49042792818105996,0.3894990438499175,0.5887935344697284,96,96,96,96,,5000,5000,1.0,3021694564,20260901
s_negmag,per_class,all,5,bus,micro,target_hit,0.5675675675675675,0.44594594594594594,0.6756756756756757,74,74,74,74,,5000,5000,1.0,3021694564,20260901
s_negmag,per_class,all,5,bus,micro,other_fg_hit,0.04054054054054054,0.0,0.0945945945945946,74,74,74,74,,5000,5000,1.0,3021694564,20260901
s_negmag,per_class,all,5,bus,micro,background_hit,0.3918918918918919,0.28378378378378377,0.5135135135135135,74,74,74,74,,5000,5000,1.0,3021694564,20260901
s_negmag,per_class,all,5,bus,micro,target_top05_fraction,0.4660490860704231,0.39113606901435855,0.5429293350208177,74,74,74,74,,5000,5000,1.0,3021694564,20260901
s_negmag,per_class,all,5,bus,micro,other_fg_top05_fraction,0.05226873935977776,0.02838157321754406,0.08273265674581462,74,74,74,74,,5000,5000,1.0,3021694564,20260901
s_negmag,per_class,all,5,bus,micro,bg_top05_fraction,0.4816821745697991,0.40754313387137014,0.5505229237950608,74,74,74,74,,5000,5000,1.0,3021694564,20260901
s_negmag,per_class,all,5,bus,micro,target_tail_enrich_05,0.9097180266515543,0.7689934995373358,1.060332160411421,73,74,73,74,,5000,5000,1.0,3021694564,20260901
s_negmag,per_class,all,5,bus,micro,other_fg_tail_enrich_05,3.5394050013643463,2.097980736737769,5.195217994419814,34,74,34,74,,5000,5000,1.0,3021694564,20260901
s_negmag,per_class,all,5,bus,micro,bg_tail_enrich_05,0.939652962309001,0.830464401618335,1.0488823245373513,74,74,74,74,,5000,5000,1.0,3021694564,20260901
s_negmag,per_class,all,5,bus,micro,target_top10_fraction,0.46810186958871625,0.39889301808461564,0.5359257179941473,74,74,74,74,,5000,5000,1.0,3021694564,20260901
s_negmag,per_class,all,5,bus,micro,other_fg_top10_fraction,0.05682585233380199,0.033572485884401815,0.08509681653627353,74,74,74,74,,5000,5000,1.0,3021694564,20260901
s_negmag,per_class,all,5,bus,micro,bg_top10_fraction,0.4747234115560635,0.40842137649980825,0.5380785268880707,74,74,74,74,,5000,5000,1.0,3021694564,20260901
s_negmag,per_class,all,5,bus,micro,target_tail_enrich_10,0.943363882045643,0.8197615361597492,1.0742900847379209,73,74,73,74,,5000,5000,1.0,3021694564,20260901
s_negmag,per_class,all,5,bus,micro,other_fg_tail_enrich_10,3.540617646332622,2.5324574691666264,4.564186484274407,34,74,34,74,,5000,5000,1.0,3021694564,20260901
s_negmag,per_class,all,5,bus,micro,bg_tail_enrich_10,0.9330744275755618,0.8545398713431922,1.007841832474342,74,74,74,74,,5000,5000,1.0,3021694564,20260901
s_negmag,per_class,all,5,bus,micro,target_top20_fraction,0.502303281571727,0.4331553520185405,0.5701295612215068,74,74,74,74,,5000,5000,1.0,3021694564,20260901
s_negmag,per_class,all,5,bus,micro,other_fg_top20_fraction,0.049507593198500156,0.03022848858294972,0.07157659481245307,74,74,74,74,,5000,5000,1.0,3021694564,20260901
s_negmag,per_class,all,5,bus,micro,bg_top20_fraction,0.44784089702787383,0.38351006501095514,0.512045328233566,74,74,74,74,,5000,5000,1.0,3021694564,20260901
s_negmag,per_class,all,5,bus,micro,target_tail_enrich_20,1.024652882529491,0.9121577180083793,1.143611990612936,73,74,73,74,,5000,5000,1.0,3021694564,20260901
s_negmag,per_class,all,5,bus,micro,other_fg_tail_enrich_20,2.819631145506192,2.310474920490551,3.320288807504278,34,74,34,74,,5000,5000,1.0,3021694564,20260901
s_negmag,per_class,all,5,bus,micro,bg_tail_enrich_20,0.8621024470546029,0.795341761450878,0.9288710553219376,74,74,74,74,,5000,5000,1.0,3021694564,20260901
s_negmag,per_class,all,5,bus,micro,auc_target_bg,0.5745458312963619,0.5351331516984706,0.6101422045727255,73,74,73,74,,5000,5000,1.0,3021694564,20260901
s_negmag,per_class,all,5,bus,micro,ap_target_bg,0.5464333180207529,0.4805391294936617,0.6109909731195885,73,74,73,74,,5000,5000,1.0,3021694564,20260901
s_negmag,per_class,all,5,bus,micro,auc_target_other,0.25533103368581267,0.19671637953394575,0.3156375014198581,33,74,33,74,,5000,5000,1.0,3021694564,20260901
s_negmag,per_class,all,5,bus,micro,ap_target_other,0.7452014829157135,0.630335215382424,0.8430275166292,33,74,33,74,,5000,5000,1.0,3021694564,20260901
s_negmag,per_class,all,5,bus,micro,target_mean,-58.8535740387201,-114.40681282888826,-23.427104372235252,73,74,73,74,,5000,5000,1.0,3021694564,20260901
s_negmag,per_class,all,5,bus,micro,other_fg_mean,68.0801376390221,14.163531146911668,135.3592036060039,34,74,34,74,,5000,5000,1.0,3021694564,20260901
s_negmag,per_class,all,5,bus,micro,bg_mean,-41.833803985504034,-57.290862683041794,-24.279584571608414,74,74,74,74,,5000,5000,1.0,3021694564,20260901
s_negmag,per_class,all,5,bus,micro,target_median,-88.34223890304565,-142.98923311617494,-52.63334843598666,73,74,73,74,,5000,5000,1.0,3021694564,20260901
s_negmag,per_class,all,5,bus,micro,other_fg_median,78.70145203085507,25.02145687384265,148.99611394565665,34,74,34,74,,5000,5000,1.0,3021694564,20260901
s_negmag,per_class,all,5,bus,micro,bg_median,-51.2351879703032,-71.34182851471611,-27.044175373581634,74,74,74,74,,5000,5000,1.0,3021694564,20260901
s_negmag,per_class,all,5,bus,micro,spatial_mass_target,0.5637137553593262,0.4472622951140275,0.675675573864605,74,74,74,74,,5000,5000,1.0,3021694564,20260901
s_negmag,per_class,all,5,bus,micro,spatial_mass_other_fg,0.04054059214514964,5.1604609098210164e-08,0.09459459459459722,74,74,74,74,,5000,5000,1.0,3021694564,20260901
s_negmag,per_class,all,5,bus,micro,spatial_mass_background,0.382232135821132,0.27027064820089897,0.49868288799316396,74,74,74,74,,5000,5000,1.0,3021694564,20260901
s_negmag,per_class,all,6,car,micro,target_hit,0.33858267716535434,0.25984251968503935,0.4251968503937008,127,127,127,127,,5000,5000,1.0,3021694564,20260901
s_negmag,per_class,all,6,car,micro,other_fg_hit,0.2047244094488189,0.13385826771653545,0.2755905511811024,127,127,127,127,,5000,5000,1.0,3021694564,20260901
s_negmag,per_class,all,6,car,micro,background_hit,0.4566929133858268,0.3700787401574803,0.5433070866141733,127,127,127,127,,5000,5000,1.0,3021694564,20260901
s_negmag,per_class,all,6,car,micro,target_top05_fraction,0.2047171704944552,0.15921003555821703,0.2526349747791205,127,127,127,127,,5000,5000,1.0,3021694564,20260901
s_negmag,per_class,all,6,car,micro,other_fg_top05_fraction,0.1972693618710293,0.14949814059739464,0.24514757345260313,127,127,127,127,,5000,5000,1.0,3021694564,20260901
s_negmag,per_class,all,6,car,micro,bg_top05_fraction,0.5976147194011218,0.5474961493799407,0.6482576041768742,127,127,127,127,,5000,5000,1.0,3021694564,20260901
s_negmag,per_class,all,6,car,micro,target_tail_enrich_05,1.1263454734376124,0.8355922755977293,1.451905160676543,113,127,113,127,,5000,5000,1.0,3021694564,20260901
s_negmag,per_class,all,6,car,micro,other_fg_tail_enrich_05,1.2055340769071379,0.9291213999134138,1.5280504896680671,79,127,79,127,,5000,5000,1.0,3021694564,20260901
s_negmag,per_class,all,6,car,micro,bg_tail_enrich_05,1.062063637700209,0.9831692003633176,1.1415418648012587,127,127,127,127,,5000,5000,1.0,3021694564,20260901
s_negmag,per_class,all,6,car,micro,target_top10_fraction,0.20378284894273546,0.16129417145754937,0.2487804840638685,127,127,127,127,,5000,5000,1.0,3021694564,20260901
s_negmag,per_class,all,6,car,micro,other_fg_top10_fraction,0.20842840087576056,0.1602338536830313,0.2558057856597948,127,127,127,127,,5000,5000,1.0,3021694564,20260901
s_negmag,per_class,all,6,car,micro,bg_top10_fraction,0.5875868191513066,0.540141604852994,0.6374416427562993,127,127,127,127,,5000,5000,1.0,3021694564,20260901
s_negmag,per_class,all,6,car,micro,target_tail_enrich_10,1.2907194825709527,0.9963385091719916,1.6208902381300725,113,127,113,127,,5000,5000,1.0,3021694564,20260901
s_negmag,per_class,all,6,car,micro,other_fg_tail_enrich_10,1.4539810409759224,1.1712733245680353,1.7629561694904954,79,127,79,127,,5000,5000,1.0,3021694564,20260901
s_negmag,per_class,all,6,car,micro,bg_tail_enrich_10,1.0544981534758802,0.9764501553371042,1.137208207706844,127,127,127,127,,5000,5000,1.0,3021694564,20260901
s_negmag,per_class,all,6,car,micro,target_top20_fraction,0.2223388941065058,0.17677014133246988,0.26973888494434173,127,127,127,127,,5000,5000,1.0,3021694564,20260901
s_negmag,per_class,all,6,car,micro,other_fg_top20_fraction,0.2089453869952943,0.16097033506891067,0.2565076758851994,127,127,127,127,,5000,5000,1.0,3021694564,20260901
s_negmag,per_class,all,6,car,micro,bg_top20_fraction,0.5682587581115564,0.5209699032025409,0.6191861934066957,127,127,127,127,,5000,5000,1.0,3021694564,20260901
s_negmag,per_class,all,6,car,micro,target_tail_enrich_20,1.2875380387001465,1.082802055380629,1.5011897096268978,113,127,113,127,,5000,5000,1.0,3021694564,20260901
s_negmag,per_class,all,6,car,micro,other_fg_tail_enrich_20,1.5177224185975466,1.2456446849597642,1.7960631909237612,79,127,79,127,,5000,5000,1.0,3021694564,20260901
s_negmag,per_class,all,6,car,micro,bg_tail_enrich_20,1.0132610710641246,0.9404815318059658,1.0919102027081422,127,127,127,127,,5000,5000,1.0,3021694564,20260901
s_negmag,per_class,all,6,car,micro,auc_target_bg,0.528156976474476,0.4912289699777704,0.5652517779168427,113,127,113,127,,5000,5000,1.0,3021694564,20260901
s_negmag,per_class,all,6,car,micro,ap_target_bg,0.29650188679611494,0.2470224667443201,0.34719221419862784,113,127,113,127,,5000,5000,1.0,3021694564,20260901
s_negmag,per_class,all,6,car,micro,auc_target_other,0.48530333338119097,0.41852729917264103,0.5510410104919516,66,127,66,127,,5000,5000,1.0,3021694564,20260901
s_negmag,per_class,all,6,car,micro,ap_target_other,0.38779227786230225,0.30296062434048127,0.47505127447688367,66,127,66,127,,5000,5000,1.0,3021694564,20260901
s_negmag,per_class,all,6,car,micro,target_mean,-72.44059700737172,-116.421234094308,-37.66886853218888,113,127,113,127,,5000,5000,1.0,3021694564,20260901
s_negmag,per_class,all,6,car,micro,other_fg_mean,10.170907382377179,-32.68960286550832,60.206914859558005,79,127,79,127,,5000,5000,1.0,3021694564,20260901
s_negmag,per_class,all,6,car,micro,bg_mean,-52.80164635747162,-78.6419179980135,-28.47654802889103,127,127,127,127,,5000,5000,1.0,3021694564,20260901
s_negmag,per_class,all,6,car,micro,target_median,-86.91072768434486,-123.4992952134724,-57.58614999424554,113,127,113,127,,5000,5000,1.0,3021694564,20260901
s_negmag,per_class,all,6,car,micro,other_fg_median,12.513914447796497,-33.28886273129378,67.30409932367417,79,127,79,127,,5000,5000,1.0,3021694564,20260901
s_negmag,per_class,all,6,car,micro,bg_median,-64.94963948557697,-84.56124097812832,-46.79538728928004,127,127,127,127,,5000,5000,1.0,3021694564,20260901
s_negmag,per_class,all,6,car,micro,spatial_mass_target,0.3385819224612123,0.25984156499751265,0.4251956950719342,127,127,127,127,,5000,5000,1.0,3021694564,20260901
s_negmag,per_class,all,6,car,micro,spatial_mass_other_fg,0.20270472155433653,0.13424518405167607,0.27349592504253833,127,127,127,127,,5000,5000,1.0,3021694564,20260901
s_negmag,per_class,all,6,car,micro,spatial_mass_background,0.43508695783212203,0.3480887975732641,0.5224245382811737,127,127,127,127,,5000,5000,1.0,3021694564,20260901
s_negmag,per_class,all,7,cat,micro,target_hit,0.3277310924369748,0.24369747899159663,0.4117647058823529,119,119,119,119,,5000,5000,1.0,3021694564,20260901
s_negmag,per_class,all,7,cat,micro,other_fg_hit,0.10084033613445378,0.05042016806722689,0.15966386554621848,119,119,119,119,,5000,5000,1.0,3021694564,20260901
s_negmag,per_class,all,7,cat,micro,background_hit,0.5714285714285714,0.4789915966386555,0.6638655462184874,119,119,119,119,,5000,5000,1.0,3021694564,20260901
s_negmag,per_class,all,7,cat,micro,target_top05_fraction,0.18155331375088446,0.1448754340493673,0.22031651410156672,119,119,119,119,,5000,5000,1.0,3021694564,20260901
s_negmag,per_class,all,7,cat,micro,other_fg_top05_fraction,0.11598993288348597,0.07096970951363367,0.16452393992231906,119,119,119,119,,5000,5000,1.0,3021694564,20260901
s_negmag,per_class,all,7,cat,micro,bg_top05_fraction,0.7024567533656295,0.6493363265080916,0.7558504164557942,119,119,119,119,,5000,5000,1.0,3021694564,20260901
s_negmag,per_class,all,7,cat,micro,target_tail_enrich_05,0.43048717136600884,0.34437273795920004,0.5307648736931019,119,119,119,119,,5000,5000,1.0,3021694564,20260901
s_negmag,per_class,all,7,cat,micro,other_fg_tail_enrich_05,1.2734961740352118,0.9200902591151622,1.6652869434597604,30,119,30,119,,5000,5000,1.0,3021694564,20260901
s_negmag,per_class,all,7,cat,micro,bg_tail_enrich_05,1.6568336910414436,1.4549383001377192,1.9420664684114362,113,119,113,119,,5000,5000,1.0,3021694564,20260901
s_negmag,per_class,all,7,cat,micro,target_top10_fraction,0.1586291277888118,0.12404769327182284,0.19648453121002227,119,119,119,119,,5000,5000,1.0,3021694564,20260901
s_negmag,per_class,all,7,cat,micro,other_fg_top10_fraction,0.1316727479943694,0.08450104160500499,0.18272284512468084,119,119,119,119,,5000,5000,1.0,3021694564,20260901
s_negmag,per_class,all,7,cat,micro,bg_top10_fraction,0.7096981242168191,0.6563145387959676,0.7636450324533302,119,119,119,119,,5000,5000,1.0,3021694564,20260901
s_negmag,per_class,all,7,cat,micro,target_tail_enrich_10,0.3689204509813373,0.2916869955173295,0.46935381620411365,119,119,119,119,,5000,5000,1.0,3021694564,20260901
s_negmag,per_class,all,7,cat,micro,other_fg_tail_enrich_10,1.7594938571060206,1.3581321960990531,2.2655234749361326,30,119,30,119,,5000,5000,1.0,3021694564,20260901
s_negmag,per_class,all,7,cat,micro,bg_tail_enrich_10,1.620856221512681,1.465234553236367,1.8123570130229019,113,119,113,119,,5000,5000,1.0,3021694564,20260901
s_negmag,per_class,all,7,cat,micro,target_top20_fraction,0.15099937537453886,0.1174828904957551,0.18934794238386002,119,119,119,119,,5000,5000,1.0,3021694564,20260901
s_negmag,per_class,all,7,cat,micro,other_fg_top20_fraction,0.1324467695015756,0.08477170699687687,0.18256411902967704,119,119,119,119,,5000,5000,1.0,3021694564,20260901
s_negmag,per_class,all,7,cat,micro,bg_top20_fraction,0.716324502019007,0.6632526599648246,0.7682117371223999,119,119,119,119,,5000,5000,1.0,3021694564,20260901
s_negmag,per_class,all,7,cat,micro,target_tail_enrich_20,0.33513021445699354,0.2734837145817832,0.4119639353108086,119,119,119,119,,5000,5000,1.0,3021694564,20260901
s_negmag,per_class,all,7,cat,micro,other_fg_tail_enrich_20,1.770366090081777,1.4138159127157193,2.194080001633872,30,119,30,119,,5000,5000,1.0,3021694564,20260901
s_negmag,per_class,all,7,cat,micro,bg_tail_enrich_20,1.6117715569769657,1.4797867762899353,1.7524900348644326,113,119,113,119,,5000,5000,1.0,3021694564,20260901
s_negmag,per_class,all,7,cat,micro,auc_target_bg,0.17136101321974492,0.14847658861208549,0.1967262137374466,113,119,113,119,,5000,5000,1.0,3021694564,20260901
s_negmag,per_class,all,7,cat,micro,ap_target_bg,0.3064866614892422,0.27092160740603927,0.34321804002323286,113,119,113,119,,5000,5000,1.0,3021694564,20260901
s_negmag,per_class,all,7,cat,micro,auc_target_other,0.17968933712507434,0.12539561445351505,0.24948296395374148,30,119,30,119,,5000,5000,1.0,3021694564,20260901
s_negmag,per_class,all,7,cat,micro,ap_target_other,0.31593168563226004,0.2310909732338798,0.4115044158369494,30,119,30,119,,5000,5000,1.0,3021694564,20260901
s_negmag,per_class,all,7,cat,micro,target_mean,-184.92526047090868,-203.23961483709778,-166.67922102425214,119,119,119,119,,5000,5000,1.0,3021694564,20260901
s_negmag,per_class,all,7,cat,micro,other_fg_mean,57.40939071082188,13.142443304956467,110.12040218349776,30,119,30,119,,5000,5000,1.0,3021694564,20260901
s_negmag,per_class,all,7,cat,micro,bg_mean,53.485810866278996,30.849250861220984,78.10203343888877,113,119,113,119,,5000,5000,1.0,3021694564,20260901
s_negmag,per_class,all,7,cat,micro,target_median,-212.44688961285502,-231.25824817609384,-192.83698778513104,119,119,119,119,,5000,5000,1.0,3021694564,20260901
s_negmag,per_class,all,7,cat,micro,other_fg_median,40.20951562225819,-7.624120289012789,97.8339771634569,30,119,30,119,,5000,5000,1.0,3021694564,20260901
s_negmag,per_class,all,7,cat,micro,bg_median,-23.82005157723891,-44.026534120221825,0.2812433243803981,113,119,113,119,,5000,5000,1.0,3021694564,20260901
s_negmag,per_class,all,7,cat,micro,spatial_mass_target,0.3123440496547992,0.2283104362071529,0.3963776630264196,119,119,119,119,,5000,5000,1.0,3021694564,20260901
s_negmag,per_class,all,7,cat,micro,spatial_mass_other_fg,0.0924369757922482,0.04201680672440957,0.14285714586356604,119,119,119,119,,5000,5000,1.0,3021694564,20260901
s_negmag,per_class,all,7,cat,micro,spatial_mass_background,0.5531976588838442,0.462184892675785,0.6442014181193289,119,119,119,119,,5000,5000,1.0,3021694564,20260901
s_negmag,per_class,all,8,chair,micro,target_hit,0.08130081300813008,0.04065040650406504,0.13008130081300814,123,123,123,123,,5000,5000,1.0,3021694564,20260901
s_negmag,per_class,all,8,chair,micro,other_fg_hit,0.37398373983739835,0.2926829268292683,0.4634146341463415,123,123,123,123,,5000,5000,1.0,3021694564,20260901
s_negmag,per_class,all,8,chair,micro,background_hit,0.5447154471544715,0.45528455284552843,0.6341463414634146,123,123,123,123,,5000,5000,1.0,3021694564,20260901
s_negmag,per_class,all,8,chair,micro,target_top05_fraction,0.09763892015028677,0.06956626706983045,0.12893609593902647,123,123,123,123,,5000,5000,1.0,3021694564,20260901
s_negmag,per_class,all,8,chair,micro,other_fg_top05_fraction,0.35587893212298555,0.2933538656135854,0.41738631168834855,123,123,123,123,,5000,5000,1.0,3021694564,20260901
s_negmag,per_class,all,8,chair,micro,bg_top05_fraction,0.5462736841036299,0.4885809865150355,0.6047827949755399,123,123,123,123,,5000,5000,1.0,3021694564,20260901
s_negmag,per_class,all,8,chair,micro,target_tail_enrich_05,1.0197868502159693,0.6626325925911584,1.4890441395810559,112,123,112,123,,5000,5000,1.0,3021694564,20260901
s_negmag,per_class,all,8,chair,micro,other_fg_tail_enrich_05,1.4170065543811297,1.1408671292022845,1.731246695723296,107,123,107,123,,5000,5000,1.0,3021694564,20260901
s_negmag,per_class,all,8,chair,micro,bg_tail_enrich_05,0.8392417934817901,0.7550037181957442,0.9243513437034873,122,123,122,123,,5000,5000,1.0,3021694564,20260901
s_negmag,per_class,all,8,chair,micro,target_top10_fraction,0.1066049592774775,0.07923082978454728,0.1365300255094884,123,123,123,123,,5000,5000,1.0,3021694564,20260901
s_negmag,per_class,all,8,chair,micro,other_fg_top10_fraction,0.3681423588371611,0.30748230414796024,0.4269487670391937,123,123,123,123,,5000,5000,1.0,3021694564,20260901
s_negmag,per_class,all,8,chair,micro,bg_top10_fraction,0.5250414753198545,0.47091135258232397,0.5798337552176585,123,123,123,123,,5000,5000,1.0,3021694564,20260901
s_negmag,per_class,all,8,chair,micro,target_tail_enrich_10,1.0595950634694407,0.8109624018096662,1.3415034540336035,112,123,112,123,,5000,5000,1.0,3021694564,20260901
s_negmag,per_class,all,8,chair,micro,other_fg_tail_enrich_10,1.480827325133154,1.2424783413078384,1.7520591146632263,107,123,107,123,,5000,5000,1.0,3021694564,20260901
s_negmag,per_class,all,8,chair,micro,bg_tail_enrich_10,0.8091066245889923,0.7324844972645225,0.8888122309376099,122,123,122,123,,5000,5000,1.0,3021694564,20260901
s_negmag,per_class,all,8,chair,micro,target_top20_fraction,0.12435505818388676,0.09589862553179539,0.15535955839415888,123,123,123,123,,5000,5000,1.0,3021694564,20260901
s_negmag,per_class,all,8,chair,micro,other_fg_top20_fraction,0.3679011571283818,0.310423735044337,0.42480238065645026,123,123,123,123,,5000,5000,1.0,3021694564,20260901
s_negmag,per_class,all,8,chair,micro,bg_top20_fraction,0.5075836493542697,0.4578089179806205,0.5591790763261116,123,123,123,123,,5000,5000,1.0,3021694564,20260901
s_negmag,per_class,all,8,chair,micro,target_tail_enrich_20,1.251868632283091,1.0314094373793996,1.4791049438802024,112,123,112,123,,5000,5000,1.0,3021694564,20260901
s_negmag,per_class,all,8,chair,micro,other_fg_tail_enrich_20,1.447676284069954,1.2798660983229129,1.6229251104422169,107,123,107,123,,5000,5000,1.0,3021694564,20260901
s_negmag,per_class,all,8,chair,micro,bg_tail_enrich_20,0.7770658783048244,0.7135228100763433,0.8420262000818717,122,123,122,123,,5000,5000,1.0,3021694564,20260901
s_negmag,per_class,all,8,chair,micro,auc_target_bg,0.5453220433386369,0.5039169554138284,0.5858759765020509,111,123,111,123,,5000,5000,1.0,3021694564,20260901
s_negmag,per_class,all,8,chair,micro,ap_target_bg,0.20741448001163104,0.17104697428930007,0.24824942055794413,111,123,111,123,,5000,5000,1.0,3021694564,20260901
s_negmag,per_class,all,8,chair,micro,auc_target_other,0.4652039660778917,0.41305436248281424,0.5180812439081361,96,123,96,123,,5000,5000,1.0,3021694564,20260901
s_negmag,per_class,all,8,chair,micro,ap_target_other,0.3365150136737822,0.2795690368365772,0.39613986101349263,96,123,96,123,,5000,5000,1.0,3021694564,20260901
s_negmag,per_class,all,8,chair,micro,target_mean,-63.369505726089145,-136.10056822638248,-3.6661611886205785,112,123,112,123,,5000,5000,1.0,3021694564,20260901
s_negmag,per_class,all,8,chair,micro,other_fg_mean,85.75630523735289,40.21698023821507,140.98956819194825,107,123,107,123,,5000,5000,1.0,3021694564,20260901
s_negmag,per_class,all,8,chair,micro,bg_mean,1.2142594828852586,-34.44749172004568,30.159633478656733,122,123,122,123,,5000,5000,1.0,3021694564,20260901
s_negmag,per_class,all,8,chair,micro,target_median,-65.72065468503362,-133.5298642686186,-10.033782144671349,112,123,112,123,,5000,5000,1.0,3021694564,20260901
s_negmag,per_class,all,8,chair,micro,other_fg_median,88.18620064534316,39.34044463972571,146.7453022099905,107,123,107,123,,5000,5000,1.0,3021694564,20260901
s_negmag,per_class,all,8,chair,micro,bg_median,4.601446771047643,-25.49096443942417,34.143292712107225,122,123,122,123,,5000,5000,1.0,3021694564,20260901
s_negmag,per_class,all,8,chair,micro,spatial_mass_target,0.06392393774910975,0.02439030058933393,0.11085829206016895,123,123,123,123,,5000,5000,1.0,3021694564,20260901
s_negmag,per_class,all,8,chair,micro,spatial_mass_other_fg,0.3574015287470977,0.2758649502171661,0.43907219093533695,123,123,123,123,,5000,5000,1.0,3021694564,20260901
s_negmag,per_class,all,8,chair,micro,spatial_mass_background,0.5222549462143269,0.4333856829125454,0.610610056527528,123,123,123,123,,5000,5000,1.0,3021694564,20260901
s_negmag,per_class,all,9,cow,micro,target_hit,0.4225352112676056,0.30985915492957744,0.5352112676056338,71,71,71,71,,5000,5000,1.0,3021694564,20260901
s_negmag,per_class,all,9,cow,micro,other_fg_hit,0.056338028169014086,0.014084507042253521,0.11267605633802817,71,71,71,71,,5000,5000,1.0,3021694564,20260901
s_negmag,per_class,all,9,cow,micro,background_hit,0.5211267605633803,0.4084507042253521,0.6338028169014085,71,71,71,71,,5000,5000,1.0,3021694564,20260901
s_negmag,per_class,all,9,cow,micro,target_top05_fraction,0.3945516034285494,0.3343122321300601,0.45557127827327987,71,71,71,71,,5000,5000,1.0,3021694564,20260901
s_negmag,per_class,all,9,cow,micro,other_fg_top05_fraction,0.05876678663710453,0.023735292999562826,0.10095878517912268,71,71,71,71,,5000,5000,1.0,3021694564,20260901
s_negmag,per_class,all,9,cow,micro,bg_top05_fraction,0.5463204687281346,0.485509771113459,0.6066934346104101,71,71,71,71,,5000,5000,1.0,3021694564,20260901
s_negmag,per_class,all,9,cow,micro,target_tail_enrich_05,1.895164047608818,1.3370144155865884,2.5667782679433992,71,71,71,71,,5000,5000,1.0,3021694564,20260901
s_negmag,per_class,all,9,cow,micro,other_fg_tail_enrich_05,2.3003432012278693,1.1724657341492357,3.688549196749271,14,71,14,71,,5000,5000,1.0,3021694564,20260901
s_negmag,per_class,all,9,cow,micro,bg_tail_enrich_05,1.0209582049900285,0.8722732408181634,1.1869820528597754,71,71,71,71,,5000,5000,1.0,3021694564,20260901
s_negmag,per_class,all,9,cow,micro,target_top10_fraction,0.45231481477627944,0.3940481356404958,0.511223242873901,71,71,71,71,,5000,5000,1.0,3021694564,20260901
s_negmag,per_class,all,9,cow,micro,other_fg_top10_fraction,0.053420314170068,0.022350332457263516,0.09111962509306305,71,71,71,71,,5000,5000,1.0,3021694564,20260901
s_negmag,per_class,all,9,cow,micro,bg_top10_fraction,0.49390372984744113,0.43765527518182856,0.5510912276529878,71,71,71,71,,5000,5000,1.0,3021694564,20260901
s_negmag,per_class,all,9,cow,micro,target_tail_enrich_10,2.0070652992334908,1.5869364089108402,2.460038280211212,71,71,71,71,,5000,5000,1.0,3021694564,20260901
s_negmag,per_class,all,9,cow,micro,other_fg_tail_enrich_10,2.190904477284408,1.2189129641491747,3.2913726911967878,14,71,14,71,,5000,5000,1.0,3021694564,20260901
s_negmag,per_class,all,9,cow,micro,bg_tail_enrich_10,0.9004642303702121,0.772814907271639,1.043062973619077,71,71,71,71,,5000,5000,1.0,3021694564,20260901
s_negmag,per_class,all,9,cow,micro,target_top20_fraction,0.493865584162729,0.43602159706785726,0.5511125849426123,71,71,71,71,,5000,5000,1.0,3021694564,20260901
s_negmag,per_class,all,9,cow,micro,other_fg_top20_fraction,0.04715352412356456,0.01956929977501673,0.08105743054805561,71,71,71,71,,5000,5000,1.0,3021694564,20260901
s_negmag,per_class,all,9,cow,micro,bg_top20_fraction,0.4586162096068738,0.4037831582142182,0.5148572368379101,71,71,71,71,,5000,5000,1.0,3021694564,20260901
s_negmag,per_class,all,9,cow,micro,target_tail_enrich_20,2.0234103059026016,1.737878803653176,2.3209475211728847,71,71,71,71,,5000,5000,1.0,3021694564,20260901
s_negmag,per_class,all,9,cow,micro,other_fg_tail_enrich_20,1.7898241171409282,1.094188893255314,2.5502998524249114,14,71,14,71,,5000,5000,1.0,3021694564,20260901
s_negmag,per_class,all,9,cow,micro,bg_tail_enrich_20,0.8059790145010762,0.7126807974855985,0.9094186864282714,71,71,71,71,,5000,5000,1.0,3021694564,20260901
s_negmag,per_class,all,9,cow,micro,auc_target_bg,0.7325745815636887,0.6898029092095845,0.7736188493336326,71,71,71,71,,5000,5000,1.0,3021694564,20260901
s_negmag,per_class,all,9,cow,micro,ap_target_bg,0.5241430028263916,0.470751807532291,0.5766710236088296,71,71,71,71,,5000,5000,1.0,3021694564,20260901
s_negmag,per_class,all,9,cow,micro,auc_target_other,0.5074781933006619,0.3415728590572644,0.6747433562758516,14,71,14,71,,5000,5000,1.0,3021694564,20260901
s_negmag,per_class,all,9,cow,micro,ap_target_other,0.5959137823542118,0.4502921189174248,0.7317253484884995,14,71,14,71,,5000,5000,1.0,3021694564,20260901
s_negmag,per_class,all,9,cow,micro,target_mean,155.64289533676762,140.49952710286522,171.24778483042184,71,71,71,71,,5000,5000,1.0,3021694564,20260901
s_negmag,per_class,all,9,cow,micro,other_fg_mean,160.7519656647216,115.87470727838534,205.45157385424875,14,71,14,71,,5000,5000,1.0,3021694564,20260901
s_negmag,per_class,all,9,cow,micro,bg_mean,76.71460715507543,59.909111015968136,93.96188358914539,71,71,71,71,,5000,5000,1.0,3021694564,20260901
s_negmag,per_class,all,9,cow,micro,target_median,142.82045384527933,127.98550892749303,158.61052191962656,71,71,71,71,,5000,5000,1.0,3021694564,20260901
s_negmag,per_class,all,9,cow,micro,other_fg_median,156.0318625995091,110.3335141139764,206.01235204109776,14,71,14,71,,5000,5000,1.0,3021694564,20260901
s_negmag,per_class,all,9,cow,micro,bg_median,47.642823733179505,31.71240135811164,64.47327611301566,71,71,71,71,,5000,5000,1.0,3021694564,20260901
s_negmag,per_class,all,9,cow,micro,spatial_mass_target,0.3800852936758124,0.26760563378182933,0.49276626145755753,71,71,71,71,,5000,5000,1.0,3021694564,20260901
s_negmag,per_class,all,9,cow,micro,spatial_mass_other_fg,0.02834182114829894,2.6653620625148443e-12,0.07076814933352067,71,71,71,71,,5000,5000,1.0,3021694564,20260901
s_negmag,per_class,all,9,cow,micro,spatial_mass_background,0.49298133333845345,0.3799360755258094,0.6056573880184547,71,71,71,71,,5000,5000,1.0,3021694564,20260901
s_negmag,per_class,all,10,diningtable,micro,target_hit,0.28,0.18666666666666668,0.38666666666666666,75,75,75,75,,5000,5000,1.0,3021694564,20260901
s_negmag,per_class,all,10,diningtable,micro,other_fg_hit,0.36,0.25333333333333335,0.4666666666666667,75,75,75,75,,5000,5000,1.0,3021694564,20260901
s_negmag,per_class,all,10,diningtable,micro,background_hit,0.3466666666666667,0.24,0.4533333333333333,75,75,75,75,,5000,5000,1.0,3021694564,20260901
s_negmag,per_class,all,10,diningtable,micro,target_top05_fraction,0.23592849841069655,0.17219217154673813,0.3048937705427449,75,75,75,75,,5000,5000,1.0,3021694564,20260901
s_negmag,per_class,all,10,diningtable,micro,other_fg_top05_fraction,0.33491284946548094,0.2581666628732418,0.4162389254553728,75,75,75,75,,5000,5000,1.0,3021694564,20260901
s_negmag,per_class,all,10,diningtable,micro,bg_top05_fraction,0.4276668106319808,0.35506402461458575,0.5016131304539392,75,75,75,75,,5000,5000,1.0,3021694564,20260901
s_negmag,per_class,all,10,diningtable,micro,target_tail_enrich_05,0.8331158510386474,0.6404385069377024,1.0411874368255731,73,75,73,75,,5000,5000,1.0,3021694564,20260901
s_negmag,per_class,all,10,diningtable,micro,other_fg_tail_enrich_05,1.1451147567431388,0.8804412725731082,1.443675442635053,70,75,70,75,,5000,5000,1.0,3021694564,20260901
s_negmag,per_class,all,10,diningtable,micro,bg_tail_enrich_05,0.9167622436670565,0.7766825943261162,1.0653921938535245,73,75,73,75,,5000,5000,1.0,3021694564,20260901
s_negmag,per_class,all,10,diningtable,micro,target_top10_fraction,0.21879618296713507,0.15967168954145172,0.28149124856440305,75,75,75,75,,5000,5000,1.0,3021694564,20260901
s_negmag,per_class,all,10,diningtable,micro,other_fg_top10_fraction,0.35262320650934315,0.2830140717693029,0.42576071121759673,75,75,75,75,,5000,5000,1.0,3021694564,20260901
s_negmag,per_class,all,10,diningtable,micro,bg_top10_fraction,0.4272819092248206,0.3588674940328697,0.4960762072524406,75,75,75,75,,5000,5000,1.0,3021694564,20260901
s_negmag,per_class,all,10,diningtable,micro,target_tail_enrich_10,0.8276472375008772,0.6572964395738168,1.0261801671007509,73,75,73,75,,5000,5000,1.0,3021694564,20260901
s_negmag,per_class,all,10,diningtable,micro,other_fg_tail_enrich_10,1.2696299190977818,1.0228804009593686,1.5684801107702828,70,75,70,75,,5000,5000,1.0,3021694564,20260901
s_negmag,per_class,all,10,diningtable,micro,bg_tail_enrich_10,0.9225914776781237,0.7939345063463865,1.0629665782296303,73,75,73,75,,5000,5000,1.0,3021694564,20260901
s_negmag,per_class,all,10,diningtable,micro,target_top20_fraction,0.18773789400459417,0.1361961388269358,0.24403741694190786,75,75,75,75,,5000,5000,1.0,3021694564,20260901
s_negmag,per_class,all,10,diningtable,micro,other_fg_top20_fraction,0.3940524512966863,0.33098428205414904,0.45979598562151563,75,75,75,75,,5000,5000,1.0,3021694564,20260901
s_negmag,per_class,all,10,diningtable,micro,bg_top20_fraction,0.4173681415277944,0.35284129033403194,0.48168070185241385,75,75,75,75,,5000,5000,1.0,3021694564,20260901
s_negmag,per_class,all,10,diningtable,micro,target_tail_enrich_20,0.6956992794053797,0.5660813364985947,0.8451607453018302,73,75,73,75,,5000,5000,1.0,3021694564,20260901
s_negmag,per_class,all,10,diningtable,micro,other_fg_tail_enrich_20,1.4742610178124163,1.2677639603481115,1.6965446666290152,70,75,70,75,,5000,5000,1.0,3021694564,20260901
s_negmag,per_class,all,10,diningtable,micro,bg_tail_enrich_20,0.8962354145708624,0.7958818322710316,0.9990585091860679,73,75,73,75,,5000,5000,1.0,3021694564,20260901
s_negmag,per_class,all,10,diningtable,micro,auc_target_bg,0.35039405929924194,0.3092331856165325,0.3936097598836337,71,75,71,75,,5000,5000,1.0,3021694564,20260901
s_negmag,per_class,all,10,diningtable,micro,ap_target_bg,0.2952482695665178,0.24072999595493974,0.3550904999704822,71,75,71,75,,5000,5000,1.0,3021694564,20260901
s_negmag,per_class,all,10,diningtable,micro,auc_target_other,0.3381750883327452,0.29197808274898834,0.3869246892354287,68,75,68,75,,5000,5000,1.0,3021694564,20260901
s_negmag,per_class,all,10,diningtable,micro,ap_target_other,0.3764696355339234,0.31468812539308655,0.43779849660986625,68,75,68,75,,5000,5000,1.0,3021694564,20260901
s_negmag,per_class,all,10,diningtable,micro,target_mean,-69.34340878225036,-148.1568319622833,1.6074934894290198,73,75,73,75,,5000,5000,1.0,3021694564,20260901
s_negmag,per_class,all,10,diningtable,micro,other_fg_mean,-31.15611841527726,-109.43899070787224,26.926003924644167,70,75,70,75,,5000,5000,1.0,3021694564,20260901
s_negmag,per_class,all,10,diningtable,micro,bg_mean,-84.88306473925488,-180.71380167228307,-4.323004169732213,73,75,73,75,,5000,5000,1.0,3021694564,20260901
s_negmag,per_class,all,10,diningtable,micro,target_median,-66.39958156298285,-137.2731511297661,2.441951530527421,73,75,73,75,,5000,5000,1.0,3021694564,20260901
s_negmag,per_class,all,10,diningtable,micro,other_fg_median,-0.7082446409123284,-63.37909516089114,49.72158653349871,70,75,70,75,,5000,5000,1.0,3021694564,20260901
s_negmag,per_class,all,10,diningtable,micro,bg_median,-71.68780023267824,-163.73491244948394,3.298923186863493,73,75,73,75,,5000,5000,1.0,3021694564,20260901
s_negmag,per_class,all,10,diningtable,micro,spatial_mass_target,0.2664768712813185,0.17288093025961526,0.3728780564574288,75,75,75,75,,5000,5000,1.0,3021694564,20260901
s_negmag,per_class,all,10,diningtable,micro,spatial_mass_other_fg,0.33334896420272664,0.22669517808816578,0.44001285258989065,75,75,75,75,,5000,5000,1.0,3021694564,20260901
s_negmag,per_class,all,10,diningtable,micro,spatial_mass_background,0.3199210583187366,0.21333294975066872,0.4265761418989943,75,75,75,75,,5000,5000,1.0,3021694564,20260901
s_negmag,per_class,all,11,dog,micro,target_hit,0.4453125,0.359375,0.53125,128,128,128,128,,5000,5000,1.0,3021694564,20260901
s_negmag,per_class,all,11,dog,micro,other_fg_hit,0.140625,0.078125,0.203125,128,128,128,128,,5000,5000,1.0,3021694564,20260901
s_negmag,per_class,all,11,dog,micro,background_hit,0.4140625,0.328125,0.5,128,128,128,128,,5000,5000,1.0,3021694564,20260901
s_negmag,per_class,all,11,dog,micro,target_top05_fraction,0.2974177838149976,0.2500120280558174,0.34752476609337707,128,128,128,128,,5000,5000,1.0,3021694564,20260901
s_negmag,per_class,all,11,dog,micro,other_fg_top05_fraction,0.105761791111364,0.0706093339568874,0.14463127829924868,128,128,128,128,,5000,5000,1.0,3021694564,20260901
s_negmag,per_class,all,11,dog,micro,bg_top05_fraction,0.5968204250736384,0.5451528817359961,0.6485270856540832,128,128,128,128,,5000,5000,1.0,3021694564,20260901
s_negmag,per_class,all,11,dog,micro,target_tail_enrich_05,0.8580352794859681,0.7005256973321561,1.0391562988533558,128,128,128,128,,5000,5000,1.0,3021694564,20260901
s_negmag,per_class,all,11,dog,micro,other_fg_tail_enrich_05,1.5612372804159795,1.0321745106531222,2.2154665687630253,43,128,43,128,,5000,5000,1.0,3021694564,20260901
s_negmag,per_class,all,11,dog,micro,bg_tail_enrich_05,1.2004177385029124,1.091167936363929,1.3181066779087423,124,128,124,128,,5000,5000,1.0,3021694564,20260901
s_negmag,per_class,all,11,dog,micro,target_top10_fraction,0.3102405871972163,0.26559870257589807,0.35678273498202684,128,128,128,128,,5000,5000,1.0,3021694564,20260901
s_negmag,per_class,all,11,dog,micro,other_fg_top10_fraction,0.11771023981089718,0.08045128229308793,0.15910892797679588,128,128,128,128,,5000,5000,1.0,3021694564,20260901
s_negmag,per_class,all,11,dog,micro,bg_top10_fraction,0.5719502805868234,0.5226385656303554,0.6223007587138013,128,128,128,128,,5000,5000,1.0,3021694564,20260901
s_negmag,per_class,all,11,dog,micro,target_tail_enrich_10,0.9311833973750252,0.7822597783987676,1.0950750912987859,128,128,128,128,,5000,5000,1.0,3021694564,20260901
s_negmag,per_class,all,11,dog,micro,other_fg_tail_enrich_10,1.9280000845491179,1.372269112127532,2.5754665720175107,43,128,43,128,,5000,5000,1.0,3021694564,20260901
s_negmag,per_class,all,11,dog,micro,bg_tail_enrich_10,1.2759685239109475,1.0932304454270374,1.5006380284184648,124,128,124,128,,5000,5000,1.0,3021694564,20260901
s_negmag,per_class,all,11,dog,micro,target_top20_fraction,0.31927662312728966,0.2731358201990461,0.3672465397059579,128,128,128,128,,5000,5000,1.0,3021694564,20260901
s_negmag,per_class,all,11,dog,micro,other_fg_top20_fraction,0.12054523030108448,0.08303857325609376,0.16263881273481312,128,128,128,128,,5000,5000,1.0,3021694564,20260901
s_negmag,per_class,all,11,dog,micro,bg_top20_fraction,0.5598746459472113,0.5095734113970037,0.6106144443076011,128,128,128,128,,5000,5000,1.0,3021694564,20260901
s_negmag,per_class,all,11,dog,micro,target_tail_enrich_20,0.9289346557532135,0.8022430769150816,1.0638012165860868,128,128,128,128,,5000,5000,1.0,3021694564,20260901
s_negmag,per_class,all,11,dog,micro,other_fg_tail_enrich_20,1.7431927440931658,1.3574602802521658,2.16877706318537,43,128,43,128,,5000,5000,1.0,3021694564,20260901
s_negmag,per_class,all,11,dog,micro,bg_tail_enrich_20,1.1787083422564881,1.0538385008865385,1.3192033424445524,124,128,124,128,,5000,5000,1.0,3021694564,20260901
s_negmag,per_class,all,11,dog,micro,auc_target_bg,0.3916106540331122,0.35025129432076474,0.4327776028039599,124,128,124,128,,5000,5000,1.0,3021694564,20260901
s_negmag,per_class,all,11,dog,micro,ap_target_bg,0.37867858165852164,0.3351162491351413,0.4213557854062467,124,128,124,128,,5000,5000,1.0,3021694564,20260901
s_negmag,per_class,all,11,dog,micro,auc_target_other,0.38803573057709956,0.31444271333161655,0.46356310706627574,43,128,43,128,,5000,5000,1.0,3021694564,20260901
s_negmag,per_class,all,11,dog,micro,ap_target_other,0.44705567817962405,0.3669488876701738,0.5298046869039464,43,128,43,128,,5000,5000,1.0,3021694564,20260901
s_negmag,per_class,all,11,dog,micro,target_mean,-81.80709305494399,-105.40055133396883,-60.86931862375671,128,128,128,128,,5000,5000,1.0,3021694564,20260901
s_negmag,per_class,all,11,dog,micro,other_fg_mean,0.30914873717203595,-38.67405192096124,44.31300084057906,43,128,43,128,,5000,5000,1.0,3021694564,20260901
s_negmag,per_class,all,11,dog,micro,bg_mean,-23.239658242088822,-36.20280278819065,-9.521698854289195,124,128,124,128,,5000,5000,1.0,3021694564,20260901
s_negmag,per_class,all,11,dog,micro,target_median,-104.88296124339104,-127.7212165470235,-85.56435243440794,128,128,128,128,,5000,5000,1.0,3021694564,20260901
s_negmag,per_class,all,11,dog,micro,other_fg_median,-18.371331375005635,-54.41454679381389,22.694080925664203,43,128,43,128,,5000,5000,1.0,3021694564,20260901
s_negmag,per_class,all,11,dog,micro,bg_median,-59.8658788593546,-71.08958259897032,-47.260787919418114,124,128,124,128,,5000,5000,1.0,3021694564,20260901
s_negmag,per_class,all,11,dog,micro,spatial_mass_target,0.4218751788514765,0.33593786234616224,0.507812682577703,128,128,128,128,,5000,5000,1.0,3021694564,20260901
s_negmag,per_class,all,11,dog,micro,spatial_mass_other_fg,0.13281294958514422,0.078125,0.19531295144778937,128,128,128,128,,5000,5000,1.0,3021694564,20260901
s_negmag,per_class,all,11,dog,micro,spatial_mass_background,0.4062493702340815,0.3203119544127103,0.49218687174823655,128,128,128,128,,5000,5000,1.0,3021694564,20260901
s_negmag,per_class,all,12,horse,micro,target_hit,0.27848101265822783,0.17721518987341772,0.379746835443038,79,79,79,79,,5000,5000,1.0,3021694564,20260901
s_negmag,per_class,all,12,horse,micro,other_fg_hit,0.0759493670886076,0.02531645569620253,0.13924050632911392,79,79,79,79,,5000,5000,1.0,3021694564,20260901
s_negmag,per_class,all,12,horse,micro,background_hit,0.6455696202531646,0.543987341772152,0.759493670886076,79,79,79,79,,5000,5000,1.0,3021694564,20260901
s_negmag,per_class,all,12,horse,micro,target_top05_fraction,0.1750969708498023,0.1360196149744784,0.21890150531431343,79,79,79,79,,5000,5000,1.0,3021694564,20260901
s_negmag,per_class,all,12,horse,micro,other_fg_top05_fraction,0.04996566930277789,0.027076841261135062,0.07738692713751007,79,79,79,79,,5000,5000,1.0,3021694564,20260901
s_negmag,per_class,all,12,horse,micro,bg_top05_fraction,0.77493735984742,0.7292344590208512,0.8174584704560556,79,79,79,79,,5000,5000,1.0,3021694564,20260901
s_negmag,per_class,all,12,horse,micro,target_tail_enrich_05,0.5428527189400008,0.42475732398835964,0.680516664188106,77,79,77,79,,5000,5000,1.0,3021694564,20260901
s_negmag,per_class,all,12,horse,micro,other_fg_tail_enrich_05,1.27862876730351,0.9219552008775307,1.647641372653073,34,79,34,79,,5000,5000,1.0,3021694564,20260901
s_negmag,per_class,all,12,horse,micro,bg_tail_enrich_05,1.3181601886050616,1.1766811016562677,1.5211125157325012,79,79,79,79,,5000,5000,1.0,3021694564,20260901
s_negmag,per_class,all,12,horse,micro,target_top10_fraction,0.19321708471569168,0.1521175810331095,0.23794936752611803,79,79,79,79,,5000,5000,1.0,3021694564,20260901
s_negmag,per_class,all,12,horse,micro,other_fg_top10_fraction,0.05381265117402019,0.03135354317265476,0.07936582936042165,79,79,79,79,,5000,5000,1.0,3021694564,20260901
s_negmag,per_class,all,12,horse,micro,bg_top10_fraction,0.7529702641102882,0.7077072619245917,0.7963877884922608,79,79,79,79,,5000,5000,1.0,3021694564,20260901
s_negmag,per_class,all,12,horse,micro,target_tail_enrich_10,0.660966544717996,0.5158225172654654,0.8262109032723344,77,79,77,79,,5000,5000,1.0,3021694564,20260901
s_negmag,per_class,all,12,horse,micro,other_fg_tail_enrich_10,1.5942014299865015,1.1817454127659914,2.0433146099241686,34,79,34,79,,5000,5000,1.0,3021694564,20260901
s_negmag,per_class,all,12,horse,micro,bg_tail_enrich_10,1.2687418441039482,1.1464574642411325,1.4287172780840298,79,79,79,79,,5000,5000,1.0,3021694564,20260901
s_negmag,per_class,all,12,horse,micro,target_top20_fraction,0.24384544808207373,0.19873160452987892,0.2920198486062212,79,79,79,79,,5000,5000,1.0,3021694564,20260901
s_negmag,per_class,all,12,horse,micro,other_fg_top20_fraction,0.059208023536389875,0.03653767323289837,0.08505706821360007,79,79,79,79,,5000,5000,1.0,3021694564,20260901
s_negmag,per_class,all,12,horse,micro,bg_top20_fraction,0.6969465283815365,0.6489870113307549,0.7431737580509223,79,79,79,79,,5000,5000,1.0,3021694564,20260901
s_negmag,per_class,all,12,horse,micro,target_tail_enrich_20,0.8937240979802792,0.7350002451768418,1.069208672548576,77,79,77,79,,5000,5000,1.0,3021694564,20260901
s_negmag,per_class,all,12,horse,micro,other_fg_tail_enrich_20,1.712215221907842,1.3602274505233785,2.0842965461045084,34,79,34,79,,5000,5000,1.0,3021694564,20260901
s_negmag,per_class,all,12,horse,micro,bg_tail_enrich_20,1.1393110008725587,1.0462690396715666,1.2502803614512945,79,79,79,79,,5000,5000,1.0,3021694564,20260901
s_negmag,per_class,all,12,horse,micro,auc_target_bg,0.526934980746365,0.487350537223484,0.5662043584978738,77,79,77,79,,5000,5000,1.0,3021694564,20260901
s_negmag,per_class,all,12,horse,micro,ap_target_bg,0.33583868569734465,0.2921103099823116,0.38272443129398465,77,79,77,79,,5000,5000,1.0,3021694564,20260901
s_negmag,per_class,all,12,horse,micro,auc_target_other,0.36371483262951293,0.31918148449291656,0.40668415554989606,33,79,33,79,,5000,5000,1.0,3021694564,20260901
s_negmag,per_class,all,12,horse,micro,ap_target_other,0.6711834263174975,0.6113289977634045,0.7232073138976943,33,79,33,79,,5000,5000,1.0,3021694564,20260901
s_negmag,per_class,all,12,horse,micro,target_mean,-4.309859107368121,-64.07334406530734,32.20724038860541,77,79,77,79,,5000,5000,1.0,3021694564,20260901
s_negmag,per_class,all,12,horse,micro,other_fg_mean,101.99665266552782,61.41171563979236,166.03089434561417,34,79,34,79,,5000,5000,1.0,3021694564,20260901
s_negmag,per_class,all,12,horse,micro,bg_mean,34.22281792029274,1.5885382637892986,65.46961411931126,79,79,79,79,,5000,5000,1.0,3021694564,20260901
s_negmag,per_class,all,12,horse,micro,target_median,-18.308998609131034,-77.73401802572607,17.285659740629182,77,79,77,79,,5000,5000,1.0,3021694564,20260901
s_negmag,per_class,all,12,horse,micro,other_fg_median,89.57838654518127,45.81805222739456,163.42323138415375,34,79,34,79,,5000,5000,1.0,3021694564,20260901
s_negmag,per_class,all,12,horse,micro,bg_median,4.76708119060797,-18.32783599898832,32.9918582901264,79,79,79,79,,5000,5000,1.0,3021694564,20260901
s_negmag,per_class,all,12,horse,micro,spatial_mass_target,0.2784566375644644,0.17721540333031124,0.37972260773294486,79,79,79,79,,5000,5000,1.0,3021694564,20260901
s_negmag,per_class,all,12,horse,micro,spatial_mass_other_fg,0.06329113924091226,0.012658227848507198,0.12658227848101267,79,79,79,79,,5000,5000,1.0,3021694564,20260901
s_negmag,per_class,all,12,horse,micro,spatial_mass_background,0.6075084986809478,0.49367115410468815,0.7092375578655666,79,79,79,79,,5000,5000,1.0,3021694564,20260901
s_negmag,per_class,all,13,motorbike,micro,target_hit,0.42105263157894735,0.3157894736842105,0.5263157894736842,76,76,76,76,,5000,5000,1.0,3021694564,20260901
s_negmag,per_class,all,13,motorbike,micro,other_fg_hit,0.19736842105263158,0.11842105263157894,0.2894736842105263,76,76,76,76,,5000,5000,1.0,3021694564,20260901
s_negmag,per_class,all,13,motorbike,micro,background_hit,0.3815789473684211,0.27631578947368424,0.4868421052631579,76,76,76,76,,5000,5000,1.0,3021694564,20260901
s_negmag,per_class,all,13,motorbike,micro,target_top05_fraction,0.3150635626570528,0.2554418483607979,0.3768408590306503,76,76,76,76,,5000,5000,1.0,3021694564,20260901
s_negmag,per_class,all,13,motorbike,micro,other_fg_top05_fraction,0.10840936542011988,0.07352670953580397,0.14939068707578362,76,76,76,76,,5000,5000,1.0,3021694564,20260901
s_negmag,per_class,all,13,motorbike,micro,bg_top05_fraction,0.5758523080901684,0.5133356709367738,0.6362736952676816,76,76,76,76,,5000,5000,1.0,3021694564,20260901
s_negmag,per_class,all,13,motorbike,micro,target_tail_enrich_05,1.244329160702513,0.9923018422609758,1.5259642158514959,75,76,75,76,,5000,5000,1.0,3021694564,20260901
s_negmag,per_class,all,13,motorbike,micro,other_fg_tail_enrich_05,1.2163115488718057,0.8539931998233092,1.644789130390448,52,76,52,76,,5000,5000,1.0,3021694564,20260901
s_negmag,per_class,all,13,motorbike,micro,bg_tail_enrich_05,0.9745109846235958,0.8745153026676927,1.0729615883029655,76,76,76,76,,5000,5000,1.0,3021694564,20260901
s_negmag,per_class,all,13,motorbike,micro,target_top10_fraction,0.29686844379506594,0.24226688546978062,0.3542933323732758,76,76,76,76,,5000,5000,1.0,3021694564,20260901
s_negmag,per_class,all,13,motorbike,micro,other_fg_top10_fraction,0.1371895120754807,0.09712984803792202,0.18029599030732274,76,76,76,76,,5000,5000,1.0,3021694564,20260901
s_negmag,per_class,all,13,motorbike,micro,bg_top10_fraction,0.5650920169636366,0.507358966185691,0.6212891452030888,76,76,76,76,,5000,5000,1.0,3021694564,20260901
s_negmag,per_class,all,13,motorbike,micro,target_tail_enrich_10,1.1644890866688038,0.9207653893639058,1.4407864878962529,75,76,75,76,,5000,5000,1.0,3021694564,20260901
s_negmag,per_class,all,13,motorbike,micro,other_fg_tail_enrich_10,1.4688876076437423,1.1180128980107844,1.8452399634669532,52,76,52,76,,5000,5000,1.0,3021694564,20260901
s_negmag,per_class,all,13,motorbike,micro,bg_tail_enrich_10,0.9594261552398174,0.8710367728362852,1.0486467249368956,76,76,76,76,,5000,5000,1.0,3021694564,20260901
s_negmag,per_class,all,13,motorbike,micro,target_top20_fraction,0.28798004091512713,0.23843074511389098,0.34133289523973587,76,76,76,76,,5000,5000,1.0,3021694564,20260901
s_negmag,per_class,all,13,motorbike,micro,other_fg_top20_fraction,0.16100665287829105,0.11510058915759885,0.21112481492688168,76,76,76,76,,5000,5000,1.0,3021694564,20260901
s_negmag,per_class,all,13,motorbike,micro,bg_top20_fraction,0.5505028588158286,0.4968974916793275,0.6037305928316216,76,76,76,76,,5000,5000,1.0,3021694564,20260901
s_negmag,per_class,all,13,motorbike,micro,target_tail_enrich_20,1.0759130131213812,0.8991080860047814,1.2780614664782879,75,76,75,76,,5000,5000,1.0,3021694564,20260901
s_negmag,per_class,all,13,motorbike,micro,other_fg_tail_enrich_20,1.6589013684961043,1.3477873605304995,1.9794154187845345,52,76,52,76,,5000,5000,1.0,3021694564,20260901
s_negmag,per_class,all,13,motorbike,micro,bg_tail_enrich_20,0.9368129790378046,0.8570149997383248,1.0195739357324114,76,76,76,76,,5000,5000,1.0,3021694564,20260901
s_negmag,per_class,all,13,motorbike,micro,auc_target_bg,0.4340108043307504,0.3937922672044162,0.47596517121174836,75,76,75,76,,5000,5000,1.0,3021694564,20260901
s_negmag,per_class,all,13,motorbike,micro,ap_target_bg,0.34166199501403277,0.29672575985367905,0.38986851066829814,75,76,75,76,,5000,5000,1.0,3021694564,20260901
s_negmag,per_class,all,13,motorbike,micro,auc_target_other,0.38003553524806966,0.3258257993390376,0.43910074754728134,51,76,51,76,,5000,5000,1.0,3021694564,20260901
s_negmag,per_class,all,13,motorbike,micro,ap_target_other,0.595842803400606,0.5344099578285866,0.656445434731177,51,76,51,76,,5000,5000,1.0,3021694564,20260901
s_negmag,per_class,all,13,motorbike,micro,target_mean,-29.29215959751261,-46.073904993934434,-12.308684125837516,75,76,75,76,,5000,5000,1.0,3021694564,20260901
s_negmag,per_class,all,13,motorbike,micro,other_fg_mean,8.211609822641226,-24.304887938284857,49.257602300244805,52,76,52,76,,5000,5000,1.0,3021694564,20260901
s_negmag,per_class,all,13,motorbike,micro,bg_mean,-16.695269625916715,-28.626653688299434,-3.8949495834899728,76,76,76,76,,5000,5000,1.0,3021694564,20260901
s_negmag,per_class,all,13,motorbike,micro,target_median,-70.83473898510138,-85.78182751675088,-54.89929930685637,75,76,75,76,,5000,5000,1.0,3021694564,20260901
s_negmag,per_class,all,13,motorbike,micro,other_fg_median,-11.16598161825767,-42.753841316699976,28.950545564653904,52,76,52,76,,5000,5000,1.0,3021694564,20260901
s_negmag,per_class,all,13,motorbike,micro,bg_median,-53.47600887951098,-63.9483323712098,-41.54920576999062,76,76,76,76,,5000,5000,1.0,3021694564,20260901
s_negmag,per_class,all,13,motorbike,micro,spatial_mass_target,0.4088923370091882,0.30359510802908946,0.5142236370746488,76,76,76,76,,5000,5000,1.0,3021694564,20260901
s_negmag,per_class,all,13,motorbike,micro,spatial_mass_other_fg,0.17105227316680707,0.09210518708354548,0.2631571779125615,76,76,76,76,,5000,5000,1.0,3021694564,20260901
s_negmag,per_class,all,13,motorbike,micro,spatial_mass_background,0.36838732945357244,0.263123851890303,0.47368423856859865,76,76,76,76,,5000,5000,1.0,3021694564,20260901
s_negmag,per_class,all,14,person,micro,target_hit,0.23595505617977527,0.19550561797752808,0.27640449438202247,445,445,445,445,,5000,5000,1.0,3021694564,20260901
s_negmag,per_class,all,14,person,micro,other_fg_hit,0.21797752808988763,0.18202247191011237,0.25617977528089886,445,445,445,445,,5000,5000,1.0,3021694564,20260901
s_negmag,per_class,all,14,person,micro,background_hit,0.5460674157303371,0.49887640449438203,0.5910112359550562,445,445,445,445,,5000,5000,1.0,3021694564,20260901
s_negmag,per_class,all,14,person,micro,target_top05_fraction,0.16780691457696817,0.1502460168890183,0.18588500522002918,445,445,445,445,,5000,5000,1.0,3021694564,20260901
s_negmag,per_class,all,14,person,micro,other_fg_top05_fraction,0.18012058482660978,0.15863167922320515,0.2024671483287753,445,445,445,445,,5000,5000,1.0,3021694564,20260901
s_negmag,per_class,all,14,person,micro,bg_top05_fraction,0.6518449004811813,0.6270963289150242,0.6753067781997694,445,445,445,445,,5000,5000,1.0,3021694564,20260901
s_negmag,per_class,all,14,person,micro,target_tail_enrich_05,1.0874702659163187,0.905673990979722,1.3000427204657508,413,445,413,445,,5000,5000,1.0,3021694564,20260901
s_negmag,per_class,all,14,person,micro,other_fg_tail_enrich_05,1.009418232197187,0.8642944187972704,1.1808839086867498,373,445,373,445,,5000,5000,1.0,3021694564,20260901
s_negmag,per_class,all,14,person,micro,bg_tail_enrich_05,1.2281735112414274,1.1777195694238118,1.2795004965153292,441,445,441,445,,5000,5000,1.0,3021694564,20260901
s_negmag,per_class,all,14,person,micro,target_top10_fraction,0.20282826902984372,0.18470619059431312,0.220838869561009,445,445,445,445,,5000,5000,1.0,3021694564,20260901
s_negmag,per_class,all,14,person,micro,other_fg_top10_fraction,0.17798111330177557,0.15785282022715202,0.19876081803960186,445,445,445,445,,5000,5000,1.0,3021694564,20260901
s_negmag,per_class,all,14,person,micro,bg_top10_fraction,0.6189549283766366,0.5952547655736544,0.6417738724435107,445,445,445,445,,5000,5000,1.0,3021694564,20260901
s_negmag,per_class,all,14,person,micro,target_tail_enrich_10,1.445134048116838,1.278502748708261,1.6324615919565182,413,445,413,445,,5000,5000,1.0,3021694564,20260901
s_negmag,per_class,all,14,person,micro,other_fg_tail_enrich_10,1.0769773620080867,0.9510765572407746,1.2128180381961948,373,445,373,445,,5000,5000,1.0,3021694564,20260901
s_negmag,per_class,all,14,person,micro,bg_tail_enrich_10,1.1705234508326803,1.1225860733094237,1.2181989626503873,441,445,441,445,,5000,5000,1.0,3021694564,20260901
s_negmag,per_class,all,14,person,micro,target_top20_fraction,0.24696081069817238,0.22694976871848405,0.2678101263660479,445,445,445,445,,5000,5000,1.0,3021694564,20260901
s_negmag,per_class,all,14,person,micro,other_fg_top20_fraction,0.17362115875805478,0.15385637319435708,0.19360672137348847,445,445,445,445,,5000,5000,1.0,3021694564,20260901
s_negmag,per_class,all,14,person,micro,bg_top20_fraction,0.5792121346888689,0.5552874060200137,0.6021250124542543,445,445,445,445,,5000,5000,1.0,3021694564,20260901
s_negmag,per_class,all,14,person,micro,target_tail_enrich_20,1.5138116054249966,1.398318975182993,1.6363318298933736,413,445,413,445,,5000,5000,1.0,3021694564,20260901
s_negmag,per_class,all,14,person,micro,other_fg_tail_enrich_20,1.0476486627873949,0.9509271924301226,1.149199687083399,373,445,373,445,,5000,5000,1.0,3021694564,20260901
s_negmag,per_class,all,14,person,micro,bg_tail_enrich_20,1.0810364056350235,1.039295699901935,1.1230617830136962,441,445,441,445,,5000,5000,1.0,3021694564,20260901
s_negmag,per_class,all,14,person,micro,auc_target_bg,0.5077022412390453,0.4866524464508593,0.529125105302243,409,445,409,445,,5000,5000,1.0,3021694564,20260901
s_negmag,per_class,all,14,person,micro,ap_target_bg,0.32303844357016587,0.30112886304286857,0.34487253751473074,409,445,409,445,,5000,5000,1.0,3021694564,20260901
s_negmag,per_class,all,14,person,micro,auc_target_other,0.5688459120716733,0.5428751427767312,0.5953674178245121,343,445,343,445,,5000,5000,1.0,3021694564,20260901
s_negmag,per_class,all,14,person,micro,ap_target_other,0.5622374670105628,0.5299266137156634,0.5932271285470208,343,445,343,445,,5000,5000,1.0,3021694564,20260901
s_negmag,per_class,all,14,person,micro,target_mean,-57.741005828124955,-75.98881635683028,-39.55043403483606,413,445,413,445,,5000,5000,1.0,3021694564,20260901
s_negmag,per_class,all,14,person,micro,other_fg_mean,-43.436303398884284,-59.0993492060438,-27.03157887879015,373,445,373,445,,5000,5000,1.0,3021694564,20260901
s_negmag,per_class,all,14,person,micro,bg_mean,-23.471667038334306,-35.75476826158351,-11.50613163661754,441,445,441,445,,5000,5000,1.0,3021694564,20260901
s_negmag,per_class,all,14,person,micro,target_median,-60.76477183248243,-79.06069589987972,-42.72430371102626,413,445,413,445,,5000,5000,1.0,3021694564,20260901
s_negmag,per_class,all,14,person,micro,other_fg_median,-60.3776376090005,-76.4650843600395,-43.67067993423352,373,445,373,445,,5000,5000,1.0,3021694564,20260901
s_negmag,per_class,all,14,person,micro,bg_median,-53.54898979435432,-65.9576788838782,-40.29139241234161,441,445,441,445,,5000,5000,1.0,3021694564,20260901
s_negmag,per_class,all,14,person,micro,spatial_mass_target,0.21899272958282387,0.18025942638464593,0.2583654631713061,445,445,445,445,,5000,5000,1.0,3021694564,20260901
s_negmag,per_class,all,14,person,micro,spatial_mass_other_fg,0.2068143750311051,0.17074953421360572,0.24485739613796528,445,445,445,445,,5000,5000,1.0,3021694564,20260901
s_negmag,per_class,all,14,person,micro,spatial_mass_background,0.5270013312250436,0.47993850084280604,0.5728578176363649,445,445,445,445,,5000,5000,1.0,3021694564,20260901
s_negmag,per_class,all,15,pottedplant,micro,target_hit,0.1411764705882353,0.07058823529411765,0.2235294117647059,85,85,85,85,,5000,5000,1.0,3021694564,20260901
s_negmag,per_class,all,15,pottedplant,micro,other_fg_hit,0.27058823529411763,0.17647058823529413,0.36470588235294116,85,85,85,85,,5000,5000,1.0,3021694564,20260901
s_negmag,per_class,all,15,pottedplant,micro,background_hit,0.5882352941176471,0.4823529411764706,0.6941176470588235,85,85,85,85,,5000,5000,1.0,3021694564,20260901
s_negmag,per_class,all,15,pottedplant,micro,target_top05_fraction,0.0692029082661481,0.04001878119580382,0.10483535311620473,85,85,85,85,,5000,5000,1.0,3021694564,20260901
s_negmag,per_class,all,15,pottedplant,micro,other_fg_top05_fraction,0.2597776130577532,0.19485413362995999,0.3308184025673496,85,85,85,85,,5000,5000,1.0,3021694564,20260901
s_negmag,per_class,all,15,pottedplant,micro,bg_top05_fraction,0.670651831617275,0.6024560449039597,0.7355613154111379,85,85,85,85,,5000,5000,1.0,3021694564,20260901
s_negmag,per_class,all,15,pottedplant,micro,target_tail_enrich_05,0.48868223620237183,0.2942852743809051,0.7165981079937204,68,85,68,85,,5000,5000,1.0,3021694564,20260901
s_negmag,per_class,all,15,pottedplant,micro,other_fg_tail_enrich_05,2.03780193828876,1.3219646228312638,2.9568590837452207,60,85,60,85,,5000,5000,1.0,3021694564,20260901
s_negmag,per_class,all,15,pottedplant,micro,bg_tail_enrich_05,0.9746539382189976,0.8788799272377548,1.0707154103437424,85,85,85,85,,5000,5000,1.0,3021694564,20260901
s_negmag,per_class,all,15,pottedplant,micro,target_top10_fraction,0.06091683481392029,0.03586361375162697,0.09234718767173754,85,85,85,85,,5000,5000,1.0,3021694564,20260901
s_negmag,per_class,all,15,pottedplant,micro,other_fg_top10_fraction,0.2751844997840736,0.2109564775069426,0.34545420281749023,85,85,85,85,,5000,5000,1.0,3021694564,20260901
s_negmag,per_class,all,15,pottedplant,micro,bg_top10_fraction,0.6637148418725946,0.5957690554209336,0.7254576745379772,85,85,85,85,,5000,5000,1.0,3021694564,20260901
s_negmag,per_class,all,15,pottedplant,micro,target_tail_enrich_10,0.5966970027055488,0.37628602845072107,0.8461966501293123,68,85,68,85,,5000,5000,1.0,3021694564,20260901
s_negmag,per_class,all,15,pottedplant,micro,other_fg_tail_enrich_10,1.9103064046617715,1.4674335925984936,2.429690842636129,60,85,60,85,,5000,5000,1.0,3021694564,20260901
s_negmag,per_class,all,15,pottedplant,micro,bg_tail_enrich_10,0.9718718209794971,0.8734645543003055,1.0757502170876219,85,85,85,85,,5000,5000,1.0,3021694564,20260901
s_negmag,per_class,all,15,pottedplant,micro,target_top20_fraction,0.05616482216173059,0.033793922328832424,0.08572647304167065,85,85,85,85,,5000,5000,1.0,3021694564,20260901
s_negmag,per_class,all,15,pottedplant,micro,other_fg_top20_fraction,0.27567442960786076,0.2122315481618283,0.34399133541354754,85,85,85,85,,5000,5000,1.0,3021694564,20260901
s_negmag,per_class,all,15,pottedplant,micro,bg_top20_fraction,0.6679165409433885,0.6019030298044568,0.7279238421816626,85,85,85,85,,5000,5000,1.0,3021694564,20260901
s_negmag,per_class,all,15,pottedplant,micro,target_tail_enrich_20,0.483293655155928,0.3361120061425374,0.6418605163556772,68,85,68,85,,5000,5000,1.0,3021694564,20260901
s_negmag,per_class,all,15,pottedplant,micro,other_fg_tail_enrich_20,1.7018692491364982,1.4207566365830253,1.9978642599814311,60,85,60,85,,5000,5000,1.0,3021694564,20260901
s_negmag,per_class,all,15,pottedplant,micro,bg_tail_enrich_20,0.9814906641299396,0.8810949857298824,1.0855610745551136,85,85,85,85,,5000,5000,1.0,3021694564,20260901
s_negmag,per_class,all,15,pottedplant,micro,auc_target_bg,0.2148808088998395,0.17378802011727396,0.25815966035011384,68,85,68,85,,5000,5000,1.0,3021694564,20260901
s_negmag,per_class,all,15,pottedplant,micro,ap_target_bg,0.13173145623619786,0.09595485267520423,0.17291854134272447,68,85,68,85,,5000,5000,1.0,3021694564,20260901
s_negmag,per_class,all,15,pottedplant,micro,auc_target_other,0.20986805424745036,0.14811448176754657,0.2748685112695035,44,85,44,85,,5000,5000,1.0,3021694564,20260901
s_negmag,per_class,all,15,pottedplant,micro,ap_target_other,0.2045199643084027,0.14038489657341802,0.2736882389067649,44,85,44,85,,5000,5000,1.0,3021694564,20260901
s_negmag,per_class,all,15,pottedplant,micro,target_mean,-202.3127495519736,-304.20260448415735,-127.13226166854766,68,85,68,85,,5000,5000,1.0,3021694564,20260901
s_negmag,per_class,all,15,pottedplant,micro,other_fg_mean,60.927704203468735,1.2657946355063034,129.2570209815015,60,85,60,85,,5000,5000,1.0,3021694564,20260901
s_negmag,per_class,all,15,pottedplant,micro,bg_mean,-14.275037388200452,-52.084018622856,23.859275556455284,85,85,85,85,,5000,5000,1.0,3021694564,20260901
s_negmag,per_class,all,15,pottedplant,micro,target_median,-201.18224369778352,-290.53720609833323,-135.26206410385038,68,85,68,85,,5000,5000,1.0,3021694564,20260901
s_negmag,per_class,all,15,pottedplant,micro,other_fg_median,91.47596691002448,24.276826696028834,170.69674830567882,60,85,60,85,,5000,5000,1.0,3021694564,20260901
s_negmag,per_class,all,15,pottedplant,micro,bg_median,-13.164783075276542,-46.23702973691856,25.48983305072079,85,85,85,85,,5000,5000,1.0,3021694564,20260901
s_negmag,per_class,all,15,pottedplant,micro,spatial_mass_target,0.11501485539423517,0.05619132659015341,0.1882352921098486,85,85,85,85,,5000,5000,1.0,3021694564,20260901
s_negmag,per_class,all,15,pottedplant,micro,spatial_mass_other_fg,0.22586980349825572,0.14118715508002233,0.31938920438062174,85,85,85,85,,5000,5000,1.0,3021694564,20260901
s_negmag,per_class,all,15,pottedplant,micro,spatial_mass_background,0.5680735547154074,0.46219120566826594,0.6711794180079401,85,85,85,85,,5000,5000,1.0,3021694564,20260901
s_negmag,per_class,all,16,sheep,micro,target_hit,0.38596491228070173,0.2631578947368421,0.5263157894736842,57,57,57,57,,5000,5000,1.0,3021694564,20260901
s_negmag,per_class,all,16,sheep,micro,other_fg_hit,0.017543859649122806,0.0,0.05263157894736842,57,57,57,57,,5000,5000,1.0,3021694564,20260901
s_negmag,per_class,all,16,sheep,micro,background_hit,0.5964912280701754,0.45614035087719296,0.7192982456140351,57,57,57,57,,5000,5000,1.0,3021694564,20260901
s_negmag,per_class,all,16,sheep,micro,target_top05_fraction,0.38580496496008954,0.3139273022756403,0.4609593188436678,57,57,57,57,,5000,5000,1.0,3021694564,20260901
s_negmag,per_class,all,16,sheep,micro,other_fg_top05_fraction,0.019437933565357387,0.0026990553306342783,0.04155124653739612,57,57,57,57,,5000,5000,1.0,3021694564,20260901
s_negmag,per_class,all,16,sheep,micro,bg_top05_fraction,0.5947571014745533,0.5203933970156271,0.66821854989445,57,57,57,57,,5000,5000,1.0,3021694564,20260901
s_negmag,per_class,all,16,sheep,micro,target_tail_enrich_05,2.2996197363569673,1.4599110329004172,3.344578110059081,57,57,57,57,,5000,5000,1.0,3021694564,20260901
s_negmag,per_class,all,16,sheep,micro,other_fg_tail_enrich_05,3.9783794898909877,0.5548785425052069,10.105464913575666,5,57,5,57,,5000,4971,0.9942,3021694564,20260901
s_negmag,per_class,all,16,sheep,micro,bg_tail_enrich_05,0.8285328338753739,0.7395164352513033,0.9174545783102619,57,57,57,57,,5000,5000,1.0,3021694564,20260901
s_negmag,per_class,all,16,sheep,micro,target_top10_fraction,0.38747856400579145,0.322360640283525,0.45478471189828534,57,57,57,57,,5000,5000,1.0,3021694564,20260901
s_negmag,per_class,all,16,sheep,micro,other_fg_top10_fraction,0.01844246858097274,0.003426628772889161,0.03823400360796483,57,57,57,57,,5000,5000,1.0,3021694564,20260901
s_negmag,per_class,all,16,sheep,micro,bg_top10_fraction,0.5936291248581299,0.5274946739575496,0.6592035099941318,57,57,57,57,,5000,5000,1.0,3021694564,20260901
s_negmag,per_class,all,16,sheep,micro,target_tail_enrich_10,2.1394068771469517,1.631593196254572,2.7135118355502676,57,57,57,57,,5000,5000,1.0,3021694564,20260901
s_negmag,per_class,all,16,sheep,micro,other_fg_tail_enrich_10,2.8996045755248194,0.8323178137578104,5.8152070149326756,5,57,5,57,,5000,4971,0.9942,3021694564,20260901
s_negmag,per_class,all,16,sheep,micro,bg_tail_enrich_10,0.8316653657258941,0.7568177724184459,0.907602683661155,57,57,57,57,,5000,5000,1.0,3021694564,20260901
s_negmag,per_class,all,16,sheep,micro,target_top20_fraction,0.4053246193698385,0.3386163784333355,0.4733904587116753,57,57,57,57,,5000,5000,1.0,3021694564,20260901
s_negmag,per_class,all,16,sheep,micro,other_fg_top20_fraction,0.018144065804171102,0.00309385904953772,0.03775605253655551,57,57,57,57,,5000,5000,1.0,3021694564,20260901
s_negmag,per_class,all,16,sheep,micro,bg_top20_fraction,0.5758498975915104,0.5084085505607823,0.644087630333811,57,57,57,57,,5000,5000,1.0,3021694564,20260901
s_negmag,per_class,all,16,sheep,micro,target_tail_enrich_20,1.9309209024517477,1.634783810314019,2.2573962673134784,57,57,57,57,,5000,5000,1.0,3021694564,20260901
s_negmag,per_class,all,16,sheep,micro,other_fg_tail_enrich_20,2.434789472383893,1.2017744948164037,4.138159712473256,5,57,5,57,,5000,4971,0.9942,3021694564,20260901
s_negmag,per_class,all,16,sheep,micro,bg_tail_enrich_20,0.8069447283333365,0.7395767145554389,0.8718499976572586,57,57,57,57,,5000,5000,1.0,3021694564,20260901
s_negmag,per_class,all,16,sheep,micro,auc_target_bg,0.6734459148851117,0.6220312124068106,0.7223638993087117,57,57,57,57,,5000,5000,1.0,3021694564,20260901
s_negmag,per_class,all,16,sheep,micro,ap_target_bg,0.4286066908283166,0.36699342431802673,0.49161368930414495,57,57,57,57,,5000,5000,1.0,3021694564,20260901
s_negmag,per_class,all,16,sheep,micro,auc_target_other,0.44898078745339554,0.12522945348352107,0.7871694045015278,5,57,5,57,,5000,4971,0.9942,3021694564,20260901
s_negmag,per_class,all,16,sheep,micro,ap_target_other,0.6703157930852746,0.44882334364031506,0.8981161843017952,5,57,5,57,,5000,4971,0.9942,3021694564,20260901
s_negmag,per_class,all,16,sheep,micro,target_mean,79.6681285152494,44.53607565320281,108.16076323270838,57,57,57,57,,5000,5000,1.0,3021694564,20260901
s_negmag,per_class,all,16,sheep,micro,other_fg_mean,93.68434944264378,58.38820263767691,138.15382835070292,5,57,5,57,,5000,4971,0.9942,3021694564,20260901
s_negmag,per_class,all,16,sheep,micro,bg_mean,44.889435537184475,26.121924447372425,65.58364590259049,57,57,57,57,,5000,5000,1.0,3021694564,20260901
s_negmag,per_class,all,16,sheep,micro,target_median,68.63859401669419,37.51661205396317,96.06006257094835,57,57,57,57,,5000,5000,1.0,3021694564,20260901
s_negmag,per_class,all,16,sheep,micro,other_fg_median,86.01798248291016,50.38396610532488,137.98916053771973,5,57,5,57,,5000,4971,0.9942,3021694564,20260901
s_negmag,per_class,all,16,sheep,micro,bg_median,25.351599632648,3.9379817654689155,52.04995677549583,57,57,57,57,,5000,5000,1.0,3021694564,20260901
s_negmag,per_class,all,16,sheep,micro,spatial_mass_target,0.3859618212047376,0.26315480366087796,0.5263065193828783,57,57,57,57,,5000,5000,1.0,3021694564,20260901
s_negmag,per_class,all,16,sheep,micro,spatial_mass_other_fg,0.017543859649122806,0.0,0.05263157894736842,57,57,57,57,,5000,5000,1.0,3021694564,20260901
s_negmag,per_class,all,16,sheep,micro,spatial_mass_background,0.57895045844596,0.45614035087719296,0.7017574759898196,57,57,57,57,,5000,5000,1.0,3021694564,20260901
s_negmag,per_class,all,17,sofa,micro,target_hit,0.17777777777777778,0.1,0.25555555555555554,90,90,90,90,,5000,5000,1.0,3021694564,20260901
s_negmag,per_class,all,17,sofa,micro,other_fg_hit,0.26666666666666666,0.17777777777777778,0.36666666666666664,90,90,90,90,,5000,5000,1.0,3021694564,20260901
s_negmag,per_class,all,17,sofa,micro,background_hit,0.5555555555555556,0.4444444444444444,0.6555555555555556,90,90,90,90,,5000,5000,1.0,3021694564,20260901
s_negmag,per_class,all,17,sofa,micro,target_top05_fraction,0.18930310174569714,0.14039961457061878,0.24282246306183672,90,90,90,90,,5000,5000,1.0,3021694564,20260901
s_negmag,per_class,all,17,sofa,micro,other_fg_top05_fraction,0.2073657070954542,0.14544534117323396,0.27236892856773187,90,90,90,90,,5000,5000,1.0,3021694564,20260901
s_negmag,per_class,all,17,sofa,micro,bg_top05_fraction,0.6024284133810708,0.5317695823680729,0.6715432057989622,90,90,90,90,,5000,5000,1.0,3021694564,20260901
s_negmag,per_class,all,17,sofa,micro,target_tail_enrich_05,0.9799566445440134,0.6272447121036541,1.4442373320874171,88,90,88,90,,5000,5000,1.0,3021694564,20260901
s_negmag,per_class,all,17,sofa,micro,other_fg_tail_enrich_05,1.7757482352809126,1.1655183711586368,2.592312729347513,63,90,63,90,,5000,5000,1.0,3021694564,20260901
s_negmag,per_class,all,17,sofa,micro,bg_tail_enrich_05,1.1088615059139189,0.9670844126701197,1.2694757094938904,85,90,85,90,,5000,5000,1.0,3021694564,20260901
s_negmag,per_class,all,17,sofa,micro,target_top10_fraction,0.1836092341339838,0.13887281567297916,0.23400088487386372,90,90,90,90,,5000,5000,1.0,3021694564,20260901
s_negmag,per_class,all,17,sofa,micro,other_fg_top10_fraction,0.22818703282028585,0.16670211225957685,0.2932757214922777,90,90,90,90,,5000,5000,1.0,3021694564,20260901
s_negmag,per_class,all,17,sofa,micro,bg_top10_fraction,0.5873268870541692,0.5191672466327791,0.6526414311468787,90,90,90,90,,5000,5000,1.0,3021694564,20260901
s_negmag,per_class,all,17,sofa,micro,target_tail_enrich_10,0.8897344029690067,0.6281722259408316,1.2142082262493916,88,90,88,90,,5000,5000,1.0,3021694564,20260901
s_negmag,per_class,all,17,sofa,micro,other_fg_tail_enrich_10,1.7596723694214995,1.3557298708917538,2.2106072290447263,63,90,63,90,,5000,5000,1.0,3021694564,20260901
s_negmag,per_class,all,17,sofa,micro,bg_tail_enrich_10,1.0573008265340358,0.9320644371069099,1.203136033994024,85,90,85,90,,5000,5000,1.0,3021694564,20260901
s_negmag,per_class,all,17,sofa,micro,target_top20_fraction,0.18377867516968766,0.13992482604335493,0.23213100201949385,90,90,90,90,,5000,5000,1.0,3021694564,20260901
s_negmag,per_class,all,17,sofa,micro,other_fg_top20_fraction,0.23706148885182415,0.17770008287509795,0.30262300923310004,90,90,90,90,,5000,5000,1.0,3021694564,20260901
s_negmag,per_class,all,17,sofa,micro,bg_top20_fraction,0.5785771769016014,0.5119993195241428,0.6403953159702689,90,90,90,90,,5000,5000,1.0,3021694564,20260901
s_negmag,per_class,all,17,sofa,micro,target_tail_enrich_20,0.805451235613926,0.6346633564066307,1.0089905128398413,88,90,88,90,,5000,5000,1.0,3021694564,20260901
s_negmag,per_class,all,17,sofa,micro,other_fg_tail_enrich_20,1.6594421824728904,1.4134124534405736,1.9112678543856902,63,90,63,90,,5000,5000,1.0,3021694564,20260901
s_negmag,per_class,all,17,sofa,micro,bg_tail_enrich_20,1.0150620277328875,0.9086269635111165,1.1391163817650805,85,90,85,90,,5000,5000,1.0,3021694564,20260901
s_negmag,per_class,all,17,sofa,micro,auc_target_bg,0.4109305139347168,0.3686973758993892,0.45605988875586,83,90,83,90,,5000,5000,1.0,3021694564,20260901
s_negmag,per_class,all,17,sofa,micro,ap_target_bg,0.25711462397199303,0.21432423658053984,0.3026330842719368,83,90,83,90,,5000,5000,1.0,3021694564,20260901
s_negmag,per_class,all,17,sofa,micro,auc_target_other,0.3795789647202116,0.3203680646085657,0.4434977211203198,61,90,61,90,,5000,5000,1.0,3021694564,20260901
s_negmag,per_class,all,17,sofa,micro,ap_target_other,0.4858798604471669,0.41153254726024885,0.5630257965949591,61,90,61,90,,5000,5000,1.0,3021694564,20260901
s_negmag,per_class,all,17,sofa,micro,target_mean,-62.24763413470869,-102.46565973876513,-30.946751446508635,88,90,88,90,,5000,5000,1.0,3021694564,20260901
s_negmag,per_class,all,17,sofa,micro,other_fg_mean,79.76295746670945,-7.562299897523827,200.88308164617834,63,90,63,90,,5000,5000,1.0,3021694564,20260901
s_negmag,per_class,all,17,sofa,micro,bg_mean,-39.87076394018324,-79.18162040225752,-12.748605769484426,85,90,85,90,,5000,5000,1.0,3021694564,20260901
s_negmag,per_class,all,17,sofa,micro,target_median,-59.55592088130388,-87.56841012181799,-34.72180559738486,88,90,88,90,,5000,5000,1.0,3021694564,20260901
s_negmag,per_class,all,17,sofa,micro,other_fg_median,93.59732008879146,-7.9372587156850365,237.02560626764608,63,90,63,90,,5000,5000,1.0,3021694564,20260901
s_negmag,per_class,all,17,sofa,micro,bg_median,-40.470772592811024,-69.01047087874757,-20.475180990644468,85,90,85,90,,5000,5000,1.0,3021694564,20260901
s_negmag,per_class,all,17,sofa,micro,spatial_mass_target,0.1666681754642123,0.08889206830347478,0.24444753089046656,90,90,90,90,,5000,5000,1.0,3021694564,20260901
s_negmag,per_class,all,17,sofa,micro,spatial_mass_other_fg,0.25662175830867806,0.16773274153471013,0.3555550299088185,90,90,90,90,,5000,5000,1.0,3021694564,20260901
s_negmag,per_class,all,17,sofa,micro,spatial_mass_background,0.5555538993898561,0.4444449294280451,0.6555553340404441,90,90,90,90,,5000,5000,1.0,3021694564,20260901
s_negmag,per_class,all,18,train,micro,target_hit,0.3333333333333333,0.23809523809523808,0.44047619047619047,84,84,84,84,,5000,5000,1.0,3021694564,20260901
s_negmag,per_class,all,18,train,micro,other_fg_hit,0.023809523809523808,0.0,0.05952380952380952,84,84,84,84,,5000,5000,1.0,3021694564,20260901
s_negmag,per_class,all,18,train,micro,background_hit,0.6428571428571429,0.5357142857142857,0.7380952380952381,84,84,84,84,,5000,5000,1.0,3021694564,20260901
s_negmag,per_class,all,18,train,micro,target_top05_fraction,0.3024085139216718,0.24355750351638508,0.3665245072646387,84,84,84,84,,5000,5000,1.0,3021694564,20260901
s_negmag,per_class,all,18,train,micro,other_fg_top05_fraction,0.012733489707173917,0.0036871023713128974,0.023877669601353794,84,84,84,84,,5000,5000,1.0,3021694564,20260901
s_negmag,per_class,all,18,train,micro,bg_top05_fraction,0.6848579963711542,0.6207842592628778,0.7437771505781376,84,84,84,84,,5000,5000,1.0,3021694564,20260901
s_negmag,per_class,all,18,train,micro,target_tail_enrich_05,0.6924914254175893,0.578627015098281,0.805176338694707,84,84,84,84,,5000,5000,1.0,3021694564,20260901
s_negmag,per_class,all,18,train,micro,other_fg_tail_enrich_05,3.110343019051494,0.5992007686939311,6.430746093351701,10,84,10,84,,5000,5000,1.0,3021694564,20260901
s_negmag,per_class,all,18,train,micro,bg_tail_enrich_05,1.1476338400783186,1.0536469520535356,1.2375343384555466,83,84,83,84,,5000,5000,1.0,3021694564,20260901
s_negmag,per_class,all,18,train,micro,target_top10_fraction,0.34483196223768414,0.2914593969750854,0.40058460591267314,84,84,84,84,,5000,5000,1.0,3021694564,20260901
s_negmag,per_class,all,18,train,micro,other_fg_top10_fraction,0.014410217081650412,0.003851776878092667,0.028716909600635922,84,84,84,84,,5000,5000,1.0,3021694564,20260901
s_negmag,per_class,all,18,train,micro,bg_top10_fraction,0.6399927127727004,0.5849051251468003,0.6924564719747572,84,84,84,84,,5000,5000,1.0,3021694564,20260901
s_negmag,per_class,all,18,train,micro,target_tail_enrich_10,0.8941378342424919,0.7804530387010244,1.0153095154721283,84,84,84,84,,5000,5000,1.0,3021694564,20260901
s_negmag,per_class,all,18,train,micro,other_fg_tail_enrich_10,2.3827631868459127,0.9621995798262059,4.174467379612338,10,84,10,84,,5000,5000,1.0,3021694564,20260901
s_negmag,per_class,all,18,train,micro,bg_tail_enrich_10,1.09506904675743,1.0287334930364553,1.1611344756408553,83,84,83,84,,5000,5000,1.0,3021694564,20260901
s_negmag,per_class,all,18,train,micro,target_top20_fraction,0.430500098683683,0.37914848563862824,0.48225937241344957,84,84,84,84,,5000,5000,1.0,3021694564,20260901
s_negmag,per_class,all,18,train,micro,other_fg_top20_fraction,0.014922297204033179,0.0032742342872449015,0.03139681771371183,84,84,84,84,,5000,5000,1.0,3021694564,20260901
s_negmag,per_class,all,18,train,micro,bg_top20_fraction,0.5538892948479963,0.5033172048670124,0.6057072516032973,84,84,84,84,,5000,5000,1.0,3021694564,20260901
s_negmag,per_class,all,18,train,micro,target_tail_enrich_20,1.1596590519821286,1.0565869955150344,1.2688019768231165,84,84,84,84,,5000,5000,1.0,3021694564,20260901
s_negmag,per_class,all,18,train,micro,other_fg_tail_enrich_20,1.7633451322861464,1.0563181215430808,2.524555697641513,10,84,10,84,,5000,5000,1.0,3021694564,20260901
s_negmag,per_class,all,18,train,micro,bg_tail_enrich_20,0.937612447808485,0.884849903483239,0.9891614125601947,83,84,83,84,,5000,5000,1.0,3021694564,20260901
s_negmag,per_class,all,18,train,micro,auc_target_bg,0.5572408373308915,0.5257185092330826,0.5867794815303414,83,84,83,84,,5000,5000,1.0,3021694564,20260901
s_negmag,per_class,all,18,train,micro,ap_target_bg,0.42913640502450856,0.3799731660053209,0.4789044692669917,83,84,83,84,,5000,5000,1.0,3021694564,20260901
s_negmag,per_class,all,18,train,micro,auc_target_other,0.3985399408251105,0.2493977943403724,0.5507405712572223,10,84,10,84,,5000,5000,1.0,3021694564,20260901
s_negmag,per_class,all,18,train,micro,ap_target_other,0.7304300807427908,0.5279208395919338,0.9061809883396952,10,84,10,84,,5000,5000,1.0,3021694564,20260901
s_negmag,per_class,all,18,train,micro,target_mean,2.7830742050246093,-11.725297310997174,17.103581254854085,84,84,84,84,,5000,5000,1.0,3021694564,20260901
s_negmag,per_class,all,18,train,micro,other_fg_mean,152.83601979811095,65.41513337779038,257.1131282416871,10,84,10,84,,5000,5000,1.0,3021694564,20260901
s_negmag,per_class,all,18,train,micro,bg_mean,-0.4694638138650616,-14.278102897549777,13.091282232341191,83,84,83,84,,5000,5000,1.0,3021694564,20260901
s_negmag,per_class,all,18,train,micro,target_median,-17.94155381052267,-30.435595340494597,-5.610657574644406,84,84,84,84,,5000,5000,1.0,3021694564,20260901
s_negmag,per_class,all,18,train,micro,other_fg_median,141.66515171527863,50.98920195937157,254.04205084517588,10,84,10,84,,5000,5000,1.0,3021694564,20260901
s_negmag,per_class,all,18,train,micro,bg_median,-46.5405483421791,-55.552132946387474,-37.453847043661206,83,84,83,84,,5000,5000,1.0,3021694564,20260901
s_negmag,per_class,all,18,train,micro,spatial_mass_target,0.3163966020448692,0.22116583774597634,0.4185037024287354,84,84,84,84,,5000,5000,1.0,3021694564,20260901
s_negmag,per_class,all,18,train,micro,spatial_mass_other_fg,0.023809523809523808,0.0,0.05952380952380952,84,84,84,84,,5000,5000,1.0,3021694564,20260901
s_negmag,per_class,all,18,train,micro,spatial_mass_background,0.6478891084239454,0.5407498633078301,0.7431308335662348,84,84,84,84,,5000,5000,1.0,3021694564,20260901
s_negmag,per_class,all,19,tvmonitor,micro,target_hit,0.16216216216216217,0.08108108108108109,0.24324324324324326,74,74,74,74,,5000,5000,1.0,3021694564,20260901
s_negmag,per_class,all,19,tvmonitor,micro,other_fg_hit,0.0945945945945946,0.04020270270270282,0.16216216216216217,74,74,74,74,,5000,5000,1.0,3021694564,20260901
s_negmag,per_class,all,19,tvmonitor,micro,background_hit,0.7432432432432432,0.6351351351351351,0.8378378378378378,74,74,74,74,,5000,5000,1.0,3021694564,20260901
s_negmag,per_class,all,19,tvmonitor,micro,target_top05_fraction,0.12764221300850034,0.08461922883464491,0.17718122799870661,74,74,74,74,,5000,5000,1.0,3021694564,20260901
s_negmag,per_class,all,19,tvmonitor,micro,other_fg_top05_fraction,0.13396436566777958,0.08232017346704402,0.19010840273198018,74,74,74,74,,5000,5000,1.0,3021694564,20260901
s_negmag,per_class,all,19,tvmonitor,micro,bg_top05_fraction,0.737709083139382,0.6772685144795743,0.7956843206251988,74,74,74,74,,5000,5000,1.0,3021694564,20260901
s_negmag,per_class,all,19,tvmonitor,micro,target_tail_enrich_05,0.5727400028488928,0.4203484960395463,0.7572449661151369,67,74,67,74,,5000,5000,1.0,3021694564,20260901
s_negmag,per_class,all,19,tvmonitor,micro,other_fg_tail_enrich_05,1.1975398184970898,0.8898416433500181,1.5311816584323825,37,74,37,74,,5000,5000,1.0,3021694564,20260901
s_negmag,per_class,all,19,tvmonitor,micro,bg_tail_enrich_05,1.0724634266147266,0.996195378462281,1.146249047372426,73,74,73,74,,5000,5000,1.0,3021694564,20260901
s_negmag,per_class,all,19,tvmonitor,micro,target_top10_fraction,0.11453925753942641,0.07737883024986031,0.1589523554673386,74,74,74,74,,5000,5000,1.0,3021694564,20260901
s_negmag,per_class,all,19,tvmonitor,micro,other_fg_top10_fraction,0.161020022912862,0.10604868848056202,0.21882520782673967,74,74,74,74,,5000,5000,1.0,3021694564,20260901
s_negmag,per_class,all,19,tvmonitor,micro,bg_top10_fraction,0.7234121837090489,0.6658307447660456,0.7802635931239764,74,74,74,74,,5000,5000,1.0,3021694564,20260901
s_negmag,per_class,all,19,tvmonitor,micro,target_tail_enrich_10,0.5772521887202444,0.44379159360800013,0.7282710452482822,67,74,67,74,,5000,5000,1.0,3021694564,20260901
s_negmag,per_class,all,19,tvmonitor,micro,other_fg_tail_enrich_10,1.7462537900465214,1.2929523185983542,2.239984318834249,37,74,37,74,,5000,5000,1.0,3021694564,20260901
s_negmag,per_class,all,19,tvmonitor,micro,bg_tail_enrich_10,1.0568542870579622,0.9794574093457731,1.135663136622235,73,74,73,74,,5000,5000,1.0,3021694564,20260901
s_negmag,per_class,all,19,tvmonitor,micro,target_top20_fraction,0.10521272403370772,0.07066891414149089,0.14670335673173257,74,74,74,74,,5000,5000,1.0,3021694564,20260901
s_negmag,per_class,all,19,tvmonitor,micro,other_fg_top20_fraction,0.17691759994827067,0.12069248289105519,0.235069684076193,74,74,74,74,,5000,5000,1.0,3021694564,20260901
s_negmag,per_class,all,19,tvmonitor,micro,bg_top20_fraction,0.7170038900661835,0.6606212999406985,0.7738765172623238,74,74,74,74,,5000,5000,1.0,3021694564,20260901
s_negmag,per_class,all,19,tvmonitor,micro,target_tail_enrich_20,0.5252689104150863,0.418530127545926,0.6404370764460194,67,74,67,74,,5000,5000,1.0,3021694564,20260901
s_negmag,per_class,all,19,tvmonitor,micro,other_fg_tail_enrich_20,1.8919331765813783,1.5301380463148953,2.2781628328099095,37,74,37,74,,5000,5000,1.0,3021694564,20260901
s_negmag,per_class,all,19,tvmonitor,micro,bg_tail_enrich_20,1.0503955435180305,0.9709182156994811,1.1389630009424674,73,74,73,74,,5000,5000,1.0,3021694564,20260901
s_negmag,per_class,all,19,tvmonitor,micro,auc_target_bg,0.27005557975840677,0.2339974690387042,0.30818395146966737,66,74,66,74,,5000,5000,1.0,3021694564,20260901
s_negmag,per_class,all,19,tvmonitor,micro,ap_target_bg,0.16027020962786634,0.12361239592241245,0.20112706168114625,66,74,66,74,,5000,5000,1.0,3021694564,20260901
s_negmag,per_class,all,19,tvmonitor,micro,auc_target_other,0.22567166246284517,0.15392489367242368,0.30067351899169614,31,74,31,74,,5000,5000,1.0,3021694564,20260901
s_negmag,per_class,all,19,tvmonitor,micro,ap_target_other,0.29133188696328244,0.21340937096794282,0.37483601024438906,31,74,31,74,,5000,5000,1.0,3021694564,20260901
s_negmag,per_class,all,19,tvmonitor,micro,target_mean,-170.76456990392902,-198.15674915295787,-145.83280841617952,67,74,67,74,,5000,5000,1.0,3021694564,20260901
s_negmag,per_class,all,19,tvmonitor,micro,other_fg_mean,29.04542655364063,-12.072322310488174,81.18832189614268,37,74,37,74,,5000,5000,1.0,3021694564,20260901
s_negmag,per_class,all,19,tvmonitor,micro,bg_mean,-52.166008920560174,-74.21807800538271,-29.20561712974604,73,74,73,74,,5000,5000,1.0,3021694564,20260901
s_negmag,per_class,all,19,tvmonitor,micro,target_median,-192.89253857598376,-221.55152968615295,-165.046861914488,67,74,67,74,,5000,5000,1.0,3021694564,20260901
s_negmag,per_class,all,19,tvmonitor,micro,other_fg_median,22.48474254640373,-8.546719277821232,57.847910778490544,37,74,37,74,,5000,5000,1.0,3021694564,20260901
s_negmag,per_class,all,19,tvmonitor,micro,bg_median,-73.9487285711994,-95.31256155044845,-49.931114323654704,73,74,73,74,,5000,5000,1.0,3021694564,20260901
s_negmag,per_class,all,19,tvmonitor,micro,spatial_mass_target,0.16216247523086916,0.08108165189960333,0.24324412713001686,74,74,74,74,,5000,5000,1.0,3021694564,20260901
s_negmag,per_class,all,19,tvmonitor,micro,spatial_mass_other_fg,0.09209977714645136,0.031050760200190083,0.16067327800683312,74,74,74,74,,5000,5000,1.0,3021694564,20260901
s_negmag,per_class,all,19,tvmonitor,micro,spatial_mass_background,0.7457375892162098,0.6466364670294138,0.8403578690348544,74,74,74,74,,5000,5000,1.0,3021694564,20260901
s_pos,all_positive_classes,all,,,micro,target_hit,0.4010246856078249,0.38217701564415474,0.42026368769380296,1449,1449,2147,2147,,5000,5000,1.0,3021694564,20260901
s_pos,all_positive_classes,all,,,micro,other_fg_hit,0.183977643223102,0.16674601439049583,0.20074366878927583,1449,1449,2147,2147,,5000,5000,1.0,3021694564,20260901
s_pos,all_positive_classes,all,,,micro,background_hit,0.4126688402421984,0.38646662344980964,0.43799071642826115,1449,1449,2147,2147,,5000,5000,1.0,3021694564,20260901
s_pos,all_positive_classes,all,,,micro,target_top05_fraction,0.35986628859969283,0.3450130046580516,0.37500216732912744,1449,1449,2147,2147,,5000,5000,1.0,3021694564,20260901
s_pos,all_positive_classes,all,,,micro,other_fg_top05_fraction,0.16611013883257023,0.1530768649898996,0.17932320255369022,1449,1449,2147,2147,,5000,5000,1.0,3021694564,20260901
s_pos,all_positive_classes,all,,,micro,bg_top05_fraction,0.47309552343441974,0.4539271515175815,0.49222767289787994,1449,1449,2147,2147,,5000,5000,1.0,3021694564,20260901
s_pos,all_positive_classes,all,,,micro,target_tail_enrich_05,1.8377152218330355,1.743253789765891,1.936478438479744,1441,1449,2031,2147,,5000,5000,1.0,3021694564,20260901
s_pos,all_positive_classes,all,,,micro,other_fg_tail_enrich_05,1.3743201832591554,1.2767404138566505,1.4802136434489335,520,1449,1158,2147,,5000,5000,1.0,3021694564,20260901
s_pos,all_positive_classes,all,,,micro,bg_tail_enrich_05,0.7631091991915909,0.7298432119169541,0.7988866165110081,1432,1449,2120,2147,,5000,5000,1.0,3021694564,20260901
s_pos,all_positive_classes,all,,,micro,target_top10_fraction,0.344745909361285,0.33029346424635314,0.3593205332138357,1449,1449,2147,2147,,5000,5000,1.0,3021694564,20260901
s_pos,all_positive_classes,all,,,micro,other_fg_top10_fraction,0.16341756357324394,0.15056815987782857,0.1762675684011781,1449,1449,2147,2147,,5000,5000,1.0,3021694564,20260901
s_pos,all_positive_classes,all,,,micro,bg_top10_fraction,0.49084751184104075,0.47224046236985606,0.5095895472793506,1449,1449,2147,2147,,5000,5000,1.0,3021694564,20260901
s_pos,all_positive_classes,all,,,micro,target_tail_enrich_10,1.6303278925643117,1.5623270047677829,1.6993136663909656,1441,1449,2031,2147,,5000,5000,1.0,3021694564,20260901
s_pos,all_positive_classes,all,,,micro,other_fg_tail_enrich_10,1.2748838672575407,1.201695040103468,1.3526938248632703,520,1449,1158,2147,,5000,5000,1.0,3021694564,20260901
s_pos,all_positive_classes,all,,,micro,bg_tail_enrich_10,0.7777945620752386,0.7491886684333734,0.8066960881511843,1432,1449,2120,2147,,5000,5000,1.0,3021694564,20260901
s_pos,all_positive_classes,all,,,micro,target_top20_fraction,0.31953964803655976,0.3061046586067504,0.33332532463487996,1449,1449,2147,2147,,5000,5000,1.0,3021694564,20260901
s_pos,all_positive_classes,all,,,micro,other_fg_top20_fraction,0.15751397825438768,0.14535431589088257,0.16987362776950055,1449,1449,2147,2147,,5000,5000,1.0,3021694564,20260901
s_pos,all_positive_classes,all,,,micro,bg_top20_fraction,0.5221594451424136,0.5043702411241753,0.5401486989167423,1449,1449,2147,2147,,5000,5000,1.0,3021694564,20260901
s_pos,all_positive_classes,all,,,micro,target_tail_enrich_20,1.3815487014598888,1.3358518431757125,1.4281102893361124,1441,1449,2031,2147,,5000,5000,1.0,3021694564,20260901
s_pos,all_positive_classes,all,,,micro,other_fg_tail_enrich_20,1.147368480606964,1.0961789507519533,1.198825020762859,520,1449,1158,2147,,5000,5000,1.0,3021694564,20260901
s_pos,all_positive_classes,all,,,micro,bg_tail_enrich_20,0.8215692521913409,0.7974522830022331,0.8453585503785861,1432,1449,2120,2147,,5000,5000,1.0,3021694564,20260901
s_pos,all_positive_classes,all,,,micro,auc_target_bg,0.5613539347226234,0.5509700120681587,0.5719341753158292,1424,1449,2004,2147,,5000,5000,1.0,3021694564,20260901
s_pos,all_positive_classes,all,,,micro,ap_target_bg,0.3933592078421053,0.3793557411770178,0.40709258425824163,1424,1449,2004,2147,,5000,5000,1.0,3021694564,20260901
s_pos,all_positive_classes,all,,,micro,auc_target_other,0.5336877697953311,0.5243460993209192,0.5436001077572334,462,1449,1052,2147,,5000,5000,1.0,3021694564,20260901
s_pos,all_positive_classes,all,,,micro,ap_target_other,0.5029788516204573,0.49262663863118006,0.5143115278227971,462,1449,1052,2147,,5000,5000,1.0,3021694564,20260901
s_pos,all_positive_classes,all,,,micro,target_mean,133.92703156893884,109.9548277894204,157.96557055984775,1441,1449,2031,2147,,5000,5000,1.0,3021694564,20260901
s_pos,all_positive_classes,all,,,micro,other_fg_mean,49.920082161993044,23.479164209533284,76.25266509757004,520,1449,1158,2147,,5000,5000,1.0,3021694564,20260901
s_pos,all_positive_classes,all,,,micro,bg_mean,-86.02509979771771,-105.35810560468538,-67.00717277241706,1432,1449,2120,2147,,5000,5000,1.0,3021694564,20260901
s_pos,all_positive_classes,all,,,micro,target_median,213.52028162530172,189.27002612411763,237.75294113301436,1441,1449,2031,2147,,5000,5000,1.0,3021694564,20260901
s_pos,all_positive_classes,all,,,micro,other_fg_median,94.25785631829284,68.25973968610536,120.48969522492467,520,1449,1158,2147,,5000,5000,1.0,3021694564,20260901
s_pos,all_positive_classes,all,,,micro,bg_median,32.102624799407806,15.399274841333444,48.1911353327436,1432,1449,2120,2147,,5000,5000,1.0,3021694564,20260901
s_pos,all_positive_classes,all,,,micro,spatial_mass_target,0.38176569256236587,0.3624839353090349,0.4010032645117897,1449,1449,2147,2147,,5000,5000,1.0,3021694564,20260901
s_pos,all_positive_classes,all,,,micro,spatial_mass_other_fg,0.17159954480390893,0.15508225027168768,0.18792071187017015,1449,1449,2147,2147,,5000,5000,1.0,3021694564,20260901
s_pos,all_positive_classes,all,,,micro,spatial_mass_background,0.3805737891312867,0.3553970067393798,0.40569458764069133,1449,1449,2147,2147,,5000,5000,1.0,3021694564,20260901
s_pos,all_positive_classes,all,,,macro_class,target_hit,0.37105900432050737,0.35070027921273494,0.3924561766224974,1449,1449,2147,2147,20,5000,5000,1.0,3021694564,20260901
s_pos,all_positive_classes,all,,,macro_class,other_fg_hit,0.17826882027005206,0.16055158718149404,0.1954701265761044,1449,1449,2147,2147,20,5000,5000,1.0,3021694564,20260901
s_pos,all_positive_classes,all,,,macro_class,background_hit,0.4484880835851445,0.422716809614272,0.47267945690216867,1449,1449,2147,2147,20,5000,5000,1.0,3021694564,20260901
s_pos,all_positive_classes,all,,,macro_class,target_top05_fraction,0.33422703800959014,0.31987048920166145,0.3489685301095261,1449,1449,2147,2147,20,5000,5000,1.0,3021694564,20260901
s_pos,all_positive_classes,all,,,macro_class,other_fg_top05_fraction,0.15376618309895884,0.14098647718186383,0.16656326825361403,1449,1449,2147,2147,20,5000,5000,1.0,3021694564,20260901
s_pos,all_positive_classes,all,,,macro_class,bg_top05_fraction,0.5110726681421048,0.49338360472642706,0.5281026469842716,1449,1449,2147,2147,20,5000,5000,1.0,3021694564,20260901
s_pos,all_positive_classes,all,,,macro_class,target_tail_enrich_05,1.7831423693655366,1.6782204249092638,1.8918914900197363,1441,1449,2031,2147,20,5000,5000,1.0,3021694564,20260901
s_pos,all_positive_classes,all,,,macro_class,other_fg_tail_enrich_05,1.3938265161661314,1.2499925852038758,1.547929078780464,520,1449,1158,2147,20,5000,5000,1.0,3021694564,20260901
s_pos,all_positive_classes,all,,,macro_class,bg_tail_enrich_05,0.8112573074369644,0.7828443139125428,0.84230300994507,1432,1449,2120,2147,20,5000,5000,1.0,3021694564,20260901
s_pos,all_positive_classes,all,,,macro_class,target_top10_fraction,0.3233959585677885,0.3093737874092274,0.33776563592027375,1449,1449,2147,2147,20,5000,5000,1.0,3021694564,20260901
s_pos,all_positive_classes,all,,,macro_class,other_fg_top10_fraction,0.14824191124861838,0.13625669495447615,0.16042628231086936,1449,1449,2147,2147,20,5000,5000,1.0,3021694564,20260901
s_pos,all_positive_classes,all,,,macro_class,bg_top10_fraction,0.5273812594171691,0.510524031406267,0.5438435758130731,1449,1449,2147,2147,20,5000,5000,1.0,3021694564,20260901
s_pos,all_positive_classes,all,,,macro_class,target_tail_enrich_10,1.5842493467174688,1.5135474864503857,1.6572421807397744,1441,1449,2031,2147,20,5000,5000,1.0,3021694564,20260901
s_pos,all_positive_classes,all,,,macro_class,other_fg_tail_enrich_10,1.2252870908305016,1.1227955146309752,1.3353610631314905,520,1449,1158,2147,20,5000,5000,1.0,3021694564,20260901
s_pos,all_positive_classes,all,,,macro_class,bg_tail_enrich_10,0.823688133872911,0.7990848519659575,0.8492932109309792,1432,1449,2120,2147,20,5000,5000,1.0,3021694564,20260901
s_pos,all_positive_classes,all,,,macro_class,target_top20_fraction,0.3026331266188761,0.28971071443499735,0.31625018657775034,1449,1449,2147,2147,20,5000,5000,1.0,3021694564,20260901
s_pos,all_positive_classes,all,,,macro_class,other_fg_top20_fraction,0.14094953358040116,0.1297803937697787,0.15238576065514228,1449,1449,2147,2147,20,5000,5000,1.0,3021694564,20260901
s_pos,all_positive_classes,all,,,macro_class,bg_top20_fraction,0.555634781690046,0.5396674705354534,0.5712091077254547,1449,1449,2147,2147,20,5000,5000,1.0,3021694564,20260901
s_pos,all_positive_classes,all,,,macro_class,target_tail_enrich_20,1.3489665402374937,1.3012749841519644,1.3969896660147294,1441,1449,2031,2147,20,5000,5000,1.0,3021694564,20260901
s_pos,all_positive_classes,all,,,macro_class,other_fg_tail_enrich_20,1.0852838170945904,1.0078735388285651,1.1652843433509785,520,1449,1158,2147,20,5000,5000,1.0,3021694564,20260901
s_pos,all_positive_classes,all,,,macro_class,bg_tail_enrich_20,0.8618939640724376,0.8412574347765288,0.8822874128301168,1432,1449,2120,2147,20,5000,5000,1.0,3021694564,20260901
s_pos,all_positive_classes,all,,,macro_class,auc_target_bg,0.5486516393455952,0.5392840286613222,0.5580219453842201,1424,1449,2004,2147,20,5000,5000,1.0,3021694564,20260901
s_pos,all_positive_classes,all,,,macro_class,ap_target_bg,0.376050321540592,0.3629610503325667,0.3892818308670686,1424,1449,2004,2147,20,5000,5000,1.0,3021694564,20260901
s_pos,all_positive_classes,all,,,macro_class,auc_target_other,0.5360121021763342,0.5084454925385461,0.5647762088138161,462,1449,1052,2147,20,5000,5000,1.0,3021694564,20260901
s_pos,all_positive_classes,all,,,macro_class,ap_target_other,0.5366086509732261,0.5033189487289024,0.5708233754636972,462,1449,1052,2147,20,5000,5000,1.0,3021694564,20260901
s_pos,all_positive_classes,all,,,macro_class,target_mean,73.62500648592597,53.49251054414256,93.46161752535934,1441,1449,2031,2147,20,5000,5000,1.0,3021694564,20260901
s_pos,all_positive_classes,all,,,macro_class,other_fg_mean,-34.49483985383709,-76.06252796638087,6.978253021065131,520,1449,1158,2147,20,5000,5000,1.0,3021694564,20260901
s_pos,all_positive_classes,all,,,macro_class,bg_mean,-104.63609195722358,-121.0081088339073,-88.547017589831,1432,1449,2120,2147,20,5000,5000,1.0,3021694564,20260901
s_pos,all_positive_classes,all,,,macro_class,target_median,158.32947011537038,137.36368021031583,178.25799687546154,1441,1449,2031,2147,20,5000,5000,1.0,3021694564,20260901
s_pos,all_positive_classes,all,,,macro_class,other_fg_median,-0.3302412965365306,-43.63331582174617,42.79511963448901,520,1449,1158,2147,20,5000,5000,1.0,3021694564,20260901
s_pos,all_positive_classes,all,,,macro_class,bg_median,12.884028382813463,-1.8997269065612425,26.989595519716296,1432,1449,2120,2147,20,5000,5000,1.0,3021694564,20260901
s_pos,all_positive_classes,all,,,macro_class,spatial_mass_target,0.3533034184610772,0.33308218713491916,0.3740953624230575,1449,1449,2147,2147,20,5000,5000,1.0,3021694564,20260901
s_pos,all_positive_classes,all,,,macro_class,spatial_mass_other_fg,0.1666629418369054,0.1490668254831755,0.18343888522592067,1449,1449,2147,2147,20,5000,5000,1.0,3021694564,20260901
s_pos,all_positive_classes,all,,,macro_class,spatial_mass_background,0.41449986969189484,0.38930501972595205,0.4392178558892358,1449,1449,2147,2147,20,5000,5000,1.0,3021694564,20260901
s_pos,all_positive_classes,single_label,,,micro,target_hit,0.564185544768069,0.5329018338727076,0.5954692556634305,927,927,927,927,,5000,5000,1.0,3021694564,20260901
s_pos,all_positive_classes,single_label,,,micro,other_fg_hit,0.0,0.0,0.0,927,927,927,927,,5000,5000,1.0,3021694564,20260901
s_pos,all_positive_classes,single_label,,,micro,background_hit,0.43473570658036675,0.4034519956850054,0.4670981661272923,927,927,927,927,,5000,5000,1.0,3021694564,20260901
s_pos,all_positive_classes,single_label,,,micro,target_top05_fraction,0.4956028226060153,0.4719220224572036,0.5193954539817761,927,927,927,927,,5000,5000,1.0,3021694564,20260901
s_pos,all_positive_classes,single_label,,,micro,other_fg_top05_fraction,0.0,0.0,0.0,927,927,927,927,,5000,5000,1.0,3021694564,20260901
s_pos,all_positive_classes,single_label,,,micro,bg_top05_fraction,0.5036513069183691,0.479829489990412,0.527259398027843,927,927,927,927,,5000,5000,1.0,3021694564,20260901
s_pos,all_positive_classes,single_label,,,micro,target_tail_enrich_05,1.8883856030249209,1.755561799290195,2.0325296074063175,921,927,921,927,,5000,5000,1.0,3021694564,20260901
s_pos,all_positive_classes,single_label,,,micro,bg_tail_enrich_05,0.7425821749181332,0.7061098873430701,0.7811552931907214,918,927,918,927,,5000,5000,1.0,3021694564,20260901
s_pos,all_positive_classes,single_label,,,micro,target_top10_fraction,0.4728633304223098,0.44989489273424366,0.4959605716735374,927,927,927,927,,5000,5000,1.0,3021694564,20260901
s_pos,all_positive_classes,single_label,,,micro,other_fg_top10_fraction,0.0,0.0,0.0,927,927,927,927,,5000,5000,1.0,3021694564,20260901
s_pos,all_positive_classes,single_label,,,micro,bg_top10_fraction,0.5264793656821503,0.5033823197868398,0.5494070867027346,927,927,927,927,,5000,5000,1.0,3021694564,20260901
s_pos,all_positive_classes,single_label,,,micro,target_tail_enrich_10,1.64895536678088,1.554518332584383,1.7471297429237844,921,927,921,927,,5000,5000,1.0,3021694564,20260901
s_pos,all_positive_classes,single_label,,,micro,bg_tail_enrich_10,0.7654148731636964,0.7321577570539934,0.7996121058573628,918,927,918,927,,5000,5000,1.0,3021694564,20260901
s_pos,all_positive_classes,single_label,,,micro,target_top20_fraction,0.4372903222451598,0.4152345506853497,0.4595036072674155,927,927,927,927,,5000,5000,1.0,3021694564,20260901
s_pos,all_positive_classes,single_label,,,micro,other_fg_top20_fraction,0.0,0.0,0.0,927,927,927,927,,5000,5000,1.0,3021694564,20260901
s_pos,all_positive_classes,single_label,,,micro,bg_top20_fraction,0.5621993448254107,0.5400209265989345,0.5842326825945187,927,927,927,927,,5000,5000,1.0,3021694564,20260901
s_pos,all_positive_classes,single_label,,,micro,target_tail_enrich_20,1.3929812859577901,1.3283511507401684,1.459621561603493,921,927,921,927,,5000,5000,1.0,3021694564,20260901
s_pos,all_positive_classes,single_label,,,micro,bg_tail_enrich_20,0.8143949933198206,0.7848330982539446,0.8442803336130804,918,927,918,927,,5000,5000,1.0,3021694564,20260901
s_pos,all_positive_classes,single_label,,,micro,auc_target_bg,0.5697984687450193,0.5543318389650539,0.585248371466947,912,927,912,927,,5000,5000,1.0,3021694564,20260901
s_pos,all_positive_classes,single_label,,,micro,ap_target_bg,0.4616775095008961,0.44259191214663995,0.4808294819224308,912,927,912,927,,5000,5000,1.0,3021694564,20260901
s_pos,all_positive_classes,single_label,,,micro,target_mean,69.56256506021003,26.069249306342705,112.84059497257226,921,927,921,927,,5000,5000,1.0,3021694564,20260901
s_pos,all_positive_classes,single_label,,,micro,bg_mean,-235.35189144334814,-266.37969999080843,-204.54798501666798,918,927,918,927,,5000,5000,1.0,3021694564,20260901
s_pos,all_positive_classes,single_label,,,micro,target_median,188.33142416575575,144.29226301806887,232.2984294498803,921,927,921,927,,5000,5000,1.0,3021694564,20260901
s_pos,all_positive_classes,single_label,,,micro,bg_median,-50.14570235277573,-78.10743746043781,-22.461860439364813,918,927,918,927,,5000,5000,1.0,3021694564,20260901
s_pos,all_positive_classes,single_label,,,micro,spatial_mass_target,0.544107578040214,0.5123982747046322,0.5754772996622153,927,927,927,927,,5000,5000,1.0,3021694564,20260901
s_pos,all_positive_classes,single_label,,,micro,spatial_mass_other_fg,0.0,0.0,0.0,927,927,927,927,,5000,5000,1.0,3021694564,20260901
s_pos,all_positive_classes,single_label,,,micro,spatial_mass_background,0.40785067787736423,0.37556923423763194,0.4391481761694361,927,927,927,927,,5000,5000,1.0,3021694564,20260901
s_pos,all_positive_classes,single_label,,,macro_class,target_hit,0.5522690680926965,0.5197010773882277,0.5852999569417902,927,927,927,927,20,5000,5000,1.0,3021694564,20260901
s_pos,all_positive_classes,single_label,,,macro_class,other_fg_hit,0.0,0.0,0.0,927,927,927,927,20,5000,5000,1.0,3021694564,20260901
s_pos,all_positive_classes,single_label,,,macro_class,background_hit,0.44676939344576505,0.41372377049816667,0.4792408060581011,927,927,927,927,20,5000,5000,1.0,3021694564,20260901
s_pos,all_positive_classes,single_label,,,macro_class,target_top05_fraction,0.4874821906142334,0.4608538805026507,0.5151895914218001,927,927,927,927,20,5000,5000,1.0,3021694564,20260901
s_pos,all_positive_classes,single_label,,,macro_class,other_fg_top05_fraction,0.0,0.0,0.0,927,927,927,927,20,5000,5000,1.0,3021694564,20260901
s_pos,all_positive_classes,single_label,,,macro_class,bg_top05_fraction,0.5116765028918332,0.48397880138381494,0.5381823818419624,927,927,927,927,20,5000,5000,1.0,3021694564,20260901
s_pos,all_positive_classes,single_label,,,macro_class,target_tail_enrich_05,1.8476933697546056,1.7141503583324396,1.9925592506221121,921,927,921,927,20,5000,5000,1.0,3021694564,20260901
s_pos,all_positive_classes,single_label,,,macro_class,bg_tail_enrich_05,0.7633953767930747,0.7222632631084007,0.8052403534199979,918,927,918,927,20,5000,5000,1.0,3021694564,20260901
s_pos,all_positive_classes,single_label,,,macro_class,target_top10_fraction,0.4702088659395104,0.44402038080294254,0.49734953505493834,927,927,927,927,20,5000,5000,1.0,3021694564,20260901
s_pos,all_positive_classes,single_label,,,macro_class,other_fg_top10_fraction,0.0,0.0,0.0,927,927,927,927,20,5000,5000,1.0,3021694564,20260901
s_pos,all_positive_classes,single_label,,,macro_class,bg_top10_fraction,0.5290320138592843,0.5018956302386264,0.5553164114497721,927,927,927,927,20,5000,5000,1.0,3021694564,20260901
s_pos,all_positive_classes,single_label,,,macro_class,target_tail_enrich_10,1.6355408457677119,1.538865262085703,1.737586190142818,921,927,921,927,20,5000,5000,1.0,3021694564,20260901
s_pos,all_positive_classes,single_label,,,macro_class,bg_tail_enrich_10,0.7770380033268623,0.7394459320280528,0.8148171849573278,918,927,918,927,20,5000,5000,1.0,3021694564,20260901
s_pos,all_positive_classes,single_label,,,macro_class,target_top20_fraction,0.4395059909920823,0.41353958181400835,0.4666307749567629,927,927,927,927,20,5000,5000,1.0,3021694564,20260901
s_pos,all_positive_classes,single_label,,,macro_class,other_fg_top20_fraction,0.0,0.0,0.0,927,927,927,927,20,5000,5000,1.0,3021694564,20260901
s_pos,all_positive_classes,single_label,,,macro_class,bg_top20_fraction,0.5599512355514105,0.5328609902265159,0.5859194902804015,927,927,927,927,20,5000,5000,1.0,3021694564,20260901
s_pos,all_positive_classes,single_label,,,macro_class,target_tail_enrich_20,1.3967736074838242,1.3305286556654632,1.466484989999252,921,927,921,927,20,5000,5000,1.0,3021694564,20260901
s_pos,all_positive_classes,single_label,,,macro_class,bg_tail_enrich_20,0.818400961961151,0.7834324742167692,0.8521299883900523,918,927,918,927,20,5000,5000,1.0,3021694564,20260901
s_pos,all_positive_classes,single_label,,,macro_class,auc_target_bg,0.5703721104667222,0.5537904733951287,0.5856606174771608,912,927,912,927,20,5000,5000,1.0,3021694564,20260901
s_pos,all_positive_classes,single_label,,,macro_class,ap_target_bg,0.4611216991286361,0.4383957185255115,0.48742323817401345,912,927,912,927,20,5000,5000,1.0,3021694564,20260901
s_pos,all_positive_classes,single_label,,,macro_class,target_mean,87.44304755465043,57.15499719179889,117.75453462397012,921,927,921,927,20,5000,5000,1.0,3021694564,20260901
s_pos,all_positive_classes,single_label,,,macro_class,bg_mean,-176.59908392248462,-203.05700421688033,-151.78024495406825,918,927,918,927,20,5000,5000,1.0,3021694564,20260901
s_pos,all_positive_classes,single_label,,,macro_class,target_median,199.2034905060189,168.5005243049406,229.59565705136814,921,927,921,927,20,5000,5000,1.0,3021694564,20260901
s_pos,all_positive_classes,single_label,,,macro_class,bg_median,-20.39726116429601,-42.92438911495644,1.1212787113690639,918,927,918,927,20,5000,5000,1.0,3021694564,20260901
s_pos,all_positive_classes,single_label,,,macro_class,spatial_mass_target,0.5296677851531439,0.49692175431175023,0.5625667203265405,927,927,927,927,20,5000,5000,1.0,3021694564,20260901
s_pos,all_positive_classes,single_label,,,macro_class,spatial_mass_other_fg,0.0,0.0,0.0,927,927,927,927,20,5000,5000,1.0,3021694564,20260901
s_pos,all_positive_classes,single_label,,,macro_class,spatial_mass_background,0.4104959945457204,0.37843553775197974,0.4432196821151387,927,927,927,927,20,5000,5000,1.0,3021694564,20260901
s_pos,all_positive_classes,exactly_2_labels,,,micro,target_hit,0.312,0.2866666666666667,0.3373333333333333,375,375,750,750,,5000,5000,1.0,3021694564,20260901
s_pos,all_positive_classes,exactly_2_labels,,,micro,other_fg_hit,0.276,0.25066666666666665,0.30133333333333334,375,375,750,750,,5000,5000,1.0,3021694564,20260901
s_pos,all_positive_classes,exactly_2_labels,,,micro,background_hit,0.4093333333333333,0.36533333333333334,0.45466666666666666,375,375,750,750,,5000,5000,1.0,3021694564,20260901
s_pos,all_positive_classes,exactly_2_labels,,,micro,target_top05_fraction,0.29284721298951144,0.27475125880538204,0.3110272730219138,375,375,750,750,,5000,5000,1.0,3021694564,20260901
s_pos,all_positive_classes,exactly_2_labels,,,micro,other_fg_top05_fraction,0.25086502764206364,0.23386144679241486,0.2679983106819315,375,375,750,750,,5000,5000,1.0,3021694564,20260901
s_pos,all_positive_classes,exactly_2_labels,,,micro,bg_top05_fraction,0.45553818671885243,0.4232345066011309,0.48755657342591874,375,375,750,750,,5000,5000,1.0,3021694564,20260901
s_pos,all_positive_classes,exactly_2_labels,,,micro,target_tail_enrich_05,1.8242035173581466,1.657651823812479,1.9922808788217943,373,375,695,750,,5000,5000,1.0,3021694564,20260901
s_pos,all_positive_classes,exactly_2_labels,,,micro,other_fg_tail_enrich_05,1.4162641439443386,1.281318412842992,1.5567315366925119,373,375,695,750,,5000,5000,1.0,3021694564,20260901
s_pos,all_positive_classes,exactly_2_labels,,,micro,bg_tail_enrich_05,0.7790298262895033,0.7085615619539428,0.8584701494044494,369,375,738,750,,5000,5000,1.0,3021694564,20260901
s_pos,all_positive_classes,exactly_2_labels,,,micro,target_top10_fraction,0.28260276275581037,0.2652957841211589,0.30071893958689544,375,375,750,750,,5000,5000,1.0,3021694564,20260901
s_pos,all_positive_classes,exactly_2_labels,,,micro,other_fg_top10_fraction,0.24563130126510893,0.2290715355703084,0.2617676625547839,375,375,750,750,,5000,5000,1.0,3021694564,20260901
s_pos,all_positive_classes,exactly_2_labels,,,micro,bg_top10_fraction,0.47078658677208385,0.43911791183676024,0.5020412060167366,375,375,750,750,,5000,5000,1.0,3021694564,20260901
s_pos,all_positive_classes,exactly_2_labels,,,micro,target_tail_enrich_10,1.6226286678988397,1.503426847400738,1.742462345077325,373,375,695,750,,5000,5000,1.0,3021694564,20260901
s_pos,all_positive_classes,exactly_2_labels,,,micro,other_fg_tail_enrich_10,1.2960966963589258,1.1977969943190665,1.3963139783023883,373,375,695,750,,5000,5000,1.0,3021694564,20260901
s_pos,all_positive_classes,exactly_2_labels,,,micro,bg_tail_enrich_10,0.7820061418684804,0.7274802222971347,0.841117734756399,369,375,738,750,,5000,5000,1.0,3021694564,20260901
s_pos,all_positive_classes,exactly_2_labels,,,micro,target_top20_fraction,0.26292539851333097,0.24627057915053677,0.2801571583039617,375,375,750,750,,5000,5000,1.0,3021694564,20260901
s_pos,all_positive_classes,exactly_2_labels,,,micro,other_fg_top20_fraction,0.23558182762969274,0.21990196873572232,0.25129679439173624,375,375,750,750,,5000,5000,1.0,3021694564,20260901
s_pos,all_positive_classes,exactly_2_labels,,,micro,bg_top20_fraction,0.5006359029478908,0.4692563038283488,0.5308725838902295,375,375,750,750,,5000,5000,1.0,3021694564,20260901
s_pos,all_positive_classes,exactly_2_labels,,,micro,target_tail_enrich_20,1.3723838364648422,1.2920968173264928,1.451081829822965,373,375,695,750,,5000,5000,1.0,3021694564,20260901
s_pos,all_positive_classes,exactly_2_labels,,,micro,other_fg_tail_enrich_20,1.148278483097174,1.0797310446053092,1.2157132011378422,373,375,695,750,,5000,5000,1.0,3021694564,20260901
s_pos,all_positive_classes,exactly_2_labels,,,micro,bg_tail_enrich_20,0.8195400823055556,0.7759516798131211,0.8656839259963207,369,375,738,750,,5000,5000,1.0,3021694564,20260901
s_pos,all_positive_classes,exactly_2_labels,,,micro,auc_target_bg,0.5613808706153381,0.5434736067128592,0.5787286910245343,367,375,683,750,,5000,5000,1.0,3021694564,20260901
s_pos,all_positive_classes,exactly_2_labels,,,micro,ap_target_bg,0.36219941058503213,0.3408546221355078,0.3840827446623854,367,375,683,750,,5000,5000,1.0,3021694564,20260901
s_pos,all_positive_classes,exactly_2_labels,,,micro,auc_target_other,0.5360537776254297,0.5253102138652116,0.5477764506255796,322,375,644,750,,5000,5000,1.0,3021694564,20260901
s_pos,all_positive_classes,exactly_2_labels,,,micro,ap_target_other,0.559652390709774,0.5513357944157858,0.5682196056008223,322,375,644,750,,5000,5000,1.0,3021694564,20260901
s_pos,all_positive_classes,exactly_2_labels,,,micro,target_mean,206.4268600653617,172.2362478680367,238.56152780479997,373,375,695,750,,5000,5000,1.0,3021694564,20260901
s_pos,all_positive_classes,exactly_2_labels,,,micro,other_fg_mean,51.86229727905302,11.528487774392588,90.58022988549854,373,375,695,750,,5000,5000,1.0,3021694564,20260901
s_pos,all_positive_classes,exactly_2_labels,,,micro,bg_mean,17.09237799693385,-11.966706761139427,46.49369148390314,369,375,738,750,,5000,5000,1.0,3021694564,20260901
s_pos,all_positive_classes,exactly_2_labels,,,micro,target_median,266.4669101111323,233.665866680391,298.22604316394626,373,375,695,750,,5000,5000,1.0,3021694564,20260901
s_pos,all_positive_classes,exactly_2_labels,,,micro,other_fg_median,106.07533083558083,65.75448568979203,143.58237577243142,373,375,695,750,,5000,5000,1.0,3021694564,20260901
s_pos,all_positive_classes,exactly_2_labels,,,micro,bg_median,99.78521127279515,73.70306858527628,126.62479418750404,369,375,738,750,,5000,5000,1.0,3021694564,20260901
s_pos,all_positive_classes,exactly_2_labels,,,micro,spatial_mass_target,0.28783327986533347,0.2625969511391673,0.31294289547538656,375,375,750,750,,5000,5000,1.0,3021694564,20260901
s_pos,all_positive_classes,exactly_2_labels,,,micro,spatial_mass_other_fg,0.25770344376930254,0.2323537147632435,0.28221202953674007,375,375,750,750,,5000,5000,1.0,3021694564,20260901
s_pos,all_positive_classes,exactly_2_labels,,,micro,spatial_mass_background,0.37257397324791885,0.3276629024254247,0.4177681217537953,375,375,750,750,,5000,5000,1.0,3021694564,20260901
s_pos,all_positive_classes,exactly_2_labels,,,macro_class,target_hit,0.2546577981197547,0.21956153460186525,0.29423824534029613,375,375,750,750,20,5000,5000,1.0,3021694564,20260901
s_pos,all_positive_classes,exactly_2_labels,,,macro_class,other_fg_hit,0.31502335225161315,0.2647631554546459,0.36711592436957774,375,375,750,750,20,5000,5000,1.0,3021694564,20260901
s_pos,all_positive_classes,exactly_2_labels,,,macro_class,background_hit,0.4289993358091184,0.37242486820203347,0.484217579404102,375,375,750,750,20,5000,5000,1.0,3021694564,20260901
s_pos,all_positive_classes,exactly_2_labels,,,macro_class,target_top05_fraction,0.268396799327138,0.23926251172693735,0.2972453833043366,375,375,750,750,20,5000,5000,1.0,3021694564,20260901
s_pos,all_positive_classes,exactly_2_labels,,,macro_class,other_fg_top05_fraction,0.2567550693581514,0.22349065484176228,0.29219492471074415,375,375,750,750,20,5000,5000,1.0,3021694564,20260901
s_pos,all_positive_classes,exactly_2_labels,,,macro_class,bg_top05_fraction,0.4741499373256512,0.4427109849086262,0.5065490281856778,375,375,750,750,20,5000,5000,1.0,3021694564,20260901
s_pos,all_positive_classes,exactly_2_labels,,,macro_class,target_tail_enrich_05,1.7208052798607814,1.457147400050012,2.0127083131341106,373,375,695,750,20,5000,5000,1.0,3021694564,20260901
s_pos,all_positive_classes,exactly_2_labels,,,macro_class,other_fg_tail_enrich_05,1.4340363115544692,1.2559860806937622,1.623877788409016,373,375,695,750,20,5000,5000,1.0,3021694564,20260901
s_pos,all_positive_classes,exactly_2_labels,,,macro_class,bg_tail_enrich_05,0.8090083696916629,0.7423219140807684,0.8796872043846292,369,375,738,750,20,5000,5000,1.0,3021694564,20260901
s_pos,all_positive_classes,exactly_2_labels,,,macro_class,target_top10_fraction,0.2606438708381679,0.23420604036722986,0.2876281003089389,375,375,750,750,20,5000,5000,1.0,3021694564,20260901
s_pos,all_positive_classes,exactly_2_labels,,,macro_class,other_fg_top10_fraction,0.24207027547208188,0.21234416563272737,0.27394064036954785,375,375,750,750,20,5000,5000,1.0,3021694564,20260901
s_pos,all_positive_classes,exactly_2_labels,,,macro_class,bg_top10_fraction,0.49639168224940067,0.46613217679914165,0.5268468904351846,375,375,750,750,20,5000,5000,1.0,3021694564,20260901
s_pos,all_positive_classes,exactly_2_labels,,,macro_class,target_tail_enrich_10,1.540748942714201,1.3628362965367093,1.74116913960304,373,375,695,750,20,5000,5000,1.0,3021694564,20260901
s_pos,all_positive_classes,exactly_2_labels,,,macro_class,other_fg_tail_enrich_10,1.2521487417214359,1.1211087547534027,1.3893816797587357,373,375,695,750,20,5000,5000,1.0,3021694564,20260901
s_pos,all_positive_classes,exactly_2_labels,,,macro_class,bg_tail_enrich_10,0.8290299141628166,0.772796267327721,0.8841803545812034,369,375,738,750,20,5000,5000,1.0,3021694564,20260901
s_pos,all_positive_classes,exactly_2_labels,,,macro_class,target_top20_fraction,0.24536189910514472,0.22156174803280324,0.2702962588913198,375,375,750,750,20,5000,5000,1.0,3021694564,20260901
s_pos,all_positive_classes,exactly_2_labels,,,macro_class,other_fg_top20_fraction,0.22693702469931556,0.2010974688074804,0.2544877552301733,375,375,750,750,20,5000,5000,1.0,3021694564,20260901
s_pos,all_positive_classes,exactly_2_labels,,,macro_class,bg_top20_fraction,0.5269265279574465,0.498464435299608,0.5548367203767322,375,375,750,750,20,5000,5000,1.0,3021694564,20260901
s_pos,all_positive_classes,exactly_2_labels,,,macro_class,target_tail_enrich_20,1.3012953494011228,1.1793440848610135,1.4426707195636734,373,375,695,750,20,5000,5000,1.0,3021694564,20260901
s_pos,all_positive_classes,exactly_2_labels,,,macro_class,other_fg_tail_enrich_20,1.092037347758133,0.9971296508736571,1.1917518830550935,373,375,695,750,20,5000,5000,1.0,3021694564,20260901
s_pos,all_positive_classes,exactly_2_labels,,,macro_class,bg_tail_enrich_20,0.8691887291984965,0.8273693674361271,0.9096938710994102,369,375,738,750,20,5000,5000,1.0,3021694564,20260901
s_pos,all_positive_classes,exactly_2_labels,,,macro_class,auc_target_bg,0.5314919604925252,0.5086435283705242,0.5562591731390312,367,375,683,750,20,5000,5000,1.0,3021694564,20260901
s_pos,all_positive_classes,exactly_2_labels,,,macro_class,ap_target_bg,0.33665305445574273,0.31229275956703634,0.36075355483305577,367,375,683,750,20,5000,5000,1.0,3021694564,20260901
s_pos,all_positive_classes,exactly_2_labels,,,macro_class,auc_target_other,0.5368951712902659,0.5029772918672986,0.5697361993103048,322,375,644,750,20,5000,5000,1.0,3021694564,20260901
s_pos,all_positive_classes,exactly_2_labels,,,macro_class,ap_target_other,0.585235691673513,0.5457804490514971,0.6219084150638227,322,375,644,750,20,5000,5000,1.0,3021694564,20260901
s_pos,all_positive_classes,exactly_2_labels,,,macro_class,target_mean,109.54087667387925,65.26958191594288,153.66953705299457,373,375,695,750,20,5000,5000,1.0,3021694564,20260901
s_pos,all_positive_classes,exactly_2_labels,,,macro_class,other_fg_mean,-38.83131776429211,-93.01872090921039,16.762562084751508,373,375,695,750,20,5000,5000,1.0,3021694564,20260901
s_pos,all_positive_classes,exactly_2_labels,,,macro_class,bg_mean,-12.799288746348406,-43.3856536891443,19.6877246468305,369,375,738,750,20,5000,5000,1.0,3021694564,20260901
s_pos,all_positive_classes,exactly_2_labels,,,macro_class,target_median,169.25005774302147,127.24353853912793,210.9627398110361,373,375,695,750,20,5000,5000,1.0,3021694564,20260901
s_pos,all_positive_classes,exactly_2_labels,,,macro_class,other_fg_median,0.9411963902802156,-54.511080848952766,59.24955590047089,373,375,695,750,20,5000,5000,1.0,3021694564,20260901
s_pos,all_positive_classes,exactly_2_labels,,,macro_class,bg_median,69.45559691619475,41.59498102417881,102.95234962877768,369,375,738,750,20,5000,5000,1.0,3021694564,20260901
s_pos,all_positive_classes,exactly_2_labels,,,macro_class,spatial_mass_target,0.22735308200150744,0.19578508667363606,0.2615591888570167,375,375,750,750,20,5000,5000,1.0,3021694564,20260901
s_pos,all_positive_classes,exactly_2_labels,,,macro_class,spatial_mass_other_fg,0.2944127060505437,0.24570591147549703,0.34684194661088147,375,375,750,750,20,5000,5000,1.0,3021694564,20260901
s_pos,all_positive_classes,exactly_2_labels,,,macro_class,spatial_mass_background,0.3771777410482573,0.32365041074358397,0.4360653708666543,375,375,750,750,20,5000,5000,1.0,3021694564,20260901
s_pos,all_positive_classes,3plus_labels,,,micro,target_hit,0.22127659574468084,0.19649994074263155,0.24628528327187393,147,147,470,470,,5000,5000,1.0,3021694564,20260901
s_pos,all_positive_classes,3plus_labels,,,micro,other_fg_hit,0.4,0.3519283563787439,0.4449152542372881,147,147,470,470,,5000,5000,1.0,3021694564,20260901
s_pos,all_positive_classes,3plus_labels,,,micro,background_hit,0.37446808510638296,0.3122329275175361,0.43923240938166314,147,147,470,470,,5000,5000,1.0,3021694564,20260901
s_pos,all_positive_classes,3plus_labels,,,micro,target_top05_fraction,0.19909296877793684,0.18125655808800054,0.21709715679308178,147,147,470,470,,5000,5000,1.0,3021694564,20260901
s_pos,all_positive_classes,3plus_labels,,,micro,other_fg_top05_fraction,0.35848871774889507,0.32405032729839833,0.39119432935603626,147,147,470,470,,5000,5000,1.0,3021694564,20260901
s_pos,all_positive_classes,3plus_labels,,,micro,bg_top05_fraction,0.4408461431090046,0.39330014281964903,0.49011088344170634,147,147,470,470,,5000,5000,1.0,3021694564,20260901
s_pos,all_positive_classes,3plus_labels,,,micro,target_tail_enrich_05,1.7478916399832063,1.5169243117715114,1.9956155015382318,147,147,415,470,,5000,5000,1.0,3021694564,20260901
s_pos,all_positive_classes,3plus_labels,,,micro,other_fg_tail_enrich_05,1.3113589463775095,1.1708008678155857,1.4613063417016312,147,147,463,470,,5000,5000,1.0,3021694564,20260901
s_pos,all_positive_classes,3plus_labels,,,micro,bg_tail_enrich_05,0.7783988230811857,0.7052654480312226,0.8587148168590483,145,147,464,470,,5000,5000,1.0,3021694564,20260901
s_pos,all_positive_classes,3plus_labels,,,micro,target_top10_fraction,0.19121933623476747,0.17440018669565785,0.20840516268658926,147,147,470,470,,5000,5000,1.0,3021694564,20260901
s_pos,all_positive_classes,3plus_labels,,,micro,other_fg_top10_fraction,0.3545404958360071,0.32133655656766186,0.3866589009362409,147,147,470,470,,5000,5000,1.0,3021694564,20260901
s_pos,all_positive_classes,3plus_labels,,,micro,bg_top10_fraction,0.45258148054531416,0.4053527718440709,0.49960738879672684,147,147,470,470,,5000,5000,1.0,3021694564,20260901
s_pos,all_positive_classes,3plus_labels,,,micro,target_tail_enrich_10,1.6018822477186294,1.4341028948062287,1.778479625175926,147,147,415,470,,5000,5000,1.0,3021694564,20260901
s_pos,all_positive_classes,3plus_labels,,,micro,other_fg_tail_enrich_10,1.2430417155826776,1.127723052137371,1.3622649538774751,147,147,463,470,,5000,5000,1.0,3021694564,20260901
s_pos,all_positive_classes,3plus_labels,,,micro,bg_tail_enrich_10,0.7955885459833898,0.7282645557513427,0.8697124748706717,145,147,464,470,,5000,5000,1.0,3021694564,20260901
s_pos,all_positive_classes,3plus_labels,,,micro,target_top20_fraction,0.17763712069836726,0.16192043873010808,0.19382380715030337,147,147,470,470,,5000,5000,1.0,3021694564,20260901
s_pos,all_positive_classes,3plus_labels,,,micro,other_fg_top20_fraction,0.34360880976574687,0.3118696229770363,0.3746077920648654,147,147,470,470,,5000,5000,1.0,3021694564,20260901
s_pos,all_positive_classes,3plus_labels,,,micro,bg_top20_fraction,0.47753321033338125,0.431920904284077,0.5226483300697538,147,147,470,470,,5000,5000,1.0,3021694564,20260901
s_pos,all_positive_classes,3plus_labels,,,micro,target_tail_enrich_20,1.3715250167586648,1.2552263144494014,1.4924111881106017,147,147,415,470,,5000,5000,1.0,3021694564,20260901
s_pos,all_positive_classes,3plus_labels,,,micro,other_fg_tail_enrich_20,1.1460024941475766,1.0670409718528886,1.2229972052792415,147,147,463,470,,5000,5000,1.0,3021694564,20260901
s_pos,all_positive_classes,3plus_labels,,,micro,bg_tail_enrich_20,0.8389905819753156,0.7819442213041263,0.8990304195792507,145,147,464,470,,5000,5000,1.0,3021694564,20260901
s_pos,all_positive_classes,3plus_labels,,,micro,auc_target_bg,0.542479088162361,0.5194564107964537,0.5660160308964309,145,147,409,470,,5000,5000,1.0,3021694564,20260901
s_pos,all_positive_classes,3plus_labels,,,micro,ap_target_bg,0.29305566362147784,0.2649161498724377,0.3220827464143341,145,147,409,470,,5000,5000,1.0,3021694564,20260901
s_pos,all_positive_classes,3plus_labels,,,micro,auc_target_other,0.5299531888086071,0.5128921960278064,0.5482616384027436,140,147,408,470,,5000,5000,1.0,3021694564,20260901
s_pos,all_positive_classes,3plus_labels,,,micro,ap_target_other,0.41352355952849623,0.39914823576043806,0.4287551655401899,140,147,408,470,,5000,5000,1.0,3021694564,20260901
s_pos,all_positive_classes,3plus_labels,,,micro,target_mean,155.3542432545427,125.55401707980194,185.26041057516818,147,147,415,470,,5000,5000,1.0,3021694564,20260901
s_pos,all_positive_classes,3plus_labels,,,micro,other_fg_mean,47.00466206187078,17.005813323312584,75.7695538340433,147,147,463,470,,5000,5000,1.0,3021694564,20260901
s_pos,all_positive_classes,3plus_labels,,,micro,bg_mean,45.400107353653134,22.48711995762146,68.83125863251652,145,147,464,470,,5000,5000,1.0,3021694564,20260901
s_pos,all_positive_classes,3plus_labels,,,micro,target_median,180.75168143877065,150.57118156948567,210.54698956144148,147,147,415,470,,5000,5000,1.0,3021694564,20260901
s_pos,all_positive_classes,3plus_labels,,,micro,other_fg_median,76.51888269083031,48.638428519126386,103.61569688072936,147,147,463,470,,5000,5000,1.0,3021694564,20260901
s_pos,all_positive_classes,3plus_labels,,,micro,bg_median,87.17636511911606,65.08985935868078,109.1726188395439,145,147,464,470,,5000,5000,1.0,3021694564,20260901
s_pos,all_positive_classes,3plus_labels,,,micro,spatial_mass_target,0.21146437699812973,0.18619377703446416,0.23689572698853983,147,147,470,470,,5000,5000,1.0,3021694564,20260901
s_pos,all_positive_classes,3plus_labels,,,micro,spatial_mass_other_fg,0.37265242524896935,0.32384724648077773,0.4190798429290136,147,147,470,470,,5000,5000,1.0,3021694564,20260901
s_pos,all_positive_classes,3plus_labels,,,micro,spatial_mass_background,0.33954014241833386,0.2803597760004528,0.40239436014215957,147,147,470,470,,5000,5000,1.0,3021694564,20260901
s_pos,all_positive_classes,3plus_labels,,,macro_class,target_hit,0.16237834783790667,0.1175737432740421,0.22087694086514167,147,147,470,470,20,5000,5000,1.0,3021694564,20260901
s_pos,all_positive_classes,3plus_labels,,,macro_class,other_fg_hit,0.35529266016398375,0.28923269502222676,0.4502245056147818,147,147,470,470,20,5000,5000,1.0,3021694564,20260901
s_pos,all_positive_classes,3plus_labels,,,macro_class,background_hit,0.47893736507707096,0.3715822590017486,0.5520659118099333,147,147,470,470,20,5000,5000,1.0,3021694564,20260901
s_pos,all_positive_classes,3plus_labels,,,macro_class,target_top05_fraction,0.18115216936207718,0.14302822677285607,0.21346808639132242,147,147,470,470,20,5000,5000,1.0,3021694564,20260901
s_pos,all_positive_classes,3plus_labels,,,macro_class,other_fg_top05_fraction,0.29628670319651,0.25773497853472416,0.35665507575574923,147,147,470,470,20,5000,5000,1.0,3021694564,20260901
s_pos,all_positive_classes,3plus_labels,,,macro_class,bg_top05_fraction,0.5210188948084866,0.4653616436875556,0.5642285281630739,147,147,470,470,20,5000,5000,1.0,3021694564,20260901
s_pos,all_positive_classes,3plus_labels,,,macro_class,target_tail_enrich_05,1.9004810279160644,1.515862322684609,2.2432598989886983,147,147,415,470,19,5000,5000,1.0,3021694564,20260901
s_pos,all_positive_classes,3plus_labels,,,macro_class,other_fg_tail_enrich_05,1.222253627874736,1.0184746706117913,1.4597121222699587,147,147,463,470,20,5000,5000,1.0,3021694564,20260901
s_pos,all_positive_classes,3plus_labels,,,macro_class,bg_tail_enrich_05,0.8754825169603689,0.8039978880496753,0.9617088568394344,145,147,464,470,20,5000,5000,1.0,3021694564,20260901
s_pos,all_positive_classes,3plus_labels,,,macro_class,target_top10_fraction,0.17555361412206888,0.14157054527912277,0.20900392737572387,147,147,470,470,20,5000,5000,1.0,3021694564,20260901
s_pos,all_positive_classes,3plus_labels,,,macro_class,other_fg_top10_fraction,0.29493363306777376,0.25476830245877685,0.3556937094237893,147,147,470,470,20,5000,5000,1.0,3021694564,20260901
s_pos,all_positive_classes,3plus_labels,,,macro_class,bg_top10_fraction,0.5276629148498723,0.47003392847746656,0.5712400595208263,147,147,470,470,20,5000,5000,1.0,3021694564,20260901
s_pos,all_positive_classes,3plus_labels,,,macro_class,target_tail_enrich_10,1.7019002742038551,1.4207084877603424,1.9675154130941377,147,147,415,470,19,5000,5000,1.0,3021694564,20260901
s_pos,all_positive_classes,3plus_labels,,,macro_class,other_fg_tail_enrich_10,1.0887388410433831,0.9629929727987058,1.2649013672108207,147,147,463,470,20,5000,5000,1.0,3021694564,20260901
s_pos,all_positive_classes,3plus_labels,,,macro_class,bg_tail_enrich_10,0.8723606028526778,0.8051751607040047,0.941561239043768,145,147,464,470,20,5000,5000,1.0,3021694564,20260901
s_pos,all_positive_classes,3plus_labels,,,macro_class,target_top20_fraction,0.15894247379790968,0.13162686878558832,0.19105114523085046,147,147,470,470,20,5000,5000,1.0,3021694564,20260901
s_pos,all_positive_classes,3plus_labels,,,macro_class,other_fg_top20_fraction,0.2914543671991689,0.24916483355809352,0.3526680046300662,147,147,470,470,20,5000,5000,1.0,3021694564,20260901
s_pos,all_positive_classes,3plus_labels,,,macro_class,bg_top20_fraction,0.548067163996385,0.48640131820169435,0.5915560814516394,147,147,470,470,20,5000,5000,1.0,3021694564,20260901
s_pos,all_positive_classes,3plus_labels,,,macro_class,target_tail_enrich_20,1.4176038351355638,1.2325238411699724,1.6059866609694724,147,147,415,470,19,5000,5000,1.0,3021694564,20260901
s_pos,all_positive_classes,3plus_labels,,,macro_class,other_fg_tail_enrich_20,0.9886965346497719,0.903063618925449,1.1271978817870356,147,147,463,470,20,5000,5000,1.0,3021694564,20260901
s_pos,all_positive_classes,3plus_labels,,,macro_class,bg_tail_enrich_20,0.897850595298803,0.8416346817600943,0.953317142756172,145,147,464,470,20,5000,5000,1.0,3021694564,20260901
s_pos,all_positive_classes,3plus_labels,,,macro_class,auc_target_bg,0.5372529146172829,0.5014879336094609,0.57640044223816,145,147,409,470,19,5000,5000,1.0,3021694564,20260901
s_pos,all_positive_classes,3plus_labels,,,macro_class,ap_target_bg,0.2683238576560625,0.23166861385379303,0.31263190508946187,145,147,409,470,19,5000,5000,1.0,3021694564,20260901
s_pos,all_positive_classes,3plus_labels,,,macro_class,auc_target_other,0.5703792887003248,0.5170383819074281,0.6022474652324022,140,147,408,470,19,5000,5000,1.0,3021694564,20260901
s_pos,all_positive_classes,3plus_labels,,,macro_class,ap_target_other,0.4837340495130532,0.4153429050325517,0.5202055156460197,140,147,408,470,19,5000,5000,1.0,3021694564,20260901
s_pos,all_positive_classes,3plus_labels,,,macro_class,target_mean,135.70454719605456,79.04953640275288,199.36472027728195,147,147,415,470,19,5000,5000,1.0,3021694564,20260901
s_pos,all_positive_classes,3plus_labels,,,macro_class,other_fg_mean,-49.68792784284314,-85.08502305655506,6.469747160245294,147,147,463,470,20,5000,5000,1.0,3021694564,20260901
s_pos,all_positive_classes,3plus_labels,,,macro_class,bg_mean,27.182562372916852,3.0391045822508422,52.001876464513884,145,147,464,470,20,5000,5000,1.0,3021694564,20260901
s_pos,all_positive_classes,3plus_labels,,,macro_class,target_median,161.5565920721552,101.27673875194783,233.22994450828494,147,147,415,470,19,5000,5000,1.0,3021694564,20260901
s_pos,all_positive_classes,3plus_labels,,,macro_class,other_fg_median,-25.209347389641927,-65.83615694991822,35.759864240882926,147,147,463,470,20,5000,5000,1.0,3021694564,20260901
s_pos,all_positive_classes,3plus_labels,,,macro_class,bg_median,68.98900312588215,44.13596969337343,92.6800722199477,145,147,464,470,20,5000,5000,1.0,3021694564,20260901
s_pos,all_positive_classes,3plus_labels,,,macro_class,spatial_mass_target,0.15589291210345807,0.11111775878809188,0.21468999036476036,147,147,470,470,20,5000,5000,1.0,3021694564,20260901
s_pos,all_positive_classes,3plus_labels,,,macro_class,spatial_mass_other_fg,0.3166912191120658,0.2560263406354725,0.4069367669281184,147,147,470,470,20,5000,5000,1.0,3021694564,20260901
s_pos,all_positive_classes,3plus_labels,,,macro_class,spatial_mass_background,0.4505265190870684,0.3460992324391998,0.5201564361633706,147,147,470,470,20,5000,5000,1.0,3021694564,20260901
s_pos,per_class,all,0,aeroplane,micro,target_hit,0.35555555555555557,0.25555555555555554,0.45555555555555555,90,90,90,90,,5000,5000,1.0,3021694564,20260901
s_pos,per_class,all,0,aeroplane,micro,other_fg_hit,0.03333333333333333,0.0,0.07777777777777778,90,90,90,90,,5000,5000,1.0,3021694564,20260901
s_pos,per_class,all,0,aeroplane,micro,background_hit,0.6111111111111112,0.5108333333333334,0.7111111111111111,90,90,90,90,,5000,5000,1.0,3021694564,20260901
s_pos,per_class,all,0,aeroplane,micro,target_top05_fraction,0.3854213144125425,0.32626630077397617,0.44622101883066795,90,90,90,90,,5000,5000,1.0,3021694564,20260901
s_pos,per_class,all,0,aeroplane,micro,other_fg_top05_fraction,0.03181998800419853,0.006096303793672215,0.06578562190733238,90,90,90,90,,5000,5000,1.0,3021694564,20260901
s_pos,per_class,all,0,aeroplane,micro,bg_top05_fraction,0.5804611802857415,0.519246415274924,0.6388840546011598,90,90,90,90,,5000,5000,1.0,3021694564,20260901
s_pos,per_class,all,0,aeroplane,micro,target_tail_enrich_05,2.384863157366044,1.9320776853705506,2.9653909413241504,87,90,87,90,,5000,5000,1.0,3021694564,20260901
s_pos,per_class,all,0,aeroplane,micro,other_fg_tail_enrich_05,2.2272788888649235,0.929484740625432,3.6576017983330753,13,90,13,90,,5000,5000,1.0,3021694564,20260901
s_pos,per_class,all,0,aeroplane,micro,bg_tail_enrich_05,0.724349470176136,0.6550233465526193,0.790492269592564,90,90,90,90,,5000,5000,1.0,3021694564,20260901
s_pos,per_class,all,0,aeroplane,micro,target_top10_fraction,0.3604685407111958,0.3042985559699661,0.41742426132250693,90,90,90,90,,5000,5000,1.0,3021694564,20260901
s_pos,per_class,all,0,aeroplane,micro,other_fg_top10_fraction,0.02723875247398696,0.0041422527277790435,0.05833275318841678,90,90,90,90,,5000,5000,1.0,3021694564,20260901
s_pos,per_class,all,0,aeroplane,micro,bg_top10_fraction,0.6102703851671735,0.5518988257026238,0.6671687761172678,90,90,90,90,,5000,5000,1.0,3021694564,20260901
s_pos,per_class,all,0,aeroplane,micro,target_tail_enrich_10,2.0014492262349806,1.6955701239967498,2.337702731847886,87,90,87,90,,5000,5000,1.0,3021694564,20260901
s_pos,per_class,all,0,aeroplane,micro,other_fg_tail_enrich_10,1.609689748296123,0.6737862468935643,2.628033640365359,13,90,13,90,,5000,5000,1.0,3021694564,20260901
s_pos,per_class,all,0,aeroplane,micro,bg_tail_enrich_10,0.7559470136225842,0.6946100175162294,0.812475930865099,90,90,90,90,,5000,5000,1.0,3021694564,20260901
s_pos,per_class,all,0,aeroplane,micro,target_top20_fraction,0.3039856295788182,0.25397613484288634,0.3543075420389582,90,90,90,90,,5000,5000,1.0,3021694564,20260901
s_pos,per_class,all,0,aeroplane,micro,other_fg_top20_fraction,0.022625559517052782,0.0039918660532198775,0.04895688837142834,90,90,90,90,,5000,5000,1.0,3021694564,20260901
s_pos,per_class,all,0,aeroplane,micro,bg_top20_fraction,0.6719460281144674,0.6203860702301066,0.7232843573509944,90,90,90,90,,5000,5000,1.0,3021694564,20260901
s_pos,per_class,all,0,aeroplane,micro,target_tail_enrich_20,1.6153187500050534,1.4117056267212622,1.8364426128199567,87,90,87,90,,5000,5000,1.0,3021694564,20260901
s_pos,per_class,all,0,aeroplane,micro,other_fg_tail_enrich_20,1.2739836705967518,0.5716256418345209,2.030414339391545,13,90,13,90,,5000,5000,1.0,3021694564,20260901
s_pos,per_class,all,0,aeroplane,micro,bg_tail_enrich_20,0.8350503133963346,0.7850250172447365,0.883525512707166,90,90,90,90,,5000,5000,1.0,3021694564,20260901
s_pos,per_class,all,0,aeroplane,micro,auc_target_bg,0.5729307679423792,0.5314466908725239,0.6128639999486251,87,90,87,90,,5000,5000,1.0,3021694564,20260901
s_pos,per_class,all,0,aeroplane,micro,ap_target_bg,0.3258529328893747,0.28298193432911456,0.3685239622938749,87,90,87,90,,5000,5000,1.0,3021694564,20260901
s_pos,per_class,all,0,aeroplane,micro,auc_target_other,0.5695491941388066,0.4056224560975916,0.72692002361052,12,90,12,90,,5000,5000,1.0,3021694564,20260901
s_pos,per_class,all,0,aeroplane,micro,ap_target_other,0.8397295965533416,0.6906775041986076,0.9514383634951691,12,90,12,90,,5000,5000,1.0,3021694564,20260901
s_pos,per_class,all,0,aeroplane,micro,target_mean,-128.8571272563184,-248.65294806709727,-23.4608911314691,87,90,87,90,,5000,5000,1.0,3021694564,20260901
s_pos,per_class,all,0,aeroplane,micro,other_fg_mean,-60.294894008812484,-580.0393046297692,318.6580774777076,13,90,13,90,,5000,5000,1.0,3021694564,20260901
s_pos,per_class,all,0,aeroplane,micro,bg_mean,-260.3565908171774,-332.99926580209507,-188.6012842596919,90,90,90,90,,5000,5000,1.0,3021694564,20260901
s_pos,per_class,all,0,aeroplane,micro,target_median,2.4094939286681427,-105.33097922293399,98.7301277774161,87,90,87,90,,5000,5000,1.0,3021694564,20260901
s_pos,per_class,all,0,aeroplane,micro,other_fg_median,-30.505531714512752,-569.7206753194332,371.3813202135902,13,90,13,90,,5000,5000,1.0,3021694564,20260901
s_pos,per_class,all,0,aeroplane,micro,bg_median,-59.37816445562574,-114.25403709438113,-5.940924050808015,90,90,90,90,,5000,5000,1.0,3021694564,20260901
s_pos,per_class,all,0,aeroplane,micro,spatial_mass_target,0.3205441527899176,0.22222222222330126,0.42221954597367206,90,90,90,90,,5000,5000,1.0,3021694564,20260901
s_pos,per_class,all,0,aeroplane,micro,spatial_mass_other_fg,0.022222222222222223,0.0,0.05555555555555555,90,90,90,90,,5000,5000,1.0,3021694564,20260901
s_pos,per_class,all,0,aeroplane,micro,spatial_mass_background,0.5572336235441366,0.45555823133666606,0.6555588599867077,90,90,90,90,,5000,5000,1.0,3021694564,20260901
s_pos,per_class,all,1,bicycle,micro,target_hit,0.3037974683544304,0.20253164556962025,0.4050632911392405,79,79,79,79,,5000,5000,1.0,3021694564,20260901
s_pos,per_class,all,1,bicycle,micro,other_fg_hit,0.20253164556962025,0.11392405063291139,0.2911392405063291,79,79,79,79,,5000,5000,1.0,3021694564,20260901
s_pos,per_class,all,1,bicycle,micro,background_hit,0.4936708860759494,0.379746835443038,0.6075949367088608,79,79,79,79,,5000,5000,1.0,3021694564,20260901
s_pos,per_class,all,1,bicycle,micro,target_top05_fraction,0.2753881751148358,0.22101117531946454,0.3325123604638887,79,79,79,79,,5000,5000,1.0,3021694564,20260901
s_pos,per_class,all,1,bicycle,micro,other_fg_top05_fraction,0.17570489757071253,0.1168794490535634,0.23660247728006478,79,79,79,79,,5000,5000,1.0,3021694564,20260901
s_pos,per_class,all,1,bicycle,micro,bg_top05_fraction,0.5479692808071849,0.48606195789506623,0.6087384055650429,79,79,79,79,,5000,5000,1.0,3021694564,20260901
s_pos,per_class,all,1,bicycle,micro,target_tail_enrich_05,3.8699406754223817,3.04317097965063,4.804501520867615,71,79,71,79,,5000,5000,1.0,3021694564,20260901
s_pos,per_class,all,1,bicycle,micro,other_fg_tail_enrich_05,1.477355139343996,0.9972501915891098,2.0810665256070506,48,79,48,79,,5000,5000,1.0,3021694564,20260901
s_pos,per_class,all,1,bicycle,micro,bg_tail_enrich_05,0.6956770323542768,0.6208153368837181,0.7722672330566693,79,79,79,79,,5000,5000,1.0,3021694564,20260901
s_pos,per_class,all,1,bicycle,micro,target_top10_fraction,0.24855420111183318,0.1979365841240141,0.30292023216185243,79,79,79,79,,5000,5000,1.0,3021694564,20260901
s_pos,per_class,all,1,bicycle,micro,other_fg_top10_fraction,0.17626858740242374,0.11953406703862653,0.235245978072108,79,79,79,79,,5000,5000,1.0,3021694564,20260901
s_pos,per_class,all,1,bicycle,micro,bg_top10_fraction,0.5743583800250208,0.5138423501665312,0.6337180975248786,79,79,79,79,,5000,5000,1.0,3021694564,20260901
s_pos,per_class,all,1,bicycle,micro,target_tail_enrich_10,3.067617145338872,2.5968636583341795,3.571155141946004,71,79,71,79,,5000,5000,1.0,3021694564,20260901
s_pos,per_class,all,1,bicycle,micro,other_fg_tail_enrich_10,1.3736805010526905,1.0445220443137144,1.7436055130816328,48,79,48,79,,5000,5000,1.0,3021694564,20260901
s_pos,per_class,all,1,bicycle,micro,bg_tail_enrich_10,0.7217907845864135,0.6527622799196815,0.7884886132667716,79,79,79,79,,5000,5000,1.0,3021694564,20260901
s_pos,per_class,all,1,bicycle,micro,target_top20_fraction,0.21332679260284904,0.16899208371149413,0.2628575859899485,79,79,79,79,,5000,5000,1.0,3021694564,20260901
s_pos,per_class,all,1,bicycle,micro,other_fg_top20_fraction,0.16306407801322167,0.11150509457204577,0.21686234614941274,79,79,79,79,,5000,5000,1.0,3021694564,20260901
s_pos,per_class,all,1,bicycle,micro,bg_top20_fraction,0.6228586961295729,0.5647059217371396,0.6791190792501692,79,79,79,79,,5000,5000,1.0,3021694564,20260901
s_pos,per_class,all,1,bicycle,micro,target_tail_enrich_20,2.3186594664042066,2.0546123419140536,2.5761414570816448,71,79,71,79,,5000,5000,1.0,3021694564,20260901
s_pos,per_class,all,1,bicycle,micro,other_fg_tail_enrich_20,1.1856491673333032,0.9399612448856413,1.4399786237908978,48,79,48,79,,5000,5000,1.0,3021694564,20260901
s_pos,per_class,all,1,bicycle,micro,bg_tail_enrich_20,0.7897213219027585,0.7266082312003308,0.8518430549367001,79,79,79,79,,5000,5000,1.0,3021694564,20260901
s_pos,per_class,all,1,bicycle,micro,auc_target_bg,0.7124969490244896,0.6727789107748633,0.749604890183514,71,79,71,79,,5000,5000,1.0,3021694564,20260901
s_pos,per_class,all,1,bicycle,micro,ap_target_bg,0.3191578308878477,0.27101682314628595,0.37104380266646747,71,79,71,79,,5000,5000,1.0,3021694564,20260901
s_pos,per_class,all,1,bicycle,micro,auc_target_other,0.6961514944719467,0.6353914141161622,0.7582942204085601,41,79,41,79,,5000,5000,1.0,3021694564,20260901
s_pos,per_class,all,1,bicycle,micro,ap_target_other,0.4910940494751484,0.39434581221188486,0.5899795538373033,41,79,41,79,,5000,5000,1.0,3021694564,20260901
s_pos,per_class,all,1,bicycle,micro,target_mean,604.1962974946815,519.3581558419196,688.4136185821775,71,79,71,79,,5000,5000,1.0,3021694564,20260901
s_pos,per_class,all,1,bicycle,micro,other_fg_mean,177.88835298913975,56.01832473586583,292.5840341169751,48,79,48,79,,5000,5000,1.0,3021694564,20260901
s_pos,per_class,all,1,bicycle,micro,bg_mean,136.3536833155014,98.33278982611847,175.69695840168362,79,79,79,79,,5000,5000,1.0,3021694564,20260901
s_pos,per_class,all,1,bicycle,micro,target_median,655.3578317669076,564.3658361733051,746.6788283051716,71,79,71,79,,5000,5000,1.0,3021694564,20260901
s_pos,per_class,all,1,bicycle,micro,other_fg_median,166.6932751337687,38.78814566512497,286.14517735726815,48,79,48,79,,5000,5000,1.0,3021694564,20260901
s_pos,per_class,all,1,bicycle,micro,bg_median,151.436871754595,115.59930987461836,187.812992416077,79,79,79,79,,5000,5000,1.0,3021694564,20260901
s_pos,per_class,all,1,bicycle,micro,spatial_mass_target,0.23203983222933747,0.14347375193728676,0.32907240799452586,79,79,79,79,,5000,5000,1.0,3021694564,20260901
s_pos,per_class,all,1,bicycle,micro,spatial_mass_other_fg,0.17721518836464772,0.10126581976727014,0.26582278330135656,79,79,79,79,,5000,5000,1.0,3021694564,20260901
s_pos,per_class,all,1,bicycle,micro,spatial_mass_background,0.35431625557610347,0.25305574101862915,0.45573242617288207,79,79,79,79,,5000,5000,1.0,3021694564,20260901
s_pos,per_class,all,2,bird,micro,target_hit,0.3883495145631068,0.2912621359223301,0.4854368932038835,103,103,103,103,,5000,5000,1.0,3021694564,20260901
s_pos,per_class,all,2,bird,micro,other_fg_hit,0.05825242718446602,0.019417475728155338,0.10679611650485436,103,103,103,103,,5000,5000,1.0,3021694564,20260901
s_pos,per_class,all,2,bird,micro,background_hit,0.5533980582524272,0.4563106796116505,0.6504854368932039,103,103,103,103,,5000,5000,1.0,3021694564,20260901
s_pos,per_class,all,2,bird,micro,target_top05_fraction,0.2683375260406429,0.21039558848577752,0.3268095954037445,103,103,103,103,,5000,5000,1.0,3021694564,20260901
s_pos,per_class,all,2,bird,micro,other_fg_top05_fraction,0.042404624989576443,0.013470609565876559,0.07803121849996848,103,103,103,103,,5000,5000,1.0,3021694564,20260901
s_pos,per_class,all,2,bird,micro,bg_top05_fraction,0.6892578489697804,0.6273502158143828,0.7509863033576784,103,103,103,103,,5000,5000,1.0,3021694564,20260901
s_pos,per_class,all,2,bird,micro,target_tail_enrich_05,2.0270428694536986,1.503863901147703,2.65980162257984,99,103,99,103,,5000,5000,1.0,3021694564,20260901
s_pos,per_class,all,2,bird,micro,other_fg_tail_enrich_05,0.9506033166144334,0.5106522086590282,1.4003881415496016,9,103,9,103,,5000,5000,1.0,3021694564,20260901
s_pos,per_class,all,2,bird,micro,bg_tail_enrich_05,0.8789196676802731,0.7975014707064446,0.9632655760666468,103,103,103,103,,5000,5000,1.0,3021694564,20260901
s_pos,per_class,all,2,bird,micro,target_top10_fraction,0.22443580340021943,0.17395366273324006,0.2775223958519142,103,103,103,103,,5000,5000,1.0,3021694564,20260901
s_pos,per_class,all,2,bird,micro,other_fg_top10_fraction,0.04219597376703805,0.013707250514427607,0.07677687906690071,103,103,103,103,,5000,5000,1.0,3021694564,20260901
s_pos,per_class,all,2,bird,micro,bg_top10_fraction,0.7333682228327424,0.6767095165156397,0.7883910668056506,103,103,103,103,,5000,5000,1.0,3021694564,20260901
s_pos,per_class,all,2,bird,micro,target_tail_enrich_10,1.511983820252977,1.1864229674925166,1.8829795062771038,99,103,99,103,,5000,5000,1.0,3021694564,20260901
s_pos,per_class,all,2,bird,micro,other_fg_tail_enrich_10,0.9406582082817949,0.546148651446808,1.3090274982559849,9,103,9,103,,5000,5000,1.0,3021694564,20260901
s_pos,per_class,all,2,bird,micro,bg_tail_enrich_10,0.9432130566409193,0.8762242508048642,1.0129007357735462,103,103,103,103,,5000,5000,1.0,3021694564,20260901
s_pos,per_class,all,2,bird,micro,target_top20_fraction,0.188411124246952,0.14608467749488932,0.23270411348321135,103,103,103,103,,5000,5000,1.0,3021694564,20260901
s_pos,per_class,all,2,bird,micro,other_fg_top20_fraction,0.04439104720427095,0.015460490264344387,0.07884984633688878,103,103,103,103,,5000,5000,1.0,3021694564,20260901
s_pos,per_class,all,2,bird,micro,bg_top20_fraction,0.7671978285487777,0.7176573640261413,0.8148280164949203,103,103,103,103,,5000,5000,1.0,3021694564,20260901
s_pos,per_class,all,2,bird,micro,target_tail_enrich_20,1.1330937163233739,0.9282644515270063,1.359437737712564,99,103,99,103,,5000,5000,1.0,3021694564,20260901
s_pos,per_class,all,2,bird,micro,other_fg_tail_enrich_20,1.0176267395264407,0.6391550821778147,1.3370442036566985,9,103,9,103,,5000,5000,1.0,3021694564,20260901
s_pos,per_class,all,2,bird,micro,bg_tail_enrich_20,0.9984829980241863,0.9484300473967388,1.0493351935938608,103,103,103,103,,5000,5000,1.0,3021694564,20260901
s_pos,per_class,all,2,bird,micro,auc_target_bg,0.4744399007958176,0.4351234692687415,0.5145255031254875,99,103,99,103,,5000,5000,1.0,3021694564,20260901
s_pos,per_class,all,2,bird,micro,ap_target_bg,0.25690521710181785,0.21468581850624704,0.301703234242408,99,103,99,103,,5000,5000,1.0,3021694564,20260901
s_pos,per_class,all,2,bird,micro,auc_target_other,0.42540166559084697,0.20079248469764002,0.6995885822229951,5,103,5,103,,5000,4969,0.9938,3021694564,20260901
s_pos,per_class,all,2,bird,micro,ap_target_other,0.378173382373235,0.08078696361679702,0.767998265407369,5,103,5,103,,5000,4969,0.9938,3021694564,20260901
s_pos,per_class,all,2,bird,micro,target_mean,-434.04109146376123,-596.9122985814245,-271.78394788285794,99,103,99,103,,5000,5000,1.0,3021694564,20260901
s_pos,per_class,all,2,bird,micro,other_fg_mean,62.63524205352452,-151.32457909525976,414.5212993445029,9,103,9,103,,5000,5000,1.0,3021694564,20260901
s_pos,per_class,all,2,bird,micro,bg_mean,-451.3249674392795,-585.6576604367908,-326.2391677857601,103,103,103,103,,5000,5000,1.0,3021694564,20260901
s_pos,per_class,all,2,bird,micro,target_median,-304.06493357937745,-465.89756250027625,-145.78318483193854,99,103,99,103,,5000,5000,1.0,3021694564,20260901
s_pos,per_class,all,2,bird,micro,other_fg_median,73.79690763685439,-141.98359298706055,426.11473242895937,9,103,9,103,,5000,5000,1.0,3021694564,20260901
s_pos,per_class,all,2,bird,micro,bg_median,-107.89936209998085,-233.43289943586277,11.006045202259873,103,103,103,103,,5000,5000,1.0,3021694564,20260901
s_pos,per_class,all,2,bird,micro,spatial_mass_target,0.3785759389980226,0.2815533980583583,0.4755984799375812,103,103,103,103,,5000,5000,1.0,3021694564,20260901
s_pos,per_class,all,2,bird,micro,spatial_mass_other_fg,0.04854368932038835,0.009708737864077669,0.0970873786407767,103,103,103,103,,5000,5000,1.0,3021694564,20260901
s_pos,per_class,all,2,bird,micro,spatial_mass_background,0.5243366838634754,0.42731414209676843,0.6213592256169169,103,103,103,103,,5000,5000,1.0,3021694564,20260901
s_pos,per_class,all,3,boat,micro,target_hit,0.4305555555555556,0.3194444444444444,0.5416666666666666,72,72,72,72,,5000,5000,1.0,3021694564,20260901
s_pos,per_class,all,3,boat,micro,other_fg_hit,0.09722222222222222,0.027777777777777776,0.16666666666666666,72,72,72,72,,5000,5000,1.0,3021694564,20260901
s_pos,per_class,all,3,boat,micro,background_hit,0.4722222222222222,0.3611111111111111,0.5833333333333334,72,72,72,72,,5000,5000,1.0,3021694564,20260901
s_pos,per_class,all,3,boat,micro,target_top05_fraction,0.32573267203685163,0.24689299976838672,0.40816417612518613,72,72,72,72,,5000,5000,1.0,3021694564,20260901
s_pos,per_class,all,3,boat,micro,other_fg_top05_fraction,0.05231747676923115,0.014466808268891603,0.09746520881663424,72,72,72,72,,5000,5000,1.0,3021694564,20260901
s_pos,per_class,all,3,boat,micro,bg_top05_fraction,0.6187506584113909,0.5362306412453148,0.6992821974536368,72,72,72,72,,5000,5000,1.0,3021694564,20260901
s_pos,per_class,all,3,boat,micro,target_tail_enrich_05,2.69792234872491,1.9367630143850976,3.62950287337404,69,72,69,72,,5000,5000,1.0,3021694564,20260901
s_pos,per_class,all,3,boat,micro,other_fg_tail_enrich_05,1.1957262073582227,0.3700838676640623,2.193986794506824,17,72,17,72,,5000,5000,1.0,3021694564,20260901
s_pos,per_class,all,3,boat,micro,bg_tail_enrich_05,0.7443486937303662,0.6499860524249916,0.8386456204554525,72,72,72,72,,5000,5000,1.0,3021694564,20260901
s_pos,per_class,all,3,boat,micro,target_top10_fraction,0.27413047655837186,0.20349725015252312,0.34987081730142705,72,72,72,72,,5000,5000,1.0,3021694564,20260901
s_pos,per_class,all,3,boat,micro,other_fg_top10_fraction,0.045920045133431855,0.012208712684256162,0.0863067403917661,72,72,72,72,,5000,5000,1.0,3021694564,20260901
s_pos,per_class,all,3,boat,micro,bg_top10_fraction,0.6781583452538776,0.5985063378644156,0.752898034100118,72,72,72,72,,5000,5000,1.0,3021694564,20260901
s_pos,per_class,all,3,boat,micro,target_tail_enrich_10,2.0547503074239826,1.5716545497577346,2.599666527976216,69,72,69,72,,5000,5000,1.0,3021694564,20260901
s_pos,per_class,all,3,boat,micro,other_fg_tail_enrich_10,0.8743421645198195,0.37112958137595015,1.4434902713490434,17,72,17,72,,5000,5000,1.0,3021694564,20260901
s_pos,per_class,all,3,boat,micro,bg_tail_enrich_10,0.8177935000485124,0.7334567043394425,0.9019543013130822,72,72,72,72,,5000,5000,1.0,3021694564,20260901
s_pos,per_class,all,3,boat,micro,target_top20_fraction,0.22052286496340998,0.16164582549873233,0.2851277554387917,72,72,72,72,,5000,5000,1.0,3021694564,20260901
s_pos,per_class,all,3,boat,micro,other_fg_top20_fraction,0.041247599377851864,0.009414460619251656,0.08056823608667797,72,72,72,72,,5000,5000,1.0,3021694564,20260901
s_pos,per_class,all,3,boat,micro,bg_top20_fraction,0.7370633864984449,0.6674215076400494,0.8026555198742309,72,72,72,72,,5000,5000,1.0,3021694564,20260901
s_pos,per_class,all,3,boat,micro,target_tail_enrich_20,1.4994601831177117,1.2017319180997104,1.8090743314014122,69,72,69,72,,5000,5000,1.0,3021694564,20260901
s_pos,per_class,all,3,boat,micro,other_fg_tail_enrich_20,0.7066156112960266,0.36164649724043674,1.0538413658702663,17,72,17,72,,5000,5000,1.0,3021694564,20260901
s_pos,per_class,all,3,boat,micro,bg_tail_enrich_20,0.8948256757225173,0.8216495144605034,0.9659755488010561,72,72,72,72,,5000,5000,1.0,3021694564,20260901
s_pos,per_class,all,3,boat,micro,auc_target_bg,0.5228477094335902,0.46422913887875694,0.5806730987114961,69,72,69,72,,5000,5000,1.0,3021694564,20260901
s_pos,per_class,all,3,boat,micro,ap_target_bg,0.29341501727210895,0.23500557352176332,0.35692306000036766,69,72,69,72,,5000,5000,1.0,3021694564,20260901
s_pos,per_class,all,3,boat,micro,auc_target_other,0.575974060106558,0.4516345742607084,0.6962988538713494,15,72,15,72,,5000,5000,1.0,3021694564,20260901
s_pos,per_class,all,3,boat,micro,ap_target_other,0.6973192655795697,0.5102810718468809,0.8664743361522287,15,72,15,72,,5000,5000,1.0,3021694564,20260901
s_pos,per_class,all,3,boat,micro,target_mean,-81.3835172442791,-241.7500574354597,85.93895619814056,69,72,69,72,,5000,5000,1.0,3021694564,20260901
s_pos,per_class,all,3,boat,micro,other_fg_mean,-223.09735797582903,-424.65742690435644,-25.266460843898972,17,72,17,72,,5000,5000,1.0,3021694564,20260901
s_pos,per_class,all,3,boat,micro,bg_mean,-224.1869146063605,-316.6880178859817,-132.33825074418854,72,72,72,72,,5000,5000,1.0,3021694564,20260901
s_pos,per_class,all,3,boat,micro,target_median,18.766822852950167,-147.26424560353297,186.83936946022533,69,72,69,72,,5000,5000,1.0,3021694564,20260901
s_pos,per_class,all,3,boat,micro,other_fg_median,-190.2328197254854,-386.2915919285554,-1.0254177670523588,17,72,17,72,,5000,5000,1.0,3021694564,20260901
s_pos,per_class,all,3,boat,micro,bg_median,1.0962431960635715,-79.85907384554544,82.39808448056374,72,72,72,72,,5000,5000,1.0,3021694564,20260901
s_pos,per_class,all,3,boat,micro,spatial_mass_target,0.4166666782257885,0.3055555679425197,0.5277777873953735,72,72,72,72,,5000,5000,1.0,3021694564,20260901
s_pos,per_class,all,3,boat,micro,spatial_mass_other_fg,0.08333333250549105,0.02777777694993549,0.1527777761220932,72,72,72,72,,5000,5000,1.0,3021694564,20260901
s_pos,per_class,all,3,boat,micro,spatial_mass_background,0.44444443149314883,0.3333333217435413,0.5555555472918416,72,72,72,72,,5000,5000,1.0,3021694564,20260901
s_pos,per_class,all,4,bottle,micro,target_hit,0.25,0.16666666666666666,0.3333333333333333,96,96,96,96,,5000,5000,1.0,3021694564,20260901
s_pos,per_class,all,4,bottle,micro,other_fg_hit,0.3229166666666667,0.22916666666666666,0.4270833333333333,96,96,96,96,,5000,5000,1.0,3021694564,20260901
s_pos,per_class,all,4,bottle,micro,background_hit,0.4270833333333333,0.3229166666666667,0.53125,96,96,96,96,,5000,5000,1.0,3021694564,20260901
s_pos,per_class,all,4,bottle,micro,target_top05_fraction,0.25647193121309586,0.1863734295127215,0.328701070055703,96,96,96,96,,5000,5000,1.0,3021694564,20260901
s_pos,per_class,all,4,bottle,micro,other_fg_top05_fraction,0.3447317114453548,0.27026885176071264,0.4259062007812538,96,96,96,96,,5000,5000,1.0,3021694564,20260901
s_pos,per_class,all,4,bottle,micro,bg_top05_fraction,0.39826181786786513,0.3265680987666261,0.4689696486376626,96,96,96,96,,5000,5000,1.0,3021694564,20260901
s_pos,per_class,all,4,bottle,micro,target_tail_enrich_05,1.6544041325303624,1.2227787726121022,2.1342743652103615,87,96,87,96,,5000,5000,1.0,3021694564,20260901
s_pos,per_class,all,4,bottle,micro,other_fg_tail_enrich_05,1.191745082886521,0.9713992545106949,1.445723998757371,60,96,60,96,,5000,5000,1.0,3021694564,20260901
s_pos,per_class,all,4,bottle,micro,bg_tail_enrich_05,0.664009280219544,0.5555423983983636,0.778146928398728,93,96,93,96,,5000,5000,1.0,3021694564,20260901
s_pos,per_class,all,4,bottle,micro,target_top10_fraction,0.24923247268327994,0.1803322239985189,0.3212504068022339,96,96,96,96,,5000,5000,1.0,3021694564,20260901
s_pos,per_class,all,4,bottle,micro,other_fg_top10_fraction,0.35906152130488905,0.2849023389270729,0.4389530949863424,96,96,96,96,,5000,5000,1.0,3021694564,20260901
s_pos,per_class,all,4,bottle,micro,bg_top10_fraction,0.39116999405114394,0.3225646789759456,0.45807668968883003,96,96,96,96,,5000,5000,1.0,3021694564,20260901
s_pos,per_class,all,4,bottle,micro,target_tail_enrich_10,1.6695246669070112,1.2499118523006434,2.1409669252540158,87,96,87,96,,5000,5000,1.0,3021694564,20260901
s_pos,per_class,all,4,bottle,micro,other_fg_tail_enrich_10,1.2775407689398923,1.0699451550257666,1.511355966437808,60,96,60,96,,5000,5000,1.0,3021694564,20260901
s_pos,per_class,all,4,bottle,micro,bg_tail_enrich_10,0.6472138626771509,0.5477107369974278,0.750390064521705,93,96,93,96,,5000,5000,1.0,3021694564,20260901
s_pos,per_class,all,4,bottle,micro,target_top20_fraction,0.23713559295325426,0.1709529399078729,0.30493890224581693,96,96,96,96,,5000,5000,1.0,3021694564,20260901
s_pos,per_class,all,4,bottle,micro,other_fg_top20_fraction,0.3638130988336347,0.29113058392614455,0.4425129370976114,96,96,96,96,,5000,5000,1.0,3021694564,20260901
s_pos,per_class,all,4,bottle,micro,bg_top20_fraction,0.39864933529893337,0.33267659681662354,0.4629927372444855,96,96,96,96,,5000,5000,1.0,3021694564,20260901
s_pos,per_class,all,4,bottle,micro,target_tail_enrich_20,1.3754944345383786,1.1142016587696602,1.6624983900448023,87,96,87,96,,5000,5000,1.0,3021694564,20260901
s_pos,per_class,all,4,bottle,micro,other_fg_tail_enrich_20,1.2544568065016977,1.1048156256534856,1.4059306697653535,60,96,60,96,,5000,5000,1.0,3021694564,20260901
s_pos,per_class,all,4,bottle,micro,bg_tail_enrich_20,0.6575787142684065,0.5694063638876977,0.7471158778073567,93,96,93,96,,5000,5000,1.0,3021694564,20260901
s_pos,per_class,all,4,bottle,micro,auc_target_bg,0.5876431261288656,0.5353298181847417,0.6409417151025109,84,96,84,96,,5000,5000,1.0,3021694564,20260901
s_pos,per_class,all,4,bottle,micro,ap_target_bg,0.3034369280247453,0.24107646946286837,0.3685853574201185,84,96,84,96,,5000,5000,1.0,3021694564,20260901
s_pos,per_class,all,4,bottle,micro,auc_target_other,0.4573525493254584,0.37882858547896636,0.5407763282283082,51,96,51,96,,5000,5000,1.0,3021694564,20260901
s_pos,per_class,all,4,bottle,micro,ap_target_other,0.17869979237324615,0.11455795350406249,0.2511797562215694,51,96,51,96,,5000,5000,1.0,3021694564,20260901
s_pos,per_class,all,4,bottle,micro,target_mean,-20.725287670083144,-126.1381965020706,78.97147295049967,87,96,87,96,,5000,5000,1.0,3021694564,20260901
s_pos,per_class,all,4,bottle,micro,other_fg_mean,36.83449213015604,-26.274274504805764,97.35474152320529,60,96,60,96,,5000,5000,1.0,3021694564,20260901
s_pos,per_class,all,4,bottle,micro,bg_mean,-240.3120214988379,-324.44576694271444,-162.9408844690304,93,96,93,96,,5000,5000,1.0,3021694564,20260901
s_pos,per_class,all,4,bottle,micro,target_median,48.21866323619053,-57.44466782496256,149.77131271744054,87,96,87,96,,5000,5000,1.0,3021694564,20260901
s_pos,per_class,all,4,bottle,micro,other_fg_median,68.70476642251015,6.048716730796374,132.69546156688048,60,96,60,96,,5000,5000,1.0,3021694564,20260901
s_pos,per_class,all,4,bottle,micro,bg_median,-146.13598056506086,-229.40558055430017,-77.03226668965685,93,96,93,96,,5000,5000,1.0,3021694564,20260901
s_pos,per_class,all,4,bottle,micro,spatial_mass_target,0.23956388326954922,0.15624861182382788,0.3229129447940447,96,96,96,96,,5000,5000,1.0,3021694564,20260901
s_pos,per_class,all,4,bottle,micro,spatial_mass_other_fg,0.31249884248694576,0.2187512394959948,0.4166614392994594,96,96,96,96,,5000,5000,1.0,3021694564,20260901
s_pos,per_class,all,4,bottle,micro,spatial_mass_background,0.3958355259563404,0.302082522524382,0.4895881821834023,96,96,96,96,,5000,5000,1.0,3021694564,20260901
s_pos,per_class,all,5,bus,micro,target_hit,0.3918918918918919,0.28378378378378377,0.5,74,74,74,74,,5000,5000,1.0,3021694564,20260901
s_pos,per_class,all,5,bus,micro,other_fg_hit,0.08108108108108109,0.02702702702702703,0.14864864864864866,74,74,74,74,,5000,5000,1.0,3021694564,20260901
s_pos,per_class,all,5,bus,micro,background_hit,0.5135135135135135,0.40540540540540543,0.6216216216216216,74,74,74,74,,5000,5000,1.0,3021694564,20260901
s_pos,per_class,all,5,bus,micro,target_top05_fraction,0.38464497433202993,0.305747005006429,0.46016879662105487,74,74,74,74,,5000,5000,1.0,3021694564,20260901
s_pos,per_class,all,5,bus,micro,other_fg_top05_fraction,0.04130359295722027,0.014706628679779463,0.0738555344311923,74,74,74,74,,5000,5000,1.0,3021694564,20260901
s_pos,per_class,all,5,bus,micro,bg_top05_fraction,0.5730028132410778,0.49842562591451284,0.6496555488358474,74,74,74,74,,5000,5000,1.0,3021694564,20260901
s_pos,per_class,all,5,bus,micro,target_tail_enrich_05,0.7863842415925895,0.5989300124715011,1.0005112034306771,73,74,73,74,,5000,5000,1.0,3021694564,20260901
s_pos,per_class,all,5,bus,micro,other_fg_tail_enrich_05,1.0381726367111004,0.4628553159923682,1.701778279143488,34,74,34,74,,5000,5000,1.0,3021694564,20260901
s_pos,per_class,all,5,bus,micro,bg_tail_enrich_05,1.4352281808226428,1.1790584907728863,1.7375193458542952,74,74,74,74,,5000,5000,1.0,3021694564,20260901
s_pos,per_class,all,5,bus,micro,target_top10_fraction,0.38896850853406845,0.3162246852073286,0.4609241240320522,74,74,74,74,,5000,5000,1.0,3021694564,20260901
s_pos,per_class,all,5,bus,micro,other_fg_top10_fraction,0.03502229856957336,0.014796992906068838,0.058632605035903736,74,74,74,74,,5000,5000,1.0,3021694564,20260901
s_pos,per_class,all,5,bus,micro,bg_top10_fraction,0.5747962685488569,0.5046618799422391,0.644987035379026,74,74,74,74,,5000,5000,1.0,3021694564,20260901
s_pos,per_class,all,5,bus,micro,target_tail_enrich_10,0.8372488739975325,0.642280416955978,1.076849328514676,73,74,73,74,,5000,5000,1.0,3021694564,20260901
s_pos,per_class,all,5,bus,micro,other_fg_tail_enrich_10,0.82897154518197,0.4531141095231393,1.2399289410666938,34,74,34,74,,5000,5000,1.0,3021694564,20260901
s_pos,per_class,all,5,bus,micro,bg_tail_enrich_10,1.3781352142504775,1.1806425969846872,1.6082427698929562,74,74,74,74,,5000,5000,1.0,3021694564,20260901
s_pos,per_class,all,5,bus,micro,target_top20_fraction,0.39283052483467323,0.32377526573863885,0.46119181830261075,74,74,74,74,,5000,5000,1.0,3021694564,20260901
s_pos,per_class,all,5,bus,micro,other_fg_top20_fraction,0.029553034967522207,0.01325013512008438,0.048201540143198836,74,74,74,74,,5000,5000,1.0,3021694564,20260901
s_pos,per_class,all,5,bus,micro,bg_top20_fraction,0.5764880059866055,0.5111667284054668,0.6425862465890431,74,74,74,74,,5000,5000,1.0,3021694564,20260901
s_pos,per_class,all,5,bus,micro,target_tail_enrich_20,0.8862183622631947,0.7098504636240012,1.1029591198312134,73,74,73,74,,5000,5000,1.0,3021694564,20260901
s_pos,per_class,all,5,bus,micro,other_fg_tail_enrich_20,0.6474178194496835,0.4032161448072667,0.9064745300577018,34,74,34,74,,5000,5000,1.0,3021694564,20260901
s_pos,per_class,all,5,bus,micro,bg_tail_enrich_20,1.3108993910398323,1.175748362247338,1.4598688455071565,74,74,74,74,,5000,5000,1.0,3021694564,20260901
s_pos,per_class,all,5,bus,micro,auc_target_bg,0.4025399264370463,0.36172897451489294,0.44483578149708713,73,74,73,74,,5000,5000,1.0,3021694564,20260901
s_pos,per_class,all,5,bus,micro,ap_target_bg,0.47111706629589156,0.40895872130476973,0.5308926198844157,73,74,73,74,,5000,5000,1.0,3021694564,20260901
s_pos,per_class,all,5,bus,micro,auc_target_other,0.672271487253329,0.5977401371425846,0.7461082898598741,33,74,33,74,,5000,5000,1.0,3021694564,20260901
s_pos,per_class,all,5,bus,micro,ap_target_other,0.8167176942149028,0.7160813526410128,0.9011755000260154,33,74,33,74,,5000,5000,1.0,3021694564,20260901
s_pos,per_class,all,5,bus,micro,target_mean,9.03433316277645,-41.91380541725593,58.52978345429489,73,74,73,74,,5000,5000,1.0,3021694564,20260901
s_pos,per_class,all,5,bus,micro,other_fg_mean,-152.83772781882266,-271.425067743125,-47.87291495523066,34,74,34,74,,5000,5000,1.0,3021694564,20260901
s_pos,per_class,all,5,bus,micro,bg_mean,142.94952397740082,103.78462148535466,183.25991295345094,74,74,74,74,,5000,5000,1.0,3021694564,20260901
s_pos,per_class,all,5,bus,micro,target_median,124.6825007359459,88.98692696111964,160.0699263890047,73,74,73,74,,5000,5000,1.0,3021694564,20260901
s_pos,per_class,all,5,bus,micro,other_fg_median,-142.267298105885,-249.35606259840338,-46.94585388633887,34,74,34,74,,5000,5000,1.0,3021694564,20260901
s_pos,per_class,all,5,bus,micro,bg_median,196.96781313097154,160.7831257678367,233.41952197938346,74,74,74,74,,5000,5000,1.0,3021694564,20260901
s_pos,per_class,all,5,bus,micro,spatial_mass_target,0.39189189028095556,0.28378378217284744,0.49999999838906367,74,74,74,74,,5000,5000,1.0,3021694564,20260901
s_pos,per_class,all,5,bus,micro,spatial_mass_other_fg,0.08108108027561291,0.027027026221558854,0.14864864784318046,74,74,74,74,,5000,5000,1.0,3021694564,20260901
s_pos,per_class,all,5,bus,micro,spatial_mass_background,0.4864864857030144,0.37837837598342855,0.6081081041223502,74,74,74,74,,5000,5000,1.0,3021694564,20260901
s_pos,per_class,all,6,car,micro,target_hit,0.2204724409448819,0.14960629921259844,0.2992125984251969,127,127,127,127,,5000,5000,1.0,3021694564,20260901
s_pos,per_class,all,6,car,micro,other_fg_hit,0.2677165354330709,0.1889763779527559,0.3464566929133858,127,127,127,127,,5000,5000,1.0,3021694564,20260901
s_pos,per_class,all,6,car,micro,background_hit,0.5118110236220472,0.4251968503937008,0.5984251968503937,127,127,127,127,,5000,5000,1.0,3021694564,20260901
s_pos,per_class,all,6,car,micro,target_top05_fraction,0.2480067067784335,0.18615478741941408,0.31649207532579776,127,127,127,127,,5000,5000,1.0,3021694564,20260901
s_pos,per_class,all,6,car,micro,other_fg_top05_fraction,0.21768923965481832,0.16317697858015628,0.2749305645809417,127,127,127,127,,5000,5000,1.0,3021694564,20260901
s_pos,per_class,all,6,car,micro,bg_top05_fraction,0.5334961965529235,0.46534524085342555,0.6001132692023788,127,127,127,127,,5000,5000,1.0,3021694564,20260901
s_pos,per_class,all,6,car,micro,target_tail_enrich_05,0.9126739121193654,0.6734820825502973,1.1864822479909263,113,127,113,127,,5000,5000,1.0,3021694564,20260901
s_pos,per_class,all,6,car,micro,other_fg_tail_enrich_05,1.3477839135085001,0.9499515314983104,1.8147944116737367,79,127,79,127,,5000,5000,1.0,3021694564,20260901
s_pos,per_class,all,6,car,micro,bg_tail_enrich_05,0.9480632508010479,0.8223748256372629,1.0763565505443051,127,127,127,127,,5000,5000,1.0,3021694564,20260901
s_pos,per_class,all,6,car,micro,target_top10_fraction,0.25787783714854334,0.19659097921393884,0.32505624247520076,127,127,127,127,,5000,5000,1.0,3021694564,20260901
s_pos,per_class,all,6,car,micro,other_fg_top10_fraction,0.2099561680705909,0.15792243359869632,0.2649784323772652,127,127,127,127,,5000,5000,1.0,3021694564,20260901
s_pos,per_class,all,6,car,micro,bg_top10_fraction,0.5311511592908513,0.4653142427535844,0.5958149695513969,127,127,127,127,,5000,5000,1.0,3021694564,20260901
s_pos,per_class,all,6,car,micro,target_tail_enrich_10,0.9136638322499769,0.7304060014583883,1.1159555352953334,113,127,113,127,,5000,5000,1.0,3021694564,20260901
s_pos,per_class,all,6,car,micro,other_fg_tail_enrich_10,1.1878008570763425,0.9161331416095644,1.482730857045588,79,127,79,127,,5000,5000,1.0,3021694564,20260901
s_pos,per_class,all,6,car,micro,bg_tail_enrich_10,0.9165674467592384,0.8081149317638182,1.0249997230087706,127,127,127,127,,5000,5000,1.0,3021694564,20260901
s_pos,per_class,all,6,car,micro,target_top20_fraction,0.2668358385518248,0.20705922107353458,0.3330449264462875,127,127,127,127,,5000,5000,1.0,3021694564,20260901
s_pos,per_class,all,6,car,micro,other_fg_top20_fraction,0.19649607213200868,0.14929136859311606,0.24593135735386315,127,127,127,127,,5000,5000,1.0,3021694564,20260901
s_pos,per_class,all,6,car,micro,bg_top20_fraction,0.5356529961180688,0.47426025934769056,0.5961805757140702,127,127,127,127,,5000,5000,1.0,3021694564,20260901
s_pos,per_class,all,6,car,micro,target_tail_enrich_20,0.9815182044436853,0.824231085754136,1.1492250256311152,113,127,113,127,,5000,5000,1.0,3021694564,20260901
s_pos,per_class,all,6,car,micro,other_fg_tail_enrich_20,1.011345542995923,0.8258541322023348,1.2074034894527275,79,127,79,127,,5000,5000,1.0,3021694564,20260901
s_pos,per_class,all,6,car,micro,bg_tail_enrich_20,0.9000800723636195,0.8137355390608223,0.9876435893990838,127,127,127,127,,5000,5000,1.0,3021694564,20260901
s_pos,per_class,all,6,car,micro,auc_target_bg,0.4794930153668587,0.43801698408123946,0.5198198232939516,113,127,113,127,,5000,5000,1.0,3021694564,20260901
s_pos,per_class,all,6,car,micro,ap_target_bg,0.32337633554550255,0.2635922574742762,0.3863184795408828,113,127,113,127,,5000,5000,1.0,3021694564,20260901
s_pos,per_class,all,6,car,micro,auc_target_other,0.4614582948513341,0.39847162355093113,0.5248629697006042,66,127,66,127,,5000,5000,1.0,3021694564,20260901
s_pos,per_class,all,6,car,micro,ap_target_other,0.36913647825841006,0.28460020988521284,0.45784428534114674,66,127,66,127,,5000,5000,1.0,3021694564,20260901
s_pos,per_class,all,6,car,micro,target_mean,125.76777549968659,86.47029005770932,164.99683187821847,113,127,113,127,,5000,5000,1.0,3021694564,20260901
s_pos,per_class,all,6,car,micro,other_fg_mean,51.49111914315961,-20.33967894466364,121.7113387622616,79,127,79,127,,5000,5000,1.0,3021694564,20260901
s_pos,per_class,all,6,car,micro,bg_mean,56.416615227045654,1.008227459857861,107.14564823204998,127,127,127,127,,5000,5000,1.0,3021694564,20260901
s_pos,per_class,all,6,car,micro,target_median,222.80214163476387,179.29925390527194,269.37679794802926,113,127,113,127,,5000,5000,1.0,3021694564,20260901
s_pos,per_class,all,6,car,micro,other_fg_median,84.60853319002103,15.758869637274879,154.05977522275023,79,127,79,127,,5000,5000,1.0,3021694564,20260901
s_pos,per_class,all,6,car,micro,bg_median,141.7104825691914,101.75403336300624,180.78023149939034,127,127,127,127,,5000,5000,1.0,3021694564,20260901
s_pos,per_class,all,6,car,micro,spatial_mass_target,0.2126023664055611,0.14173622514257056,0.29133858221063247,127,127,127,127,,5000,5000,1.0,3021694564,20260901
s_pos,per_class,all,6,car,micro,spatial_mass_other_fg,0.25001313969303773,0.17329396458864413,0.3264204112245325,127,127,127,127,,5000,5000,1.0,3021694564,20260901
s_pos,per_class,all,6,car,micro,spatial_mass_background,0.48754430480153754,0.40074768725261767,0.5763810916869929,127,127,127,127,,5000,5000,1.0,3021694564,20260901
s_pos,per_class,all,7,cat,micro,target_hit,0.7899159663865546,0.7142857142857143,0.865546218487395,119,119,119,119,,5000,5000,1.0,3021694564,20260901
s_pos,per_class,all,7,cat,micro,other_fg_hit,0.07563025210084033,0.03361344537815126,0.12605042016806722,119,119,119,119,,5000,5000,1.0,3021694564,20260901
s_pos,per_class,all,7,cat,micro,background_hit,0.13445378151260504,0.07563025210084033,0.20168067226890757,119,119,119,119,,5000,5000,1.0,3021694564,20260901
s_pos,per_class,all,7,cat,micro,target_top05_fraction,0.7907075476536227,0.7355554051333254,0.8425631670535876,119,119,119,119,,5000,5000,1.0,3021694564,20260901
s_pos,per_class,all,7,cat,micro,other_fg_top05_fraction,0.057778341861386855,0.031071907841166632,0.08809461384561545,119,119,119,119,,5000,5000,1.0,3021694564,20260901
s_pos,per_class,all,7,cat,micro,bg_top05_fraction,0.1510414214093601,0.11349545371515248,0.1932839406332336,119,119,119,119,,5000,5000,1.0,3021694564,20260901
s_pos,per_class,all,7,cat,micro,target_tail_enrich_05,2.491549520513635,2.203499174300694,2.8004470246829367,119,119,119,119,,5000,5000,1.0,3021694564,20260901
s_pos,per_class,all,7,cat,micro,other_fg_tail_enrich_05,0.6457232564328041,0.37236014550382046,0.9733924794330115,30,119,30,119,,5000,5000,1.0,3021694564,20260901
s_pos,per_class,all,7,cat,micro,bg_tail_enrich_05,0.2624028851430095,0.20005643782910926,0.32798353664977326,113,119,113,119,,5000,5000,1.0,3021694564,20260901
s_pos,per_class,all,7,cat,micro,target_top10_fraction,0.7777425337763079,0.723042309684366,0.8283413420157116,119,119,119,119,,5000,5000,1.0,3021694564,20260901
s_pos,per_class,all,7,cat,micro,other_fg_top10_fraction,0.05906662820167377,0.03312313370832139,0.08873410471001088,119,119,119,119,,5000,5000,1.0,3021694564,20260901
s_pos,per_class,all,7,cat,micro,bg_top10_fraction,0.16241305224629354,0.12516974894928673,0.20335500560288383,119,119,119,119,,5000,5000,1.0,3021694564,20260901
s_pos,per_class,all,7,cat,micro,target_tail_enrich_10,2.3573840677610214,2.1322292927076467,2.5930655465810406,119,119,119,119,,5000,5000,1.0,3021694564,20260901
s_pos,per_class,all,7,cat,micro,other_fg_tail_enrich_10,0.6576725845834396,0.40703548762444847,0.9487542287478733,30,119,30,119,,5000,5000,1.0,3021694564,20260901
s_pos,per_class,all,7,cat,micro,bg_tail_enrich_10,0.27176021243080184,0.21485755139140827,0.33137253677268824,113,119,113,119,,5000,5000,1.0,3021694564,20260901
s_pos,per_class,all,7,cat,micro,target_top20_fraction,0.7362615627805859,0.6801118388488488,0.7888668639306277,119,119,119,119,,5000,5000,1.0,3021694564,20260901
s_pos,per_class,all,7,cat,micro,other_fg_top20_fraction,0.06286038073696312,0.03622999003415826,0.09262310563233478,119,119,119,119,,5000,5000,1.0,3021694564,20260901
s_pos,per_class,all,7,cat,micro,bg_top20_fraction,0.2004335757664857,0.16007599332812755,0.2443339585162548,119,119,119,119,,5000,5000,1.0,3021694564,20260901
s_pos,per_class,all,7,cat,micro,target_tail_enrich_20,2.0955863192807156,1.9385739911086792,2.2586772063151193,119,119,119,119,,5000,5000,1.0,3021694564,20260901
s_pos,per_class,all,7,cat,micro,other_fg_tail_enrich_20,0.7017079607664911,0.46670987765025346,0.9630638151840496,30,119,30,119,,5000,5000,1.0,3021694564,20260901
s_pos,per_class,all,7,cat,micro,bg_tail_enrich_20,0.3308743350800013,0.27156934365297875,0.3924532126389731,113,119,113,119,,5000,5000,1.0,3021694564,20260901
s_pos,per_class,all,7,cat,micro,auc_target_bg,0.8193471808217927,0.7909262519174629,0.8446501542275974,113,119,113,119,,5000,5000,1.0,3021694564,20260901
s_pos,per_class,all,7,cat,micro,ap_target_bg,0.7415427190924041,0.6930558796606031,0.7862534798026156,113,119,113,119,,5000,5000,1.0,3021694564,20260901
s_pos,per_class,all,7,cat,micro,auc_target_other,0.742609835872744,0.6551949723036041,0.8192101656288827,30,119,30,119,,5000,5000,1.0,3021694564,20260901
s_pos,per_class,all,7,cat,micro,ap_target_other,0.6019212141481719,0.48134107494019135,0.720457638929385,30,119,30,119,,5000,5000,1.0,3021694564,20260901
s_pos,per_class,all,7,cat,micro,target_mean,809.7118997703355,728.8737749979804,889.5617364645396,119,119,119,119,,5000,5000,1.0,3021694564,20260901
s_pos,per_class,all,7,cat,micro,other_fg_mean,-179.24837628525182,-377.8488555680344,-26.696893671084837,30,119,30,119,,5000,5000,1.0,3021694564,20260901
s_pos,per_class,all,7,cat,micro,bg_mean,-401.5687179769203,-513.4854817854884,-298.45603974351843,113,119,113,119,,5000,5000,1.0,3021694564,20260901
s_pos,per_class,all,7,cat,micro,target_median,977.2448144600171,886.7833422652814,1067.4280582382398,119,119,119,119,,5000,5000,1.0,3021694564,20260901
s_pos,per_class,all,7,cat,micro,other_fg_median,-144.26990565260252,-346.5952596471481,3.832006859044007,30,119,30,119,,5000,5000,1.0,3021694564,20260901
s_pos,per_class,all,7,cat,micro,bg_median,-201.1622653640477,-304.3046218981526,-111.79214880848279,113,119,113,119,,5000,5000,1.0,3021694564,20260901
s_pos,per_class,all,7,cat,micro,spatial_mass_target,0.7898523649379225,0.7142221133364773,0.8654190201776362,119,119,119,119,,5000,5000,1.0,3021694564,20260901
s_pos,per_class,all,7,cat,micro,spatial_mass_other_fg,0.061953817156160766,0.02344785465565577,0.10640823978676085,119,119,119,119,,5000,5000,1.0,3021694564,20260901
s_pos,per_class,all,7,cat,micro,spatial_mass_background,0.131323493094863,0.07249997321627139,0.19502480655069399,119,119,119,119,,5000,5000,1.0,3021694564,20260901
s_pos,per_class,all,8,chair,micro,target_hit,0.17073170731707318,0.10569105691056911,0.24390243902439024,123,123,123,123,,5000,5000,1.0,3021694564,20260901
s_pos,per_class,all,8,chair,micro,other_fg_hit,0.43089430894308944,0.34146341463414637,0.5203252032520326,123,123,123,123,,5000,5000,1.0,3021694564,20260901
s_pos,per_class,all,8,chair,micro,background_hit,0.3902439024390244,0.3089430894308943,0.4796747967479675,123,123,123,123,,5000,5000,1.0,3021694564,20260901
s_pos,per_class,all,8,chair,micro,target_top05_fraction,0.12480768338835305,0.08730832494843618,0.16592926601695204,123,123,123,123,,5000,5000,1.0,3021694564,20260901
s_pos,per_class,all,8,chair,micro,other_fg_top05_fraction,0.3752202859419879,0.31645896490647,0.436848831159363,123,123,123,123,,5000,5000,1.0,3021694564,20260901
s_pos,per_class,all,8,chair,micro,bg_top05_fraction,0.4979981095686518,0.4394245444563768,0.5559984589397272,123,123,123,123,,5000,5000,1.0,3021694564,20260901
s_pos,per_class,all,8,chair,micro,target_tail_enrich_05,1.2990764417907161,0.8584240992221767,1.8280943384592259,112,123,112,123,,5000,5000,1.0,3021694564,20260901
s_pos,per_class,all,8,chair,micro,other_fg_tail_enrich_05,1.7666793115648363,1.445361111592936,2.13234622270035,107,123,107,123,,5000,5000,1.0,3021694564,20260901
s_pos,per_class,all,8,chair,micro,bg_tail_enrich_05,0.8132897555757986,0.7184959440083328,0.9147778351055983,122,123,122,123,,5000,5000,1.0,3021694564,20260901
s_pos,per_class,all,8,chair,micro,target_top10_fraction,0.12321036619469915,0.08872215982512575,0.16130045588254507,123,123,123,123,,5000,5000,1.0,3021694564,20260901
s_pos,per_class,all,8,chair,micro,other_fg_top10_fraction,0.3576384763497485,0.30216742019971893,0.4155043626819894,123,123,123,123,,5000,5000,1.0,3021694564,20260901
s_pos,per_class,all,8,chair,micro,bg_top10_fraction,0.5168719319430377,0.46183267385373716,0.5696226205475563,123,123,123,123,,5000,5000,1.0,3021694564,20260901
s_pos,per_class,all,8,chair,micro,target_tail_enrich_10,1.2574812688840098,0.9185181055029321,1.6330752483880864,112,123,112,123,,5000,5000,1.0,3021694564,20260901
s_pos,per_class,all,8,chair,micro,other_fg_tail_enrich_10,1.6064658772443294,1.3474781061008252,1.9012344864915662,107,123,107,123,,5000,5000,1.0,3021694564,20260901
s_pos,per_class,all,8,chair,micro,bg_tail_enrich_10,0.8396488613990439,0.7560395431870504,0.9296421128047617,122,123,122,123,,5000,5000,1.0,3021694564,20260901
s_pos,per_class,all,8,chair,micro,target_top20_fraction,0.11898463397760055,0.0866281166905547,0.15645826553445502,123,123,123,123,,5000,5000,1.0,3021694564,20260901
s_pos,per_class,all,8,chair,micro,other_fg_top20_fraction,0.33636085581962816,0.2863057020481876,0.38860610831858977,123,123,123,123,,5000,5000,1.0,3021694564,20260901
s_pos,per_class,all,8,chair,micro,bg_top20_fraction,0.5429145279087026,0.4908539467836942,0.5922035332741048,123,123,123,123,,5000,5000,1.0,3021694564,20260901
s_pos,per_class,all,8,chair,micro,target_tail_enrich_20,1.0520806620481706,0.8402887614495586,1.276924918748488,112,123,112,123,,5000,5000,1.0,3021694564,20260901
s_pos,per_class,all,8,chair,micro,other_fg_tail_enrich_20,1.418243991907829,1.2449137801786183,1.6144502411200197,107,123,107,123,,5000,5000,1.0,3021694564,20260901
s_pos,per_class,all,8,chair,micro,bg_tail_enrich_20,0.876721279120052,0.8037625177627714,0.9506125214714647,122,123,122,123,,5000,5000,1.0,3021694564,20260901
s_pos,per_class,all,8,chair,micro,auc_target_bg,0.4649233095021581,0.4245120938329048,0.5058595073728844,111,123,111,123,,5000,5000,1.0,3021694564,20260901
s_pos,per_class,all,8,chair,micro,ap_target_bg,0.2044007950323233,0.16494077145093997,0.24714283803602932,111,123,111,123,,5000,5000,1.0,3021694564,20260901
s_pos,per_class,all,8,chair,micro,auc_target_other,0.4170583296686802,0.3640332515578709,0.4697288770936464,96,123,96,123,,5000,5000,1.0,3021694564,20260901
s_pos,per_class,all,8,chair,micro,ap_target_other,0.3177812274343444,0.2634228563484267,0.3746384520972985,96,123,96,123,,5000,5000,1.0,3021694564,20260901
s_pos,per_class,all,8,chair,micro,target_mean,-54.61528743435035,-94.39236443858854,-14.870271675377019,112,123,112,123,,5000,5000,1.0,3021694564,20260901
s_pos,per_class,all,8,chair,micro,other_fg_mean,32.41693837683274,-8.32328733002698,75.86405847812,107,123,107,123,,5000,5000,1.0,3021694564,20260901
s_pos,per_class,all,8,chair,micro,bg_mean,-49.91655307916337,-79.72915500939591,-22.204119850830992,122,123,122,123,,5000,5000,1.0,3021694564,20260901
s_pos,per_class,all,8,chair,micro,target_median,-36.78184942581824,-73.21371061190963,-0.9120923159982227,112,123,112,123,,5000,5000,1.0,3021694564,20260901
s_pos,per_class,all,8,chair,micro,other_fg_median,60.04402748112366,18.811301054754882,105.57373619635912,107,123,107,123,,5000,5000,1.0,3021694564,20260901
s_pos,per_class,all,8,chair,micro,bg_median,-2.141944663446458,-22.20807672937811,17.58165454396872,122,123,122,123,,5000,5000,1.0,3021694564,20260901
s_pos,per_class,all,8,chair,micro,spatial_mass_target,0.14634293102177548,0.0894308943089437,0.21138327283055333,123,123,123,123,,5000,5000,1.0,3021694564,20260901
s_pos,per_class,all,8,chair,micro,spatial_mass_other_fg,0.4143974612904635,0.3251691446384627,0.5037617045804642,123,123,123,123,,5000,5000,1.0,3021694564,20260901
s_pos,per_class,all,8,chair,micro,spatial_mass_background,0.3172651295313039,0.23594290615682556,0.39858107374502366,123,123,123,123,,5000,5000,1.0,3021694564,20260901
s_pos,per_class,all,9,cow,micro,target_hit,0.29577464788732394,0.19718309859154928,0.4084507042253521,71,71,71,71,,5000,5000,1.0,3021694564,20260901
s_pos,per_class,all,9,cow,micro,other_fg_hit,0.07042253521126761,0.014084507042253521,0.14084507042253522,71,71,71,71,,5000,5000,1.0,3021694564,20260901
s_pos,per_class,all,9,cow,micro,background_hit,0.6338028169014085,0.5211267605633803,0.7464788732394366,71,71,71,71,,5000,5000,1.0,3021694564,20260901
s_pos,per_class,all,9,cow,micro,target_top05_fraction,0.20749047636502396,0.14360915098915467,0.2758980204615859,71,71,71,71,,5000,5000,1.0,3021694564,20260901
s_pos,per_class,all,9,cow,micro,other_fg_top05_fraction,0.05176115037450231,0.015110768604642059,0.09790951791562262,71,71,71,71,,5000,5000,1.0,3021694564,20260901
s_pos,per_class,all,9,cow,micro,bg_top05_fraction,0.7407483732604737,0.6674418362470789,0.8117861977362202,71,71,71,71,,5000,5000,1.0,3021694564,20260901
s_pos,per_class,all,9,cow,micro,target_tail_enrich_05,0.3847359927884129,0.28666168739471176,0.48901995539992543,71,71,71,71,,5000,5000,1.0,3021694564,20260901
s_pos,per_class,all,9,cow,micro,other_fg_tail_enrich_05,1.5180015349436806,0.47499005346255546,2.8095001155971584,14,71,14,71,,5000,5000,1.0,3021694564,20260901
s_pos,per_class,all,9,cow,micro,bg_tail_enrich_05,1.277906523429822,1.1424578836180228,1.4281406137362787,71,71,71,71,,5000,5000,1.0,3021694564,20260901
s_pos,per_class,all,9,cow,micro,target_top10_fraction,0.21658194496539127,0.14955386217028022,0.2884971313216397,71,71,71,71,,5000,5000,1.0,3021694564,20260901
s_pos,per_class,all,9,cow,micro,other_fg_top10_fraction,0.05220998589165169,0.017008849605524314,0.09468299654404057,71,71,71,71,,5000,5000,1.0,3021694564,20260901
s_pos,per_class,all,9,cow,micro,bg_top10_fraction,0.731208069142957,0.6577453712579316,0.8028992346103115,71,71,71,71,,5000,5000,1.0,3021694564,20260901
s_pos,per_class,all,9,cow,micro,target_tail_enrich_10,0.4088162852952427,0.3023083698914112,0.5207111294588196,71,71,71,71,,5000,5000,1.0,3021694564,20260901
s_pos,per_class,all,9,cow,micro,other_fg_tail_enrich_10,1.3374943949201177,0.5713256036965514,2.2475801875115593,14,71,14,71,,5000,5000,1.0,3021694564,20260901
s_pos,per_class,all,9,cow,micro,bg_tail_enrich_10,1.226982278707664,1.1117911798281577,1.3506892794241754,71,71,71,71,,5000,5000,1.0,3021694564,20260901
s_pos,per_class,all,9,cow,micro,target_top20_fraction,0.218644287535082,0.15158618435572016,0.2893865659294869,71,71,71,71,,5000,5000,1.0,3021694564,20260901
s_pos,per_class,all,9,cow,micro,other_fg_top20_fraction,0.04713921341411237,0.015474269553471172,0.08528050316697947,71,71,71,71,,5000,5000,1.0,3021694564,20260901
s_pos,per_class,all,9,cow,micro,bg_top20_fraction,0.7341256312634362,0.6618143395798166,0.8034541978743202,71,71,71,71,,5000,5000,1.0,3021694564,20260901
s_pos,per_class,all,9,cow,micro,target_tail_enrich_20,0.41111487913553196,0.3099182437855808,0.520864077321298,71,71,71,71,,5000,5000,1.0,3021694564,20260901
s_pos,per_class,all,9,cow,micro,other_fg_tail_enrich_20,1.0515006180565878,0.5495872377456775,1.5797124323142158,14,71,14,71,,5000,5000,1.0,3021694564,20260901
s_pos,per_class,all,9,cow,micro,bg_tail_enrich_20,1.2127442244475084,1.1157650378044146,1.3150725947998267,71,71,71,71,,5000,5000,1.0,3021694564,20260901
s_pos,per_class,all,9,cow,micro,auc_target_bg,0.29618329724042786,0.2505189306322964,0.34311827044390547,71,71,71,71,,5000,5000,1.0,3021694564,20260901
s_pos,per_class,all,9,cow,micro,ap_target_bg,0.3062964403872277,0.2448954928189543,0.37106473978486537,71,71,71,71,,5000,5000,1.0,3021694564,20260901
s_pos,per_class,all,9,cow,micro,auc_target_other,0.3570241738106352,0.20306000000748983,0.5283943108605367,14,71,14,71,,5000,5000,1.0,3021694564,20260901
s_pos,per_class,all,9,cow,micro,ap_target_other,0.4573007706439841,0.29434532537519914,0.6350640771235126,14,71,14,71,,5000,5000,1.0,3021694564,20260901
s_pos,per_class,all,9,cow,micro,target_mean,-670.5823099620169,-738.2985130569654,-604.2794735142897,71,71,71,71,,5000,5000,1.0,3021694564,20260901
s_pos,per_class,all,9,cow,micro,other_fg_mean,-355.1254054449588,-593.9088536866763,-135.04000455115968,14,71,14,71,,5000,5000,1.0,3021694564,20260901
s_pos,per_class,all,9,cow,micro,bg_mean,-400.4448060250533,-484.52437400468665,-316.4782775087354,71,71,71,71,,5000,5000,1.0,3021694564,20260901
s_pos,per_class,all,9,cow,micro,target_median,-616.6446769069618,-681.4783989852583,-553.4721704912857,71,71,71,71,,5000,5000,1.0,3021694564,20260901
s_pos,per_class,all,9,cow,micro,other_fg_median,-286.18698242732455,-493.690196118512,-94.06414054036141,14,71,14,71,,5000,5000,1.0,3021694564,20260901
s_pos,per_class,all,9,cow,micro,bg_median,-313.47698254316623,-397.3462814605572,-232.37479488975566,71,71,71,71,,5000,5000,1.0,3021694564,20260901
s_pos,per_class,all,9,cow,micro,spatial_mass_target,0.29577465024099653,0.19718309859163358,0.40845070422543645,71,71,71,71,,5000,5000,1.0,3021694564,20260901
s_pos,per_class,all,9,cow,micro,spatial_mass_other_fg,0.07042253521127319,0.014084507042259093,0.14084507042253522,71,71,71,71,,5000,5000,1.0,3021694564,20260901
s_pos,per_class,all,9,cow,micro,spatial_mass_background,0.6057043605497209,0.49302830337219217,0.7183098541179204,71,71,71,71,,5000,5000,1.0,3021694564,20260901
s_pos,per_class,all,10,diningtable,micro,target_hit,0.2,0.12,0.29333333333333333,75,75,75,75,,5000,5000,1.0,3021694564,20260901
s_pos,per_class,all,10,diningtable,micro,other_fg_hit,0.52,0.41333333333333333,0.6266666666666667,75,75,75,75,,5000,5000,1.0,3021694564,20260901
s_pos,per_class,all,10,diningtable,micro,background_hit,0.28,0.18666666666666668,0.38666666666666666,75,75,75,75,,5000,5000,1.0,3021694564,20260901
s_pos,per_class,all,10,diningtable,micro,target_top05_fraction,0.22595116569032972,0.16675784268421653,0.29308729846951576,75,75,75,75,,5000,5000,1.0,3021694564,20260901
s_pos,per_class,all,10,diningtable,micro,other_fg_top05_fraction,0.4518572298812236,0.3725358079597823,0.5310758980926165,75,75,75,75,,5000,5000,1.0,3021694564,20260901
s_pos,per_class,all,10,diningtable,micro,bg_top05_fraction,0.3214898500424816,0.25457007883060506,0.388350336766784,75,75,75,75,,5000,5000,1.0,3021694564,20260901
s_pos,per_class,all,10,diningtable,micro,target_tail_enrich_05,0.9479341232533224,0.7546354529060091,1.1567749326357295,73,75,73,75,,5000,5000,1.0,3021694564,20260901
s_pos,per_class,all,10,diningtable,micro,other_fg_tail_enrich_05,1.5386537452818647,1.327139808229124,1.7565105823104106,70,75,70,75,,5000,5000,1.0,3021694564,20260901
s_pos,per_class,all,10,diningtable,micro,bg_tail_enrich_05,0.6646579904210578,0.5167760545420759,0.8284503754837108,73,75,73,75,,5000,5000,1.0,3021694564,20260901
s_pos,per_class,all,10,diningtable,micro,target_top10_fraction,0.24403874654154678,0.18472299398096106,0.30960944513169414,75,75,75,75,,5000,5000,1.0,3021694564,20260901
s_pos,per_class,all,10,diningtable,micro,other_fg_top10_fraction,0.42537230329476067,0.3502773189261622,0.5005854249979347,75,75,75,75,,5000,5000,1.0,3021694564,20260901
s_pos,per_class,all,10,diningtable,micro,bg_top10_fraction,0.32969887883151583,0.2648247580869136,0.3941745607682856,75,75,75,75,,5000,5000,1.0,3021694564,20260901
s_pos,per_class,all,10,diningtable,micro,target_tail_enrich_10,1.0321943695281461,0.8306243797326213,1.2533453950689564,73,75,73,75,,5000,5000,1.0,3021694564,20260901
s_pos,per_class,all,10,diningtable,micro,other_fg_tail_enrich_10,1.4640068418405783,1.259088000375882,1.6703439441415744,70,75,70,75,,5000,5000,1.0,3021694564,20260901
s_pos,per_class,all,10,diningtable,micro,bg_tail_enrich_10,0.6741479891465715,0.5491721292688507,0.8097237581815988,73,75,73,75,,5000,5000,1.0,3021694564,20260901
s_pos,per_class,all,10,diningtable,micro,target_top20_fraction,0.2477164159599768,0.1906681189492514,0.31117735131360874,75,75,75,75,,5000,5000,1.0,3021694564,20260901
s_pos,per_class,all,10,diningtable,micro,other_fg_top20_fraction,0.4147363507749501,0.34483241037887596,0.4852257787616633,75,75,75,75,,5000,5000,1.0,3021694564,20260901
s_pos,per_class,all,10,diningtable,micro,bg_top20_fraction,0.33674571036367273,0.27347846396613584,0.3987498896727377,75,75,75,75,,5000,5000,1.0,3021694564,20260901
s_pos,per_class,all,10,diningtable,micro,target_tail_enrich_20,1.1046729273287208,0.9233231737578932,1.300435217121041,73,75,73,75,,5000,5000,1.0,3021694564,20260901
s_pos,per_class,all,10,diningtable,micro,other_fg_tail_enrich_20,1.4635176232212155,1.271984982514708,1.6679253932945006,70,75,70,75,,5000,5000,1.0,3021694564,20260901
s_pos,per_class,all,10,diningtable,micro,bg_tail_enrich_20,0.6866581040139309,0.574545311639949,0.8091534304942316,73,75,73,75,,5000,5000,1.0,3021694564,20260901
s_pos,per_class,all,10,diningtable,micro,auc_target_bg,0.5692327450112299,0.5324155885700999,0.6044921703697402,71,75,71,75,,5000,5000,1.0,3021694564,20260901
s_pos,per_class,all,10,diningtable,micro,ap_target_bg,0.37893008693653785,0.3213046224726006,0.44007435726493954,71,75,71,75,,5000,5000,1.0,3021694564,20260901
s_pos,per_class,all,10,diningtable,micro,auc_target_other,0.4439239073174816,0.397497904135896,0.4919963609826985,68,75,68,75,,5000,5000,1.0,3021694564,20260901
s_pos,per_class,all,10,diningtable,micro,ap_target_other,0.402760802265329,0.338986229720342,0.4678738990491753,68,75,68,75,,5000,5000,1.0,3021694564,20260901
s_pos,per_class,all,10,diningtable,micro,target_mean,5.073648829568105,-33.93632451366167,40.46655655352234,73,75,73,75,,5000,5000,1.0,3021694564,20260901
s_pos,per_class,all,10,diningtable,micro,other_fg_mean,74.34254194159536,40.43533958434309,110.6414941917727,70,75,70,75,,5000,5000,1.0,3021694564,20260901
s_pos,per_class,all,10,diningtable,micro,bg_mean,-10.522537892199741,-37.31093414382024,17.464301558344527,73,75,73,75,,5000,5000,1.0,3021694564,20260901
s_pos,per_class,all,10,diningtable,micro,target_median,47.09873119282396,13.249638188305035,78.2793297478744,73,75,73,75,,5000,5000,1.0,3021694564,20260901
s_pos,per_class,all,10,diningtable,micro,other_fg_median,79.87601628814424,44.32627260804487,118.51267094572515,70,75,70,75,,5000,5000,1.0,3021694564,20260901
s_pos,per_class,all,10,diningtable,micro,bg_median,15.013189619534636,-5.46414492311865,36.585527544379154,73,75,73,75,,5000,5000,1.0,3021694564,20260901
s_pos,per_class,all,10,diningtable,micro,spatial_mass_target,0.20423579841335976,0.12064827738465644,0.2973419903829696,75,75,75,75,,5000,5000,1.0,3021694564,20260901
s_pos,per_class,all,10,diningtable,micro,spatial_mass_other_fg,0.4961009727662367,0.388451481754397,0.6026917743585418,75,75,75,75,,5000,5000,1.0,3021694564,20260901
s_pos,per_class,all,10,diningtable,micro,spatial_mass_background,0.2567205869341638,0.16473698384892702,0.3549960521289017,75,75,75,75,,5000,5000,1.0,3021694564,20260901
s_pos,per_class,all,11,dog,micro,target_hit,0.640625,0.5546875,0.7265625,128,128,128,128,,5000,5000,1.0,3021694564,20260901
s_pos,per_class,all,11,dog,micro,other_fg_hit,0.140625,0.0859375,0.203125,128,128,128,128,,5000,5000,1.0,3021694564,20260901
s_pos,per_class,all,11,dog,micro,background_hit,0.21875,0.1484375,0.2890625,128,128,128,128,,5000,5000,1.0,3021694564,20260901
s_pos,per_class,all,11,dog,micro,target_top05_fraction,0.5759009289724586,0.5123295461440985,0.6430711053276424,128,128,128,128,,5000,5000,1.0,3021694564,20260901
s_pos,per_class,all,11,dog,micro,other_fg_top05_fraction,0.1148216057498541,0.07094176624989741,0.16451804332522346,128,128,128,128,,5000,5000,1.0,3021694564,20260901
s_pos,per_class,all,11,dog,micro,bg_top05_fraction,0.30888183226486693,0.2518973911527913,0.36480841945182685,128,128,128,128,,5000,5000,1.0,3021694564,20260901
s_pos,per_class,all,11,dog,micro,target_tail_enrich_05,2.107114203722188,1.7637561631757648,2.4944896711705704,128,128,128,128,,5000,5000,1.0,3021694564,20260901
s_pos,per_class,all,11,dog,micro,other_fg_tail_enrich_05,1.1931313395103182,0.8474252701402885,1.538107654651246,43,128,43,128,,5000,5000,1.0,3021694564,20260901
s_pos,per_class,all,11,dog,micro,bg_tail_enrich_05,0.5133845801081173,0.42098769470063724,0.6106995168026436,124,128,124,128,,5000,5000,1.0,3021694564,20260901
s_pos,per_class,all,11,dog,micro,target_top10_fraction,0.5418172441834499,0.4788763591594248,0.6062617692944824,128,128,128,128,,5000,5000,1.0,3021694564,20260901
s_pos,per_class,all,11,dog,micro,other_fg_top10_fraction,0.11359833874272628,0.07117502630550318,0.16175269292441474,128,128,128,128,,5000,5000,1.0,3021694564,20260901
s_pos,per_class,all,11,dog,micro,bg_top10_fraction,0.3440835156982451,0.28762413778429746,0.4000849627624547,128,128,128,128,,5000,5000,1.0,3021694564,20260901
s_pos,per_class,all,11,dog,micro,target_tail_enrich_10,1.8804296235837619,1.615195388462175,2.1769964532897332,128,128,128,128,,5000,5000,1.0,3021694564,20260901
s_pos,per_class,all,11,dog,micro,other_fg_tail_enrich_10,1.2007492557248625,0.9115955567316782,1.5042876590314116,43,128,43,128,,5000,5000,1.0,3021694564,20260901
s_pos,per_class,all,11,dog,micro,bg_tail_enrich_10,0.5629899296775752,0.4771520621366718,0.6511266521160184,124,128,124,128,,5000,5000,1.0,3021694564,20260901
s_pos,per_class,all,11,dog,micro,target_top20_fraction,0.49466247451037915,0.4359298032425314,0.5544809086121968,128,128,128,128,,5000,5000,1.0,3021694564,20260901
s_pos,per_class,all,11,dog,micro,other_fg_top20_fraction,0.10503481766984181,0.06726241956497014,0.14719254122650566,128,128,128,128,,5000,5000,1.0,3021694564,20260901
s_pos,per_class,all,11,dog,micro,bg_top20_fraction,0.3997999086941634,0.345193506804425,0.4554338907333769,128,128,128,128,,5000,5000,1.0,3021694564,20260901
s_pos,per_class,all,11,dog,micro,target_tail_enrich_20,1.5974826705835372,1.4167316870678734,1.7910437380156414,128,128,128,128,,5000,5000,1.0,3021694564,20260901
s_pos,per_class,all,11,dog,micro,other_fg_tail_enrich_20,1.0717419388216043,0.8518965747369724,1.3036455840579422,43,128,43,128,,5000,5000,1.0,3021694564,20260901
s_pos,per_class,all,11,dog,micro,bg_tail_enrich_20,0.6592964441016759,0.5809118559160801,0.7382895908182817,124,128,124,128,,5000,5000,1.0,3021694564,20260901
s_pos,per_class,all,11,dog,micro,auc_target_bg,0.6183944017189453,0.57854132403497,0.6585498833470307,124,128,124,128,,5000,5000,1.0,3021694564,20260901
s_pos,per_class,all,11,dog,micro,ap_target_bg,0.5301508085389719,0.48071927929330294,0.5827975377685031,124,128,124,128,,5000,5000,1.0,3021694564,20260901
s_pos,per_class,all,11,dog,micro,auc_target_other,0.5559063610718677,0.47916572815871433,0.6297309798472922,43,128,43,128,,5000,5000,1.0,3021694564,20260901
s_pos,per_class,all,11,dog,micro,ap_target_other,0.5398549833848961,0.4443876978926858,0.6358223543046377,43,128,43,128,,5000,5000,1.0,3021694564,20260901
s_pos,per_class,all,11,dog,micro,target_mean,395.9327249040212,316.9642655717047,470.6687306437749,128,128,128,128,,5000,5000,1.0,3021694564,20260901
s_pos,per_class,all,11,dog,micro,other_fg_mean,180.6390491823248,44.23024904803211,296.23044810848216,43,128,43,128,,5000,5000,1.0,3021694564,20260901
s_pos,per_class,all,11,dog,micro,bg_mean,111.44132751693616,47.893833777852805,171.03675005601383,124,128,124,128,,5000,5000,1.0,3021694564,20260901
s_pos,per_class,all,11,dog,micro,target_median,486.02395890653133,407.8788404446095,558.6791361022739,128,128,128,128,,5000,5000,1.0,3021694564,20260901
s_pos,per_class,all,11,dog,micro,other_fg_median,252.7629460401313,128.68737186273182,359.6453168973008,43,128,43,128,,5000,5000,1.0,3021694564,20260901
s_pos,per_class,all,11,dog,micro,bg_median,249.43196059955704,188.54416571059812,307.1809144315865,124,128,124,128,,5000,5000,1.0,3021694564,20260901
s_pos,per_class,all,11,dog,micro,spatial_mass_target,0.6252183567390234,0.5393059535721311,0.7109377664004486,128,128,128,128,,5000,5000,1.0,3021694564,20260901
s_pos,per_class,all,11,dog,micro,spatial_mass_other_fg,0.13374092581216246,0.078125,0.1964540445478633,128,128,128,128,,5000,5000,1.0,3021694564,20260901
s_pos,per_class,all,11,dog,micro,spatial_mass_background,0.21760321568855717,0.14729596339554393,0.28906221800936355,128,128,128,128,,5000,5000,1.0,3021694564,20260901
s_pos,per_class,all,12,horse,micro,target_hit,0.3670886075949367,0.26582278481012656,0.46835443037974683,79,79,79,79,,5000,5000,1.0,3021694564,20260901
s_pos,per_class,all,12,horse,micro,other_fg_hit,0.11392405063291139,0.05063291139240506,0.189873417721519,79,79,79,79,,5000,5000,1.0,3021694564,20260901
s_pos,per_class,all,12,horse,micro,background_hit,0.5189873417721519,0.4050632911392405,0.6329113924050633,79,79,79,79,,5000,5000,1.0,3021694564,20260901
s_pos,per_class,all,12,horse,micro,target_top05_fraction,0.3429101473738382,0.272947319789425,0.41823754884131287,79,79,79,79,,5000,5000,1.0,3021694564,20260901
s_pos,per_class,all,12,horse,micro,other_fg_top05_fraction,0.09087616032985786,0.051845399344150174,0.13471527009251855,79,79,79,79,,5000,5000,1.0,3021694564,20260901
s_pos,per_class,all,12,horse,micro,bg_top05_fraction,0.5652399824618345,0.4899345790147756,0.6398826343575678,79,79,79,79,,5000,5000,1.0,3021694564,20260901
s_pos,per_class,all,12,horse,micro,target_tail_enrich_05,1.060575342845348,0.8723333403925546,1.2694854216494345,77,79,77,79,,5000,5000,1.0,3021694564,20260901
s_pos,per_class,all,12,horse,micro,other_fg_tail_enrich_05,2.31526857888556,1.7865120410489672,2.8809162777148813,34,79,34,79,,5000,5000,1.0,3021694564,20260901
s_pos,per_class,all,12,horse,micro,bg_tail_enrich_05,0.7850207938885658,0.6977823575961419,0.871333355848063,79,79,79,79,,5000,5000,1.0,3021694564,20260901
s_pos,per_class,all,12,horse,micro,target_top10_fraction,0.34960231608112935,0.28373721163564913,0.4200272844877703,79,79,79,79,,5000,5000,1.0,3021694564,20260901
s_pos,per_class,all,12,horse,micro,other_fg_top10_fraction,0.07319988634407076,0.04214757381114832,0.10806799676118686,79,79,79,79,,5000,5000,1.0,3021694564,20260901
s_pos,per_class,all,12,horse,micro,bg_top10_fraction,0.576053372379742,0.5049678920711419,0.6462331597586397,79,79,79,79,,5000,5000,1.0,3021694564,20260901
s_pos,per_class,all,12,horse,micro,target_tail_enrich_10,1.1225500671167499,0.9582445293692319,1.2966996635603274,77,79,77,79,,5000,5000,1.0,3021694564,20260901
s_pos,per_class,all,12,horse,micro,other_fg_tail_enrich_10,1.8394786609075373,1.4006932014332165,2.301197713462871,34,79,34,79,,5000,5000,1.0,3021694564,20260901
s_pos,per_class,all,12,horse,micro,bg_tail_enrich_10,0.8095916318269606,0.7293642970215632,0.8874903063875114,79,79,79,79,,5000,5000,1.0,3021694564,20260901
s_pos,per_class,all,12,horse,micro,target_top20_fraction,0.3507591621576442,0.2889695751133695,0.4157947272922886,79,79,79,79,,5000,5000,1.0,3021694564,20260901
s_pos,per_class,all,12,horse,micro,other_fg_top20_fraction,0.05482796561030919,0.03163119436019665,0.0808792517555417,79,79,79,79,,5000,5000,1.0,3021694564,20260901
s_pos,per_class,all,12,horse,micro,bg_top20_fraction,0.5936773208635838,0.527687178293258,0.6582946299618376,79,79,79,79,,5000,5000,1.0,3021694564,20260901
s_pos,per_class,all,12,horse,micro,target_tail_enrich_20,1.1358322713711324,0.9993540782048118,1.2857537353009665,77,79,77,79,,5000,5000,1.0,3021694564,20260901
s_pos,per_class,all,12,horse,micro,other_fg_tail_enrich_20,1.3510440605473275,1.0724443883621164,1.6347867088048973,34,79,34,79,,5000,5000,1.0,3021694564,20260901
s_pos,per_class,all,12,horse,micro,bg_tail_enrich_20,0.8489013239800581,0.7813374864227174,0.9140873814323717,79,79,79,79,,5000,5000,1.0,3021694564,20260901
s_pos,per_class,all,12,horse,micro,auc_target_bg,0.5782330810886273,0.5381852790813472,0.6180953428665589,77,79,77,79,,5000,5000,1.0,3021694564,20260901
s_pos,per_class,all,12,horse,micro,ap_target_bg,0.3924006199795186,0.33563304158120333,0.4513813968710685,77,79,77,79,,5000,5000,1.0,3021694564,20260901
s_pos,per_class,all,12,horse,micro,auc_target_other,0.5520367085012021,0.4939759507741163,0.6093676090687064,33,79,33,79,,5000,5000,1.0,3021694564,20260901
s_pos,per_class,all,12,horse,micro,ap_target_other,0.7469621287076842,0.6804776757789914,0.8057638684909573,33,79,33,79,,5000,5000,1.0,3021694564,20260901
s_pos,per_class,all,12,horse,micro,target_mean,-13.958117339481184,-81.58761498854581,50.07020772122897,77,79,77,79,,5000,5000,1.0,3021694564,20260901
s_pos,per_class,all,12,horse,micro,other_fg_mean,-77.68497397780231,-182.55337236254505,19.602562145010268,34,79,34,79,,5000,5000,1.0,3021694564,20260901
s_pos,per_class,all,12,horse,micro,bg_mean,-210.46385266224308,-298.7893941715451,-128.81422666820427,79,79,79,79,,5000,5000,1.0,3021694564,20260901
s_pos,per_class,all,12,horse,micro,target_median,51.54086825986961,-13.671003754597207,112.72219654202067,77,79,77,79,,5000,5000,1.0,3021694564,20260901
s_pos,per_class,all,12,horse,micro,other_fg_median,20.832681343835944,-77.0868019291949,111.8064125612687,34,79,34,79,,5000,5000,1.0,3021694564,20260901
s_pos,per_class,all,12,horse,micro,bg_median,-89.76304887291751,-171.7010942117323,-15.227798626769948,79,79,79,79,,5000,5000,1.0,3021694564,20260901
s_pos,per_class,all,12,horse,micro,spatial_mass_target,0.3417721655332284,0.24050634453815095,0.4430380090582513,79,79,79,79,,5000,5000,1.0,3021694564,20260901
s_pos,per_class,all,12,horse,micro,spatial_mass_other_fg,0.11249914840806889,0.05063290973252888,0.18403875374152662,79,79,79,79,,5000,5000,1.0,3021694564,20260901
s_pos,per_class,all,12,horse,micro,spatial_mass_background,0.5204122259139915,0.41091756051099826,0.6313317762009455,79,79,79,79,,5000,5000,1.0,3021694564,20260901
s_pos,per_class,all,13,motorbike,micro,target_hit,0.18421052631578946,0.10526315789473684,0.27631578947368424,76,76,76,76,,5000,5000,1.0,3021694564,20260901
s_pos,per_class,all,13,motorbike,micro,other_fg_hit,0.13157894736842105,0.06578947368421052,0.21052631578947367,76,76,76,76,,5000,5000,1.0,3021694564,20260901
s_pos,per_class,all,13,motorbike,micro,background_hit,0.6842105263157895,0.5789473684210527,0.7894736842105263,76,76,76,76,,5000,5000,1.0,3021694564,20260901
s_pos,per_class,all,13,motorbike,micro,target_top05_fraction,0.21241714508783102,0.1649719606801905,0.26349380044260995,76,76,76,76,,5000,5000,1.0,3021694564,20260901
s_pos,per_class,all,13,motorbike,micro,other_fg_top05_fraction,0.13933148186855204,0.09207616714353516,0.19095635549501436,76,76,76,76,,5000,5000,1.0,3021694564,20260901
s_pos,per_class,all,13,motorbike,micro,bg_top05_fraction,0.6472392272946289,0.5806270769836029,0.7121275353588068,76,76,76,76,,5000,5000,1.0,3021694564,20260901
s_pos,per_class,all,13,motorbike,micro,target_tail_enrich_05,0.7385483242798485,0.5825077557414369,0.9077018682867413,75,76,75,76,,5000,5000,1.0,3021694564,20260901
s_pos,per_class,all,13,motorbike,micro,other_fg_tail_enrich_05,1.3901985936207575,0.9635500139421397,1.8774908221826343,52,76,52,76,,5000,5000,1.0,3021694564,20260901
s_pos,per_class,all,13,motorbike,micro,bg_tail_enrich_05,1.1283287359301426,1.0029822891832687,1.2648766300160872,76,76,76,76,,5000,5000,1.0,3021694564,20260901
s_pos,per_class,all,13,motorbike,micro,target_top10_fraction,0.23056322794193015,0.18297003473995901,0.28243688451982946,76,76,76,76,,5000,5000,1.0,3021694564,20260901
s_pos,per_class,all,13,motorbike,micro,other_fg_top10_fraction,0.12721907587665374,0.08523302298379812,0.173624347291388,76,76,76,76,,5000,5000,1.0,3021694564,20260901
s_pos,per_class,all,13,motorbike,micro,bg_top10_fraction,0.6412033596407639,0.5756419969940972,0.7048185503249481,76,76,76,76,,5000,5000,1.0,3021694564,20260901
s_pos,per_class,all,13,motorbike,micro,target_tail_enrich_10,0.7728446360752674,0.6373927885210168,0.9213244817813457,75,76,75,76,,5000,5000,1.0,3021694564,20260901
s_pos,per_class,all,13,motorbike,micro,other_fg_tail_enrich_10,1.2237228309782489,0.8745889108049927,1.6313473013427602,52,76,52,76,,5000,5000,1.0,3021694564,20260901
s_pos,per_class,all,13,motorbike,micro,bg_tail_enrich_10,1.1047696278725894,0.9879014025707854,1.232323229033992,76,76,76,76,,5000,5000,1.0,3021694564,20260901
s_pos,per_class,all,13,motorbike,micro,target_top20_fraction,0.24414046459878316,0.1981515808916355,0.29338670210273204,76,76,76,76,,5000,5000,1.0,3021694564,20260901
s_pos,per_class,all,13,motorbike,micro,other_fg_top20_fraction,0.11688796946839754,0.07867654342694536,0.1582460888936282,76,76,76,76,,5000,5000,1.0,3021694564,20260901
s_pos,per_class,all,13,motorbike,micro,bg_top20_fraction,0.6382907665453385,0.5766363843601335,0.6981253111682183,76,76,76,76,,5000,5000,1.0,3021694564,20260901
s_pos,per_class,all,13,motorbike,micro,target_tail_enrich_20,0.804062572123799,0.677768845615622,0.9399245660728738,75,76,75,76,,5000,5000,1.0,3021694564,20260901
s_pos,per_class,all,13,motorbike,micro,other_fg_tail_enrich_20,1.0307157148296793,0.7905561733533872,1.2808100083004752,52,76,52,76,,5000,5000,1.0,3021694564,20260901
s_pos,per_class,all,13,motorbike,micro,bg_tail_enrich_20,1.0870818538221336,0.9889458960740077,1.1907260076434594,76,76,76,76,,5000,5000,1.0,3021694564,20260901
s_pos,per_class,all,13,motorbike,micro,auc_target_bg,0.41404343001322297,0.37228997339411546,0.4549904964365427,75,76,75,76,,5000,5000,1.0,3021694564,20260901
s_pos,per_class,all,13,motorbike,micro,ap_target_bg,0.3297978571163387,0.28235329820632094,0.37897635968637833,75,76,75,76,,5000,5000,1.0,3021694564,20260901
s_pos,per_class,all,13,motorbike,micro,auc_target_other,0.4933466818036684,0.4373363096497432,0.548606265685199,51,76,51,76,,5000,5000,1.0,3021694564,20260901
s_pos,per_class,all,13,motorbike,micro,ap_target_other,0.6277504885743886,0.5573497530872178,0.6951441247038767,51,76,51,76,,5000,5000,1.0,3021694564,20260901
s_pos,per_class,all,13,motorbike,micro,target_mean,-12.367008189410013,-106.71509929847572,81.1813684874898,75,76,75,76,,5000,5000,1.0,3021694564,20260901
s_pos,per_class,all,13,motorbike,micro,other_fg_mean,147.4700231969402,22.890999308291114,265.5349121204064,52,76,52,76,,5000,5000,1.0,3021694564,20260901
s_pos,per_class,all,13,motorbike,micro,bg_mean,145.57815435993197,74.5229312076072,215.22774638637145,76,76,76,76,,5000,5000,1.0,3021694564,20260901
s_pos,per_class,all,13,motorbike,micro,target_median,139.7669633714358,47.6682502356569,230.72782611422133,75,76,75,76,,5000,5000,1.0,3021694564,20260901
s_pos,per_class,all,13,motorbike,micro,other_fg_median,226.9907307258019,117.32549818712695,336.973764157331,52,76,52,76,,5000,5000,1.0,3021694564,20260901
s_pos,per_class,all,13,motorbike,micro,bg_median,279.06126965974505,220.16234705134443,337.1059168658759,76,76,76,76,,5000,5000,1.0,3021694564,20260901
s_pos,per_class,all,13,motorbike,micro,spatial_mass_target,0.17105184128362755,0.09210453114916986,0.2631537867006706,76,76,76,76,,5000,5000,1.0,3021694564,20260901
s_pos,per_class,all,13,motorbike,micro,spatial_mass_other_fg,0.13321837998228148,0.06581174415278886,0.2121657484033341,76,76,76,76,,5000,5000,1.0,3021694564,20260901
s_pos,per_class,all,13,motorbike,micro,spatial_mass_background,0.6562559957359269,0.5510135068483171,0.761519324620969,76,76,76,76,,5000,5000,1.0,3021694564,20260901
s_pos,per_class,all,14,person,micro,target_hit,0.5191011235955056,0.47191011235955055,0.5662921348314607,445,445,445,445,,5000,5000,1.0,3021694564,20260901
s_pos,per_class,all,14,person,micro,other_fg_hit,0.1752808988764045,0.14382022471910114,0.21123595505617979,445,445,445,445,,5000,5000,1.0,3021694564,20260901
s_pos,per_class,all,14,person,micro,background_hit,0.30112359550561796,0.25842696629213485,0.3438202247191011,445,445,445,445,,5000,5000,1.0,3021694564,20260901
s_pos,per_class,all,14,person,micro,target_top05_fraction,0.44164476611058223,0.4059045874791578,0.47852772279747163,445,445,445,445,,5000,5000,1.0,3021694564,20260901
s_pos,per_class,all,14,person,micro,other_fg_top05_fraction,0.19516309058291023,0.17138984989091782,0.22102568186621074,445,445,445,445,,5000,5000,1.0,3021694564,20260901
s_pos,per_class,all,14,person,micro,bg_top05_fraction,0.3621939287770983,0.33071961421728524,0.3923949180399749,445,445,445,445,,5000,5000,1.0,3021694564,20260901
s_pos,per_class,all,14,person,micro,target_tail_enrich_05,2.16196029829878,1.9748074040136756,2.3587515937256467,413,445,413,445,,5000,5000,1.0,3021694564,20260901
s_pos,per_class,all,14,person,micro,other_fg_tail_enrich_05,1.2541679457174069,1.0364988349901063,1.4947855423557128,373,445,373,445,,5000,5000,1.0,3021694564,20260901
s_pos,per_class,all,14,person,micro,bg_tail_enrich_05,0.6272369045467349,0.5573537702321081,0.7042397824403613,441,445,441,445,,5000,5000,1.0,3021694564,20260901
s_pos,per_class,all,14,person,micro,target_top10_fraction,0.40652571897073014,0.37263491825323947,0.4415800263776353,445,445,445,445,,5000,5000,1.0,3021694564,20260901
s_pos,per_class,all,14,person,micro,other_fg_top10_fraction,0.20558359559740125,0.18201806526103861,0.23079202390349435,445,445,445,445,,5000,5000,1.0,3021694564,20260901
s_pos,per_class,all,14,person,micro,bg_top10_fraction,0.3868937569170144,0.35561344493909697,0.4162579839457383,445,445,445,445,,5000,5000,1.0,3021694564,20260901
s_pos,per_class,all,14,person,micro,target_tail_enrich_10,1.856799685479526,1.7202801869634443,1.9964561753007033,413,445,413,445,,5000,5000,1.0,3021694564,20260901
s_pos,per_class,all,14,person,micro,other_fg_tail_enrich_10,1.2235371341028702,1.0746964962012404,1.381130683264871,373,445,373,445,,5000,5000,1.0,3021694564,20260901
s_pos,per_class,all,14,person,micro,bg_tail_enrich_10,0.6501480734680986,0.596545612123822,0.7030866294697314,441,445,441,445,,5000,5000,1.0,3021694564,20260901
s_pos,per_class,all,14,person,micro,target_top20_fraction,0.3607016378265269,0.3291766449937754,0.3932496807882228,445,445,445,445,,5000,5000,1.0,3021694564,20260901
s_pos,per_class,all,14,person,micro,other_fg_top20_fraction,0.20750406787311879,0.18480617469558422,0.23095390356982926,445,445,445,445,,5000,5000,1.0,3021694564,20260901
s_pos,per_class,all,14,person,micro,bg_top20_fraction,0.43101657705310975,0.401066667423788,0.4600839058573537,445,445,445,445,,5000,5000,1.0,3021694564,20260901
s_pos,per_class,all,14,person,micro,target_tail_enrich_20,1.5044926528731524,1.4139796043790205,1.5970743874994926,413,445,413,445,,5000,5000,1.0,3021694564,20260901
s_pos,per_class,all,14,person,micro,other_fg_tail_enrich_20,1.1129999652696783,1.0144623950921852,1.2161869221272061,373,445,373,445,,5000,5000,1.0,3021694564,20260901
s_pos,per_class,all,14,person,micro,bg_tail_enrich_20,0.7165924859906709,0.6716020237993158,0.7624312448219511,441,445,441,445,,5000,5000,1.0,3021694564,20260901
s_pos,per_class,all,14,person,micro,auc_target_bg,0.6010926342002926,0.5808489802998682,0.6215110640513464,409,445,409,445,,5000,5000,1.0,3021694564,20260901
s_pos,per_class,all,14,person,micro,ap_target_bg,0.4475073351848908,0.41832904494084705,0.47766935903733887,409,445,409,445,,5000,5000,1.0,3021694564,20260901
s_pos,per_class,all,14,person,micro,auc_target_other,0.541387629885539,0.5150180781592174,0.5675479331172477,343,445,343,445,,5000,5000,1.0,3021694564,20260901
s_pos,per_class,all,14,person,micro,ap_target_other,0.5459977348276224,0.5098987026891628,0.5819712189541758,343,445,343,445,,5000,5000,1.0,3021694564,20260901
s_pos,per_class,all,14,person,micro,target_mean,335.4129580006328,299.06875249969545,372.9969815586066,413,445,413,445,,5000,5000,1.0,3021694564,20260901
s_pos,per_class,all,14,person,micro,other_fg_mean,110.69506489313008,58.590424495200956,161.74698803047073,373,445,373,445,,5000,5000,1.0,3021694564,20260901
s_pos,per_class,all,14,person,micro,bg_mean,-0.08001141933735444,-34.93767137348955,33.87337409263448,441,445,441,445,,5000,5000,1.0,3021694564,20260901
s_pos,per_class,all,14,person,micro,target_median,380.3325296735648,342.7770496453933,419.6221581070159,413,445,413,445,,5000,5000,1.0,3021694564,20260901
s_pos,per_class,all,14,person,micro,other_fg_median,185.1475876008058,134.1423757385568,234.45651915616398,373,445,373,445,,5000,5000,1.0,3021694564,20260901
s_pos,per_class,all,14,person,micro,bg_median,105.03545500709762,74.4215753459214,134.28126272790539,441,445,441,445,,5000,5000,1.0,3021694564,20260901
s_pos,per_class,all,14,person,micro,spatial_mass_target,0.4914721546052795,0.4449790463963895,0.5379574691473978,445,445,445,445,,5000,5000,1.0,3021694564,20260901
s_pos,per_class,all,14,person,micro,spatial_mass_other_fg,0.16178767106414085,0.13028531872855614,0.19551977027585274,445,445,445,445,,5000,5000,1.0,3021694564,20260901
s_pos,per_class,all,14,person,micro,spatial_mass_background,0.2748402931083178,0.23334327763770124,0.31633223800543003,445,445,445,445,,5000,5000,1.0,3021694564,20260901
s_pos,per_class,all,15,pottedplant,micro,target_hit,0.27058823529411763,0.17647058823529413,0.36470588235294116,85,85,85,85,,5000,5000,1.0,3021694564,20260901
s_pos,per_class,all,15,pottedplant,micro,other_fg_hit,0.27058823529411763,0.17647058823529413,0.36470588235294116,85,85,85,85,,5000,5000,1.0,3021694564,20260901
s_pos,per_class,all,15,pottedplant,micro,background_hit,0.4588235294117647,0.35294117647058826,0.5647058823529412,85,85,85,85,,5000,5000,1.0,3021694564,20260901
s_pos,per_class,all,15,pottedplant,micro,target_top05_fraction,0.2788021366463142,0.20032593249601763,0.360306838487697,85,85,85,85,,5000,5000,1.0,3021694564,20260901
s_pos,per_class,all,15,pottedplant,micro,other_fg_top05_fraction,0.24178096538367896,0.18041114384246326,0.30668444302815306,85,85,85,85,,5000,5000,1.0,3021694564,20260901
s_pos,per_class,all,15,pottedplant,micro,bg_top05_fraction,0.47870388549228843,0.40319033621429584,0.5526708574182665,85,85,85,85,,5000,5000,1.0,3021694564,20260901
s_pos,per_class,all,15,pottedplant,micro,target_tail_enrich_05,3.03222203267027,2.225067395725327,3.9152722653650143,68,85,68,85,,5000,5000,1.0,3021694564,20260901
s_pos,per_class,all,15,pottedplant,micro,other_fg_tail_enrich_05,1.386612762877026,1.048627852459094,1.7581158909682215,60,85,60,85,,5000,5000,1.0,3021694564,20260901
s_pos,per_class,all,15,pottedplant,micro,bg_tail_enrich_05,0.6649910867843144,0.5647170548386703,0.7657766955776293,85,85,85,85,,5000,5000,1.0,3021694564,20260901
s_pos,per_class,all,15,pottedplant,micro,target_top10_fraction,0.264542901561955,0.1885351514202228,0.34338750952138947,85,85,85,85,,5000,5000,1.0,3021694564,20260901
s_pos,per_class,all,15,pottedplant,micro,other_fg_top10_fraction,0.23222407431003889,0.17458847448178233,0.2930115386441002,85,85,85,85,,5000,5000,1.0,3021694564,20260901
s_pos,per_class,all,15,pottedplant,micro,bg_top10_fraction,0.5023758835649831,0.4304213354173333,0.5718822773702066,85,85,85,85,,5000,5000,1.0,3021694564,20260901
s_pos,per_class,all,15,pottedplant,micro,target_tail_enrich_10,2.5250880146887122,1.9872263021383179,3.0943872975145768,68,85,68,85,,5000,5000,1.0,3021694564,20260901
s_pos,per_class,all,15,pottedplant,micro,other_fg_tail_enrich_10,1.2882692373422207,1.0164118297458355,1.5816611272849115,60,85,60,85,,5000,5000,1.0,3021694564,20260901
s_pos,per_class,all,15,pottedplant,micro,bg_tail_enrich_10,0.6978057923771364,0.6016868834307431,0.7956406904329761,85,85,85,85,,5000,5000,1.0,3021694564,20260901
s_pos,per_class,all,15,pottedplant,micro,target_top20_fraction,0.23588293287222964,0.1669791440331379,0.3095883032283738,85,85,85,85,,5000,5000,1.0,3021694564,20260901
s_pos,per_class,all,15,pottedplant,micro,other_fg_top20_fraction,0.22696976530298058,0.1732023032890659,0.2833282996105439,85,85,85,85,,5000,5000,1.0,3021694564,20260901
s_pos,per_class,all,15,pottedplant,micro,bg_top20_fraction,0.5363533289326027,0.46769420185596766,0.6027906582967935,85,85,85,85,,5000,5000,1.0,3021694564,20260901
s_pos,per_class,all,15,pottedplant,micro,target_tail_enrich_20,2.0635092751921333,1.7112055626200073,2.41830894852219,68,85,68,85,,5000,5000,1.0,3021694564,20260901
s_pos,per_class,all,15,pottedplant,micro,other_fg_tail_enrich_20,1.2404606727287963,1.0276889038824748,1.4718169660567986,60,85,60,85,,5000,5000,1.0,3021694564,20260901
s_pos,per_class,all,15,pottedplant,micro,bg_tail_enrich_20,0.7460155188655447,0.6558254960882399,0.8373517996058496,85,85,85,85,,5000,5000,1.0,3021694564,20260901
s_pos,per_class,all,15,pottedplant,micro,auc_target_bg,0.6940280105031602,0.645666536695059,0.741554799382484,68,85,68,85,,5000,5000,1.0,3021694564,20260901
s_pos,per_class,all,15,pottedplant,micro,ap_target_bg,0.35916261910300795,0.28464022118454785,0.43860960510210656,68,85,68,85,,5000,5000,1.0,3021694564,20260901
s_pos,per_class,all,15,pottedplant,micro,auc_target_other,0.6105256942531577,0.5323805161492787,0.684763835375038,44,85,44,85,,5000,5000,1.0,3021694564,20260901
s_pos,per_class,all,15,pottedplant,micro,ap_target_other,0.33871484778236616,0.24651911100180313,0.43699680855109124,44,85,44,85,,5000,5000,1.0,3021694564,20260901
s_pos,per_class,all,15,pottedplant,micro,target_mean,374.60968633597537,281.8603535798928,475.0352312328371,68,85,68,85,,5000,5000,1.0,3021694564,20260901
s_pos,per_class,all,15,pottedplant,micro,other_fg_mean,43.025668822729735,-28.461751085611446,113.16282788280374,60,85,60,85,,5000,5000,1.0,3021694564,20260901
s_pos,per_class,all,15,pottedplant,micro,bg_mean,-60.233852536436494,-118.15013515205199,-7.903797167648377,85,85,85,85,,5000,5000,1.0,3021694564,20260901
s_pos,per_class,all,15,pottedplant,micro,target_median,419.1128123840865,315.90282835375507,531.2229618562885,68,85,68,85,,5000,5000,1.0,3021694564,20260901
s_pos,per_class,all,15,pottedplant,micro,other_fg_median,58.922381986180945,-11.039286897452104,131.335302338331,60,85,60,85,,5000,5000,1.0,3021694564,20260901
s_pos,per_class,all,15,pottedplant,micro,bg_median,0.8890616158790449,-37.626778646515795,37.1097098672127,85,85,85,85,,5000,5000,1.0,3021694564,20260901
s_pos,per_class,all,15,pottedplant,micro,spatial_mass_target,0.21688664735171628,0.12942140111014916,0.30488391530135084,85,85,85,85,,5000,5000,1.0,3021694564,20260901
s_pos,per_class,all,15,pottedplant,micro,spatial_mass_other_fg,0.21326757415593312,0.13068228426544617,0.30617698868394533,85,85,85,85,,5000,5000,1.0,3021694564,20260901
s_pos,per_class,all,15,pottedplant,micro,spatial_mass_background,0.3723432178760711,0.27058821103529984,0.47448360884426044,85,85,85,85,,5000,5000,1.0,3021694564,20260901
s_pos,per_class,all,16,sheep,micro,target_hit,0.43859649122807015,0.3157894736842105,0.5614035087719298,57,57,57,57,,5000,5000,1.0,3021694564,20260901
s_pos,per_class,all,16,sheep,micro,other_fg_hit,0.017543859649122806,0.0,0.05263157894736842,57,57,57,57,,5000,5000,1.0,3021694564,20260901
s_pos,per_class,all,16,sheep,micro,background_hit,0.5263157894736842,0.40350877192982454,0.6491228070175439,57,57,57,57,,5000,5000,1.0,3021694564,20260901
s_pos,per_class,all,16,sheep,micro,target_top05_fraction,0.2827802879741938,0.20580324582748408,0.36607460253928403,57,57,57,57,,5000,5000,1.0,3021694564,20260901
s_pos,per_class,all,16,sheep,micro,other_fg_top05_fraction,0.012725809124701093,0.0,0.032637261169117124,57,57,57,57,,5000,5000,1.0,3021694564,20260901
s_pos,per_class,all,16,sheep,micro,bg_top05_fraction,0.7035823798289172,0.6218679892641112,0.7803922456709853,57,57,57,57,,5000,5000,1.0,3021694564,20260901
s_pos,per_class,all,16,sheep,micro,target_tail_enrich_05,0.7742619637226783,0.5744939421796023,0.9903394669717877,57,57,57,57,,5000,5000,1.0,3021694564,20260901
s_pos,per_class,all,16,sheep,micro,other_fg_tail_enrich_05,1.03103238865099,0.0,2.3658738191315303,5,57,5,57,,5000,4971,0.9942,3021694564,20260901
s_pos,per_class,all,16,sheep,micro,bg_tail_enrich_05,0.9779722809158503,0.8861311287698732,1.0671808333870505,57,57,57,57,,5000,5000,1.0,3021694564,20260901
s_pos,per_class,all,16,sheep,micro,target_top10_fraction,0.2629515210128135,0.19003442431366796,0.34147749531026456,57,57,57,57,,5000,5000,1.0,3021694564,20260901
s_pos,per_class,all,16,sheep,micro,other_fg_top10_fraction,0.010944195847242938,0.0,0.02604351634822549,57,57,57,57,,5000,5000,1.0,3021694564,20260901
s_pos,per_class,all,16,sheep,micro,bg_top10_fraction,0.725642522678183,0.649127785512187,0.7978256229911881,57,57,57,57,,5000,5000,1.0,3021694564,20260901
s_pos,per_class,all,16,sheep,micro,target_tail_enrich_10,0.7078171053930301,0.5375109561875546,0.8904277116625846,57,57,57,57,,5000,5000,1.0,3021694564,20260901
s_pos,per_class,all,16,sheep,micro,other_fg_tail_enrich_10,0.7782793522177738,0.0,1.585796221301328,5,57,5,57,,5000,4971,0.9942,3021694564,20260901
s_pos,per_class,all,16,sheep,micro,bg_tail_enrich_10,1.0137624112314219,0.9245223308587894,1.09760276119464,57,57,57,57,,5000,5000,1.0,3021694564,20260901
s_pos,per_class,all,16,sheep,micro,target_top20_fraction,0.23818731392512074,0.17315037910746187,0.30843162386136125,57,57,57,57,,5000,5000,1.0,3021694564,20260901
s_pos,per_class,all,16,sheep,micro,other_fg_top20_fraction,0.011458794406272895,0.0,0.026648100077660136,57,57,57,57,,5000,5000,1.0,3021694564,20260901
s_pos,per_class,all,16,sheep,micro,bg_top20_fraction,0.7498973455773854,0.6808855921049987,0.8142126878512039,57,57,57,57,,5000,5000,1.0,3021694564,20260901
s_pos,per_class,all,16,sheep,micro,target_tail_enrich_20,0.6513737860458734,0.49875466870847224,0.8168262058281599,57,57,57,57,,5000,5000,1.0,3021694564,20260901
s_pos,per_class,all,16,sheep,micro,other_fg_tail_enrich_20,0.7498070778623784,0.0,1.3843665654335464,5,57,5,57,,5000,4971,0.9942,3021694564,20260901
s_pos,per_class,all,16,sheep,micro,bg_tail_enrich_20,1.0625834590186565,0.9861916579409825,1.1363469383431861,57,57,57,57,,5000,5000,1.0,3021694564,20260901
s_pos,per_class,all,16,sheep,micro,auc_target_bg,0.35378981141907384,0.30542993837788884,0.4040829890628677,57,57,57,57,,5000,5000,1.0,3021694564,20260901
s_pos,per_class,all,16,sheep,micro,ap_target_bg,0.2804301242672702,0.22253055534836075,0.3430319353723007,57,57,57,57,,5000,5000,1.0,3021694564,20260901
s_pos,per_class,all,16,sheep,micro,auc_target_other,0.4242907056504963,0.13472551256178525,0.8010012515644556,5,57,5,57,,5000,4971,0.9942,3021694564,20260901
s_pos,per_class,all,16,sheep,micro,ap_target_other,0.5355094677243761,0.16323518623936278,0.9444730018296785,5,57,5,57,,5000,4971,0.9942,3021694564,20260901
s_pos,per_class,all,16,sheep,micro,target_mean,-444.5353141512482,-517.1020688696308,-371.63275164851785,57,57,57,57,,5000,5000,1.0,3021694564,20260901
s_pos,per_class,all,16,sheep,micro,other_fg_mean,-188.54202542463202,-449.1411471847101,16.749032362658753,5,57,5,57,,5000,4971,0.9942,3021694564,20260901
s_pos,per_class,all,16,sheep,micro,bg_mean,-245.90589856371471,-306.8648158647124,-187.73864762090707,57,57,57,57,,5000,5000,1.0,3021694564,20260901
s_pos,per_class,all,16,sheep,micro,target_median,-377.94880087333814,-450.83939907425327,-305.3634073633897,57,57,57,57,,5000,5000,1.0,3021694564,20260901
s_pos,per_class,all,16,sheep,micro,other_fg_median,-165.0956965446472,-470.9026336669922,78.67525506019592,5,57,5,57,,5000,4971,0.9942,3021694564,20260901
s_pos,per_class,all,16,sheep,micro,bg_median,-151.773921251297,-206.17410103419894,-100.90170403990835,57,57,57,57,,5000,5000,1.0,3021694564,20260901
s_pos,per_class,all,16,sheep,micro,spatial_mass_target,0.4385895629094329,0.3157818740186063,0.561404870772533,57,57,57,57,,5000,5000,1.0,3021694564,20260901
s_pos,per_class,all,16,sheep,micro,spatial_mass_other_fg,0.017543859649122806,0.0,0.05263157894736842,57,57,57,57,,5000,5000,1.0,3021694564,20260901
s_pos,per_class,all,16,sheep,micro,spatial_mass_background,0.49123499493459255,0.35089483525411,0.6145042760883979,57,57,57,57,,5000,5000,1.0,3021694564,20260901
s_pos,per_class,all,17,sofa,micro,target_hit,0.26666666666666666,0.17777777777777778,0.36666666666666664,90,90,90,90,,5000,5000,1.0,3021694564,20260901
s_pos,per_class,all,17,sofa,micro,other_fg_hit,0.34444444444444444,0.24444444444444444,0.4444444444444444,90,90,90,90,,5000,5000,1.0,3021694564,20260901
s_pos,per_class,all,17,sofa,micro,background_hit,0.3888888888888889,0.28888888888888886,0.4888888888888889,90,90,90,90,,5000,5000,1.0,3021694564,20260901
s_pos,per_class,all,17,sofa,micro,target_top05_fraction,0.28688097274204083,0.22212347562526547,0.35478589883601486,90,90,90,90,,5000,5000,1.0,3021694564,20260901
s_pos,per_class,all,17,sofa,micro,other_fg_top05_fraction,0.255450578522044,0.18327341458963942,0.3354514468326389,90,90,90,90,,5000,5000,1.0,3021694564,20260901
s_pos,per_class,all,17,sofa,micro,bg_top05_fraction,0.45699504806251445,0.3840287151522639,0.5280169204032564,90,90,90,90,,5000,5000,1.0,3021694564,20260901
s_pos,per_class,all,17,sofa,micro,target_tail_enrich_05,1.4270672041332462,1.0784494165511116,1.8272918561347669,88,90,88,90,,5000,5000,1.0,3021694564,20260901
s_pos,per_class,all,17,sofa,micro,other_fg_tail_enrich_05,1.4529350294852363,1.0562008837648726,1.977763534882035,63,90,63,90,,5000,5000,1.0,3021694564,20260901
s_pos,per_class,all,17,sofa,micro,bg_tail_enrich_05,0.722963978206666,0.6085555475477346,0.8491008962249912,85,90,85,90,,5000,5000,1.0,3021694564,20260901
s_pos,per_class,all,17,sofa,micro,target_top10_fraction,0.3002325047178008,0.2381164663901403,0.3644390027470468,90,90,90,90,,5000,5000,1.0,3021694564,20260901
s_pos,per_class,all,17,sofa,micro,other_fg_top10_fraction,0.24340501366351658,0.17603024270934053,0.3186639549833714,90,90,90,90,,5000,5000,1.0,3021694564,20260901
s_pos,per_class,all,17,sofa,micro,bg_top10_fraction,0.4554318838526418,0.3874582560239078,0.5240236094415158,90,90,90,90,,5000,5000,1.0,3021694564,20260901
s_pos,per_class,all,17,sofa,micro,target_tail_enrich_10,1.434031898219664,1.1439190470763225,1.7464478912867238,88,90,88,90,,5000,5000,1.0,3021694564,20260901
s_pos,per_class,all,17,sofa,micro,other_fg_tail_enrich_10,1.3010901785770375,0.997492539381393,1.6740600092937767,63,90,63,90,,5000,5000,1.0,3021694564,20260901
s_pos,per_class,all,17,sofa,micro,bg_tail_enrich_10,0.7139346970891565,0.6181077741868325,0.8139086863751425,85,90,85,90,,5000,5000,1.0,3021694564,20260901
s_pos,per_class,all,17,sofa,micro,target_top20_fraction,0.303240470550435,0.24583014301937958,0.3641418588408797,90,90,90,90,,5000,5000,1.0,3021694564,20260901
s_pos,per_class,all,17,sofa,micro,other_fg_top20_fraction,0.22057479933491927,0.15967336825455156,0.2889871296375286,90,90,90,90,,5000,5000,1.0,3021694564,20260901
s_pos,per_class,all,17,sofa,micro,bg_top20_fraction,0.4754753990505979,0.4116318930236927,0.5396773399657753,90,90,90,90,,5000,5000,1.0,3021694564,20260901
s_pos,per_class,all,17,sofa,micro,target_tail_enrich_20,1.3865198890171568,1.1596884450878004,1.6149818527778124,88,90,88,90,,5000,5000,1.0,3021694564,20260901
s_pos,per_class,all,17,sofa,micro,other_fg_tail_enrich_20,1.2154112162122288,0.9962604757038566,1.4541436667917735,63,90,63,90,,5000,5000,1.0,3021694564,20260901
s_pos,per_class,all,17,sofa,micro,bg_tail_enrich_20,0.7634906937946246,0.6820776945948417,0.847748954686047,85,90,85,90,,5000,5000,1.0,3021694564,20260901
s_pos,per_class,all,17,sofa,micro,auc_target_bg,0.6122954286039308,0.5653935729212366,0.6571663974999642,83,90,83,90,,5000,5000,1.0,3021694564,20260901
s_pos,per_class,all,17,sofa,micro,ap_target_bg,0.3910639914336828,0.3313278520883308,0.4525729798931065,83,90,83,90,,5000,5000,1.0,3021694564,20260901
s_pos,per_class,all,17,sofa,micro,auc_target_other,0.5469774765720515,0.47103187179613176,0.6197215547328688,61,90,61,90,,5000,5000,1.0,3021694564,20260901
s_pos,per_class,all,17,sofa,micro,ap_target_other,0.5522886550005432,0.47097362860572956,0.6358580966072186,61,90,61,90,,5000,5000,1.0,3021694564,20260901
s_pos,per_class,all,17,sofa,micro,target_mean,202.8975971566897,143.89576543877865,262.5454840625962,88,90,88,90,,5000,5000,1.0,3021694564,20260901
s_pos,per_class,all,17,sofa,micro,other_fg_mean,78.35967736447617,21.446092434565795,135.0493994571053,63,90,63,90,,5000,5000,1.0,3021694564,20260901
s_pos,per_class,all,17,sofa,micro,bg_mean,56.769674085953774,4.884503389257023,99.95044694120327,85,90,85,90,,5000,5000,1.0,3021694564,20260901
s_pos,per_class,all,17,sofa,micro,target_median,229.04151248694822,167.9220978014933,291.48652781377496,88,90,88,90,,5000,5000,1.0,3021694564,20260901
s_pos,per_class,all,17,sofa,micro,other_fg_median,90.60146212388598,32.734132837001724,148.50000532687633,63,90,63,90,,5000,5000,1.0,3021694564,20260901
s_pos,per_class,all,17,sofa,micro,bg_median,105.21677110966515,65.10940489825907,144.85226901858192,85,90,85,90,,5000,5000,1.0,3021694564,20260901
s_pos,per_class,all,17,sofa,micro,spatial_mass_target,0.26656581130700363,0.17774787633796163,0.36552469973849366,90,90,90,90,,5000,5000,1.0,3021694564,20260901
s_pos,per_class,all,17,sofa,micro,spatial_mass_other_fg,0.33108914106660836,0.23333249146849566,0.4327441270735504,90,90,90,90,,5000,5000,1.0,3021694564,20260901
s_pos,per_class,all,17,sofa,micro,spatial_mass_background,0.3711027854536112,0.2725386986423685,0.47122799078365196,90,90,90,90,,5000,5000,1.0,3021694564,20260901
s_pos,per_class,all,18,train,micro,target_hit,0.4642857142857143,0.35714285714285715,0.5714285714285714,84,84,84,84,,5000,5000,1.0,3021694564,20260901
s_pos,per_class,all,18,train,micro,other_fg_hit,0.03571428571428571,0.0,0.08333333333333333,84,84,84,84,,5000,5000,1.0,3021694564,20260901
s_pos,per_class,all,18,train,micro,background_hit,0.5,0.39285714285714285,0.6071428571428571,84,84,84,84,,5000,5000,1.0,3021694564,20260901
s_pos,per_class,all,18,train,micro,target_top05_fraction,0.3277369149079676,0.2738780688040556,0.384203305839819,84,84,84,84,,5000,5000,1.0,3021694564,20260901
s_pos,per_class,all,18,train,micro,other_fg_top05_fraction,0.02783748902169955,0.002492810552021078,0.06510495656877235,84,84,84,84,,5000,5000,1.0,3021694564,20260901
s_pos,per_class,all,18,train,micro,bg_top05_fraction,0.6444255960703328,0.5841457540717409,0.7035653524222604,84,84,84,84,,5000,5000,1.0,3021694564,20260901
s_pos,per_class,all,18,train,micro,target_tail_enrich_05,0.9512507744182083,0.7772215155141404,1.1443788439828098,84,84,84,84,,5000,5000,1.0,3021694564,20260901
s_pos,per_class,all,18,train,micro,other_fg_tail_enrich_05,1.7513694609975226,0.6624586077251633,2.874977112252013,10,84,10,84,,5000,5000,1.0,3021694564,20260901
s_pos,per_class,all,18,train,micro,bg_tail_enrich_05,1.1433449478787459,1.0353867790619466,1.2491445629241624,83,84,83,84,,5000,5000,1.0,3021694564,20260901
s_pos,per_class,all,18,train,micro,target_top10_fraction,0.32603219771153313,0.27547911690087734,0.3792914326314877,84,84,84,84,,5000,5000,1.0,3021694564,20260901
s_pos,per_class,all,18,train,micro,other_fg_top10_fraction,0.024326233710453747,0.0019861091289662715,0.058818551908129076,84,84,84,84,,5000,5000,1.0,3021694564,20260901
s_pos,per_class,all,18,train,micro,bg_top10_fraction,0.6491836931201378,0.5940173955420557,0.7054965193704399,84,84,84,84,,5000,5000,1.0,3021694564,20260901
s_pos,per_class,all,18,train,micro,target_tail_enrich_10,0.9375919754537769,0.7901102880703581,1.0980592626491221,84,84,84,84,,5000,5000,1.0,3021694564,20260901
s_pos,per_class,all,18,train,micro,other_fg_tail_enrich_10,1.2939437528210522,0.4912555798238592,2.1792775041268992,10,84,10,84,,5000,5000,1.0,3021694564,20260901
s_pos,per_class,all,18,train,micro,bg_tail_enrich_10,1.1443537847322356,1.0506562439647964,1.2371908093471735,83,84,83,84,,5000,5000,1.0,3021694564,20260901
s_pos,per_class,all,18,train,micro,target_top20_fraction,0.311669914658313,0.26404615516988955,0.3616626405375747,84,84,84,84,,5000,5000,1.0,3021694564,20260901
s_pos,per_class,all,18,train,micro,other_fg_top20_fraction,0.019825951960379437,0.0021686268198290626,0.04628185255883218,84,84,84,84,,5000,5000,1.0,3021694564,20260901
s_pos,per_class,all,18,train,micro,bg_top20_fraction,0.667967444782225,0.616677870427024,0.718480232624631,84,84,84,84,,5000,5000,1.0,3021694564,20260901
s_pos,per_class,all,18,train,micro,target_tail_enrich_20,0.8499559808207833,0.7446905248799872,0.9637028318989642,84,84,84,84,,5000,5000,1.0,3021694564,20260901
s_pos,per_class,all,18,train,micro,other_fg_tail_enrich_20,1.114998406816488,0.5114752777259147,1.7700400634173643,10,84,10,84,,5000,5000,1.0,3021694564,20260901
s_pos,per_class,all,18,train,micro,bg_tail_enrich_20,1.1734608153771873,1.0940343479805603,1.2553223521504338,83,84,83,84,,5000,5000,1.0,3021694564,20260901
s_pos,per_class,all,18,train,micro,auc_target_bg,0.44017545937544955,0.4109880136033587,0.4702467807742304,83,84,83,84,,5000,5000,1.0,3021694564,20260901
s_pos,per_class,all,18,train,micro,ap_target_bg,0.3707452705564896,0.3285567817818994,0.4143648852878009,83,84,83,84,,5000,5000,1.0,3021694564,20260901
s_pos,per_class,all,18,train,micro,auc_target_other,0.475525470894768,0.321106552647274,0.6549173119684863,10,84,10,84,,5000,5000,1.0,3021694564,20260901
s_pos,per_class,all,18,train,micro,ap_target_other,0.7031604952821994,0.4684215338156109,0.92521048474363,10,84,10,84,,5000,5000,1.0,3021694564,20260901
s_pos,per_class,all,18,train,micro,target_mean,-229.8120294084605,-293.1319853629933,-167.37925245063184,84,84,84,84,,5000,5000,1.0,3021694564,20260901
s_pos,per_class,all,18,train,micro,other_fg_mean,-363.90417411527443,-751.1905415929491,-68.74289853942255,10,84,10,84,,5000,5000,1.0,3021694564,20260901
s_pos,per_class,all,18,train,micro,bg_mean,-207.73904531668984,-272.41910821661304,-143.53034637984638,83,84,83,84,,5000,5000,1.0,3021694564,20260901
s_pos,per_class,all,18,train,micro,target_median,-135.4315456063265,-189.37104067193079,-80.98451068601794,84,84,84,84,,5000,5000,1.0,3021694564,20260901
s_pos,per_class,all,18,train,micro,other_fg_median,-334.691813993454,-815.4423995971679,-7.680331080158572,10,84,10,84,,5000,5000,1.0,3021694564,20260901
s_pos,per_class,all,18,train,micro,bg_median,-19.069019698953053,-68.46221459361098,29.42911552874066,83,84,83,84,,5000,5000,1.0,3021694564,20260901
s_pos,per_class,all,18,train,micro,spatial_mass_target,0.44144967223200815,0.33422884779709994,0.5484613973322471,84,84,84,84,,5000,5000,1.0,3021694564,20260901
s_pos,per_class,all,18,train,micro,spatial_mass_other_fg,0.03571428524734837,2.4264175853735043e-10,0.08333333168987954,84,84,84,84,,5000,5000,1.0,3021694564,20260901
s_pos,per_class,all,18,train,micro,spatial_mass_background,0.48712175687020426,0.37992413729456037,0.5943181634192517,84,84,84,84,,5000,5000,1.0,3021694564,20260901
s_pos,per_class,all,19,tvmonitor,micro,target_hit,0.47297297297297297,0.36486486486486486,0.5945945945945946,74,74,74,74,,5000,5000,1.0,3021694564,20260901
s_pos,per_class,all,19,tvmonitor,micro,other_fg_hit,0.17567567567567569,0.0945945945945946,0.2702702702702703,74,74,74,74,,5000,5000,1.0,3021694564,20260901
s_pos,per_class,all,19,tvmonitor,micro,background_hit,0.35135135135135137,0.24324324324324326,0.4594594594594595,74,74,74,74,,5000,5000,1.0,3021694564,20260901
s_pos,per_class,all,19,tvmonitor,micro,target_top05_fraction,0.4425072873508152,0.3589149394634815,0.530718957413481,74,74,74,74,,5000,5000,1.0,3021694564,20260901
s_pos,per_class,all,19,tvmonitor,micro,other_fg_top05_fraction,0.15474794194566596,0.09159272235908082,0.2238053128286947,74,74,74,74,,5000,5000,1.0,3021694564,20260901
s_pos,per_class,all,19,tvmonitor,micro,bg_top05_fraction,0.40171393217268037,0.3239493430540728,0.4784745500917264,74,74,74,74,,5000,5000,1.0,3021694564,20260901
s_pos,per_class,all,19,tvmonitor,micro,target_tail_enrich_05,3.953319827664729,3.078978655844189,4.930490954938563,67,74,67,74,,5000,5000,1.0,3021694564,20260901
s_pos,per_class,all,19,tvmonitor,micro,other_fg_tail_enrich_05,1.204091190066927,0.8156726292975879,1.6125608861396552,37,74,37,74,,5000,5000,1.0,3021694564,20260901
s_pos,per_class,all,19,tvmonitor,micro,bg_tail_enrich_05,0.55305011012618,0.455204445344097,0.6507417765865482,73,74,73,74,,5000,5000,1.0,3021694564,20260901
s_pos,per_class,all,19,tvmonitor,micro,target_top10_fraction,0.4204101075489712,0.3430131180295638,0.5013407378504351,74,74,74,74,,5000,5000,1.0,3021694564,20260901
s_pos,per_class,all,19,tvmonitor,micro,other_fg_top10_fraction,0.14438707042049478,0.08548324435212631,0.20814843859769142,74,74,74,74,,5000,5000,1.0,3021694564,20260901
s_pos,per_class,all,19,tvmonitor,micro,bg_top10_fraction,0.4332925131581999,0.3617542295201374,0.5045215665370013,74,74,74,74,,5000,5000,1.0,3021694564,20260901
s_pos,per_class,all,19,tvmonitor,micro,target_tail_enrich_10,3.33572006446513,2.7430589654552437,3.9468430043900824,67,74,67,74,,5000,5000,1.0,3021694564,20260901
s_pos,per_class,all,19,tvmonitor,micro,other_fg_tail_enrich_10,1.198347922001333,0.7945811811557745,1.656757089253924,37,74,37,74,,5000,5000,1.0,3021694564,20260901
s_pos,per_class,all,19,tvmonitor,micro,bg_tail_enrich_10,0.5832065089136651,0.49894456422649297,0.6650582354285443,73,74,73,74,,5000,5000,1.0,3021694564,20260901
s_pos,per_class,all,19,tvmonitor,micro,target_top20_fraction,0.36876289329306444,0.2959414430662225,0.4440666409851852,74,74,74,74,,5000,5000,1.0,3021694564,20260901
s_pos,per_class,all,19,tvmonitor,micro,other_fg_top20_fraction,0.1336192491905874,0.08155482696075829,0.191889641291435,74,74,74,74,,5000,5000,1.0,3021694564,20260901
s_pos,per_class,all,19,tvmonitor,micro,bg_top20_fraction,0.4961418203047449,0.4299790696650384,0.5619804766772337,74,74,74,74,,5000,5000,1.0,3021694564,20260901
s_pos,per_class,all,19,tvmonitor,micro,target_tail_enrich_20,2.5128838018335635,2.194459530989764,2.832090912015877,67,74,67,74,,5000,5000,1.0,3021694564,20260901
s_pos,per_class,all,19,tvmonitor,micro,other_fg_tail_enrich_20,1.0864317371516856,0.7663052011647205,1.4402960792533965,37,74,37,74,,5000,5000,1.0,3021694564,20260901
s_pos,per_class,all,19,tvmonitor,micro,bg_tail_enrich_20,0.6868202571190549,0.6059397791672658,0.7669855526584344,73,74,73,74,,5000,5000,1.0,3021694564,20260901
s_pos,per_class,all,19,tvmonitor,micro,auc_target_bg,0.7589026022845479,0.7211526269076959,0.795217054181916,66,74,66,74,,5000,5000,1.0,3021694564,20260901
s_pos,per_class,all,19,tvmonitor,micro,ap_target_bg,0.49531643516588697,0.42771336015455164,0.5623588144694748,66,74,66,74,,5000,5000,1.0,3021694564,20260901
s_pos,per_class,all,19,tvmonitor,micro,auc_target_other,0.7014703224861167,0.5962455207334009,0.801170303353687,31,74,31,74,,5000,5000,1.0,3021694564,20260901
s_pos,per_class,all,19,tvmonitor,micro,ap_target_other,0.591299944860761,0.460284333912427,0.7201740346779193,31,74,31,74,,5000,5000,1.0,3021694564,20260901
s_pos,per_class,all,19,tvmonitor,micro,target_mean,700.740298683561,587.3411419400474,817.4628072210786,67,74,67,74,,5000,5000,1.0,3021694564,20260901
s_pos,per_class,all,19,tvmonitor,micro,other_fg_mean,-84.96003211936706,-183.02424822276598,5.457120509330447,37,74,37,74,,5000,5000,1.0,3021694564,20260901
s_pos,per_class,all,19,tvmonitor,micro,bg_mean,20.824952206172007,-51.299400394680646,84.07390834585017,73,74,73,74,,5000,5000,1.0,3021694564,20260901
s_pos,per_class,all,19,tvmonitor,micro,target_median,835.0615638085266,699.2895414736674,975.5686559354808,67,74,67,74,,5000,5000,1.0,3021694564,20260901
s_pos,per_class,all,19,tvmonitor,micro,other_fg_median,-82.33609373988332,-177.78972517306778,3.6609914008131104,37,74,37,74,,5000,5000,1.0,3021694564,20260901
s_pos,per_class,all,19,tvmonitor,micro,bg_median,102.62213890846462,39.06292964930404,163.8295398175716,73,74,73,74,,5000,5000,1.0,3021694564,20260901
s_pos,per_class,all,19,tvmonitor,micro,spatial_mass_target,0.44497167044703845,0.3359769876065667,0.5540540540540541,74,74,74,74,,5000,5000,1.0,3021694564,20260901
s_pos,per_class,all,19,tvmonitor,micro,spatial_mass_other_fg,0.17661557005996087,0.09553448897960799,0.27027026807188104,74,74,74,74,,5000,5000,1.0,3021694564,20260901
s_pos,per_class,all,19,tvmonitor,micro,spatial_mass_background,0.33787202720881726,0.22977358147676855,0.4459801296986691,74,74,74,74,,5000,5000,1.0,3021694564,20260901
