relation,scope,stratum,aggregation,metric,estimate,ci_low,ci_high,num_images,num_images_total,num_rows,num_rows_total,num_classes,bootstrap_repeats,bootstrap_valid_repeats,bootstrap_valid_fraction,bootstrap_seed,bootstrap_base_seed,class_id,class_name,signal,region
,all_rows,all,micro,mean,0.4725395034972636,0.46769285332778276,0.4776111209980733,1432,1449,2120,2147,,5000,5000,1.0,3021694564,20260901,,,c_sign,background
,all_rows,all,micro,median,0.48041296795818883,0.47475248940360243,0.4862690957702296,1432,1449,2120,2147,,5000,5000,1.0,3021694564,20260901,,,c_sign,background
,all_rows,all,micro,q25,0.3809701022129717,0.3754879518617035,0.3866167858634036,1432,1449,2120,2147,,5000,5000,1.0,3021694564,20260901,,,c_sign,background
,all_rows,all,micro,q75,0.5721062326390859,0.5663868129913685,0.5780238225335343,1432,1449,2120,2147,,5000,5000,1.0,3021694564,20260901,,,c_sign,background
,all_rows,all,macro_class,mean,0.4629636335129056,0.4588026102092947,0.4672640621480358,1432,1449,2120,2147,20,5000,5000,1.0,3021694564,20260901,,,c_sign,background
,all_rows,all,macro_class,median,0.46998867855654736,0.46508361680093324,0.4749551111235046,1432,1449,2120,2147,20,5000,5000,1.0,3021694564,20260901,,,c_sign,background
,all_rows,all,macro_class,q25,0.3724923586087202,0.3679938983798688,0.37716132330705693,1432,1449,2120,2147,20,5000,5000,1.0,3021694564,20260901,,,c_sign,background
,all_rows,all,macro_class,q75,0.5604041568619043,0.5554829287915957,0.5655669919197776,1432,1449,2120,2147,20,5000,5000,1.0,3021694564,20260901,,,c_sign,background
,all_rows,single_label,micro,mean,0.4324169624672279,0.42613632842944626,0.4387009345234785,918,927,918,927,,5000,5000,1.0,3021694564,20260901,,,c_sign,background
,all_rows,single_label,micro,median,0.4382345790980883,0.43099018410941936,0.4455905543415572,918,927,918,927,,5000,5000,1.0,3021694564,20260901,,,c_sign,background
,all_rows,single_label,micro,q25,0.3351041361778845,0.3283617798494454,0.3419754529367148,918,927,918,927,,5000,5000,1.0,3021694564,20260901,,,c_sign,background
,all_rows,single_label,micro,q75,0.5350970325439617,0.5273054798182822,0.5426272577931617,918,927,918,927,,5000,5000,1.0,3021694564,20260901,,,c_sign,background
,all_rows,single_label,macro_class,mean,0.4401128308651927,0.4337851960903962,0.4461428424680816,918,927,918,927,20,5000,5000,1.0,3021694564,20260901,,,c_sign,background
,all_rows,single_label,macro_class,median,0.44442484960267786,0.4370699490912836,0.45162757523922936,918,927,918,927,20,5000,5000,1.0,3021694564,20260901,,,c_sign,background
,all_rows,single_label,macro_class,q25,0.3427370234594843,0.3359273570071214,0.3494038968212128,918,927,918,927,20,5000,5000,1.0,3021694564,20260901,,,c_sign,background
,all_rows,single_label,macro_class,q75,0.5424799739233102,0.5345892936748927,0.5501807755234578,918,927,918,927,20,5000,5000,1.0,3021694564,20260901,,,c_sign,background
,all_rows,exactly_2_labels,micro,mean,0.501838552153646,0.49361709068821497,0.5101712500155127,369,375,738,750,,5000,5000,1.0,3021694564,20260901,,,c_sign,background
,all_rows,exactly_2_labels,micro,median,0.5103031033220976,0.5003825011057524,0.5202119870585842,369,375,738,750,,5000,5000,1.0,3021694564,20260901,,,c_sign,background
,all_rows,exactly_2_labels,micro,q25,0.4109638933556755,0.40150004581377574,0.42044417611332136,369,375,738,750,,5000,5000,1.0,3021694564,20260901,,,c_sign,background
,all_rows,exactly_2_labels,micro,q75,0.6024890624107869,0.5928694325020396,0.6125204005264268,369,375,738,750,,5000,5000,1.0,3021694564,20260901,,,c_sign,background
,all_rows,exactly_2_labels,macro_class,mean,0.4873020418556295,0.4785565672476998,0.4964028959866322,369,375,738,750,20,5000,5000,1.0,3021694564,20260901,,,c_sign,background
,all_rows,exactly_2_labels,macro_class,median,0.49441482529592146,0.48397797177633556,0.5057087585709183,369,375,738,750,20,5000,5000,1.0,3021694564,20260901,,,c_sign,background
,all_rows,exactly_2_labels,macro_class,q25,0.3977961906780523,0.3873822293440412,0.40852930256623676,369,375,738,750,20,5000,5000,1.0,3021694564,20260901,,,c_sign,background
,all_rows,exactly_2_labels,macro_class,q75,0.5854380013573889,0.5747780669962593,0.5962000802492317,369,375,738,750,20,5000,5000,1.0,3021694564,20260901,,,c_sign,background
,all_rows,3plus_labels,micro,mean,0.5053192335773548,0.49563311457587084,0.5147595026561244,145,147,464,470,,5000,5000,1.0,3021694564,20260901,,,c_sign,background
,all_rows,3plus_labels,micro,median,0.5163199530336363,0.5048677226659586,0.527548010984406,145,147,464,470,,5000,5000,1.0,3021694564,20260901,,,c_sign,background
,all_rows,3plus_labels,micro,q25,0.4240079016890377,0.41379861467124934,0.43396829132266507,145,147,464,470,,5000,5000,1.0,3021694564,20260901,,,c_sign,background
,all_rows,3plus_labels,micro,q75,0.5970026061645356,0.5847713811990112,0.6091071696528296,145,147,464,470,,5000,5000,1.0,3021694564,20260901,,,c_sign,background
,all_rows,3plus_labels,macro_class,mean,0.4921004930487666,0.47954062473936465,0.5050188452361725,145,147,464,470,20,5000,5000,1.0,3021694564,20260901,,,c_sign,background
,all_rows,3plus_labels,macro_class,median,0.501016318003185,0.48498031714767303,0.5163497144842695,145,147,464,470,20,5000,5000,1.0,3021694564,20260901,,,c_sign,background
,all_rows,3plus_labels,macro_class,q25,0.4123027689744149,0.3985146854756061,0.42495378394605376,145,147,464,470,20,5000,5000,1.0,3021694564,20260901,,,c_sign,background
,all_rows,3plus_labels,macro_class,q75,0.5793496746568565,0.5629034815644316,0.5970399643426523,145,147,464,470,20,5000,5000,1.0,3021694564,20260901,,,c_sign,background
,per_class,all,micro,mean,0.39255924324610786,0.378550378540734,0.4070270375304105,90,90,90,90,,5000,5000,1.0,3021694564,20260901,0,aeroplane,c_sign,background
,per_class,all,micro,median,0.4026678305533197,0.3881862527256211,0.41774432856175636,90,90,90,90,,5000,5000,1.0,3021694564,20260901,0,aeroplane,c_sign,background
,per_class,all,micro,q25,0.31153877572053007,0.2959514967072755,0.32706406305337116,90,90,90,90,,5000,5000,1.0,3021694564,20260901,0,aeroplane,c_sign,background
,per_class,all,micro,q75,0.4768932411240207,0.4605487078138523,0.4936381048191753,90,90,90,90,,5000,5000,1.0,3021694564,20260901,0,aeroplane,c_sign,background
,per_class,all,micro,mean,0.5049244773669854,0.4904682750788382,0.5197982765985797,79,79,79,79,,5000,5000,1.0,3021694564,20260901,1,bicycle,c_sign,background
,per_class,all,micro,median,0.49735855848728855,0.4786796280147531,0.5164235156925419,79,79,79,79,,5000,5000,1.0,3021694564,20260901,1,bicycle,c_sign,background
,per_class,all,micro,q25,0.3961931749989715,0.3788220642464636,0.4134370361702352,79,79,79,79,,5000,5000,1.0,3021694564,20260901,1,bicycle,c_sign,background
,per_class,all,micro,q75,0.6145895666713956,0.5950499755436485,0.6333488699284536,79,79,79,79,,5000,5000,1.0,3021694564,20260901,1,bicycle,c_sign,background
,per_class,all,micro,mean,0.41092661802587627,0.3935975524618963,0.4288339224403763,103,103,103,103,,5000,5000,1.0,3021694564,20260901,2,bird,c_sign,background
,per_class,all,micro,median,0.41247789923427175,0.38993834134155103,0.43545727616953617,103,103,103,103,,5000,5000,1.0,3021694564,20260901,2,bird,c_sign,background
,per_class,all,micro,q25,0.29077725933448784,0.27014662614092233,0.3114640598908718,103,103,103,103,,5000,5000,1.0,3021694564,20260901,2,bird,c_sign,background
,per_class,all,micro,q75,0.5296489475566206,0.5085103935408362,0.550997244304462,103,103,103,103,,5000,5000,1.0,3021694564,20260901,2,bird,c_sign,background
,per_class,all,micro,mean,0.4511620417901417,0.4295735035156915,0.4737862378540049,72,72,72,72,,5000,5000,1.0,3021694564,20260901,3,boat,c_sign,background
,per_class,all,micro,median,0.46692589132322204,0.4408410095764945,0.4941800607885751,72,72,72,72,,5000,5000,1.0,3021694564,20260901,3,boat,c_sign,background
,per_class,all,micro,q25,0.354474267611901,0.3306145846300448,0.37940407508415064,72,72,72,72,,5000,5000,1.0,3021694564,20260901,3,boat,c_sign,background
,per_class,all,micro,q75,0.560918422933254,0.5352402432071458,0.5876312458628996,72,72,72,72,,5000,5000,1.0,3021694564,20260901,3,boat,c_sign,background
,per_class,all,micro,mean,0.4155592166542583,0.3976509471634061,0.4334609928190608,93,96,93,96,,5000,5000,1.0,3021694564,20260901,4,bottle,c_sign,background
,per_class,all,micro,median,0.4090982383938246,0.38756223234316123,0.43036545155079736,93,96,93,96,,5000,5000,1.0,3021694564,20260901,4,bottle,c_sign,background
,per_class,all,micro,q25,0.3229262486741107,0.302584492983891,0.3438167216077283,93,96,93,96,,5000,5000,1.0,3021694564,20260901,4,bottle,c_sign,background
,per_class,all,micro,q75,0.49917996017843164,0.476500832680012,0.5220687598131106,93,96,93,96,,5000,5000,1.0,3021694564,20260901,4,bottle,c_sign,background
,per_class,all,micro,mean,0.48928557835634634,0.47265992717036515,0.506027131081682,74,74,74,74,,5000,5000,1.0,3021694564,20260901,5,bus,c_sign,background
,per_class,all,micro,median,0.49944688883182164,0.48059354447633834,0.5184538501642041,74,74,74,74,,5000,5000,1.0,3021694564,20260901,5,bus,c_sign,background
,per_class,all,micro,q25,0.42173077226490585,0.4046962588471738,0.439209006991036,74,74,74,74,,5000,5000,1.0,3021694564,20260901,5,bus,c_sign,background
,per_class,all,micro,q75,0.565266144839493,0.5451978985723611,0.5848761047664526,74,74,74,74,,5000,5000,1.0,3021694564,20260901,5,bus,c_sign,background
,per_class,all,micro,mean,0.5077388334877657,0.49268621644799737,0.5224711659892312,127,127,127,127,,5000,5000,1.0,3021694564,20260901,6,car,c_sign,background
,per_class,all,micro,median,0.5185339467262658,0.5014299737098883,0.5354314395292536,127,127,127,127,,5000,5000,1.0,3021694564,20260901,6,car,c_sign,background
,per_class,all,micro,q25,0.41563649082512366,0.39887400840475096,0.43214627381443504,127,127,127,127,,5000,5000,1.0,3021694564,20260901,6,car,c_sign,background
,per_class,all,micro,q75,0.6128054290540575,0.5943142200724816,0.6308771106524494,127,127,127,127,,5000,5000,1.0,3021694564,20260901,6,car,c_sign,background
,per_class,all,micro,mean,0.4143086854965377,0.3942293313977243,0.43418901307686625,113,119,113,119,,5000,5000,1.0,3021694564,20260901,7,cat,c_sign,background
,per_class,all,micro,median,0.4064015458313237,0.38219863763079776,0.4301241901458093,113,119,113,119,,5000,5000,1.0,3021694564,20260901,7,cat,c_sign,background
,per_class,all,micro,q25,0.2824815507088087,0.2612050953269914,0.30395899915390184,113,119,113,119,,5000,5000,1.0,3021694564,20260901,7,cat,c_sign,background
,per_class,all,micro,q75,0.5403411858014565,0.5143479018775934,0.5665295632442665,113,119,113,119,,5000,5000,1.0,3021694564,20260901,7,cat,c_sign,background
,per_class,all,micro,mean,0.45431396295136434,0.4418037262187398,0.46704672781809753,122,123,122,123,,5000,5000,1.0,3021694564,20260901,8,chair,c_sign,background
,per_class,all,micro,median,0.45775062065632616,0.44348806959156956,0.4721246801518623,122,123,122,123,,5000,5000,1.0,3021694564,20260901,8,chair,c_sign,background
,per_class,all,micro,q25,0.3738160996285618,0.3609619548522136,0.38649762682177424,122,123,122,123,,5000,5000,1.0,3021694564,20260901,8,chair,c_sign,background
,per_class,all,micro,q75,0.5398598844643498,0.5235760319003853,0.5566674868879347,122,123,122,123,,5000,5000,1.0,3021694564,20260901,8,chair,c_sign,background
,per_class,all,micro,mean,0.38474363472103157,0.36410453536783766,0.40604318646594506,71,71,71,71,,5000,5000,1.0,3021694564,20260901,9,cow,c_sign,background
,per_class,all,micro,median,0.38739896618144615,0.3648496048393804,0.41003114483515984,71,71,71,71,,5000,5000,1.0,3021694564,20260901,9,cow,c_sign,background
,per_class,all,micro,q25,0.3196592407537178,0.30024990836997895,0.3392108693404097,71,71,71,71,,5000,5000,1.0,3021694564,20260901,9,cow,c_sign,background
,per_class,all,micro,q75,0.4539822990625677,0.4291234258037638,0.4795717724402186,71,71,71,71,,5000,5000,1.0,3021694564,20260901,9,cow,c_sign,background
,per_class,all,micro,mean,0.48467357608464945,0.47171965602360355,0.49741929109568633,73,75,73,75,,5000,5000,1.0,3021694564,20260901,10,diningtable,c_sign,background
,per_class,all,micro,median,0.4911581563622984,0.47590499932111213,0.506152130727529,73,75,73,75,,5000,5000,1.0,3021694564,20260901,10,diningtable,c_sign,background
,per_class,all,micro,q25,0.40743723521902137,0.392392071485811,0.422110793945279,73,75,73,75,,5000,5000,1.0,3021694564,20260901,10,diningtable,c_sign,background
,per_class,all,micro,q75,0.5695275705154628,0.5519598288513307,0.5866566957754863,73,75,73,75,,5000,5000,1.0,3021694564,20260901,10,diningtable,c_sign,background
,per_class,all,micro,mean,0.535351382391146,0.5210463977711816,0.5497094401149911,124,128,124,128,,5000,5000,1.0,3021694564,20260901,11,dog,c_sign,background
,per_class,all,micro,median,0.5632828399538994,0.5462596471087724,0.5802372229161594,124,128,124,128,,5000,5000,1.0,3021694564,20260901,11,dog,c_sign,background
,per_class,all,micro,q25,0.4620788646561484,0.4443181047745458,0.4805453783036836,124,128,124,128,,5000,5000,1.0,3021694564,20260901,11,dog,c_sign,background
,per_class,all,micro,q75,0.641667426774098,0.6258673337766022,0.6572341706048698,124,128,124,128,,5000,5000,1.0,3021694564,20260901,11,dog,c_sign,background
,per_class,all,micro,mean,0.4498598177853911,0.4308153684746347,0.46833422211964776,79,79,79,79,,5000,5000,1.0,3021694564,20260901,12,horse,c_sign,background
,per_class,all,micro,median,0.454579235443586,0.43261297682795347,0.4758732501653176,79,79,79,79,,5000,5000,1.0,3021694564,20260901,12,horse,c_sign,background
,per_class,all,micro,q25,0.3611413697841801,0.34094341602176426,0.38098837746472297,79,79,79,79,,5000,5000,1.0,3021694564,20260901,12,horse,c_sign,background
,per_class,all,micro,q75,0.5444244866884207,0.5217046096307945,0.5665009303584317,79,79,79,79,,5000,5000,1.0,3021694564,20260901,12,horse,c_sign,background
,per_class,all,micro,mean,0.5340697079279695,0.5155838854573063,0.552204670754072,76,76,76,76,,5000,5000,1.0,3021694564,20260901,13,motorbike,c_sign,background
,per_class,all,micro,median,0.5454571498067755,0.5231567914450639,0.5673321463559804,76,76,76,76,,5000,5000,1.0,3021694564,20260901,13,motorbike,c_sign,background
,per_class,all,micro,q25,0.421434004742064,0.3995544196302561,0.4430872492394165,76,76,76,76,,5000,5000,1.0,3021694564,20260901,13,motorbike,c_sign,background
,per_class,all,micro,q75,0.6543544387738955,0.6332447184641895,0.6738170822151006,76,76,76,76,,5000,5000,1.0,3021694564,20260901,13,motorbike,c_sign,background
,per_class,all,micro,mean,0.5130292167931029,0.5050253142500991,0.5208344819683314,441,445,441,445,,5000,5000,1.0,3021694564,20260901,14,person,c_sign,background
,per_class,all,micro,median,0.5245451589628142,0.5149418173858448,0.5338472324251676,441,445,441,445,,5000,5000,1.0,3021694564,20260901,14,person,c_sign,background
,per_class,all,micro,q25,0.4205486680932191,0.4113019737022567,0.42964375237489794,441,445,441,445,,5000,5000,1.0,3021694564,20260901,14,person,c_sign,background
,per_class,all,micro,q75,0.6170131887505654,0.6073333839009191,0.6261539907104064,441,445,441,445,,5000,5000,1.0,3021694564,20260901,14,person,c_sign,background
,per_class,all,micro,mean,0.4769872962980311,0.4594212006724047,0.4947013182379747,85,85,85,85,,5000,5000,1.0,3021694564,20260901,15,pottedplant,c_sign,background
,per_class,all,micro,median,0.47996743531788094,0.4589782887609566,0.5009318701002528,85,85,85,85,,5000,5000,1.0,3021694564,20260901,15,pottedplant,c_sign,background
,per_class,all,micro,q25,0.3882502054466921,0.3683122273008613,0.4076660747015301,85,85,85,85,,5000,5000,1.0,3021694564,20260901,15,pottedplant,c_sign,background
,per_class,all,micro,q75,0.5681124229641522,0.5459327966325423,0.5897722093629486,85,85,85,85,,5000,5000,1.0,3021694564,20260901,15,pottedplant,c_sign,background
,per_class,all,micro,mean,0.4093746287048042,0.3926723480725961,0.42673294014125046,57,57,57,57,,5000,5000,1.0,3021694564,20260901,16,sheep,c_sign,background
,per_class,all,micro,median,0.41551776936179713,0.39686472762964276,0.4351165011721222,57,57,57,57,,5000,5000,1.0,3021694564,20260901,16,sheep,c_sign,background
,per_class,all,micro,q25,0.3451759114600064,0.32849624550721623,0.3625150684888164,57,57,57,57,,5000,5000,1.0,3021694564,20260901,16,sheep,c_sign,background
,per_class,all,micro,q75,0.47772415034603655,0.45844814079372503,0.49789239930544504,57,57,57,57,,5000,5000,1.0,3021694564,20260901,16,sheep,c_sign,background
,per_class,all,micro,mean,0.5092177370751152,0.4927518157348184,0.525153330753965,85,90,85,90,,5000,5000,1.0,3021694564,20260901,17,sofa,c_sign,background
,per_class,all,micro,median,0.5254993183647885,0.5057571703092186,0.5449938011722721,85,90,85,90,,5000,5000,1.0,3021694564,20260901,17,sofa,c_sign,background
,per_class,all,micro,q25,0.42218744684668147,0.40447037381311524,0.43953732996918804,85,90,85,90,,5000,5000,1.0,3021694564,20260901,17,sofa,c_sign,background
,per_class,all,micro,q75,0.6145639459876453,0.593174529378844,0.6363717005464686,85,90,85,90,,5000,5000,1.0,3021694564,20260901,17,sofa,c_sign,background
,per_class,all,micro,mean,0.4311034078660354,0.41855116012015026,0.44394808739241215,83,84,83,84,,5000,5000,1.0,3021694564,20260901,18,train,c_sign,background
,per_class,all,micro,median,0.44206097973398417,0.4279970010126591,0.4567015515932118,83,84,83,84,,5000,5000,1.0,3021694564,20260901,18,train,c_sign,background
,per_class,all,micro,q25,0.35125332612948246,0.3362068731849933,0.3663270069374924,83,84,83,84,,5000,5000,1.0,3021694564,20260901,18,train,c_sign,background
,per_class,all,micro,q75,0.518866349954203,0.5058691471875142,0.5323500115100973,83,84,83,84,,5000,5000,1.0,3021694564,20260901,18,train,c_sign,background
,per_class,all,micro,mean,0.49008360723545197,0.4709042396106807,0.5074490121756224,73,74,73,74,,5000,5000,1.0,3021694564,20260901,19,tvmonitor,c_sign,background
,per_class,all,micro,median,0.499645141604012,0.47707563480574927,0.520428409368882,73,74,73,74,,5000,5000,1.0,3021694564,20260901,19,tvmonitor,c_sign,background
,per_class,all,micro,q25,0.3811062592757891,0.3616621893453034,0.3983787092603219,73,74,73,74,,5000,5000,1.0,3021694564,20260901,19,tvmonitor,c_sign,background
,per_class,all,micro,q75,0.6083440747979569,0.5817848889207518,0.6342093093670859,73,74,73,74,,5000,5000,1.0,3021694564,20260901,19,tvmonitor,c_sign,background
,all_rows,all,micro,mean,0.5436126765620461,0.5261568090554252,0.5607169558241811,304,1449,464,2147,,5000,5000,1.0,3021694564,20260901,,,c_sign,mixed
,all_rows,all,micro,median,0.5448717432225059,0.5270890134351217,0.5622302742783086,304,1449,464,2147,,5000,5000,1.0,3021694564,20260901,,,c_sign,mixed
,all_rows,all,micro,q25,0.5324400040754599,0.5151289206632222,0.5494625258625879,304,1449,464,2147,,5000,5000,1.0,3021694564,20260901,,,c_sign,mixed
,all_rows,all,micro,q75,0.5564285922747362,0.5388013511697367,0.5740725142696634,304,1449,464,2147,,5000,5000,1.0,3021694564,20260901,,,c_sign,mixed
,all_rows,all,macro_class,mean,0.5231535359091584,0.5079655530885454,0.5389920397678526,304,1449,464,2147,20,5000,5000,1.0,3021694564,20260901,,,c_sign,mixed
,all_rows,all,macro_class,median,0.5242183772266783,0.50858319337155,0.540608199012922,304,1449,464,2147,20,5000,5000,1.0,3021694564,20260901,,,c_sign,mixed
,all_rows,all,macro_class,q25,0.5125319008193353,0.4972146735460991,0.5285751309691902,304,1449,464,2147,20,5000,5000,1.0,3021694564,20260901,,,c_sign,mixed
,all_rows,all,macro_class,q75,0.5352972416492697,0.5194772326932579,0.5519969902789341,304,1449,464,2147,20,5000,5000,1.0,3021694564,20260901,,,c_sign,mixed
,all_rows,single_label,micro,mean,0.50050444929855,0.47546146950971924,0.5257911043031267,179,927,179,927,,5000,5000,1.0,3021694564,20260901,,,c_sign,mixed
,all_rows,single_label,micro,median,0.5005037227239688,0.475257724531532,0.5260211629709984,179,927,179,927,,5000,5000,1.0,3021694564,20260901,,,c_sign,mixed
,all_rows,single_label,micro,q25,0.4909163394828415,0.46572282170456475,0.5166875451733832,179,927,179,927,,5000,5000,1.0,3021694564,20260901,,,c_sign,mixed
,all_rows,single_label,micro,q75,0.5109770717359455,0.4854626047486706,0.5366538618958886,179,927,179,927,,5000,5000,1.0,3021694564,20260901,,,c_sign,mixed
,all_rows,single_label,macro_class,mean,0.5080073297267086,0.48233919670084974,0.5308742401579265,179,927,179,927,19,5000,5000,1.0,3021694564,20260901,,,c_sign,mixed
,all_rows,single_label,macro_class,median,0.5076335873372165,0.4816812765146999,0.5305511729115426,179,927,179,927,19,5000,5000,1.0,3021694564,20260901,,,c_sign,mixed
,all_rows,single_label,macro_class,q25,0.4994740561252986,0.47330317203616523,0.5223281938003689,179,927,179,927,19,5000,5000,1.0,3021694564,20260901,,,c_sign,mixed
,all_rows,single_label,macro_class,q75,0.5172663145488424,0.4916807773250358,0.5402508512736747,179,927,179,927,19,5000,5000,1.0,3021694564,20260901,,,c_sign,mixed
,all_rows,exactly_2_labels,micro,mean,0.5685980861292648,0.5408074558662747,0.5970033587067322,89,375,178,750,,5000,5000,1.0,3021694564,20260901,,,c_sign,mixed
,all_rows,exactly_2_labels,micro,median,0.5700769110090946,0.5413193693462326,0.5994183670890736,89,375,178,750,,5000,5000,1.0,3021694564,20260901,,,c_sign,mixed
,all_rows,exactly_2_labels,micro,q25,0.5559533456068361,0.5279120199155578,0.5849378532855615,89,375,178,750,,5000,5000,1.0,3021694564,20260901,,,c_sign,mixed
,all_rows,exactly_2_labels,micro,q75,0.5827819205653132,0.5538411721832915,0.6125428899218082,89,375,178,750,,5000,5000,1.0,3021694564,20260901,,,c_sign,mixed
,all_rows,exactly_2_labels,macro_class,mean,0.5295282892309755,0.5062370191885487,0.5639060536529514,89,375,178,750,20,5000,5000,1.0,3021694564,20260901,,,c_sign,mixed
,all_rows,exactly_2_labels,macro_class,median,0.5307249421119142,0.5065814951353069,0.5657124506394854,89,375,178,750,20,5000,5000,1.0,3021694564,20260901,,,c_sign,mixed
,all_rows,exactly_2_labels,macro_class,q25,0.5183628273522951,0.4946610529740981,0.5518552166728119,89,375,178,750,20,5000,5000,1.0,3021694564,20260901,,,c_sign,mixed
,all_rows,exactly_2_labels,macro_class,q75,0.5418213340599618,0.5184280452585011,0.5780676597726591,89,375,178,750,20,5000,5000,1.0,3021694564,20260901,,,c_sign,mixed
,all_rows,3plus_labels,micro,mean,0.5741637959751384,0.5370451200023407,0.6111243716594019,36,147,107,470,,5000,5000,1.0,3021694564,20260901,,,c_sign,mixed
,all_rows,3plus_labels,micro,median,0.5771647881124621,0.5384026402008852,0.6157348231291946,36,147,107,470,,5000,5000,1.0,3021694564,20260901,,,c_sign,mixed
,all_rows,3plus_labels,micro,q25,0.5627891738838124,0.5262262183450025,0.5993519365621395,36,147,107,470,,5000,5000,1.0,3021694564,20260901,,,c_sign,mixed
,all_rows,3plus_labels,micro,q75,0.588624197328202,0.5474471274906307,0.6295122953560905,36,147,107,470,,5000,5000,1.0,3021694564,20260901,,,c_sign,mixed
,all_rows,3plus_labels,macro_class,mean,0.5467929549500075,0.5155685954264948,0.5962227272970422,36,147,107,470,19,5000,5000,1.0,3021694564,20260901,,,c_sign,mixed
,all_rows,3plus_labels,macro_class,median,0.5491237508999821,0.5167976845927615,0.6012906236853783,36,147,107,470,19,5000,5000,1.0,3021694564,20260901,,,c_sign,mixed
,all_rows,3plus_labels,macro_class,q25,0.5368331556622894,0.505654805590672,0.5825236459382233,36,147,107,470,19,5000,5000,1.0,3021694564,20260901,,,c_sign,mixed
,all_rows,3plus_labels,macro_class,q75,0.5593335087213827,0.5255205606429884,0.6151755315403814,36,147,107,470,19,5000,5000,1.0,3021694564,20260901,,,c_sign,mixed
,per_class,all,micro,mean,0.4399211882340788,0.3684986126905314,0.505683047032816,22,90,22,90,,5000,5000,1.0,3021694564,20260901,0,aeroplane,c_sign,mixed
,per_class,all,micro,median,0.43947146087884903,0.3679281881266815,0.5049581387651745,22,90,22,90,,5000,5000,1.0,3021694564,20260901,0,aeroplane,c_sign,mixed
,per_class,all,micro,q25,0.43098715387962083,0.3600161860269823,0.49630598571935763,22,90,22,90,,5000,5000,1.0,3021694564,20260901,0,aeroplane,c_sign,mixed
,per_class,all,micro,q75,0.44898219711401244,0.37626400279502076,0.5156558564871101,22,90,22,90,,5000,5000,1.0,3021694564,20260901,0,aeroplane,c_sign,mixed
,per_class,all,micro,mean,0.6684034185277091,0.6207117944328409,0.7149667451648336,18,79,18,79,,5000,5000,1.0,3021694564,20260901,1,bicycle,c_sign,mixed
,per_class,all,micro,median,0.6692881402042177,0.621805407512519,0.7161581842508166,18,79,18,79,,5000,5000,1.0,3021694564,20260901,1,bicycle,c_sign,mixed
,per_class,all,micro,q25,0.6595862325694826,0.6119162913735368,0.7071296459329979,18,79,18,79,,5000,5000,1.0,3021694564,20260901,1,bicycle,c_sign,mixed
,per_class,all,micro,q75,0.6782868802547455,0.6289446997047778,0.7263373562833294,18,79,18,79,,5000,5000,1.0,3021694564,20260901,1,bicycle,c_sign,mixed
,per_class,all,micro,mean,0.3593302901302065,0.30008311154586925,0.41782701801169997,14,103,14,103,,5000,5000,1.0,3021694564,20260901,2,bird,c_sign,mixed
,per_class,all,micro,median,0.3593302901302065,0.30008311154586925,0.41782701801169997,14,103,14,103,,5000,5000,1.0,3021694564,20260901,2,bird,c_sign,mixed
,per_class,all,micro,q25,0.3567911476961204,0.2987458332338267,0.41526484395532554,14,103,14,103,,5000,5000,1.0,3021694564,20260901,2,bird,c_sign,mixed
,per_class,all,micro,q75,0.36186943256429266,0.30205658711493016,0.4216915682413512,14,103,14,103,,5000,5000,1.0,3021694564,20260901,2,bird,c_sign,mixed
,per_class,all,micro,mean,0.5259117579041155,0.45667743642601843,0.5948255779339917,21,72,21,72,,5000,5000,1.0,3021694564,20260901,3,boat,c_sign,mixed
,per_class,all,micro,median,0.5272675731352398,0.45806609393407904,0.5964891518404086,21,72,21,72,,5000,5000,1.0,3021694564,20260901,3,boat,c_sign,mixed
,per_class,all,micro,q25,0.5105516804116113,0.4366374245921717,0.5846412199413559,21,72,21,72,,5000,5000,1.0,3021694564,20260901,3,boat,c_sign,mixed
,per_class,all,micro,q75,0.5425284969664755,0.4733639915074621,0.6103421439431489,21,72,21,72,,5000,5000,1.0,3021694564,20260901,3,boat,c_sign,mixed
,per_class,all,micro,mean,0.49379390268995044,0.43745815073940847,0.5538695457814767,19,96,19,96,,5000,5000,1.0,3021694564,20260901,4,bottle,c_sign,mixed
,per_class,all,micro,median,0.4950545375284396,0.43836834093289717,0.5553442851097012,19,96,19,96,,5000,5000,1.0,3021694564,20260901,4,bottle,c_sign,mixed
,per_class,all,micro,q25,0.4865480869224197,0.43020306930566826,0.545952954637466,19,96,19,96,,5000,5000,1.0,3021694564,20260901,4,bottle,c_sign,mixed
,per_class,all,micro,q75,0.5022406801581383,0.4438875944924851,0.5623428375005048,19,96,19,96,,5000,5000,1.0,3021694564,20260901,4,bottle,c_sign,mixed
,per_class,all,micro,mean,0.504098139311138,0.4635350334395965,0.5443868154014088,19,74,19,74,,5000,5000,1.0,3021694564,20260901,5,bus,c_sign,mixed
,per_class,all,micro,median,0.5063454446039701,0.46458064847840713,0.5493595792944062,19,74,19,74,,5000,5000,1.0,3021694564,20260901,5,bus,c_sign,mixed
,per_class,all,micro,q25,0.48916828789209066,0.4503696867198284,0.5270757872872055,19,74,19,74,,5000,5000,1.0,3021694564,20260901,5,bus,c_sign,mixed
,per_class,all,micro,q75,0.5195682582102323,0.4756411901023239,0.5654560699000616,19,74,19,74,,5000,5000,1.0,3021694564,20260901,5,bus,c_sign,mixed
,per_class,all,micro,mean,0.538649724110488,0.4950259536368857,0.5796071304905194,28,127,28,127,,5000,5000,1.0,3021694564,20260901,6,car,c_sign,mixed
,per_class,all,micro,median,0.54294055806739,0.49974314791357355,0.5840443618802561,28,127,28,127,,5000,5000,1.0,3021694564,20260901,6,car,c_sign,mixed
,per_class,all,micro,q25,0.5246733191556164,0.4815825916059564,0.5657576010658567,28,127,28,127,,5000,5000,1.0,3021694564,20260901,6,car,c_sign,mixed
,per_class,all,micro,q75,0.5588655674031803,0.5123329260153696,0.6020817359313172,28,127,28,127,,5000,5000,1.0,3021694564,20260901,6,car,c_sign,mixed
,per_class,all,micro,mean,0.61088509744767,0.5423411704868906,0.675901782353995,22,119,22,119,,5000,5000,1.0,3021694564,20260901,7,cat,c_sign,mixed
,per_class,all,micro,median,0.6139634451405569,0.5445560033353312,0.6786295979223012,22,119,22,119,,5000,5000,1.0,3021694564,20260901,7,cat,c_sign,mixed
,per_class,all,micro,q25,0.5905074837871573,0.5182857249328359,0.6590161101109097,22,119,22,119,,5000,5000,1.0,3021694564,20260901,7,cat,c_sign,mixed
,per_class,all,micro,q75,0.6335804403166879,0.5648609222179013,0.6983113169980546,22,119,22,119,,5000,5000,1.0,3021694564,20260901,7,cat,c_sign,mixed
,per_class,all,micro,mean,0.5391896572484766,0.492043167276225,0.5873693639385913,31,123,31,123,,5000,5000,1.0,3021694564,20260901,8,chair,c_sign,mixed
,per_class,all,micro,median,0.5424607771058236,0.4932887393049896,0.5928917770138518,31,123,31,123,,5000,5000,1.0,3021694564,20260901,8,chair,c_sign,mixed
,per_class,all,micro,q25,0.5269612842990506,0.48113102094240245,0.574216204943756,31,123,31,123,,5000,5000,1.0,3021694564,20260901,8,chair,c_sign,mixed
,per_class,all,micro,q75,0.5556538965432875,0.5044626612274442,0.6081088792161811,31,123,31,123,,5000,5000,1.0,3021694564,20260901,8,chair,c_sign,mixed
,per_class,all,micro,mean,0.33917103402125537,0.28698349584345567,0.3947865152110656,13,71,13,71,,5000,5000,1.0,3021694564,20260901,9,cow,c_sign,mixed
,per_class,all,micro,median,0.34012888830441695,0.28828590407967564,0.3950591858911018,13,71,13,71,,5000,5000,1.0,3021694564,20260901,9,cow,c_sign,mixed
,per_class,all,micro,q25,0.33658287674188614,0.2838137713599611,0.3921994722290681,13,71,13,71,,5000,5000,1.0,3021694564,20260901,9,cow,c_sign,mixed
,per_class,all,micro,q75,0.34271704577482665,0.29119067723536257,0.3967781229664316,13,71,13,71,,5000,5000,1.0,3021694564,20260901,9,cow,c_sign,mixed
,per_class,all,micro,mean,0.5592479538349878,0.4952691730614751,0.6204582075455357,21,75,21,75,,5000,5000,1.0,3021694564,20260901,10,diningtable,c_sign,mixed
,per_class,all,micro,median,0.5607129775342488,0.49709386942287287,0.6219714557568731,21,75,21,75,,5000,5000,1.0,3021694564,20260901,10,diningtable,c_sign,mixed
,per_class,all,micro,q25,0.5564347647485279,0.4917425077977149,0.6186161973208439,21,75,21,75,,5000,5000,1.0,3021694564,20260901,10,diningtable,c_sign,mixed
,per_class,all,micro,q75,0.5633388615789867,0.4993505570292473,0.6242090790063367,21,75,21,75,,5000,5000,1.0,3021694564,20260901,10,diningtable,c_sign,mixed
,per_class,all,micro,mean,0.6174394566388356,0.5730238470481709,0.6626868789295355,28,128,28,128,,5000,5000,1.0,3021694564,20260901,11,dog,c_sign,mixed
,per_class,all,micro,median,0.6177310028246471,0.5733710436203651,0.6630732225310622,28,128,28,128,,5000,5000,1.0,3021694564,20260901,11,dog,c_sign,mixed
,per_class,all,micro,q25,0.6110326269907611,0.568296474777162,0.654851712969909,28,128,28,128,,5000,5000,1.0,3021694564,20260901,11,dog,c_sign,mixed
,per_class,all,micro,q75,0.6241378321179322,0.5774396406213442,0.6717765162752449,28,128,28,128,,5000,5000,1.0,3021694564,20260901,11,dog,c_sign,mixed
,per_class,all,micro,mean,0.5987468163172404,0.5372799420838846,0.6626125785708428,15,79,15,79,,5000,5000,1.0,3021694564,20260901,12,horse,c_sign,mixed
,per_class,all,micro,median,0.5992676496505738,0.5373210661734144,0.6631045628677715,15,79,15,79,,5000,5000,1.0,3021694564,20260901,12,horse,c_sign,mixed
,per_class,all,micro,q25,0.5898103555043538,0.5317028957095585,0.6501289681827819,15,79,15,79,,5000,5000,1.0,3021694564,20260901,12,horse,c_sign,mixed
,per_class,all,micro,q75,0.6079436937967936,0.5418923848308623,0.6777318695901583,15,79,15,79,,5000,5000,1.0,3021694564,20260901,12,horse,c_sign,mixed
,per_class,all,micro,mean,0.5239709379772346,0.4415066743028109,0.6069423255821068,20,76,20,76,,5000,5000,1.0,3021694564,20260901,13,motorbike,c_sign,mixed
,per_class,all,micro,median,0.518431083112955,0.434812076231747,0.6029253411665557,20,76,20,76,,5000,5000,1.0,3021694564,20260901,13,motorbike,c_sign,mixed
,per_class,all,micro,q25,0.5063771441578865,0.42143452153319405,0.5933974082131633,20,76,20,76,,5000,5000,1.0,3021694564,20260901,13,motorbike,c_sign,mixed
,per_class,all,micro,q75,0.5387948043644428,0.4577857633786542,0.6199313798121043,20,76,20,76,,5000,5000,1.0,3021694564,20260901,13,motorbike,c_sign,mixed
,per_class,all,micro,mean,0.6071786868497899,0.5794148587600045,0.6343849894451992,98,445,98,445,,5000,5000,1.0,3021694564,20260901,14,person,c_sign,mixed
,per_class,all,micro,median,0.6083269116221642,0.5802240900434534,0.6360900533978731,98,445,98,445,,5000,5000,1.0,3021694564,20260901,14,person,c_sign,mixed
,per_class,all,micro,q25,0.594791936783158,0.5668870566404663,0.6224593075525583,98,445,98,445,,5000,5000,1.0,3021694564,20260901,14,person,c_sign,mixed
,per_class,all,micro,q75,0.6208488066889801,0.5924975655366601,0.6491562598834727,98,445,98,445,,5000,5000,1.0,3021694564,20260901,14,person,c_sign,mixed
,per_class,all,micro,mean,0.6514968776702881,0.5517529974835259,0.7542789138555527,10,85,10,85,,5000,4999,0.9998,3021694564,20260901,15,pottedplant,c_sign,mixed
,per_class,all,micro,median,0.6571056723594666,0.5558010235677163,0.7615314984694124,10,85,10,85,,5000,4999,0.9998,3021694564,20260901,15,pottedplant,c_sign,mixed
,per_class,all,micro,q25,0.6446294650435448,0.5470762485017379,0.7464339088234637,10,85,10,85,,5000,4999,0.9998,3021694564,20260901,15,pottedplant,c_sign,mixed
,per_class,all,micro,q75,0.6644815638661384,0.5605056750774383,0.7731292804703117,10,85,10,85,,5000,4999,0.9998,3021694564,20260901,15,pottedplant,c_sign,mixed
,per_class,all,micro,mean,0.3674443010321427,0.31027690505535005,0.4336911479525623,11,57,11,57,,5000,5000,1.0,3021694564,20260901,16,sheep,c_sign,mixed
,per_class,all,micro,median,0.358990608968518,0.299292073331096,0.4270337734247247,11,57,11,57,,5000,5000,1.0,3021694564,20260901,16,sheep,c_sign,mixed
,per_class,all,micro,q25,0.3518261371011084,0.2900753757140289,0.42220309083605856,11,57,11,57,,5000,5000,1.0,3021694564,20260901,16,sheep,c_sign,mixed
,per_class,all,micro,q75,0.3784993016584353,0.32198155882990076,0.44320524070411915,11,57,11,57,,5000,5000,1.0,3021694564,20260901,16,sheep,c_sign,mixed
,per_class,all,micro,mean,0.5076085286966542,0.4411088968168223,0.57105208443221,19,90,19,90,,5000,5000,1.0,3021694564,20260901,17,sofa,c_sign,mixed
,per_class,all,micro,median,0.5115380404811156,0.44211464462491373,0.5782848544828771,19,90,19,90,,5000,5000,1.0,3021694564,20260901,17,sofa,c_sign,mixed
,per_class,all,micro,q25,0.4996767573450741,0.4349453615246934,0.5602862522390389,19,90,19,90,,5000,5000,1.0,3021694564,20260901,17,sofa,c_sign,mixed
,per_class,all,micro,q75,0.5197948021324057,0.44792448714954636,0.5907547848831329,19,90,19,90,,5000,5000,1.0,3021694564,20260901,17,sofa,c_sign,mixed
,per_class,all,micro,mean,0.46829483089623625,0.4275989304722576,0.5104402563593217,18,84,18,84,,5000,5000,1.0,3021694564,20260901,18,train,c_sign,mixed
,per_class,all,micro,median,0.4710936231745614,0.42598938368726524,0.5162556194265683,18,84,18,84,,5000,5000,1.0,3021694564,20260901,18,train,c_sign,mixed
,per_class,all,micro,q25,0.45771118584606385,0.4111718814587221,0.5043103040778079,18,84,18,84,,5000,5000,1.0,3021694564,20260901,18,train,c_sign,mixed
,per_class,all,micro,q75,0.4814285962945885,0.44170746753420054,0.522208550227806,18,84,18,84,,5000,5000,1.0,3021694564,20260901,18,train,c_sign,mixed
,per_class,all,micro,mean,0.5422881186446724,0.43692385029979053,0.6403464486230197,17,74,17,74,,5000,5000,1.0,3021694564,20260901,19,tvmonitor,c_sign,mixed
,per_class,all,micro,median,0.5449188597062055,0.4368821490556002,0.6460437094932422,17,74,17,74,,5000,5000,1.0,3021694564,20260901,19,tvmonitor,c_sign,mixed
,per_class,all,micro,q25,0.5259900895111701,0.4178635657997802,0.6252452036294226,17,74,17,74,,5000,5000,1.0,3021694564,20260901,19,tvmonitor,c_sign,mixed
,per_class,all,micro,q75,0.5623836751808139,0.452978446672981,0.6630981570695128,17,74,17,74,,5000,5000,1.0,3021694564,20260901,19,tvmonitor,c_sign,mixed
,all_rows,all,micro,mean,0.525391251437647,0.5182574021761696,0.5321903950272288,520,1449,1158,2147,,5000,5000,1.0,3021694564,20260901,,,c_sign,other_fg
,all_rows,all,micro,median,0.5315825365071984,0.5237011472140918,0.5389886620644011,520,1449,1158,2147,,5000,5000,1.0,3021694564,20260901,,,c_sign,other_fg
,all_rows,all,micro,q25,0.45949827164849055,0.45208580758674316,0.46658125679587215,520,1449,1158,2147,,5000,5000,1.0,3021694564,20260901,,,c_sign,other_fg
,all_rows,all,micro,q75,0.5995891609250058,0.5911635193436087,0.6074950041680524,520,1449,1158,2147,,5000,5000,1.0,3021694564,20260901,,,c_sign,other_fg
,all_rows,all,macro_class,mean,0.5100689148083977,0.49826052957563793,0.5221643522002594,520,1449,1158,2147,20,5000,5000,1.0,3021694564,20260901,,,c_sign,other_fg
,all_rows,all,macro_class,median,0.5151344362791506,0.5017109219006177,0.528405360619069,520,1449,1158,2147,20,5000,5000,1.0,3021694564,20260901,,,c_sign,other_fg
,all_rows,all,macro_class,q25,0.44341077799740536,0.43131605622967367,0.4556760903795808,520,1449,1158,2147,20,5000,5000,1.0,3021694564,20260901,,,c_sign,other_fg
,all_rows,all,macro_class,q75,0.5838317790390262,0.5703123032205122,0.5976574575894369,520,1449,1158,2147,20,5000,5000,1.0,3021694564,20260901,,,c_sign,other_fg
,all_rows,exactly_2_labels,micro,mean,0.5272615262044106,0.5176875329297402,0.5369198758171664,373,375,695,750,,5000,5000,1.0,3021694564,20260901,,,c_sign,other_fg
,all_rows,exactly_2_labels,micro,median,0.534448343922766,0.5240820570088071,0.5450175641864304,373,375,695,750,,5000,5000,1.0,3021694564,20260901,,,c_sign,other_fg
,all_rows,exactly_2_labels,micro,q25,0.4640991436974179,0.45446085516021545,0.4738223892473188,373,375,695,750,,5000,5000,1.0,3021694564,20260901,,,c_sign,other_fg
,all_rows,exactly_2_labels,micro,q75,0.5999897887970475,0.5886585927565071,0.6111172611728782,373,375,695,750,,5000,5000,1.0,3021694564,20260901,,,c_sign,other_fg
,all_rows,exactly_2_labels,macro_class,mean,0.5128389938464633,0.497782318803047,0.5277938899234746,373,375,695,750,20,5000,5000,1.0,3021694564,20260901,,,c_sign,other_fg
,all_rows,exactly_2_labels,macro_class,median,0.5189585617951501,0.5021920654968944,0.5353857579757165,373,375,695,750,20,5000,5000,1.0,3021694564,20260901,,,c_sign,other_fg
,all_rows,exactly_2_labels,macro_class,q25,0.4490671550059003,0.43378941326343073,0.46526803402935774,373,375,695,750,20,5000,5000,1.0,3021694564,20260901,,,c_sign,other_fg
,all_rows,exactly_2_labels,macro_class,q75,0.5853122808191056,0.567926903145629,0.6025850861855678,373,375,695,750,20,5000,5000,1.0,3021694564,20260901,,,c_sign,other_fg
,all_rows,3plus_labels,micro,mean,0.522583819552331,0.5126191102300492,0.5316838481658922,147,147,463,470,,5000,5000,1.0,3021694564,20260901,,,c_sign,other_fg
,all_rows,3plus_labels,micro,median,0.5272807305594243,0.5161649699947758,0.5374624316563962,147,147,463,470,,5000,5000,1.0,3021694564,20260901,,,c_sign,other_fg
,all_rows,3plus_labels,micro,q25,0.4525919950307703,0.44178831159925136,0.4625979047952177,147,147,463,470,,5000,5000,1.0,3021694564,20260901,,,c_sign,other_fg
,all_rows,3plus_labels,micro,q75,0.598987786473453,0.586927094489863,0.6103201642393815,147,147,463,470,,5000,5000,1.0,3021694564,20260901,,,c_sign,other_fg
,all_rows,3plus_labels,macro_class,mean,0.49359609349039835,0.4795638974030432,0.5122936310056135,147,147,463,470,20,5000,5000,1.0,3021694564,20260901,,,c_sign,other_fg
,all_rows,3plus_labels,macro_class,median,0.49589642653088506,0.47775477365678043,0.5188008740100596,147,147,463,470,20,5000,5000,1.0,3021694564,20260901,,,c_sign,other_fg
,all_rows,3plus_labels,macro_class,q25,0.4251936188687463,0.4093992901284411,0.44366049519287487,147,147,463,470,20,5000,5000,1.0,3021694564,20260901,,,c_sign,other_fg
,all_rows,3plus_labels,macro_class,q75,0.5648103358590042,0.5483884533565112,0.5886142810946327,147,147,463,470,20,5000,5000,1.0,3021694564,20260901,,,c_sign,other_fg
,per_class,all,micro,mean,0.5236472542291509,0.4363866733317283,0.6019733927166677,13,90,13,90,,5000,5000,1.0,3021694564,20260901,0,aeroplane,c_sign,other_fg
,per_class,all,micro,median,0.5313339290710596,0.43284692876040937,0.6208951854209104,13,90,13,90,,5000,5000,1.0,3021694564,20260901,0,aeroplane,c_sign,other_fg
,per_class,all,micro,q25,0.47254839539527893,0.38316815905635815,0.5536523291486359,13,90,13,90,,5000,5000,1.0,3021694564,20260901,0,aeroplane,c_sign,other_fg
,per_class,all,micro,q75,0.5801366378481572,0.4775567253679037,0.671315868526165,13,90,13,90,,5000,5000,1.0,3021694564,20260901,0,aeroplane,c_sign,other_fg
,per_class,all,micro,mean,0.566299363412183,0.5309574561792811,0.599013038147592,48,79,48,79,,5000,5000,1.0,3021694564,20260901,1,bicycle,c_sign,other_fg
,per_class,all,micro,median,0.5704846091878911,0.5312965944917365,0.6065699646199924,48,79,48,79,,5000,5000,1.0,3021694564,20260901,1,bicycle,c_sign,other_fg
,per_class,all,micro,q25,0.4994457626404862,0.4664246736924079,0.5302614567739268,48,79,48,79,,5000,5000,1.0,3021694564,20260901,1,bicycle,c_sign,other_fg
,per_class,all,micro,q75,0.6385495027837654,0.5946873339131502,0.679300833137499,48,79,48,79,,5000,5000,1.0,3021694564,20260901,1,bicycle,c_sign,other_fg
,per_class,all,micro,mean,0.4628631227867387,0.41294532791601735,0.5326965956866209,9,103,9,103,,5000,5000,1.0,3021694564,20260901,2,bird,c_sign,other_fg
,per_class,all,micro,median,0.45578036705652875,0.3989734542866548,0.5306838872283696,9,103,9,103,,5000,5000,1.0,3021694564,20260901,2,bird,c_sign,other_fg
,per_class,all,micro,q25,0.38949808809492326,0.3318256686627865,0.4792185414413159,9,103,9,103,,5000,5000,1.0,3021694564,20260901,2,bird,c_sign,other_fg
,per_class,all,micro,q75,0.5210987163914574,0.45558433946222066,0.6018166723847389,9,103,9,103,,5000,5000,1.0,3021694564,20260901,2,bird,c_sign,other_fg
,per_class,all,micro,mean,0.4759541787232285,0.40786048369115663,0.5436498178508532,17,72,17,72,,5000,5000,1.0,3021694564,20260901,3,boat,c_sign,other_fg
,per_class,all,micro,median,0.476177870788995,0.4033919171947572,0.5466533156111836,17,72,17,72,,5000,5000,1.0,3021694564,20260901,3,boat,c_sign,other_fg
,per_class,all,micro,q25,0.4082937172668822,0.34142465513911757,0.4788412802843735,17,72,17,72,,5000,5000,1.0,3021694564,20260901,3,boat,c_sign,other_fg
,per_class,all,micro,q75,0.548307313638575,0.46291668633156263,0.6304841889671104,17,72,17,72,,5000,5000,1.0,3021694564,20260901,3,boat,c_sign,other_fg
,per_class,all,micro,mean,0.5351541093148344,0.5110614861074216,0.5592298641757752,60,96,60,96,,5000,5000,1.0,3021694564,20260901,4,bottle,c_sign,other_fg
,per_class,all,micro,median,0.5487703137099743,0.5207160292353866,0.5770035171015144,60,96,60,96,,5000,5000,1.0,3021694564,20260901,4,bottle,c_sign,other_fg
,per_class,all,micro,q25,0.46433389782905576,0.44103059211335444,0.4868748521694215,60,96,60,96,,5000,5000,1.0,3021694564,20260901,4,bottle,c_sign,other_fg
,per_class,all,micro,q75,0.6171880400429169,0.5843408217095042,0.6498768615788749,60,96,60,96,,5000,5000,1.0,3021694564,20260901,4,bottle,c_sign,other_fg
,per_class,all,micro,mean,0.43342241521230596,0.398879281060444,0.46777340468587303,34,74,34,74,,5000,5000,1.0,3021694564,20260901,5,bus,c_sign,other_fg
,per_class,all,micro,median,0.43141236331532984,0.39578491583028264,0.4673171031034297,34,74,34,74,,5000,5000,1.0,3021694564,20260901,5,bus,c_sign,other_fg
,per_class,all,micro,q25,0.38996246106484356,0.3602351203370528,0.4202616539668612,34,74,34,74,,5000,5000,1.0,3021694564,20260901,5,bus,c_sign,other_fg
,per_class,all,micro,q75,0.47844385487191815,0.43690593737327765,0.5202104619188184,34,74,34,74,,5000,5000,1.0,3021694564,20260901,5,bus,c_sign,other_fg
,per_class,all,micro,mean,0.51273499841404,0.4903055835943626,0.534942909335626,79,127,79,127,,5000,5000,1.0,3021694564,20260901,6,car,c_sign,other_fg
,per_class,all,micro,median,0.5219074262282516,0.49644951457660164,0.5472539894390549,79,127,79,127,,5000,5000,1.0,3021694564,20260901,6,car,c_sign,other_fg
,per_class,all,micro,q25,0.45031075618123706,0.42817931127233116,0.4719315922067811,79,127,79,127,,5000,5000,1.0,3021694564,20260901,6,car,c_sign,other_fg
,per_class,all,micro,q75,0.5826725186897984,0.5549164993901544,0.6106277959975355,79,127,79,127,,5000,5000,1.0,3021694564,20260901,6,car,c_sign,other_fg
,per_class,all,micro,mean,0.47249221498003924,0.43484486333404687,0.5088374413323677,30,119,30,119,,5000,5000,1.0,3021694564,20260901,7,cat,c_sign,other_fg
,per_class,all,micro,median,0.4686229556798935,0.4276038852608985,0.5098029211238388,30,119,30,119,,5000,5000,1.0,3021694564,20260901,7,cat,c_sign,other_fg
,per_class,all,micro,q25,0.3916163442035516,0.35323221266402727,0.43070639754927037,30,119,30,119,,5000,5000,1.0,3021694564,20260901,7,cat,c_sign,other_fg
,per_class,all,micro,q75,0.5571702974538009,0.5109585465184259,0.5997341500081379,30,119,30,119,,5000,5000,1.0,3021694564,20260901,7,cat,c_sign,other_fg
,per_class,all,micro,mean,0.5111189391253531,0.49512059813532117,0.5274250716000923,107,123,107,123,,5000,5000,1.0,3021694564,20260901,8,chair,c_sign,other_fg
,per_class,all,micro,median,0.5170079011504896,0.49838600258741045,0.5360780406754574,107,123,107,123,,5000,5000,1.0,3021694564,20260901,8,chair,c_sign,other_fg
,per_class,all,micro,q25,0.44702892562496327,0.42989184397192937,0.4646055085459108,107,123,107,123,,5000,5000,1.0,3021694564,20260901,8,chair,c_sign,other_fg
,per_class,all,micro,q75,0.5839794230795352,0.5645686544505897,0.603946276235713,107,123,107,123,,5000,5000,1.0,3021694564,20260901,8,chair,c_sign,other_fg
,per_class,all,micro,mean,0.4303659841505146,0.3624147279533896,0.499808741487687,14,71,14,71,,5000,5000,1.0,3021694564,20260901,9,cow,c_sign,other_fg
,per_class,all,micro,median,0.43777339266879217,0.36779373195022347,0.5119503393828394,14,71,14,71,,5000,5000,1.0,3021694564,20260901,9,cow,c_sign,other_fg
,per_class,all,micro,q25,0.36852371506392956,0.30506455015463685,0.43344648754654025,14,71,14,71,,5000,5000,1.0,3021694564,20260901,9,cow,c_sign,other_fg
,per_class,all,micro,q75,0.4974338955112866,0.4212722800904885,0.5763451536705431,14,71,14,71,,5000,5000,1.0,3021694564,20260901,9,cow,c_sign,other_fg
,per_class,all,micro,mean,0.5496854989939549,0.5286107769425411,0.5696592230189739,70,75,70,75,,5000,5000,1.0,3021694564,20260901,10,diningtable,c_sign,other_fg
,per_class,all,micro,median,0.5582825447831835,0.5343744002984486,0.5808058250994248,70,75,70,75,,5000,5000,1.0,3021694564,20260901,10,diningtable,c_sign,other_fg
,per_class,all,micro,q25,0.4848402010543006,0.4641037156440413,0.5051276134731977,70,75,70,75,,5000,5000,1.0,3021694564,20260901,10,diningtable,c_sign,other_fg
,per_class,all,micro,q75,0.6216563870864255,0.5950005717349933,0.6466568608808776,70,75,70,75,,5000,5000,1.0,3021694564,20260901,10,diningtable,c_sign,other_fg
,per_class,all,micro,mean,0.5743034960415537,0.5396129428307402,0.6047228720750019,43,128,43,128,,5000,5000,1.0,3021694564,20260901,11,dog,c_sign,other_fg
,per_class,all,micro,median,0.5895719465821289,0.5513372025195332,0.6234804628304992,43,128,43,128,,5000,5000,1.0,3021694564,20260901,11,dog,c_sign,other_fg
,per_class,all,micro,q25,0.5134358149628306,0.4766598672653753,0.548461982003293,43,128,43,128,,5000,5000,1.0,3021694564,20260901,11,dog,c_sign,other_fg
,per_class,all,micro,q75,0.666065264753131,0.6265427969702003,0.7007310733916129,43,128,43,128,,5000,5000,1.0,3021694564,20260901,11,dog,c_sign,other_fg
,per_class,all,micro,mean,0.5547744034537962,0.5274865082222995,0.5796222021090469,34,79,34,79,,5000,5000,1.0,3021694564,20260901,12,horse,c_sign,other_fg
,per_class,all,micro,median,0.5672911138218992,0.5379907909945976,0.5936267836334844,34,79,34,79,,5000,5000,1.0,3021694564,20260901,12,horse,c_sign,other_fg
,per_class,all,micro,q25,0.47848815843462944,0.44839062772328814,0.5064098622940632,34,79,34,79,,5000,5000,1.0,3021694564,20260901,12,horse,c_sign,other_fg
,per_class,all,micro,q75,0.6431478069109076,0.612042550471696,0.6720942853319067,34,79,34,79,,5000,5000,1.0,3021694564,20260901,12,horse,c_sign,other_fg
,per_class,all,micro,mean,0.5330651747634393,0.5081817640805485,0.5572108064592787,52,76,52,76,,5000,5000,1.0,3021694564,20260901,13,motorbike,c_sign,other_fg
,per_class,all,micro,median,0.5405598308604497,0.5137865448844704,0.566526329090704,52,76,52,76,,5000,5000,1.0,3021694564,20260901,13,motorbike,c_sign,other_fg
,per_class,all,micro,q25,0.4612544844500147,0.43417118208972016,0.48713584886476585,52,76,52,76,,5000,5000,1.0,3021694564,20260901,13,motorbike,c_sign,other_fg
,per_class,all,micro,q75,0.6133136444080335,0.5836414534726417,0.6420714183092935,52,76,52,76,,5000,5000,1.0,3021694564,20260901,13,motorbike,c_sign,other_fg
,per_class,all,micro,mean,0.5308903149327789,0.5204415222934615,0.5412442592086805,373,445,373,445,,5000,5000,1.0,3021694564,20260901,14,person,c_sign,other_fg
,per_class,all,micro,median,0.5366901877578398,0.5253127669478389,0.5482075331020104,373,445,373,445,,5000,5000,1.0,3021694564,20260901,14,person,c_sign,other_fg
,per_class,all,micro,q25,0.4648762763884847,0.45391834054243013,0.47577145224094375,373,445,373,445,,5000,5000,1.0,3021694564,20260901,14,person,c_sign,other_fg
,per_class,all,micro,q75,0.6040026230422965,0.5923952364996912,0.6158703675528321,373,445,373,445,,5000,5000,1.0,3021694564,20260901,14,person,c_sign,other_fg
,per_class,all,micro,mean,0.5170713769416752,0.48728028452834604,0.5466114323745779,60,85,60,85,,5000,5000,1.0,3021694564,20260901,15,pottedplant,c_sign,other_fg
,per_class,all,micro,median,0.5208061707516511,0.4868711823912736,0.5554056867308984,60,85,60,85,,5000,5000,1.0,3021694564,20260901,15,pottedplant,c_sign,other_fg
,per_class,all,micro,q25,0.4524391713241736,0.42081093858783486,0.4836785314319234,60,85,60,85,,5000,5000,1.0,3021694564,20260901,15,pottedplant,c_sign,other_fg
,per_class,all,micro,q75,0.5891715532789628,0.5546538749645441,0.6231317254289638,60,85,60,85,,5000,5000,1.0,3021694564,20260901,15,pottedplant,c_sign,other_fg
,per_class,all,micro,mean,0.46575866578349706,0.3120623888892626,0.5891700255135313,5,57,5,57,,5000,4971,0.9942,3021694564,20260901,16,sheep,c_sign,other_fg
,per_class,all,micro,median,0.4750236511230469,0.2983286529779434,0.6301725059747696,5,57,5,57,,5000,4971,0.9942,3021694564,20260901,16,sheep,c_sign,other_fg
,per_class,all,micro,q25,0.39571518898010255,0.24020518362522125,0.5234997549227306,5,57,5,57,,5000,4971,0.9942,3021694564,20260901,16,sheep,c_sign,other_fg
,per_class,all,micro,q75,0.5380592703819275,0.37507927417755127,0.6874602138996124,5,57,5,57,,5000,4971,0.9942,3021694564,20260901,16,sheep,c_sign,other_fg
,per_class,all,micro,mean,0.556357298905417,0.5319665291548844,0.5799955260760283,63,90,63,90,,5000,5000,1.0,3021694564,20260901,17,sofa,c_sign,other_fg
,per_class,all,micro,median,0.5629165347606416,0.5360394691389341,0.5897535505920872,63,90,63,90,,5000,5000,1.0,3021694564,20260901,17,sofa,c_sign,other_fg
,per_class,all,micro,q25,0.4940790481392353,0.47031611011836905,0.5180367971589761,63,90,63,90,,5000,5000,1.0,3021694564,20260901,17,sofa,c_sign,other_fg
,per_class,all,micro,q75,0.6335599719295426,0.6032423729067444,0.6626475207226092,63,90,63,90,,5000,5000,1.0,3021694564,20260901,17,sofa,c_sign,other_fg
,per_class,all,micro,mean,0.48503489944772155,0.4221073648128181,0.550236387554519,10,84,10,84,,5000,5000,1.0,3021694564,20260901,18,train,c_sign,other_fg
,per_class,all,micro,median,0.4838003158569336,0.4042591736039945,0.5658772701876503,10,84,10,84,,5000,5000,1.0,3021694564,20260901,18,train,c_sign,other_fg
,per_class,all,micro,q25,0.40573335289955137,0.3348442203675707,0.4751516110884646,10,84,10,84,,5000,5000,1.0,3021694564,20260901,18,train,c_sign,other_fg
,per_class,all,micro,q75,0.5761686444282532,0.49681654529025154,0.6569347789138555,10,84,10,84,,5000,5000,1.0,3021694564,20260901,18,train,c_sign,other_fg
,per_class,all,micro,mean,0.5103845865557298,0.4770746234688011,0.5428488679198806,37,74,37,74,,5000,5000,1.0,3021694564,20260901,19,tvmonitor,c_sign,other_fg
,per_class,all,micro,median,0.5084753004280297,0.47252830617129804,0.5437449506121791,37,74,37,74,,5000,5000,1.0,3021694564,20260901,19,tvmonitor,c_sign,other_fg
,per_class,all,micro,q25,0.43579179994963313,0.40446205980209415,0.4672344914696638,37,74,37,74,,5000,5000,1.0,3021694564,20260901,19,tvmonitor,c_sign,other_fg
,per_class,all,micro,q75,0.58651021424983,0.5458603890989685,0.6264031527298973,37,74,37,74,,5000,5000,1.0,3021694564,20260901,19,tvmonitor,c_sign,other_fg
,all_rows,all,micro,mean,0.5260082867191643,0.5204070548201549,0.5315603183623626,1441,1449,2031,2147,,5000,5000,1.0,3021694564,20260901,,,c_sign,target
,all_rows,all,micro,median,0.5367913847190298,0.5305878245060341,0.5428020580432662,1441,1449,2031,2147,,5000,5000,1.0,3021694564,20260901,,,c_sign,target
,all_rows,all,micro,q25,0.4595464855526055,0.4539570952375705,0.4653071848129236,1441,1449,2031,2147,,5000,5000,1.0,3021694564,20260901,,,c_sign,target
,all_rows,all,micro,q75,0.6052246921421095,0.5987364909056998,0.6114703522487448,1441,1449,2031,2147,,5000,5000,1.0,3021694564,20260901,,,c_sign,target
,all_rows,all,macro_class,mean,0.5044207318318227,0.5002680149124945,0.5086970095657558,1441,1449,2031,2147,20,5000,5000,1.0,3021694564,20260901,,,c_sign,target
,all_rows,all,macro_class,median,0.5135313709390676,0.508891526952973,0.5182083173597056,1441,1449,2031,2147,20,5000,5000,1.0,3021694564,20260901,,,c_sign,target
,all_rows,all,macro_class,q25,0.4403701858315513,0.43573101815466225,0.44503826423616033,1441,1449,2031,2147,20,5000,5000,1.0,3021694564,20260901,,,c_sign,target
,all_rows,all,macro_class,q75,0.5793298371499837,0.574673717337273,0.5842029903316712,1441,1449,2031,2147,20,5000,5000,1.0,3021694564,20260901,,,c_sign,target
,all_rows,single_label,micro,mean,0.49756174026249406,0.48880314492916815,0.5063941164076198,921,927,921,927,,5000,5000,1.0,3021694564,20260901,,,c_sign,target
,all_rows,single_label,micro,median,0.5108824896420899,0.501084969667037,0.520664824868013,921,927,921,927,,5000,5000,1.0,3021694564,20260901,,,c_sign,target
,all_rows,single_label,micro,q25,0.4279293026411087,0.4192136749338648,0.4368103951506808,921,927,921,927,,5000,5000,1.0,3021694564,20260901,,,c_sign,target
,all_rows,single_label,micro,q75,0.5814402244305572,0.5710151861271413,0.5917477508012841,921,927,921,927,,5000,5000,1.0,3021694564,20260901,,,c_sign,target
,all_rows,single_label,macro_class,mean,0.5010137985774714,0.49434496015427887,0.5075488221998343,921,927,921,927,20,5000,5000,1.0,3021694564,20260901,,,c_sign,target
,all_rows,single_label,macro_class,median,0.513866523711866,0.506325229485707,0.5211459909242896,921,927,921,927,20,5000,5000,1.0,3021694564,20260901,,,c_sign,target
,all_rows,single_label,macro_class,q25,0.4306262086807773,0.42278192710929074,0.4381096374351803,921,927,921,927,20,5000,5000,1.0,3021694564,20260901,,,c_sign,target
,all_rows,single_label,macro_class,q75,0.586228016822621,0.5786402630119117,0.5936454975396002,921,927,921,927,20,5000,5000,1.0,3021694564,20260901,,,c_sign,target
,all_rows,exactly_2_labels,micro,mean,0.5529809600994657,0.5444233895776006,0.561264065573029,373,375,695,750,,5000,5000,1.0,3021694564,20260901,,,c_sign,target
,all_rows,exactly_2_labels,micro,median,0.5633533138915789,0.5540826938715815,0.5725100702650678,373,375,695,750,,5000,5000,1.0,3021694564,20260901,,,c_sign,target
,all_rows,exactly_2_labels,micro,q25,0.48636064861210987,0.4773754728096398,0.4952573630463096,373,375,695,750,,5000,5000,1.0,3021694564,20260901,,,c_sign,target
,all_rows,exactly_2_labels,micro,q75,0.6326223237855401,0.623118088355608,0.6419240448750227,373,375,695,750,,5000,5000,1.0,3021694564,20260901,,,c_sign,target
,all_rows,exactly_2_labels,macro_class,mean,0.5126101173269997,0.5033278360062592,0.5222467188964867,373,375,695,750,20,5000,5000,1.0,3021694564,20260901,,,c_sign,target
,all_rows,exactly_2_labels,macro_class,median,0.5182878202703882,0.5086492561352085,0.5282830826236597,373,375,695,750,20,5000,5000,1.0,3021694564,20260901,,,c_sign,target
,all_rows,exactly_2_labels,macro_class,q25,0.44867870708859864,0.439544782945582,0.45859157711367377,373,375,695,750,20,5000,5000,1.0,3021694564,20260901,,,c_sign,target
,all_rows,exactly_2_labels,macro_class,q75,0.5854625231570683,0.574010693317666,0.5972534331405841,373,375,695,750,20,5000,5000,1.0,3021694564,20260901,,,c_sign,target
,all_rows,3plus_labels,micro,mean,0.5439679524716545,0.534019336171852,0.5533569814787663,147,147,415,470,,5000,5000,1.0,3021694564,20260901,,,c_sign,target
,all_rows,3plus_labels,micro,median,0.5498071716851499,0.5390275711172251,0.5599985635793654,147,147,415,470,,5000,5000,1.0,3021694564,20260901,,,c_sign,target
,all_rows,3plus_labels,micro,q25,0.4848081292517214,0.47428979474008826,0.4949772354525076,147,147,415,470,,5000,5000,1.0,3021694564,20260901,,,c_sign,target
,all_rows,3plus_labels,micro,q75,0.6121262361665806,0.600761642759562,0.6230044836406926,147,147,415,470,,5000,5000,1.0,3021694564,20260901,,,c_sign,target
,all_rows,3plus_labels,macro_class,mean,0.5222656224993092,0.506054361061341,0.5412383147375637,147,147,415,470,19,5000,5000,1.0,3021694564,20260901,,,c_sign,target
,all_rows,3plus_labels,macro_class,median,0.5282891680499325,0.5114929320505993,0.5484441302455054,147,147,415,470,19,5000,5000,1.0,3021694564,20260901,,,c_sign,target
,all_rows,3plus_labels,macro_class,q25,0.4712012300539036,0.4548519649107381,0.48845083956871765,147,147,415,470,19,5000,5000,1.0,3021694564,20260901,,,c_sign,target
,all_rows,3plus_labels,macro_class,q75,0.5798057776312772,0.5618395675509369,0.602721034112598,147,147,415,470,19,5000,5000,1.0,3021694564,20260901,,,c_sign,target
,per_class,all,micro,mean,0.42990317616131185,0.4114649225445063,0.447363859802081,87,90,87,90,,5000,5000,1.0,3021694564,20260901,0,aeroplane,c_sign,target
,per_class,all,micro,median,0.43466639878420993,0.41583468481546676,0.45251038572444435,87,90,87,90,,5000,5000,1.0,3021694564,20260901,0,aeroplane,c_sign,target
,per_class,all,micro,q25,0.3762923786309601,0.35781036721487697,0.393446198441236,87,90,87,90,,5000,5000,1.0,3021694564,20260901,0,aeroplane,c_sign,target
,per_class,all,micro,q75,0.4917634979489891,0.4717142616214803,0.511024160633923,87,90,87,90,,5000,5000,1.0,3021694564,20260901,0,aeroplane,c_sign,target
,per_class,all,micro,mean,0.6311548872580406,0.6112996944686317,0.6511024501840511,71,79,71,79,,5000,5000,1.0,3021694564,20260901,1,bicycle,c_sign,target
,per_class,all,micro,median,0.6458041495840314,0.6233334495876922,0.6683041141548672,71,79,71,79,,5000,5000,1.0,3021694564,20260901,1,bicycle,c_sign,target
,per_class,all,micro,q25,0.5586485425141495,0.5347480402220479,0.583496296685189,71,79,71,79,,5000,5000,1.0,3021694564,20260901,1,bicycle,c_sign,target
,per_class,all,micro,q75,0.7182576104368962,0.6952860946104659,0.7391991740860621,71,79,71,79,,5000,5000,1.0,3021694564,20260901,1,bicycle,c_sign,target
,per_class,all,micro,mean,0.39714440774628,0.3775294298155605,0.416889233862322,99,103,99,103,,5000,5000,1.0,3021694564,20260901,2,bird,c_sign,target
,per_class,all,micro,median,0.3883754401796996,0.3666805635420081,0.41022789643918817,99,103,99,103,,5000,5000,1.0,3021694564,20260901,2,bird,c_sign,target
,per_class,all,micro,q25,0.3030791900901481,0.2846887830944037,0.3217603466093388,99,103,99,103,,5000,5000,1.0,3021694564,20260901,2,bird,c_sign,target
,per_class,all,micro,q75,0.4833579636884458,0.4590398645363454,0.5080576069205999,99,103,99,103,,5000,5000,1.0,3021694564,20260901,2,bird,c_sign,target
,per_class,all,micro,mean,0.4763446870813461,0.4428371141202428,0.5110970536018125,69,72,69,72,,5000,5000,1.0,3021694564,20260901,3,boat,c_sign,target
,per_class,all,micro,median,0.4832692498314208,0.44618903054942954,0.5213532476989019,69,72,69,72,,5000,5000,1.0,3021694564,20260901,3,boat,c_sign,target
,per_class,all,micro,q25,0.40318711641905963,0.3670872616762528,0.4400765502152789,69,72,69,72,,5000,5000,1.0,3021694564,20260901,3,boat,c_sign,target
,per_class,all,micro,q75,0.5527634570995966,0.5156445936053334,0.5905254614758579,69,72,69,72,,5000,5000,1.0,3021694564,20260901,3,boat,c_sign,target
,per_class,all,micro,mean,0.46640638331966694,0.4451409507936242,0.48799362158045684,87,96,87,96,,5000,5000,1.0,3021694564,20260901,4,bottle,c_sign,target
,per_class,all,micro,median,0.46509252942499074,0.44219549905576594,0.4887954824600888,87,96,87,96,,5000,5000,1.0,3021694564,20260901,4,bottle,c_sign,target
,per_class,all,micro,q25,0.3922702996809592,0.36973751792790027,0.41547452427034776,87,96,87,96,,5000,5000,1.0,3021694564,20260901,4,bottle,c_sign,target
,per_class,all,micro,q75,0.5399085444280471,0.5154609741181104,0.564995907708689,87,96,87,96,,5000,5000,1.0,3021694564,20260901,4,bottle,c_sign,target
,per_class,all,micro,mean,0.4536309430552511,0.4381557637400175,0.47029041190126736,73,74,73,74,,5000,5000,1.0,3021694564,20260901,5,bus,c_sign,target
,per_class,all,micro,median,0.46339349611981273,0.4479016189242415,0.4797298891857399,73,74,73,74,,5000,5000,1.0,3021694564,20260901,5,bus,c_sign,target
,per_class,all,micro,q25,0.39964540690591893,0.3828527159580629,0.4166327306390449,73,74,73,74,,5000,5000,1.0,3021694564,20260901,5,bus,c_sign,target
,per_class,all,micro,q75,0.520966243764309,0.5045565867447117,0.5387152950912882,73,74,73,74,,5000,5000,1.0,3021694564,20260901,5,bus,c_sign,target
,per_class,all,micro,mean,0.5046681962919759,0.4937800099607097,0.5161123825955563,113,127,113,127,,5000,5000,1.0,3021694564,20260901,6,car,c_sign,target
,per_class,all,micro,median,0.5189745610794135,0.506555920026196,0.5320754299718187,113,127,113,127,,5000,5000,1.0,3021694564,20260901,6,car,c_sign,target
,per_class,all,micro,q25,0.44768822687653315,0.43702561636486736,0.459076871570617,113,127,113,127,,5000,5000,1.0,3021694564,20260901,6,car,c_sign,target
,per_class,all,micro,q75,0.5748142115442099,0.5593080004663538,0.5914826749924719,113,127,113,127,,5000,5000,1.0,3021694564,20260901,6,car,c_sign,target
,per_class,all,micro,mean,0.6575167290486033,0.6416945330398717,0.6724514185036076,119,119,119,119,,5000,5000,1.0,3021694564,20260901,7,cat,c_sign,target
,per_class,all,micro,median,0.6976836291180939,0.6788387248370827,0.7153856519077506,119,119,119,119,,5000,5000,1.0,3021694564,20260901,7,cat,c_sign,target
,per_class,all,micro,q25,0.5853042871135623,0.566408352380102,0.6043125995708739,119,119,119,119,,5000,5000,1.0,3021694564,20260901,7,cat,c_sign,target
,per_class,all,micro,q75,0.7695845102562624,0.7519367488742876,0.7858330717419877,119,119,119,119,,5000,5000,1.0,3021694564,20260901,7,cat,c_sign,target
,per_class,all,micro,mean,0.4607053611206341,0.445959286267134,0.47541883261475726,112,123,112,123,,5000,5000,1.0,3021694564,20260901,8,chair,c_sign,target
,per_class,all,micro,median,0.4538092211421047,0.4387493911903073,0.46913581947215316,112,123,112,123,,5000,5000,1.0,3021694564,20260901,8,chair,c_sign,target
,per_class,all,micro,q25,0.40100754371711184,0.38701859534904814,0.41527991168109235,112,123,112,123,,5000,5000,1.0,3021694564,20260901,8,chair,c_sign,target
,per_class,all,micro,q75,0.5197499320576233,0.5016287540331132,0.5383037487024703,112,123,112,123,,5000,5000,1.0,3021694564,20260901,8,chair,c_sign,target
,per_class,all,micro,mean,0.317203067719527,0.30718183939537785,0.32780485143916605,71,71,71,71,,5000,5000,1.0,3021694564,20260901,9,cow,c_sign,target
,per_class,all,micro,median,0.3157606161606144,0.3062960886409585,0.3259535432071753,71,71,71,71,,5000,5000,1.0,3021694564,20260901,9,cow,c_sign,target
,per_class,all,micro,q25,0.2786649744170652,0.26854790572837833,0.2894767657827429,71,71,71,71,,5000,5000,1.0,3021694564,20260901,9,cow,c_sign,target
,per_class,all,micro,q75,0.3535924402760788,0.34297312942241703,0.36475522204656413,71,71,71,71,,5000,5000,1.0,3021694564,20260901,9,cow,c_sign,target
,per_class,all,micro,mean,0.5076622172198121,0.4908635837371265,0.5236367024577581,73,75,73,75,,5000,5000,1.0,3021694564,20260901,10,diningtable,c_sign,target
,per_class,all,micro,median,0.5097804573709017,0.491203797457037,0.5276257166297486,73,75,73,75,,5000,5000,1.0,3021694564,20260901,10,diningtable,c_sign,target
,per_class,all,micro,q25,0.4354794653107042,0.4183764376520935,0.4522741979950418,73,75,73,75,,5000,5000,1.0,3021694564,20260901,10,diningtable,c_sign,target
,per_class,all,micro,q75,0.5843579934476173,0.5610889928539593,0.6067160055869155,73,75,73,75,,5000,5000,1.0,3021694564,20260901,10,diningtable,c_sign,target
,per_class,all,micro,mean,0.5841176213366824,0.568015221544165,0.5996743294073855,128,128,128,128,,5000,5000,1.0,3021694564,20260901,11,dog,c_sign,target
,per_class,all,micro,median,0.5972621677210554,0.5795424605283188,0.6141454797383631,128,128,128,128,,5000,5000,1.0,3021694564,20260901,11,dog,c_sign,target
,per_class,all,micro,q25,0.5162513275863603,0.49762255467649086,0.5340728774797754,128,128,128,128,,5000,5000,1.0,3021694564,20260901,11,dog,c_sign,target
,per_class,all,micro,q75,0.6703782628756016,0.6541540108126356,0.6863544886262389,128,128,128,128,,5000,5000,1.0,3021694564,20260901,11,dog,c_sign,target
,per_class,all,micro,mean,0.5017342516782946,0.4848927680607756,0.5180482950107218,77,79,77,79,,5000,5000,1.0,3021694564,20260901,12,horse,c_sign,target
,per_class,all,micro,median,0.5073996035309581,0.4896630270572889,0.5244715150694053,77,79,77,79,,5000,5000,1.0,3021694564,20260901,12,horse,c_sign,target
,per_class,all,micro,q25,0.45110420708532456,0.43268525600841823,0.4684496696690073,77,79,77,79,,5000,5000,1.0,3021694564,20260901,12,horse,c_sign,target
,per_class,all,micro,q75,0.5583141729622693,0.5412599154031621,0.5752510535960588,77,79,77,79,,5000,5000,1.0,3021694564,20260901,12,horse,c_sign,target
,per_class,all,micro,mean,0.45698336384134935,0.43693769799821297,0.47663287096082874,75,76,75,76,,5000,5000,1.0,3021694564,20260901,13,motorbike,c_sign,target
,per_class,all,micro,median,0.46094435731569927,0.43843219028481123,0.4835024010693948,75,76,75,76,,5000,5000,1.0,3021694564,20260901,13,motorbike,c_sign,target
,per_class,all,micro,q25,0.37316799332698186,0.35312032542570515,0.39335606127453815,75,76,75,76,,5000,5000,1.0,3021694564,20260901,13,motorbike,c_sign,target
,per_class,all,micro,q75,0.542350978354613,0.5187630728848284,0.5656650803404281,75,76,75,76,,5000,5000,1.0,3021694564,20260901,13,motorbike,c_sign,target
,per_class,all,micro,mean,0.6146827753862393,0.6071870433385379,0.6221925993151318,413,445,413,445,,5000,5000,1.0,3021694564,20260901,14,person,c_sign,target
,per_class,all,micro,median,0.6323455961254261,0.6235676769387805,0.6412134261874886,413,445,413,445,,5000,5000,1.0,3021694564,20260901,14,person,c_sign,target
,per_class,all,micro,q25,0.5391671640694718,0.5312571422664075,0.5471011539401782,413,445,413,445,,5000,5000,1.0,3021694564,20260901,14,person,c_sign,target
,per_class,all,micro,q75,0.7102748227483857,0.7005927226512663,0.720017013352122,413,445,413,445,,5000,5000,1.0,3021694564,20260901,14,person,c_sign,target
,per_class,all,micro,mean,0.6084045507476546,0.5834215005453105,0.6339683848810379,68,85,68,85,,5000,5000,1.0,3021694564,20260901,15,pottedplant,c_sign,target
,per_class,all,micro,median,0.6254993177512113,0.5964458660256273,0.6548490870198278,68,85,68,85,,5000,5000,1.0,3021694564,20260901,15,pottedplant,c_sign,target
,per_class,all,micro,q25,0.5471696518361568,0.5188851722795066,0.5756827832549384,68,85,68,85,,5000,5000,1.0,3021694564,20260901,15,pottedplant,c_sign,target
,per_class,all,micro,q75,0.6890611021834261,0.6593245287861896,0.7183677159286526,68,85,68,85,,5000,5000,1.0,3021694564,20260901,15,pottedplant,c_sign,target
,per_class,all,micro,mean,0.3772548077604963,0.3616775103447781,0.39264322320201606,57,57,57,57,,5000,5000,1.0,3021694564,20260901,16,sheep,c_sign,target
,per_class,all,micro,median,0.38047907998164493,0.3632428884212124,0.39702586836197923,57,57,57,57,,5000,5000,1.0,3021694564,20260901,16,sheep,c_sign,target
,per_class,all,micro,q25,0.3313147038744207,0.3146177743022379,0.3475484930730441,57,57,57,57,,5000,5000,1.0,3021694564,20260901,16,sheep,c_sign,target
,per_class,all,micro,q75,0.42377617863709466,0.406686885935957,0.44054033030804834,57,57,57,57,,5000,5000,1.0,3021694564,20260901,16,sheep,c_sign,target
,per_class,all,micro,mean,0.5632620198695377,0.5423617934734958,0.5841225235341966,88,90,88,90,,5000,5000,1.0,3021694564,20260901,17,sofa,c_sign,target
,per_class,all,micro,median,0.5744280649179762,0.5521604041749945,0.5973475795673594,88,90,88,90,,5000,5000,1.0,3021694564,20260901,17,sofa,c_sign,target
,per_class,all,micro,q25,0.5076633094894615,0.48599075747068327,0.5297122392265332,88,90,88,90,,5000,5000,1.0,3021694564,20260901,17,sofa,c_sign,target
,per_class,all,micro,q75,0.6375347784805027,0.6140715688078182,0.6611928969352608,88,90,88,90,,5000,5000,1.0,3021694564,20260901,17,sofa,c_sign,target
,per_class,all,micro,mean,0.4390603285456363,0.42628482333252915,0.4521437281425006,84,84,84,84,,5000,5000,1.0,3021694564,20260901,18,train,c_sign,target
,per_class,all,micro,median,0.4454482724624021,0.4316235505709691,0.45949243897394765,84,84,84,84,,5000,5000,1.0,3021694564,20260901,18,train,c_sign,target
,per_class,all,micro,q25,0.3821981909374396,0.36770922899290565,0.3966786980340701,84,84,84,84,,5000,5000,1.0,3021694564,20260901,18,train,c_sign,target
,per_class,all,micro,q75,0.5014919176520336,0.4884421671385921,0.5150211416517517,84,84,84,84,,5000,5000,1.0,3021694564,20260901,18,train,c_sign,target
,per_class,all,micro,mean,0.6405748614481155,0.6167883699733722,0.6641838186705943,67,74,67,74,,5000,5000,1.0,3021694564,20260901,19,tvmonitor,c_sign,target
,per_class,all,micro,median,0.6702112101796848,0.6399957012007202,0.6997428155803364,67,74,67,74,,5000,5000,1.0,3021694564,20260901,19,tvmonitor,c_sign,target
,per_class,all,micro,q25,0.5780997367492363,0.5471147692707531,0.6092285691017444,67,74,67,74,,5000,5000,1.0,3021694564,20260901,19,tvmonitor,c_sign,target
,per_class,all,micro,q75,0.7442981241576707,0.7194721321032472,0.7688793920797072,67,74,67,74,,5000,5000,1.0,3021694564,20260901,19,tvmonitor,c_sign,target
,all_rows,all,micro,mean,0.053282791264984926,0.047548082918986476,0.05898874683643836,1424,1449,2004,2147,,5000,5000,1.0,3021694564,20260901,,,c_sign,target_minus_background
,all_rows,all,macro_class,mean,0.04116657950017897,0.03644686926742917,0.04580239416161746,1424,1449,2004,2147,20,5000,5000,1.0,3021694564,20260901,,,c_sign,target_minus_background
,all_rows,single_label,micro,mean,0.06488174733893938,0.055662105447613734,0.07397771413216313,912,927,912,927,,5000,5000,1.0,3021694564,20260901,,,c_sign,target_minus_background
,all_rows,single_label,macro_class,mean,0.06246255099036361,0.05436098022957689,0.07018725525413909,912,927,912,927,20,5000,5000,1.0,3021694564,20260901,,,c_sign,target_minus_background
,all_rows,exactly_2_labels,micro,mean,0.048989345931728205,0.03975942899940699,0.0581720006890211,367,375,683,750,,5000,5000,1.0,3021694564,20260901,,,c_sign,target_minus_background
,all_rows,exactly_2_labels,macro_class,mean,0.022394993565547822,0.012988340008681933,0.032227557358520106,367,375,683,750,20,5000,5000,1.0,3021694564,20260901,,,c_sign,target_minus_background
,all_rows,3plus_labels,micro,mean,0.034588843155370926,0.02375363674519947,0.04538875337408876,145,147,409,470,,5000,5000,1.0,3021694564,20260901,,,c_sign,target_minus_background
,all_rows,3plus_labels,macro_class,mean,0.020382339291864084,0.004147820486860126,0.039202800871564754,145,147,409,470,19,5000,5000,1.0,3021694564,20260901,,,c_sign,target_minus_background
,per_class,all,micro,mean,0.0375125331001045,0.02057986132164045,0.05454151438415799,87,90,87,90,,5000,5000,1.0,3021694564,20260901,0,aeroplane,c_sign,target_minus_background
,per_class,all,micro,mean,0.12147000015731282,0.1005696258385775,0.14218326470920895,71,79,71,79,,5000,5000,1.0,3021694564,20260901,1,bicycle,c_sign,target_minus_background
,per_class,all,micro,mean,-0.01310057330423236,-0.034999278787261175,0.008504597732607484,99,103,99,103,,5000,5000,1.0,3021694564,20260901,2,bird,c_sign,target_minus_background
,per_class,all,micro,mean,0.024111438866464236,-0.0050260189602312775,0.05217495350232199,69,72,69,72,,5000,5000,1.0,3021694564,20260901,3,boat,c_sign,target_minus_background
,per_class,all,micro,mean,0.05570500575150382,0.03055115125929806,0.0814212362019698,84,96,84,96,,5000,5000,1.0,3021694564,20260901,4,bottle,c_sign,target_minus_background
,per_class,all,micro,mean,-0.037286532706437295,-0.054061262609976755,-0.02079607658668873,73,74,73,74,,5000,5000,1.0,3021694564,20260901,5,bus,c_sign,target_minus_background
,per_class,all,micro,mean,-0.004375477524877474,-0.02170558594804392,0.013634954448324287,113,127,113,127,,5000,5000,1.0,3021694564,20260901,6,car,c_sign,target_minus_background
,per_class,all,micro,mean,0.2425342161880853,0.21740669815579058,0.2674224336897464,113,119,113,119,,5000,5000,1.0,3021694564,20260901,7,cat,c_sign,target_minus_background
,per_class,all,micro,mean,0.006023297170200238,-0.009496509716250531,0.021919285019169524,111,123,111,123,,5000,5000,1.0,3021694564,20260901,8,chair,c_sign,target_minus_background
,per_class,all,micro,mean,-0.06754056700150449,-0.08956515720107273,-0.046289053861876525,71,71,71,71,,5000,5000,1.0,3021694564,20260901,9,cow,c_sign,target_minus_background
,per_class,all,micro,mean,0.022849973055196617,0.006051103313535386,0.03842915456754858,71,75,71,75,,5000,5000,1.0,3021694564,20260901,10,diningtable,c_sign,target_minus_background
,per_class,all,micro,mean,0.04585354394239158,0.02678738095137576,0.06549623038673648,124,128,124,128,,5000,5000,1.0,3021694564,20260901,11,dog,c_sign,target_minus_background
,per_class,all,micro,mean,0.0521770576160314,0.03549772942092299,0.06923580219201227,77,79,77,79,,5000,5000,1.0,3021694564,20260901,12,horse,c_sign,target_minus_background
,per_class,all,micro,mean,-0.07807395991381647,-0.10043927733669665,-0.05643536061355698,75,76,75,76,,5000,5000,1.0,3021694564,20260901,13,motorbike,c_sign,target_minus_background
,per_class,all,micro,mean,0.10262402217044994,0.09169685888225071,0.11364077601735896,409,445,409,445,,5000,5000,1.0,3021694564,20260901,14,person,c_sign,target_minus_background
,per_class,all,micro,mean,0.1298352350936398,0.10084585032572582,0.16028578968662324,68,85,68,85,,5000,5000,1.0,3021694564,20260901,15,pottedplant,c_sign,target_minus_background
,per_class,all,micro,mean,-0.03211982094430779,-0.049760306242127475,-0.01488181021076168,57,57,57,57,,5000,5000,1.0,3021694564,20260901,16,sheep,c_sign,target_minus_background
,per_class,all,micro,mean,0.05875621182590811,0.03952406702451906,0.0784107144649305,83,90,83,90,,5000,5000,1.0,3021694564,20260901,17,sofa,c_sign,target_minus_background
,per_class,all,micro,mean,0.008384003486075651,-0.003729343067577112,0.02070716828544539,83,84,83,84,,5000,5000,1.0,3021694564,20260901,18,train,c_sign,target_minus_background
,per_class,all,micro,mean,0.14799198297539132,0.12387964754458564,0.172838696633877,66,74,66,74,,5000,5000,1.0,3021694564,20260901,19,tvmonitor,c_sign,target_minus_background
,all_rows,all,micro,mean,0.019444822838570543,0.015485528945402505,0.02362102924455148,462,1449,1052,2147,,5000,5000,1.0,3021694564,20260901,,,c_sign,target_minus_other_fg
,all_rows,all,macro_class,mean,-0.005689655437584104,-0.018276481835325025,0.0072871845719899506,462,1449,1052,2147,20,5000,5000,1.0,3021694564,20260901,,,c_sign,target_minus_other_fg
,all_rows,exactly_2_labels,micro,mean,0.021593793569206363,0.016519192610001565,0.027413687200594068,322,375,644,750,,5000,5000,1.0,3021694564,20260901,,,c_sign,target_minus_other_fg
,all_rows,exactly_2_labels,macro_class,mean,-0.008027242308811107,-0.023536580009623272,0.008427880908581088,322,375,644,750,20,5000,5000,1.0,3021694564,20260901,,,c_sign,target_minus_other_fg
,all_rows,3plus_labels,micro,mean,0.016052820018645383,0.009764732522849612,0.022644092218154877,140,147,408,470,,5000,5000,1.0,3021694564,20260901,,,c_sign,target_minus_other_fg
,all_rows,3plus_labels,macro_class,mean,0.01937428221404547,-0.0012804575693013266,0.034755723842583026,140,147,408,470,19,5000,5000,1.0,3021694564,20260901,,,c_sign,target_minus_other_fg
,per_class,all,micro,mean,-0.02220061054126707,-0.1108941347435983,0.07297602462987843,12,90,12,90,,5000,5000,1.0,3021694564,20260901,0,aeroplane,c_sign,target_minus_other_fg
,per_class,all,micro,mean,0.06425647008587207,0.027158986433647895,0.10170919859181482,41,79,41,79,,5000,5000,1.0,3021694564,20260901,1,bicycle,c_sign,target_minus_other_fg
,per_class,all,micro,mean,-0.07727412046146517,-0.18298576143747794,0.03494622411932821,5,103,5,103,,5000,4969,0.9938,3021694564,20260901,2,bird,c_sign,target_minus_other_fg
,per_class,all,micro,mean,-0.032260843223186494,-0.08766196314613485,0.025330833044197098,15,72,15,72,,5000,5000,1.0,3021694564,20260901,3,boat,c_sign,target_minus_other_fg
,per_class,all,micro,mean,-0.06586566104742585,-0.10325567534390377,-0.028360538401679077,51,96,51,96,,5000,5000,1.0,3021694564,20260901,4,bottle,c_sign,target_minus_other_fg
,per_class,all,micro,mean,0.010917314792485325,-0.024468693396906306,0.044524761214161886,33,74,33,74,,5000,5000,1.0,3021694564,20260901,5,bus,c_sign,target_minus_other_fg
,per_class,all,micro,mean,-0.02675123006084915,-0.0500608810426307,-0.002463944105996925,66,127,66,127,,5000,5000,1.0,3021694564,20260901,6,car,c_sign,target_minus_other_fg
,per_class,all,micro,mean,0.15272688971519963,0.09234467209799917,0.21140786748709783,30,119,30,119,,5000,5000,1.0,3021694564,20260901,7,cat,c_sign,target_minus_other_fg
,per_class,all,micro,mean,-0.0468291112981254,-0.0722516118190491,-0.022214200015767644,96,123,96,123,,5000,5000,1.0,3021694564,20260901,8,chair,c_sign,target_minus_other_fg
,per_class,all,micro,mean,-0.08083519269409359,-0.15264762306070348,-0.004873501994607376,14,71,14,71,,5000,5000,1.0,3021694564,20260901,9,cow,c_sign,target_minus_other_fg
,per_class,all,micro,mean,-0.04852648090787951,-0.06960289926251881,-0.02811954394920918,68,75,68,75,,5000,5000,1.0,3021694564,20260901,10,diningtable,c_sign,target_minus_other_fg
,per_class,all,micro,mean,0.0075308808925322965,-0.029358415091025693,0.046549640353305645,43,128,43,128,,5000,5000,1.0,3021694564,20260901,11,dog,c_sign,target_minus_other_fg
,per_class,all,micro,mean,-0.024007562794245405,-0.04982870597286579,0.0016072791572253736,33,79,33,79,,5000,5000,1.0,3021694564,20260901,12,horse,c_sign,target_minus_other_fg
,per_class,all,micro,mean,-0.05259130700167577,-0.07773900426155518,-0.02860587570794859,51,76,51,76,,5000,5000,1.0,3021694564,20260901,13,motorbike,c_sign,target_minus_other_fg
,per_class,all,micro,mean,0.07498692898475963,0.0616413821829042,0.08823777614873282,343,445,343,445,,5000,5000,1.0,3021694564,20260901,14,person,c_sign,target_minus_other_fg
,per_class,all,micro,mean,0.06646384637443493,0.026254726293037666,0.10714722565377692,44,85,44,85,,5000,5000,1.0,3021694564,20260901,15,pottedplant,c_sign,target_minus_other_fg
,per_class,all,micro,mean,-0.05624098838379858,-0.15014901799583713,0.06577991225154921,5,57,5,57,,5000,4971,0.9942,3021694564,20260901,16,sheep,c_sign,target_minus_other_fg
,per_class,all,micro,mean,-0.001202725208426421,-0.034506215341651776,0.03037606826460517,61,90,61,90,,5000,5000,1.0,3021694564,20260901,17,sofa,c_sign,target_minus_other_fg
,per_class,all,micro,mean,-0.0746128697722879,-0.16131060167751726,0.0202200179137078,10,84,10,84,,5000,5000,1.0,3021694564,20260901,18,train,c_sign,target_minus_other_fg
,per_class,all,micro,mean,0.11852326379776029,0.05551296885853451,0.18153139505576035,31,74,31,74,,5000,5000,1.0,3021694564,20260901,19,tvmonitor,c_sign,target_minus_other_fg
,all_rows,all,micro,mean,-86.02509979771771,-105.35810560468539,-67.00717277241705,1432,1449,2120,2147,,5000,5000,1.0,3021694564,20260901,,,s_pos,background
,all_rows,all,micro,median,32.102624799407806,15.399274841333444,48.1911353327436,1432,1449,2120,2147,,5000,5000,1.0,3021694564,20260901,,,s_pos,background
,all_rows,all,micro,q25,-304.6119240403196,-330.5711716808458,-278.7881103266023,1432,1449,2120,2147,,5000,5000,1.0,3021694564,20260901,,,s_pos,background
,all_rows,all,micro,q75,276.5228154609015,260.5664475039076,291.7143857392398,1432,1449,2120,2147,,5000,5000,1.0,3021694564,20260901,,,s_pos,background
,all_rows,all,macro_class,mean,-104.63609195722358,-121.00810883390727,-88.54701758983103,1432,1449,2120,2147,20,5000,5000,1.0,3021694564,20260901,,,s_pos,background
,all_rows,all,macro_class,median,12.884028382813463,-1.8997269065612425,26.989595519716296,1432,1449,2120,2147,20,5000,5000,1.0,3021694564,20260901,,,s_pos,background
,all_rows,all,macro_class,q25,-313.6300204771156,-336.35089786263694,-292.0054240883161,1432,1449,2120,2147,20,5000,5000,1.0,3021694564,20260901,,,s_pos,background
,all_rows,all,macro_class,q75,248.4234634987507,234.30256245962474,261.85957826608137,1432,1449,2120,2147,20,5000,5000,1.0,3021694564,20260901,,,s_pos,background
,all_rows,single_label,micro,mean,-235.35189144334814,-266.37969999080843,-204.547985016668,918,927,918,927,,5000,5000,1.0,3021694564,20260901,,,s_pos,background
,all_rows,single_label,micro,median,-50.14570235277573,-78.10743746043781,-22.461860439364813,918,927,918,927,,5000,5000,1.0,3021694564,20260901,,,s_pos,background
,all_rows,single_label,micro,q25,-510.7157788027088,-555.3039781642816,-467.47444031276456,918,927,918,927,,5000,5000,1.0,3021694564,20260901,,,s_pos,background
,all_rows,single_label,micro,q75,258.40024010955165,234.80805104760347,281.97773568231906,918,927,918,927,,5000,5000,1.0,3021694564,20260901,,,s_pos,background
,all_rows,single_label,macro_class,mean,-176.59908392248462,-203.05700421688033,-151.78024495406822,918,927,918,927,20,5000,5000,1.0,3021694564,20260901,,,s_pos,background
,all_rows,single_label,macro_class,median,-20.39726116429601,-42.92438911495644,1.1212787113690639,918,927,918,927,20,5000,5000,1.0,3021694564,20260901,,,s_pos,background
,all_rows,single_label,macro_class,q25,-418.0739956738574,-455.129628729967,-383.7955735777613,918,927,918,927,20,5000,5000,1.0,3021694564,20260901,,,s_pos,background
,all_rows,single_label,macro_class,q75,254.4935380141832,233.20467597074926,276.40828526497376,918,927,918,927,20,5000,5000,1.0,3021694564,20260901,,,s_pos,background
,all_rows,exactly_2_labels,micro,mean,17.09237799693385,-11.96670676113944,46.49369148390314,369,375,738,750,,5000,5000,1.0,3021694564,20260901,,,s_pos,background
,all_rows,exactly_2_labels,micro,median,99.78521127279515,73.70306858527628,126.62479418750404,369,375,738,750,,5000,5000,1.0,3021694564,20260901,,,s_pos,background
,all_rows,exactly_2_labels,micro,q25,-180.6023728825697,-217.55643489897668,-145.35671505379247,369,375,738,750,,5000,5000,1.0,3021694564,20260901,,,s_pos,background
,all_rows,exactly_2_labels,micro,q75,322.0251193780371,295.3060692858117,350.3846374713814,369,375,738,750,,5000,5000,1.0,3021694564,20260901,,,s_pos,background
,all_rows,exactly_2_labels,macro_class,mean,-12.799288746348406,-43.385653689144306,19.687724646830503,369,375,738,750,20,5000,5000,1.0,3021694564,20260901,,,s_pos,background
,all_rows,exactly_2_labels,macro_class,median,69.45559691619475,41.59498102417881,102.95234962877768,369,375,738,750,20,5000,5000,1.0,3021694564,20260901,,,s_pos,background
,all_rows,exactly_2_labels,macro_class,q25,-198.4177448756857,-244.2628320387872,-154.48630868174044,369,375,738,750,20,5000,5000,1.0,3021694564,20260901,,,s_pos,background
,all_rows,exactly_2_labels,macro_class,q75,278.315028191045,249.48686281361282,314.07644557854513,369,375,738,750,20,5000,5000,1.0,3021694564,20260901,,,s_pos,background
,all_rows,3plus_labels,micro,mean,45.400107353653134,22.487119957621463,68.83125863251652,145,147,464,470,,5000,5000,1.0,3021694564,20260901,,,s_pos,background
,all_rows,3plus_labels,micro,median,87.17636511911606,65.08985935868078,109.1726188395439,145,147,464,470,,5000,5000,1.0,3021694564,20260901,,,s_pos,background
,all_rows,3plus_labels,micro,q25,-94.08543714925503,-123.3802861428184,-66.86772409787724,145,147,464,470,,5000,5000,1.0,3021694564,20260901,,,s_pos,background
,all_rows,3plus_labels,micro,q75,240.00519451627443,213.32823772263202,267.97816206543143,145,147,464,470,,5000,5000,1.0,3021694564,20260901,,,s_pos,background
,all_rows,3plus_labels,macro_class,mean,27.182562372916852,3.0391045822508422,52.0018764645139,145,147,464,470,20,5000,5000,1.0,3021694564,20260901,,,s_pos,background
,all_rows,3plus_labels,macro_class,median,68.98900312588215,44.13596969337343,92.6800722199477,145,147,464,470,20,5000,5000,1.0,3021694564,20260901,,,s_pos,background
,all_rows,3plus_labels,macro_class,q25,-112.48600715541156,-146.33906453139053,-81.33833139341806,145,147,464,470,20,5000,5000,1.0,3021694564,20260901,,,s_pos,background
,all_rows,3plus_labels,macro_class,q75,222.9042979713318,192.8134218897429,253.41506304398754,145,147,464,470,20,5000,5000,1.0,3021694564,20260901,,,s_pos,background
,per_class,all,micro,mean,-260.3565908171774,-332.99926580209507,-188.601284259692,90,90,90,90,,5000,5000,1.0,3021694564,20260901,0,aeroplane,s_pos,background
,per_class,all,micro,median,-59.37816445562574,-114.25403709438113,-5.940924050808015,90,90,90,90,,5000,5000,1.0,3021694564,20260901,0,aeroplane,s_pos,background
,per_class,all,micro,q25,-504.0090648121304,-609.5680081694657,-401.5709139708678,90,90,90,90,,5000,5000,1.0,3021694564,20260901,0,aeroplane,s_pos,background
,per_class,all,micro,q75,184.39073623712693,138.31417971895698,230.77478035409413,90,90,90,90,,5000,5000,1.0,3021694564,20260901,0,aeroplane,s_pos,background
,per_class,all,micro,mean,136.3536833155014,98.33278982611849,175.69695840168362,79,79,79,79,,5000,5000,1.0,3021694564,20260901,1,bicycle,s_pos,background
,per_class,all,micro,median,151.436871754595,115.59930987461836,187.812992416077,79,79,79,79,,5000,5000,1.0,3021694564,20260901,1,bicycle,s_pos,background
,per_class,all,micro,q25,-78.10783829040165,-119.51275402760204,-37.88959521313642,79,79,79,79,,5000,5000,1.0,3021694564,20260901,1,bicycle,s_pos,background
,per_class,all,micro,q75,408.0282227600677,351.1070240114309,464.66583335459984,79,79,79,79,,5000,5000,1.0,3021694564,20260901,1,bicycle,s_pos,background
,per_class,all,micro,mean,-451.3249674392795,-585.6576604367907,-326.2391677857601,103,103,103,103,,5000,5000,1.0,3021694564,20260901,2,bird,s_pos,background
,per_class,all,micro,median,-107.89936209998085,-233.43289943586277,11.006045202259873,103,103,103,103,,5000,5000,1.0,3021694564,20260901,2,bird,s_pos,background
,per_class,all,micro,q25,-976.010905032019,-1178.9185188649349,-788.0069677925228,103,103,103,103,,5000,5000,1.0,3021694564,20260901,2,bird,s_pos,background
,per_class,all,micro,q75,437.9065374425314,351.65405219590775,523.8237721959364,103,103,103,103,,5000,5000,1.0,3021694564,20260901,2,bird,s_pos,background
,per_class,all,micro,mean,-224.1869146063605,-316.6880178859816,-132.3382507441885,72,72,72,72,,5000,5000,1.0,3021694564,20260901,3,boat,s_pos,background
,per_class,all,micro,median,1.0962431960635715,-79.85907384554544,82.39808448056374,72,72,72,72,,5000,5000,1.0,3021694564,20260901,3,boat,s_pos,background
,per_class,all,micro,q25,-436.232125106785,-557.4061513507118,-321.50945501120566,72,72,72,72,,5000,5000,1.0,3021694564,20260901,3,boat,s_pos,background
,per_class,all,micro,q75,266.35471681919364,192.18578883388804,343.48596562565183,72,72,72,72,,5000,5000,1.0,3021694564,20260901,3,boat,s_pos,background
,per_class,all,micro,mean,-240.3120214988379,-324.44576694271433,-162.9408844690305,93,96,93,96,,5000,5000,1.0,3021694564,20260901,4,bottle,s_pos,background
,per_class,all,micro,median,-146.13598056506086,-229.40558055430017,-77.03226668965685,93,96,93,96,,5000,5000,1.0,3021694564,20260901,4,bottle,s_pos,background
,per_class,all,micro,q25,-478.37354765592085,-604.1263962130776,-363.8829768544527,93,96,93,96,,5000,5000,1.0,3021694564,20260901,4,bottle,s_pos,background
,per_class,all,micro,q75,80.56164733216326,23.384446194271806,137.87349489642736,93,96,93,96,,5000,5000,1.0,3021694564,20260901,4,bottle,s_pos,background
,per_class,all,micro,mean,142.94952397740082,103.78462148535469,183.2599129534509,74,74,74,74,,5000,5000,1.0,3021694564,20260901,5,bus,s_pos,background
,per_class,all,micro,median,196.96781313097154,160.7831257678367,233.41952197938346,74,74,74,74,,5000,5000,1.0,3021694564,20260901,5,bus,s_pos,background
,per_class,all,micro,q25,53.324059255219794,11.916238226922783,92.95134400552189,74,74,74,74,,5000,5000,1.0,3021694564,20260901,5,bus,s_pos,background
,per_class,all,micro,q75,314.7094967365265,274.2684355774441,355.3859589074108,74,74,74,74,,5000,5000,1.0,3021694564,20260901,5,bus,s_pos,background
,per_class,all,micro,mean,56.416615227045654,1.0082274598578604,107.14564823204995,127,127,127,127,,5000,5000,1.0,3021694564,20260901,6,car,s_pos,background
,per_class,all,micro,median,141.7104825691914,101.75403336300624,180.78023149939034,127,127,127,127,,5000,5000,1.0,3021694564,20260901,6,car,s_pos,background
,per_class,all,micro,q25,-88.3547856760776,-157.20999074871614,-29.552622971208557,127,127,127,127,,5000,5000,1.0,3021694564,20260901,6,car,s_pos,background
,per_class,all,micro,q75,343.84203758671526,294.17154935875277,394.98115943107075,127,127,127,127,,5000,5000,1.0,3021694564,20260901,6,car,s_pos,background
,per_class,all,micro,mean,-401.5687179769203,-513.4854817854884,-298.4560397435184,113,119,113,119,,5000,5000,1.0,3021694564,20260901,7,cat,s_pos,background
,per_class,all,micro,median,-201.1622653640477,-304.3046218981526,-111.79214880848279,113,119,113,119,,5000,5000,1.0,3021694564,20260901,7,cat,s_pos,background
,per_class,all,micro,q25,-855.7882774994437,-1020.9809509304876,-702.6935080755426,113,119,113,119,,5000,5000,1.0,3021694564,20260901,7,cat,s_pos,background
,per_class,all,micro,q75,238.744896724952,162.14043176149994,315.88817979133336,113,119,113,119,,5000,5000,1.0,3021694564,20260901,7,cat,s_pos,background
,per_class,all,micro,mean,-49.91655307916337,-79.72915500939594,-22.204119850831,122,123,122,123,,5000,5000,1.0,3021694564,20260901,8,chair,s_pos,background
,per_class,all,micro,median,-2.141944663446458,-22.20807672937811,17.58165454396872,122,123,122,123,,5000,5000,1.0,3021694564,20260901,8,chair,s_pos,background
,per_class,all,micro,q25,-145.1066472281198,-176.73938281811556,-115.86096537079764,122,123,122,123,,5000,5000,1.0,3021694564,20260901,8,chair,s_pos,background
,per_class,all,micro,q75,113.34165674057164,88.54990695035822,138.7087979752146,122,123,122,123,,5000,5000,1.0,3021694564,20260901,8,chair,s_pos,background
,per_class,all,micro,mean,-400.4448060250533,-484.5243740046864,-316.47827750873535,71,71,71,71,,5000,5000,1.0,3021694564,20260901,9,cow,s_pos,background
,per_class,all,micro,median,-313.47698254316623,-397.3462814605572,-232.37479488975566,71,71,71,71,,5000,5000,1.0,3021694564,20260901,9,cow,s_pos,background
,per_class,all,micro,q25,-568.9057798687841,-674.8011319680113,-465.0278257224763,71,71,71,71,,5000,5000,1.0,3021694564,20260901,9,cow,s_pos,background
,per_class,all,micro,q75,-118.90968901506612,-184.23665236965033,-55.30587063822117,71,71,71,71,,5000,5000,1.0,3021694564,20260901,9,cow,s_pos,background
,per_class,all,micro,mean,-10.522537892199741,-37.31093414382024,17.46430155834453,73,75,73,75,,5000,5000,1.0,3021694564,20260901,10,diningtable,s_pos,background
,per_class,all,micro,median,15.013189619534636,-5.46414492311865,36.585527544379154,73,75,73,75,,5000,5000,1.0,3021694564,20260901,10,diningtable,s_pos,background
,per_class,all,micro,q25,-116.29339015859735,-147.46800712763894,-87.29799172579892,73,75,73,75,,5000,5000,1.0,3021694564,20260901,10,diningtable,s_pos,background
,per_class,all,micro,q75,125.15911518221031,90.05508987798885,168.13793544267412,73,75,73,75,,5000,5000,1.0,3021694564,20260901,10,diningtable,s_pos,background
,per_class,all,micro,mean,111.44132751693616,47.8938337778528,171.03675005601386,124,128,124,128,,5000,5000,1.0,3021694564,20260901,11,dog,s_pos,background
,per_class,all,micro,median,249.43196059955704,188.54416571059812,307.1809144315865,124,128,124,128,,5000,5000,1.0,3021694564,20260901,11,dog,s_pos,background
,per_class,all,micro,q25,-48.81947351126902,-118.36803283753368,17.394729500310714,124,128,124,128,,5000,5000,1.0,3021694564,20260901,11,dog,s_pos,background
,per_class,all,micro,q75,477.7630805200146,422.9121191799164,530.0973758639512,124,128,124,128,,5000,5000,1.0,3021694564,20260901,11,dog,s_pos,background
,per_class,all,micro,mean,-210.46385266224308,-298.78939417154515,-128.81422666820433,79,79,79,79,,5000,5000,1.0,3021694564,20260901,12,horse,s_pos,background
,per_class,all,micro,median,-89.76304887291751,-171.7010942117323,-15.227798626769948,79,79,79,79,,5000,5000,1.0,3021694564,20260901,12,horse,s_pos,background
,per_class,all,micro,q25,-437.5294269021553,-554.2032937510104,-330.0555392536936,79,79,79,79,,5000,5000,1.0,3021694564,20260901,12,horse,s_pos,background
,per_class,all,micro,q75,167.01756588416762,103.12974618884581,230.140436369407,79,79,79,79,,5000,5000,1.0,3021694564,20260901,12,horse,s_pos,background
,per_class,all,micro,mean,145.57815435993197,74.52293120760721,215.22774638637145,76,76,76,76,,5000,5000,1.0,3021694564,20260901,13,motorbike,s_pos,background
,per_class,all,micro,median,279.06126965974505,220.16234705134443,337.1059168658759,76,76,76,76,,5000,5000,1.0,3021694564,20260901,13,motorbike,s_pos,background
,per_class,all,micro,q25,-70.66543504438903,-155.08545971602985,8.78366548285655,76,76,76,76,,5000,5000,1.0,3021694564,20260901,13,motorbike,s_pos,background
,per_class,all,micro,q75,542.3166071364755,481.4940526476032,604.3698250174522,76,76,76,76,,5000,5000,1.0,3021694564,20260901,13,motorbike,s_pos,background
,per_class,all,micro,mean,-0.08001141933735444,-34.937671373489536,33.87337409263447,441,445,441,445,,5000,5000,1.0,3021694564,20260901,14,person,s_pos,background
,per_class,all,micro,median,105.03545500709762,74.4215753459214,134.28126272790539,441,445,441,445,,5000,5000,1.0,3021694564,20260901,14,person,s_pos,background
,per_class,all,micro,q25,-242.88148659501064,-287.5949434025142,-198.49079221596784,441,445,441,445,,5000,5000,1.0,3021694564,20260901,14,person,s_pos,background
,per_class,all,micro,q75,367.7710504789421,338.13449227646527,396.3825707975171,441,445,441,445,,5000,5000,1.0,3021694564,20260901,14,person,s_pos,background
,per_class,all,micro,mean,-60.233852536436494,-118.15013515205196,-7.903797167648382,85,85,85,85,,5000,5000,1.0,3021694564,20260901,15,pottedplant,s_pos,background
,per_class,all,micro,median,0.8890616158790449,-37.626778646515795,37.1097098672127,85,85,85,85,,5000,5000,1.0,3021694564,20260901,15,pottedplant,s_pos,background
,per_class,all,micro,q25,-211.58037503922688,-304.75919322748393,-132.47644143090537,85,85,85,85,,5000,5000,1.0,3021694564,20260901,15,pottedplant,s_pos,background
,per_class,all,micro,q75,147.95236643605372,114.19623706165483,181.59813091207513,85,85,85,85,,5000,5000,1.0,3021694564,20260901,15,pottedplant,s_pos,background
,per_class,all,micro,mean,-245.90589856371471,-306.8648158647124,-187.73864762090707,57,57,57,57,,5000,5000,1.0,3021694564,20260901,16,sheep,s_pos,background
,per_class,all,micro,median,-151.773921251297,-206.17410103419894,-100.90170403990835,57,57,57,57,,5000,5000,1.0,3021694564,20260901,16,sheep,s_pos,background
,per_class,all,micro,q25,-393.28339276397435,-473.52595932881036,-317.3787893535798,57,57,57,57,,5000,5000,1.0,3021694564,20260901,16,sheep,s_pos,background
,per_class,all,micro,q75,-2.015627568228203,-41.961383908987045,36.92609092708216,57,57,57,57,,5000,5000,1.0,3021694564,20260901,16,sheep,s_pos,background
,per_class,all,micro,mean,56.769674085953774,4.884503389257022,99.95044694120327,85,90,85,90,,5000,5000,1.0,3021694564,20260901,17,sofa,s_pos,background
,per_class,all,micro,median,105.21677110966515,65.10940489825907,144.85226901858192,85,90,85,90,,5000,5000,1.0,3021694564,20260901,17,sofa,s_pos,background
,per_class,all,micro,q25,-75.49111323812429,-147.68292817033503,-25.813464704015185,85,90,85,90,,5000,5000,1.0,3021694564,20260901,17,sofa,s_pos,background
,per_class,all,micro,q75,252.14069270666909,204.77207373710732,303.4196585030694,85,90,85,90,,5000,5000,1.0,3021694564,20260901,17,sofa,s_pos,background
,per_class,all,micro,mean,-207.73904531668984,-272.419108216613,-143.53034637984635,83,84,83,84,,5000,5000,1.0,3021694564,20260901,18,train,s_pos,background
,per_class,all,micro,median,-19.069019698953053,-68.46221459361098,29.42911552874066,83,84,83,84,,5000,5000,1.0,3021694564,20260901,18,train,s_pos,background
,per_class,all,micro,q25,-364.76256790074956,-443.6789213839048,-289.12749018637203,83,84,83,84,,5000,5000,1.0,3021694564,20260901,18,train,s_pos,background
,per_class,all,micro,q75,207.3604259218078,166.6623859035425,247.77561040722253,83,84,83,84,,5000,5000,1.0,3021694564,20260901,18,train,s_pos,background
,per_class,all,micro,mean,20.824952206172007,-51.299400394680646,84.07390834585019,73,74,73,74,,5000,5000,1.0,3021694564,20260901,19,tvmonitor,s_pos,background
,per_class,all,micro,median,102.62213890846462,39.06292964930404,163.8295398175716,73,74,73,74,,5000,5000,1.0,3021694564,20260901,19,tvmonitor,s_pos,background
,per_class,all,micro,q25,-233.72883647435333,-315.49716827768736,-167.89693759796256,73,74,73,74,,5000,5000,1.0,3021694564,20260901,19,tvmonitor,s_pos,background
,per_class,all,micro,q75,414.0337339121185,318.0811902281283,521.6355345899927,73,74,73,74,,5000,5000,1.0,3021694564,20260901,19,tvmonitor,s_pos,background
,all_rows,all,micro,mean,181.71589688897083,111.07535293052331,249.18731829958443,304,1449,464,2147,,5000,5000,1.0,3021694564,20260901,,,s_pos,mixed
,all_rows,all,micro,median,182.52656628130453,111.92441465973388,250.40108589715715,304,1449,464,2147,,5000,5000,1.0,3021694564,20260901,,,s_pos,mixed
,all_rows,all,micro,q25,135.32067475079333,63.19391710393414,203.79672502477658,304,1449,464,2147,,5000,5000,1.0,3021694564,20260901,,,s_pos,mixed
,all_rows,all,micro,q75,230.58359178809192,161.15416251788392,298.75847715365774,304,1449,464,2147,,5000,5000,1.0,3021694564,20260901,,,s_pos,mixed
,all_rows,all,macro_class,mean,107.92917035142887,32.50165015122569,182.6865023919188,304,1449,464,2147,20,5000,5000,1.0,3021694564,20260901,,,s_pos,mixed
,all_rows,all,macro_class,median,106.6724089944203,31.4314169186723,182.15577140759254,304,1449,464,2147,20,5000,5000,1.0,3021694564,20260901,,,s_pos,mixed
,all_rows,all,macro_class,q25,62.09410128923288,-16.284172855088396,140.91587778191757,304,1449,464,2147,20,5000,5000,1.0,3021694564,20260901,,,s_pos,mixed
,all_rows,all,macro_class,q75,155.93565477660508,81.48023892994017,229.6280104476538,304,1449,464,2147,20,5000,5000,1.0,3021694564,20260901,,,s_pos,mixed
,all_rows,single_label,micro,mean,79.55994742425122,-48.54946429198698,200.76564121811245,179,927,179,927,,5000,5000,1.0,3021694564,20260901,,,s_pos,mixed
,all_rows,single_label,micro,median,80.43985197797168,-47.90862843414773,202.3161682841051,179,927,179,927,,5000,5000,1.0,3021694564,20260901,,,s_pos,mixed
,all_rows,single_label,micro,q25,26.89361444265483,-104.38406191240782,153.63495990586736,179,927,179,927,,5000,5000,1.0,3021694564,20260901,,,s_pos,mixed
,all_rows,single_label,micro,q75,135.0109834231478,7.189845511579418,255.76365961818715,179,927,179,927,,5000,5000,1.0,3021694564,20260901,,,s_pos,mixed
,all_rows,single_label,macro_class,mean,118.14364291055958,-11.983533051447694,223.41774053022243,179,927,179,927,19,5000,5000,1.0,3021694564,20260901,,,s_pos,mixed
,all_rows,single_label,macro_class,median,117.84654310195435,-13.088900095072727,224.13949709823277,179,927,179,927,19,5000,5000,1.0,3021694564,20260901,,,s_pos,mixed
,all_rows,single_label,macro_class,q25,70.58705946567665,-64.5123919819447,181.67739949961856,179,927,179,927,19,5000,5000,1.0,3021694564,20260901,,,s_pos,mixed
,all_rows,single_label,macro_class,q75,168.30539335382505,42.740481405924974,271.41674455784727,179,927,179,927,19,5000,5000,1.0,3021694564,20260901,,,s_pos,mixed
,all_rows,exactly_2_labels,micro,mean,263.0202898294608,149.3948819086724,378.7336752130506,89,375,178,750,,5000,5000,1.0,3021694564,20260901,,,s_pos,mixed
,all_rows,exactly_2_labels,micro,median,264.7585922470421,149.69843017025033,381.03332369393524,89,375,178,750,,5000,5000,1.0,3021694564,20260901,,,s_pos,mixed
,all_rows,exactly_2_labels,micro,q25,214.6434332824239,101.11761001887378,328.2064074989073,89,375,178,750,,5000,5000,1.0,3021694564,20260901,,,s_pos,mixed
,all_rows,exactly_2_labels,micro,q75,312.4192217092417,194.43666172186897,434.133719685521,89,375,178,750,,5000,5000,1.0,3021694564,20260901,,,s_pos,mixed
,all_rows,exactly_2_labels,macro_class,mean,63.87879483172905,-158.81024448907834,265.59662999241493,89,375,178,750,20,5000,5000,1.0,3021694564,20260901,,,s_pos,mixed
,all_rows,exactly_2_labels,macro_class,median,66.46068629643868,-156.8822954741634,270.34344652220256,89,375,178,750,20,5000,5000,1.0,3021694564,20260901,,,s_pos,mixed
,all_rows,exactly_2_labels,macro_class,q25,23.76073768645177,-201.29261285462317,227.0726306447238,89,375,178,750,20,5000,5000,1.0,3021694564,20260901,,,s_pos,mixed
,all_rows,exactly_2_labels,macro_class,q75,105.676627514754,-115.71670896427264,310.8389320201521,89,375,178,750,20,5000,5000,1.0,3021694564,20260901,,,s_pos,mixed
,all_rows,3plus_labels,micro,mean,217.35826147567724,126.46709351308057,311.00070487302526,36,147,107,470,,5000,5000,1.0,3021694564,20260901,,,s_pos,mixed
,all_rows,3plus_labels,micro,median,216.50994234107364,126.18100507994677,310.36782519741723,36,147,107,470,,5000,5000,1.0,3021694564,20260901,,,s_pos,mixed
,all_rows,3plus_labels,micro,q25,184.7505137837518,98.07541091116768,275.41558399790136,36,147,107,470,,5000,5000,1.0,3021694564,20260901,,,s_pos,mixed
,all_rows,3plus_labels,micro,q75,254.32896348304837,154.65939933952532,358.2315361027323,36,147,107,470,,5000,5000,1.0,3021694564,20260901,,,s_pos,mixed
,all_rows,3plus_labels,macro_class,mean,196.31172706283448,102.28220879967074,307.0559572918043,36,147,107,470,19,5000,5000,1.0,3021694564,20260901,,,s_pos,mixed
,all_rows,3plus_labels,macro_class,median,194.10153301933178,100.19454106783587,303.9967152473865,36,147,107,470,19,5000,5000,1.0,3021694564,20260901,,,s_pos,mixed
,all_rows,3plus_labels,macro_class,q25,171.29940474474503,75.96774192584779,272.98643680848267,36,147,107,470,19,5000,5000,1.0,3021694564,20260901,,,s_pos,mixed
,all_rows,3plus_labels,macro_class,q75,223.63987765356217,125.0359155572651,353.2968412463357,36,147,107,470,19,5000,5000,1.0,3021694564,20260901,,,s_pos,mixed
,per_class,all,micro,mean,-263.2891930859498,-985.075523147005,306.9874027967452,22,90,22,90,,5000,5000,1.0,3021694564,20260901,0,aeroplane,s_pos,mixed
,per_class,all,micro,median,-262.4539605920965,-984.8539753913878,306.9804060768195,22,90,22,90,,5000,5000,1.0,3021694564,20260901,0,aeroplane,s_pos,mixed
,per_class,all,micro,q25,-302.3776247718117,-1019.1229013085365,258.85253135129517,22,90,22,90,,5000,5000,1.0,3021694564,20260901,0,aeroplane,s_pos,mixed
,per_class,all,micro,q75,-225.31688300046054,-964.3965961635112,351.9145244055672,22,90,22,90,,5000,5000,1.0,3021694564,20260901,0,aeroplane,s_pos,mixed
,per_class,all,micro,mean,653.44800652398,443.3188779720507,887.7744526179631,18,79,18,79,,5000,5000,1.0,3021694564,20260901,1,bicycle,s_pos,mixed
,per_class,all,micro,median,656.2344843546549,445.47433260599774,890.5473121404648,18,79,18,79,,5000,5000,1.0,3021694564,20260901,1,bicycle,s_pos,mixed
,per_class,all,micro,q25,618.7187436421713,416.50646090382025,844.4366344135681,18,79,18,79,,5000,5000,1.0,3021694564,20260901,1,bicycle,s_pos,mixed
,per_class,all,micro,q75,691.0189365810818,464.97271926299385,942.8751859265213,18,79,18,79,,5000,5000,1.0,3021694564,20260901,1,bicycle,s_pos,mixed
,per_class,all,micro,mean,-488.1875514984131,-978.5128878313345,-74.13540126085303,14,103,14,103,,5000,5000,1.0,3021694564,20260901,2,bird,s_pos,mixed
,per_class,all,micro,median,-488.1875514984131,-978.5128878313345,-74.13540126085303,14,103,14,103,,5000,5000,1.0,3021694564,20260901,2,bird,s_pos,mixed
,per_class,all,micro,q25,-495.10903917040145,-986.6732121435801,-79.83685911595825,14,103,14,103,,5000,5000,1.0,3021694564,20260901,2,bird,s_pos,mixed
,per_class,all,micro,q75,-481.2660638264247,-973.124152430366,-68.0247322678567,14,103,14,103,,5000,5000,1.0,3021694564,20260901,2,bird,s_pos,mixed
,per_class,all,micro,mean,96.66371672223757,-191.64211631815988,387.94926771913,21,72,21,72,,5000,5000,1.0,3021694564,20260901,3,boat,s_pos,mixed
,per_class,all,micro,median,115.44258979388646,-164.28007991751034,401.8202970093623,21,72,21,72,,5000,5000,1.0,3021694564,20260901,3,boat,s_pos,mixed
,per_class,all,micro,q25,27.36480266707284,-282.42393040997285,341.73259400493527,21,72,21,72,,5000,5000,1.0,3021694564,20260901,3,boat,s_pos,mixed
,per_class,all,micro,q75,177.35697763306754,-105.51640106393457,464.45781743264195,21,72,21,72,,5000,5000,1.0,3021694564,20260901,3,boat,s_pos,mixed
,per_class,all,micro,mean,-5.707576375258596,-168.49988919785844,170.40031132532312,19,96,19,96,,5000,5000,1.0,3021694564,20260901,4,bottle,s_pos,mixed
,per_class,all,micro,median,-1.5609740458036725,-164.69048588325208,173.6683639696239,19,96,19,96,,5000,5000,1.0,3021694564,20260901,4,bottle,s_pos,mixed
,per_class,all,micro,q25,-31.07190345463,-197.4674450317451,151.91945622938493,19,96,19,96,,5000,5000,1.0,3021694564,20260901,4,bottle,s_pos,mixed
,per_class,all,micro,q75,23.59611056980334,-140.5236404901743,194.60455887744297,19,96,19,96,,5000,5000,1.0,3021694564,20260901,4,bottle,s_pos,mixed
,per_class,all,micro,mean,192.5758290625455,97.22131651894708,286.75993606249483,19,74,19,74,,5000,5000,1.0,3021694564,20260901,5,bus,s_pos,mixed
,per_class,all,micro,median,196.89670299228868,97.87992092786413,295.26604224162935,19,74,19,74,,5000,5000,1.0,3021694564,20260901,5,bus,s_pos,mixed
,per_class,all,micro,q25,160.000135170786,65.57113325949977,252.9455063066984,19,74,19,74,,5000,5000,1.0,3021694564,20260901,5,bus,s_pos,mixed
,per_class,all,micro,q75,224.6931578987523,123.96134717356075,328.3748268653574,19,74,19,74,,5000,5000,1.0,3021694564,20260901,5,bus,s_pos,mixed
,per_class,all,micro,mean,149.73508250495746,21.75399893580704,284.6594998145714,28,127,28,127,,5000,5000,1.0,3021694564,20260901,6,car,s_pos,mixed
,per_class,all,micro,median,176.08871787360735,65.74475754913584,295.43974352406656,28,127,28,127,,5000,5000,1.0,3021694564,20260901,6,car,s_pos,mixed
,per_class,all,micro,q25,119.55238330151353,-15.239077322400037,251.15801545377286,28,127,28,127,,5000,5000,1.0,3021694564,20260901,6,car,s_pos,mixed
,per_class,all,micro,q75,202.67070973983832,84.81274910510517,329.47432615274323,28,127,28,127,,5000,5000,1.0,3021694564,20260901,6,car,s_pos,mixed
,per_class,all,micro,mean,543.9561714858494,283.2244165934223,811.2528024943441,22,119,22,119,,5000,5000,1.0,3021694564,20260901,7,cat,s_pos,mixed
,per_class,all,micro,median,548.6957415017215,282.85044611004685,820.8689480044155,22,119,22,119,,5000,5000,1.0,3021694564,20260901,7,cat,s_pos,mixed
,per_class,all,micro,q25,449.17176245051354,130.15734891524033,744.7182388181313,22,119,22,119,,5000,5000,1.0,3021694564,20260901,7,cat,s_pos,mixed
,per_class,all,micro,q75,637.7534798383713,379.0219796267152,900.5017812459615,22,119,22,119,,5000,5000,1.0,3021694564,20260901,7,cat,s_pos,mixed
,per_class,all,micro,mean,159.92451893488567,61.696283666976605,268.6222288990881,31,123,31,123,,5000,5000,1.0,3021694564,20260901,8,chair,s_pos,mixed
,per_class,all,micro,median,159.6849443835597,61.080260982051975,268.20094669588013,31,123,31,123,,5000,5000,1.0,3021694564,20260901,8,chair,s_pos,mixed
,per_class,all,micro,q25,122.99234132612905,36.98709685078689,219.77305126052067,31,123,31,123,,5000,5000,1.0,3021694564,20260901,8,chair,s_pos,mixed
,per_class,all,micro,q75,206.0306175216552,87.78038994415053,336.3853208399711,31,123,31,123,,5000,5000,1.0,3021694564,20260901,8,chair,s_pos,mixed
,per_class,all,micro,mean,-686.9749838022085,-1141.614090722402,-369.2569783210756,13,71,13,71,,5000,5000,1.0,3021694564,20260901,9,cow,s_pos,mixed
,per_class,all,micro,median,-694.8028881366437,-1146.361309101398,-375.1315650558472,13,71,13,71,,5000,5000,1.0,3021694564,20260901,9,cow,s_pos,mixed
,per_class,all,micro,q25,-744.6964522141677,-1268.6639951215473,-385.91295567194675,13,71,13,71,,5000,5000,1.0,3021694564,20260901,9,cow,s_pos,mixed
,per_class,all,micro,q75,-635.2523486797626,-1010.050666318621,-355.46313697814946,13,71,13,71,,5000,5000,1.0,3021694564,20260901,9,cow,s_pos,mixed
,per_class,all,micro,mean,126.10046872335768,15.942743349731284,241.43922947402447,21,75,21,75,,5000,5000,1.0,3021694564,20260901,10,diningtable,s_pos,mixed
,per_class,all,micro,median,127.95752225603376,22.614875920613606,239.80757662894462,21,75,21,75,,5000,5000,1.0,3021694564,20260901,10,diningtable,s_pos,mixed
,per_class,all,micro,q25,111.41102563767205,-2.1548901377302228,227.73024791455728,21,75,21,75,,5000,5000,1.0,3021694564,20260901,10,diningtable,s_pos,mixed
,per_class,all,micro,q75,141.98113614036924,37.345093134067675,254.94857040813983,21,75,21,75,,5000,5000,1.0,3021694564,20260901,10,diningtable,s_pos,mixed
,per_class,all,micro,mean,507.4310297057742,361.1022703580465,657.1012214354527,28,128,28,128,,5000,5000,1.0,3021694564,20260901,11,dog,s_pos,mixed
,per_class,all,micro,median,507.5892301968166,361.3957988381819,657.7309531074392,28,128,28,128,,5000,5000,1.0,3021694564,20260901,11,dog,s_pos,mixed
,per_class,all,micro,q25,482.655768598829,342.39994260338375,624.0101136114286,28,128,28,128,,5000,5000,1.0,3021694564,20260901,11,dog,s_pos,mixed
,per_class,all,micro,q75,532.5810160636902,378.10972543443955,687.992833764102,28,128,28,128,,5000,5000,1.0,3021694564,20260901,11,dog,s_pos,mixed
,per_class,all,micro,mean,344.7224875556098,129.50435800737807,581.8745325451805,15,79,15,79,,5000,5000,1.0,3021694564,20260901,12,horse,s_pos,mixed
,per_class,all,micro,median,337.60013987223306,124.38103400010328,574.2228716390271,15,79,15,79,,5000,5000,1.0,3021694564,20260901,12,horse,s_pos,mixed
,per_class,all,micro,q25,300.8481559753418,104.408546769619,517.7115931465512,15,79,15,79,,5000,5000,1.0,3021694564,20260901,12,horse,s_pos,mixed
,per_class,all,micro,q75,385.03564529418946,145.84251490340515,647.936643868401,15,79,15,79,,5000,5000,1.0,3021694564,20260901,12,horse,s_pos,mixed
,per_class,all,micro,mean,144.80835367838543,-310.84382661501564,563.2547499312293,20,76,20,76,,5000,5000,1.0,3021694564,20260901,13,motorbike,s_pos,mixed
,per_class,all,micro,median,107.30857849121094,-358.1303793285204,541.3803876568571,20,76,20,76,,5000,5000,1.0,3021694564,20260901,13,motorbike,s_pos,mixed
,per_class,all,micro,q25,52.29704895019531,-414.6424715882256,501.09114406649763,20,76,20,76,,5000,5000,1.0,3021694564,20260901,13,motorbike,s_pos,mixed
,per_class,all,micro,q75,218.56977081298828,-238.037789812955,622.369080770392,20,76,20,76,,5000,5000,1.0,3021694564,20260901,13,motorbike,s_pos,mixed
,per_class,all,micro,mean,406.3778613578705,290.9695974076971,521.98183908092,98,445,98,445,,5000,5000,1.0,3021694564,20260901,14,person,s_pos,mixed
,per_class,all,micro,median,408.43867293425967,295.5879675506952,523.1871512160099,98,445,98,445,,5000,5000,1.0,3021694564,20260901,14,person,s_pos,mixed
,per_class,all,micro,q25,354.574338818083,238.85966029172195,470.110025835445,98,445,98,445,,5000,5000,1.0,3021694564,20260901,14,person,s_pos,mixed
,per_class,all,micro,q75,458.56885643151344,340.44736741472934,574.4930904831914,98,445,98,445,,5000,5000,1.0,3021694564,20260901,14,person,s_pos,mixed
,per_class,all,micro,mean,668.584332113266,182.28209484020869,1217.6207809448242,10,85,10,85,,5000,4999,0.9998,3021694564,20260901,15,pottedplant,s_pos,mixed
,per_class,all,micro,median,665.5162717819214,181.46963960329694,1214.677683486939,10,85,10,85,,5000,4999,0.9998,3021694564,20260901,15,pottedplant,s_pos,mixed
,per_class,all,micro,q25,647.5580820560456,155.66802112887606,1204.7604111610763,10,85,10,85,,5000,4999,0.9998,3021694564,20260901,15,pottedplant,s_pos,mixed
,per_class,all,micro,q75,713.6902638435364,222.50047990708123,1266.9876219485486,10,85,10,85,,5000,4999,0.9998,3021694564,20260901,15,pottedplant,s_pos,mixed
,per_class,all,micro,mean,-446.16252465681595,-676.0401072978973,-181.35238285064727,11,57,11,57,,5000,5000,1.0,3021694564,20260901,16,sheep,s_pos,mixed
,per_class,all,micro,median,-488.0782302509655,-765.738800354004,-201.29092673036828,11,57,11,57,,5000,5000,1.0,3021694564,20260901,16,sheep,s_pos,mixed
,per_class,all,micro,q25,-517.4278708371249,-814.1047919988632,-216.44912147124614,11,57,11,57,,5000,5000,1.0,3021694564,20260901,16,sheep,s_pos,mixed
,per_class,all,micro,q75,-393.0563519217751,-599.2434756596883,-148.14389645712723,11,57,11,57,,5000,5000,1.0,3021694564,20260901,16,sheep,s_pos,mixed
,per_class,all,micro,mean,1.9834791214319634,-152.21541896958647,142.35267803002023,19,90,19,90,,5000,5000,1.0,3021694564,20260901,17,sofa,s_pos,mixed
,per_class,all,micro,median,8.960156833654956,-144.3440162366546,146.77769513445736,19,90,19,90,,5000,5000,1.0,3021694564,20260901,17,sofa,s_pos,mixed
,per_class,all,micro,q25,-20.53061992675066,-175.6948581714262,116.97640402802008,19,90,19,90,,5000,5000,1.0,3021694564,20260901,17,sofa,s_pos,mixed
,per_class,all,micro,q75,39.40832335031346,-121.24427471890522,194.71209815896566,19,90,19,90,,5000,5000,1.0,3021694564,20260901,17,sofa,s_pos,mixed
,per_class,all,micro,mean,-43.98963509665596,-215.1114346077568,117.0612773776054,18,84,18,84,,5000,5000,1.0,3021694564,20260901,18,train,s_pos,mixed
,per_class,all,micro,median,-45.86221186319987,-234.48166487311062,127.84205763680585,18,84,18,84,,5000,5000,1.0,3021694564,20260901,18,train,s_pos,mixed
,per_class,all,micro,q25,-105.46162843704224,-316.3129630767382,85.78990088111678,18,84,18,84,,5000,5000,1.0,3021694564,20260901,18,train,s_pos,mixed
,per_class,all,micro,q75,17.48753335740831,-124.56211589813232,160.86163621902463,18,84,18,84,,5000,5000,1.0,3021694564,20260901,18,train,s_pos,mixed
,per_class,all,micro,mean,96.5835340537277,-520.6626390504837,647.9400421539942,17,74,17,74,,5000,5000,1.0,3021694564,20260901,19,tvmonitor,s_pos,mixed
,per_class,all,micro,median,97.98024300967946,-526.3319383049012,652.0172829437253,17,74,17,74,,5000,5000,1.0,3021694564,20260901,19,tvmonitor,s_pos,mixed
,per_class,all,micro,q25,11.412576002233168,-626.2709383751665,575.081908864479,17,74,17,74,,5000,5000,1.0,3021694564,20260901,19,tvmonitor,s_pos,mixed
,per_class,all,micro,q75,183.16220788394705,-426.6128907095484,722.7272235263478,17,74,17,74,,5000,5000,1.0,3021694564,20260901,19,tvmonitor,s_pos,mixed
,all_rows,all,micro,mean,49.920082161993044,23.479164209533273,76.25266509757006,520,1449,1158,2147,,5000,5000,1.0,3021694564,20260901,,,s_pos,other_fg
,all_rows,all,micro,median,94.25785631829284,68.25973968610536,120.48969522492467,520,1449,1158,2147,,5000,5000,1.0,3021694564,20260901,,,s_pos,other_fg
,all_rows,all,micro,q25,-139.84862904181216,-167.33147722116271,-112.0835914444144,520,1449,1158,2147,,5000,5000,1.0,3021694564,20260901,,,s_pos,other_fg
,all_rows,all,micro,q75,304.04706320713717,274.9150274028667,332.9853133320624,520,1449,1158,2147,,5000,5000,1.0,3021694564,20260901,,,s_pos,other_fg
,all_rows,all,macro_class,mean,-34.49483985383709,-76.06252796638087,6.978253021065139,520,1449,1158,2147,20,5000,5000,1.0,3021694564,20260901,,,s_pos,other_fg
,all_rows,all,macro_class,median,-0.3302412965365306,-43.63331582174617,42.79511963448901,520,1449,1158,2147,20,5000,5000,1.0,3021694564,20260901,,,s_pos,other_fg
,all_rows,all,macro_class,q25,-227.88300078638287,-276.67539060854386,-179.4653148249992,520,1449,1158,2147,20,5000,5000,1.0,3021694564,20260901,,,s_pos,other_fg
,all_rows,all,macro_class,q75,214.09503956557697,171.52976807738517,256.51833664319474,520,1449,1158,2147,20,5000,5000,1.0,3021694564,20260901,,,s_pos,other_fg
,all_rows,exactly_2_labels,micro,mean,51.86229727905302,11.528487774392582,90.58022988549858,373,375,695,750,,5000,5000,1.0,3021694564,20260901,,,s_pos,other_fg
,all_rows,exactly_2_labels,micro,median,106.07533083558083,65.75448568979203,143.58237577243142,373,375,695,750,,5000,5000,1.0,3021694564,20260901,,,s_pos,other_fg
,all_rows,exactly_2_labels,micro,q25,-148.67252707905908,-189.80847431721654,-109.59812394315165,373,375,695,750,,5000,5000,1.0,3021694564,20260901,,,s_pos,other_fg
,all_rows,exactly_2_labels,micro,q75,332.0682179585434,287.7419005110376,374.8511403192627,373,375,695,750,,5000,5000,1.0,3021694564,20260901,,,s_pos,other_fg
,all_rows,exactly_2_labels,macro_class,mean,-38.83131776429211,-93.0187209092104,16.762562084751508,373,375,695,750,20,5000,5000,1.0,3021694564,20260901,,,s_pos,other_fg
,all_rows,exactly_2_labels,macro_class,median,0.9411963902802156,-54.511080848952766,59.24955590047089,373,375,695,750,20,5000,5000,1.0,3021694564,20260901,,,s_pos,other_fg
,all_rows,exactly_2_labels,macro_class,q25,-237.38349652040324,-299.56669035955696,-172.36242808760724,373,375,695,750,20,5000,5000,1.0,3021694564,20260901,,,s_pos,other_fg
,all_rows,exactly_2_labels,macro_class,q75,225.49326011252793,170.95737877587928,281.07702619292155,373,375,695,750,20,5000,5000,1.0,3021694564,20260901,,,s_pos,other_fg
,all_rows,3plus_labels,micro,mean,47.00466206187078,17.005813323312573,75.7695538340433,147,147,463,470,,5000,5000,1.0,3021694564,20260901,,,s_pos,other_fg
,all_rows,3plus_labels,micro,median,76.51888269083031,48.638428519126386,103.61569688072936,147,147,463,470,,5000,5000,1.0,3021694564,20260901,,,s_pos,other_fg
,all_rows,3plus_labels,micro,q25,-126.60325293838535,-162.42110838837843,-92.40456155215895,147,147,463,470,,5000,5000,1.0,3021694564,20260901,,,s_pos,other_fg
,all_rows,3plus_labels,micro,q75,261.9850706537304,229.7973250567861,294.909383832468,147,147,463,470,,5000,5000,1.0,3021694564,20260901,,,s_pos,other_fg
,all_rows,3plus_labels,macro_class,mean,-49.68792784284314,-85.08502305655506,6.469747160245286,147,147,463,470,20,5000,5000,1.0,3021694564,20260901,,,s_pos,other_fg
,all_rows,3plus_labels,macro_class,median,-25.209347389641927,-65.83615694991822,35.759864240882926,147,147,463,470,20,5000,5000,1.0,3021694564,20260901,,,s_pos,other_fg
,all_rows,3plus_labels,macro_class,q25,-226.94611143473247,-274.7081274804437,-160.7419731453747,147,147,463,470,20,5000,5000,1.0,3021694564,20260901,,,s_pos,other_fg
,all_rows,3plus_labels,macro_class,q75,161.000793623265,126.7177595979135,223.09180202823575,147,147,463,470,20,5000,5000,1.0,3021694564,20260901,,,s_pos,other_fg
,per_class,all,micro,mean,-60.294894008812484,-580.0393046297692,318.6580774777076,13,90,13,90,,5000,5000,1.0,3021694564,20260901,0,aeroplane,s_pos,other_fg
,per_class,all,micro,median,-30.505531714512752,-569.7206753194332,371.3813202135902,13,90,13,90,,5000,5000,1.0,3021694564,20260901,0,aeroplane,s_pos,other_fg
,per_class,all,micro,q25,-281.45846741016095,-786.0132534344991,95.70078592470713,13,90,13,90,,5000,5000,1.0,3021694564,20260901,0,aeroplane,s_pos,other_fg
,per_class,all,micro,q75,208.30518179673416,-359.86155512679704,648.3109482860565,13,90,13,90,,5000,5000,1.0,3021694564,20260901,0,aeroplane,s_pos,other_fg
,per_class,all,micro,mean,177.88835298913975,56.01832473586583,292.5840341169751,48,79,48,79,,5000,5000,1.0,3021694564,20260901,1,bicycle,s_pos,other_fg
,per_class,all,micro,median,166.6932751337687,38.78814566512497,286.14517735726815,48,79,48,79,,5000,5000,1.0,3021694564,20260901,1,bicycle,s_pos,other_fg
,per_class,all,micro,q25,-68.43842008709908,-189.6768246584006,31.478909600132013,48,79,48,79,,5000,5000,1.0,3021694564,20260901,1,bicycle,s_pos,other_fg
,per_class,all,micro,q75,432.6964868406455,292.32847770076046,574.0868283095896,48,79,48,79,,5000,5000,1.0,3021694564,20260901,1,bicycle,s_pos,other_fg
,per_class,all,micro,mean,62.63524205352452,-151.32457909525974,414.5212993445029,9,103,9,103,,5000,5000,1.0,3021694564,20260901,2,bird,s_pos,other_fg
,per_class,all,micro,median,73.79690763685439,-141.98359298706055,426.11473242895937,9,103,9,103,,5000,5000,1.0,3021694564,20260901,2,bird,s_pos,other_fg
,per_class,all,micro,q25,-165.3725234137641,-459.5151687145233,257.68095435698683,9,103,9,103,,5000,5000,1.0,3021694564,20260901,2,bird,s_pos,other_fg
,per_class,all,micro,q75,278.9351846774419,41.05418244625132,587.3700295384725,9,103,9,103,,5000,5000,1.0,3021694564,20260901,2,bird,s_pos,other_fg
,per_class,all,micro,mean,-223.09735797582903,-424.6574269043564,-25.266460843898976,17,72,17,72,,5000,5000,1.0,3021694564,20260901,3,boat,s_pos,other_fg
,per_class,all,micro,median,-190.2328197254854,-386.2915919285554,-1.0254177670523588,17,72,17,72,,5000,5000,1.0,3021694564,20260901,3,boat,s_pos,other_fg
,per_class,all,micro,q25,-442.7640104293823,-678.5370758305847,-227.3987026074354,17,72,17,72,,5000,5000,1.0,3021694564,20260901,3,boat,s_pos,other_fg
,per_class,all,micro,q75,65.29061590485713,-153.76869121308462,285.7126248843901,17,72,17,72,,5000,5000,1.0,3021694564,20260901,3,boat,s_pos,other_fg
,per_class,all,micro,mean,36.83449213015604,-26.274274504805767,97.35474152320532,60,96,60,96,,5000,5000,1.0,3021694564,20260901,4,bottle,s_pos,other_fg
,per_class,all,micro,median,68.70476642251015,6.048716730796374,132.69546156688048,60,96,60,96,,5000,5000,1.0,3021694564,20260901,4,bottle,s_pos,other_fg
,per_class,all,micro,q25,-129.7250033463041,-204.56538573815527,-66.72952345075885,60,96,60,96,,5000,5000,1.0,3021694564,20260901,4,bottle,s_pos,other_fg
,per_class,all,micro,q75,241.32441465059915,159.16951475887072,327.0676366541021,60,96,60,96,,5000,5000,1.0,3021694564,20260901,4,bottle,s_pos,other_fg
,per_class,all,micro,mean,-152.83772781882266,-271.425067743125,-47.87291495523067,34,74,34,74,,5000,5000,1.0,3021694564,20260901,5,bus,s_pos,other_fg
,per_class,all,micro,median,-142.267298105885,-249.35606259840338,-46.94585388633887,34,74,34,74,,5000,5000,1.0,3021694564,20260901,5,bus,s_pos,other_fg
,per_class,all,micro,q25,-284.396669514039,-401.9628780441406,-182.9445646678028,34,74,34,74,,5000,5000,1.0,3021694564,20260901,5,bus,s_pos,other_fg
,per_class,all,micro,q75,10.177379488945007,-115.08162204214874,124.4465089313898,34,74,34,74,,5000,5000,1.0,3021694564,20260901,5,bus,s_pos,other_fg
,per_class,all,micro,mean,51.49111914315961,-20.339678944663643,121.71133876226163,79,127,79,127,,5000,5000,1.0,3021694564,20260901,6,car,s_pos,other_fg
,per_class,all,micro,median,84.60853319002103,15.758869637274879,154.05977522275023,79,127,79,127,,5000,5000,1.0,3021694564,20260901,6,car,s_pos,other_fg
,per_class,all,micro,q25,-101.1208838952493,-185.44542025699187,-24.1244160810973,79,127,79,127,,5000,5000,1.0,3021694564,20260901,6,car,s_pos,other_fg
,per_class,all,micro,q75,245.47808489995666,166.67287553304757,330.622125021099,79,127,79,127,,5000,5000,1.0,3021694564,20260901,6,car,s_pos,other_fg
,per_class,all,micro,mean,-179.24837628525182,-377.8488555680344,-26.696893671084833,30,119,30,119,,5000,5000,1.0,3021694564,20260901,7,cat,s_pos,other_fg
,per_class,all,micro,median,-144.26990565260252,-346.5952596471481,3.832006859044007,30,119,30,119,,5000,5000,1.0,3021694564,20260901,7,cat,s_pos,other_fg
,per_class,all,micro,q25,-405.7341639677683,-643.9926323692193,-219.19642778072674,30,119,30,119,,5000,5000,1.0,3021694564,20260901,7,cat,s_pos,other_fg
,per_class,all,micro,q75,120.49284261862437,-36.773282038739744,252.33966431816415,30,119,30,119,,5000,5000,1.0,3021694564,20260901,7,cat,s_pos,other_fg
,per_class,all,micro,mean,32.41693837683274,-8.323287330026968,75.86405847812,107,123,107,123,,5000,5000,1.0,3021694564,20260901,8,chair,s_pos,other_fg
,per_class,all,micro,median,60.04402748112366,18.811301054754882,105.57373619635912,107,123,107,123,,5000,5000,1.0,3021694564,20260901,8,chair,s_pos,other_fg
,per_class,all,micro,q25,-78.8243934676469,-123.23882523302275,-31.9067141105667,107,123,107,123,,5000,5000,1.0,3021694564,20260901,8,chair,s_pos,other_fg
,per_class,all,micro,q75,190.9390984429656,145.23642658107576,242.48485056999772,107,123,107,123,,5000,5000,1.0,3021694564,20260901,8,chair,s_pos,other_fg
,per_class,all,micro,mean,-355.1254054449588,-593.9088536866763,-135.04000455115968,14,71,14,71,,5000,5000,1.0,3021694564,20260901,9,cow,s_pos,other_fg
,per_class,all,micro,median,-286.18698242732455,-493.690196118512,-94.06414054036141,14,71,14,71,,5000,5000,1.0,3021694564,20260901,9,cow,s_pos,other_fg
,per_class,all,micro,q25,-527.896854536874,-789.2997019026014,-290.87842890782804,14,71,14,71,,5000,5000,1.0,3021694564,20260901,9,cow,s_pos,other_fg
,per_class,all,micro,q75,-90.8598404441561,-285.521684642349,105.4381845053037,14,71,14,71,,5000,5000,1.0,3021694564,20260901,9,cow,s_pos,other_fg
,per_class,all,micro,mean,74.34254194159536,40.43533958434308,110.64149419177267,70,75,70,75,,5000,5000,1.0,3021694564,20260901,10,diningtable,s_pos,other_fg
,per_class,all,micro,median,79.87601628814424,44.32627260804487,118.51267094572515,70,75,70,75,,5000,5000,1.0,3021694564,20260901,10,diningtable,s_pos,other_fg
,per_class,all,micro,q25,-45.66560424131208,-76.73973316087569,-15.942282989381129,70,75,70,75,,5000,5000,1.0,3021694564,20260901,10,diningtable,s_pos,other_fg
,per_class,all,micro,q75,199.9906622584776,149.0035053090208,255.24756143297571,70,75,70,75,,5000,5000,1.0,3021694564,20260901,10,diningtable,s_pos,other_fg
,per_class,all,micro,mean,180.6390491823248,44.230249048032064,296.2304481084822,43,128,43,128,,5000,5000,1.0,3021694564,20260901,11,dog,s_pos,other_fg
,per_class,all,micro,median,252.7629460401313,128.68737186273182,359.6453168973008,43,128,43,128,,5000,5000,1.0,3021694564,20260901,11,dog,s_pos,other_fg
,per_class,all,micro,q25,-34.817029108834824,-200.6037708896292,96.8927448215825,43,128,43,128,,5000,5000,1.0,3021694564,20260901,11,dog,s_pos,other_fg
,per_class,all,micro,q75,515.9119677876317,391.86804163705733,637.4221144568097,43,128,43,128,,5000,5000,1.0,3021694564,20260901,11,dog,s_pos,other_fg
,per_class,all,micro,mean,-77.68497397780231,-182.55337236254508,19.602562145010268,34,79,34,79,,5000,5000,1.0,3021694564,20260901,12,horse,s_pos,other_fg
,per_class,all,micro,median,20.832681343835944,-77.0868019291949,111.8064125612687,34,79,34,79,,5000,5000,1.0,3021694564,20260901,12,horse,s_pos,other_fg
,per_class,all,micro,q25,-311.114470446811,-419.9801617521615,-207.5088421038219,34,79,34,79,,5000,5000,1.0,3021694564,20260901,12,horse,s_pos,other_fg
,per_class,all,micro,q75,290.63995040865507,182.4040661761255,394.61744807951976,34,79,34,79,,5000,5000,1.0,3021694564,20260901,12,horse,s_pos,other_fg
,per_class,all,micro,mean,147.4700231969402,22.89099930829111,265.5349121204064,52,76,52,76,,5000,5000,1.0,3021694564,20260901,13,motorbike,s_pos,other_fg
,per_class,all,micro,median,226.9907307258019,117.32549818712695,336.973764157331,52,76,52,76,,5000,5000,1.0,3021694564,20260901,13,motorbike,s_pos,other_fg
,per_class,all,micro,q25,-109.9766612786513,-280.6197311433606,26.325709742086833,52,76,52,76,,5000,5000,1.0,3021694564,20260901,13,motorbike,s_pos,other_fg
,per_class,all,micro,q75,518.4024196255666,395.9978489284959,644.7422339834882,52,76,52,76,,5000,5000,1.0,3021694564,20260901,13,motorbike,s_pos,other_fg
,per_class,all,micro,mean,110.69506489313008,58.590424495200956,161.74698803047076,373,445,373,445,,5000,5000,1.0,3021694564,20260901,14,person,s_pos,other_fg
,per_class,all,micro,median,185.1475876008058,134.1423757385568,234.45651915616398,373,445,373,445,,5000,5000,1.0,3021694564,20260901,14,person,s_pos,other_fg
,per_class,all,micro,q25,-114.28577570013961,-172.38048703778145,-59.408644781356465,373,445,373,445,,5000,5000,1.0,3021694564,20260901,14,person,s_pos,other_fg
,per_class,all,micro,q75,434.88582642032856,381.1382264642798,486.5339581560567,373,445,373,445,,5000,5000,1.0,3021694564,20260901,14,person,s_pos,other_fg
,per_class,all,micro,mean,43.025668822729735,-28.461751085611418,113.16282788280374,60,85,60,85,,5000,5000,1.0,3021694564,20260901,15,pottedplant,s_pos,other_fg
,per_class,all,micro,median,58.922381986180945,-11.039286897452104,131.335302338331,60,85,60,85,,5000,5000,1.0,3021694564,20260901,15,pottedplant,s_pos,other_fg
,per_class,all,micro,q25,-104.37224530378977,-193.07235956480145,-24.183250057372195,60,85,60,85,,5000,5000,1.0,3021694564,20260901,15,pottedplant,s_pos,other_fg
,per_class,all,micro,q75,205.46520311757922,132.17005195637407,281.58949676327836,60,85,60,85,,5000,5000,1.0,3021694564,20260901,15,pottedplant,s_pos,other_fg
,per_class,all,micro,mean,-188.54202542463202,-449.1411471847101,16.749032362658753,5,57,5,57,,5000,4971,0.9942,3021694564,20260901,16,sheep,s_pos,other_fg
,per_class,all,micro,median,-165.0956965446472,-470.9026336669922,78.67525506019592,5,57,5,57,,5000,4971,0.9942,3021694564,20260901,16,sheep,s_pos,other_fg
,per_class,all,micro,q25,-354.08838748335836,-700.2544021606445,-61.12973068654537,5,57,5,57,,5000,4971,0.9942,3021694564,20260901,16,sheep,s_pos,other_fg
,per_class,all,micro,q75,19.53443145751953,-200.05783462524414,228.26110649108887,5,57,5,57,,5000,4971,0.9942,3021694564,20260901,16,sheep,s_pos,other_fg
,per_class,all,micro,mean,78.35967736447617,21.446092434565795,135.04939945710518,63,90,63,90,,5000,5000,1.0,3021694564,20260901,17,sofa,s_pos,other_fg
,per_class,all,micro,median,90.60146212388598,32.734132837001724,148.50000532687633,63,90,63,90,,5000,5000,1.0,3021694564,20260901,17,sofa,s_pos,other_fg
,per_class,all,micro,q25,-51.99642407468387,-113.87446755174125,6.594554145538024,63,90,63,90,,5000,5000,1.0,3021694564,20260901,17,sofa,s_pos,other_fg
,per_class,all,micro,q75,241.21881604975178,177.45173912024688,307.21424503500623,63,90,63,90,,5000,5000,1.0,3021694564,20260901,17,sofa,s_pos,other_fg
,per_class,all,micro,mean,-363.90417411527443,-751.1905415929491,-68.74289853942255,10,84,10,84,,5000,5000,1.0,3021694564,20260901,18,train,s_pos,other_fg
,per_class,all,micro,median,-334.691813993454,-815.4423995971679,-7.680331080158572,10,84,10,84,,5000,5000,1.0,3021694564,20260901,18,train,s_pos,other_fg
,per_class,all,micro,q25,-643.2649684906006,-1207.943727200826,-248.31057546615605,10,84,10,84,,5000,5000,1.0,3021694564,20260901,18,train,s_pos,other_fg
,per_class,all,micro,q75,19.38691625595093,-278.7883984273964,264.4420859634876,10,84,10,84,,5000,5000,1.0,3021694564,20260901,18,train,s_pos,other_fg
,per_class,all,micro,mean,-84.96003211936706,-183.024248222766,5.457120509330429,37,74,37,74,,5000,5000,1.0,3021694564,20260901,19,tvmonitor,s_pos,other_fg
,per_class,all,micro,median,-82.33609373988332,-177.78972517306778,3.6609914008131104,37,74,37,74,,5000,5000,1.0,3021694564,20260901,19,tvmonitor,s_pos,other_fg
,per_class,all,micro,q25,-302.3470595311877,-435.59066427197746,-183.48985696973796,37,74,37,74,,5000,5000,1.0,3021694564,20260901,19,tvmonitor,s_pos,other_fg
,per_class,all,micro,q75,133.68514905346407,45.948362530326996,221.0251562746104,37,74,37,74,,5000,5000,1.0,3021694564,20260901,19,tvmonitor,s_pos,other_fg
,all_rows,all,micro,mean,133.92703156893884,109.95482778942042,157.96557055984775,1441,1449,2031,2147,,5000,5000,1.0,3021694564,20260901,,,s_pos,target
,all_rows,all,micro,median,213.52028162530172,189.27002612411763,237.75294113301436,1441,1449,2031,2147,,5000,5000,1.0,3021694564,20260901,,,s_pos,target
,all_rows,all,micro,q25,-106.85249902034391,-131.85972902342206,-82.18667066772679,1441,1449,2031,2147,,5000,5000,1.0,3021694564,20260901,,,s_pos,target
,all_rows,all,micro,q75,495.7069775382931,469.16706624420243,521.9642424106173,1441,1449,2031,2147,,5000,5000,1.0,3021694564,20260901,,,s_pos,target
,all_rows,all,macro_class,mean,73.62500648592597,53.49251054414257,93.46161752535934,1441,1449,2031,2147,20,5000,5000,1.0,3021694564,20260901,,,s_pos,target
,all_rows,all,macro_class,median,158.32947011537038,137.36368021031583,178.25799687546154,1441,1449,2031,2147,20,5000,5000,1.0,3021694564,20260901,,,s_pos,target
,all_rows,all,macro_class,q25,-145.9020847922943,-168.17387992438037,-124.39794783889634,1441,1449,2031,2147,20,5000,5000,1.0,3021694564,20260901,,,s_pos,target
,all_rows,all,macro_class,q75,416.4780908318976,394.7594043911442,437.3922191656213,1441,1449,2031,2147,20,5000,5000,1.0,3021694564,20260901,,,s_pos,target
,all_rows,single_label,micro,mean,69.56256506021003,26.069249306342684,112.84059497257229,921,927,921,927,,5000,5000,1.0,3021694564,20260901,,,s_pos,target
,all_rows,single_label,micro,median,188.33142416575575,144.29226301806887,232.2984294498803,921,927,921,927,,5000,5000,1.0,3021694564,20260901,,,s_pos,target
,all_rows,single_label,micro,q25,-215.82829742894904,-262.2773859850461,-170.5924503021573,921,927,921,927,,5000,5000,1.0,3021694564,20260901,,,s_pos,target
,all_rows,single_label,micro,q75,525.8325572762998,479.1761799495742,572.2448271578578,921,927,921,927,,5000,5000,1.0,3021694564,20260901,,,s_pos,target
,all_rows,single_label,macro_class,mean,87.44304755465043,57.15499719179892,117.75453462397016,921,927,921,927,20,5000,5000,1.0,3021694564,20260901,,,s_pos,target
,all_rows,single_label,macro_class,median,199.2034905060189,168.5005243049406,229.59565705136814,921,927,921,927,20,5000,5000,1.0,3021694564,20260901,,,s_pos,target
,all_rows,single_label,macro_class,q25,-165.74252381902397,-197.67416867693711,-133.82398196780537,921,927,921,927,20,5000,5000,1.0,3021694564,20260901,,,s_pos,target
,all_rows,single_label,macro_class,q75,504.0876431783903,471.0962161263701,536.7498918098303,921,927,921,927,20,5000,5000,1.0,3021694564,20260901,,,s_pos,target
,all_rows,exactly_2_labels,micro,mean,206.4268600653617,172.23624786803666,238.56152780480002,373,375,695,750,,5000,5000,1.0,3021694564,20260901,,,s_pos,target
,all_rows,exactly_2_labels,micro,median,266.4669101111323,233.665866680391,298.22604316394626,373,375,695,750,,5000,5000,1.0,3021694564,20260901,,,s_pos,target
,all_rows,exactly_2_labels,micro,q25,-17.417509699748198,-50.81486850879127,14.522754724690117,373,375,695,750,,5000,5000,1.0,3021694564,20260901,,,s_pos,target
,all_rows,exactly_2_labels,micro,q75,528.2566293001604,490.1479876628503,564.884368012374,373,375,695,750,,5000,5000,1.0,3021694564,20260901,,,s_pos,target
,all_rows,exactly_2_labels,macro_class,mean,109.54087667387925,65.26958191594285,153.66953705299457,373,375,695,750,20,5000,5000,1.0,3021694564,20260901,,,s_pos,target
,all_rows,exactly_2_labels,macro_class,median,169.25005774302147,127.24353853912793,210.9627398110361,373,375,695,750,20,5000,5000,1.0,3021694564,20260901,,,s_pos,target
,all_rows,exactly_2_labels,macro_class,q25,-92.81689567703951,-137.73240282202923,-47.328368865028644,373,375,695,750,20,5000,5000,1.0,3021694564,20260901,,,s_pos,target
,all_rows,exactly_2_labels,macro_class,q75,409.4925632964017,358.0746159165644,461.0711800417557,373,375,695,750,20,5000,5000,1.0,3021694564,20260901,,,s_pos,target
,all_rows,3plus_labels,micro,mean,155.3542432545427,125.55401707980195,185.26041057516824,147,147,415,470,,5000,5000,1.0,3021694564,20260901,,,s_pos,target
,all_rows,3plus_labels,micro,median,180.75168143877065,150.57118156948567,210.54698956144148,147,147,415,470,,5000,5000,1.0,3021694564,20260901,,,s_pos,target
,all_rows,3plus_labels,micro,q25,-14.781673101039535,-44.10864142730632,15.1338440445503,147,147,415,470,,5000,5000,1.0,3021694564,20260901,,,s_pos,target
,all_rows,3plus_labels,micro,q75,374.3391054582883,337.90430588161405,411.0265475529204,147,147,415,470,,5000,5000,1.0,3021694564,20260901,,,s_pos,target
,all_rows,3plus_labels,macro_class,mean,135.70454719605456,79.04953640275285,199.36472027728192,147,147,415,470,19,5000,5000,1.0,3021694564,20260901,,,s_pos,target
,all_rows,3plus_labels,macro_class,median,161.5565920721552,101.27673875194783,233.22994450828494,147,147,415,470,19,5000,5000,1.0,3021694564,20260901,,,s_pos,target
,all_rows,3plus_labels,macro_class,q25,-13.208787059091815,-68.873227820209,49.050886264558955,147,147,415,470,19,5000,5000,1.0,3021694564,20260901,,,s_pos,target
,all_rows,3plus_labels,macro_class,q75,334.0169815202955,272.55342428318403,409.095400625395,147,147,415,470,19,5000,5000,1.0,3021694564,20260901,,,s_pos,target
,per_class,all,micro,mean,-128.8571272563184,-248.65294806709733,-23.4608911314691,87,90,87,90,,5000,5000,1.0,3021694564,20260901,0,aeroplane,s_pos,target
,per_class,all,micro,median,2.4094939286681427,-105.33097922293399,98.7301277774161,87,90,87,90,,5000,5000,1.0,3021694564,20260901,0,aeroplane,s_pos,target
,per_class,all,micro,q25,-356.7132967710495,-498.5627183882508,-236.09214445379655,87,90,87,90,,5000,5000,1.0,3021694564,20260901,0,aeroplane,s_pos,target
,per_class,all,micro,q75,281.64646050059935,184.57767796984936,371.15909154209595,87,90,87,90,,5000,5000,1.0,3021694564,20260901,0,aeroplane,s_pos,target
,per_class,all,micro,mean,604.1962974946815,519.3581558419195,688.4136185821774,71,79,71,79,,5000,5000,1.0,3021694564,20260901,1,bicycle,s_pos,target
,per_class,all,micro,median,655.3578317669076,564.3658361733051,746.6788283051716,71,79,71,79,,5000,5000,1.0,3021694564,20260901,1,bicycle,s_pos,target
,per_class,all,micro,q25,348.03614251210655,266.6110710654373,430.35716481371225,71,79,71,79,,5000,5000,1.0,3021694564,20260901,1,bicycle,s_pos,target
,per_class,all,micro,q75,914.4446486436145,815.561080001508,1014.499893800171,71,79,71,79,,5000,5000,1.0,3021694564,20260901,1,bicycle,s_pos,target
,per_class,all,micro,mean,-434.04109146376123,-596.9122985814244,-271.78394788285806,99,103,99,103,,5000,5000,1.0,3021694564,20260901,2,bird,s_pos,target
,per_class,all,micro,median,-304.06493357937745,-465.89756250027625,-145.78318483193854,99,103,99,103,,5000,5000,1.0,3021694564,20260901,2,bird,s_pos,target
,per_class,all,micro,q25,-1015.5206249133505,-1208.3768441096358,-833.3223111366987,99,103,99,103,,5000,5000,1.0,3021694564,20260901,2,bird,s_pos,target
,per_class,all,micro,q75,323.24370898622453,169.48383669779074,477.7397819178875,99,103,99,103,,5000,5000,1.0,3021694564,20260901,2,bird,s_pos,target
,per_class,all,micro,mean,-81.3835172442791,-241.75005743545975,85.93895619814056,69,72,69,72,,5000,5000,1.0,3021694564,20260901,3,boat,s_pos,target
,per_class,all,micro,median,18.766822852950167,-147.26424560353297,186.83936946022533,69,72,69,72,,5000,5000,1.0,3021694564,20260901,3,boat,s_pos,target
,per_class,all,micro,q25,-388.1907133848771,-568.6664523198172,-204.42818868000035,69,72,69,72,,5000,5000,1.0,3021694564,20260901,3,boat,s_pos,target
,per_class,all,micro,q75,354.7067246437073,197.2661561419354,517.5895630173819,69,72,69,72,,5000,5000,1.0,3021694564,20260901,3,boat,s_pos,target
,per_class,all,micro,mean,-20.725287670083144,-126.13819650207057,78.97147295049967,87,96,87,96,,5000,5000,1.0,3021694564,20260901,4,bottle,s_pos,target
,per_class,all,micro,median,48.21866323619053,-57.44466782496256,149.77131271744054,87,96,87,96,,5000,5000,1.0,3021694564,20260901,4,bottle,s_pos,target
,per_class,all,micro,q25,-273.62082632896545,-385.9147959820037,-166.59224448491463,87,96,87,96,,5000,5000,1.0,3021694564,20260901,4,bottle,s_pos,target
,per_class,all,micro,q75,317.37837245820583,202.09213280088522,428.58139098943434,87,96,87,96,,5000,5000,1.0,3021694564,20260901,4,bottle,s_pos,target
,per_class,all,micro,mean,9.03433316277645,-41.91380541725592,58.52978345429489,73,74,73,74,,5000,5000,1.0,3021694564,20260901,5,bus,s_pos,target
,per_class,all,micro,median,124.6825007359459,88.98692696111964,160.0699263890047,73,74,73,74,,5000,5000,1.0,3021694564,20260901,5,bus,s_pos,target
,per_class,all,micro,q25,-47.71716789554243,-96.15981990588276,-1.085837349173147,73,74,73,74,,5000,5000,1.0,3021694564,20260901,5,bus,s_pos,target
,per_class,all,micro,q75,256.30122136416503,218.50846201620558,294.57545230364474,73,74,73,74,,5000,5000,1.0,3021694564,20260901,5,bus,s_pos,target
,per_class,all,micro,mean,125.76777549968659,86.47029005770932,164.99683187821844,113,127,113,127,,5000,5000,1.0,3021694564,20260901,6,car,s_pos,target
,per_class,all,micro,median,222.80214163476387,179.29925390527194,269.37679794802926,113,127,113,127,,5000,5000,1.0,3021694564,20260901,6,car,s_pos,target
,per_class,all,micro,q25,3.875280818580526,-26.903125881240477,34.44398872578427,113,127,113,127,,5000,5000,1.0,3021694564,20260901,6,car,s_pos,target
,per_class,all,micro,q75,417.2559619814289,352.2500239886053,487.87103322438213,113,127,113,127,,5000,5000,1.0,3021694564,20260901,6,car,s_pos,target
,per_class,all,micro,mean,809.7118997703355,728.8737749979805,889.5617364645395,119,119,119,119,,5000,5000,1.0,3021694564,20260901,7,cat,s_pos,target
,per_class,all,micro,median,977.2448144600171,886.7833422652814,1067.4280582382398,119,119,119,119,,5000,5000,1.0,3021694564,20260901,7,cat,s_pos,target
,per_class,all,micro,q25,516.1925263044683,440.2752348227423,595.6248144083382,119,119,119,119,,5000,5000,1.0,3021694564,20260901,7,cat,s_pos,target
,per_class,all,micro,q75,1321.1625570815152,1218.7258123751571,1420.8900460192388,119,119,119,119,,5000,5000,1.0,3021694564,20260901,7,cat,s_pos,target
,per_class,all,micro,mean,-54.61528743435035,-94.39236443858852,-14.870271675377015,112,123,112,123,,5000,5000,1.0,3021694564,20260901,8,chair,s_pos,target
,per_class,all,micro,median,-36.78184942581824,-73.21371061190963,-0.9120923159982227,112,123,112,123,,5000,5000,1.0,3021694564,20260901,8,chair,s_pos,target
,per_class,all,micro,q25,-169.1114358313914,-212.9863092295236,-127.39365022440161,112,123,112,123,,5000,5000,1.0,3021694564,20260901,8,chair,s_pos,target
,per_class,all,micro,q75,94.74011796047645,54.315002366398964,137.00024080411208,112,123,112,123,,5000,5000,1.0,3021694564,20260901,8,chair,s_pos,target
,per_class,all,micro,mean,-670.5823099620169,-738.2985130569652,-604.2794735142897,71,71,71,71,,5000,5000,1.0,3021694564,20260901,9,cow,s_pos,target
,per_class,all,micro,median,-616.6446769069618,-681.4783989852583,-553.4721704912857,71,71,71,71,,5000,5000,1.0,3021694564,20260901,9,cow,s_pos,target
,per_class,all,micro,q25,-852.2559617808167,-927.9443451653063,-776.6145453372471,71,71,71,71,,5000,5000,1.0,3021694564,20260901,9,cow,s_pos,target
,per_class,all,micro,q75,-417.7233187581452,-475.8679167082612,-360.90380162924106,71,71,71,71,,5000,5000,1.0,3021694564,20260901,9,cow,s_pos,target
,per_class,all,micro,mean,5.073648829568105,-33.93632451366168,40.46655655352233,73,75,73,75,,5000,5000,1.0,3021694564,20260901,10,diningtable,s_pos,target
,per_class,all,micro,median,47.09873119282396,13.249638188305035,78.2793297478744,73,75,73,75,,5000,5000,1.0,3021694564,20260901,10,diningtable,s_pos,target
,per_class,all,micro,q25,-89.2611439060675,-136.59647847653642,-48.407712615130315,73,75,73,75,,5000,5000,1.0,3021694564,20260901,10,diningtable,s_pos,target
,per_class,all,micro,q75,162.77365400203286,122.15485330552248,206.76874316045138,73,75,73,75,,5000,5000,1.0,3021694564,20260901,10,diningtable,s_pos,target
,per_class,all,micro,mean,395.9327249040212,316.96426557170446,470.66873064377495,128,128,128,128,,5000,5000,1.0,3021694564,20260901,11,dog,s_pos,target
,per_class,all,micro,median,486.02395890653133,407.8788404446095,558.6791361022739,128,128,128,128,,5000,5000,1.0,3021694564,20260901,11,dog,s_pos,target
,per_class,all,micro,q25,162.7232772614807,78.60504517809022,241.36881010555658,128,128,128,128,,5000,5000,1.0,3021694564,20260901,11,dog,s_pos,target
,per_class,all,micro,q75,778.7782771736383,701.1928859177976,856.1829970870166,128,128,128,128,,5000,5000,1.0,3021694564,20260901,11,dog,s_pos,target
,per_class,all,micro,mean,-13.958117339481184,-81.58761498854578,50.070207721228975,77,79,77,79,,5000,5000,1.0,3021694564,20260901,12,horse,s_pos,target
,per_class,all,micro,median,51.54086825986961,-13.671003754597207,112.72219654202067,77,79,77,79,,5000,5000,1.0,3021694564,20260901,12,horse,s_pos,target
,per_class,all,micro,q25,-177.95296200180982,-253.69702116331302,-110.00400592056616,77,79,77,79,,5000,5000,1.0,3021694564,20260901,12,horse,s_pos,target
,per_class,all,micro,q75,242.79891133695455,179.03924817650363,306.4642049425608,77,79,77,79,,5000,5000,1.0,3021694564,20260901,12,horse,s_pos,target
,per_class,all,micro,mean,-12.367008189410013,-106.71509929847574,81.1813684874898,75,76,75,76,,5000,5000,1.0,3021694564,20260901,13,motorbike,s_pos,target
,per_class,all,micro,median,139.7669633714358,47.6682502356569,230.72782611422133,75,76,75,76,,5000,5000,1.0,3021694564,20260901,13,motorbike,s_pos,target
,per_class,all,micro,q25,-268.64027465025583,-375.56236278146713,-164.07020855228407,75,76,75,76,,5000,5000,1.0,3021694564,20260901,13,motorbike,s_pos,target
,per_class,all,micro,q75,442.7118173980713,353.9959919738319,531.9834825247756,75,76,75,76,,5000,5000,1.0,3021694564,20260901,13,motorbike,s_pos,target
,per_class,all,micro,mean,335.4129580006328,299.0687524996954,372.9969815586066,413,445,413,445,,5000,5000,1.0,3021694564,20260901,14,person,s_pos,target
,per_class,all,micro,median,380.3325296735648,342.7770496453933,419.6221581070159,413,445,413,445,,5000,5000,1.0,3021694564,20260901,14,person,s_pos,target
,per_class,all,micro,q25,1.1309415284785516,-30.274896378729157,33.077279288456616,413,445,413,445,,5000,5000,1.0,3021694564,20260901,14,person,s_pos,target
,per_class,all,micro,q75,762.8517334367403,710.8534038578906,816.6468211179734,413,445,413,445,,5000,5000,1.0,3021694564,20260901,14,person,s_pos,target
,per_class,all,micro,mean,374.60968633597537,281.86035357989283,475.03523123283725,68,85,68,85,,5000,5000,1.0,3021694564,20260901,15,pottedplant,s_pos,target
,per_class,all,micro,median,419.1128123840865,315.90282835375507,531.2229618562885,68,85,68,85,,5000,5000,1.0,3021694564,20260901,15,pottedplant,s_pos,target
,per_class,all,micro,q25,189.46182040388092,114.08463792383738,271.96180031999296,68,85,68,85,,5000,5000,1.0,3021694564,20260901,15,pottedplant,s_pos,target
,per_class,all,micro,q75,642.5984840709168,506.8062187069743,791.5010831276575,68,85,68,85,,5000,5000,1.0,3021694564,20260901,15,pottedplant,s_pos,target
,per_class,all,micro,mean,-444.5353141512482,-517.1020688696308,-371.63275164851774,57,57,57,57,,5000,5000,1.0,3021694564,20260901,16,sheep,s_pos,target
,per_class,all,micro,median,-377.94880087333814,-450.83939907425327,-305.3634073633897,57,57,57,57,,5000,5000,1.0,3021694564,20260901,16,sheep,s_pos,target
,per_class,all,micro,q25,-630.035044268558,-718.0062882891872,-542.6071877613402,57,57,57,57,,5000,5000,1.0,3021694564,20260901,16,sheep,s_pos,target
,per_class,all,micro,q75,-175.83198835766106,-237.43920071830874,-113.26247296056209,57,57,57,57,,5000,5000,1.0,3021694564,20260901,16,sheep,s_pos,target
,per_class,all,micro,mean,202.8975971566897,143.89576543877874,262.54548406259613,88,90,88,90,,5000,5000,1.0,3021694564,20260901,17,sofa,s_pos,target
,per_class,all,micro,median,229.04151248694822,167.9220978014933,291.48652781377496,88,90,88,90,,5000,5000,1.0,3021694564,20260901,17,sofa,s_pos,target
,per_class,all,micro,q25,94.46194259211717,39.321140780460496,149.01661985272673,88,90,88,90,,5000,5000,1.0,3021694564,20260901,17,sofa,s_pos,target
,per_class,all,micro,q75,355.5745314142921,285.56530968074765,425.6965538485484,88,90,88,90,,5000,5000,1.0,3021694564,20260901,17,sofa,s_pos,target
,per_class,all,micro,mean,-229.8120294084605,-293.1319853629933,-167.37925245063187,84,84,84,84,,5000,5000,1.0,3021694564,20260901,18,train,s_pos,target
,per_class,all,micro,median,-135.4315456063265,-189.37104067193079,-80.98451068601794,84,84,84,84,,5000,5000,1.0,3021694564,20260901,18,train,s_pos,target
,per_class,all,micro,q25,-415.4532617614383,-482.4863450742903,-349.68682168438323,84,84,84,84,,5000,5000,1.0,3021694564,20260901,18,train,s_pos,target
,per_class,all,micro,q75,101.04775962100497,53.233251183424585,150.29840475556747,84,84,84,84,,5000,5000,1.0,3021694564,20260901,18,train,s_pos,target
,per_class,all,micro,mean,700.740298683561,587.3411419400472,817.4628072210787,67,74,67,74,,5000,5000,1.0,3021694564,20260901,19,tvmonitor,s_pos,target
,per_class,all,micro,median,835.0615638085266,699.2895414736674,975.5686559354808,67,74,67,74,,5000,5000,1.0,3021694564,20260901,19,tvmonitor,s_pos,target
,per_class,all,micro,q25,450.54908622712344,335.53467780844744,568.9788788687149,67,74,67,74,,5000,5000,1.0,3021694564,20260901,19,tvmonitor,s_pos,target
,per_class,all,micro,q75,1153.102181680167,1002.1165049601927,1307.869966590318,67,74,67,74,,5000,5000,1.0,3021694564,20260901,19,tvmonitor,s_pos,target
,all_rows,all,micro,mean,223.10245616018685,196.58993224346602,249.37790262447302,1424,1449,2004,2147,,5000,5000,1.0,3021694564,20260901,,,s_pos,target_minus_background
,all_rows,all,macro_class,mean,180.99770542312677,158.51084476171158,203.4166065758359,1424,1449,2004,2147,20,5000,5000,1.0,3021694564,20260901,,,s_pos,target_minus_background
,all_rows,single_label,micro,mean,303.3892611746703,257.06559679856855,350.2593933298321,912,927,912,927,,5000,5000,1.0,3021694564,20260901,,,s_pos,target_minus_background
,all_rows,single_label,macro_class,mean,269.0317907246267,232.24876440825204,305.99482027329856,912,927,912,927,20,5000,5000,1.0,3021694564,20260901,,,s_pos,target_minus_background
,all_rows,exactly_2_labels,micro,mean,187.47438809741394,151.93262563466163,223.53499472855597,367,375,683,750,,5000,5000,1.0,3021694564,20260901,,,s_pos,target_minus_background
,all_rows,exactly_2_labels,macro_class,mean,120.31937048931668,78.78424366332568,163.15817071959677,367,375,683,750,20,5000,5000,1.0,3021694564,20260901,,,s_pos,target_minus_background
,all_rows,3plus_labels,micro,mean,103.5728823549667,71.81461316294171,136.39577530135188,145,147,409,470,,5000,5000,1.0,3021694564,20260901,,,s_pos,target_minus_background
,all_rows,3plus_labels,macro_class,mean,99.3846227197874,34.92976972522265,171.6132478521752,145,147,409,470,19,5000,5000,1.0,3021694564,20260901,,,s_pos,target_minus_background
,per_class,all,micro,mean,133.27048293555913,4.3690289018344055,250.878456647821,87,90,87,90,,5000,5000,1.0,3021694564,20260901,0,aeroplane,s_pos,target_minus_background
,per_class,all,micro,mean,447.38298216443144,363.83906251066514,535.5497990927556,71,79,71,79,,5000,5000,1.0,3021694564,20260901,1,bicycle,s_pos,target_minus_background
,per_class,all,micro,mean,37.31010313447105,-118.82951292238668,190.63580399704637,99,103,99,103,,5000,5000,1.0,3021694564,20260901,2,bird,s_pos,target_minus_background
,per_class,all,micro,mean,147.6508160227191,4.767508505437935,291.73408685530234,69,72,69,72,,5000,5000,1.0,3021694564,20260901,3,boat,s_pos,target_minus_background
,per_class,all,micro,mean,246.94329117118372,107.19155049829418,393.5099455902782,84,96,84,96,,5000,5000,1.0,3021694564,20260901,4,bottle,s_pos,target_minus_background
,per_class,all,micro,mean,-136.3937549648058,-182.94935681232937,-87.67285071318338,73,74,73,74,,5000,5000,1.0,3021694564,20260901,5,bus,s_pos,target_minus_background
,per_class,all,micro,mean,66.65551027470269,0.7832577426790319,135.8296248718192,113,127,113,127,,5000,5000,1.0,3021694564,20260901,6,car,s_pos,target_minus_background
,per_class,all,micro,mean,1217.751012140713,1084.1053940689399,1359.6221479927326,113,119,113,119,,5000,5000,1.0,3021694564,20260901,7,cat,s_pos,target_minus_background
,per_class,all,micro,mean,-3.46237318590791,-46.894910113518385,40.61187702351118,111,123,111,123,,5000,5000,1.0,3021694564,20260901,8,chair,s_pos,target_minus_background
,per_class,all,micro,mean,-270.13750393696347,-344.6181603014088,-193.2869429330057,71,71,71,71,,5000,5000,1.0,3021694564,20260901,9,cow,s_pos,target_minus_background
,per_class,all,micro,mean,20.672179757160315,-25.389587645974263,62.05463976893223,71,75,71,75,,5000,5000,1.0,3021694564,20260901,10,diningtable,s_pos,target_minus_background
,per_class,all,micro,mean,274.8409189876186,180.95177000118346,371.2822011471134,124,128,124,128,,5000,5000,1.0,3021694564,20260901,11,dog,s_pos,target_minus_background
,per_class,all,micro,mean,199.55160912188487,123.46831803367205,280.95185221400163,77,79,77,79,,5000,5000,1.0,3021694564,20260901,12,horse,s_pos,target_minus_background
,per_class,all,micro,mean,-160.2984300489716,-253.86570419009158,-67.85891589355343,75,76,75,76,,5000,5000,1.0,3021694564,20260901,13,motorbike,s_pos,target_minus_background
,per_class,all,micro,mean,342.2193288859454,289.21790790578996,394.6819323775616,409,445,409,445,,5000,5000,1.0,3021694564,20260901,14,person,s_pos,target_minus_background
,per_class,all,micro,mean,450.68985788062906,315.7279464836803,600.1730249489273,68,85,68,85,,5000,5000,1.0,3021694564,20260901,15,pottedplant,s_pos,target_minus_background
,per_class,all,micro,mean,-198.62941558753346,-273.4884332848881,-126.86459265228086,57,57,57,57,,5000,5000,1.0,3021694564,20260901,16,sheep,s_pos,target_minus_background
,per_class,all,micro,mean,155.7662283725038,92.68589018844331,221.77974732776926,83,90,83,90,,5000,5000,1.0,3021694564,20260901,17,sofa,s_pos,target_minus_background
,per_class,all,micro,mean,-23.24007591280166,-86.6505775255822,38.910536298971856,83,84,83,84,,5000,5000,1.0,3021694564,20260901,18,train,s_pos,target_minus_background
,per_class,all,micro,mean,671.4113412499968,552.6897128095594,794.4380451481816,66,74,66,74,,5000,5000,1.0,3021694564,20260901,19,tvmonitor,s_pos,target_minus_background
,all_rows,all,micro,mean,128.0359945729308,106.95114217297511,149.61136209433943,462,1449,1052,2147,,5000,5000,1.0,3021694564,20260901,,,s_pos,target_minus_other_fg
,all_rows,all,macro_class,mean,118.9732097290618,59.94359020920421,178.2122385180689,462,1449,1052,2147,20,5000,5000,1.0,3021694564,20260901,,,s_pos,target_minus_other_fg
,all_rows,exactly_2_labels,micro,mean,145.89979672223384,116.5090928353506,177.6683927382243,322,375,644,750,,5000,5000,1.0,3021694564,20260901,,,s_pos,target_minus_other_fg
,all_rows,exactly_2_labels,macro_class,mean,129.26326596334042,57.76588878727913,201.29269379669782,322,375,644,750,20,5000,5000,1.0,3021694564,20260901,,,s_pos,target_minus_other_fg
,all_rows,3plus_labels,micro,mean,99.83920882746226,76.07503533884204,125.25003905979553,140,147,408,470,,5000,5000,1.0,3021694564,20260901,,,s_pos,target_minus_other_fg
,all_rows,3plus_labels,macro_class,mean,181.11284015635954,86.14347648991314,252.44256674334386,140,147,408,470,19,5000,5000,1.0,3021694564,20260901,,,s_pos,target_minus_other_fg
,per_class,all,micro,mean,236.87816889363123,-229.35982864769014,793.8896118668284,12,90,12,90,,5000,5000,1.0,3021694564,20260901,0,aeroplane,s_pos,target_minus_other_fg
,per_class,all,micro,mean,411.8124609993838,260.8383858763888,571.4694031188594,41,79,41,79,,5000,5000,1.0,3021694564,20260901,1,bicycle,s_pos,target_minus_other_fg
,per_class,all,micro,mean,-238.17262166061505,-851.2530073508409,292.06007974767556,5,103,5,103,,5000,4969,0.9938,3021694564,20260901,2,bird,s_pos,target_minus_other_fg
,per_class,all,micro,mean,96.48865141903018,-133.5679766643703,335.23317287033666,15,72,15,72,,5000,5000,1.0,3021694564,20260901,3,boat,s_pos,target_minus_other_fg
,per_class,all,micro,mean,-70.60212083251892,-188.30164367791053,52.60851806260094,51,96,51,96,,5000,5000,1.0,3021694564,20260901,4,bottle,s_pos,target_minus_other_fg
,per_class,all,micro,mean,163.2019945231269,58.22019309442143,271.00647829254683,33,74,33,74,,5000,5000,1.0,3021694564,20260901,5,bus,s_pos,target_minus_other_fg
,per_class,all,micro,mean,29.602450852524164,-59.66592935782035,126.8882467753547,66,127,66,127,,5000,5000,1.0,3021694564,20260901,6,car,s_pos,target_minus_other_fg
,per_class,all,micro,mean,769.5040958475936,494.7525116923589,1075.5408985678985,30,119,30,119,,5000,5000,1.0,3021694564,20260901,7,cat,s_pos,target_minus_other_fg
,per_class,all,micro,mean,-73.56793994585608,-145.81247453547422,-6.548970797716741,96,123,96,123,,5000,5000,1.0,3021694564,20260901,8,chair,s_pos,target_minus_other_fg
,per_class,all,micro,mean,-160.17144928006155,-457.49344458256894,145.45873924439175,14,71,14,71,,5000,5000,1.0,3021694564,20260901,9,cow,s_pos,target_minus_other_fg
,per_class,all,micro,mean,-78.01178832306384,-139.31702140569186,-22.822422944218108,68,75,68,75,,5000,5000,1.0,3021694564,20260901,10,diningtable,s_pos,target_minus_other_fg
,per_class,all,micro,mean,141.30047425582612,-20.868000865698754,311.99489080025023,43,128,43,128,,5000,5000,1.0,3021694564,20260901,11,dog,s_pos,target_minus_other_fg
,per_class,all,micro,mean,149.61484867681298,56.8265983847894,243.2462014701394,33,79,33,79,,5000,5000,1.0,3021694564,20260901,12,horse,s_pos,target_minus_other_fg
,per_class,all,micro,mean,-37.0339424480405,-141.0310506140663,71.72984369149994,51,76,51,76,,5000,5000,1.0,3021694564,20260901,13,motorbike,s_pos,target_minus_other_fg
,per_class,all,micro,mean,172.7118127304976,108.25287492861742,240.0688855909822,343,445,343,445,,5000,5000,1.0,3021694564,20260901,14,person,s_pos,target_minus_other_fg
,per_class,all,micro,mean,217.84232691705472,83.1532330338769,371.3054234859118,44,85,44,85,,5000,5000,1.0,3021694564,20260901,15,pottedplant,s_pos,target_minus_other_fg
,per_class,all,micro,mean,-93.52774532535534,-553.4556375745985,420.260876449354,5,57,5,57,,5000,4971,0.9942,3021694564,20260901,16,sheep,s_pos,target_minus_other_fg
,per_class,all,micro,mean,74.94518311272009,-13.038965938230492,159.26477018540328,61,90,61,90,,5000,5000,1.0,3021694564,20260901,17,sofa,s_pos,target_minus_other_fg
,per_class,all,micro,mean,10.638464077888761,-372.4499770038374,541.7802924996583,10,84,10,84,,5000,5000,1.0,3021694564,20260901,18,train,s_pos,target_minus_other_fg
,per_class,all,micro,mean,656.0108700906568,393.037579990944,936.7863010097344,31,74,31,74,,5000,5000,1.0,3021694564,20260901,19,tvmonitor,s_pos,target_minus_other_fg
,all_rows,all,micro,mean,-0.5802464812618696,-0.6407842819317038,-0.5194927644427735,1432,1449,2120,2147,,5000,5000,1.0,3021694564,20260901,,,u_pos,background
,all_rows,all,micro,median,-0.2735036816824332,-0.33075968439887243,-0.21578699003925172,1432,1449,2120,2147,,5000,5000,1.0,3021694564,20260901,,,u_pos,background
,all_rows,all,micro,q25,-1.3432518152380497,-1.4181898453269237,-1.266743428304545,1432,1449,2120,2147,,5000,5000,1.0,3021694564,20260901,,,u_pos,background
,all_rows,all,micro,q75,0.5584074890675937,0.5058317379069053,0.6108398654948679,1432,1449,2120,2147,,5000,5000,1.0,3021694564,20260901,,,u_pos,background
,all_rows,all,macro_class,mean,-0.683522571818112,-0.73439404829229,-0.6321228303815328,1432,1449,2120,2147,20,5000,5000,1.0,3021694564,20260901,,,u_pos,background
,all_rows,all,macro_class,median,-0.3757338204367593,-0.42512700217738564,-0.3266195038641638,1432,1449,2120,2147,20,5000,5000,1.0,3021694564,20260901,,,u_pos,background
,all_rows,all,macro_class,q25,-1.4417071320403723,-1.5057807049598544,-1.3775778891240245,1432,1449,2120,2147,20,5000,5000,1.0,3021694564,20260901,,,u_pos,background
,all_rows,all,macro_class,q75,0.452643397994116,0.40633615131692474,0.49937586143477675,1432,1449,2120,2147,20,5000,5000,1.0,3021694564,20260901,,,u_pos,background
,all_rows,single_label,micro,mean,-1.145126660747487,-1.235127943620638,-1.057262790986173,918,927,918,927,,5000,5000,1.0,3021694564,20260901,,,u_pos,background
,all_rows,single_label,micro,median,-0.7136322115669697,-0.7979877169374417,-0.6304450643778304,918,927,918,927,,5000,5000,1.0,3021694564,20260901,,,u_pos,background
,all_rows,single_label,micro,q25,-2.0233109010783457,-2.1410632307320583,-1.9067619960557063,918,927,918,927,,5000,5000,1.0,3021694564,20260901,,,u_pos,background
,all_rows,single_label,micro,q75,0.24003695800085298,0.1661832005191703,0.31215010400395277,918,927,918,927,,5000,5000,1.0,3021694564,20260901,,,u_pos,background
,all_rows,single_label,macro_class,mean,-0.9743902451657467,-1.0535586277859532,-0.9005154038856702,918,927,918,927,20,5000,5000,1.0,3021694564,20260901,,,u_pos,background
,all_rows,single_label,macro_class,median,-0.5942608897898062,-0.6650873470494265,-0.5237653252240816,918,927,918,927,20,5000,5000,1.0,3021694564,20260901,,,u_pos,background
,all_rows,single_label,macro_class,q25,-1.7917535744357864,-1.8916353342172536,-1.697594706177357,918,927,918,927,20,5000,5000,1.0,3021694564,20260901,,,u_pos,background
,all_rows,single_label,macro_class,q75,0.3060760151152726,0.23740239980604236,0.37400509624198863,918,927,918,927,20,5000,5000,1.0,3021694564,20260901,,,u_pos,background
,all_rows,exactly_2_labels,micro,mean,-0.19180528972093341,-0.281317673091618,-0.10088342790708957,369,375,738,750,,5000,5000,1.0,3021694564,20260901,,,u_pos,background
,all_rows,exactly_2_labels,micro,median,0.04200197353127456,-0.04681389887326393,0.13084925025004368,369,375,738,750,,5000,5000,1.0,3021694564,20260901,,,u_pos,background
,all_rows,exactly_2_labels,micro,q25,-0.9202299656381568,-1.0296021524228869,-0.8145957729676784,369,375,738,750,,5000,5000,1.0,3021694564,20260901,,,u_pos,background
,all_rows,exactly_2_labels,micro,q75,0.8392502411647553,0.7509203545150841,0.9308520017775291,369,375,738,750,,5000,5000,1.0,3021694564,20260901,,,u_pos,background
,all_rows,exactly_2_labels,macro_class,mean,-0.35642011900940257,-0.4534560256298104,-0.25325810383586145,369,375,738,750,20,5000,5000,1.0,3021694564,20260901,,,u_pos,background
,all_rows,exactly_2_labels,macro_class,median,-0.11997528645883673,-0.2191872083393856,-0.009893792326283377,369,375,738,750,20,5000,5000,1.0,3021694564,20260901,,,u_pos,background
,all_rows,exactly_2_labels,macro_class,q25,-1.0762774373465107,-1.2100114143035978,-0.941616572137465,369,375,738,750,20,5000,5000,1.0,3021694564,20260901,,,u_pos,background
,all_rows,exactly_2_labels,macro_class,q75,0.671930722926798,0.5741433399802122,0.7753650384285927,369,375,738,750,20,5000,5000,1.0,3021694564,20260901,,,u_pos,background
,all_rows,3plus_labels,micro,mean,-0.08048267649767314,-0.17523509385884856,0.01095229504009888,145,147,464,470,,5000,5000,1.0,3021694564,20260901,,,u_pos,background
,all_rows,3plus_labels,micro,median,0.09545066505525655,-0.0018389376358736956,0.18923994816192005,145,147,464,470,,5000,5000,1.0,3021694564,20260901,,,u_pos,background
,all_rows,3plus_labels,micro,q25,-0.6706136346417758,-0.7817882961819154,-0.5653219273810097,145,147,464,470,,5000,5000,1.0,3021694564,20260901,,,u_pos,background
,all_rows,3plus_labels,micro,q75,0.741601878014927,0.6353098759893256,0.8448244824742888,145,147,464,470,,5000,5000,1.0,3021694564,20260901,,,u_pos,background
,all_rows,3plus_labels,macro_class,mean,-0.215119535786503,-0.32822412040133936,-0.0946163031110213,145,147,464,470,20,5000,5000,1.0,3021694564,20260901,,,u_pos,background
,all_rows,3plus_labels,macro_class,median,-0.05004522158742124,-0.18292702660289836,0.08532028151798013,145,147,464,470,20,5000,5000,1.0,3021694564,20260901,,,u_pos,background
,all_rows,3plus_labels,macro_class,q25,-0.8306177574225593,-0.9729203018251703,-0.6857452517388312,145,147,464,470,20,5000,5000,1.0,3021694564,20260901,,,u_pos,background
,all_rows,3plus_labels,macro_class,q75,0.6076167192534965,0.47738922717907095,0.7538621095941815,145,147,464,470,20,5000,5000,1.0,3021694564,20260901,,,u_pos,background
,per_class,all,micro,mean,-1.4321832386652757,-1.633340162801302,-1.2302657533245338,90,90,90,90,,5000,5000,1.0,3021694564,20260901,0,aeroplane,u_pos,background
,per_class,all,micro,median,-0.9736330059253507,-1.1434148527847396,-0.8037718772308694,90,90,90,90,,5000,5000,1.0,3021694564,20260901,0,aeroplane,u_pos,background
,per_class,all,micro,q25,-2.182670199291574,-2.4566099529775483,-1.9158844211366441,90,90,90,90,,5000,5000,1.0,3021694564,20260901,0,aeroplane,u_pos,background
,per_class,all,micro,q75,-0.24833178607643477,-0.40055980917829503,-0.09594990893487015,90,90,90,90,,5000,5000,1.0,3021694564,20260901,0,aeroplane,u_pos,background
,per_class,all,micro,mean,-0.017932758030813,-0.1613642729888299,0.12667284202613815,79,79,79,79,,5000,5000,1.0,3021694564,20260901,1,bicycle,u_pos,background
,per_class,all,micro,median,-0.02125574152362592,-0.17455763173734626,0.13349426023962704,79,79,79,79,,5000,5000,1.0,3021694564,20260901,1,bicycle,u_pos,background
,per_class,all,micro,q25,-0.9030880570836082,-1.0628254409873552,-0.7474705851389263,79,79,79,79,,5000,5000,1.0,3021694564,20260901,1,bicycle,u_pos,background
,per_class,all,micro,q75,0.9805723757989988,0.8019698335901139,1.1559390878222318,79,79,79,79,,5000,5000,1.0,3021694564,20260901,1,bicycle,u_pos,background
,per_class,all,micro,mean,-1.8936519207416151,-2.2264303862833343,-1.569366864473399,103,103,103,103,,5000,5000,1.0,3021694564,20260901,2,bird,u_pos,background
,per_class,all,micro,median,-1.243330497633738,-1.571424086006738,-0.9265384652239308,103,103,103,103,,5000,5000,1.0,3021694564,20260901,2,bird,u_pos,background
,per_class,all,micro,q25,-3.401649309819546,-3.875154842566744,-2.947888018338923,103,103,103,103,,5000,5000,1.0,3021694564,20260901,2,bird,u_pos,background
,per_class,all,micro,q75,0.29891326379492084,0.05358989809807029,0.5413633991851701,103,103,103,103,,5000,5000,1.0,3021694564,20260901,2,bird,u_pos,background
,per_class,all,micro,mean,-0.9515533191058341,-1.2236081528290723,-0.6699357021520234,72,72,72,72,,5000,5000,1.0,3021694564,20260901,3,boat,u_pos,background
,per_class,all,micro,median,-0.40991521475370973,-0.6789310427660691,-0.13339505343788527,72,72,72,72,,5000,5000,1.0,3021694564,20260901,3,boat,u_pos,background
,per_class,all,micro,q25,-1.759462324436754,-2.0991026703953843,-1.415191595875917,72,72,72,72,,5000,5000,1.0,3021694564,20260901,3,boat,u_pos,background
,per_class,all,micro,q75,0.49132366337451255,0.2499343539471738,0.7377437421418209,72,72,72,72,,5000,5000,1.0,3021694564,20260901,3,boat,u_pos,background
,per_class,all,micro,mean,-1.152856520798055,-1.4087503609741605,-0.9065998639672919,93,96,93,96,,5000,5000,1.0,3021694564,20260901,4,bottle,u_pos,background
,per_class,all,micro,median,-0.9097642238021538,-1.16431854499116,-0.6757383619427377,93,96,93,96,,5000,5000,1.0,3021694564,20260901,4,bottle,u_pos,background
,per_class,all,micro,q25,-2.0338278003838113,-2.366801143472872,-1.7067959469169764,93,96,93,96,,5000,5000,1.0,3021694564,20260901,4,bottle,u_pos,background
,per_class,all,micro,q75,-0.0635357701896517,-0.2663368615682865,0.13469592660865676,93,96,93,96,,5000,5000,1.0,3021694564,20260901,4,bottle,u_pos,background
,per_class,all,micro,mean,-0.17667116689670573,-0.3298803210879871,-0.021605678890155886,74,74,74,74,,5000,5000,1.0,3021694564,20260901,5,bus,u_pos,background
,per_class,all,micro,median,-0.011991385757495221,-0.16122229641045419,0.13765958811839202,74,74,74,74,,5000,5000,1.0,3021694564,20260901,5,bus,u_pos,background
,per_class,all,micro,q25,-0.6311762188777081,-0.79037060023856,-0.47395307641476225,74,74,74,74,,5000,5000,1.0,3021694564,20260901,5,bus,u_pos,background
,per_class,all,micro,q75,0.5016276156986006,0.3400743569949456,0.6646669746743125,74,74,74,74,,5000,5000,1.0,3021694564,20260901,5,bus,u_pos,background
,per_class,all,micro,mean,-0.13362203195149652,-0.30755021131442406,0.027068354395375267,127,127,127,127,,5000,5000,1.0,3021694564,20260901,6,car,u_pos,background
,per_class,all,micro,median,0.12637601390217,-0.016496654929351207,0.26480572207731845,127,127,127,127,,5000,5000,1.0,3021694564,20260901,6,car,u_pos,background
,per_class,all,micro,q25,-0.755222818758302,-0.9525558420731025,-0.5746877345790918,127,127,127,127,,5000,5000,1.0,3021694564,20260901,6,car,u_pos,background
,per_class,all,micro,q75,0.8873458710573815,0.7323935132710491,1.0409873247603159,127,127,127,127,,5000,5000,1.0,3021694564,20260901,6,car,u_pos,background
,per_class,all,micro,mean,-1.5025403899755798,-1.8186281766271786,-1.2056651241443201,113,119,113,119,,5000,5000,1.0,3021694564,20260901,7,cat,u_pos,background
,per_class,all,micro,median,-1.0540601042288857,-1.3607450389473816,-0.7741145318635465,113,119,113,119,,5000,5000,1.0,3021694564,20260901,7,cat,u_pos,background
,per_class,all,micro,q25,-2.8575609940376165,-3.2842440034277365,-2.456019668049868,113,119,113,119,,5000,5000,1.0,3021694564,20260901,7,cat,u_pos,background
,per_class,all,micro,q75,0.2962118689696082,0.05209113886458249,0.5390241636770203,113,119,113,119,,5000,5000,1.0,3021694564,20260901,7,cat,u_pos,background
,per_class,all,micro,mean,-0.550386203031074,-0.6808806258820599,-0.41988733996229477,122,123,122,123,,5000,5000,1.0,3021694564,20260901,8,chair,u_pos,background
,per_class,all,micro,median,-0.3616524151617997,-0.4767718050713566,-0.2460511722978645,122,123,122,123,,5000,5000,1.0,3021694564,20260901,8,chair,u_pos,background
,per_class,all,micro,q25,-1.1078677919662756,-1.2435908303126568,-0.9744348409004635,122,123,122,123,,5000,5000,1.0,3021694564,20260901,8,chair,u_pos,background
,per_class,all,micro,q75,0.28890034935788295,0.1538779242433827,0.42817201734929705,122,123,122,123,,5000,5000,1.0,3021694564,20260901,8,chair,u_pos,background
,per_class,all,micro,mean,-1.7944169945361608,-2.118677307693317,-1.474873482094159,71,71,71,71,,5000,5000,1.0,3021694564,20260901,9,cow,u_pos,background
,per_class,all,micro,median,-1.509063755093195,-1.8405899979616844,-1.1886563447736118,71,71,71,71,,5000,5000,1.0,3021694564,20260901,9,cow,u_pos,background
,per_class,all,micro,q25,-2.5139511206095486,-2.903333086460094,-2.1429049886081,71,71,71,71,,5000,5000,1.0,3021694564,20260901,9,cow,u_pos,background
,per_class,all,micro,q75,-0.715578955506355,-0.9961090553473209,-0.4368414359350867,71,71,71,71,,5000,5000,1.0,3021694564,20260901,9,cow,u_pos,background
,per_class,all,micro,mean,-0.2530648291696683,-0.3802564462393855,-0.1264627885631627,73,75,73,75,,5000,5000,1.0,3021694564,20260901,10,diningtable,u_pos,background
,per_class,all,micro,median,-0.07697138610640414,-0.19444458664388806,0.038998248473324,73,75,73,75,,5000,5000,1.0,3021694564,20260901,10,diningtable,u_pos,background
,per_class,all,micro,q25,-0.8169758571439409,-0.9723317721518814,-0.670845386769765,73,75,73,75,,5000,5000,1.0,3021694564,20260901,10,diningtable,u_pos,background
,per_class,all,micro,q75,0.5385569521953186,0.3898491908298576,0.6982902287325349,73,75,73,75,,5000,5000,1.0,3021694564,20260901,10,diningtable,u_pos,background
,per_class,all,micro,mean,0.03320490302773619,-0.1336544935358205,0.19241067405490647,124,128,124,128,,5000,5000,1.0,3021694564,20260901,11,dog,u_pos,background
,per_class,all,micro,median,0.4492143931565806,0.2882824579172926,0.6080613089726328,124,128,124,128,,5000,5000,1.0,3021694564,20260901,11,dog,u_pos,background
,per_class,all,micro,q25,-0.469976588323334,-0.6551243014368915,-0.2833054420728449,124,128,124,128,,5000,5000,1.0,3021694564,20260901,11,dog,u_pos,background
,per_class,all,micro,q75,1.126622048416926,0.9811827371667948,1.2702885059375777,124,128,124,128,,5000,5000,1.0,3021694564,20260901,11,dog,u_pos,background
,per_class,all,micro,mean,-0.87286728181518,-1.1283107557777978,-0.6340109890940445,79,79,79,79,,5000,5000,1.0,3021694564,20260901,12,horse,u_pos,background
,per_class,all,micro,median,-0.5631479556330398,-0.8197749527725332,-0.3279343922398513,79,79,79,79,,5000,5000,1.0,3021694564,20260901,12,horse,u_pos,background
,per_class,all,micro,q25,-1.6775498675724752,-1.9922233127576263,-1.3836706854579857,79,79,79,79,,5000,5000,1.0,3021694564,20260901,12,horse,u_pos,background
,per_class,all,micro,q75,0.3220735419352975,0.10140856633086608,0.5341121459768826,79,79,79,79,,5000,5000,1.0,3021694564,20260901,12,horse,u_pos,background
,per_class,all,micro,mean,0.07677045968836642,-0.12544092687354597,0.276004447523305,76,76,76,76,,5000,5000,1.0,3021694564,20260901,13,motorbike,u_pos,background
,per_class,all,micro,median,0.3840217267555234,0.1995018038482062,0.567292180363285,76,76,76,76,,5000,5000,1.0,3021694564,20260901,13,motorbike,u_pos,background
,per_class,all,micro,q25,-0.7380895743845031,-0.9782065018685228,-0.5092423220886543,76,76,76,76,,5000,5000,1.0,3021694564,20260901,13,motorbike,u_pos,background
,per_class,all,micro,q75,1.2865080912076672,1.1003558424838336,1.4641290753055822,76,76,76,76,,5000,5000,1.0,3021694564,20260901,13,motorbike,u_pos,background
,per_class,all,micro,mean,-0.09877616513131857,-0.1904520468008792,-0.011835185339735476,441,445,441,445,,5000,5000,1.0,3021694564,20260901,14,person,u_pos,background
,per_class,all,micro,median,0.17032079171889453,0.08228566574261713,0.25427389263440286,441,445,441,445,,5000,5000,1.0,3021694564,20260901,14,person,u_pos,background
,per_class,all,micro,q25,-0.8370414552288848,-0.9493787439299124,-0.7272683074260793,441,445,441,445,,5000,5000,1.0,3021694564,20260901,14,person,u_pos,background
,per_class,all,micro,q75,0.9600847068215275,0.8741517862480647,1.0419358315318634,441,445,441,445,,5000,5000,1.0,3021694564,20260901,14,person,u_pos,background
,per_class,all,micro,mean,-0.4096479379945607,-0.6128269519693492,-0.2178566687918541,85,85,85,85,,5000,5000,1.0,3021694564,20260901,15,pottedplant,u_pos,background
,per_class,all,micro,median,-0.20104713109047972,-0.37667426626088424,-0.029340444106389706,85,85,85,85,,5000,5000,1.0,3021694564,20260901,15,pottedplant,u_pos,background
,per_class,all,micro,q25,-1.0638266592670014,-1.3364247636710676,-0.8276284894544413,85,85,85,85,,5000,5000,1.0,3021694564,20260901,15,pottedplant,u_pos,background
,per_class,all,micro,q75,0.486660438951324,0.30753870098303787,0.6666959866100702,85,85,85,85,,5000,5000,1.0,3021694564,20260901,15,pottedplant,u_pos,background
,per_class,all,micro,mean,-1.129880760454483,-1.3307479443993537,-0.9342742636387618,57,57,57,57,,5000,5000,1.0,3021694564,20260901,16,sheep,u_pos,background
,per_class,all,micro,median,-0.8485767632200006,-1.0465647015589894,-0.6550367112598268,57,57,57,57,,5000,5000,1.0,3021694564,20260901,16,sheep,u_pos,background
,per_class,all,micro,q25,-1.68729597303951,-1.9378656076724854,-1.447450418368374,57,57,57,57,,5000,5000,1.0,3021694564,20260901,16,sheep,u_pos,background
,per_class,all,micro,q75,-0.2767047886491606,-0.4465625531252539,-0.10668258595713344,57,57,57,57,,5000,5000,1.0,3021694564,20260901,16,sheep,u_pos,background
,per_class,all,micro,mean,-0.08729388027404117,-0.2751017594055347,0.07977408596496653,85,90,85,90,,5000,5000,1.0,3021694564,20260901,17,sofa,u_pos,background
,per_class,all,micro,median,0.16516834513886886,-0.008564276203473867,0.33189546570522405,85,90,85,90,,5000,5000,1.0,3021694564,20260901,17,sofa,u_pos,background
,per_class,all,micro,q25,-0.6925895716721082,-0.9215466130334187,-0.504032959374701,85,90,85,90,,5000,5000,1.0,3021694564,20260901,17,sofa,u_pos,background
,per_class,all,micro,q75,0.8767563621556346,0.6964469617643403,1.0693122370264847,85,90,85,90,,5000,5000,1.0,3021694564,20260901,17,sofa,u_pos,background
,per_class,all,micro,mean,-1.0387491967683087,-1.2074312161057967,-0.8726652303374597,83,84,83,84,,5000,5000,1.0,3021694564,20260901,18,train,u_pos,background
,per_class,all,micro,median,-0.594676158208602,-0.732995850161422,-0.4560974287322429,83,84,83,84,,5000,5000,1.0,3021694564,20260901,18,train,u_pos,background
,per_class,all,micro,q25,-1.5977784399032953,-1.8098556607887695,-1.3954968900506577,83,84,83,84,,5000,5000,1.0,3021694564,20260901,18,train,u_pos,background
,per_class,all,micro,q75,0.08941682360937303,-0.027339812877433027,0.20903011028805357,83,84,83,84,,5000,5000,1.0,3021694564,20260901,18,train,u_pos,background
,per_class,all,micro,mean,-0.2843322037381716,-0.5060275464813709,-0.0878608761994837,73,74,73,74,,5000,5000,1.0,3021694564,20260901,19,tvmonitor,u_pos,background
,per_class,all,micro,median,-0.030691941268742085,-0.23548595904251435,0.15568512829446055,73,74,73,74,,5000,5000,1.0,3021694564,20260901,19,tvmonitor,u_pos,background
,per_class,all,micro,q25,-1.106542019007651,-1.35223687149157,-0.9044781581005867,73,74,73,74,,5000,5000,1.0,3021694564,20260901,19,tvmonitor,u_pos,background
,per_class,all,micro,q75,0.9254452869589505,0.6708012734320187,1.1945931369246299,73,74,73,74,,5000,5000,1.0,3021694564,20260901,19,tvmonitor,u_pos,background
,all_rows,all,micro,mean,0.31559717581779384,0.09224259857138385,0.5315195171813483,304,1449,464,2147,,5000,5000,1.0,3021694564,20260901,,,u_pos,mixed
,all_rows,all,micro,median,0.3253689822469886,0.1003459241985949,0.5423403769978761,304,1449,464,2147,,5000,5000,1.0,3021694564,20260901,,,u_pos,mixed
,all_rows,all,micro,q25,0.1785736298143406,-0.0453676252997716,0.3989922973985832,304,1449,464,2147,,5000,5000,1.0,3021694564,20260901,,,u_pos,mixed
,all_rows,all,micro,q75,0.47006601012454385,0.2454651787214749,0.6919126792087563,304,1449,464,2147,,5000,5000,1.0,3021694564,20260901,,,u_pos,mixed
,all_rows,all,macro_class,mean,0.046625231939546735,-0.167775530188328,0.2666113991840976,304,1449,464,2147,20,5000,5000,1.0,3021694564,20260901,,,u_pos,mixed
,all_rows,all,macro_class,median,0.04967100253985494,-0.16751554721193704,0.2738720802586288,304,1449,464,2147,20,5000,5000,1.0,3021694564,20260901,,,u_pos,mixed
,all_rows,all,macro_class,q25,-0.09084436934445983,-0.31384173370606244,0.14014493485316115,304,1449,464,2147,20,5000,5000,1.0,3021694564,20260901,,,u_pos,mixed
,all_rows,all,macro_class,q75,0.20090627628016974,-0.019183867761590465,0.42464690266984795,304,1449,464,2147,20,5000,5000,1.0,3021694564,20260901,,,u_pos,mixed
,all_rows,single_label,micro,mean,-0.27940855051706387,-0.6479919334979716,0.08252495733851753,179,927,179,927,,5000,5000,1.0,3021694564,20260901,,,u_pos,mixed
,all_rows,single_label,micro,median,-0.2789598713738209,-0.6516979112059923,0.08716569108084384,179,927,179,927,,5000,5000,1.0,3021694564,20260901,,,u_pos,mixed
,all_rows,single_label,micro,q25,-0.4212865320362109,-0.8054297841724142,-0.04488985966205419,179,927,179,927,,5000,5000,1.0,3021694564,20260901,,,u_pos,mixed
,all_rows,single_label,micro,q75,-0.128451891357922,-0.49770569197879255,0.23482229935456636,179,927,179,927,,5000,5000,1.0,3021694564,20260901,,,u_pos,mixed
,all_rows,single_label,macro_class,mean,-0.15321835439414822,-0.5272979320888247,0.1542887863586305,179,927,179,927,19,5000,5000,1.0,3021694564,20260901,,,u_pos,mixed
,all_rows,single_label,macro_class,median,-0.15707607534772225,-0.5340115984178816,0.1542542916545369,179,927,179,927,19,5000,5000,1.0,3021694564,20260901,,,u_pos,mixed
,all_rows,single_label,macro_class,q25,-0.2821822295645844,-0.6729874240934441,0.03572078486536671,179,927,179,927,19,5000,5000,1.0,3021694564,20260901,,,u_pos,mixed
,all_rows,single_label,macro_class,q75,-0.016931613237791056,-0.3824590583088384,0.2846341695285745,179,927,179,927,19,5000,5000,1.0,3021694564,20260901,,,u_pos,mixed
,all_rows,exactly_2_labels,micro,mean,0.7096534973627814,0.37234722439482604,1.0590732726712786,89,375,178,750,,5000,5000,1.0,3021694564,20260901,,,u_pos,mixed
,all_rows,exactly_2_labels,micro,median,0.7285148207244746,0.3805739966656214,1.0824687101917778,89,375,178,750,,5000,5000,1.0,3021694564,20260901,,,u_pos,mixed
,all_rows,exactly_2_labels,micro,q25,0.5679805199537175,0.22948935983986152,0.9175221582846547,89,375,178,750,,5000,5000,1.0,3021694564,20260901,,,u_pos,mixed
,all_rows,exactly_2_labels,micro,q75,0.8680272997419737,0.5189715329110794,1.2254352121842884,89,375,178,750,,5000,5000,1.0,3021694564,20260901,,,u_pos,mixed
,all_rows,exactly_2_labels,macro_class,mean,0.143536970248524,-0.3627584020119765,0.661881042639271,89,375,178,750,20,5000,5000,1.0,3021694564,20260901,,,u_pos,mixed
,all_rows,exactly_2_labels,macro_class,median,0.1600284108712135,-0.3593389426787053,0.6936117765826985,89,375,178,750,20,5000,5000,1.0,3021694564,20260901,,,u_pos,mixed
,all_rows,exactly_2_labels,macro_class,q25,0.015791411978803394,-0.49536152531644767,0.5391455887091563,89,375,178,750,20,5000,5000,1.0,3021694564,20260901,,,u_pos,mixed
,all_rows,exactly_2_labels,macro_class,q75,0.28589719595420504,-0.22900462866295457,0.8243159410776213,89,375,178,750,20,5000,5000,1.0,3021694564,20260901,,,u_pos,mixed
,all_rows,3plus_labels,micro,mean,0.6554476410414548,0.2655593859731141,1.0376529622516681,36,147,107,470,,5000,5000,1.0,3021694564,20260901,,,u_pos,mixed
,all_rows,3plus_labels,micro,median,0.6656952023323381,0.2756301165119558,1.0516883245144244,36,147,107,470,,5000,5000,1.0,3021694564,20260901,,,u_pos,mixed
,all_rows,3plus_labels,micro,q25,0.5342796347343371,0.15471451817794102,0.9085452730227177,36,147,107,470,,5000,5000,1.0,3021694564,20260901,,,u_pos,mixed
,all_rows,3plus_labels,micro,q75,0.8092958681942529,0.37637071149182627,1.2333729907608753,36,147,107,470,,5000,5000,1.0,3021694564,20260901,,,u_pos,mixed
,all_rows,3plus_labels,macro_class,mean,0.34455952878261503,-0.0050984254685781235,0.9293666050189032,36,147,107,470,19,5000,5000,1.0,3021694564,20260901,,,u_pos,mixed
,all_rows,3plus_labels,macro_class,median,0.3568482176159864,0.005000032179177824,0.9471733851519022,36,147,107,470,19,5000,5000,1.0,3021694564,20260901,,,u_pos,mixed
,all_rows,3plus_labels,macro_class,q25,0.2431265535137516,-0.10806871770249732,0.7962021400470605,36,147,107,470,19,5000,5000,1.0,3021694564,20260901,,,u_pos,mixed
,all_rows,3plus_labels,macro_class,q75,0.4779036212146157,0.10370966652880906,1.1299838778483584,36,147,107,470,19,5000,5000,1.0,3021694564,20260901,,,u_pos,mixed
,per_class,all,micro,mean,-1.413331238590557,-3.170986852648525,-0.012507652369310972,22,90,22,90,,5000,5000,1.0,3021694564,20260901,0,aeroplane,u_pos,mixed
,per_class,all,micro,median,-1.4110475831919096,-3.171367442976994,-0.006084726587532031,22,90,22,90,,5000,5000,1.0,3021694564,20260901,0,aeroplane,u_pos,mixed
,per_class,all,micro,q25,-1.5184080555442383,-3.2585513708527913,-0.1271100848025991,22,90,22,90,,5000,5000,1.0,3021694564,20260901,0,aeroplane,u_pos,mixed
,per_class,all,micro,q75,-1.3089652977968482,-3.0905151518224394,0.10518472746092127,22,90,22,90,,5000,5000,1.0,3021694564,20260901,0,aeroplane,u_pos,mixed
,per_class,all,micro,mean,1.9034449788914236,1.2839623432701979,2.562766469326109,18,79,18,79,,5000,5000,1.0,3021694564,20260901,1,bicycle,u_pos,mixed
,per_class,all,micro,median,1.9160257793135114,1.2997541144706202,2.5735518406331535,18,79,18,79,,5000,5000,1.0,3021694564,20260901,1,bicycle,u_pos,mixed
,per_class,all,micro,q25,1.7896688403561711,1.1777952649342742,2.4385058118899656,18,79,18,79,,5000,5000,1.0,3021694564,20260901,1,bicycle,u_pos,mixed
,per_class,all,micro,q75,2.0285535388522677,1.3860726074046015,2.697037976191324,18,79,18,79,,5000,5000,1.0,3021694564,20260901,1,bicycle,u_pos,mixed
,per_class,all,micro,mean,-2.1455348370862857,-3.3732450921020725,-1.0776577539486991,14,103,14,103,,5000,5000,1.0,3021694564,20260901,2,bird,u_pos,mixed
,per_class,all,micro,median,-2.1455348370862857,-3.3732450921020725,-1.0776577539486991,14,103,14,103,,5000,5000,1.0,3021694564,20260901,2,bird,u_pos,mixed
,per_class,all,micro,q25,-2.1723170382902026,-3.393990957720412,-1.1005251765240074,14,103,14,103,,5000,5000,1.0,3021694564,20260901,2,bird,u_pos,mixed
,per_class,all,micro,q75,-2.118752635882369,-3.3532753607032024,-1.045642198389397,14,103,14,103,,5000,5000,1.0,3021694564,20260901,2,bird,u_pos,mixed
,per_class,all,micro,mean,0.10311886173611731,-0.7405860472021778,0.9400890150795805,21,72,21,72,,5000,5000,1.0,3021694564,20260901,3,boat,u_pos,mixed
,per_class,all,micro,median,0.14617538602933997,-0.6687315634466293,0.9642497337832379,21,72,21,72,,5000,5000,1.0,3021694564,20260901,3,boat,u_pos,mixed
,per_class,all,micro,q25,-0.07806507240803469,-0.9561307308432601,0.8021555185461268,21,72,21,72,,5000,5000,1.0,3021694564,20260901,3,boat,u_pos,mixed
,per_class,all,micro,q75,0.31686519804809776,-0.5159891529435939,1.1230003662945125,21,72,21,72,,5000,5000,1.0,3021694564,20260901,3,boat,u_pos,mixed
,per_class,all,micro,mean,-0.1971917242596024,-0.851077859048896,0.4873195215086721,19,96,19,96,,5000,5000,1.0,3021694564,20260901,4,bottle,u_pos,mixed
,per_class,all,micro,median,-0.186485745404896,-0.8358592805632649,0.4960936095565557,19,96,19,96,,5000,5000,1.0,3021694564,20260901,4,bottle,u_pos,mixed
,per_class,all,micro,q25,-0.28301448178918737,-0.9402893290772206,0.40764199887931923,19,96,19,96,,5000,5000,1.0,3021694564,20260901,4,bottle,u_pos,mixed
,per_class,all,micro,q75,-0.1020219173086317,-0.759465894513456,0.5926071509541494,19,96,19,96,,5000,5000,1.0,3021694564,20260901,4,bottle,u_pos,mixed
,per_class,all,micro,mean,0.019721100874767996,-0.3314550622547459,0.37445182524731346,19,74,19,74,,5000,5000,1.0,3021694564,20260901,5,bus,u_pos,mixed
,per_class,all,micro,median,0.03452185124747063,-0.3277267910648758,0.40593779234914107,19,74,19,74,,5000,5000,1.0,3021694564,20260901,5,bus,u_pos,mixed
,per_class,all,micro,q25,-0.11205727533486329,-0.45912881978787484,0.2256175805829115,19,74,19,74,,5000,5000,1.0,3021694564,20260901,5,bus,u_pos,mixed
,per_class,all,micro,q75,0.15670512454878344,-0.2253690056304913,0.5562547871788196,19,74,19,74,,5000,5000,1.0,3021694564,20260901,5,bus,u_pos,mixed
,per_class,all,micro,mean,0.3267657220954933,-0.1295258957866133,0.7777457985911285,28,127,28,127,,5000,5000,1.0,3021694564,20260901,6,car,u_pos,mixed
,per_class,all,micro,median,0.3928139116615057,-0.02912554874838817,0.8173189942301674,28,127,28,127,,5000,5000,1.0,3021694564,20260901,6,car,u_pos,mixed
,per_class,all,micro,q25,0.19741369344826257,-0.27036851749309854,0.6511670801733783,28,127,28,127,,5000,5000,1.0,3021694564,20260901,6,car,u_pos,mixed
,per_class,all,micro,q75,0.5247509213430541,0.08513364853016261,0.9676061925664542,28,127,28,127,,5000,5000,1.0,3021694564,20260901,6,car,u_pos,mixed
,per_class,all,micro,mean,1.2826647503357944,0.5169295658842943,2.0549586711534196,22,119,22,119,,5000,5000,1.0,3021694564,20260901,7,cat,u_pos,mixed
,per_class,all,micro,median,1.3374259309335188,0.5508076673083836,2.1148095462305676,22,119,22,119,,5000,5000,1.0,3021694564,20260901,7,cat,u_pos,mixed
,per_class,all,micro,q25,1.0053998015143655,0.1307203052207978,1.8399569319188596,22,119,22,119,,5000,5000,1.0,3021694564,20260901,7,cat,u_pos,mixed
,per_class,all,micro,q75,1.5957351225343617,0.8231681874465375,2.3634072479215398,22,119,22,119,,5000,5000,1.0,3021694564,20260901,7,cat,u_pos,mixed
,per_class,all,micro,mean,0.41773157393740074,-0.02210022210641985,0.8776006561873712,31,123,31,123,,5000,5000,1.0,3021694564,20260901,8,chair,u_pos,mixed
,per_class,all,micro,median,0.4373405246484664,-0.02025482475279486,0.917735770741075,31,123,31,123,,5000,5000,1.0,3021694564,20260901,8,chair,u_pos,mixed
,per_class,all,micro,q25,0.29425201456873645,-0.1309480761989419,0.7454668329734551,31,123,31,123,,5000,5000,1.0,3021694564,20260901,8,chair,u_pos,mixed
,per_class,all,micro,q75,0.5925952632340693,0.09465686650325855,1.13112545939835,31,123,31,123,,5000,5000,1.0,3021694564,20260901,8,chair,u_pos,mixed
,per_class,all,micro,mean,-2.818249552677839,-4.170324030341675,-1.6665401558081316,13,71,13,71,,5000,5000,1.0,3021694564,20260901,9,cow,u_pos,mixed
,per_class,all,micro,median,-2.8410433737131267,-4.188981701327221,-1.6844092423924142,13,71,13,71,,5000,5000,1.0,3021694564,20260901,9,cow,u_pos,mixed
,per_class,all,micro,q25,-2.9844786754021277,-4.533357864245772,-1.7191507408528457,13,71,13,71,,5000,5000,1.0,3021694564,20260901,9,cow,u_pos,mixed
,per_class,all,micro,q75,-2.672703901162514,-3.861916539269058,-1.616181408105926,13,71,13,71,,5000,5000,1.0,3021694564,20260901,9,cow,u_pos,mixed
,per_class,all,micro,mean,0.5901402399535216,0.031191637226111665,1.1415516410699593,21,75,21,75,,5000,5000,1.0,3021694564,20260901,10,diningtable,u_pos,mixed
,per_class,all,micro,median,0.6032422569890817,0.057767648329312936,1.1429219300991722,21,75,21,75,,5000,5000,1.0,3021694564,20260901,10,diningtable,u_pos,mixed
,per_class,all,micro,q25,0.5462768604712827,-0.019411526564730417,1.0961721814237533,21,75,21,75,,5000,5000,1.0,3021694564,20260901,10,diningtable,u_pos,mixed
,per_class,all,micro,q75,0.6472072943690277,0.10437205182135348,1.181820216375802,21,75,21,75,,5000,5000,1.0,3021694564,20260901,10,diningtable,u_pos,mixed
,per_class,all,micro,mean,1.1430471507566315,0.7030174619129971,1.5947407769461468,28,128,28,128,,5000,5000,1.0,3021694564,20260901,11,dog,u_pos,mixed
,per_class,all,micro,median,1.1481403495584215,0.7079120679504493,1.6044226764088132,28,128,28,128,,5000,5000,1.0,3021694564,20260901,11,dog,u_pos,mixed
,per_class,all,micro,q25,1.0843267568520136,0.6544455482219549,1.5282211978211988,28,128,28,128,,5000,5000,1.0,3021694564,20260901,11,dog,u_pos,mixed
,per_class,all,micro,q75,1.2045072583215577,0.7437038558960446,1.675871358237096,28,128,28,128,,5000,5000,1.0,3021694564,20260901,11,dog,u_pos,mixed
,per_class,all,micro,mean,1.0329267031616634,0.2918789689872591,1.8198253139601355,15,79,15,79,,5000,5000,1.0,3021694564,20260901,12,horse,u_pos,mixed
,per_class,all,micro,median,1.0175848066806794,0.2899098511203601,1.7977730022220493,15,79,15,79,,5000,5000,1.0,3021694564,20260901,12,horse,u_pos,mixed
,per_class,all,micro,q25,0.9037155968447527,0.2177306325768358,1.6374457633064594,15,79,15,79,,5000,5000,1.0,3021694564,20260901,12,horse,u_pos,mixed
,per_class,all,micro,q75,1.1544668612380822,0.3521962668187916,2.0127208794407885,15,79,15,79,,5000,5000,1.0,3021694564,20260901,12,horse,u_pos,mixed
,per_class,all,micro,mean,-0.0041046740487217905,-1.1917723898495,1.1373686705054753,20,76,20,76,,5000,5000,1.0,3021694564,20260901,13,motorbike,u_pos,mixed
,per_class,all,micro,median,-0.07801380362361669,-1.3133286642609163,1.0875693717759152,20,76,20,76,,5000,5000,1.0,3021694564,20260901,13,motorbike,u_pos,mixed
,per_class,all,micro,q25,-0.22946365866810084,-1.4722233654735803,0.9747350113200275,20,76,20,76,,5000,5000,1.0,3021694564,20260901,13,motorbike,u_pos,mixed
,per_class,all,micro,q75,0.1842997457832098,-0.9908773484000623,1.3117223871451806,20,76,20,76,,5000,5000,1.0,3021694564,20260901,13,motorbike,u_pos,mixed
,per_class,all,micro,mean,1.1294872518792503,0.7849557187376431,1.4806739568760547,98,445,98,445,,5000,5000,1.0,3021694564,20260901,14,person,u_pos,mixed
,per_class,all,micro,median,1.14253796053081,0.7924594284115463,1.49980017843854,98,445,98,445,,5000,5000,1.0,3021694564,20260901,14,person,u_pos,mixed
,per_class,all,micro,q25,0.9844719906199761,0.635429177832064,1.3433117615727805,98,445,98,445,,5000,5000,1.0,3021694564,20260901,14,person,u_pos,mixed
,per_class,all,micro,q75,1.2833321973733718,0.9339641591322195,1.6379964044726651,98,445,98,445,,5000,5000,1.0,3021694564,20260901,14,person,u_pos,mixed
,per_class,all,micro,mean,1.8989982604980469,0.5902397064380666,3.3892777271196253,10,85,10,85,,5000,4999,0.9998,3021694564,20260901,15,pottedplant,u_pos,mixed
,per_class,all,micro,median,1.893663790822029,0.5853880351323347,3.3855629131197933,10,85,10,85,,5000,4999,0.9998,3021694564,20260901,15,pottedplant,u_pos,mixed
,per_class,all,micro,q25,1.825888565182686,0.5334522664546966,3.3377195382490754,10,85,10,85,,5000,4999,0.9998,3021694564,20260901,15,pottedplant,u_pos,mixed
,per_class,all,micro,q75,2.076883852481842,0.7023246654205852,3.592212882848122,10,85,10,85,,5000,4999,0.9998,3021694564,20260901,15,pottedplant,u_pos,mixed
,per_class,all,micro,mean,-1.94542115775957,-2.925511784243452,-0.9895159691428261,11,57,11,57,,5000,5000,1.0,3021694564,20260901,16,sheep,u_pos,mixed
,per_class,all,micro,median,-2.0794863402843475,-3.1330685445666315,-1.0561655640602114,11,57,11,57,,5000,5000,1.0,3021694564,20260901,16,sheep,u_pos,mixed
,per_class,all,micro,q25,-2.205368486317721,-3.4299383544673523,-1.0898255297293267,11,57,11,57,,5000,5000,1.0,3021694564,20260901,16,sheep,u_pos,mixed
,per_class,all,micro,q75,-1.742248292927715,-2.5847020361106843,-0.8984304549091042,11,57,11,57,,5000,5000,1.0,3021694564,20260901,16,sheep,u_pos,mixed
,per_class,all,micro,mean,-0.03393349966459106,-0.8405962155390031,0.704464856981795,19,90,19,90,,5000,5000,1.0,3021694564,20260901,17,sofa,u_pos,mixed
,per_class,all,micro,median,-0.00223731445638757,-0.8183599790558218,0.7538518013246353,19,90,19,90,,5000,5000,1.0,3021694564,20260901,17,sofa,u_pos,mixed
,per_class,all,micro,q25,-0.12348838621064236,-0.9328939655713819,0.5939150795806198,19,90,19,90,,5000,5000,1.0,3021694564,20260901,17,sofa,u_pos,mixed
,per_class,all,micro,q75,0.12960868838586306,-0.7238542733359195,0.9607894221708779,19,90,19,90,,5000,5000,1.0,3021694564,20260901,17,sofa,u_pos,mixed
,per_class,all,micro,mean,-0.5314554335549474,-0.9948959677664346,-0.0884356280861491,18,84,18,84,,5000,5000,1.0,3021694564,20260901,18,train,u_pos,mixed
,per_class,all,micro,median,-0.5257962831399507,-1.0686058393272104,-0.024329831501595237,18,84,18,84,,5000,5000,1.0,3021694564,20260901,18,train,u_pos,mixed
,per_class,all,micro,q25,-0.6860436307162874,-1.2811017878411803,-0.16061429876583425,18,84,18,84,,5000,5000,1.0,3021694564,20260901,18,train,u_pos,mixed
,per_class,all,micro,q75,-0.35920512712457114,-0.7482009219921675,0.03470478711283883,18,84,18,84,,5000,5000,1.0,3021694564,20260901,18,train,u_pos,mixed
,per_class,all,micro,mean,0.17368016231293767,-1.4634503265771839,1.6157751857627627,17,74,17,74,,5000,5000,1.0,3021694564,20260901,19,tvmonitor,u_pos,mixed
,per_class,all,micro,median,0.19359278328278484,-1.4775787778417855,1.6645760757227737,17,74,17,74,,5000,5000,1.0,3021694564,20260901,19,tvmonitor,u_pos,mixed
,per_class,all,micro,q25,-0.055596746066037345,-1.7388960679527372,1.420139373482929,17,74,17,74,,5000,5000,1.0,3021694564,20260901,19,tvmonitor,u_pos,mixed
,per_class,all,micro,q75,0.42651163129245534,-1.213586672462415,1.885355385348789,17,74,17,74,,5000,5000,1.0,3021694564,20260901,19,tvmonitor,u_pos,mixed
,all_rows,all,micro,mean,0.19022249240430414,0.10183817565348087,0.2753945662946258,520,1449,1158,2147,,5000,5000,1.0,3021694564,20260901,,,u_pos,other_fg
,all_rows,all,micro,median,0.3250427800484021,0.23564062531512994,0.41007528017831,520,1449,1158,2147,,5000,5000,1.0,3021694564,20260901,,,u_pos,other_fg
,all_rows,all,micro,q25,-0.49797748775858375,-0.5922762846578409,-0.40843610129792784,520,1449,1158,2147,,5000,5000,1.0,3021694564,20260901,,,u_pos,other_fg
,all_rows,all,micro,q75,1.0750054341945185,0.9791995643556588,1.1683813773930842,520,1449,1158,2147,,5000,5000,1.0,3021694564,20260901,,,u_pos,other_fg
,all_rows,all,macro_class,mean,-0.024923905757749967,-0.17896278366834828,0.1263531568007983,520,1449,1158,2147,20,5000,5000,1.0,3021694564,20260901,,,u_pos,other_fg
,all_rows,all,macro_class,median,0.09698406794890699,-0.06608926783297439,0.2555407174458156,520,1449,1158,2147,20,5000,5000,1.0,3021694564,20260901,,,u_pos,other_fg
,all_rows,all,macro_class,q25,-0.7518831240193444,-0.9151966591864761,-0.5899455108443651,520,1449,1158,2147,20,5000,5000,1.0,3021694564,20260901,,,u_pos,other_fg
,all_rows,all,macro_class,q75,0.8829141346959514,0.7173829190560592,1.0471070627281769,520,1449,1158,2147,20,5000,5000,1.0,3021694564,20260901,,,u_pos,other_fg
,all_rows,exactly_2_labels,micro,mean,0.19471790335473949,0.06780744708124696,0.3171456992894495,373,375,695,750,,5000,5000,1.0,3021694564,20260901,,,u_pos,other_fg
,all_rows,exactly_2_labels,micro,median,0.3556330178616394,0.2277347569860667,0.47851498653133523,373,375,695,750,,5000,5000,1.0,3021694564,20260901,,,u_pos,other_fg
,all_rows,exactly_2_labels,micro,q25,-0.484693096719034,-0.6126305792559179,-0.3612285281483304,373,375,695,750,,5000,5000,1.0,3021694564,20260901,,,u_pos,other_fg
,all_rows,exactly_2_labels,micro,q75,1.1072627460145184,0.9728185696160714,1.238398453648008,373,375,695,750,,5000,5000,1.0,3021694564,20260901,,,u_pos,other_fg
,all_rows,exactly_2_labels,macro_class,mean,-0.016525923721563314,-0.20925392921323785,0.17612973722093653,373,375,695,750,20,5000,5000,1.0,3021694564,20260901,,,u_pos,other_fg
,all_rows,exactly_2_labels,macro_class,median,0.12130215856909736,-0.07925601418790522,0.319985198063542,373,375,695,750,20,5000,5000,1.0,3021694564,20260901,,,u_pos,other_fg
,all_rows,exactly_2_labels,macro_class,q25,-0.7264854053428844,-0.930320427574269,-0.5156091788003315,373,375,695,750,20,5000,5000,1.0,3021694564,20260901,,,u_pos,other_fg
,all_rows,exactly_2_labels,macro_class,q75,0.8996336200574225,0.6925679071645551,1.1015397721184892,373,375,695,750,20,5000,5000,1.0,3021694564,20260901,,,u_pos,other_fg
,all_rows,3plus_labels,micro,mean,0.18347452132319753,0.06244185250337147,0.2932707125650246,147,147,463,470,,5000,5000,1.0,3021694564,20260901,,,u_pos,other_fg
,all_rows,3plus_labels,micro,median,0.27912438851449295,0.1612025883976022,0.38758753543789276,147,147,463,470,,5000,5000,1.0,3021694564,20260901,,,u_pos,other_fg
,all_rows,3plus_labels,micro,q25,-0.5179184203125515,-0.6541256232943996,-0.3942252996651512,147,147,463,470,,5000,5000,1.0,3021694564,20260901,,,u_pos,other_fg
,all_rows,3plus_labels,micro,q75,1.0265846313545621,0.9000716023365887,1.1493126794774122,147,147,463,470,,5000,5000,1.0,3021694564,20260901,,,u_pos,other_fg
,all_rows,3plus_labels,macro_class,mean,-0.14985159417253027,-0.33245014552005525,0.08378453764277428,147,147,463,470,20,5000,5000,1.0,3021694564,20260901,,,u_pos,other_fg
,all_rows,3plus_labels,macro_class,median,-0.05002660376162349,-0.2607476824101287,0.20386389316282805,147,147,463,470,20,5000,5000,1.0,3021694564,20260901,,,u_pos,other_fg
,all_rows,3plus_labels,macro_class,q25,-0.8712949737480395,-1.0760153271105077,-0.6233568306537492,147,147,463,470,20,5000,5000,1.0,3021694564,20260901,,,u_pos,other_fg
,all_rows,3plus_labels,macro_class,q75,0.6938969854922913,0.49597316513362316,0.9587392400680513,147,147,463,470,20,5000,5000,1.0,3021694564,20260901,,,u_pos,other_fg
,per_class,all,micro,mean,0.11479554475223953,-1.2618438540863017,1.1997007554856531,13,90,13,90,,5000,5000,1.0,3021694564,20260901,0,aeroplane,u_pos,other_fg
,per_class,all,micro,median,0.24557218414086562,-1.1972976297273166,1.4258665273135354,13,90,13,90,,5000,5000,1.0,3021694564,20260901,0,aeroplane,u_pos,other_fg
,per_class,all,micro,q25,-0.518456002840629,-1.8445199938091847,0.5597706405953926,13,90,13,90,,5000,5000,1.0,3021694564,20260901,0,aeroplane,u_pos,other_fg
,per_class,all,micro,q75,0.8676029002437224,-0.6389288349465156,2.1380082151728366,13,90,13,90,,5000,5000,1.0,3021694564,20260901,0,aeroplane,u_pos,other_fg
,per_class,all,micro,mean,0.8151259645790713,0.3700556542576879,1.2227943716319782,48,79,48,79,,5000,5000,1.0,3021694564,20260901,1,bicycle,u_pos,other_fg
,per_class,all,micro,median,0.8062195935829853,0.34712221679815125,1.2290381432018882,48,79,48,79,,5000,5000,1.0,3021694564,20260901,1,bicycle,u_pos,other_fg
,per_class,all,micro,q25,-0.030195013125194237,-0.43432606748042707,0.33608311117734757,48,79,48,79,,5000,5000,1.0,3021694564,20260901,1,bicycle,u_pos,other_fg
,per_class,all,micro,q75,1.6901463220516841,1.1509868592974988,2.1902463006156623,48,79,48,79,,5000,5000,1.0,3021694564,20260901,1,bicycle,u_pos,other_fg
,per_class,all,micro,mean,-0.38238763495608663,-0.8963661766978682,0.3668608194680877,9,103,9,103,,5000,5000,1.0,3021694564,20260901,2,bird,u_pos,other_fg
,per_class,all,micro,median,-0.3944211279352506,-0.9916904530798395,0.39470424224873857,9,103,9,103,,5000,5000,1.0,3021694564,20260901,2,bird,u_pos,other_fg
,per_class,all,micro,q25,-1.134509311781989,-1.8250643237094792,-0.14645803244953842,9,103,9,103,,5000,5000,1.0,3021694564,20260901,2,bird,u_pos,other_fg
,per_class,all,micro,q75,0.1914785643004709,-0.46541327601849014,0.9841846571007568,9,103,9,103,,5000,5000,1.0,3021694564,20260901,2,bird,u_pos,other_fg
,per_class,all,micro,mean,-0.6922093736073476,-1.7885132129529475,0.3229458883779955,17,72,17,72,,5000,5000,1.0,3021694564,20260901,3,boat,u_pos,other_fg
,per_class,all,micro,median,-0.5943558040787192,-1.704695947151631,0.40831845415329243,17,72,17,72,,5000,5000,1.0,3021694564,20260901,3,boat,u_pos,other_fg
,per_class,all,micro,q25,-1.5493084374157822,-2.637920424405655,-0.4869197680327928,17,72,17,72,,5000,5000,1.0,3021694564,20260901,3,boat,u_pos,other_fg
,per_class,all,micro,q75,0.38140749493066,-0.8736682269256563,1.4974053933152123,17,72,17,72,,5000,5000,1.0,3021694564,20260901,3,boat,u_pos,other_fg
,per_class,all,micro,mean,0.27684487566807037,0.003145479010737313,0.5431494048704965,60,96,60,96,,5000,5000,1.0,3021694564,20260901,4,bottle,u_pos,other_fg
,per_class,all,micro,median,0.41884681601077317,0.13411867179048176,0.7008798315543604,60,96,60,96,,5000,5000,1.0,3021694564,20260901,4,bottle,u_pos,other_fg
,per_class,all,micro,q25,-0.44219234760385007,-0.7116186960520577,-0.19167610390327686,60,96,60,96,,5000,5000,1.0,3021694564,20260901,4,bottle,u_pos,other_fg
,per_class,all,micro,q75,1.1775855631567538,0.8294094590620477,1.5252533909725856,60,96,60,96,,5000,5000,1.0,3021694564,20260901,4,bottle,u_pos,other_fg
,per_class,all,micro,mean,-0.7956115599624681,-1.1834781436730268,-0.3952274905318821,34,74,34,74,,5000,5000,1.0,3021694564,20260901,5,bus,u_pos,other_fg
,per_class,all,micro,median,-0.771468126680702,-1.1613528023135433,-0.3733004405480898,34,74,34,74,,5000,5000,1.0,3021694564,20260901,5,bus,u_pos,other_fg
,per_class,all,micro,q25,-1.2534679483951015,-1.6263998502571926,-0.8731071693941365,34,74,34,74,,5000,5000,1.0,3021694564,20260901,5,bus,u_pos,other_fg
,per_class,all,micro,q75,-0.22765555161544504,-0.6914128898375618,0.24213963931318905,34,74,34,74,,5000,5000,1.0,3021694564,20260901,5,bus,u_pos,other_fg
,per_class,all,micro,mean,0.06692408261185344,-0.21350912419166512,0.3298237639590984,79,127,79,127,,5000,5000,1.0,3021694564,20260901,6,car,u_pos,other_fg
,per_class,all,micro,median,0.21762950037004827,-0.06061421760316125,0.4922054107926451,79,127,79,127,,5000,5000,1.0,3021694564,20260901,6,car,u_pos,other_fg
,per_class,all,micro,q25,-0.5658506947183463,-0.8490439779534549,-0.29960175516725895,79,127,79,127,,5000,5000,1.0,3021694564,20260901,6,car,u_pos,other_fg
,per_class,all,micro,q75,0.8684248319013587,0.5509345897930233,1.181435772353628,79,127,79,127,,5000,5000,1.0,3021694564,20260901,6,car,u_pos,other_fg
,per_class,all,micro,mean,-0.5155041253356605,-1.0588925482089115,-0.04671407287339786,30,119,30,119,,5000,5000,1.0,3021694564,20260901,7,cat,u_pos,other_fg
,per_class,all,micro,median,-0.418626405329754,-0.9731480771543851,0.058048781008821285,30,119,30,119,,5000,5000,1.0,3021694564,20260901,7,cat,u_pos,other_fg
,per_class,all,micro,q25,-1.2937222332693636,-1.876923617148824,-0.7902418492113372,30,119,30,119,,5000,5000,1.0,3021694564,20260901,7,cat,u_pos,other_fg
,per_class,all,micro,q75,0.49543135793258747,-0.026500259277721244,0.9507717343558687,30,119,30,119,,5000,5000,1.0,3021694564,20260901,7,cat,u_pos,other_fg
,per_class,all,micro,mean,0.09857399901348379,-0.09740260429855123,0.30029877389318227,107,123,107,123,,5000,5000,1.0,3021694564,20260901,8,chair,u_pos,other_fg
,per_class,all,micro,median,0.2143413182348013,0.004274042051882169,0.43390839534386266,107,123,107,123,,5000,5000,1.0,3021694564,20260901,8,chair,u_pos,other_fg
,per_class,all,micro,q25,-0.5164675720266685,-0.7220413335500915,-0.30607810853043443,107,123,107,123,,5000,5000,1.0,3021694564,20260901,8,chair,u_pos,other_fg
,per_class,all,micro,q75,0.8995870775651953,0.673801303519798,1.140028913602861,107,123,107,123,,5000,5000,1.0,3021694564,20260901,8,chair,u_pos,other_fg
,per_class,all,micro,mean,-1.202526809580699,-2.23014572166209,-0.22495115847247574,14,71,14,71,,5000,5000,1.0,3021694564,20260901,9,cow,u_pos,other_fg
,per_class,all,micro,median,-0.90012867216553,-1.8480730489362032,0.041019099406324894,14,71,14,71,,5000,5000,1.0,3021694564,20260901,9,cow,u_pos,other_fg
,per_class,all,micro,q25,-1.99378384702972,-3.0945038168779795,-1.0191313354608915,14,71,14,71,,5000,5000,1.0,3021694564,20260901,9,cow,u_pos,other_fg
,per_class,all,micro,q75,-0.10112831315823964,-1.0496435291071733,0.8557976867770773,14,71,14,71,,5000,5000,1.0,3021694564,20260901,9,cow,u_pos,other_fg
,per_class,all,micro,mean,0.49994732946863646,0.29426912361134405,0.6947904591396732,70,75,70,75,,5000,5000,1.0,3021694564,20260901,10,diningtable,u_pos,other_fg
,per_class,all,micro,median,0.570656050555408,0.3499632268168517,0.7829505218768835,70,75,70,75,,5000,5000,1.0,3021694564,20260901,10,diningtable,u_pos,other_fg
,per_class,all,micro,q25,-0.12938502018472978,-0.3349434323285789,0.06252564065875306,70,75,70,75,,5000,5000,1.0,3021694564,20260901,10,diningtable,u_pos,other_fg
,per_class,all,micro,q75,1.2174533930740186,0.9501829709809144,1.4782851673773865,70,75,70,75,,5000,5000,1.0,3021694564,20260901,10,diningtable,u_pos,other_fg
,per_class,all,micro,mean,0.5937710109961774,0.15968840871474277,0.9540419909551477,43,128,43,128,,5000,5000,1.0,3021694564,20260901,11,dog,u_pos,other_fg
,per_class,all,micro,median,0.8148832053899072,0.3867490191539483,1.168606250506073,43,128,43,128,,5000,5000,1.0,3021694564,20260901,11,dog,u_pos,other_fg
,per_class,all,micro,q25,-0.050907976622151775,-0.5497152315145776,0.36310272429865814,43,128,43,128,,5000,5000,1.0,3021694564,20260901,11,dog,u_pos,other_fg
,per_class,all,micro,q75,1.6293369070301915,1.1934267229222089,2.0162024046882974,43,128,43,128,,5000,5000,1.0,3021694564,20260901,11,dog,u_pos,other_fg
,per_class,all,micro,mean,0.43455383508779294,0.03699009293485613,0.7996745724720707,34,79,34,79,,5000,5000,1.0,3021694564,20260901,12,horse,u_pos,other_fg
,per_class,all,micro,median,0.725317594321335,0.32903492671347434,1.0743549880434702,34,79,34,79,,5000,5000,1.0,3021694564,20260901,12,horse,u_pos,other_fg
,per_class,all,micro,q25,-0.3665830323118237,-0.7883194827199518,0.03290964329981376,34,79,34,79,,5000,5000,1.0,3021694564,20260901,12,horse,u_pos,other_fg
,per_class,all,micro,q75,1.6204812821576042,1.2322967333032613,1.9802940102149342,34,79,34,79,,5000,5000,1.0,3021694564,20260901,12,horse,u_pos,other_fg
,per_class,all,micro,mean,0.3180407203808314,-0.03446386667139902,0.6482832646281903,52,76,52,76,,5000,5000,1.0,3021694564,20260901,13,motorbike,u_pos,other_fg
,per_class,all,micro,median,0.5250591564780245,0.20078011249805636,0.8344714220663131,52,76,52,76,,5000,5000,1.0,3021694564,20260901,13,motorbike,u_pos,other_fg
,per_class,all,micro,q25,-0.4784700728218573,-0.9073834788058638,-0.1180671605741903,52,76,52,76,,5000,5000,1.0,3021694564,20260901,13,motorbike,u_pos,other_fg
,per_class,all,micro,q75,1.399413555000837,1.0407338248901068,1.7460531038110279,52,76,52,76,,5000,5000,1.0,3021694564,20260901,13,motorbike,u_pos,other_fg
,per_class,all,micro,mean,0.25210490024617116,0.114537794046999,0.3868460723694284,373,445,373,445,,5000,5000,1.0,3021694564,20260901,14,person,u_pos,other_fg
,per_class,all,micro,median,0.4263079116175865,0.2883630593288871,0.5629713060234853,373,445,373,445,,5000,5000,1.0,3021694564,20260901,14,person,u_pos,other_fg
,per_class,all,micro,q25,-0.4205737804819052,-0.5660287013281781,-0.2791117260058507,373,445,373,445,,5000,5000,1.0,3021694564,20260901,14,person,u_pos,other_fg
,per_class,all,micro,q75,1.161182417303958,1.0172295027685894,1.3034630137968595,373,445,373,445,,5000,5000,1.0,3021694564,20260901,14,person,u_pos,other_fg
,per_class,all,micro,mean,0.18352820145622947,-0.1574266455003637,0.5191456425089728,60,85,60,85,,5000,5000,1.0,3021694564,20260901,15,pottedplant,u_pos,other_fg
,per_class,all,micro,median,0.2554846681964894,-0.10913076303430634,0.6315446836440564,60,85,60,85,,5000,5000,1.0,3021694564,20260901,15,pottedplant,u_pos,other_fg
,per_class,all,micro,q25,-0.5128942254562087,-0.8750841386167457,-0.1648801305423083,60,85,60,85,,5000,5000,1.0,3021694564,20260901,15,pottedplant,u_pos,other_fg
,per_class,all,micro,q75,0.9886362843370686,0.604367104018102,1.372729758671198,60,85,60,85,,5000,5000,1.0,3021694564,20260901,15,pottedplant,u_pos,other_fg
,per_class,all,micro,mean,-0.5024710349394048,-2.2749508585994085,0.9544919367712468,5,57,5,57,,5000,4971,0.9942,3021694564,20260901,16,sheep,u_pos,other_fg
,per_class,all,micro,median,-0.3567556291818619,-2.2074356079101562,1.3732851445674896,5,57,5,57,,5000,4971,0.9942,3021694564,20260901,16,sheep,u_pos,other_fg
,per_class,all,micro,q25,-1.3093808427453042,-3.08915314078331,0.10007494581597191,5,57,5,57,,5000,4971,0.9942,3021694564,20260901,16,sheep,u_pos,other_fg
,per_class,all,micro,q75,0.49010762572288513,-1.2870392203330994,2.1358397400804927,5,57,5,57,,5000,4971,0.9942,3021694564,20260901,16,sheep,u_pos,other_fg
,per_class,all,micro,mean,0.5313535134994837,0.24581322801137862,0.8122899201531836,63,90,63,90,,5000,5000,1.0,3021694564,20260901,17,sofa,u_pos,other_fg
,per_class,all,micro,median,0.6218087151720528,0.3308835690856973,0.9195814575779239,63,90,63,90,,5000,5000,1.0,3021694564,20260901,17,sofa,u_pos,other_fg
,per_class,all,micro,q25,-0.1346399990161733,-0.41145488218099263,0.13778538516008032,63,90,63,90,,5000,5000,1.0,3021694564,20260901,17,sofa,u_pos,other_fg
,per_class,all,micro,q75,1.3855235924619058,1.0521275403157473,1.7209479011960644,63,90,63,90,,5000,5000,1.0,3021694564,20260901,17,sofa,u_pos,other_fg
,per_class,all,micro,mean,-0.5880223012940681,-1.6368381003877646,0.30961104294262626,10,84,10,84,,5000,5000,1.0,3021694564,20260901,18,train,u_pos,other_fg
,per_class,all,micro,median,-0.4770550236105919,-1.7529973091557622,0.5744913106840661,10,84,10,84,,5000,5000,1.0,3021694564,20260901,18,train,u_pos,other_fg
,per_class,all,micro,q25,-1.542593102157116,-2.9285315279682567,-0.43823272294054577,10,84,10,84,,5000,5000,1.0,3021694564,20260901,18,train,u_pos,other_fg
,per_class,all,micro,q75,0.6914037339389324,-0.2711128691181777,1.58567773591106,10,84,10,84,,5000,5000,1.0,3021694564,20260901,18,train,u_pos,other_fg
,per_class,all,micro,mean,-0.005309253239305626,-0.36557536573480226,0.3555624272815259,37,74,37,74,,5000,5000,1.0,3021694564,20260901,19,tvmonitor,u_pos,other_fg
,per_class,all,micro,median,0.01036543389027183,-0.3340256614105287,0.3562025992212373,37,74,37,74,,5000,5000,1.0,3021694564,20260901,19,tvmonitor,u_pos,other_fg
,per_class,all,micro,q25,-0.794281020382973,-1.1621346221296134,-0.4318425287370682,37,74,37,74,,5000,5000,1.0,3021694564,20260901,19,tvmonitor,u_pos,other_fg
,per_class,all,micro,q75,0.8318636555828758,0.4313923764069165,1.2300285947612999,37,74,37,74,,5000,5000,1.0,3021694564,20260901,19,tvmonitor,u_pos,other_fg
,all_rows,all,micro,mean,0.1141439723424226,0.03628687687822458,0.19075184749991508,1441,1449,2031,2147,,5000,5000,1.0,3021694564,20260901,,,u_pos,target
,all_rows,all,micro,median,0.3292371138435491,0.2500622038308427,0.4061854884923756,1441,1449,2031,2147,,5000,5000,1.0,3021694564,20260901,,,u_pos,target
,all_rows,all,micro,q25,-0.6370645569459613,-0.7171497006752665,-0.5542000832416045,1441,1449,2031,2147,,5000,5000,1.0,3021694564,20260901,,,u_pos,target
,all_rows,all,micro,q75,1.1810153697262173,1.0987032822531706,1.2585592763084488,1441,1449,2031,2147,,5000,5000,1.0,3021694564,20260901,,,u_pos,target
,all_rows,all,macro_class,mean,-0.155126552382104,-0.21681971335765352,-0.09432734656721127,1441,1449,2031,2147,20,5000,5000,1.0,3021694564,20260901,,,u_pos,target
,all_rows,all,macro_class,median,0.06300121833885497,0.0004777386199244758,0.12389528183983836,1441,1449,2031,2147,20,5000,5000,1.0,3021694564,20260901,,,u_pos,target
,all_rows,all,macro_class,q25,-0.8838043475660825,-0.9531600510994168,-0.815890246398189,1441,1449,2031,2147,20,5000,5000,1.0,3021694564,20260901,,,u_pos,target
,all_rows,all,macro_class,q75,0.8873144499419172,0.8246110377358599,0.9486796453679058,1441,1449,2031,2147,20,5000,5000,1.0,3021694564,20260901,,,u_pos,target
,all_rows,single_label,micro,mean,-0.299531452804765,-0.43173457007665844,-0.1675387340210471,921,927,921,927,,5000,5000,1.0,3021694564,20260901,,,u_pos,target
,all_rows,single_label,micro,median,-0.004544022432265522,-0.13938595144372148,0.1313451755982571,921,927,921,927,,5000,5000,1.0,3021694564,20260901,,,u_pos,target
,all_rows,single_label,micro,q25,-1.1384643440722082,-1.2788239778332433,-1.001860006912763,921,927,921,927,,5000,5000,1.0,3021694564,20260901,,,u_pos,target
,all_rows,single_label,micro,q75,0.9513733912717923,0.8102694413128751,1.0883726562445457,921,927,921,927,,5000,5000,1.0,3021694564,20260901,,,u_pos,target
,all_rows,single_label,macro_class,mean,-0.21974523671942991,-0.3132682074709,-0.12799231952348725,921,927,921,927,20,5000,5000,1.0,3021694564,20260901,,,u_pos,target
,all_rows,single_label,macro_class,median,0.06655814587297801,-0.026093860827307375,0.15768955741817317,921,927,921,927,20,5000,5000,1.0,3021694564,20260901,,,u_pos,target
,all_rows,single_label,macro_class,q25,-1.0049851253020807,-1.1061070242103395,-0.9068189885533392,921,927,921,927,20,5000,5000,1.0,3021694564,20260901,,,u_pos,target
,all_rows,single_label,macro_class,q75,0.9813468064147001,0.8873993899488982,1.072901871227237,921,927,921,927,20,5000,5000,1.0,3021694564,20260901,,,u_pos,target
,all_rows,exactly_2_labels,micro,mean,0.492812151591171,0.38236275533918196,0.6008254019151947,373,375,695,750,,5000,5000,1.0,3021694564,20260901,,,u_pos,target
,all_rows,exactly_2_labels,micro,median,0.6712583368081828,0.5621879738621045,0.779472600315253,373,375,695,750,,5000,5000,1.0,3021694564,20260901,,,u_pos,target
,all_rows,exactly_2_labels,micro,q25,-0.22324215724240157,-0.33724742294613314,-0.11385097736020203,373,375,695,750,,5000,5000,1.0,3021694564,20260901,,,u_pos,target
,all_rows,exactly_2_labels,micro,q75,1.4858077450857663,1.3724043606159284,1.6000862105597424,373,375,695,750,,5000,5000,1.0,3021694564,20260901,,,u_pos,target
,all_rows,exactly_2_labels,macro_class,mean,0.00016747652099550204,-0.138041620837058,0.1422818113428982,373,375,695,750,20,5000,5000,1.0,3021694564,20260901,,,u_pos,target
,all_rows,exactly_2_labels,macro_class,median,0.15376519069845046,0.019142161230733982,0.2899307435769129,373,375,695,750,20,5000,5000,1.0,3021694564,20260901,,,u_pos,target
,all_rows,exactly_2_labels,macro_class,q25,-0.7069823102907761,-0.8473881036167527,-0.5644382915256577,373,375,695,750,20,5000,5000,1.0,3021694564,20260901,,,u_pos,target
,all_rows,exactly_2_labels,macro_class,q75,0.9623965064886117,0.8038271586389095,1.1252690899139688,373,375,695,750,20,5000,5000,1.0,3021694564,20260901,,,u_pos,target
,all_rows,3plus_labels,micro,mean,0.39804923013201354,0.2685195213494323,0.519637676708435,147,147,415,470,,5000,5000,1.0,3021694564,20260901,,,u_pos,target
,all_rows,3plus_labels,micro,median,0.497207418782356,0.36479750839092656,0.6214521717627258,147,147,415,470,,5000,5000,1.0,3021694564,20260901,,,u_pos,target
,all_rows,3plus_labels,micro,q25,-0.21734736140548105,-0.35381478123432036,-0.08722543512956718,147,147,415,470,,5000,5000,1.0,3021694564,20260901,,,u_pos,target
,all_rows,3plus_labels,micro,q75,1.1802191318506488,1.0406966591831752,1.3119519359457188,147,147,415,470,,5000,5000,1.0,3021694564,20260901,,,u_pos,target
,all_rows,3plus_labels,macro_class,mean,0.060733817460156804,-0.2819042360084608,0.4158607862814385,147,147,415,470,19,5000,5000,1.0,3021694564,20260901,,,u_pos,target
,all_rows,3plus_labels,macro_class,median,0.13811823345758234,-0.22561902833910527,0.5246195185865135,147,147,415,470,19,5000,5000,1.0,3021694564,20260901,,,u_pos,target
,all_rows,3plus_labels,macro_class,q25,-0.5293282161085415,-0.9060285606054294,-0.15747579429337408,147,147,415,470,19,5000,5000,1.0,3021694564,20260901,,,u_pos,target
,all_rows,3plus_labels,macro_class,q75,0.7869235077953108,0.44342916688407935,1.1732304579783697,147,147,415,470,19,5000,5000,1.0,3021694564,20260901,,,u_pos,target
,per_class,all,micro,mean,-1.074704380170779,-1.408866074913942,-0.7731560777141024,87,90,87,90,,5000,5000,1.0,3021694564,20260901,0,aeroplane,u_pos,target
,per_class,all,micro,median,-0.7831841139256654,-1.0909197080177282,-0.5113800313964779,87,90,87,90,,5000,5000,1.0,3021694564,20260901,0,aeroplane,u_pos,target
,per_class,all,micro,q25,-1.6648591289607186,-2.051608548391801,-1.3232915989661085,87,90,87,90,,5000,5000,1.0,3021694564,20260901,0,aeroplane,u_pos,target
,per_class,all,micro,q75,-0.08419586445911434,-0.36625906042761885,0.16911039584620285,87,90,87,90,,5000,5000,1.0,3021694564,20260901,0,aeroplane,u_pos,target
,per_class,all,micro,mean,1.5747599435243016,1.304425311908109,1.8458390479375566,71,79,71,79,,5000,5000,1.0,3021694564,20260901,1,bicycle,u_pos,target
,per_class,all,micro,median,1.7158862079008363,1.4230227341146573,2.0058764744129842,71,79,71,79,,5000,5000,1.0,3021694564,20260901,1,bicycle,u_pos,target
,per_class,all,micro,q25,0.6455940742465393,0.3621524021148903,0.9376801016208463,71,79,71,79,,5000,5000,1.0,3021694564,20260901,1,bicycle,u_pos,target
,per_class,all,micro,q75,2.6583709532106425,2.3676787017348944,2.9382185360814943,71,79,71,79,,5000,5000,1.0,3021694564,20260901,1,bicycle,u_pos,target
,per_class,all,micro,mean,-2.0439128138483715,-2.4452557523885123,-1.6512752121529017,99,103,99,103,,5000,5000,1.0,3021694564,20260901,2,bird,u_pos,target
,per_class,all,micro,median,-1.8732111532784377,-2.2671291946465866,-1.4824730913910373,99,103,99,103,,5000,5000,1.0,3021694564,20260901,2,bird,u_pos,target
,per_class,all,micro,q25,-3.5259188487279145,-3.9660099740734176,-3.099610379626292,99,103,99,103,,5000,5000,1.0,3021694564,20260901,2,bird,u_pos,target
,per_class,all,micro,q75,-0.2808713067153638,-0.6691021392991908,0.1104997500699404,99,103,99,103,,5000,5000,1.0,3021694564,20260901,2,bird,u_pos,target
,per_class,all,micro,mean,-0.6044810585824755,-1.1058594139123097,-0.09170549263435782,69,72,69,72,,5000,5000,1.0,3021694564,20260901,3,boat,u_pos,target
,per_class,all,micro,median,-0.3755847563346227,-0.8904993816386855,0.14774932742210642,69,72,69,72,,5000,5000,1.0,3021694564,20260901,3,boat,u_pos,target
,per_class,all,micro,q25,-1.54258254888481,-2.1035580288520808,-0.9682835166906832,69,72,69,72,,5000,5000,1.0,3021694564,20260901,3,boat,u_pos,target
,per_class,all,micro,q75,0.5948621786521762,0.11313094798126258,1.087851431488916,69,72,69,72,,5000,5000,1.0,3021694564,20260901,3,boat,u_pos,target
,per_class,all,micro,mean,-0.6334389570943166,-0.9793822412095988,-0.291325581617272,87,96,87,96,,5000,5000,1.0,3021694564,20260901,4,bottle,u_pos,target
,per_class,all,micro,median,-0.45644189460181644,-0.8031551240729062,-0.12024802396927237,87,96,87,96,,5000,5000,1.0,3021694564,20260901,4,bottle,u_pos,target
,per_class,all,micro,q25,-1.4819298432230008,-1.853691940219999,-1.1200159355961343,87,96,87,96,,5000,5000,1.0,3021694564,20260901,4,bottle,u_pos,target
,per_class,all,micro,q75,0.4323332306618492,0.0797353165936641,0.7795913646981284,87,96,87,96,,5000,5000,1.0,3021694564,20260901,4,bottle,u_pos,target
,per_class,all,micro,mean,-0.6313249811315674,-0.8137426787887995,-0.4489310002642597,73,74,73,74,,5000,5000,1.0,3021694564,20260901,5,bus,u_pos,target
,per_class,all,micro,median,-0.35332946014935024,-0.5045280123300543,-0.2001436384415452,73,74,73,74,,5000,5000,1.0,3021694564,20260901,5,bus,u_pos,target
,per_class,all,micro,q25,-0.9923622933254667,-1.1893245355024733,-0.8068547582842184,73,74,73,74,,5000,5000,1.0,3021694564,20260901,5,bus,u_pos,target
,per_class,all,micro,q75,0.1725588613464848,0.0230526653748782,0.3330979542672787,73,74,73,74,,5000,5000,1.0,3021694564,20260901,5,bus,u_pos,target
,per_class,all,micro,mean,0.05745147132922018,-0.07267478577777313,0.19231023760812294,113,127,113,127,,5000,5000,1.0,3021694564,20260901,6,car,u_pos,target
,per_class,all,micro,median,0.3146447876834159,0.17472742583318768,0.46380288577967704,113,127,113,127,,5000,5000,1.0,3021694564,20260901,6,car,u_pos,target
,per_class,all,micro,q25,-0.4282232007028255,-0.5490879758964712,-0.2993606290068498,113,127,113,127,,5000,5000,1.0,3021694564,20260901,6,car,u_pos,target
,per_class,all,micro,q75,0.9539520126423362,0.7694814974459243,1.149733051027751,113,127,113,127,,5000,5000,1.0,3021694564,20260901,6,car,u_pos,target
,per_class,all,micro,mean,2.092852540660425,1.8620890436785325,2.318391104404151,119,119,119,119,,5000,5000,1.0,3021694564,20260901,7,cat,u_pos,target
,per_class,all,micro,median,2.5922457600842,2.3311704290201183,2.8431504117465822,119,119,119,119,,5000,5000,1.0,3021694564,20260901,7,cat,u_pos,target
,per_class,all,micro,q25,1.0841945647359865,0.8444745664151695,1.3280099714261444,119,119,119,119,,5000,5000,1.0,3021694564,20260901,7,cat,u_pos,target
,per_class,all,micro,q75,3.7346128940957937,3.466630924868734,3.987443606946773,119,119,119,119,,5000,5000,1.0,3021694564,20260901,7,cat,u_pos,target
,per_class,all,micro,mean,-0.480199436989253,-0.6572589173481828,-0.30455084784368436,112,123,112,123,,5000,5000,1.0,3021694564,20260901,8,chair,u_pos,target
,per_class,all,micro,median,-0.44066327351902146,-0.5990630446082621,-0.283144635977977,112,123,112,123,,5000,5000,1.0,3021694564,20260901,8,chair,u_pos,target
,per_class,all,micro,q25,-1.050831179275909,-1.2587964373421743,-0.8650945030845274,112,123,112,123,,5000,5000,1.0,3021694564,20260901,8,chair,u_pos,target
,per_class,all,micro,q75,0.18973627863618145,0.001435337099557622,0.37916170105022473,112,123,112,123,,5000,5000,1.0,3021694564,20260901,8,chair,u_pos,target
,per_class,all,micro,mean,-3.0071703488195034,-3.2393852979456144,-2.780227312956177,71,71,71,71,,5000,5000,1.0,3021694564,20260901,9,cow,u_pos,target
,per_class,all,micro,median,-2.861801849284642,-3.087481615975709,-2.643202033890805,71,71,71,71,,5000,5000,1.0,3021694564,20260901,9,cow,u_pos,target
,per_class,all,micro,q25,-3.7024109729788672,-3.963560008840032,-3.453068318551171,71,71,71,71,,5000,5000,1.0,3021694564,20260901,9,cow,u_pos,target
,per_class,all,micro,q75,-2.107114500825254,-2.3217392591851382,-1.8928143723448083,71,71,71,71,,5000,5000,1.0,3021694564,20260901,9,cow,u_pos,target
,per_class,all,micro,mean,-0.08276650827301114,-0.2721533706225337,0.08811219607162443,73,75,73,75,,5000,5000,1.0,3021694564,20260901,10,diningtable,u_pos,target
,per_class,all,micro,median,0.08734353313586125,-0.09283965547467317,0.25503482575733283,73,75,73,75,,5000,5000,1.0,3021694564,20260901,10,diningtable,u_pos,target
,per_class,all,micro,q25,-0.6307557338995425,-0.858839590481846,-0.42740906036459825,73,75,73,75,,5000,5000,1.0,3021694564,20260901,10,diningtable,u_pos,target
,per_class,all,micro,q75,0.7222811330479812,0.527348028538806,0.9130490659048527,73,75,73,75,,5000,5000,1.0,3021694564,20260901,10,diningtable,u_pos,target
,per_class,all,micro,mean,0.773076758470607,0.5613151748053881,0.9756697986142823,128,128,128,128,,5000,5000,1.0,3021694564,20260901,11,dog,u_pos,target
,per_class,all,micro,median,1.0047982273790694,0.7904247002617921,1.2028575042350893,128,128,128,128,,5000,5000,1.0,3021694564,20260901,11,dog,u_pos,target
,per_class,all,micro,q25,0.07484864998968987,-0.17020413493062278,0.305352581121042,128,128,128,128,,5000,5000,1.0,3021694564,20260901,11,dog,u_pos,target
,per_class,all,micro,q75,1.8266418962157331,1.6327740415912557,2.0170821351359334,128,128,128,128,,5000,5000,1.0,3021694564,20260901,11,dog,u_pos,target
,per_class,all,micro,mean,-0.10745324571828953,-0.35269176843887917,0.12723572376888606,77,79,77,79,,5000,5000,1.0,3021694564,20260901,12,horse,u_pos,target
,per_class,all,micro,median,0.06419013813138008,-0.1761947293672057,0.2955333216474143,77,79,77,79,,5000,5000,1.0,3021694564,20260901,12,horse,u_pos,target
,per_class,all,micro,q25,-0.699028514295381,-0.9759409251373607,-0.4502945062890007,77,79,77,79,,5000,5000,1.0,3021694564,20260901,12,horse,u_pos,target
,per_class,all,micro,q75,0.7321955017902732,0.5090911547654812,0.9547562027334948,77,79,77,79,,5000,5000,1.0,3021694564,20260901,12,horse,u_pos,target
,per_class,all,micro,mean,-0.6317671459875933,-0.9143140947966928,-0.3500791657429706,75,76,75,76,,5000,5000,1.0,3021694564,20260901,13,motorbike,u_pos,target
,per_class,all,micro,median,-0.32508260128398736,-0.608622884727802,-0.04481783543486876,75,76,75,76,,5000,5000,1.0,3021694564,20260901,13,motorbike,u_pos,target
,per_class,all,micro,q25,-1.4777442259217302,-1.7880341165345162,-1.1682484099850678,75,76,75,76,,5000,5000,1.0,3021694564,20260901,13,motorbike,u_pos,target
,per_class,all,micro,q75,0.6106813406990841,0.330493703500103,0.8833497034095147,75,76,75,76,,5000,5000,1.0,3021694564,20260901,13,motorbike,u_pos,target
,per_class,all,micro,mean,1.1625536245722408,1.0645029742687997,1.2623793850138405,413,445,413,445,,5000,5000,1.0,3021694564,20260901,14,person,u_pos,target
,per_class,all,micro,median,1.3412106899695684,1.241907130134968,1.4427217201841367,413,445,413,445,,5000,5000,1.0,3021694564,20260901,14,person,u_pos,target
,per_class,all,micro,q25,0.3234729632201377,0.2273786108676339,0.4208669802133137,413,445,413,445,,5000,5000,1.0,3021694564,20260901,14,person,u_pos,target
,per_class,all,micro,q75,2.290511859983395,2.1728687812902225,2.411381780810743,413,445,413,445,,5000,5000,1.0,3021694564,20260901,14,person,u_pos,target
,per_class,all,micro,mean,1.1418209047490675,0.8364414031290595,1.4538391765325187,68,85,68,85,,5000,5000,1.0,3021694564,20260901,15,pottedplant,u_pos,target
,per_class,all,micro,median,1.284434369929573,0.9733771316621085,1.6102176460520534,68,85,68,85,,5000,5000,1.0,3021694564,20260901,15,pottedplant,u_pos,target
,per_class,all,micro,q25,0.420071025913143,0.12542940154427754,0.7146127380928382,68,85,68,85,,5000,5000,1.0,3021694564,20260901,15,pottedplant,u_pos,target
,per_class,all,micro,q75,2.125856259728179,1.7499637959897518,2.5252831921444607,68,85,68,85,,5000,5000,1.0,3021694564,20260901,15,pottedplant,u_pos,target
,per_class,all,micro,mean,-1.9607045771239777,-2.296408257525252,-1.6641625910235616,57,57,57,57,,5000,5000,1.0,3021694564,20260901,16,sheep,u_pos,target
,per_class,all,micro,median,-1.7819328363004483,-2.1586336743642103,-1.466154536091837,57,57,57,57,,5000,5000,1.0,3021694564,20260901,16,sheep,u_pos,target
,per_class,all,micro,q25,-2.616462797187922,-3.020076207901564,-2.258587625818817,57,57,57,57,,5000,5000,1.0,3021694564,20260901,16,sheep,u_pos,target
,per_class,all,micro,q75,-1.1051115938380622,-1.421452246035302,-0.8370976260095312,57,57,57,57,,5000,5000,1.0,3021694564,20260901,16,sheep,u_pos,target
,per_class,all,micro,mean,0.5933768340397584,0.36127285579972174,0.8264205253885092,88,90,88,90,,5000,5000,1.0,3021694564,20260901,17,sofa,u_pos,target
,per_class,all,micro,median,0.743699183348905,0.4988264362711188,0.9883951960307498,88,90,88,90,,5000,5000,1.0,3021694564,20260901,17,sofa,u_pos,target
,per_class,all,micro,q25,0.10058728088122072,-0.1364003054807382,0.3342402070208293,88,90,88,90,,5000,5000,1.0,3021694564,20260901,17,sofa,u_pos,target
,per_class,all,micro,q75,1.3325872399674898,1.076127996431264,1.5847694480994263,88,90,88,90,,5000,5000,1.0,3021694564,20260901,17,sofa,u_pos,target
,per_class,all,micro,mean,-0.9327796813358764,-1.102199043369308,-0.7613217940150029,84,84,84,84,,5000,5000,1.0,3021694564,20260901,18,train,u_pos,target
,per_class,all,micro,median,-0.6841116967899281,-0.8356983844271219,-0.528058268720772,84,84,84,84,,5000,5000,1.0,3021694564,20260901,18,train,u_pos,target
,per_class,all,micro,q25,-1.4428599350420492,-1.6351727632450916,-1.2559703192030567,84,84,84,84,,5000,5000,1.0,3021694564,20260901,18,train,u_pos,target
,per_class,all,micro,q75,-0.06050396871121068,-0.1958816580535356,0.08217820572629368,84,84,84,84,,5000,5000,1.0,3021694564,20260901,18,train,u_pos,target
,per_class,all,micro,mean,1.6922800100873137,1.3767019484546885,2.010566191211815,67,74,67,74,,5000,5000,1.0,3021694564,20260901,19,tvmonitor,u_pos,target
,per_class,all,micro,median,2.04691510468221,1.6729643399486445,2.421228008586295,67,74,67,74,,5000,5000,1.0,3021694564,20260901,19,tvmonitor,u_pos,target
,per_class,all,micro,q25,0.9311137121177709,0.5845391218403221,1.2861820691901737,67,74,67,74,,5000,5000,1.0,3021694564,20260901,19,tvmonitor,u_pos,target
,per_class,all,micro,q75,3.0069045927097546,2.636765300045959,3.3765181200173884,67,74,67,74,,5000,5000,1.0,3021694564,20260901,19,tvmonitor,u_pos,target
,all_rows,all,micro,mean,0.7072795103699883,0.6301463142798157,0.785017811610823,1424,1449,2004,2147,,5000,5000,1.0,3021694564,20260901,,,u_pos,target_minus_background
,all_rows,all,macro_class,mean,0.538001031874699,0.4709098551744327,0.6042716597236742,1424,1449,2004,2147,20,5000,5000,1.0,3021694564,20260901,,,u_pos,target_minus_background
,all_rows,single_label,micro,mean,0.841730517868311,0.7097259095435039,0.9738933836315165,912,927,912,927,,5000,5000,1.0,3021694564,20260901,,,u_pos,target_minus_background
,all_rows,single_label,macro_class,mean,0.7740901781969776,0.663404818403119,0.881291537635162,912,927,912,927,20,5000,5000,1.0,3021694564,20260901,,,u_pos,target_minus_background
,all_rows,exactly_2_labels,micro,mean,0.6794717613447845,0.5637895175339801,0.7915056448217709,367,375,683,750,,5000,5000,1.0,3021694564,20260901,,,u_pos,target_minus_background
,all_rows,exactly_2_labels,macro_class,mean,0.34502779134332784,0.21424732323051648,0.47771420982729956,367,375,683,750,20,5000,5000,1.0,3021694564,20260901,,,u_pos,target_minus_background
,all_rows,3plus_labels,micro,mean,0.4539136760075036,0.3298872687378709,0.5751360316239248,145,147,409,470,,5000,5000,1.0,3021694564,20260901,,,u_pos,target_minus_background
,all_rows,3plus_labels,macro_class,mean,0.20826151499785683,-0.10477933325373891,0.5396005214584026,145,147,409,470,19,5000,5000,1.0,3021694564,20260901,,,u_pos,target_minus_background
,per_class,all,micro,mean,0.3546672095467694,0.025336765727340147,0.6639975372553191,87,90,87,90,,5000,5000,1.0,3021694564,20260901,0,aeroplane,u_pos,target_minus_background
,per_class,all,micro,mean,1.559711379732981,1.2937927506399332,1.831249191552738,71,79,71,79,,5000,5000,1.0,3021694564,20260901,1,bicycle,u_pos,target_minus_background
,per_class,all,micro,mean,-0.09136877596670957,-0.484504953281271,0.29209430721241725,99,103,99,103,,5000,5000,1.0,3021694564,20260901,2,bird,u_pos,target_minus_background
,per_class,all,micro,mean,0.3329124778921572,-0.12104468257674156,0.772315997416983,69,72,69,72,,5000,5000,1.0,3021694564,20260901,3,boat,u_pos,target_minus_background
,per_class,all,micro,mean,0.6196663742831923,0.2174654217663914,1.024917834040003,84,96,84,96,,5000,5000,1.0,3021694564,20260901,4,bottle,u_pos,target_minus_background
,per_class,all,micro,mean,-0.4671973564484161,-0.6538178152480806,-0.28502469118070317,73,74,73,74,,5000,5000,1.0,3021694564,20260901,5,bus,u_pos,target_minus_background
,per_class,all,micro,mean,0.19699748876553974,-0.005388600100602066,0.4087652852226348,113,127,113,127,,5000,5000,1.0,3021694564,20260901,6,car,u_pos,target_minus_background
,per_class,all,micro,mean,3.5964855414838266,3.2154624152057325,3.9742597375262148,113,119,113,119,,5000,5000,1.0,3021694564,20260901,7,cat,u_pos,target_minus_background
,per_class,all,micro,mean,0.07247445721950109,-0.09749870845799749,0.24216130322107202,111,123,111,123,,5000,5000,1.0,3021694564,20260901,8,chair,u_pos,target_minus_background
,per_class,all,micro,mean,-1.2127533542833433,-1.51459775008757,-0.9053614167770735,71,71,71,71,,5000,5000,1.0,3021694564,20260901,9,cow,u_pos,target_minus_background
,per_class,all,micro,mean,0.1865280400096813,-0.021552740729444343,0.37349603112787305,71,75,71,75,,5000,5000,1.0,3021694564,20260901,10,diningtable,u_pos,target_minus_background
,per_class,all,micro,mean,0.7078850064103095,0.46107194959796266,0.9575875543567305,124,128,124,128,,5000,5000,1.0,3021694564,20260901,11,dog,u_pos,target_minus_background
,per_class,all,micro,mean,0.7733124341865635,0.5358111141946821,1.0155433134277991,77,79,77,79,,5000,5000,1.0,3021694564,20260901,12,horse,u_pos,target_minus_background
,per_class,all,micro,mean,-0.7146677579406137,-1.000437989549522,-0.43659381502502387,75,76,75,76,,5000,5000,1.0,3021694564,20260901,13,motorbike,u_pos,target_minus_background
,per_class,all,micro,mean,1.2873429146343236,1.1575217783459664,1.4211242683214345,409,445,409,445,,5000,5000,1.0,3021694564,20260901,14,person,u_pos,target_minus_background
,per_class,all,micro,mean,1.579781447806735,1.192166251220371,1.9941046899660293,68,85,68,85,,5000,5000,1.0,3021694564,20260901,15,pottedplant,u_pos,target_minus_background
,per_class,all,micro,mean,-0.8308238166694953,-1.1676318057888344,-0.5411592720215773,57,57,57,57,,5000,5000,1.0,3021694564,20260901,16,sheep,u_pos,target_minus_background
,per_class,all,micro,mean,0.736234148441373,0.4972298863317178,0.9747011349096661,83,90,83,90,,5000,5000,1.0,3021694564,20260901,17,sofa,u_pos,target_minus_background
,per_class,all,micro,mean,0.10857447639078768,-0.06079514770998397,0.27974335952132584,83,84,83,84,,5000,5000,1.0,3021694564,20260901,18,train,u_pos,target_minus_background
,per_class,all,micro,mean,1.96425830199882,1.635894558125108,2.305514314315988,66,74,66,74,,5000,5000,1.0,3021694564,20260901,19,tvmonitor,u_pos,target_minus_background
,all_rows,all,micro,mean,0.23105474015016347,0.1786613031577973,0.28831309867619986,462,1449,1052,2147,,5000,5000,1.0,3021694564,20260901,,,u_pos,target_minus_other_fg
,all_rows,all,macro_class,mean,-0.08660513052128152,-0.28734971677330645,0.11358340347610484,462,1449,1052,2147,20,5000,5000,1.0,3021694564,20260901,,,u_pos,target_minus_other_fg
,all_rows,exactly_2_labels,micro,mean,0.2682743474163164,0.19839087242025039,0.34842355304149253,322,375,644,750,,5000,5000,1.0,3021694564,20260901,,,u_pos,target_minus_other_fg
,all_rows,exactly_2_labels,macro_class,mean,-0.06057724404404245,-0.28350669385393945,0.17075046715749567,322,375,644,750,20,5000,5000,1.0,3021694564,20260901,,,u_pos,target_minus_other_fg
,all_rows,3plus_labels,micro,mean,0.17230614436731423,0.09267084729029894,0.25578063002942747,140,147,408,470,,5000,5000,1.0,3021694564,20260901,,,u_pos,target_minus_other_fg
,all_rows,3plus_labels,macro_class,mean,0.14060410235675677,-0.1897726633344326,0.44323204160944835,140,147,408,470,19,5000,5000,1.0,3021694564,20260901,,,u_pos,target_minus_other_fg
,per_class,all,micro,mean,-0.11991635438655107,-1.3671296527663837,1.3528156641956997,12,90,12,90,,5000,5000,1.0,3021694564,20260901,0,aeroplane,u_pos,target_minus_other_fg
,per_class,all,micro,mean,0.8231040714286413,0.324363182509104,1.3283062754558401,41,79,41,79,,5000,5000,1.0,3021694564,20260901,1,bicycle,u_pos,target_minus_other_fg
,per_class,all,micro,mean,-1.1214687953028377,-2.5550230155425515,0.43296681924204605,5,103,5,103,,5000,4969,0.9938,3021694564,20260901,2,bird,u_pos,target_minus_other_fg
,per_class,all,micro,mean,-0.4244949463689769,-1.2492884475348065,0.4236356486515328,15,72,15,72,,5000,5000,1.0,3021694564,20260901,3,boat,u_pos,target_minus_other_fg
,per_class,all,micro,mean,-0.7985434502447718,-1.2824978894152148,-0.3117548477213583,51,96,51,96,,5000,5000,1.0,3021694564,20260901,4,bottle,u_pos,target_minus_other_fg
,per_class,all,micro,mean,0.09372471673667526,-0.32615183866431796,0.48753818659936377,33,74,33,74,,5000,5000,1.0,3021694564,20260901,5,bus,u_pos,target_minus_other_fg
,per_class,all,micro,mean,-0.19586594585293465,-0.490482818370123,0.11643362628541899,66,127,66,127,,5000,5000,1.0,3021694564,20260901,6,car,u_pos,target_minus_other_fg
,per_class,all,micro,mean,2.120642365869815,1.2629147693101468,2.9844684269487978,30,119,30,119,,5000,5000,1.0,3021694564,20260901,7,cat,u_pos,target_minus_other_fg
,per_class,all,micro,mean,-0.5288423517211224,-0.8534526732811986,-0.21757631868348074,96,123,96,123,,5000,5000,1.0,3021694564,20260901,8,chair,u_pos,target_minus_other_fg
,per_class,all,micro,mean,-1.1980275730005325,-2.357362899776689,0.08047525623164621,14,71,14,71,,5000,5000,1.0,3021694564,20260901,9,cow,u_pos,target_minus_other_fg
,per_class,all,micro,mean,-0.6365915264831475,-0.9014798585473611,-0.38806117524614003,68,75,68,75,,5000,5000,1.0,3021694564,20260901,10,diningtable,u_pos,target_minus_other_fg
,per_class,all,micro,mean,0.18052339290432584,-0.2722137164678159,0.674058650656663,43,128,43,128,,5000,5000,1.0,3021694564,20260901,11,dog,u_pos,target_minus_other_fg
,per_class,all,micro,mean,-0.09617450336350579,-0.4487764762905822,0.25457103461774,33,79,33,79,,5000,5000,1.0,3021694564,20260901,12,horse,u_pos,target_minus_other_fg
,per_class,all,micro,mean,-0.5952616333485254,-0.9377549437108232,-0.25917077829853746,51,76,51,76,,5000,5000,1.0,3021694564,20260901,13,motorbike,u_pos,target_minus_other_fg
,per_class,all,micro,mean,0.826143913980839,0.6537584885885726,0.997211395482946,343,445,343,445,,5000,5000,1.0,3021694564,20260901,14,person,u_pos,target_minus_other_fg
,per_class,all,micro,mean,0.6921326047338461,0.1762580027378143,1.2243699844299685,44,85,44,85,,5000,5000,1.0,3021694564,20260901,15,pottedplant,u_pos,target_minus_other_fg
,per_class,all,micro,mean,-1.5839556560169294,-4.019254917771042,0.6875398885615337,5,57,5,57,,5000,4971,0.9942,3021694564,20260901,16,sheep,u_pos,target_minus_other_fg
,per_class,all,micro,mean,-0.03380222174168607,-0.44977509914750624,0.35087948945365005,61,90,61,90,,5000,5000,1.0,3021694564,20260901,17,sofa,u_pos,target_minus_other_fg
,per_class,all,micro,mean,-0.7445068794160727,-1.9532217558940745,0.7039072701072646,10,84,10,84,,5000,5000,1.0,3021694564,20260901,18,train,u_pos,target_minus_other_fg
,per_class,all,micro,mean,1.6090781611678213,0.7904354273965599,2.4532020797987775,31,74,31,74,,5000,5000,1.0,3021694564,20260901,19,tvmonitor,u_pos,target_minus_other_fg
